date,open,high,low,closed,return
2010-01-05,1.722,1.732,1.718,1.731,0.006395348837209269
2010-01-06,1.734,1.739,1.728,1.739,0.0046216060080879195
2010-01-07,1.74,1.749,1.738,1.745,0.0034502587694076325
2010-01-08,1.749,1.752,1.728,1.73,-0.008595988538682042
2010-01-11,1.722,1.74,1.717,1.736,0.003468208092485492
2010-01-12,1.748,1.749,1.74,1.748,0.00691244239631339
2010-01-13,1.745,1.76,1.736,1.76,0.006864988558352492
2010-01-14,1.761,1.772,1.761,1.765,0.0028409090909089496
2010-01-15,1.772,1.774,1.762,1.772,0.003966005665722472
2010-01-18,1.773,1.778,1.76,1.769,-0.0016930022573363734
2010-01-19,1.778,1.781,1.769,1.772,0.0016958733747880483
2010-01-20,1.785,1.795,1.783,1.793,0.011851015801354281
2010-01-21,1.794,1.806,1.783,1.801,0.004461795872838792
2010-01-22,1.8,1.832,1.798,1.815,0.007773459189339249
2010-01-25,1.808,1.825,1.804,1.82,0.0027548209366392573
2010-01-26,1.841,1.85,1.826,1.836,0.00879120879120876
2010-01-27,1.841,1.868,1.837,1.859,0.012527233115468439
2010-01-28,1.854,1.879,1.846,1.867,0.004303388918773576
2010-01-29,1.866,1.889,1.858,1.885,0.009641135511515797
2010-02-01,1.887,1.893,1.86,1.861,-0.012732095490716189
2010-02-02,1.849,1.85,1.83,1.83,-0.016657710908113854
2010-02-03,1.822,1.853,1.819,1.844,0.007650273224043769
2010-02-04,1.864,1.893,1.861,1.884,0.021691973969631073
2010-02-05,1.885,1.891,1.864,1.891,0.0037154989384289294
2010-02-08,1.875,1.889,1.865,1.874,-0.008989952406134316
2010-02-09,1.866,1.869,1.842,1.847,-0.014407684098185825
2010-02-10,1.84,1.86,1.838,1.849,0.0010828370330264736
2010-02-11,1.85,1.862,1.844,1.85,0.0005408328826392861
2010-02-12,1.866,1.872,1.859,1.859,0.004864864864864815
2010-02-17,1.845,1.845,1.828,1.828,-0.01667563206024736
2010-02-18,1.836,1.838,1.821,1.823,-0.002735229759299851
2010-02-19,1.824,1.825,1.804,1.805,-0.009873834339001686
2010-02-22,1.803,1.813,1.794,1.811,0.003324099722991747
2010-02-23,1.816,1.829,1.816,1.827,0.008834897846493606
2010-02-24,1.825,1.827,1.818,1.826,-0.0005473453749315071
2010-02-25,1.834,1.84,1.829,1.831,0.0027382256297918683
2010-02-26,1.821,1.823,1.8,1.807,-0.013107591480065572
2010-03-01,1.814,1.814,1.796,1.798,-0.004980630879911407
2010-03-02,1.79,1.791,1.781,1.782,-0.008898776418242549
2010-03-03,1.791,1.793,1.777,1.79,0.004489337822671136
2010-03-04,1.791,1.796,1.784,1.792,0.0011173184357542443
2010-03-05,1.785,1.792,1.778,1.787,-0.002790178571428603
2010-03-08,1.776,1.792,1.772,1.788,0.0005595970900951208
2010-03-09,1.797,1.801,1.779,1.782,-0.003355704697986628
2010-03-10,1.776,1.782,1.768,1.773,-0.005050505050505083
2010-03-11,1.768,1.776,1.767,1.77,-0.0016920473773265332
2010-03-12,1.759,1.77,1.759,1.765,-0.0028248587570621764
2010-03-15,1.765,1.769,1.762,1.765,0.0
2010-03-16,1.764,1.77,1.763,1.768,0.0016997167138810276
2010-03-17,1.766,1.767,1.761,1.765,-0.0016968325791856254
2010-03-18,1.778,1.791,1.775,1.789,0.013597733711048221
2010-03-19,1.797,1.802,1.79,1.799,0.005589714924538747
2010-03-22,1.803,1.814,1.798,1.8,0.0005558643690939391
2010-03-23,1.782,1.796,1.779,1.779,-0.011666666666666714
2010-03-24,1.784,1.802,1.782,1.802,0.012928611579539062
2010-03-25,1.794,1.814,1.792,1.812,0.005549389567147678
2010-03-26,1.811,1.83,1.811,1.83,0.009933774834437026
2010-03-29,1.815,1.815,1.799,1.799,-0.0169398907103826
2010-03-30,1.792,1.8,1.791,1.795,-0.0022234574763757564
2010-03-31,1.787,1.788,1.78,1.781,-0.007799442896935904
2010-04-01,1.779,1.782,1.766,1.769,-0.006737787759685587
2010-04-05,1.76,1.764,1.754,1.763,-0.0033917467495759857
2010-04-06,1.768,1.771,1.754,1.755,-0.004537719795802642
2010-04-07,1.758,1.778,1.753,1.778,0.013105413105413133
2010-04-08,1.787,1.791,1.773,1.777,-0.0005624296962880582
2010-04-09,1.776,1.777,1.769,1.773,-0.0022509848058525073
2010-04-12,1.766,1.771,1.758,1.759,-0.007896221094190636
2010-04-13,1.756,1.769,1.755,1.758,-0.0005685048322909836
2010-04-14,1.744,1.751,1.742,1.749,-0.005119453924914641
2010-04-15,1.755,1.755,1.734,1.752,0.0017152658662091813
2010-04-16,1.749,1.766,1.747,1.762,0.005707762557077611
2010-04-19,1.77,1.77,1.755,1.755,-0.0039727582292850006
2010-04-20,1.749,1.755,1.748,1.753,-0.0011396011396010985
2010-04-22,1.758,1.771,1.758,1.765,0.0068454078722191
2010-04-23,1.763,1.768,1.762,1.762,-0.0016997167138809166
2010-04-26,1.748,1.748,1.744,1.745,-0.00964812712826324
2010-04-27,1.752,1.77,1.752,1.765,0.011461318051575908
2010-04-28,1.762,1.769,1.753,1.753,-0.0067988668555241105
2010-04-29,1.739,1.739,1.727,1.732,-0.011979463776383259
2010-04-30,1.724,1.739,1.724,1.738,0.0034642032332563577
2010-05-03,1.734,1.737,1.728,1.732,-0.0034522439585730202
2010-05-04,1.742,1.765,1.74,1.761,0.016743648960738877
2010-05-05,1.77,1.798,1.77,1.798,0.021010789324247714
2010-05-06,1.8,1.893,1.8,1.851,0.02947719688542816
2010-05-07,1.854,1.872,1.824,1.851,0.0
2010-05-10,1.783,1.794,1.775,1.777,-0.03997839005942738
2010-05-11,1.788,1.79,1.775,1.783,0.003376477208778761
2010-05-12,1.78,1.783,1.77,1.773,-0.005608524957936067
2010-05-13,1.771,1.777,1.769,1.777,0.002256063169768785
2010-05-14,1.785,1.818,1.782,1.804,0.015194147439504757
2010-05-17,1.808,1.828,1.796,1.812,0.0044345898004434225
2010-05-18,1.792,1.822,1.786,1.822,0.0055187637969094094
2010-05-19,1.839,1.858,1.825,1.838,0.008781558726673966
2010-05-20,1.866,1.896,1.854,1.861,0.012513601741022784
2010-05-21,1.881,1.901,1.846,1.861,0.0
2010-05-24,1.865,1.869,1.842,1.864,0.001612036539494932
2010-05-25,1.902,1.903,1.868,1.868,0.0021459227467810482
2010-05-26,1.835,1.869,1.833,1.869,0.0005353319057814776
2010-05-27,1.845,1.845,1.814,1.826,-0.02300695559122523
2010-05-28,1.816,1.83,1.81,1.81,-0.008762322015334112
2010-05-31,1.81,1.823,1.8,1.821,0.006077348066298338
2010-06-01,1.832,1.837,1.817,1.836,0.008237232289950658
2010-06-02,1.842,1.848,1.827,1.827,-0.004901960784313819
2010-06-04,1.834,1.861,1.831,1.859,0.01751505199781067
2010-06-07,1.862,1.878,1.854,1.878,0.010220548682086994
2010-06-08,1.865,1.88,1.86,1.86,-0.009584664536741117
2010-06-09,1.848,1.849,1.837,1.848,-0.006451612903225823
2010-06-10,1.833,1.835,1.808,1.81,-0.02056277056277056
2010-06-11,1.801,1.816,1.801,1.816,0.0033149171270718814
2010-06-14,1.797,1.812,1.797,1.808,-0.004405286343612369
2010-06-15,1.805,1.805,1.792,1.793,-0.00829646017699126
2010-06-16,1.798,1.799,1.781,1.79,-0.001673173452314547
2010-06-17,1.781,1.791,1.777,1.791,0.0005586592178770111
2010-06-18,1.778,1.783,1.771,1.772,-0.010608598548296988
2010-06-21,1.757,1.774,1.757,1.774,0.0011286681715576563
2010-06-22,1.775,1.786,1.764,1.782,0.004509582863585049
2010-06-23,1.79,1.807,1.789,1.792,0.0056116722783390305
2010-06-24,1.799,1.801,1.781,1.789,-0.0016741071428572063
2010-06-25,1.78,1.784,1.776,1.78,-0.005030743432084872
2010-06-28,1.777,1.786,1.776,1.779,-0.0005617977528090679
2010-06-29,1.799,1.812,1.793,1.811,0.017987633501967304
2010-06-30,1.801,1.805,1.793,1.804,-0.003865267807840911
2010-07-01,1.81,1.812,1.792,1.796,-0.0044345898004434225
2010-07-02,1.786,1.786,1.774,1.778,-0.010022271714922093
2010-07-05,1.771,1.779,1.77,1.779,0.0005624296962878361
2010-07-06,1.767,1.783,1.761,1.782,0.001686340640809414
2010-07-07,1.785,1.786,1.764,1.767,-0.008417508417508435
2010-07-08,1.761,1.775,1.757,1.763,-0.002263723825693287
2010-07-09,1.762,1.765,1.758,1.761,-0.0011344299489506326
2010-07-12,1.762,1.769,1.758,1.765,0.0022714366837024436
2010-07-13,1.759,1.759,1.751,1.753,-0.0067988668555241105
2010-07-14,1.76,1.77,1.759,1.764,0.0062749572162008604
2010-07-15,1.757,1.779,1.756,1.772,0.0045351473922903285
2010-07-16,1.77,1.788,1.764,1.782,0.0056433408577878375
2010-07-19,1.78,1.791,1.772,1.786,0.002244668911335568
2010-07-20,1.79,1.796,1.772,1.774,-0.006718924972004436
2010-07-21,1.772,1.784,1.768,1.784,0.005636978579481422
2010-07-22,1.77,1.774,1.758,1.761,-0.01289237668161447
2010-07-23,1.756,1.767,1.756,1.76,-0.0005678591709254999
2010-07-26,1.769,1.772,1.764,1.767,0.003977272727272663
2010-07-27,1.759,1.77,1.758,1.77,0.0016977928692700761
2010-07-28,1.769,1.772,1.761,1.771,0.0005649717514124575
2010-07-29,1.761,1.769,1.758,1.761,-0.005646527385657851
2010-07-30,1.759,1.765,1.756,1.756,-0.0028392958546279434
2010-08-02,1.748,1.753,1.746,1.751,-0.0028473804100228595
2010-08-03,1.754,1.763,1.754,1.76,0.0051399200456883065
2010-08-04,1.758,1.763,1.752,1.758,-0.001136363636363602
2010-08-05,1.752,1.759,1.752,1.754,-0.0022753128555176305
2010-08-06,1.756,1.764,1.753,1.759,0.002850627137970241
2010-08-09,1.758,1.759,1.751,1.752,-0.00397953382603744
2010-08-10,1.758,1.764,1.755,1.758,0.003424657534246478
2010-08-11,1.766,1.774,1.762,1.77,0.006825938566553003
2010-08-12,1.781,1.781,1.769,1.774,0.00225988700564983
2010-08-13,1.773,1.773,1.767,1.772,-0.0011273957158962622
2010-08-16,1.772,1.772,1.756,1.757,-0.008465011286681756
2010-08-17,1.75,1.755,1.749,1.755,-0.0011383039271485318
2010-08-18,1.755,1.755,1.747,1.753,-0.0011396011396010985
2010-08-19,1.757,1.766,1.754,1.757,0.0022818026240729594
2010-08-20,1.762,1.766,1.759,1.76,0.0017074558907228532
2010-08-23,1.755,1.767,1.752,1.767,0.003977272727272663
2010-08-24,1.778,1.782,1.763,1.765,-0.0011318619128466434
2010-08-25,1.771,1.775,1.766,1.766,0.0005665722379604166
2010-08-26,1.762,1.764,1.759,1.762,-0.0022650056625141968
2010-08-27,1.761,1.761,1.75,1.753,-0.005107832009080604
2010-08-30,1.754,1.763,1.753,1.76,0.003993154592127901
2010-08-31,1.763,1.765,1.753,1.757,-0.0017045454545455696
2010-09-01,1.759,1.759,1.74,1.747,-0.005691519635742659
2010-09-02,1.744,1.744,1.732,1.732,-0.008586147681740153
2010-09-03,1.727,1.733,1.718,1.731,-0.0005773672055426893
2010-09-06,1.73,1.73,1.724,1.727,-0.0023108030040439598
2010-09-08,1.73,1.73,1.721,1.725,-0.0011580775911985697
2010-09-09,1.723,1.727,1.721,1.723,-0.001159420289855051
2010-09-10,1.719,1.722,1.716,1.72,-0.0017411491584445882
2010-09-13,1.716,1.719,1.715,1.716,-0.0023255813953488857
2010-09-14,1.715,1.715,1.704,1.708,-0.004662004662004615
2010-09-15,1.713,1.729,1.709,1.727,0.011124121779859664
2010-09-16,1.723,1.724,1.715,1.716,-0.006369426751592466
2010-09-17,1.717,1.719,1.712,1.719,0.0017482517482518833
2010-09-20,1.714,1.728,1.713,1.728,0.005235602094240788
2010-09-21,1.731,1.733,1.718,1.718,-0.0057870370370370905
2010-09-22,1.709,1.724,1.704,1.721,0.0017462165308499422
2010-09-23,1.724,1.724,1.716,1.72,-0.0005810575246950611
2010-09-24,1.717,1.717,1.709,1.711,-0.005232558139534826
2010-09-27,1.712,1.714,1.708,1.71,-0.0005844535359439407
2010-09-28,1.712,1.713,1.706,1.71,0.0
2010-09-29,1.705,1.707,1.7,1.705,-0.0029239766081871066
2010-09-30,1.7,1.7,1.691,1.692,-0.007624633431085104
2010-10-01,1.678,1.686,1.675,1.681,-0.006501182033096908
2010-10-04,1.685,1.694,1.683,1.692,0.006543723973825077
2010-10-05,1.699,1.699,1.673,1.675,-0.010047281323877
2010-10-06,1.669,1.687,1.669,1.682,0.004179104477611828
2010-10-07,1.676,1.687,1.669,1.686,0.0023781212841855748
2010-10-08,1.688,1.688,1.665,1.667,-0.011269276393831462
2010-10-11,1.664,1.669,1.662,1.666,-0.0005998800239952473
2010-10-13,1.66,1.662,1.653,1.655,-0.006602641056422498
2010-10-14,1.65,1.665,1.646,1.663,0.004833836858006091
2010-10-15,1.659,1.666,1.654,1.666,0.0018039687312085828
2010-10-18,1.673,1.677,1.659,1.666,0.0
2010-10-19,1.687,1.698,1.68,1.687,0.0126050420168069
2010-10-20,1.673,1.68,1.671,1.675,-0.007113218731475968
2010-10-21,1.676,1.702,1.674,1.702,0.016119402985074638
2010-10-22,1.699,1.71,1.69,1.709,0.004112808460634554
2010-10-25,1.7,1.712,1.699,1.701,-0.004681100058513743
2010-10-26,1.696,1.708,1.696,1.706,0.0029394473838917357
2010-10-27,1.707,1.724,1.702,1.722,0.009378663540445586
2010-10-28,1.714,1.716,1.708,1.714,-0.004645760743321681
2010-10-29,1.709,1.711,1.696,1.703,-0.0064177362893814704
2010-11-01,1.695,1.709,1.694,1.708,0.0029359953024075125
2010-11-03,1.694,1.704,1.688,1.702,-0.003512880562060894
2010-11-04,1.687,1.687,1.676,1.678,-0.014101057579318454
2010-11-05,1.683,1.683,1.675,1.68,0.0011918951132301459
2010-11-08,1.69,1.701,1.69,1.699,0.011309523809523991
2010-11-09,1.695,1.701,1.69,1.699,0.0
2010-11-10,1.704,1.716,1.7,1.711,0.007062978222483807
2010-11-11,1.71,1.723,1.709,1.719,0.004675628287551081
2010-11-12,1.721,1.725,1.712,1.724,0.002908667830133771
2010-11-16,1.729,1.741,1.722,1.74,0.009280742459396807
2010-11-17,1.734,1.74,1.722,1.726,-0.008045977011494232
2010-11-18,1.715,1.719,1.712,1.716,-0.005793742757821518
2010-11-19,1.711,1.723,1.711,1.719,0.0017482517482518833
2010-11-22,1.711,1.73,1.711,1.73,0.006399069226294296
2010-11-23,1.726,1.74,1.724,1.735,0.0028901734104047616
2010-11-24,1.729,1.734,1.72,1.723,-0.00691642651296831
2010-11-25,1.723,1.724,1.718,1.722,-0.0005803830528149367
2010-11-26,1.738,1.738,1.724,1.728,0.0034843205574912606
2010-11-29,1.728,1.734,1.722,1.724,-0.0023148148148147696
2010-11-30,1.716,1.727,1.713,1.714,-0.0058004640371229765
2010-12-01,1.705,1.708,1.703,1.707,-0.0040840140023337135
2010-12-02,1.702,1.707,1.7,1.703,-0.0023432923257176164
2010-12-03,1.698,1.701,1.684,1.687,-0.009395184967704084
2010-12-06,1.69,1.692,1.68,1.682,-0.0029638411381150975
2010-12-07,1.672,1.682,1.669,1.682,0.0
2010-12-08,1.685,1.697,1.681,1.693,0.006539833531510109
2010-12-09,1.69,1.715,1.688,1.709,0.00945067926757237
2010-12-10,1.705,1.721,1.703,1.715,0.003510825043885335
2010-12-13,1.706,1.71,1.7,1.701,-0.008163265306122436
2010-12-14,1.69,1.7,1.689,1.695,-0.003527336860670194
2010-12-15,1.699,1.703,1.695,1.701,0.003539823008849474
2010-12-16,1.704,1.71,1.7,1.702,0.0005878894767783471
2010-12-17,1.704,1.718,1.704,1.715,0.00763807285546414
2010-12-20,1.711,1.711,1.706,1.708,-0.004081632653061273
2010-12-21,1.702,1.702,1.694,1.698,-0.005854800936768156
2010-12-22,1.693,1.701,1.692,1.696,-0.0011778563015312216
2010-12-23,1.697,1.7,1.694,1.698,0.001179245283018826
2010-12-24,1.69,1.691,1.69,1.691,-0.0041224970553591644
2010-12-27,1.688,1.694,1.688,1.69,-0.0005913660555885158
2010-12-28,1.683,1.693,1.68,1.692,0.0011834319526626835
2010-12-29,1.687,1.692,1.678,1.68,-0.007092198581560294
2010-12-30,1.675,1.675,1.66,1.666,-0.008333333333333304
2010-12-31,1.662,1.665,1.662,1.665,-0.0006002400960383181
2011-01-03,1.661,1.664,1.644,1.651,-0.008408408408408397
2011-01-04,1.656,1.671,1.652,1.664,0.007874015748031482
2011-01-05,1.669,1.676,1.661,1.675,0.006610576923077094
2011-01-06,1.684,1.694,1.675,1.688,0.00776119402985076
2011-01-07,1.689,1.69,1.678,1.686,-0.0011848341232227888
2011-01-10,1.692,1.696,1.687,1.688,0.0011862396204034287
2011-01-11,1.686,1.692,1.686,1.687,-0.0005924170616112834
2011-01-12,1.678,1.682,1.674,1.677,-0.005927682276229973
2011-01-13,1.672,1.672,1.667,1.669,-0.004770423375074495
2011-01-14,1.681,1.688,1.68,1.685,0.009586578789694489
2011-01-17,1.684,1.685,1.679,1.683,-0.001186943620178016
2011-01-18,1.669,1.678,1.669,1.678,-0.002970885323826611
2011-01-19,1.668,1.674,1.667,1.673,-0.0029797377830750316
2011-01-20,1.671,1.676,1.666,1.672,-0.0005977286312015551
2011-01-21,1.668,1.674,1.668,1.673,0.0005980861244019309
2011-01-24,1.669,1.676,1.669,1.672,-0.0005977286312015551
2011-01-25,1.67,1.673,1.669,1.671,-0.0005980861244018199
2011-01-26,1.67,1.671,1.666,1.671,0.0
2011-01-27,1.665,1.679,1.662,1.679,0.004787552363854086
2011-01-28,1.674,1.686,1.674,1.685,0.003573555687909513
2011-01-31,1.676,1.678,1.671,1.674,-0.006528189910979254
2011-02-01,1.663,1.667,1.661,1.664,-0.005973715651135025
2011-02-02,1.664,1.668,1.664,1.668,0.0024038461538462563
2011-02-03,1.667,1.672,1.666,1.67,0.0011990407673860837
2011-02-04,1.667,1.677,1.665,1.676,0.00359281437125758
2011-02-07,1.677,1.68,1.674,1.68,0.0023866348448686736
2011-02-08,1.674,1.677,1.665,1.667,-0.007738095238095211
2011-02-09,1.669,1.669,1.659,1.661,-0.003599280143971262
2011-02-10,1.664,1.671,1.663,1.671,0.006020469596628608
2011-02-11,1.674,1.674,1.663,1.667,-0.002393776181927043
2011-02-14,1.67,1.67,1.666,1.669,0.0011997600479904946
2011-02-15,1.665,1.67,1.665,1.67,0.0005991611743558778
2011-02-16,1.666,1.673,1.666,1.672,0.0011976047904191933
2011-02-17,1.668,1.671,1.661,1.663,-0.005382775119617156
2011-02-18,1.663,1.67,1.661,1.664,0.0006013229104027129
2011-02-21,1.665,1.669,1.664,1.668,0.0024038461538462563
2011-02-22,1.668,1.673,1.664,1.673,0.002997601918465209
2011-02-23,1.666,1.676,1.666,1.675,0.001195457262402888
2011-02-24,1.669,1.67,1.662,1.664,-0.006567164179104523
2011-02-25,1.661,1.664,1.659,1.664,0.0
2011-02-28,1.659,1.663,1.656,1.663,-0.0006009615384614531
2011-03-01,1.661,1.664,1.66,1.664,0.0006013229104027129
2011-03-02,1.663,1.664,1.659,1.66,-0.0024038461538461453
2011-03-03,1.656,1.659,1.652,1.652,-0.004819277108433773
2011-03-04,1.648,1.65,1.643,1.645,-0.004237288135593209
2011-03-09,1.652,1.658,1.652,1.657,0.007294832826747699
2011-03-10,1.658,1.663,1.658,1.661,0.002414001207000638
2011-03-11,1.666,1.669,1.661,1.666,0.003010234798314304
2011-03-14,1.665,1.667,1.662,1.662,-0.0024009603841537164
2011-03-15,1.675,1.677,1.665,1.667,0.0030084235860410313
2011-03-16,1.661,1.676,1.661,1.674,0.004199160167966287
2011-03-17,1.672,1.687,1.667,1.686,0.007168458781362075
2011-03-18,1.671,1.676,1.669,1.67,-0.009489916963226541
2011-03-21,1.659,1.667,1.659,1.667,-0.001796407185628679
2011-03-22,1.664,1.667,1.662,1.663,-0.002399520095980767
2011-03-23,1.662,1.665,1.659,1.661,-0.0012026458208057589
2011-03-24,1.655,1.661,1.655,1.658,-0.0018061408789886713
2011-03-25,1.658,1.66,1.656,1.66,0.0012062726176116367
2011-03-28,1.662,1.664,1.659,1.662,0.00120481927710836
2011-03-29,1.661,1.662,1.652,1.654,-0.004813477737665495
2011-03-30,1.642,1.643,1.628,1.629,-0.015114873035066423
2011-03-31,1.622,1.632,1.622,1.631,0.0012277470841006721
2011-04-01,1.627,1.629,1.611,1.612,-0.011649294911097452
2011-04-04,1.608,1.615,1.604,1.613,0.0006203473945409765
2011-04-05,1.612,1.613,1.607,1.609,-0.002479851208927464
2011-04-06,1.602,1.615,1.602,1.614,0.003107520198881275
2011-04-07,1.597,1.601,1.58,1.584,-0.0185873605947956
2011-04-08,1.567,1.579,1.567,1.574,-0.0063131313131312705
2011-04-11,1.573,1.584,1.573,1.581,0.004447268106734459
2011-04-12,1.58,1.593,1.576,1.593,0.007590132827324458
2011-04-13,1.585,1.595,1.581,1.591,-0.0012554927809165228
2011-04-14,1.591,1.591,1.578,1.58,-0.006913890634820841
2011-04-15,1.577,1.581,1.573,1.578,-0.0012658227848101333
2011-04-18,1.584,1.599,1.584,1.59,0.0076045627376426506
2011-04-19,1.583,1.584,1.574,1.576,-0.008805031446540879
2011-04-20,1.563,1.579,1.562,1.571,-0.0031725888324873885
2011-04-25,1.563,1.577,1.563,1.573,0.0012730744748568057
2011-04-26,1.564,1.568,1.562,1.564,-0.005721551176096518
2011-04-27,1.556,1.573,1.556,1.571,0.004475703324808178
2011-04-28,1.57,1.595,1.57,1.583,0.007638446849140612
2011-04-29,1.578,1.578,1.569,1.573,-0.006317119393556503
2011-05-02,1.574,1.576,1.57,1.576,0.001907183725365691
2011-05-03,1.592,1.596,1.582,1.589,0.008248730964466988
2011-05-04,1.585,1.612,1.584,1.605,0.010069225928256875
2011-05-05,1.615,1.626,1.612,1.625,0.012461059190031154
2011-05-06,1.616,1.62,1.603,1.617,-0.004923076923076919
2011-05-09,1.609,1.628,1.608,1.62,0.0018552875695734272
2011-05-10,1.611,1.613,1.606,1.608,-0.007407407407407418
2011-05-11,1.608,1.625,1.608,1.62,0.00746268656716409
2011-05-12,1.627,1.63,1.615,1.623,0.0018518518518517713
2011-05-13,1.618,1.645,1.613,1.633,0.006161429451632783
2011-05-16,1.63,1.638,1.625,1.632,-0.0006123698714023407
2011-05-17,1.631,1.638,1.622,1.622,-0.006127450980392024
2011-05-18,1.615,1.621,1.611,1.612,-0.006165228113440224
2011-05-19,1.615,1.621,1.611,1.614,0.001240694789081953
2011-05-20,1.619,1.622,1.611,1.615,0.0006195786864930941
2011-05-23,1.631,1.639,1.63,1.632,0.010526315789473717
2011-05-24,1.627,1.63,1.623,1.625,-0.0042892156862744946
2011-05-25,1.63,1.632,1.626,1.629,0.002461538461538515
2011-05-26,1.623,1.627,1.617,1.617,-0.007366482504604033
2011-05-27,1.609,1.61,1.597,1.601,-0.009894867037724242
2011-05-30,1.594,1.598,1.593,1.593,-0.004996876951905094
2011-05-31,1.58,1.586,1.577,1.58,-0.008160703075957287
2011-06-01,1.578,1.596,1.577,1.596,0.010126582278481067
2011-06-02,1.586,1.587,1.577,1.578,-0.011278195488721776
2011-06-03,1.578,1.584,1.571,1.576,-0.0012674271229404788
2011-06-06,1.582,1.585,1.577,1.583,0.004441624365482122
2011-06-07,1.577,1.578,1.574,1.578,-0.0031585596967782514
2011-06-08,1.586,1.587,1.58,1.583,0.003168567807350975
2011-06-09,1.58,1.59,1.579,1.589,0.0037902716361339905
2011-06-10,1.584,1.6,1.584,1.597,0.005034612964128327
2011-06-13,1.592,1.594,1.587,1.588,-0.005635566687539062
2011-06-14,1.58,1.587,1.58,1.582,-0.0037783375314861534
2011-06-15,1.591,1.604,1.59,1.6,0.01137800252844512
2011-06-16,1.612,1.615,1.605,1.61,0.006250000000000089
2011-06-17,1.597,1.6,1.596,1.597,-0.008074534161490732
2011-06-20,1.605,1.609,1.593,1.595,-0.00125234815278652
2011-06-21,1.59,1.595,1.586,1.589,-0.0037617554858934144
2011-06-22,1.585,1.589,1.585,1.589,0.0
2011-06-23,1.59,1.592,1.59,1.592,0.0018879798615483168
2011-06-24,1.598,1.604,1.592,1.604,0.007537688442211143
2011-06-27,1.603,1.604,1.595,1.596,-0.004987531172069848
2011-06-28,1.593,1.593,1.577,1.578,-0.011278195488721776
2011-06-29,1.571,1.578,1.569,1.572,-0.0038022813688213253
2011-06-30,1.562,1.564,1.559,1.562,-0.006361323155216314
2011-07-01,1.563,1.567,1.554,1.56,-0.001280409731113985
2011-07-04,1.559,1.562,1.554,1.558,-0.0012820512820512775
2011-07-05,1.56,1.566,1.56,1.564,0.0038510911424902705
2011-07-06,1.571,1.574,1.562,1.566,0.0012787723785165905
2011-07-07,1.569,1.569,1.554,1.558,-0.005108556832694733
2011-07-08,1.558,1.566,1.557,1.563,0.003209242618742003
2011-07-11,1.581,1.5852,1.577,1.579,0.010236724248240625
2011-07-12,1.583,1.585,1.573,1.577,-0.001266624445851794
2011-07-13,1.573,1.582,1.57,1.576,-0.0006341154090043766
2011-07-14,1.571,1.579,1.57,1.572,-0.0025380710659898
2011-07-15,1.574,1.577,1.572,1.574,0.0012722646310432406
2011-07-18,1.58,1.586,1.577,1.582,0.0050825921219821435
2011-07-19,1.57,1.575,1.565,1.569,-0.00821744627054366
2011-07-20,1.561,1.568,1.559,1.565,-0.002549394518801762
2011-07-21,1.561,1.562,1.554,1.556,-0.005750798722044648
2011-07-22,1.554,1.559,1.551,1.554,-0.0012853470437017567
2011-07-25,1.55,1.555,1.539,1.544,-0.006435006435006385
2011-07-26,1.532,1.539,1.53,1.538,-0.0038860103626943143
2011-07-27,1.556,1.572,1.553,1.556,0.011703511053315907
2011-07-28,1.559,1.571,1.559,1.569,0.00835475578406153
2011-07-29,1.571,1.574,1.548,1.552,-0.010834926704907488
2011-08-01,1.545,1.564,1.545,1.561,0.005798969072164928
2011-08-02,1.57,1.575,1.563,1.567,0.0038436899423446302
2011-08-03,1.561,1.569,1.56,1.562,-0.0031908104658582293
2011-08-04,1.57,1.584,1.57,1.583,0.013444302176696565
2011-08-05,1.583,1.601,1.578,1.586,0.0018951358180669953
2011-08-08,1.596,1.612,1.592,1.612,0.016393442622950838
2011-08-09,1.627,1.654,1.609,1.609,-0.0018610421836229296
2011-08-10,1.602,1.631,1.602,1.618,0.005593536357986428
2011-08-11,1.631,1.64,1.618,1.619,0.0006180469715697523
2011-08-12,1.617,1.618,1.608,1.614,-0.0030883261272389717
2011-08-15,1.604,1.605,1.588,1.59,-0.014869888475836479
2011-08-16,1.599,1.601,1.586,1.59,0.0
2011-08-17,1.581,1.587,1.579,1.584,-0.0037735849056603765
2011-08-18,1.598,1.611,1.596,1.602,0.011363636363636465
2011-08-19,1.594,1.602,1.593,1.6,-0.0012484394506866447
2011-08-22,1.594,1.608,1.592,1.603,0.001874999999999849
2011-08-23,1.597,1.607,1.595,1.601,-0.0012476606363068798
2011-08-24,1.603,1.611,1.598,1.61,0.0056214865708932304
2011-08-25,1.61,1.618,1.607,1.611,0.0006211180124222615
2011-08-26,1.611,1.616,1.602,1.604,-0.004345127250155123
2011-08-29,1.596,1.599,1.591,1.592,-0.007481296758104716
2011-08-30,1.598,1.599,1.584,1.587,-0.003140703517587995
2011-08-31,1.593,1.603,1.582,1.593,0.003780718336483968
2011-09-01,1.6,1.611,1.6,1.603,0.006277463904582614
2011-09-02,1.624,1.65,1.624,1.637,0.021210230817217735
2011-09-05,1.654,1.66,1.648,1.65,0.007941356139279154
2011-09-06,1.645,1.664,1.645,1.664,0.00848484848484854
2011-09-08,1.652,1.66,1.652,1.657,-0.0042067307692307265
2011-09-09,1.668,1.684,1.667,1.679,0.013277006638503286
2011-09-12,1.687,1.722,1.68,1.715,0.021441334127456857
2011-09-13,1.714,1.718,1.704,1.711,-0.0023323615160349975
2011-09-14,1.713,1.736,1.71,1.72,0.005260081823494911
2011-09-15,1.71,1.719,1.699,1.708,-0.006976744186046546
2011-09-16,1.726,1.729,1.707,1.729,0.012295081967213184
2011-09-19,1.753,1.799,1.752,1.772,0.02486986697513016
2011-09-20,1.776,1.798,1.771,1.791,0.010722347629796847
2011-09-21,1.807,1.86,1.807,1.86,0.03852596314907886
2011-09-22,1.916,1.954,1.843,1.898,0.02043010752688157
2011-09-23,1.917,1.917,1.838,1.838,-0.03161222339304526
2011-09-26,1.812,1.866,1.812,1.828,-0.005440696409140355
2011-09-27,1.797,1.813,1.796,1.805,-0.012582056892779026
2011-09-28,1.803,1.835,1.803,1.825,0.011080332409972415
2011-09-29,1.825,1.853,1.825,1.846,0.011506849315068512
2011-09-30,1.857,1.89,1.851,1.882,0.019501625135427858
2011-10-03,1.893,1.914,1.873,1.889,0.0037194473963868546
2011-10-04,1.894,1.901,1.875,1.885,-0.002117522498676583
2011-10-05,1.853,1.861,1.825,1.834,-0.027055702917771818
2011-10-06,1.835,1.837,1.781,1.785,-0.026717557251908497
2011-10-07,1.778,1.784,1.752,1.766,-0.010644257703081195
2011-10-10,1.746,1.77,1.737,1.77,0.0022650056625141968
2011-10-11,1.766,1.781,1.752,1.76,-0.005649717514124353
2011-10-13,1.761,1.765,1.741,1.753,-0.003977272727272774
2011-10-14,1.742,1.742,1.728,1.731,-0.012549914432401499
2011-10-17,1.742,1.766,1.742,1.766,0.02021952628538415
2011-10-18,1.772,1.786,1.757,1.76,-0.003397508493771184
2011-10-19,1.744,1.774,1.744,1.774,0.007954545454545547
2011-10-20,1.766,1.808,1.765,1.794,0.011273957158962844
2011-10-21,1.777,1.791,1.768,1.78,-0.0078037904124860225
2011-10-24,1.771,1.785,1.751,1.753,-0.015168539325842723
2011-10-25,1.745,1.767,1.738,1.765,0.0068454078722191
2011-10-26,1.761,1.77,1.748,1.761,-0.002266288951841333
2011-10-27,1.734,1.74,1.703,1.703,-0.03293583191368532
2011-10-28,1.71,1.711,1.679,1.681,-0.012918379330593033
2011-10-31,1.683,1.698,1.682,1.694,0.00773349196906592
2011-11-01,1.747,1.759,1.73,1.73,0.02125147579693043
2011-11-03,1.732,1.744,1.714,1.744,0.008092485549132888
2011-11-04,1.74,1.76,1.728,1.74,-0.002293577981651418
2011-11-07,1.758,1.76,1.745,1.75,0.005747126436781658
2011-11-08,1.749,1.751,1.738,1.743,-0.0039999999999998925
2011-11-09,1.76,1.765,1.748,1.765,0.012621916236373876
2011-11-10,1.769,1.773,1.756,1.761,-0.002266288951841333
2011-11-11,1.759,1.759,1.743,1.744,-0.009653605905735274
2011-11-14,1.751,1.77,1.751,1.766,0.012614678899082632
2011-11-16,1.778,1.783,1.77,1.77,0.0022650056625141968
2011-11-17,1.777,1.789,1.766,1.781,0.006214689265536588
2011-11-18,1.773,1.786,1.766,1.781,0.0
2011-11-21,1.8,1.82,1.8,1.807,0.014598540145985384
2011-11-22,1.801,1.827,1.799,1.809,0.0011068068622024363
2011-11-23,1.836,1.873,1.831,1.861,0.028745163073521374
2011-11-24,1.859,1.897,1.851,1.888,0.014508328855453945
2011-11-25,1.911,1.912,1.875,1.887,-0.0005296610169490679
2011-11-28,1.858,1.87,1.851,1.853,-0.018018018018018056
2011-11-29,1.84,1.852,1.838,1.844,-0.004856988667026441
2011-11-30,1.838,1.838,1.796,1.809,-0.01898047722342744
2011-12-01,1.803,1.809,1.787,1.802,-0.003869541182974001
2011-12-02,1.793,1.803,1.781,1.792,-0.005549389567147567
2011-12-05,1.781,1.787,1.778,1.787,-0.002790178571428603
2011-12-06,1.78,1.799,1.78,1.795,0.0044767767207609666
2011-12-07,1.797,1.803,1.79,1.79,-0.0027855153203342198
2011-12-08,1.801,1.82,1.784,1.817,0.01508379888268152
2011-12-09,1.809,1.819,1.805,1.806,-0.006053935057787507
2011-12-12,1.817,1.843,1.815,1.843,0.02048726467331119
2011-12-13,1.846,1.861,1.834,1.854,0.005968529571351189
2011-12-14,1.866,1.885,1.866,1.873,0.01024811218985966
2011-12-15,1.872,1.874,1.854,1.86,-0.0069407367859049
2011-12-16,1.849,1.863,1.843,1.855,-0.0026881720430108613
2011-12-19,1.856,1.87,1.856,1.867,0.006469002695417725
2011-12-20,1.856,1.861,1.839,1.842,-0.01339046598821636
2011-12-21,1.844,1.862,1.844,1.857,0.008143322475570036
2011-12-22,1.855,1.863,1.85,1.852,-0.00269251480883137
2011-12-23,1.852,1.863,1.849,1.858,0.003239740820734305
2011-12-26,1.855,1.86,1.852,1.859,0.0005382131324003225
2011-12-27,1.853,1.862,1.853,1.862,0.0016137708445400634
2011-12-28,1.857,1.886,1.857,1.876,0.007518796992481036
2011-12-29,1.877,1.884,1.865,1.869,-0.003731343283582045
2011-12-30,1.876,1.876,1.876,1.876,0.0037453183520599342
2012-01-02,1.862,1.875,1.856,1.869,-0.003731343283582045
2012-01-03,1.851,1.852,1.831,1.832,-0.019796682718031033
2012-01-04,1.832,1.834,1.821,1.828,-0.0021834061135370675
2012-01-05,1.846,1.846,1.832,1.838,0.00547045951859948
2012-01-06,1.842,1.856,1.84,1.851,0.007072905331882318
2012-01-09,1.853,1.855,1.837,1.837,-0.0075634792004322104
2012-01-10,1.823,1.823,1.795,1.801,-0.019597169297768113
2012-01-11,1.804,1.809,1.801,1.801,0.0
2012-01-12,1.789,1.795,1.779,1.785,-0.008883953359244856
2012-01-13,1.778,1.805,1.771,1.792,0.0039215686274509665
2012-01-16,1.787,1.787,1.782,1.785,-0.003906250000000111
2012-01-17,1.77,1.781,1.767,1.78,-0.0028011204481792618
2012-01-18,1.778,1.787,1.764,1.765,-0.008426966292134908
2012-01-19,1.766,1.773,1.76,1.766,0.0005665722379604166
2012-01-20,1.77,1.772,1.757,1.759,-0.003963759909399789
2012-01-23,1.751,1.758,1.748,1.75,-0.005116543490619629
2012-01-24,1.762,1.768,1.755,1.755,0.0028571428571428914
2012-01-25,1.756,1.764,1.756,1.762,0.0039886039886041225
2012-01-26,1.735,1.743,1.735,1.743,-0.010783200908058954
2012-01-27,1.743,1.747,1.74,1.74,-0.001721170395869276
2012-01-30,1.748,1.755,1.747,1.749,0.005172413793103514
2012-01-31,1.734,1.753,1.734,1.745,-0.002287021154945723
2012-02-01,1.739,1.741,1.73,1.733,-0.006876790830945612
2012-02-02,1.734,1.739,1.721,1.722,-0.006347374495095259
2012-02-03,1.72,1.728,1.715,1.717,-0.0029036004645760505
2012-02-06,1.726,1.734,1.712,1.728,0.006406523005241693
2012-02-07,1.727,1.729,1.718,1.724,-0.0023148148148147696
2012-02-08,1.722,1.723,1.714,1.718,-0.0034802784222738303
2012-02-09,1.721,1.726,1.717,1.72,0.0011641443538998875
2012-02-10,1.726,1.73,1.72,1.726,0.0034883720930232176
2012-02-13,1.711,1.721,1.711,1.716,-0.005793742757821518
2012-02-14,1.717,1.72,1.71,1.72,0.002331002331002363
2012-02-15,1.719,1.724,1.714,1.724,0.0023255813953488857
2012-02-16,1.735,1.737,1.721,1.721,-0.0017401392111368041
2012-02-17,1.715,1.716,1.712,1.714,-0.004067402672864651
2012-02-22,1.714,1.716,1.705,1.706,-0.004667444574095736
2012-02-23,1.698,1.713,1.698,1.712,0.003516998827667095
2012-02-24,1.711,1.711,1.702,1.706,-0.003504672897196248
2012-02-27,1.713,1.713,1.704,1.709,0.0017584994138335475
2012-02-28,1.7,1.705,1.697,1.701,-0.004681100058513743
2012-02-29,1.693,1.723,1.692,1.716,0.008818342151675429
2012-03-01,1.716,1.726,1.711,1.712,-0.002331002331002363
2012-03-02,1.722,1.734,1.72,1.733,0.012266355140186924
2012-03-05,1.733,1.738,1.725,1.736,0.0017311021350259193
2012-03-06,1.746,1.763,1.745,1.762,0.01497695852534564
2012-03-07,1.761,1.773,1.759,1.766,0.002270147559591429
2012-03-08,1.763,1.78,1.755,1.766,0.0
2012-03-09,1.767,1.788,1.766,1.784,0.010192525481313774
2012-03-12,1.792,1.831,1.791,1.805,0.011771300448430333
2012-03-13,1.801,1.824,1.795,1.801,-0.002216066481994461
2012-03-14,1.802,1.824,1.798,1.809,0.004441976679622428
2012-03-15,1.792,1.809,1.792,1.803,-0.0033167495854062867
2012-03-16,1.798,1.806,1.797,1.801,-0.0011092623405435376
2012-03-19,1.803,1.811,1.803,1.808,0.0038867295946696245
2012-03-20,1.83,1.834,1.818,1.82,0.006637168141592875
2012-03-21,1.815,1.829,1.815,1.819,-0.0005494505494506585
2012-03-22,1.83,1.83,1.82,1.822,0.0016492578339748487
2012-03-23,1.822,1.824,1.81,1.81,-0.00658616904500553
2012-03-26,1.81,1.818,1.805,1.816,0.0033149171270718814
2012-03-27,1.82,1.823,1.81,1.814,-0.0011013215859030367
2012-03-28,1.818,1.828,1.818,1.828,0.007717750826901959
2012-03-29,1.83,1.837,1.825,1.826,-0.001094091903719896
2012-03-30,1.816,1.829,1.816,1.823,-0.0016429353778751876
2012-04-02,1.825,1.835,1.825,1.831,0.004388370817334009
2012-04-03,1.835,1.835,1.82,1.828,-0.0016384489350080855
2012-04-04,1.833,1.834,1.828,1.829,0.000547045951859948
2012-04-05,1.83,1.833,1.825,1.825,-0.002186987424822262
2012-04-09,1.828,1.828,1.817,1.818,-0.00383561643835606
2012-04-10,1.82,1.837,1.816,1.832,0.007700770077007757
2012-04-11,1.829,1.836,1.826,1.835,0.0016375545851528006
2012-04-12,1.831,1.833,1.823,1.828,-0.003814713896457711
2012-04-13,1.831,1.84,1.829,1.839,0.006017505470459428
2012-04-16,1.841,1.842,1.833,1.84,0.0005437737901032857
2012-04-17,1.846,1.855,1.841,1.855,0.008152173913043459
2012-04-18,1.862,1.883,1.859,1.876,0.01132075471698113
2012-04-19,1.889,1.893,1.882,1.886,0.005330490405117239
2012-04-20,1.881,1.887,1.865,1.873,-0.006892895015906619
2012-04-23,1.886,1.891,1.881,1.881,0.004271222637479921
2012-04-24,1.877,1.883,1.873,1.883,0.0010632642211589882
2012-04-25,1.878,1.887,1.874,1.883,0.0
2012-04-26,1.881,1.89,1.881,1.885,0.0010621348911312722
2012-04-27,1.882,1.887,1.881,1.887,0.001061007957559701
2012-04-30,1.888,1.911,1.884,1.903,0.008479067302596732
2012-05-02,1.914,1.927,1.908,1.921,0.009458749343142392
2012-05-03,1.929,1.934,1.915,1.915,-0.003123373243102523
2012-05-04,1.91,1.927,1.909,1.921,0.0031331592689294308
2012-05-07,1.926,1.935,1.921,1.922,0.0005205622071837723
2012-05-08,1.924,1.943,1.924,1.938,0.008324661810613865
2012-05-09,1.953,1.964,1.953,1.964,0.013415892672858698
2012-05-10,1.959,1.967,1.945,1.947,-0.00865580448065173
2012-05-11,1.962,1.962,1.941,1.953,0.0030816640986133237
2012-05-14,1.977,1.996,1.975,1.987,0.017409114183307706
2012-05-15,1.99,2.001,1.982,1.999,0.006039255158530432
2012-05-16,1.991,2.007,1.987,2.0,0.0005002501250623848
2012-05-17,2.004,2.005,1.99,2.001,0.0004999999999999449
2012-05-18,1.998,2.058,1.993,2.021,0.009995002498750738
2012-05-21,2.022,2.048,2.022,2.041,0.009896091044037547
2012-05-22,2.04,2.077,2.04,2.077,0.01763841254287124
2012-05-23,2.101,2.103,2.043,2.043,-0.016369764082811655
2012-05-24,2.029,2.052,2.029,2.031,-0.005873715124816492
2012-05-25,2.024,2.031,1.992,1.997,-0.016740521910388995
2012-05-28,1.98,1.982,1.972,1.982,-0.007511266900350533
2012-05-29,1.982,2.0,1.982,1.988,0.003027245206861817
2012-05-30,2.0,2.017,2.0,2.017,0.014587525150905334
2012-05-31,2.009,2.028,2.007,2.017,0.0
2012-06-01,2.034,2.042,2.028,2.038,0.01041150223103604
2012-06-04,2.036,2.052,2.034,2.052,0.006869479882237517
2012-06-05,2.059,2.059,2.019,2.02,-0.015594541910331383
2012-06-06,2.015,2.031,2.015,2.029,0.004455445544554459
2012-06-08,2.033,2.044,2.023,2.025,-0.0019714144898964614
2012-06-11,2.025,2.051,2.02,2.049,0.01185185185185178
2012-06-12,2.054,2.069,2.051,2.064,0.007320644216691097
2012-06-13,2.06,2.071,2.053,2.07,0.0029069767441860517
2012-06-14,2.066,2.073,2.056,2.056,-0.006763285024154464
2012-06-15,2.057,2.058,2.038,2.042,-0.006809338521400865
2012-06-18,2.05,2.068,2.049,2.059,0.00832517140058786
2012-06-19,2.049,2.054,2.028,2.028,-0.015055852355512434
2012-06-20,2.024,2.035,2.022,2.035,0.0034516765285996787
2012-06-21,2.027,2.056,2.024,2.053,0.008845208845208674
2012-06-22,2.056,2.066,2.05,2.066,0.006332196785192368
2012-06-25,2.077,2.077,2.067,2.067,0.0004840271055179812
2012-06-26,2.061,2.077,2.061,2.074,0.0033865505563617226
2012-06-27,2.07,2.096,2.07,2.081,0.0033751205400194273
2012-06-28,2.084,2.099,2.081,2.081,0.0
2012-06-29,2.049,2.049,2.006,2.006,-0.0360403652090342
2012-07-02,2.01,2.013,1.986,1.989,-0.008474576271186307
2012-07-03,1.982,2.016,1.98,2.016,0.013574660633484115
2012-07-04,2.021,2.036,2.011,2.032,0.007936507936507908
2012-07-05,2.022,2.039,2.014,2.026,-0.002952755905511917
2012-07-06,2.023,2.042,2.018,2.03,0.001974333662388972
2012-07-09,2.028,2.033,2.028,2.032,0.0009852216748769127
2012-07-10,2.029,2.04,2.028,2.04,0.003937007874015741
2012-07-11,2.031,2.04,2.027,2.037,-0.0014705882352942234
2012-07-12,2.046,2.052,2.04,2.04,0.0014727540500736325
2012-07-13,2.034,2.042,2.03,2.037,-0.0014705882352942234
2012-07-16,2.042,2.043,2.033,2.035,-0.0009818360333823106
2012-07-17,2.035,2.04,2.023,2.027,-0.0039312039312039415
2012-07-18,2.024,2.03,2.017,2.025,-0.0009866798223977513
2012-07-19,2.018,2.027,2.016,2.016,-0.004444444444444362
2012-07-20,2.021,2.027,2.019,2.025,0.004464285714285587
2012-07-23,2.039,2.045,2.037,2.041,0.00790123456790126
2012-07-24,2.042,2.052,2.037,2.048,0.003429691327780482
2012-07-25,2.038,2.044,2.035,2.038,-0.004882812500000111
2012-07-26,2.021,2.028,2.021,2.023,-0.007360157016682911
2012-07-27,2.02,2.03,2.015,2.024,0.0004943153732079875
2012-07-30,2.027,2.04,2.026,2.04,0.007905138339920903
2012-07-31,2.043,2.054,2.041,2.046,0.002941176470588225
2012-08-01,2.054,2.055,2.038,2.043,-0.0014662756598239346
2012-08-02,2.038,2.053,2.034,2.051,0.003915810083211069
2012-08-03,2.042,2.044,2.023,2.027,-0.011701608971233513
2012-08-06,2.027,2.031,2.025,2.028,0.0004933399111988201
2012-08-07,2.028,2.03,2.024,2.028,0.0
2012-08-08,2.034,2.035,2.02,2.023,-0.002465483234713961
2012-08-09,2.026,2.026,2.016,2.017,-0.002965892239248702
2012-08-10,2.02,2.022,2.014,2.016,-0.0004957858205254517
2012-08-13,2.018,2.029,2.018,2.022,0.0029761904761904656
2012-08-14,2.019,2.029,2.019,2.027,0.002472799208704357
2012-08-15,2.029,2.029,2.02,2.022,-0.0024666995559942118
2012-08-16,2.02,2.024,2.019,2.019,-0.0014836795252224366
2012-08-17,2.023,2.023,2.015,2.015,-0.001981178801386818
2012-08-20,2.018,2.022,2.017,2.018,0.0014888337468981216
2012-08-21,2.01,2.022,2.007,2.018,0.0
2012-08-22,2.017,2.023,2.017,2.02,0.0009910802775026095
2012-08-23,2.019,2.027,2.019,2.025,0.0024752475247524774
2012-08-24,2.03,2.031,2.021,2.025,0.0
2012-08-27,2.028,2.032,2.024,2.032,0.0034567901234567877
2012-08-28,2.034,2.051,2.034,2.044,0.0059055118110236116
2012-08-29,2.048,2.054,2.047,2.05,0.0029354207436398383
2012-08-30,2.054,2.057,2.045,2.045,-0.0024390243902439046
2012-08-31,2.048,2.048,2.027,2.03,-0.007334963325183463
2012-09-03,2.031,2.035,2.029,2.032,0.0009852216748769127
2012-09-04,2.03,2.044,2.029,2.041,0.004429133858267598
2012-09-05,2.044,2.044,2.036,2.039,-0.000979911807937217
2012-09-06,2.038,2.042,2.029,2.03,-0.004413928396272859
2012-09-10,2.022,2.026,2.022,2.023,-0.0034482758620687504
2012-09-11,2.019,2.024,2.015,2.019,-0.001977261492832394
2012-09-12,2.019,2.027,2.018,2.027,0.003962357602773636
2012-09-13,2.028,2.029,2.018,2.021,-0.002960039467193032
2012-09-14,2.018,2.021,2.009,2.013,-0.003958436417615063
2012-09-17,2.019,2.033,2.017,2.03,0.008445106805762492
2012-09-18,2.034,2.034,2.022,2.022,-0.003940886699507429
2012-09-19,2.025,2.025,2.021,2.025,0.0014836795252226587
2012-09-20,2.029,2.029,2.022,2.023,-0.0009876543209875743
2012-09-21,2.023,2.026,2.022,2.024,0.0004943153732079875
2012-09-24,2.026,2.029,2.024,2.026,0.0009881422924900019
2012-09-25,2.025,2.031,2.023,2.031,0.0024679170779864368
2012-09-26,2.032,2.035,2.032,2.034,0.001477104874445967
2012-09-27,2.03,2.032,2.028,2.031,-0.00147492625368717
2012-09-28,2.03,2.035,2.027,2.029,-0.000984736582964163
2012-10-01,2.027,2.029,2.024,2.026,-0.0014785608674224848
2012-10-02,2.025,2.029,2.024,2.027,0.000493583415597465
2012-10-03,2.027,2.028,2.023,2.023,-0.0019733596447952806
2012-10-04,2.023,2.023,2.018,2.019,-0.001977261492832394
2012-10-05,2.019,2.031,2.016,2.031,0.005943536404160454
2012-10-08,2.032,2.034,2.029,2.029,-0.000984736582964163
2012-10-09,2.029,2.038,2.028,2.036,0.0034499753573189462
2012-10-10,2.034,2.041,2.032,2.041,0.0024557956777995216
2012-10-11,2.038,2.04,2.035,2.039,-0.000979911807937217
2012-10-15,2.04,2.04,2.032,2.034,-0.0024521824423738847
2012-10-16,2.033,2.037,2.033,2.036,0.000983284169125076
2012-10-17,2.033,2.034,2.03,2.031,-0.0024557956777995216
2012-10-18,2.032,2.032,2.028,2.028,-0.001477104874446189
2012-10-19,2.028,2.029,2.027,2.028,0.0
2012-10-22,2.027,2.028,2.024,2.025,-0.0014792899408284654
2012-10-23,2.029,2.03,2.026,2.027,0.0009876543209876854
2012-10-24,2.026,2.027,2.025,2.027,0.0
2012-10-25,2.025,2.027,2.025,2.026,-0.0004933399111989312
2012-10-26,2.027,2.027,2.025,2.027,0.000493583415597465
2012-10-29,2.029,2.033,2.029,2.032,0.0024666995559941007
2012-10-30,2.03,2.033,2.03,2.031,-0.0004921259842519676
2012-10-31,2.029,2.034,2.028,2.03,-0.000492368291482248
2012-11-01,2.03,2.032,2.029,2.031,0.0004926108374385674
2012-11-05,2.032,2.036,2.032,2.036,0.002461841457410019
2012-11-06,2.034,2.035,2.033,2.033,-0.0014734774066798018
2012-11-07,2.033,2.036,2.031,2.034,0.0004918839153960075
2012-11-08,2.034,2.042,2.034,2.042,0.003933136676499416
2012-11-09,2.043,2.063,2.041,2.048,0.002938295788442735
2012-11-12,2.043,2.055,2.043,2.052,0.001953125
2012-11-13,2.059,2.073,2.055,2.073,0.010233918128654818
2012-11-14,2.057,2.07,2.057,2.066,-0.0033767486734201935
2012-11-16,2.075,2.083,2.07,2.079,0.00629235237173309
2012-11-19,2.079,2.081,2.07,2.079,0.0
2012-11-20,2.077,2.084,2.077,2.084,0.00240500240500241
2012-11-21,2.088,2.098,2.088,2.095,0.00527831094049902
2012-11-22,2.095,2.099,2.089,2.098,0.0014319809069209821
2012-11-23,2.1,2.11,2.083,2.084,-0.006673021925643341
2012-11-26,2.083,2.086,2.075,2.083,-0.0004798464491362342
2012-11-27,2.08,2.081,2.072,2.081,-0.000960153624580018
2012-11-28,2.084,2.094,2.084,2.088,0.0033637674195099443
2012-11-29,2.091,2.11,2.089,2.094,0.002873563218390718
2012-11-30,2.107,2.133,2.101,2.132,0.018147086914995336
2012-12-03,2.134,2.134,2.099,2.119,-0.0060975609756097615
2012-12-04,2.122,2.123,2.103,2.117,-0.0009438414346391033
2012-12-05,2.106,2.108,2.098,2.099,-0.008502598016060348
2012-12-06,2.08,2.087,2.076,2.079,-0.009528346831824686
2012-12-07,2.075,2.087,2.075,2.087,0.003848003848003767
2012-12-10,2.077,2.082,2.073,2.077,-0.0047915668423575974
2012-12-11,2.074,2.082,2.073,2.08,0.001444390948483365
2012-12-12,2.076,2.082,2.073,2.074,-0.0028846153846154854
2012-12-13,2.074,2.083,2.073,2.082,0.0038572806171648377
2012-12-14,2.085,2.088,2.078,2.087,0.0024015369836696276
2012-12-17,2.086,2.096,2.085,2.095,0.003833253473885856
2012-12-18,2.095,2.101,2.086,2.089,-0.0028639618138426304
2012-12-19,2.082,2.082,2.068,2.069,-0.00957395883197698
2012-12-20,2.062,2.065,2.056,2.061,-0.003866602223296267
2012-12-21,2.077,2.079,2.068,2.073,0.005822416302765587
2012-12-24,2.079,2.08,2.079,2.079,0.0028943560057888007
2012-12-26,2.074,2.074,2.04,2.055,-0.011544011544011523
2012-12-27,2.045,2.055,2.042,2.044,-0.005352798053528063
2012-12-28,2.043,2.046,2.041,2.044,0.0
2012-12-31,2.048,2.048,2.048,2.048,0.001956947162426559
2013-01-02,2.035,2.045,2.035,2.045,-0.00146484375
2013-01-03,2.048,2.05,2.034,2.035,-0.004889975550122161
2013-01-04,2.05,2.05,2.034,2.037,0.000982800982800791
2013-01-07,2.031,2.037,2.025,2.03,-0.003436426116838587
2013-01-08,2.027,2.041,2.021,2.038,0.003940886699507429
2013-01-09,2.04,2.046,2.037,2.037,-0.0004906771344455052
2013-01-10,2.034,2.038,2.03,2.031,-0.002945508100147154
2013-01-11,2.032,2.039,2.032,2.035,0.001969473165928104
2013-01-14,2.032,2.036,2.031,2.033,-0.0009828009828011242
2013-01-15,2.034,2.039,2.033,2.035,0.000983767830792015
2013-01-16,2.036,2.045,2.034,2.043,0.0039312039312038305
2013-01-17,2.041,2.045,2.039,2.043,0.0
2013-01-18,2.04,2.046,2.04,2.044,0.0004894762604013003
2013-01-21,2.042,2.043,2.041,2.042,-0.0009784735812133905
2013-01-22,2.041,2.05,2.04,2.043,0.0004897159647405669
2013-01-23,2.043,2.044,2.036,2.038,-0.0024473813020070567
2013-01-24,2.037,2.037,2.028,2.031,-0.0034347399411185364
2013-01-25,2.031,2.031,2.03,2.031,0.0
2013-01-28,2.027,2.036,2.002,2.002,-0.014278680452978976
2013-01-29,1.994,1.997,1.985,1.986,-0.007992007992007943
2013-01-30,1.984,2.0,1.983,1.989,0.0015105740181269312
2013-01-31,1.985,1.992,1.983,1.988,-0.0005027652086476708
2013-02-01,1.99,1.992,1.98,1.987,-0.0005030181086518315
2013-02-04,1.991,1.994,1.986,1.994,0.00352289884247603
2013-02-05,1.994,1.994,1.983,1.987,-0.0035105315947843163
2013-02-06,1.987,1.99,1.985,1.988,0.0005032712632109249
2013-02-07,1.988,1.988,1.963,1.972,-0.008048289738430636
2013-02-08,1.954,1.978,1.952,1.973,0.0005070993914808586
2013-02-11,1.954,1.978,1.952,1.973,0.0
2013-02-13,1.967,1.968,1.966,1.966,-0.00354789660415622
2013-02-14,1.968,1.968,1.958,1.958,-0.004069175991861629
2013-02-15,1.953,1.966,1.952,1.966,0.004085801838610736
2013-02-18,1.968,1.971,1.962,1.964,-0.0010172939979654627
2013-02-19,1.963,1.963,1.954,1.955,-0.0045824847250508505
2013-02-20,1.956,1.965,1.954,1.964,0.004603580562659859
2013-02-21,1.969,1.979,1.965,1.975,0.005600814663951237
2013-02-22,1.966,1.974,1.965,1.972,-0.0015189873417722488
2013-02-25,1.969,1.977,1.965,1.976,0.0020283975659229903
2013-02-26,1.983,1.993,1.977,1.985,0.0045546558704454565
2013-02-27,1.981,1.984,1.974,1.974,-0.005541561712846366
2013-02-28,1.97,1.979,1.968,1.977,0.001519756838905817
2013-03-01,1.985,1.987,1.979,1.981,0.002023267577137
2013-03-04,1.982,1.986,1.976,1.977,-0.002019182231196348
2013-03-05,1.969,1.972,1.963,1.967,-0.005058168942842722
2013-03-06,1.963,1.969,1.963,1.969,0.0010167768174884628
2013-03-07,1.964,1.969,1.959,1.962,-0.003555104113763363
2013-03-08,1.954,1.957,1.945,1.95,-0.006116207951070374
2013-03-11,1.946,1.963,1.943,1.958,0.004102564102564044
2013-03-12,1.96,1.965,1.955,1.963,0.0025536261491319046
2013-03-13,1.964,1.974,1.959,1.971,0.004075394803871646
2013-03-14,1.974,1.976,1.966,1.976,0.0025367833587011113
2013-03-15,1.969,1.983,1.966,1.983,0.003542510121457454
2013-03-18,1.989,1.99,1.982,1.989,0.00302571860816947
2013-03-19,1.98,1.989,1.98,1.988,-0.0005027652086476708
2013-03-20,1.981,1.992,1.979,1.991,0.0015090543259557165
2013-03-21,1.992,2.008,1.989,2.006,0.00753390256152664
2013-03-22,2.007,2.019,2.006,2.012,0.0029910269192423566
2013-03-25,2.008,2.018,2.008,2.013,0.0004970178926440028
2013-03-26,2.013,2.016,2.004,2.016,0.0014903129657228842
2013-03-27,2.025,2.027,2.008,2.008,-0.003968253968253954
2013-03-28,2.006,2.022,2.005,2.022,0.006972111553784854
2013-04-01,2.021,2.023,2.017,2.021,-0.0004945598417408492
2013-04-02,2.018,2.024,2.016,2.022,0.0004948045522017441
2013-04-03,2.021,2.028,2.02,2.024,0.0009891196834819205
2013-04-04,2.022,2.023,2.011,2.016,-0.0039525691699604515
2013-04-05,2.016,2.016,1.987,1.987,-0.014384920634920584
2013-04-08,1.982,1.994,1.979,1.989,0.0010065425264218497
2013-04-09,1.988,1.99,1.979,1.984,-0.00251382604323791
2013-04-10,1.982,1.986,1.977,1.977,-0.0035282258064515126
2013-04-11,1.971,1.976,1.97,1.975,-0.0010116337885685
2013-04-12,1.979,1.981,1.966,1.969,-0.0030379746835442756
2013-04-15,1.977,1.995,1.973,1.995,0.013204672422549635
2013-04-16,1.988,1.999,1.982,1.994,-0.0005012531328321135
2013-04-17,1.989,2.005,1.985,1.998,0.0020060180541625616
2013-04-18,2.011,2.021,2.008,2.018,0.010010010010010006
2013-04-19,2.012,2.014,2.003,2.01,-0.003964321110009883
2013-04-22,2.009,2.021,2.009,2.02,0.004975124378109541
2013-04-23,2.022,2.027,2.014,2.022,0.000990099009900991
2013-04-24,2.023,2.026,2.014,2.016,-0.0029673590504449843
2013-04-25,2.008,2.013,2.005,2.008,-0.003968253968253954
2013-04-26,2.002,2.002,1.996,1.999,-0.004482071713147406
2013-04-29,1.994,2.006,1.992,2.006,0.0035017508754375815
2013-04-30,2.009,2.009,1.997,2.002,-0.001994017946161497
2013-05-02,2.003,2.015,2.001,2.011,0.004495504495504621
2013-05-03,2.012,2.014,2.006,2.011,0.0
2013-05-06,2.014,2.017,2.011,2.013,0.0009945300845348726
2013-05-07,2.012,2.014,2.004,2.007,-0.0029806259314455463
2013-05-08,2.005,2.007,2.0,2.005,-0.0009965122072747024
2013-05-09,2.006,2.015,1.998,2.013,0.003990024937655878
2013-05-10,2.021,2.029,2.017,2.026,0.006458022851465461
2013-05-13,2.019,2.021,2.009,2.01,-0.007897334649555776
2013-05-14,2.008,2.017,2.003,2.017,0.0034825870646766344
2013-05-15,2.022,2.033,2.017,2.026,0.004462072384729732
2013-05-16,2.029,2.034,2.024,2.029,0.0014807502467917288
2013-05-17,2.03,2.04,2.028,2.039,0.00492853622474132
2013-05-20,2.032,2.04,2.03,2.038,-0.0004904364884749102
2013-05-21,2.043,2.046,2.034,2.037,-0.0004906771344455052
2013-05-22,2.04,2.051,2.033,2.051,0.006872852233677174
2013-05-23,2.054,2.055,2.043,2.046,-0.0024378352023405325
2013-05-24,2.048,2.056,2.045,2.05,0.0019550342130987275
2013-05-27,2.05,2.056,2.05,2.056,0.0029268292682926855
2013-05-28,2.055,2.074,2.054,2.072,0.0077821011673151474
2013-05-29,2.076,2.115,2.073,2.109,0.017857142857142794
2013-05-31,2.126,2.146,2.119,2.146,0.01754385964912286
2013-06-03,2.136,2.141,2.126,2.127,-0.008853681267474434
2013-06-04,2.12,2.149,2.112,2.135,0.003761165961448043
2013-06-05,2.096,2.15,2.094,2.132,-0.00140515222482418
2013-06-06,2.121,2.131,2.115,2.122,-0.004690431519699945
2013-06-07,2.146,2.151,2.124,2.135,0.006126295947219473
2013-06-10,2.14,2.16,2.137,2.148,0.006088992974238927
2013-06-11,2.157,2.164,2.135,2.138,-0.004655493482309203
2013-06-12,2.128,2.151,2.125,2.151,0.006080449017773493
2013-06-13,2.142,2.151,2.136,2.142,-0.004184100418409997
2013-06-14,2.122,2.148,2.122,2.144,0.0009337068160597539
2013-06-17,2.151,2.176,2.145,2.163,0.008861940298507287
2013-06-18,2.179,2.184,2.16,2.177,0.006472491909385258
2013-06-19,2.179,2.214,2.168,2.206,0.013321084060633925
2013-06-20,2.234,2.275,2.224,2.258,0.02357207615593837
2013-06-21,2.249,2.275,2.242,2.246,-0.005314437555358764
2013-06-24,2.264,2.265,2.222,2.224,-0.009795191451469232
2013-06-25,2.214,2.226,2.207,2.211,-0.0058453237410073244
2013-06-26,2.208,2.214,2.186,2.189,-0.00995024875621886
2013-06-27,2.174,2.195,2.174,2.195,0.002740977615349305
2013-06-28,2.204,2.232,2.202,2.232,0.01685649202733508
2013-07-01,2.225,2.237,2.218,2.233,0.00044802867383508804
2013-07-02,2.228,2.254,2.228,2.25,0.00761307657859378
2013-07-03,2.264,2.271,2.258,2.267,0.007555555555555538
2013-07-04,2.264,2.273,2.25,2.261,-0.0026466696074105567
2013-07-05,2.247,2.269,2.247,2.262,0.00044228217602815256
2013-07-08,2.252,2.265,2.247,2.258,-0.0017683465959328348
2013-07-09,2.258,2.265,2.258,2.263,0.0022143489813994943
2013-07-10,2.266,2.281,2.261,2.271,0.0035351303579318483
2013-07-11,2.256,2.273,2.252,2.259,-0.005284015852047519
2013-07-12,2.268,2.272,2.262,2.266,0.003098716246126676
2013-07-15,2.271,2.271,2.225,2.225,-0.018093556928508336
2013-07-16,2.212,2.258,2.21,2.256,0.013932584269662707
2013-07-17,2.258,2.264,2.227,2.231,-0.011081560283687897
2013-07-18,2.228,2.242,2.219,2.226,-0.0022411474675033682
2013-07-19,2.217,2.242,2.217,2.239,0.005840071877807773
2013-07-22,2.244,2.248,2.23,2.234,-0.0022331397945510867
2013-07-23,2.237,2.24,2.214,2.222,-0.0053715308863026
2013-07-24,2.214,2.257,2.214,2.25,0.012601260126012592
2013-07-25,2.248,2.264,2.24,2.244,-0.002666666666666595
2013-07-26,2.245,2.257,2.242,2.256,0.0053475935828875
2013-07-29,2.254,2.27,2.254,2.269,0.005762411347517871
2013-07-30,2.27,2.283,2.266,2.282,0.005729396209783966
2013-07-31,2.289,2.3,2.276,2.283,0.0004382120946537782
2013-08-01,2.276,2.305,2.27,2.302,0.008322382829610175
2013-08-02,2.308,2.313,2.278,2.279,-0.009991311902693312
2013-08-05,2.288,2.306,2.287,2.301,0.009653356735410457
2013-08-06,2.308,2.308,2.288,2.298,-0.0013037809647979959
2013-08-07,2.302,2.312,2.295,2.312,0.006092254134029584
2013-08-08,2.305,2.306,2.277,2.284,-0.01211072664359858
2013-08-09,2.278,2.282,2.266,2.272,-0.005253940455341555
2013-08-12,2.278,2.289,2.265,2.287,0.006602112676056482
2013-08-13,2.293,2.313,2.291,2.311,0.010494097070397945
2013-08-14,2.311,2.325,2.306,2.325,0.0060579835569019025
2013-08-15,2.315,2.351,2.315,2.343,0.00774193548387081
2013-08-16,2.35,2.396,2.348,2.393,0.021340162185232492
2013-08-19,2.406,2.428,2.386,2.415,0.009193480986209979
2013-08-20,2.4,2.408,2.385,2.392,-0.009523809523809601
2013-08-21,2.405,2.451,2.401,2.443,0.02132107023411378
2013-08-22,2.446,2.455,2.421,2.438,-0.002046663937781412
2013-08-23,2.401,2.404,2.355,2.36,-0.03199343724364245
2013-08-26,2.356,2.396,2.35,2.385,0.010593220338982912
2013-08-27,2.409,2.418,2.364,2.367,-0.007547169811320642
2013-08-28,2.384,2.39,2.324,2.345,-0.00929446556822977
2013-08-29,2.337,2.382,2.335,2.381,0.01535181236673755
2013-08-30,2.348,2.397,2.347,2.385,0.0016799664006719173
2013-09-02,2.367,2.376,2.355,2.374,-0.004612159329140275
2013-09-03,2.393,2.405,2.359,2.36,-0.005897219882055715
2013-09-04,2.347,2.364,2.343,2.355,-0.0021186440677966045
2013-09-05,2.374,2.374,2.316,2.323,-0.013588110403397025
2013-09-06,2.315,2.318,2.282,2.306,-0.00731812311665947
2013-09-09,2.301,2.307,2.274,2.276,-0.013009540329575131
2013-09-10,2.269,2.293,2.262,2.285,0.003954305799648727
2013-09-11,2.284,2.306,2.267,2.275,-0.004376367614879806
2013-09-12,2.28,2.287,2.271,2.275,0.0
2013-09-13,2.282,2.287,2.27,2.282,0.0030769230769231992
2013-09-16,2.254,2.282,2.25,2.282,0.0
2013-09-17,2.284,2.284,2.254,2.26,-0.009640666082384008
2013-09-18,2.258,2.258,2.187,2.19,-0.030973451327433565
2013-09-19,2.184,2.216,2.183,2.202,0.005479452054794498
2013-09-20,2.212,2.22,2.194,2.219,0.007720254314259822
2013-09-23,2.215,2.215,2.196,2.2,-0.008562415502478493
2013-09-24,2.206,2.212,2.19,2.199,-0.00045454545454559625
2013-09-25,2.197,2.234,2.197,2.227,0.012733060482037262
2013-09-26,2.223,2.248,2.216,2.246,0.008531656937584176
2013-09-27,2.26,2.263,2.248,2.257,0.004897595725734671
2013-09-30,2.255,2.256,2.212,2.214,-0.019051838723969983
2013-10-01,2.215,2.23,2.199,2.226,0.005420054200542035
2013-10-02,2.227,2.227,2.196,2.197,-0.01302785265049411
2013-10-03,2.202,2.213,2.196,2.201,0.001820664542558026
2013-10-04,2.203,2.212,2.198,2.212,0.004997728305315752
2013-10-07,2.22,2.22,2.202,2.207,-0.0022603978300181904
2013-10-08,2.2,2.208,2.195,2.206,-0.000453103760761131
2013-10-09,2.206,2.214,2.2,2.204,-0.0009066183136898776
2013-10-10,2.197,2.197,2.172,2.18,-0.010889292196007316
2013-10-11,2.175,2.187,2.175,2.179,-0.0004587155963304834
2013-10-14,2.176,2.19,2.166,2.177,-0.0009178522257915489
2013-10-15,2.182,2.188,2.177,2.184,0.003215434083601254
2013-10-16,2.168,2.18,2.156,2.18,-0.001831501831501825
2013-10-17,2.167,2.171,2.157,2.16,-0.00917431192660556
2013-10-18,2.152,2.178,2.148,2.176,0.007407407407407307
2013-10-21,2.172,2.182,2.166,2.179,0.0013786764705880916
2013-10-22,2.187,2.19,2.167,2.173,-0.0027535566773748688
2013-10-23,2.186,2.19,2.179,2.189,0.007363092498849477
2013-10-24,2.195,2.209,2.195,2.206,0.007766103243490141
2013-10-25,2.191,2.192,2.181,2.189,-0.007706255666364403
2013-10-28,2.182,2.188,2.181,2.181,-0.003654636820465962
2013-10-29,2.182,2.186,2.176,2.181,0.0
2013-10-30,2.183,2.197,2.182,2.195,0.006419073819348808
2013-10-31,2.191,2.236,2.19,2.232,0.01685649202733508
2013-11-01,2.245,2.26,2.239,2.257,0.01120071684587809
2013-11-04,2.253,2.253,2.238,2.245,-0.005316792202038068
2013-11-05,2.253,2.294,2.248,2.293,0.021380846325167013
2013-11-06,2.285,2.296,2.27,2.284,-0.003924989097252696
2013-11-07,2.292,2.309,2.275,2.307,0.010070052539404628
2013-11-08,2.307,2.344,2.296,2.316,0.0039011703511053764
2013-11-11,2.312,2.342,2.305,2.335,0.00820379965457696
2013-11-12,2.343,2.348,2.325,2.336,0.0004282655246252709
2013-11-13,2.33,2.337,2.32,2.334,-0.0008561643835615085
2013-11-14,2.331,2.339,2.316,2.321,-0.005569837189374427
2013-11-18,2.3,2.3,2.265,2.266,-0.023696682464455
2013-11-19,2.267,2.277,2.252,2.274,0.003530450132391838
2013-11-20,2.272,2.274,2.268,2.273,-0.0004397537379067229
2013-11-21,2.296,2.317,2.289,2.308,0.015398152221733241
2013-11-22,2.312,2.317,2.28,2.284,-0.010398613518197597
2013-11-25,2.28,2.296,2.28,2.285,0.00043782837127870344
2013-11-26,2.294,2.307,2.289,2.295,0.004376367614879584
2013-11-27,2.296,2.322,2.293,2.32,0.01089324618736387
2013-11-28,2.342,2.342,2.318,2.32,0.0
2013-11-29,2.322,2.339,2.309,2.336,0.006896551724137945
2013-12-02,2.345,2.358,2.335,2.356,0.008561643835616417
2013-12-03,2.36,2.377,2.35,2.374,0.007640067911714787
2013-12-04,2.376,2.39,2.364,2.39,0.006739679865206405
2013-12-05,2.393,2.393,2.356,2.359,-0.012970711297071169
2013-12-06,2.36,2.376,2.324,2.333,-0.011021619330224608
2013-12-09,2.327,2.333,2.318,2.32,-0.005572224603514919
2013-12-10,2.315,2.317,2.306,2.307,-0.005603448275862011
2013-12-11,2.314,2.343,2.31,2.341,0.014737754659731372
2013-12-12,2.339,2.351,2.327,2.342,0.0004271678769756093
2013-12-13,2.336,2.341,2.33,2.335,-0.002988898377455196
2013-12-16,2.334,2.336,2.311,2.328,-0.0029978586723768963
2013-12-17,2.332,2.332,2.316,2.32,-0.0034364261168384758
2013-12-18,2.322,2.349,2.319,2.342,0.009482758620689813
2013-12-19,2.352,2.361,2.344,2.351,0.0038428693424423788
2013-12-20,2.364,2.388,2.364,2.385,0.014461931093151748
2013-12-23,2.376,2.381,2.36,2.362,-0.009643605870020888
2013-12-24,2.358,2.36,2.357,2.357,-0.0021168501270110163
2013-12-26,2.361,2.364,2.347,2.356,-0.00042426813746299086
2013-12-27,2.354,2.359,2.341,2.342,-0.005942275042444711
2013-12-30,2.339,2.364,2.327,2.355,0.005550811272416745
2013-12-31,2.343,2.344,2.343,2.343,-0.005095541401273884
2014-01-02,2.384,2.408,2.378,2.389,0.01963294921041392
2014-01-03,2.387,2.388,2.369,2.377,-0.005023022185014603
2014-01-06,2.375,2.385,2.372,2.376,-0.00042069835927638355
2014-01-07,2.375,2.377,2.357,2.375,-0.0004208754208753218
2014-01-08,2.377,2.391,2.368,2.389,0.005894736842105175
2014-01-09,2.395,2.403,2.391,2.396,0.0029300962745919534
2014-01-10,2.391,2.395,2.364,2.364,-0.013355592654424098
2014-01-13,2.361,2.362,2.339,2.352,-0.005076142131979711
2014-01-14,2.364,2.368,2.351,2.355,0.0012755102040817867
2014-01-15,2.354,2.358,2.342,2.358,0.001273885350318471
2014-01-16,2.349,2.377,2.348,2.364,0.0025445292620864812
2014-01-17,2.359,2.366,2.348,2.348,-0.006768189509306244
2014-01-20,2.34,2.342,2.329,2.338,-0.004258943781942026
2014-01-21,2.35,2.368,2.349,2.359,0.008982035928143617
2014-01-22,2.364,2.376,2.355,2.37,0.004662992793556642
2014-01-23,2.38,2.401,2.371,2.4,0.012658227848101111
2014-01-24,2.419,2.431,2.395,2.399,-0.0004166666666666208
2014-01-27,2.403,2.425,2.393,2.425,0.010837849103793262
2014-01-28,2.406,2.428,2.404,2.427,0.0008247422680414118
2014-01-29,2.423,2.45,2.423,2.435,0.003296250515039123
2014-01-30,2.442,2.442,2.41,2.415,-0.008213552361396315
2014-01-31,2.419,2.438,2.408,2.419,0.0016563146997929934
2014-02-03,2.411,2.437,2.401,2.436,0.007027697395618038
2014-02-04,2.427,2.437,2.406,2.412,-0.009852216748768461
2014-02-05,2.409,2.419,2.394,2.4,-0.00497512437810943
2014-02-06,2.398,2.412,2.379,2.384,-0.00666666666666671
2014-02-07,2.382,2.393,2.371,2.379,-0.002097315436241587
2014-02-10,2.386,2.407,2.385,2.407,0.01176965111391337
2014-02-11,2.399,2.417,2.397,2.402,-0.002077274615704172
2014-02-12,2.401,2.424,2.398,2.422,0.008326394671107407
2014-02-13,2.431,2.433,2.402,2.406,-0.006606110652353392
2014-02-14,2.392,2.399,2.382,2.382,-0.009975062344139696
2014-02-17,2.389,2.393,2.381,2.39,0.0033585222502099388
2014-02-18,2.392,2.401,2.388,2.393,0.001255230125522866
2014-02-19,2.406,2.412,2.386,2.392,-0.00041788549937316066
2014-02-20,2.394,2.394,2.365,2.373,-0.007943143812708886
2014-02-21,2.372,2.378,2.352,2.355,-0.007585335018963413
2014-02-24,2.343,2.352,2.331,2.34,-0.006369426751592355
2014-02-25,2.341,2.346,2.331,2.34,0.0
2014-02-26,2.339,2.357,2.335,2.354,0.005982905982906184
2014-02-27,2.356,2.356,2.32,2.325,-0.012319456244689886
2014-02-28,2.321,2.344,2.313,2.341,0.006881720430107485
2014-03-05,2.336,2.336,2.317,2.318,-0.009824861170440014
2014-03-06,2.313,2.322,2.303,2.321,0.00129421915444361
2014-03-07,2.322,2.349,2.322,2.348,0.011632916846186836
2014-03-10,2.343,2.356,2.329,2.352,0.0017035775127769437
2014-03-11,2.357,2.365,2.34,2.365,0.005527210884353817
2014-03-12,2.37,2.374,2.357,2.36,-0.0021141649048627142
2014-03-13,2.348,2.367,2.34,2.365,0.0021186440677967155
2014-03-14,2.362,2.376,2.351,2.352,-0.005496828752642902
2014-03-17,2.345,2.357,2.343,2.35,-0.0008503401360543394
2014-03-18,2.346,2.359,2.336,2.341,-0.003829787234042481
2014-03-19,2.336,2.352,2.327,2.351,0.004271678769756315
2014-03-20,2.352,2.358,2.323,2.328,-0.009783071033602764
2014-03-21,2.33,2.332,2.319,2.328,0.0
2014-03-24,2.322,2.334,2.317,2.322,-0.002577319587628746
2014-03-25,2.332,2.332,2.301,2.306,-0.006890611541774283
2014-03-26,2.306,2.319,2.294,2.309,0.001300954032957602
2014-03-27,2.304,2.308,2.261,2.267,-0.01818969250757918
2014-03-28,2.257,2.27,2.252,2.262,-0.002205558006175501
2014-03-31,2.266,2.277,2.253,2.27,0.0035366931918656697
2014-04-01,2.27,2.276,2.255,2.265,-0.0022026431718060735
2014-04-02,2.264,2.276,2.261,2.27,0.002207505518763808
2014-04-03,2.275,2.289,2.275,2.282,0.00528634361233471
2014-04-04,2.272,2.272,2.236,2.243,-0.017090271691498793
2014-04-07,2.24,2.249,2.214,2.218,-0.011145786892554521
2014-04-08,2.205,2.209,2.194,2.205,-0.005861136158701541
2014-04-09,2.196,2.219,2.193,2.2,-0.0022675736961450532
2014-04-10,2.186,2.206,2.186,2.203,0.0013636363636362336
2014-04-11,2.214,2.222,2.202,2.219,0.0072628234226055355
2014-04-14,2.223,2.223,2.208,2.216,-0.0013519603424965165
2014-04-15,2.218,2.241,2.214,2.235,0.008574007220216506
2014-04-16,2.225,2.245,2.225,2.244,0.004026845637584042
2014-04-17,2.242,2.256,2.238,2.239,-0.002228163992870069
2014-04-22,2.236,2.25,2.236,2.242,0.0013398838767306742
2014-04-23,2.241,2.249,2.223,2.224,-0.008028545941123899
2014-04-24,2.22,2.228,2.215,2.215,-0.004046762589928199
2014-04-25,2.227,2.245,2.227,2.242,0.012189616252821667
2014-04-28,2.242,2.246,2.224,2.226,-0.007136485280999083
2014-04-29,2.219,2.232,2.209,2.232,0.0026954177897575704
2014-04-30,2.236,2.243,2.228,2.233,0.00044802867383508804
2014-05-02,2.229,2.241,2.216,2.22,-0.00582176444245408
2014-05-05,2.232,2.249,2.223,2.247,0.012162162162161927
2014-05-06,2.238,2.241,2.226,2.227,-0.008900756564307999
2014-05-07,2.229,2.234,2.219,2.221,-0.0026942074539738625
2014-05-08,2.215,2.218,2.202,2.213,-0.0036019810895993043
2014-05-09,2.214,2.224,2.213,2.217,0.0018075011296883048
2014-05-12,2.211,2.22,2.211,2.218,0.00045105999097883043
2014-05-13,2.213,2.219,2.206,2.218,0.0
2014-05-14,2.215,2.22,2.205,2.209,-0.004057709648331742
2014-05-15,2.208,2.228,2.208,2.221,0.005432322317790783
2014-05-16,2.216,2.218,2.209,2.214,-0.0031517334533994745
2014-05-19,2.217,2.217,2.206,2.209,-0.002258355916892496
2014-05-20,2.216,2.22,2.211,2.217,0.00362154821186067
2014-05-21,2.215,2.215,2.209,2.21,-0.003157419936851702
2014-05-22,2.21,2.22,2.203,2.215,0.002262443438914019
2014-05-23,2.217,2.226,2.215,2.224,0.004063205417607296
2014-05-26,2.222,2.228,2.22,2.225,0.0004496402877698369
2014-05-27,2.23,2.244,2.229,2.241,0.007191011235955003
2014-05-28,2.242,2.247,2.234,2.235,-0.0026773761713522193
2014-05-29,2.231,2.234,2.218,2.226,-0.00402684563758382
2014-05-30,2.225,2.247,2.225,2.241,0.006738544474393482
2014-06-02,2.244,2.274,2.244,2.273,0.014279339580544503
2014-06-03,2.26,2.283,2.258,2.278,0.002199736031676114
2014-06-04,2.279,2.29,2.269,2.284,0.0026338893766459925
2014-06-05,2.27,2.279,2.263,2.263,-0.009194395796847554
2014-06-06,2.255,2.257,2.239,2.248,-0.0066283694211222155
2014-06-09,2.242,2.242,2.225,2.23,-0.008007117437722533
2014-06-10,2.233,2.234,2.223,2.227,-0.0013452914798206539
2014-06-11,2.226,2.236,2.225,2.234,0.0031432420296362285
2014-06-12,2.23,2.235,2.23,2.231,-0.0013428827215756778
2014-06-13,2.235,2.24,2.227,2.23,-0.00044822949350065144
2014-06-16,2.227,2.238,2.226,2.236,0.0026905829596413078
2014-06-17,2.233,2.264,2.233,2.263,0.012075134168157309
2014-06-18,2.26,2.26,2.23,2.23,-0.014582412726469207
2014-06-20,2.234,2.242,2.23,2.231,0.0004484304932734773
2014-06-23,2.223,2.226,2.217,2.218,-0.005826983415508691
2014-06-24,2.216,2.226,2.215,2.226,0.0036068530207393756
2014-06-25,2.208,2.213,2.2,2.206,-0.008984725965858087
2014-06-26,2.206,2.213,2.198,2.198,-0.0036264732547597323
2014-06-27,2.191,2.207,2.191,2.197,-0.00045495905368508893
2014-06-30,2.202,2.214,2.197,2.212,0.006827492034592764
2014-07-01,2.217,2.22,2.2,2.204,-0.003616636528028905
2014-07-02,2.205,2.225,2.203,2.225,0.009528130671506263
2014-07-03,2.226,2.243,2.211,2.212,-0.00584269662921344
2014-07-04,2.212,2.216,2.212,2.214,0.0009041591320071429
2014-07-07,2.216,2.225,2.212,2.225,0.0049683830171636245
2014-07-08,2.222,2.225,2.211,2.215,-0.004494382022471988
2014-07-09,2.215,2.218,2.21,2.21,-0.0022573363431150906
2014-07-10,2.219,2.227,2.217,2.222,0.005429864253393646
2014-07-11,2.223,2.227,2.22,2.221,-0.0004500450045004101
2014-07-14,2.219,2.222,2.212,2.212,-0.004052228725799134
2014-07-15,2.213,2.227,2.213,2.223,0.004972875226039619
2014-07-16,2.222,2.228,2.214,2.222,-0.00044984255510571725
2014-07-17,2.23,2.259,2.229,2.258,0.016201620162016317
2014-07-18,2.241,2.245,2.227,2.231,-0.011957484499557136
2014-07-21,2.228,2.231,2.22,2.225,-0.0026893769610039087
2014-07-22,2.223,2.225,2.209,2.212,-0.00584269662921344
2014-07-23,2.218,2.224,2.216,2.221,0.004068716094032476
2014-07-24,2.216,2.224,2.216,2.222,0.00045024763619982977
2014-07-25,2.23,2.234,2.227,2.229,0.0031503150315030926
2014-07-28,2.231,2.236,2.224,2.225,-0.0017945266935845972
2014-07-29,2.225,2.232,2.225,2.231,0.002696629213483126
2014-07-30,2.235,2.26,2.235,2.249,0.00806813088301217
2014-07-31,2.257,2.274,2.255,2.269,0.008892841262783557
2014-08-01,2.272,2.283,2.252,2.262,-0.0030850594975760925
2014-08-04,2.258,2.267,2.25,2.26,-0.0008841732979665284
2014-08-05,2.263,2.287,2.263,2.281,0.009292035398230203
2014-08-06,2.29,2.297,2.273,2.274,-0.003068829460762923
2014-08-07,2.277,2.301,2.275,2.299,0.010993843447669294
2014-08-08,2.29,2.308,2.283,2.286,-0.005654632448890751
2014-08-11,2.274,2.283,2.272,2.277,-0.003937007874015741
2014-08-12,2.28,2.285,2.274,2.279,0.0008783487044354832
2014-08-13,2.272,2.287,2.264,2.283,0.001755155770074568
2014-08-14,2.278,2.284,2.267,2.272,-0.004818221638195452
2014-08-15,2.264,2.278,2.26,2.265,-0.0030809859154927732
2014-08-18,2.254,2.265,2.254,2.261,-0.0017660044150110688
2014-08-19,2.26,2.266,2.249,2.253,-0.0035382574082264417
2014-08-20,2.253,2.263,2.252,2.262,0.003994673768308976
2014-08-21,2.258,2.269,2.254,2.268,0.0026525198938991412
2014-08-22,2.273,2.285,2.272,2.282,0.006172839506172867
2014-08-25,2.277,2.292,2.277,2.288,0.002629272567922669
2014-08-26,2.284,2.288,2.266,2.266,-0.009615384615384581
2014-08-27,2.253,2.266,2.252,2.252,-0.006178287731685939
2014-08-28,2.254,2.259,2.239,2.243,-0.003996447602131359
2014-08-29,2.241,2.246,2.235,2.241,-0.000891662951404304
2014-09-01,2.232,2.246,2.232,2.242,0.00044622936189187
2014-09-02,2.253,2.258,2.242,2.242,0.0
2014-09-03,2.237,2.239,2.228,2.237,-0.002230151650312151
2014-09-04,2.245,2.246,2.229,2.245,0.0035762181493070866
2014-09-05,2.246,2.251,2.236,2.243,-0.0008908685968820329
2014-09-08,2.243,2.274,2.243,2.267,0.010699955416852536
2014-09-09,2.278,2.292,2.274,2.288,0.009263343625937281
2014-09-10,2.291,2.302,2.288,2.289,0.00043706293706313737
2014-09-11,2.295,2.298,2.284,2.293,0.001747487986020202
2014-09-12,2.302,2.348,2.302,2.337,0.01918883558656792
2014-09-15,2.346,2.352,2.332,2.344,0.002995293110825692
2014-09-16,2.341,2.344,2.321,2.331,-0.005546075085324231
2014-09-17,2.334,2.365,2.329,2.364,0.014157014157014203
2014-09-18,2.356,2.379,2.356,2.364,0.0
2014-09-19,2.366,2.387,2.353,2.374,0.004230118443316444
2014-09-22,2.384,2.4,2.383,2.393,0.00800336983993244
2014-09-23,2.391,2.415,2.39,2.406,0.005432511491851422
2014-09-24,2.401,2.418,2.386,2.388,-0.007481296758104827
2014-09-25,2.396,2.431,2.396,2.429,0.017169179229480802
2014-09-26,2.428,2.445,2.411,2.415,-0.0057636887608067955
2014-09-29,2.469,2.48,2.445,2.45,0.01449275362318847
2014-09-30,2.453,2.464,2.444,2.449,-0.00040816326530623837
2014-10-01,2.463,2.49,2.451,2.488,0.015924867292772538
2014-10-02,2.476,2.499,2.471,2.489,0.000401929260450018
2014-10-03,2.502,2.509,2.465,2.469,-0.00803535556448376
2014-10-06,2.372,2.434,2.366,2.423,-0.0186310247063588
2014-10-07,2.424,2.426,2.39,2.402,-0.008666941807676354
2014-10-08,2.396,2.433,2.374,2.389,-0.005412156536219959
2014-10-09,2.36,2.401,2.36,2.394,0.0020929259104229825
2014-10-10,2.42,2.426,2.403,2.421,0.011278195488721776
2014-10-13,2.394,2.4,2.382,2.393,-0.011565468814539459
2014-10-14,2.406,2.407,2.392,2.398,0.0020894274968659143
2014-10-15,2.409,2.46,2.407,2.438,0.016680567139282676
2014-10-16,2.489,2.507,2.457,2.474,0.014766201804758072
2014-10-17,2.452,2.465,2.43,2.437,-0.014955537590946033
2014-10-20,2.444,2.466,2.442,2.462,0.010258514567090815
2014-10-21,2.5,2.505,2.465,2.478,0.006498781478472715
2014-10-22,2.487,2.495,2.468,2.488,0.004035512510088601
2014-10-23,2.503,2.517,2.488,2.509,0.008440514469453264
2014-10-24,2.493,2.506,2.451,2.465,-0.017536867277799906
2014-10-27,2.561,2.563,2.514,2.528,0.02555780933062879
2014-10-28,2.512,2.512,2.473,2.473,-0.02175632911392411
2014-10-29,2.468,2.474,2.426,2.464,-0.003639304488475492
2014-10-30,2.421,2.436,2.394,2.411,-0.021509740259740284
2014-10-31,2.401,2.48,2.4,2.473,0.02571547075902103
2014-11-03,2.474,2.51,2.455,2.505,0.012939749292357527
2014-11-04,2.504,2.535,2.495,2.511,0.0023952095808383866
2014-11-05,2.523,2.528,2.508,2.517,0.002389486260453877
2014-11-06,2.511,2.562,2.508,2.555,0.015097338100913849
2014-11-07,2.573,2.591,2.551,2.567,0.004696673189823919
2014-11-10,2.548,2.558,2.533,2.556,-0.004285157771718007
2014-11-11,2.564,2.573,2.555,2.563,0.0027386541471048353
2014-11-12,2.565,2.566,2.537,2.565,0.0007803355442839166
2014-11-13,2.576,2.613,2.563,2.6,0.013645224171540127
2014-11-14,2.602,2.631,2.594,2.599,-0.00038461538461531664
2014-11-17,2.615,2.621,2.582,2.604,0.0019238168526356514
2014-11-18,2.603,2.609,2.588,2.59,-0.005376344086021612
2014-11-19,2.591,2.601,2.571,2.578,-0.004633204633204602
2014-11-20,2.572,2.572,2.538,2.539,-0.015128006206361455
2014-11-21,2.557,2.564,2.511,2.519,-0.007877116975187115
2014-11-24,2.507,2.554,2.503,2.552,0.013100436681222627
2014-11-25,2.552,2.553,2.519,2.539,-0.005094043887147293
2014-11-26,2.528,2.53,2.498,2.507,-0.012603387160299295
2014-11-27,2.507,2.528,2.5,2.525,0.007179896290386845
2014-11-28,2.538,2.583,2.538,2.571,0.018217821782178234
2014-12-01,2.562,2.581,2.546,2.556,-0.00583430571761967
2014-12-02,2.562,2.581,2.559,2.578,0.008607198748043832
2014-12-03,2.579,2.588,2.551,2.556,-0.00853374709076793
2014-12-04,2.578,2.594,2.566,2.588,0.012519561815336422
2014-12-05,2.594,2.611,2.575,2.597,0.0034775888717155645
2014-12-08,2.599,2.619,2.59,2.617,0.0077011936850210905
2014-12-09,2.599,2.615,2.586,2.597,-0.007642338555598038
2014-12-10,2.599,2.618,2.587,2.613,0.00616095494801705
2014-12-11,2.617,2.653,2.613,2.65,0.01415996938384989
2014-12-12,2.657,2.679,2.647,2.656,0.0022641509433962703
2014-12-15,2.65,2.702,2.65,2.689,0.0124246987951806
2014-12-16,2.686,2.762,2.686,2.741,0.01933804388248417
2014-12-17,2.75,2.753,2.691,2.705,-0.013133892739875974
2014-12-18,2.701,2.701,2.648,2.654,-0.01885397412199641
2014-12-19,2.669,2.673,2.641,2.66,0.0022607385079127518
2014-12-22,2.656,2.665,2.646,2.665,0.001879699248120259
2014-12-23,2.665,2.711,2.654,2.709,0.016510318949343405
2014-12-24,2.682,2.684,2.682,2.684,-0.009228497600590635
2014-12-26,2.691,2.698,2.676,2.676,-0.0029806259314456574
2014-12-29,2.67,2.709,2.669,2.706,0.011210762331838486
2014-12-30,2.708,2.708,2.641,2.659,-0.01736881005173696
2014-12-31,2.657,2.657,2.657,2.657,-0.000752162467092754
2015-01-02,2.677,2.709,2.675,2.686,0.010914565299209533
2015-01-05,2.713,2.732,2.705,2.718,0.011913626209977712
2015-01-06,2.71,2.725,2.693,2.701,-0.006254598969830716
2015-01-07,2.69,2.71,2.675,2.704,0.0011106997408367736
2015-01-08,2.673,2.704,2.663,2.67,-0.012573964497041512
2015-01-09,2.666,2.675,2.628,2.638,-0.011985018726591745
2015-01-12,2.642,2.676,2.634,2.669,0.011751326762698966
2015-01-13,2.677,2.684,2.629,2.636,-0.01236418134132633
2015-01-14,2.653,2.655,2.606,2.622,-0.005311077389984931
2015-01-15,2.627,2.639,2.598,2.639,0.006483600305110526
2015-01-16,2.641,2.643,2.616,2.621,-0.006820765441455046
2015-01-19,2.632,2.658,2.62,2.654,0.01259061426936281
2015-01-20,2.648,2.654,2.609,2.618,-0.013564431047475511
2015-01-21,2.61,2.613,2.587,2.605,-0.0049656226126814085
2015-01-22,2.586,2.592,2.551,2.576,-0.011132437619961633
2015-01-23,2.587,2.6,2.572,2.584,0.0031055900621117516
2015-01-26,2.585,2.609,2.583,2.588,0.001547987616099089
2015-01-27,2.594,2.6,2.567,2.575,-0.005023183925811359
2015-01-28,2.577,2.592,2.571,2.577,0.0007766990291260267
2015-01-29,2.591,2.619,2.589,2.612,0.013581684128832094
2015-01-30,2.615,2.692,2.613,2.686,0.02833078101071962
2015-02-02,2.675,2.719,2.668,2.716,0.011169024571854091
2015-02-03,2.721,2.722,2.691,2.693,-0.008468335787923498
2015-02-04,2.704,2.75,2.696,2.745,0.019309320460453083
2015-02-05,2.745,2.764,2.724,2.744,-0.00036429872495447047
2015-02-06,2.744,2.785,2.744,2.776,0.011661807580174877
2015-02-09,2.789,2.798,2.775,2.78,0.0014409221902016434
2015-02-10,2.783,2.84,2.781,2.833,0.019064748201438997
2015-02-11,2.852,2.884,2.848,2.873,0.01411930815390039
2015-02-12,2.863,2.879,2.819,2.83,-0.014966933518969716
2015-02-13,2.832,2.86,2.817,2.836,0.0021201413427560656
2015-02-18,2.839,2.85,2.838,2.843,0.0024682651622003338
2015-02-19,2.848,2.871,2.84,2.866,0.00809004572634553
2015-02-20,2.866,2.887,2.855,2.875,0.003140265177948409
2015-02-23,2.888,2.905,2.864,2.88,0.0017391304347824654
2015-02-24,2.881,2.892,2.831,2.836,-0.015277777777777835
2015-02-25,2.854,2.887,2.841,2.871,0.012341325811001447
2015-02-26,2.856,2.894,2.842,2.879,0.0027864855451062986
2015-02-27,2.901,2.921,2.847,2.856,-0.007988885029524218
2015-03-02,2.862,2.895,2.854,2.891,0.01225490196078427
2015-03-03,2.903,2.923,2.893,2.919,0.009685230024213176
2015-03-04,2.97,3.001,2.952,2.981,0.02124015073655361
2015-03-05,2.982,3.023,2.979,3.009,0.009392821200939316
2015-03-06,3.012,3.074,2.984,3.057,0.0159521435692922
2015-03-09,3.068,3.128,3.063,3.126,0.02257114818449457
2015-03-10,3.166,3.174,3.091,3.11,-0.0051183621241203126
2015-03-11,3.096,3.141,3.084,3.125,0.004823151125401992
2015-03-12,3.106,3.162,3.078,3.159,0.01088
2015-03-13,3.21,3.282,3.183,3.249,0.028490028490028685
2015-03-16,3.262,3.262,3.208,3.245,-0.001231148045552466
2015-03-17,3.244,3.285,3.236,3.244,-0.00030816640986131016
2015-03-18,3.24,3.281,3.201,3.213,-0.009556103575832364
2015-03-19,3.248,3.308,3.238,3.298,0.02645502645502651
2015-03-20,3.281,3.317,3.203,3.241,-0.01728320194056998
2015-03-23,3.219,3.222,3.144,3.151,-0.02776920703486585
2015-03-24,3.12,3.174,3.094,3.125,-0.00825134877816558
2015-03-25,3.177,3.202,3.118,3.201,0.02432000000000012
2015-03-26,3.214,3.224,3.173,3.19,-0.0034364261168384758
2015-03-27,3.182,3.248,3.182,3.234,0.01379310344827589
2015-03-30,3.293,3.293,3.209,3.222,-0.0037105751391465214
2015-03-31,3.265,3.27,3.167,3.191,-0.009621353196772264
2015-04-01,3.169,3.193,3.134,3.172,-0.005954246317768641
2015-04-02,3.162,3.187,3.119,3.128,-0.01387137452711229
2015-04-06,3.085,3.127,3.083,3.125,-0.0009590792838874984
2015-04-07,3.13,3.148,3.111,3.131,0.0019199999999999218
2015-04-08,3.114,3.114,3.054,3.055,-0.02427339508144355
2015-04-09,3.035,3.075,3.025,3.074,0.006219312602291138
2015-04-10,3.077,3.096,3.072,3.086,0.0039037085230968493
2015-04-13,3.096,3.128,3.087,3.123,0.011989630589760436
2015-04-14,3.114,3.121,3.058,3.065,-0.018571886007044625
2015-04-15,3.08,3.096,3.036,3.041,-0.007830342577487825
2015-04-16,3.008,3.043,3.0,3.012,-0.009536336731338357
2015-04-17,3.016,3.072,3.006,3.043,0.010292164674634785
2015-04-20,3.053,3.059,3.023,3.026,-0.00558659217877111
2015-04-22,3.029,3.038,2.998,3.013,-0.004296100462656938
2015-04-23,3.001,3.035,2.973,2.981,-0.010620643876535052
2015-04-24,2.973,2.991,2.956,2.957,-0.00805098960080508
2015-04-27,2.953,2.961,2.902,2.924,-0.011159959418329368
2015-04-28,2.903,2.943,2.885,2.942,0.006155950752394057
2015-04-29,2.953,2.965,2.916,2.956,0.0047586675730795225
2015-04-30,2.949,3.021,2.949,3.011,0.018606224627875534
2015-05-04,3.078,3.097,3.061,3.085,0.024576552640318772
2015-05-05,3.081,3.092,3.045,3.072,-0.004213938411669282
2015-05-06,3.066,3.077,3.027,3.045,-0.0087890625
2015-05-07,3.033,3.065,3.017,3.024,-0.006896551724137945
2015-05-08,3.025,3.045,2.977,2.982,-0.01388888888888884
2015-05-11,2.979,3.058,2.977,3.052,0.023474178403755763
2015-05-12,3.057,3.079,3.014,3.024,-0.00917431192660556
2015-05-13,3.01,3.045,2.984,3.038,0.004629629629629539
2015-05-14,3.042,3.043,2.992,2.996,-0.013824884792626668
2015-05-15,3.009,3.0151,2.972,2.997,0.0003337783711614417
2015-05-18,3.008,3.031,2.995,3.022,0.008341675008341598
2015-05-19,3.012,3.044,3.004,3.04,0.0059563203176704604
2015-05-20,3.043,3.045,3.0,3.007,-0.010855263157894757
2015-05-21,3.001,3.046,3.001,3.041,0.011306950448952469
2015-05-22,3.039,3.092,3.035,3.091,0.016441959881617896
2015-05-25,3.114,3.135,3.099,3.1,0.002911679068262618
2015-05-26,3.114,3.157,3.113,3.151,0.01645161290322572
2015-05-27,3.159,3.186,3.145,3.149,-0.0006347191367819249
2015-05-28,3.154,3.191,3.151,3.158,0.0028580501746586773
2015-05-29,3.163,3.196,3.138,3.189,0.00981633945535143
2015-06-01,3.203,3.215,3.16,3.175,-0.004390090937598012
2015-06-02,3.151,3.16,3.128,3.134,-0.012913385826771595
2015-06-03,3.14,3.147,3.106,3.128,-0.0019144862795149598
2015-06-05,3.141,3.189,3.099,3.153,0.007992327365728968
2015-06-08,3.135,3.142,3.109,3.114,-0.012369172216936342
2015-06-09,3.108,3.118,3.092,3.1,-0.004495825305073753
2015-06-10,3.075,3.119,3.064,3.118,0.005806451612903052
2015-06-11,3.156,3.172,3.103,3.107,-0.003527902501603508
2015-06-12,3.102,3.13,3.094,3.118,0.0035403926617314507
2015-06-15,3.134,3.139,3.096,3.13,0.0038486209108403724
2015-06-16,3.132,3.142,3.088,3.093,-0.011821086261980751
2015-06-17,3.097,3.106,3.054,3.063,-0.009699321047526577
2015-06-18,3.053,3.064,3.032,3.057,-0.0019588638589618235
2015-06-19,3.07,3.103,3.057,3.102,0.014720314033366044
2015-06-22,3.092,3.097,3.068,3.082,-0.006447453255963853
2015-06-23,3.094,3.117,3.084,3.085,0.0009733939000649006
2015-06-24,3.069,3.104,3.064,3.099,0.004538087520259415
2015-06-25,3.095,3.134,3.083,3.125,0.008389803162310416
2015-06-26,3.144,3.144,3.12,3.128,0.0009600000000000719
2015-06-29,3.151,3.154,3.108,3.117,-0.0035166240409207905
2015-06-30,3.123,3.123,3.089,3.111,-0.0019249278152068117
2015-07-01,3.108,3.146,3.1,3.145,0.010928961748633892
2015-07-02,3.158,3.16,3.1,3.101,-0.013990461049284586
2015-07-03,3.111,3.143,3.111,3.14,0.012576588197355631
2015-07-06,3.155,3.156,3.132,3.149,0.0028662420382166154
2015-07-07,3.16,3.202,3.157,3.18,0.009844395046046506
2015-07-08,3.192,3.244,3.191,3.23,0.015723270440251458
2015-07-09,3.216,3.227,3.215,3.216,-0.004334365325077361
2015-07-10,3.198,3.203,3.161,3.164,-0.016169154228855787
2015-07-13,3.166,3.179,3.132,3.136,-0.008849557522123908
2015-07-14,3.133,3.142,3.116,3.141,0.0015943877551019003
2015-07-15,3.145,3.166,3.13,3.137,-0.0012734797835084466
2015-07-16,3.148,3.163,3.13,3.16,0.007331845712464258
2015-07-17,3.156,3.205,3.156,3.193,0.0104430379746836
2015-07-20,3.193,3.225,3.191,3.201,0.0025054807391167166
2015-07-21,3.187,3.201,3.165,3.171,-0.009372071227741419
2015-07-22,3.193,3.236,3.186,3.232,0.019236833806370424
2015-07-23,3.25,3.3,3.249,3.293,0.018873762376237613
2015-07-24,3.327,3.358,3.313,3.35,0.01730944427573644
2015-07-27,3.368,3.383,3.348,3.361,0.0032835820895522616
2015-07-28,3.35,3.433,3.345,3.369,0.0023802439750073567
2015-07-29,3.355,3.373,3.316,3.325,-0.013060255268625753
2015-07-30,3.354,3.386,3.342,3.381,0.01684210526315777
2015-07-31,3.392,3.433,3.337,3.418,0.010943507837917865
2015-08-03,3.454,3.462,3.433,3.453,0.010239906377998764
2015-08-04,3.442,3.489,3.432,3.463,0.002896032435563356
2015-08-05,3.482,3.5,3.454,3.49,0.007796708056598378
2015-08-06,3.499,3.571,3.499,3.537,0.01346704871060167
2015-08-07,3.503,3.569,3.493,3.51,-0.007633587786259555
2015-08-10,3.526,3.527,3.45,3.452,-0.01652421652421643
2015-08-11,3.454,3.518,3.448,3.502,0.014484356894553851
2015-08-12,3.467,3.505,3.448,3.475,-0.007709880068532127
2015-08-13,3.475,3.529,3.475,3.512,0.010647482014388476
2015-08-14,3.516,3.516,3.461,3.487,-0.007118451025056927
2015-08-17,3.5,3.506,3.463,3.483,-0.0011471178663607917
2015-08-18,3.494,3.505,3.457,3.469,-0.0040195233993683965
2015-08-19,3.472,3.516,3.461,3.484,0.004324012683770473
2015-08-20,3.519,3.52,3.45,3.452,-0.009184845005740572
2015-08-21,3.463,3.509,3.46,3.496,0.012746234067207318
2015-08-24,3.56,3.58,3.53,3.557,0.01744851258581237
2015-08-25,3.522,3.599,3.517,3.597,0.01124543154343538
2015-08-26,3.608,3.657,3.589,3.605,0.0022240756185709643
2015-08-27,3.579,3.597,3.543,3.563,-0.011650485436893177
2015-08-28,3.574,3.601,3.545,3.585,0.006174571989896016
2015-08-31,3.62,3.684,3.617,3.63,0.012552301255230214
2015-09-01,3.652,3.706,3.642,3.692,0.017079889807162685
2015-09-02,3.718,3.774,3.697,3.758,0.017876489707475685
2015-09-03,3.758,3.818,3.737,3.758,0.0
2015-09-04,3.757,3.86,3.752,3.858,0.026609898882384186
2015-09-08,3.858,3.858,3.78,3.817,-0.010627268014515301
2015-09-09,3.816,3.817,3.768,3.799,-0.004715745349751166
2015-09-10,3.903,3.917,3.833,3.866,0.0176362200579101
2015-09-11,3.848,3.895,3.822,3.879,0.0033626487325399967
2015-09-14,3.879,3.893,3.817,3.822,-0.014694508894044889
2015-09-15,3.826,3.884,3.826,3.858,0.009419152276295195
2015-09-16,3.868,3.868,3.82,3.835,-0.00596163815448425
2015-09-17,3.864,3.909,3.835,3.865,0.007822685788787531
2015-09-18,3.866,3.957,3.862,3.955,0.023285899094437124
2015-09-21,3.932,3.999,3.932,3.978,0.005815423514538676
2015-09-22,4.014,4.068,4.008,4.048,0.017596782302664593
2015-09-23,4.03,4.151,4.017,4.139,0.02248023715415015
2015-09-24,4.218,4.25,4.021,4.026,-0.027301280502536995
2015-09-25,3.907,4.009,3.885,3.971,-0.013661202185792254
2015-09-28,4.001,4.085,3.983,4.078,0.026945353815160056
2015-09-29,4.087,4.155,4.014,4.069,-0.002206964198136374
2015-09-30,3.991,4.032,3.924,3.971,-0.024084541656426595
2015-10-01,3.941,4.022,3.939,4.002,0.00780659783429849
2015-10-02,3.996,4.045,3.94,3.943,-0.014742628685657122
2015-10-05,3.92,3.952,3.89,3.906,-0.009383717981232498
2015-10-06,3.926,3.943,3.829,3.851,-0.014080901177675464
2015-10-07,3.843,3.889,3.79,3.878,0.007011165930927099
2015-10-08,3.903,3.908,3.8,3.805,-0.01882413615265599
2015-10-09,3.766,3.795,3.725,3.755,-0.013140604467805628
2015-10-13,3.813,3.886,3.791,3.882,0.033821571238348946
2015-10-14,3.878,3.895,3.811,3.818,-0.016486347243688804
2015-10-15,3.787,3.877,3.781,3.802,-0.004190675746464145
2015-10-16,3.842,3.861,3.812,3.842,0.010520778537611797
2015-10-19,3.871,3.926,3.865,3.879,0.009630400832899566
2015-10-20,3.876,3.914,3.849,3.906,0.006960556844547661
2015-10-21,3.906,3.965,3.906,3.941,0.008960573476702427
2015-10-22,3.93,3.964,3.906,3.922,-0.004821111393047417
2015-10-23,3.911,3.93,3.868,3.889,-0.008414074451810416
2015-10-26,3.865,3.915,3.827,3.913,0.006171252249935755
2015-10-27,3.923,3.933,3.888,3.904,-0.0023000255558395244
2015-10-28,3.882,3.937,3.857,3.926,0.00563524590163933
2015-10-29,3.916,3.956,3.851,3.861,-0.01655629139072845
2015-10-30,3.83,3.891,3.826,3.861,0.0
2015-11-03,3.85,3.856,3.743,3.769,-0.023828023828023848
2015-11-04,3.775,3.816,3.748,3.8,0.008224993366940714
2015-11-05,3.811,3.816,3.767,3.772,-0.00736842105263158
2015-11-06,3.796,3.843,3.775,3.778,0.0015906680805939377
2015-11-09,3.781,3.807,3.778,3.802,0.0063525674960296374
2015-11-10,3.804,3.825,3.789,3.793,-0.002367175170962632
2015-11-11,3.753,3.788,3.707,3.771,-0.0058001581861324425
2015-11-12,3.751,3.827,3.742,3.766,-0.0013259082471492878
2015-11-13,3.783,3.839,3.774,3.832,0.017525225703664216
2015-11-16,3.856,3.863,3.816,3.82,-0.0031315240083507057
2015-11-17,3.807,3.826,3.789,3.82,0.0
2015-11-18,3.806,3.812,3.774,3.782,-0.009947643979057563
2015-11-19,3.747,3.761,3.72,3.738,-0.011634056054997344
2015-11-20,3.709,3.709,3.694,3.694,-0.01177100053504554
2015-11-23,3.72,3.739,3.706,3.736,0.011369788846778528
2015-11-24,3.737,3.744,3.695,3.697,-0.010438972162740923
2015-11-25,3.751,3.808,3.733,3.757,0.016229375169056093
2015-11-26,3.749,3.77,3.734,3.75,-0.0018631887143998327
2015-11-27,3.764,3.816,3.718,3.811,0.01626666666666665
2015-11-30,3.911,3.935,3.836,3.894,0.021779060614012025
2015-12-01,3.858,3.905,3.826,3.862,-0.008217770929635382
2015-12-02,3.863,3.878,3.839,3.846,-0.004142931123770066
2015-12-03,3.795,3.838,3.735,3.743,-0.026781071242849785
2015-12-04,3.763,3.79,3.726,3.735,-0.0021373230029387846
2015-12-07,3.769,3.779,3.731,3.765,0.008032128514056325
2015-12-08,3.772,3.821,3.748,3.813,0.012749003984063867
2015-12-09,3.773,3.788,3.718,3.74,-0.019145030159979037
2015-12-10,3.752,3.813,3.749,3.807,0.017914438502673713
2015-12-11,3.85,3.89,3.829,3.864,0.014972419227738287
2015-12-14,3.868,3.925,3.86,3.886,0.005693581780538359
2015-12-15,3.871,3.912,3.852,3.879,-0.0018013381369017534
2015-12-16,3.923,3.979,3.915,3.923,0.011343129672596097
2015-12-17,3.899,3.918,3.861,3.891,-0.008157022686719362
2015-12-18,3.922,3.953,3.881,3.944,0.01362117707530186
2015-12-21,3.981,4.042,3.965,4.026,0.020791075050709873
2015-12-22,3.996,4.018,3.974,3.99,-0.00894187779433675
2015-12-23,3.993,3.996,3.952,3.954,-0.009022556390977488
2015-12-24,3.9515,3.9533,3.9515,3.9533,-0.0001770359129995569
2015-12-28,3.962,3.966,3.859,3.865,-0.022335770116105436
2015-12-29,3.868,3.896,3.842,3.877,0.0031047865459248314
2015-12-30,3.854,4.022,3.848,3.962,0.021924168171266523
2015-12-31,3.905,3.905,3.905,3.905,-0.014386673397274174
2016-01-04,4.027,4.071,4.019,4.041,0.03482714468629977
2016-01-05,4.059,4.059,3.991,3.993,-0.011878247958426291
2016-01-06,4.053,4.057,4.01,4.018,0.006260956674179807
2016-01-07,4.058,4.074,4.026,4.053,0.008710801393728262
2016-01-08,4.024,4.057,4.007,4.032,-0.005181347150259086
2016-01-11,4.025,4.059,4.004,4.051,0.004712301587301626
2016-01-12,4.044,4.063,4.02,4.041,-0.0024685262898049842
2016-01-13,4.04,4.04,3.972,4.005,-0.008908685968819663
2016-01-14,4.027,4.043,3.992,3.994,-0.0027465667915105296
2016-01-15,4.042,4.067,4.026,4.052,0.014521782674010941
2016-01-18,4.034,4.056,4.018,4.034,-0.0044422507403750755
2016-01-19,4.01,4.059,4.002,4.052,0.004462072384729732
2016-01-20,4.089,4.131,4.072,4.115,0.015547877591313153
2016-01-21,4.151,4.174,4.125,4.155,0.009720534629404698
2016-01-22,4.131,4.134,4.103,4.11,-0.010830324909747224
2016-01-25,4.1043,4.1043,4.0968,4.0968,-0.0032116788321168155
2016-01-26,4.115,4.124,4.053,4.063,-0.00825034173013095
2016-01-27,4.053,4.09,4.031,4.087,0.005906965296578859
2016-01-28,4.082,4.123,4.035,4.079,-0.0019574259848299524
2016-01-29,4.056,4.096,3.996,4.019,-0.014709487619514516
2016-02-01,4.022,4.026,3.969,3.978,-0.010201542672306552
2016-02-02,3.988,4.021,3.973,3.984,0.0015082956259426794
2016-02-03,3.989,3.995,3.912,3.918,-0.016566265060240948
2016-02-04,3.878,3.898,3.846,3.893,-0.006380806533946015
2016-02-05,3.891,3.929,3.862,3.92,0.006935525301823731
2016-02-10,3.88,3.95,3.88,3.932,0.003061224489795844
2016-02-11,3.945,3.986,3.94,3.98,0.012207527975584886
2016-02-12,3.991,4.005,3.967,3.998,0.004522613065326642
2016-02-15,3.984,4.001,3.978,3.993,-0.001250625312656406
2016-02-16,3.992,4.071,3.989,4.071,0.019534184823440937
2016-02-17,4.06,4.068,3.968,4.004,-0.016457872758536052
2016-02-18,3.973,4.045,3.973,4.04,0.00899100899100902
2016-02-19,4.041,4.067,4.032,4.034,-0.0014851485148514865
2016-02-22,3.996,4.004,3.932,3.946,-0.021814576103123318
2016-02-23,3.942,3.982,3.938,3.958,0.003041054232133744
2016-02-24,3.981,4.046,3.954,3.954,-0.001010611419908991
2016-02-25,3.94,3.953,3.924,3.945,-0.0022761760242793194
2016-02-26,3.956,4.018,3.932,3.996,0.012927756653992484
2016-02-29,3.985,4.005,3.951,4.001,0.0012512512512512508
2016-03-01,4.003,4.019,3.937,3.944,-0.014246438390402516
2016-03-02,3.94,3.943,3.885,3.892,-0.013184584178498993
2016-03-03,3.879,3.893,3.778,3.808,-0.021582733812949617
2016-03-04,3.689,3.775,3.656,3.771,-0.009716386554621814
2016-03-07,3.767,3.797,3.737,3.792,0.005568814638027053
2016-03-08,3.793,3.802,3.746,3.751,-0.010812236286919852
2016-03-09,3.748,3.751,3.687,3.704,-0.012529992002132673
2016-03-10,3.669,3.71,3.638,3.64,-0.017278617710583144
2016-03-11,3.619,3.67,3.587,3.588,-0.014285714285714346
2016-03-14,3.594,3.653,3.585,3.64,0.01449275362318847
2016-03-15,3.721,3.781,3.675,3.756,0.031868131868131755
2016-03-16,3.792,3.854,3.74,3.74,-0.004259850905218188
2016-03-17,3.651,3.693,3.605,3.638,-0.027272727272727337
2016-03-18,3.668,3.675,3.573,3.586,-0.014293567894447468
2016-03-21,3.624,3.65,3.601,3.611,0.006971556051310834
2016-03-22,3.648,3.653,3.577,3.592,-0.005261700360011168
2016-03-23,3.615,3.684,3.607,3.678,0.02394209354120269
2016-03-24,3.712,3.723,3.685,3.688,0.002718868950516651
2016-03-28,3.668,3.675,3.625,3.63,-0.0157266811279827
2016-03-29,3.647,3.677,3.633,3.639,0.0024793388429751317
2016-03-30,3.646,3.651,3.601,3.625,-0.0038472107721900795
2016-03-31,3.624,3.634,3.535,3.607,-0.00496551724137928
2016-04-01,3.602,3.623,3.537,3.567,-0.011089548100914892
2016-04-04,3.573,3.615,3.548,3.603,0.010092514718250678
2016-04-05,3.649,3.684,3.629,3.669,0.01831806827643634
2016-04-06,3.699,3.711,3.639,3.647,-0.005996184246388703
2016-04-07,3.662,3.719,3.649,3.684,0.010145324924595744
2016-04-08,3.684,3.684,3.6,3.604,-0.021715526601520097
2016-04-11,3.583,3.587,3.493,3.494,-0.030521642619311895
2016-04-12,3.499,3.564,3.495,3.504,0.0028620492272466436
2016-04-13,3.505,3.565,3.474,3.501,-0.0008561643835617305
2016-04-14,3.518,3.533,3.457,3.479,-0.006283918880319872
2016-04-15,3.473,3.56,3.473,3.523,0.012647312446105285
2016-04-18,3.477,3.621,3.476,3.605,0.023275617371558255
2016-04-19,3.584,3.584,3.531,3.532,-0.02024965325936201
2016-04-20,3.532,3.568,3.526,3.529,-0.000849377123442796
2016-04-22,3.56,3.601,3.558,3.575,0.013034854066307888
2016-04-25,3.552,3.568,3.54,3.549,-0.0072727272727273196
2016-04-26,3.544,3.549,3.519,3.522,-0.0076077768385460764
2016-04-27,3.518,3.557,3.513,3.524,0.0005678591709257219
2016-04-28,3.52,3.524,3.483,3.494,-0.008513053348467636
2016-04-29,3.496,3.499,3.43,3.439,-0.015741270749856984
2016-05-02,3.463,3.509,3.455,3.492,0.015411456818842595
2016-05-03,3.544,3.583,3.531,3.57,0.022336769759450092
2016-05-04,3.569,3.574,3.528,3.54,-0.008403361344537785
2016-05-05,3.54,3.553,3.51,3.547,0.001977401129943601
2016-05-06,3.547,3.574,3.496,3.498,-0.0138144911192557
2016-05-09,3.497,3.715,3.493,3.525,0.007718696397941649
2016-05-10,3.506,3.508,3.469,3.469,-0.015886524822695036
2016-05-11,3.48,3.483,3.442,3.45,-0.0054770827327759175
2016-05-12,3.444,3.507,3.438,3.472,0.006376811594202891
2016-05-13,3.488,3.527,3.47,3.526,0.015552995391705071
2016-05-16,3.533,3.535,3.497,3.5,-0.007373794668179223
2016-05-17,3.493,3.528,3.484,3.49,-0.0028571428571427804
2016-05-18,3.532,3.568,3.522,3.567,0.0220630372492836
2016-05-19,3.579,3.62,3.565,3.566,-0.0002803476310626607
2016-05-20,3.544,3.554,3.522,3.523,-0.012058328659562467
2016-05-23,3.523,3.59,3.523,3.583,0.017030939540164658
2016-05-24,3.583,3.591,3.544,3.582,-0.0002790957298354213
2016-05-25,3.56,3.623,3.554,3.602,0.005583472920156263
2016-05-27,3.601,3.63,3.598,3.609,0.0019433647973348123
2016-05-30,3.61,3.617,3.576,3.576,-0.009143807148794703
2016-05-31,3.562,3.639,3.557,3.622,0.012863534675615185
2016-06-01,3.616,3.637,3.59,3.591,-0.00855880728879066
2016-06-02,3.606,3.612,3.579,3.585,-0.001670843776107045
2016-06-03,3.595,3.611,3.526,3.527,-0.01617852161785216
2016-06-06,3.529,3.529,3.487,3.491,-0.010206974766090116
2016-06-07,3.49,3.514,3.447,3.45,-0.011744485820681771
2016-06-08,3.407,3.413,3.371,3.372,-0.02260869565217405
2016-06-09,3.376,3.406,3.363,3.397,0.007413997627520708
2016-06-10,3.42,3.449,3.413,3.429,0.009420076538121824
2016-06-13,3.424,3.487,3.424,3.478,0.014289880431612723
2016-06-14,3.509,3.516,3.458,3.489,0.003162737205290256
2016-06-15,3.471,3.508,3.449,3.47,-0.005445686443106834
2016-06-16,3.488,3.512,3.465,3.473,0.0008645533141209416
2016-06-17,3.455,3.463,3.421,3.425,-0.013820904117477717
2016-06-20,3.386,3.407,3.376,3.397,-0.008175182481751864
2016-06-21,3.374,3.41,3.357,3.408,0.003238151309979509
2016-06-22,3.409,3.409,3.37,3.377,-0.009096244131455489
2016-06-23,3.346,3.375,3.341,3.348,-0.00858750370151018
2016-06-24,3.445,3.445,3.353,3.378,0.008960573476702649
2016-06-27,3.391,3.417,3.375,3.4,0.006512729425695696
2016-06-28,3.352,3.362,3.302,3.305,-0.027941176470588136
2016-06-29,3.264,3.279,3.23,3.24,-0.01966717095310133
2016-06-30,3.24,3.248,3.184,3.214,-0.00802469135802475
2016-07-01,3.233,3.249,3.197,3.231,0.005289359054138076
2016-07-04,3.241,3.266,3.235,3.266,0.010832559579077694
2016-07-05,3.291,3.304,3.278,3.303,0.011328842620943025
2016-07-06,3.3186,3.341,3.3169,3.338,0.010596427490160432
2016-07-07,3.34,3.364,3.322,3.364,0.007789095266626633
2016-07-08,3.331,3.343,3.284,3.289,-0.022294887039238875
2016-07-11,3.308,3.321,3.294,3.312,0.006993006993006867
2016-07-12,3.293,3.295,3.266,3.295,-0.005132850241545861
2016-07-13,3.307,3.309,3.276,3.277,-0.005462822458270011
2016-07-14,3.24,3.26,3.218,3.255,-0.00671345743057683
2016-07-15,3.256,3.28,3.244,3.258,0.0009216589861751334
2016-07-18,3.262,3.275,3.248,3.252,-0.0018416206261511192
2016-07-19,3.271,3.286,3.255,3.257,0.0015375153751537862
2016-07-20,3.257,3.264,3.24,3.25,-0.002149217070924192
2016-07-21,3.249,3.29,3.244,3.283,0.01015384615384618
2016-07-22,3.281,3.297,3.257,3.257,-0.007919585744745605
2016-07-25,3.261,3.298,3.257,3.291,0.010439054344488774
2016-07-26,3.293,3.294,3.269,3.273,-0.005469462169553241
2016-07-27,3.282,3.297,3.262,3.265,-0.002444240757714655
2016-07-28,3.266,3.297,3.264,3.293,0.008575803981623276
2016-07-29,3.293,3.293,3.23,3.238,-0.016702095353780755
2016-08-01,3.249,3.277,3.247,3.271,0.010191476219888695
2016-08-02,3.272,3.274,3.24,3.269,-0.0006114338122897855
2016-08-03,3.271,3.293,3.24,3.242,-0.008259406546344494
2016-08-04,3.231,3.238,3.196,3.197,-0.01388032078963597
2016-08-05,3.197,3.2,3.161,3.168,-0.009071004066312116
2016-08-08,3.165,3.192,3.161,3.168,0.0
2016-08-09,3.168,3.176,3.129,3.137,-0.009785353535353591
2016-08-10,3.137,3.147,3.114,3.128,-0.002868983104877265
2016-08-11,3.149,3.156,3.13,3.139,0.0035166240409205685
2016-08-12,3.155,3.195,3.149,3.186,0.014972921312520038
2016-08-15,3.183,3.185,3.157,3.185,-0.0003138731952291307
2016-08-16,3.168,3.19,3.157,3.19,0.0015698587127157548
2016-08-17,3.215,3.236,3.2,3.211,0.006583072100313503
2016-08-18,3.206,3.244,3.201,3.239,0.008720024914356861
2016-08-19,3.248,3.252,3.21,3.211,-0.008644643408459385
2016-08-22,3.218,3.228,3.202,3.203,-0.002491435689816246
2016-08-23,3.19,3.237,3.186,3.235,0.009990633780830427
2016-08-24,3.255,3.255,3.221,3.225,-0.0030911901081915882
2016-08-25,3.226,3.243,3.217,3.228,0.0009302325581395099
2016-08-26,3.228,3.28,3.191,3.271,0.01332094175960341
2016-08-29,3.278,3.292,3.231,3.237,-0.01039437480892691
2016-08-30,3.236,3.265,3.221,3.248,0.0033982082174852657
2016-08-31,3.231,3.258,3.217,3.225,-0.00708128078817738
2016-09-01,3.225,3.265,3.221,3.25,0.007751937984496138
2016-09-02,3.255,3.277,3.226,3.249,-0.0003076923076922311
2016-09-05,3.254,3.283,3.249,3.28,0.009541397353031611
2016-09-06,3.269,3.285,3.203,3.21,-0.021341463414634054
2016-09-08,3.184,3.218,3.168,3.218,0.0024922118380061864
2016-09-09,3.23,3.285,3.23,3.275,0.017712865133623357
2016-09-12,3.299,3.31,3.243,3.246,-0.008854961832061026
2016-09-13,3.265,3.334,3.264,3.322,0.023413431916204486
2016-09-14,3.315,3.348,3.3,3.34,0.00541842263696557
2016-09-15,3.335,3.369,3.298,3.305,-0.010479041916167553
2016-09-16,3.318,3.321,3.266,3.269,-0.01089258698940998
2016-09-19,3.257,3.279,3.254,3.276,0.0021413276231261325
2016-09-20,3.265,3.274,3.247,3.255,-0.0064102564102563875
2016-09-21,3.241,3.251,3.21,3.212,-0.013210445468509913
2016-09-22,3.212,3.227,3.184,3.223,0.003424657534246478
2016-09-23,3.212,3.244,3.203,3.244,0.0065156686317096035
2016-09-26,3.244,3.253,3.226,3.247,0.0009247842170159171
2016-09-27,3.228,3.249,3.221,3.232,-0.004619648906682983
2016-09-28,3.239,3.256,3.222,3.223,-0.0027846534653466204
2016-09-29,3.227,3.271,3.217,3.256,0.010238907849829282
2016-09-30,3.248,3.261,3.233,3.256,0.0
2016-10-03,3.246,3.252,3.201,3.205,-0.01566339066339062
2016-10-04,3.215,3.262,3.208,3.259,0.01684867394695777
2016-10-05,3.25,3.253,3.219,3.22,-0.01196686100030675
2016-10-06,3.233,3.245,3.221,3.223,0.0009316770186333923
2016-10-07,3.236,3.243,3.194,3.217,-0.0018616196090598391
2016-10-10,3.217,3.224,3.201,3.203,-0.004351880634131278
2016-10-11,3.21,3.228,3.198,3.199,-0.0012488292226038311
2016-10-13,3.212,3.22,3.18,3.181,-0.005626758361988005
2016-10-14,3.174,3.207,3.165,3.201,0.0062873310279787376
2016-10-17,3.199,3.212,3.191,3.209,0.002499218994064467
2016-10-18,3.195,3.196,3.176,3.183,-0.008102212527267172
2016-10-19,3.187,3.199,3.166,3.172,-0.003455859252277649
2016-10-20,3.169,3.171,3.137,3.139,-0.0104035308953343
2016-10-21,3.146,3.17,3.145,3.168,0.009238611022618803
2016-10-24,3.168,3.168,3.12,3.121,-0.014835858585858674
2016-10-25,3.123,3.138,3.104,3.106,-0.004806151874399256
2016-10-26,3.126,3.154,3.116,3.146,0.012878300064391501
2016-10-27,3.145,3.163,3.129,3.156,0.0031786395422759295
2016-10-28,3.169,3.206,3.16,3.199,0.013624841571609592
2016-10-31,3.196,3.2,3.164,3.186,-0.004063769928102534
2016-11-01,3.184,3.255,3.18,3.241,0.017263025737602078
2016-11-03,3.246,3.248,3.222,3.237,-0.001234186979327423
2016-11-04,3.255,3.265,3.219,3.227,-0.0030892801977140394
2016-11-07,3.206,3.217,3.189,3.205,-0.0068174775333126325
2016-11-08,3.205,3.215,3.168,3.172,-0.01029641185647423
2016-11-09,3.248,3.25,3.2,3.217,0.014186633039092067
2016-11-10,3.215,3.398,3.212,3.363,0.04538389804165366
2016-11-11,3.406,3.513,3.373,3.407,0.013083556348498337
2016-11-14,3.407,3.476,3.407,3.442,0.010272967420017709
2016-11-16,3.442,3.446,3.403,3.425,-0.004938988959907187
2016-11-17,3.405,3.429,3.388,3.424,-0.00029197080291964994
2016-11-18,3.443,3.444,3.374,3.382,-0.012266355140186813
2016-11-21,3.378,3.383,3.342,3.354,-0.008279124778237779
2016-11-22,3.34,3.366,3.331,3.358,0.0011926058437685683
2016-11-23,3.358,3.421,3.354,3.389,0.009231685527099298
2016-11-24,3.388,3.412,3.384,3.393,0.0011802891708467822
2016-11-25,3.424,3.468,3.406,3.411,0.0053050397877985045
2016-11-28,3.411,3.415,3.385,3.386,-0.0073292289651128995
2016-11-29,3.386,3.415,3.382,3.397,0.0032486709982280093
2016-11-30,3.399,3.409,3.378,3.386,-0.003238151309979287
2016-12-01,3.393,3.48,3.385,3.469,0.024512699350265788
2016-12-02,3.474,3.492,3.446,3.468,-0.00028826751225130565
2016-12-05,3.478,3.482,3.426,3.431,-0.01066897347174156
2016-12-06,3.455,3.468,3.398,3.411,-0.005829204313611225
2016-12-07,3.397,3.421,3.379,3.416,0.0014658457930225577
2016-12-08,3.378,3.418,3.373,3.387,-0.008489461358313743
2016-12-09,3.387,3.412,3.354,3.374,-0.0038382049010924346
2016-12-12,3.374,3.409,3.338,3.349,-0.007409602845287466
2016-12-13,3.349,3.366,3.319,3.325,-0.007166318303971297
2016-12-14,3.346,3.351,3.303,3.343,0.005413533834586426
2016-12-15,3.392,3.409,3.369,3.373,0.008973975471133766
2016-12-16,3.371,3.414,3.345,3.388,0.0044470797509634785
2016-12-19,3.396,3.405,3.369,3.377,-0.0032467532467532756
2016-12-20,3.374,3.38,3.343,3.346,-0.009179745336097
2016-12-21,3.353,3.353,3.324,3.329,-0.005080693365212219
2016-12-22,3.329,3.349,3.296,3.301,-0.008410934214478805
2016-12-23,3.29,3.294,3.26,3.272,-0.008785216601030155
2016-12-26,3.266,3.286,3.266,3.277,0.0015281173594132724
2016-12-27,3.283,3.291,3.271,3.277,0.0
2016-12-28,3.274,3.297,3.268,3.283,0.0018309429356118123
2016-12-29,3.271,3.275,3.244,3.253,-0.009137983551629536
2017-01-02,3.259,3.29,3.259,3.285,0.009837073470642554
2017-01-03,3.289,3.293,3.249,3.257,-0.008523592085235898
2017-01-04,3.253,3.253,3.216,3.223,-0.010439054344488885
2017-01-05,3.222,3.23,3.195,3.199,-0.007446478436239579
2017-01-06,3.211,3.225,3.19,3.225,0.008127539856205068
2017-01-09,3.232,3.234,3.192,3.195,-0.009302325581395432
2017-01-10,3.196,3.203,3.183,3.199,0.00125195618153362
2017-01-11,3.195,3.231,3.181,3.188,-0.0034385745545482127
2017-01-12,3.177,3.194,3.154,3.171,-0.005332496863237224
2017-01-13,3.189,3.225,3.183,3.219,0.015137180700094621
2017-01-16,3.233,3.239,3.219,3.239,0.006213109661385552
2017-01-17,3.21,3.223,3.199,3.212,-0.008335906143871474
2017-01-18,3.226,3.232,3.215,3.221,0.0028019925280198255
2017-01-19,3.226,3.233,3.195,3.199,-0.006830176963675938
2017-01-20,3.205,3.206,3.174,3.181,-0.005626758361988005
2017-01-23,3.159,3.185,3.156,3.17,-0.0034580320653883057
2017-01-24,3.172,3.176,3.161,3.171,0.0003154574132491206
2017-01-25,3.165,3.171,3.165,3.168,-0.000946073793755775
2017-01-26,3.161,3.196,3.161,3.183,0.004734848484848397
2017-01-27,3.179,3.183,3.146,3.154,-0.00911090166509576
2017-01-30,3.14,3.154,3.114,3.124,-0.009511731135066537
2017-01-31,3.129,3.158,3.104,3.153,0.009282970550576142
2017-02-01,3.145,3.164,3.134,3.151,-0.0006343165239455217
2017-02-02,3.119,3.131,3.109,3.123,-0.008886067914947504
2017-02-03,3.131,3.14,3.106,3.12,-0.0009606147934678733
2017-02-06,3.119,3.129,3.109,3.125,0.0016025641025640969
2017-02-07,3.131,3.137,3.119,3.123,-0.0006399999999999739
2017-02-08,3.121,3.131,3.114,3.119,-0.001280819724623794
2017-02-09,3.119,3.135,3.115,3.132,0.004168002564924667
2017-02-10,3.127,3.127,3.108,3.111,-0.006704980842911823
2017-02-13,3.114,3.125,3.111,3.113,0.0006428801028608433
2017-02-14,3.12,3.129,3.094,3.097,-0.005139736588499866
2017-02-15,3.088,3.096,3.057,3.069,-0.009041007426541792
2017-02-16,3.056,3.084,3.043,3.081,0.003910068426197455
2017-02-17,3.099,3.11,3.082,3.094,0.00421940928270037
2017-02-20,3.102,3.108,3.085,3.089,-0.001616031027795728
2017-02-21,3.099,3.109,3.089,3.09,0.0003237293622531112
2017-02-22,3.096,3.098,3.07,3.071,-0.006148867313915729
2017-02-23,3.07,3.081,3.056,3.059,-0.003907521979811146
2017-02-24,3.079,3.12,3.073,3.112,0.0173259235044132
2017-03-01,3.122,3.124,3.094,3.098,-0.00449871465295637
2017-03-02,3.099,3.154,3.098,3.154,0.018076178179470714
2017-03-03,3.157,3.163,3.114,3.116,-0.012048192771084265
2017-03-06,3.123,3.128,3.102,3.126,0.003209242618742003
2017-03-07,3.13,3.133,3.114,3.121,-0.0015994881637875213
2017-03-08,3.13,3.182,3.126,3.162,0.013136815123357959
2017-03-09,3.178,3.199,3.162,3.198,0.011385199240986799
2017-03-10,3.179,3.188,3.142,3.143,-0.017198248905565983
2017-03-13,3.134,3.161,3.13,3.155,0.0038180082723513475
2017-03-14,3.163,3.183,3.16,3.176,0.00665610142630757
2017-03-15,3.166,3.187,3.106,3.111,-0.02046599496221657
2017-03-16,3.12,3.124,3.094,3.118,0.0022500803600127295
2017-03-17,3.111,3.129,3.096,3.102,-0.005131494547787052
2017-03-20,3.099,3.117,3.069,3.071,-0.009993552546743945
2017-03-21,3.069,3.096,3.062,3.088,0.005535656138065725
2017-03-22,3.102,3.111,3.083,3.098,0.0032383419689119286
2017-03-23,3.099,3.143,3.098,3.138,0.01291155584247905
2017-03-24,3.136,3.15,3.107,3.109,-0.009241555130656387
2017-03-27,3.115,3.141,3.112,3.131,0.007076230299131403
2017-03-28,3.133,3.146,3.124,3.141,0.003193867773874315
2017-03-29,3.136,3.14,3.115,3.118,-0.007322508755173596
2017-03-30,3.124,3.144,3.12,3.144,0.00833867864015403
2017-03-31,3.144,3.179,3.124,3.128,-0.0050890585241730735
2017-04-03,3.133,3.135,3.112,3.114,-0.004475703324808289
2017-04-04,3.135,3.138,3.096,3.1,-0.004495825305073753
2017-04-05,3.1,3.116,3.086,3.114,0.004516129032257954
2017-04-06,3.124,3.149,3.11,3.146,0.010276172125883054
2017-04-07,3.143,3.16,3.12,3.154,0.002542911633820699
2017-04-10,3.149,3.151,3.132,3.139,-0.004755865567533379
2017-04-11,3.135,3.156,3.127,3.147,0.0025485823510671413
2017-04-12,3.146,3.159,3.135,3.151,0.0012710517953606892
2017-04-13,3.135,3.151,3.118,3.149,-0.0006347191367819249
2017-04-17,3.101,3.114,3.095,3.105,-0.013972689742775546
2017-04-18,3.11,3.125,3.089,3.118,0.004186795491143203
2017-04-19,3.114,3.147,3.111,3.14,0.007055805003207238
2017-04-20,3.142,3.172,3.135,3.159,0.006050955414012682
2017-04-24,3.125,3.136,3.119,3.133,-0.008230452674897082
2017-04-25,3.142,3.17,3.142,3.155,0.007022023619533968
2017-04-26,3.165,3.208,3.16,3.176,0.00665610142630757
2017-04-27,3.158,3.189,3.157,3.178,0.0006297229219143219
2017-04-28,3.184,3.216,3.172,3.175,-0.0009439899307741584
2017-05-02,3.168,3.197,3.148,3.156,-0.005984251968503829
2017-05-03,3.163,3.167,3.143,3.16,0.0012674271229404788
2017-05-04,3.16,3.197,3.16,3.187,0.008544303797468178
2017-05-05,3.188,3.197,3.17,3.177,-0.003137747097583854
2017-05-08,3.177,3.207,3.177,3.2,0.007239534151715521
2017-05-09,3.2,3.2,3.18,3.187,-0.00406250000000008
2017-05-10,3.174,3.175,3.154,3.165,-0.006903043614684634
2017-05-11,3.162,3.169,3.147,3.153,-0.0037914691943128354
2017-05-12,3.149,3.15,3.118,3.127,-0.008246114811290894
2017-05-15,3.11,3.113,3.097,3.11,-0.00543652062679878
2017-05-16,3.099,3.108,3.09,3.098,-0.0038585209003215715
2017-05-17,3.103,3.129,3.098,3.122,0.007746933505487386
2017-05-18,3.315,3.41,3.313,3.39,0.08584240871236393
2017-05-19,3.294,3.347,3.253,3.258,-0.038938053097345215
2017-05-22,3.258,3.32,3.258,3.274,0.0049109883364026885
2017-05-23,3.276,3.287,3.257,3.263,-0.003359804520464249
2017-05-24,3.276,3.284,3.25,3.275,0.003677597303095359
2017-05-25,3.278,3.299,3.264,3.292,0.005190839694656502
2017-05-26,3.271,3.277,3.254,3.27,-0.006682867557715633
2017-05-29,3.262,3.277,3.261,3.27,0.0
2017-05-30,3.27,3.273,3.258,3.263,-0.002140672782874664
2017-05-31,3.254,3.259,3.235,3.236,-0.008274593931964391
2017-06-01,3.232,3.255,3.216,3.25,0.00432632880098871
2017-06-02,3.247,3.26,3.221,3.253,0.0009230769230770264
2017-06-05,3.252,3.296,3.25,3.288,0.01075929910851503
2017-06-06,3.298,3.303,3.274,3.28,-0.0024330900243308973
2017-06-07,3.283,3.287,3.266,3.277,-0.0009146341463414087
2017-06-08,3.274,3.29,3.263,3.266,-0.0033567287152883596
2017-06-09,3.264,3.289,3.257,3.287,0.0064298836497242995
2017-06-12,3.286,3.328,3.278,3.315,0.008518405841192678
2017-06-13,3.311,3.335,3.301,3.306,-0.002714932126696823
2017-06-14,3.313,3.314,3.265,3.287,-0.005747126436781658
2017-06-16,3.294,3.298,3.281,3.29,0.0009126863401278662
2017-06-19,3.294,3.315,3.285,3.29,0.0
2017-06-20,3.298,3.344,3.296,3.334,0.013373860182370745
2017-06-21,3.322,3.338,3.315,3.332,-0.0005998800239952473
2017-06-22,3.325,3.35,3.323,3.335,0.0009003601440575881
2017-06-23,3.342,3.343,3.328,3.339,0.0011994002998501063
2017-06-26,3.335,3.335,3.298,3.301,-0.011380652890086829
2017-06-27,3.309,3.335,3.298,3.317,0.004847016055740783
2017-06-28,3.317,3.317,3.284,3.286,-0.009345794392523366
2017-06-29,3.275,3.315,3.275,3.305,0.005782105903834545
2017-06-30,3.299,3.316,3.288,3.316,0.0033282904689861947
2017-07-03,3.318,3.324,3.294,3.31,-0.001809408926417344
2017-07-04,3.305,3.311,3.3,3.309,-0.0003021148036252974
2017-07-05,3.309,3.331,3.293,3.293,-0.00483529767301305
2017-07-06,3.299,3.322,3.297,3.302,0.0027330701488004205
2017-07-07,3.293,3.307,3.272,3.285,-0.005148394912174448
2017-07-10,3.277,3.278,3.259,3.261,-0.007305936073059405
2017-07-11,3.264,3.269,3.248,3.255,-0.0018399264029439477
2017-07-12,3.24,3.241,3.206,3.208,-0.014439324116743424
2017-07-13,3.212,3.222,3.204,3.211,0.0009351620947630757
2017-07-14,3.206,3.211,3.181,3.183,-0.008720024914356861
2017-07-17,3.182,3.188,3.177,3.182,-0.0003141690229343519
2017-07-18,3.173,3.177,3.155,3.158,-0.007542426147077341
2017-07-19,3.163,3.163,3.146,3.149,-0.0028499050031665085
2017-07-20,3.155,3.157,3.129,3.13,-0.006033661479834862
2017-07-21,3.118,3.142,3.111,3.141,0.003514376996805124
2017-07-24,3.141,3.154,3.135,3.148,0.0022285896211398093
2017-07-25,3.144,3.173,3.14,3.169,0.006670902160101688
2017-07-26,3.165,3.177,3.139,3.144,-0.007888923950773119
2017-07-27,3.145,3.16,3.144,3.158,0.004452926208651231
2017-07-28,3.157,3.16,3.133,3.134,-0.007599746675110874
2017-07-31,3.139,3.145,3.117,3.118,-0.0051052967453733
2017-08-01,3.126,3.127,3.109,3.122,0.0012828736369467908
2017-08-02,3.131,3.139,3.115,3.121,-0.00032030749519540436
2017-08-03,3.12,3.128,3.111,3.115,-0.001922460749759658
2017-08-04,3.112,3.132,3.109,3.127,0.003852327447833037
2017-08-07,3.132,3.135,3.122,3.125,-0.0006395906619762748
2017-08-08,3.123,3.139,3.12,3.128,0.0009600000000000719
2017-08-09,3.139,3.154,3.136,3.151,0.007352941176470562
2017-08-10,3.159,3.173,3.148,3.172,0.006664550936210878
2017-08-11,3.172,3.182,3.156,3.174,0.0006305170239595537
2017-08-14,3.175,3.207,3.175,3.196,0.006931316950220534
2017-08-15,3.199,3.206,3.177,3.179,-0.005319148936170359
2017-08-16,3.165,3.179,3.149,3.151,-0.008807801195344411
2017-08-17,3.159,3.183,3.158,3.177,0.00825134877816569
2017-08-18,3.172,3.176,3.144,3.146,-0.009757632987094755
2017-08-21,3.15,3.173,3.138,3.168,0.006993006993007089
2017-08-22,3.156,3.171,3.147,3.168,0.0
2017-08-23,3.168,3.17,3.135,3.139,-0.009154040404040553
2017-08-24,3.138,3.15,3.134,3.146,0.0022300095571838874
2017-08-25,3.141,3.164,3.136,3.154,0.002542911633820699
2017-08-28,3.156,3.163,3.149,3.162,0.0025364616360177283
2017-08-29,3.161,3.177,3.159,3.164,0.0006325110689437974
2017-08-30,3.169,3.175,3.158,3.163,-0.00031605562579029023
2017-08-31,3.169,3.17,3.139,3.149,-0.0044261776794182195
2017-09-01,3.141,3.146,3.123,3.146,-0.0009526833915528554
2017-09-04,3.145,3.146,3.134,3.137,-0.0028607755880483143
2017-09-05,3.116,3.129,3.113,3.12,-0.005419190309212563
2017-09-06,3.114,3.12,3.103,3.104,-0.00512820512820511
2017-09-08,3.086,3.101,3.083,3.095,-0.002899484536082464
2017-09-11,3.09,3.103,3.08,3.102,0.0022617124394184174
2017-09-12,3.106,3.138,3.105,3.131,0.009348807221147615
2017-09-13,3.128,3.143,3.124,3.137,0.0019163206643246777
2017-09-14,3.142,3.15,3.117,3.117,-0.006375518010838355
2017-09-15,3.13,3.132,3.114,3.115,-0.0006416426050689372
2017-09-18,3.112,3.136,3.109,3.133,0.005778491171749556
2017-09-19,3.131,3.141,3.126,3.14,0.00223428024257899
2017-09-20,3.14,3.14,3.116,3.132,-0.002547770700636942
2017-09-21,3.142,3.148,3.126,3.145,0.0041507024265645676
2017-09-22,3.145,3.145,3.123,3.127,-0.005723370429252861
2017-09-25,3.134,3.161,3.127,3.156,0.009274064598656873
2017-09-26,3.164,3.176,3.154,3.17,0.004435994930291454
2017-09-27,3.188,3.199,3.181,3.194,0.007570977917981114
2017-09-28,3.189,3.201,3.178,3.183,-0.003443957420162791
2017-09-29,3.184,3.191,3.158,3.171,-0.0037700282752121117
2017-10-02,3.172,3.179,3.152,3.155,-0.005045726900031577
2017-10-03,3.158,3.166,3.142,3.146,-0.0028526148969888476
2017-10-04,3.134,3.141,3.124,3.13,-0.005085823267641509
2017-10-05,3.135,3.156,3.127,3.154,0.007667731629392938
2017-10-06,3.155,3.179,3.153,3.16,0.0019023462270133518
2017-10-09,3.158,3.19,3.158,3.186,0.008227848101265867
2017-10-10,3.174,3.183,3.163,3.182,-0.0012554927809165228
2017-10-11,3.169,3.173,3.161,3.168,-0.00439974858579506
2017-10-13,3.174,3.18,3.149,3.152,-0.005050505050505083
2017-10-16,3.161,3.174,3.154,3.173,0.006662436548223294
2017-10-17,3.172,3.184,3.168,3.17,-0.0009454774661203924
2017-10-18,3.163,3.182,3.157,3.166,-0.0012618296529968154
2017-10-19,3.164,3.18,3.164,3.176,0.0031585596967782514
2017-10-20,3.183,3.195,3.172,3.19,0.004408060453400475
2017-10-23,3.193,3.229,3.191,3.227,0.011598746081504574
2017-10-24,3.234,3.268,3.226,3.257,0.009296560272699095
2017-10-25,3.244,3.261,3.23,3.246,-0.00337734111145227
2017-10-26,3.231,3.29,3.231,3.281,0.010782501540357314
2017-10-27,3.29,3.303,3.246,3.247,-0.010362694300518172
2017-10-30,3.24,3.286,3.236,3.286,0.012011087157375977
2017-10-31,3.287,3.295,3.266,3.276,-0.003043213633597164
2017-11-01,3.269,3.293,3.258,3.268,-0.0024420024420024333
2017-11-03,3.27,3.335,3.251,3.303,0.010709914320685465
2017-11-06,3.302,3.302,3.258,3.26,-0.013018468059340038
2017-11-07,3.268,3.289,3.256,3.276,0.004907975460122671
2017-11-08,3.265,3.269,3.243,3.262,-0.004273504273504258
2017-11-09,3.25,3.268,3.237,3.26,-0.0006131207847946962
2017-11-10,3.255,3.283,3.252,3.281,0.006441717791411117
2017-11-13,3.288,3.301,3.281,3.296,0.004571776897287272
2017-11-14,3.272,3.313,3.268,3.31,0.0042475728155340065
2017-11-16,3.305,3.311,3.271,3.279,-0.009365558912386773
2017-11-17,3.275,3.289,3.257,3.261,-0.0054894784995425105
2017-11-21,3.255,3.266,3.242,3.252,-0.002759889604415977
2017-11-22,3.253,3.266,3.233,3.237,-0.004612546125461137
2017-11-23,3.23,3.243,3.22,3.223,-0.004324992276799611
2017-11-24,3.232,3.237,3.223,3.231,0.002482159478746526
2017-11-27,3.223,3.234,3.215,3.219,-0.00371402042711233
2017-11-28,3.231,3.231,3.204,3.21,-0.002795899347623476
2017-11-29,3.217,3.249,3.202,3.243,0.010280373831775602
2017-11-30,3.239,3.306,3.237,3.274,0.00955905026210302
2017-12-01,3.281,3.285,3.25,3.26,-0.004276114844227297
2017-12-04,3.259,3.263,3.243,3.246,-0.004294478527607337
2017-12-05,3.245,3.247,3.221,3.233,-0.00400492914356132
2017-12-06,3.247,3.249,3.227,3.244,0.003402412619857742
2017-12-07,3.244,3.319,3.244,3.291,0.014488286066584477
2017-12-08,3.275,3.312,3.267,3.298,0.002127013065937433
2017-12-11,3.298,3.304,3.274,3.298,0.0
2017-12-12,3.304,3.335,3.299,3.328,0.0090964220739842
2017-12-13,3.294,3.321,3.29,3.309,-0.00570913461538447
2017-12-14,3.322,3.348,3.312,3.341,0.0096705953460261
2017-12-15,3.335,3.338,3.306,3.31,-0.009278659084106633
2017-12-18,3.298,3.302,3.28,3.296,-0.004229607250755385
2017-12-19,3.297,3.308,3.284,3.303,0.0021237864077670032
2017-12-20,3.288,3.301,3.283,3.291,-0.0036330608537693543
2017-12-21,3.295,3.318,3.293,3.311,0.006077180188392539
2017-12-22,3.305,3.337,3.305,3.332,0.00634249471458781
2017-12-26,3.333,3.334,3.312,3.316,-0.004801920768307322
2017-12-27,3.307,3.316,3.295,3.313,-0.000904704463208561
2017-12-28,3.313,3.318,3.297,3.314,0.0003018412315121122
2017-12-29,3.318,3.318,3.308,3.308,-0.0018105009052504784
2018-01-02,3.293,3.293,3.259,3.26,-0.0145102781136639
2018-01-03,3.252,3.268,3.239,3.243,-0.005214723926380338
2018-01-04,3.233,3.244,3.223,3.235,-0.0024668516805427254
2018-01-05,3.237,3.25,3.228,3.233,-0.0006182380216382954
2018-01-08,3.233,3.246,3.226,3.238,0.0015465511908443474
2018-01-09,3.248,3.257,3.231,3.247,0.002779493514515119
2018-01-10,3.256,3.257,3.228,3.231,-0.004927625500461996
2018-01-11,3.233,3.238,3.222,3.223,-0.0024760136180749237
2018-01-12,3.22,3.23,3.208,3.21,-0.004033509152963077
2018-01-15,3.195,3.213,3.194,3.212,0.0006230529595017131
2018-01-16,3.212,3.238,3.212,3.231,0.005915317559153088
2018-01-17,3.23,3.24,3.215,3.216,-0.004642525533890329
2018-01-18,3.223,3.226,3.203,3.21,-0.001865671641791078
2018-01-19,3.208,3.215,3.2,3.203,-0.002180685358255441
2018-01-22,3.192,3.212,3.185,3.211,0.0024976584452076622
2018-01-23,3.21,3.245,3.21,3.241,0.009342883836811033
2018-01-24,3.241,3.241,3.169,3.172,-0.02128972539339713
2018-01-25,3.146,3.147,3.132,3.139,-0.0104035308953343
2018-01-26,3.132,3.157,3.122,3.147,0.0025485823510671413
2018-01-29,3.161,3.173,3.159,3.17,0.007308547823323908
2018-01-30,3.159,3.196,3.15,3.179,0.0028391167192429734
2018-01-31,3.164,3.192,3.147,3.186,0.002201950298836186
2018-02-01,3.194,3.197,3.163,3.171,-0.004708097928436961
2018-02-02,3.192,3.224,3.184,3.215,0.0138757489750867
2018-02-05,3.216,3.249,3.215,3.247,0.009953343701399664
2018-02-06,3.259,3.279,3.239,3.243,-0.001231906375115499
2018-02-07,3.248,3.284,3.239,3.277,0.010484119642306666
2018-02-08,3.277,3.304,3.258,3.282,0.0015257857796764362
2018-02-09,3.274,3.32,3.269,3.313,0.009445460085313773
2018-02-14,3.292,3.297,3.225,3.231,-0.024750980984002524
2018-02-15,3.205,3.242,3.199,3.237,0.0018570102135562205
2018-02-16,3.237,3.248,3.204,3.217,-0.006178560395427857
2018-02-19,3.226,3.239,3.223,3.235,0.005595275101025754
2018-02-20,3.248,3.258,3.241,3.255,0.0061823802163833985
2018-02-21,3.259,3.263,3.244,3.25,-0.001536098310291778
2018-02-22,3.264,3.274,3.243,3.246,-0.0012307692307692575
2018-02-23,3.245,3.251,3.233,3.243,-0.0009242144177449285
2018-02-26,3.238,3.243,3.231,3.238,-0.0015417823003391895
2018-02-27,3.227,3.256,3.224,3.25,0.0037059913526868993
2018-02-28,3.248,3.253,3.237,3.242,-0.002461538461538515
2018-03-01,3.255,3.272,3.24,3.258,0.004935225169648394
2018-03-02,3.264,3.268,3.251,3.253,-0.0015346838551257846
2018-03-05,3.258,3.265,3.247,3.25,-0.0009222256378728089
2018-03-06,3.226,3.233,3.207,3.209,-0.012615384615384584
2018-03-07,3.226,3.249,3.221,3.244,0.0109068245559365
2018-03-08,3.25,3.268,3.241,3.264,0.006165228113440113
2018-03-09,3.263,3.268,3.241,3.252,-0.003676470588235281
2018-03-12,3.254,3.268,3.251,3.258,0.0018450184501845879
2018-03-13,3.258,3.266,3.238,3.265,0.0021485573971762317
2018-03-14,3.251,3.268,3.248,3.262,-0.0009188361408882795
2018-03-15,3.271,3.298,3.27,3.289,0.008277130594727122
2018-03-16,3.295,3.3,3.274,3.277,-0.00364852538765581
2018-03-19,3.296,3.297,3.284,3.287,0.0030515715593530945
2018-03-20,3.284,3.311,3.281,3.311,0.0073014907210222635
2018-03-21,3.301,3.308,3.27,3.27,-0.012382965871337914
2018-03-22,3.27,3.308,3.27,3.306,0.011009174311926717
2018-03-23,3.316,3.317,3.295,3.316,0.003024803387779773
2018-03-26,3.297,3.313,3.294,3.305,-0.0033172496984317235
2018-03-27,3.305,3.337,3.305,3.333,0.008472012102874515
2018-03-28,3.326,3.346,3.322,3.328,-0.001500150015001589
2018-03-29,3.32,3.33,3.294,3.302,-0.007812499999999889
2018-04-02,3.302,3.325,3.299,3.32,0.005451241671714069
2018-04-03,3.31,3.342,3.305,3.34,0.006024096385542244
2018-04-04,3.358,3.369,3.331,3.336,-0.0011976047904191933
2018-04-05,3.299,3.35,3.297,3.341,0.0014988009592327156
2018-04-06,3.341,3.381,3.341,3.367,0.0077821011673151474
2018-04-09,3.364,3.413,3.364,3.412,0.01336501336501339
2018-04-10,3.407,3.437,3.402,3.408,-0.0011723329425556983
2018-04-11,3.419,3.424,3.376,3.38,-0.008215962441314506
2018-04-12,3.37,3.408,3.366,3.408,0.008284023668639007
2018-04-13,3.405,3.432,3.399,3.424,0.0046948356807512415
2018-04-16,3.422,3.436,3.408,3.423,-0.00029205607476634476
2018-04-17,3.423,3.423,3.392,3.404,-0.0055506865322816346
2018-04-18,3.399,3.403,3.374,3.377,-0.007931844888366624
2018-04-19,3.384,3.411,3.382,3.387,0.0029612081729346595
2018-04-20,3.395,3.418,3.394,3.413,0.007676409802184869
2018-04-23,3.431,3.453,3.425,3.448,0.010254907705830707
2018-04-24,3.44,3.482,3.437,3.472,0.006960556844547661
2018-04-25,3.502,3.516,3.484,3.485,0.003744239631336299
2018-04-26,3.481,3.508,3.476,3.481,-0.0011477761836441447
2018-04-27,3.473,3.481,3.457,3.463,-0.005170927894283195
2018-04-30,3.475,3.508,3.466,3.505,0.012128212532486193
2018-05-02,3.527,3.555,3.518,3.554,0.013980028530670374
2018-05-03,3.523,3.568,3.523,3.53,-0.006752954417557633
2018-05-04,3.539,3.549,3.515,3.522,-0.002266288951841333
2018-05-07,3.545,3.559,3.538,3.553,0.008801817149346913
2018-05-08,3.561,3.595,3.556,3.572,0.005347593582887722
2018-05-09,3.572,3.611,3.562,3.608,0.010078387458006821
2018-05-10,3.607,3.607,3.544,3.547,-0.01690687361419063
2018-05-11,3.549,3.612,3.545,3.603,0.015787989850577944
2018-05-14,3.603,3.641,3.573,3.631,0.007771301693033417
2018-05-15,3.654,3.694,3.644,3.661,0.008262186725420007
2018-05-16,3.665,3.696,3.663,3.676,0.0040972411909314665
2018-05-17,3.676,3.714,3.652,3.706,0.008161044613710589
2018-05-18,3.713,3.777,3.713,3.745,0.010523475445223918
2018-05-21,3.744,3.744,3.684,3.69,-0.01468624833110821
2018-05-22,3.664,3.664,3.63,3.642,-0.013008130081300862
2018-05-23,3.673,3.679,3.619,3.63,-0.0032948929159802853
2018-05-24,3.652,3.657,3.632,3.648,0.0049586776859504855
2018-05-25,3.655,3.679,3.643,3.675,0.0074013157894736725
2018-05-28,3.663,3.739,3.663,3.736,0.016598639455782438
2018-05-29,3.763,3.77,3.714,3.746,0.002676659528907832
2018-05-30,3.696,3.768,3.694,3.741,-0.0013347570742124892
2018-06-01,3.741,3.779,3.723,3.764,0.006148088746324332
2018-06-04,3.747,3.755,3.727,3.739,-0.006641870350690748
2018-06-05,3.763,3.816,3.759,3.806,0.017919229740572362
2018-06-06,3.807,3.849,3.805,3.823,0.004466631634261642
2018-06-07,3.854,3.968,3.852,3.921,0.025634318597959727
2018-06-08,3.847,3.869,3.696,3.713,-0.053047691915327655
2018-06-11,3.72,3.73,3.674,3.72,0.00188526797737687
2018-06-12,3.717,3.73,3.671,3.715,-0.0013440860215054862
2018-06-13,3.706,3.739,3.687,3.712,-0.0008075370121130021
2018-06-14,3.703,3.816,3.687,3.8,0.023706896551723977
2018-06-15,3.764,3.805,3.717,3.728,-0.01894736842105249
2018-06-18,3.746,3.766,3.731,3.749,0.005633047210300335
2018-06-19,3.783,3.783,3.719,3.743,-0.001600426780474895
2018-06-20,3.746,3.783,3.707,3.78,0.009885118888592004
2018-06-21,3.794,3.804,3.756,3.768,-0.0031746031746031633
2018-06-22,3.757,3.784,3.738,3.777,0.0023885350318473275
2018-06-25,3.777,3.788,3.762,3.777,0.0
2018-06-26,3.783,3.8,3.763,3.799,0.005824728620598352
2018-06-27,3.795,3.876,3.792,3.871,0.018952355883127048
2018-06-28,3.854,3.876,3.835,3.863,-0.002066649444588009
2018-06-29,3.843,3.878,3.832,3.877,0.003624126326688959
2018-07-02,3.89,3.921,3.882,3.912,0.009027598658756908
2018-07-03,3.886,3.902,3.874,3.895,-0.0043456032719836335
2018-07-04,3.9,3.921,3.887,3.915,0.005134788189987249
2018-07-05,3.915,3.943,3.887,3.935,0.005108556832694733
2018-07-06,3.935,3.953,3.862,3.866,-0.01753494282083856
2018-07-09,3.8647,3.953,3.862,3.862,-0.0010346611484738366
2018-07-10,3.858,3.888,3.797,3.798,-0.016571724495080264
2018-07-11,3.841,3.883,3.815,3.882,0.02211690363349139
2018-07-12,3.859,3.903,3.837,3.884,0.0005151983513651537
2018-07-13,3.891,3.9,3.846,3.851,-0.008496395468589046
2018-07-16,3.839,3.873,3.835,3.859,0.002077382498052449
2018-07-17,3.873,3.88,3.84,3.843,-0.0041461518528116414
2018-07-18,3.855,3.864,3.821,3.836,-0.0018214936247723523
2018-07-19,3.871,3.893,3.854,3.865,0.007559958289885316
2018-07-20,3.865,3.865,3.759,3.775,-0.023285899094437346
2018-07-23,3.78,3.804,3.773,3.785,0.0026490066225166586
2018-07-24,3.774,3.778,3.733,3.745,-0.010568031704095149
2018-07-25,3.745,3.745,3.699,3.705,-0.010680907877169576
2018-07-26,3.707,3.746,3.7,3.742,0.009986504723346723
2018-07-27,3.739,3.742,3.707,3.717,-0.00668091929449488
2018-07-30,3.697,3.732,3.697,3.73,0.0034974441754103136
2018-07-31,3.725,3.764,3.723,3.754,0.006434316353887359
2018-08-01,3.752,3.77,3.732,3.758,0.0010655301012254537
2018-08-02,3.775,3.782,3.753,3.757,-0.000266098988823793
2018-08-03,3.745,3.75,3.701,3.706,-0.013574660633484226
2018-08-06,3.7,3.733,3.692,3.73,0.0064759848893685135
2018-08-07,3.718,3.768,3.704,3.766,0.00965147453083115
2018-08-08,3.761,3.773,3.737,3.77,0.0010621348911312722
2018-08-09,3.79,3.821,3.779,3.798,0.007427055702917684
2018-08-10,3.834,3.875,3.826,3.862,0.01685097419694581
2018-08-13,3.901,3.93,3.88,3.901,0.010098394614189488
2018-08-14,3.86,3.904,3.859,3.865,-0.009228402973596395
2018-08-15,3.943,3.943,3.885,3.902,0.009573091849935267
2018-08-16,3.902,3.944,3.868,3.903,0.00025627883136847274
2018-08-17,3.93,3.953,3.916,3.917,0.003586984370996582
2018-08-20,3.92,3.972,3.917,3.959,0.010722491702833903
2018-08-21,3.959,4.031,3.958,4.029,0.01768123263450372
2018-08-22,4.044,4.092,4.034,4.057,0.006949615289153721
2018-08-23,4.056,4.129,4.042,4.121,0.015775203352230704
2018-08-24,4.095,4.134,4.075,4.104,-0.0041252123271051655
2018-08-27,4.11,4.115,4.051,4.088,-0.003898635477582846
2018-08-28,4.073,4.148,4.065,4.142,0.013209393346379716
2018-08-29,4.162,4.165,4.115,4.121,-0.005070014485755614
2018-08-30,4.133,4.221,4.121,4.167,0.01116233923804888
2018-08-31,4.166,4.178,4.057,4.06,-0.025677945764338905
2018-09-03,4.09,4.173,4.086,4.149,0.02192118226600992
2018-09-04,4.195,4.195,4.141,4.155,0.001446131597975464
2018-09-05,4.18,4.187,4.113,4.14,-0.00361010830324926
2018-09-06,4.128,4.166,4.104,4.117,-0.005555555555555536
2018-09-10,4.062,4.128,4.054,4.094,-0.005586592178770888
2018-09-11,4.136,4.181,4.135,4.162,0.01660967269174396
2018-09-12,4.126,4.152,4.112,4.15,-0.0028832292167225715
2018-09-13,4.15,4.206,4.128,4.198,0.011566265060241054
2018-09-14,4.198,4.211,4.16,4.166,-0.0076226774654597484
2018-09-17,4.179,4.204,4.118,4.124,-0.010081613058089411
2018-09-18,4.125,4.152,4.122,4.136,0.0029097963142581396
2018-09-19,4.174,4.177,4.101,4.128,-0.0019342359767892114
2018-09-20,4.112,4.123,4.073,4.077,-0.012354651162790775
2018-09-21,4.084,4.096,4.03,4.044,-0.008094186902134037
2018-09-24,4.077,4.096,4.038,4.085,0.010138476755687575
2018-09-25,4.126,4.143,4.078,4.087,0.0004895960832311808
2018-09-26,4.075,4.095,4.011,4.026,-0.01492537313432829
2018-09-27,4.042,4.056,3.968,3.993,-0.008196721311475419
2018-09-28,4.04,4.051,3.991,4.042,0.012271475081392369
2018-10-01,4.053,4.064,4.005,4.024,-0.004453240969816918
2018-10-02,3.984,3.999,3.907,3.933,-0.02261431411530823
2018-10-03,3.879,3.923,3.825,3.892,-0.0104246122552758
2018-10-04,3.921,3.936,3.881,3.898,0.0015416238437822027
2018-10-05,3.845,3.896,3.845,3.855,-0.011031298101590647
2018-10-08,3.73,3.782,3.714,3.766,-0.023086900129701715
2018-10-09,3.788,3.792,3.703,3.712,-0.014338821030270843
2018-10-10,3.712,3.766,3.712,3.76,0.012931034482758452
2018-10-11,3.727,3.787,3.719,3.775,0.003989361702127603
2018-10-15,3.758,3.765,3.715,3.741,-0.009006622516556262
2018-10-16,3.722,3.732,3.692,3.724,-0.004544239508152859
2018-10-17,3.741,3.747,3.666,3.683,-0.011009667024704739
2018-10-18,3.692,3.722,3.675,3.711,0.007602497963616672
2018-10-19,3.703,3.727,3.689,3.708,-0.0008084074373483352
2018-10-22,3.697,3.721,3.671,3.688,-0.005393743257820938
2018-10-23,3.688,3.724,3.688,3.703,0.004067245119305785
2018-10-24,3.697,3.741,3.684,3.741,0.010261949770456358
2018-10-25,3.718,3.734,3.683,3.703,-0.010157711841753625
2018-10-26,3.727,3.731,3.645,3.652,-0.01377261679719144
2018-10-29,3.652,3.718,3.585,3.717,0.017798466593647255
2018-10-30,3.694,3.737,3.68,3.696,-0.005649717514124242
2018-10-31,3.696,3.745,3.687,3.712,0.0043290043290042934
2018-11-01,3.711,3.715,3.681,3.689,-0.006196120689655249
2018-11-05,3.696,3.723,3.694,3.718,0.007861208999728975
2018-11-06,3.733,3.77,3.73,3.753,0.009413663259817184
2018-11-07,3.736,3.789,3.724,3.739,-0.0037303490540900874
2018-11-08,3.741,3.763,3.718,3.745,0.0016047071409468483
2018-11-09,3.745,3.773,3.734,3.738,-0.0018691588785046953
2018-11-12,3.747,3.763,3.738,3.753,0.0040128410914928025
2018-11-13,3.759,3.824,3.755,3.816,0.01678657074340517
2018-11-14,3.798,3.82,3.769,3.788,-0.007337526205450695
2018-11-16,3.775,3.784,3.732,3.74,-0.012671594508975592
2018-11-19,3.74,3.774,3.74,3.764,0.0064171122994651775
2018-11-20,3.755,3.758,3.755,3.758,-0.0015940488841656997
2018-11-21,3.773,3.8,3.768,3.787,0.007716870675891441
2018-11-22,3.794,3.826,3.792,3.806,0.005017163982043771
2018-11-23,3.815,3.831,3.797,3.818,0.0031529164477142047
2018-11-26,3.818,3.913,3.818,3.908,0.023572551073860692
2018-11-27,3.922,3.925,3.876,3.885,-0.005885363357216011
2018-11-28,3.88,3.889,3.836,3.844,-0.010553410553410525
2018-11-29,3.845,3.875,3.834,3.853,0.002341311134235191
2018-11-30,3.853,3.889,3.839,3.865,0.0031144562678433463
2018-12-03,3.822,3.845,3.817,3.832,-0.00853816300129373
2018-12-04,3.829,3.867,3.82,3.865,0.008611691022964552
2018-12-05,3.865,3.884,3.836,3.871,0.0015523932729624157
2018-12-06,3.894,3.944,3.882,3.89,0.0049082924308965215
2018-12-07,3.88,3.925,3.86,3.884,-0.0015424164524422412
2018-12-10,3.906,3.946,3.893,3.923,0.010041194644696327
2018-12-11,3.902,3.924,3.89,3.919,-0.0010196278358398647
2018-12-12,3.919,3.919,3.839,3.849,-0.01786169941311555
2018-12-13,3.86,3.897,3.853,3.882,0.00857365549493383
2018-12-14,3.913,3.922,3.891,3.906,0.0061823802163833985
2018-12-17,3.911,3.93,3.881,3.898,-0.0020481310803891484
2018-12-18,3.898,3.918,3.885,3.902,0.0010261672652642773
2018-12-19,3.903,3.905,3.866,3.872,-0.0076883649410559585
2018-12-20,3.871,3.877,3.835,3.847,-0.0064566115702479054
2018-12-21,3.86,3.897,3.846,3.891,0.011437483753574229
2018-12-24,3.8829,3.8855,3.8881,3.8855,-0.001413518375738887
2018-12-26,3.901,3.942,3.895,3.925,0.010166001801569902
2018-12-27,3.927,3.942,3.881,3.896,-0.00738853503184711
2018-12-28,3.869,3.896,3.83,3.875,-0.005390143737166286
2018-12-31,3.8748,3.8748,3.8748,3.8748,-5.161290322575063e-05
2019-01-02,3.884,3.897,3.801,3.811,-0.01646536595437187
2019-01-03,3.793,3.809,3.74,3.758,-0.013907110994489602
2019-01-04,3.745,3.787,3.711,3.716,-0.011176157530601305
2019-01-07,3.721,3.736,3.692,3.736,0.005382131324004336
2019-01-08,3.742,3.743,3.705,3.712,-0.0064239828693790635
2019-01-09,3.708,3.713,3.678,3.688,-0.006465517241379337
2019-01-10,3.689,3.726,3.677,3.715,0.007321041214750412
2019-01-11,3.697,3.731,3.693,3.717,0.0005383580080753347
2019-01-14,3.721,3.736,3.686,3.699,-0.004842615012106588
2019-01-15,3.706,3.728,3.697,3.727,0.0075696134090295075
2019-01-16,3.714,3.739,3.71,3.728,0.0002683123155353684
2019-01-17,3.735,3.775,3.729,3.744,0.0042918454935623185
2019-01-18,3.748,3.773,3.729,3.754,0.0026709401709401615
2019-01-21,3.762,3.781,3.758,3.76,0.0015982951518380695
2019-01-22,3.766,3.807,3.747,3.797,0.009840425531914887
2019-01-23,3.8,3.813,3.763,3.768,-0.007637608638398796
2019-01-24,3.776,3.795,3.739,3.768,0.0
2019-01-25,3.769,3.769,3.762,3.762,-0.0015923566878980333
2019-01-28,3.78,3.788,3.753,3.765,0.0007974481658692412
2019-01-29,3.764,3.765,3.723,3.726,-0.01035856573705185
2019-01-30,3.715,3.733,3.704,3.72,-0.0016103059581319412
2019-01-31,3.668,3.682,3.638,3.657,-0.01693548387096777
2019-02-01,3.654,3.683,3.641,3.664,0.001914137270987215
2019-02-04,3.664,3.689,3.661,3.674,0.0027292576419213344
2019-02-05,3.666,3.685,3.662,3.667,-0.0019052803483941005
2019-02-06,3.692,3.717,3.687,3.703,0.009817289337332946
2019-02-07,3.708,3.738,3.702,3.704,0.0002700513097488866
2019-02-08,3.715,3.749,3.705,3.735,0.008369330453563695
2019-02-11,3.736,3.776,3.729,3.764,0.007764390896920936
2019-02-12,3.745,3.748,3.704,3.706,-0.01540913921360254
2019-02-13,3.715,3.762,3.715,3.751,0.01214247166756599
2019-02-14,3.753,3.795,3.736,3.745,-0.0015995734470807266
2019-02-15,3.718,3.727,3.701,3.703,-0.01121495327102806
2019-02-18,3.72,3.743,3.712,3.736,0.008911693221712147
2019-02-19,3.736,3.745,3.705,3.71,-0.006959314775160652
2019-02-20,3.724,3.735,3.692,3.725,0.0040431266846361336
2019-02-21,3.722,3.772,3.718,3.745,0.005369127516778427
2019-02-22,3.759,3.765,3.727,3.74,-0.001335113484646211
2019-02-25,3.731,3.743,3.721,3.741,0.0002673796791443639
2019-02-26,3.755,3.767,3.743,3.745,0.0010692328254477967
2019-02-27,3.743,3.748,3.723,3.732,-0.0034712950600800374
2019-02-28,3.733,3.757,3.719,3.753,0.00562700964630225
2019-03-01,3.75,3.796,3.747,3.778,0.006661337596589378
2019-03-06,3.798,3.846,3.782,3.84,0.0164107993647431
2019-03-07,3.843,3.903,3.818,3.894,0.014062500000000089
2019-03-08,3.871,3.904,3.851,3.873,-0.005392912172573205
2019-03-11,3.855,3.861,3.835,3.843,-0.0077459333849729806
2019-03-12,3.842,3.845,3.804,3.813,-0.0078064012490240975
2019-03-13,3.804,3.836,3.803,3.803,-0.00262260687123006
2019-03-14,3.822,3.855,3.819,3.848,0.011832763607678043
2019-03-15,3.836,3.871,3.809,3.818,-0.0077962577962576995
2019-03-18,3.805,3.828,3.785,3.791,-0.007071765322158252
2019-03-19,3.785,3.79,3.766,3.786,-0.0013189132155103644
2019-03-20,3.786,3.8,3.74,3.748,-0.010036978341257163
2019-03-21,3.787,3.839,3.765,3.803,0.014674493062966754
2019-03-22,3.87,3.908,3.855,3.903,0.02629503023928481
2019-03-25,3.903,3.937,3.858,3.86,-0.011017166282346946
2019-03-26,3.851,3.88,3.835,3.871,0.0028497409326424528
2019-03-27,3.921,3.962,3.906,3.954,0.02144148798760015
2019-03-28,3.993,4.017,3.903,3.912,-0.01062215477996975
2019-03-29,3.873,3.919,3.869,3.918,0.0015337423312884457
2019-04-01,3.891,3.893,3.865,3.875,-0.010974987238386968
2019-04-02,3.851,3.88,3.849,3.855,-0.005161290322580614
2019-04-03,3.836,3.878,3.835,3.875,0.005188067444876765
2019-04-04,3.868,3.889,3.849,3.855,-0.005161290322580614
2019-04-05,3.856,3.873,3.843,3.869,0.0036316472114137355
2019-04-08,3.866,3.877,3.843,3.849,-0.0051692943913156375
2019-04-09,3.849,3.865,3.848,3.856,0.0018186541958948865
2019-04-10,3.837,3.848,3.816,3.821,-0.009076763485477146
2019-04-11,3.839,3.864,3.832,3.859,0.009945040565296992
2019-04-15,3.88,3.891,3.861,3.871,0.003109613889608731
2019-04-16,3.876,3.909,3.876,3.902,0.008008266597778313
2019-04-17,3.902,3.948,3.887,3.935,0.008457201435161377
2019-04-18,3.924,3.952,3.906,3.931,-0.0010165184243964287
2019-04-22,3.931,3.937,3.915,3.936,0.0012719409819383909
2019-04-23,3.933,3.965,3.915,3.924,-0.0030487804878048808
2019-04-24,3.92,3.995,3.92,3.986,0.015800203873598484
2019-04-25,4.004,4.007,3.95,3.951,-0.008780732563973936
2019-04-26,3.958,3.976,3.921,3.931,-0.0050620096178183305
2019-04-29,3.931,3.946,3.922,3.942,0.002798270160264682
2019-04-30,3.933,3.958,3.914,3.921,-0.0053272450532725335
2019-05-02,3.933,3.972,3.927,3.961,0.01020147921448622
2019-05-03,3.965,3.968,3.932,3.94,-0.0053016914920474
2019-05-06,3.965,3.975,3.949,3.959,0.004822335025380653
2019-05-07,3.966,4.001,3.965,3.977,0.004546602677443667
2019-05-08,3.978,3.978,3.927,3.929,-0.01206939904450588
2019-05-09,3.942,3.982,3.933,3.951,0.0055993891575465415
2019-05-10,3.943,3.974,3.937,3.944,-0.0017717033662364434
2019-05-13,3.981,4.005,3.974,3.984,0.010141987829614507
2019-05-14,3.986,3.996,3.968,3.975,-0.0022590361445783413
2019-05-15,4.004,4.022,3.975,3.996,0.005283018867924483
2019-05-16,4.002,4.042,3.995,4.039,0.010760760760760713
2019-05-17,4.058,4.114,4.049,4.102,0.015597920277296451
2019-05-20,4.087,4.123,4.079,4.102,0.0
2019-05-21,4.09,4.114,4.05,4.054,-0.011701608971233513
2019-05-22,4.044,4.052,4.008,4.044,-0.0024666995559942118
2019-05-23,4.055,4.071,4.027,4.048,0.0009891196834819205
2019-05-24,4.039,4.048,4.01,4.013,-0.008646245059288571
2019-05-27,4.015,4.041,4.005,4.038,0.006229753301769447
2019-05-28,4.044,4.054,4.012,4.021,-0.0042100049529470995
2019-05-29,4.038,4.041,3.976,3.978,-0.010693857249440386
2019-05-30,3.974,3.994,3.956,3.977,-0.0002513826043238909
2019-05-31,3.996,3.999,3.91,3.928,-0.012320844857933055
2019-06-03,3.933,3.934,3.884,3.892,-0.009164969450101812
2019-06-04,3.877,3.89,3.851,3.859,-0.008478931140801671
2019-06-05,3.858,3.904,3.84,3.898,0.010106245141228376
2019-06-06,3.871,3.886,3.858,3.879,-0.004874294510005206
2019-06-07,3.885,3.886,3.851,3.877,-0.0005155968032998226
2019-06-10,3.893,3.9,3.868,3.88,0.0007737941707506302
2019-06-11,3.882,3.885,3.844,3.849,-0.007989690721649456
2019-06-12,3.849,3.864,3.832,3.861,0.003117692907248726
2019-06-13,3.852,3.862,3.836,3.857,-0.0010360010360009886
2019-06-14,3.858,3.915,3.85,3.894,0.009592947886958747
2019-06-17,3.893,3.925,3.881,3.902,0.0020544427324087344
2019-06-18,3.876,3.878,3.851,3.861,-0.010507432086109714
2019-06-19,3.867,3.885,3.842,3.851,-0.002590002590002638
2019-06-21,3.835,3.847,3.815,3.823,-0.007270838743183572
2019-06-24,3.818,3.838,3.809,3.827,0.001046298718283989
2019-06-25,3.828,3.86,3.822,3.853,0.006793833289783224
2019-06-26,3.853,3.858,3.833,3.85,-0.0007786140669608921
2019-06-27,3.865,3.874,3.828,3.829,-0.005454545454545379
2019-06-28,3.821,3.845,3.816,3.838,0.0023504831548706306
2019-07-01,3.838,3.85,3.811,3.847,0.002344971339239166
2019-07-02,3.84,3.882,3.82,3.848,0.0002599428125811265
2019-07-03,3.864,3.876,3.818,3.822,-0.006756756756756688
2019-07-04,3.808,3.81,3.786,3.798,-0.006279434850863463
2019-07-05,3.803,3.839,3.799,3.819,0.005529225908372792
2019-07-08,3.816,3.818,3.801,3.807,-0.00314218381775333
2019-07-09,3.7826,3.7882,3.7826,3.7858,-0.005568689256632453
2019-07-10,3.788,3.793,3.753,3.754,-0.008399809815626824
2019-07-11,3.738,3.768,3.736,3.751,-0.0007991475759190347
2019-07-12,3.762,3.764,3.732,3.743,-0.0021327645961076724
2019-07-15,3.729,3.759,3.729,3.757,0.0037403152551429564
2019-07-16,3.755,3.771,3.753,3.767,0.0026616981634282055
2019-07-17,3.768,3.769,3.756,3.761,-0.0015927794000530904
2019-07-18,3.762,3.764,3.725,3.73,-0.008242488699813921
2019-07-19,3.731,3.755,3.729,3.748,0.004825737265415686
2019-07-22,3.745,3.748,3.731,3.739,-0.0024012806830310263
2019-07-23,3.744,3.777,3.743,3.774,0.009360791655522949
2019-07-24,3.769,3.773,3.755,3.771,-0.0007949125596184992
2019-07-25,3.766,3.807,3.758,3.783,0.0031821797931583795
2019-07-26,3.778,3.795,3.761,3.77,-0.0034364261168384758
2019-07-29,3.784,3.802,3.778,3.782,0.0031830238726791027
2019-07-30,3.785,3.799,3.777,3.794,0.0031729243786355887
2019-07-31,3.783,3.824,3.749,3.807,0.003426462836056965
2019-08-01,3.832,3.862,3.813,3.844,0.009718938796952958
2019-08-02,3.85,3.893,3.85,3.885,0.010665972944849056
2019-08-05,3.93,3.967,3.915,3.961,0.019562419562419553
2019-08-06,3.947,3.987,3.938,3.958,-0.0007573844988638667
2019-08-07,3.951,3.993,3.949,3.978,0.005053057099545288
2019-08-08,3.961,3.968,3.921,3.925,-0.013323278029160446
2019-08-09,3.936,3.951,3.923,3.94,0.003821656050955413
2019-08-12,3.999,4.013,3.976,3.981,0.010406091370558368
2019-08-13,3.991,4.013,3.946,3.964,-0.0042702838482793215
2019-08-14,3.998,4.044,3.988,4.035,0.017911200807265493
2019-08-15,4.018,4.045,3.981,3.991,-0.010904584882280077
2019-08-16,3.98,4.006,3.977,4.004,0.0032573289902277924
2019-08-19,4.0,4.076,3.992,4.065,0.015234765234765524
2019-08-20,4.064,4.074,4.028,4.043,-0.005412054120541243
2019-08-21,4.027,4.04,4.016,4.028,-0.00371011625030937
2019-08-22,4.036,4.076,4.019,4.074,0.011420059582919695
2019-08-23,4.083,4.133,4.051,4.121,0.011536573392243676
2019-08-26,4.106,4.164,4.105,4.15,0.007037126910943936
2019-08-27,4.154,4.195,4.122,4.149,-0.0002409638554217164
2019-08-28,4.143,4.168,4.132,4.156,0.0016871535309712637
2019-08-29,4.16,4.178,4.144,4.168,0.002887391722810495
2019-08-30,4.157,4.165,4.123,4.138,-0.007197696737044179
2019-09-02,4.145,4.189,4.142,4.187,0.011841469308844887
2019-09-03,4.187,4.187,4.153,4.18,-0.0016718414139003102
2019-09-04,4.136,4.153,4.097,4.105,-0.01794258373205726
2019-09-05,4.085,4.104,4.071,4.101,-0.0009744214372717774
2019-09-06,4.095,4.097,4.056,4.077,-0.005852231163130939
2019-09-09,4.051,4.102,4.05,4.1,0.005641402992396349
2019-09-10,4.093,4.13,4.088,4.1,0.0
2019-09-11,4.089,4.092,4.053,4.068,-0.007804878048780495
2019-09-12,4.041,4.071,4.028,4.061,-0.0017207472959684944
2019-09-13,4.048,4.096,4.044,4.093,0.007879832553558286
2019-09-16,4.096,4.107,4.077,4.092,-0.0002443195699975975
2019-09-17,4.094,4.118,4.074,4.081,-0.0026881720430105283
2019-09-18,4.077,4.115,4.074,4.105,0.005880911541289002
2019-09-19,4.105,4.16,4.105,4.158,0.012911084043848886
2019-09-20,4.164,4.184,4.149,4.154,-0.0009620009620010528
2019-09-23,4.147,4.185,4.147,4.172,0.004333172845450095
2019-09-24,4.155,4.184,4.155,4.173,0.00023969319271333056
2019-09-25,4.187,4.195,4.152,4.155,-0.004313443565780006
2019-09-26,4.155,4.169,4.124,4.16,0.001203369434416235
2019-09-27,4.166,4.168,4.147,4.157,-0.0007211538461538991
2019-09-30,4.153,4.172,4.144,4.155,-0.0004811161895597049
2019-10-01,4.162,4.185,4.154,4.163,0.0019253910950662867
2019-10-02,4.181,4.183,4.133,4.134,-0.006966130194571152
2019-10-03,4.125,4.131,4.076,4.086,-0.011611030478955064
2019-10-04,4.082,4.086,4.054,4.058,-0.006852667645619315
2019-10-07,4.072,4.107,4.06,4.105,0.011582060128142002
2019-10-08,4.113,4.114,4.075,4.097,-0.0019488428745432218
2019-10-09,4.079,4.111,4.072,4.096,-0.00024408103490369815
2019-10-10,4.102,4.138,4.091,4.128,0.0078125
2019-10-11,4.091,4.127,4.085,4.086,-0.01017441860465107
2019-10-14,4.111,4.139,4.111,4.129,0.01052373959862929
2019-10-15,4.124,4.162,4.123,4.16,0.0075078711552436506
2019-10-16,4.176,4.187,4.157,4.159,-0.00024038461538467004
2019-10-17,4.145,4.182,4.128,4.171,0.0028853089685021427
2019-10-18,4.159,4.164,4.112,4.118,-0.012706784943658622
2019-10-21,4.124,4.153,4.119,4.133,0.003642544924720603
2019-10-22,4.125,4.125,4.063,4.073,-0.014517299782240367
2019-10-23,4.088,4.092,4.03,4.033,-0.00982077093051803
2019-10-24,4.027,4.044,4.0,4.04,0.0017356806347630371
2019-10-25,4.026,4.033,3.994,4.011,-0.007178217821782185
2019-10-28,4.009,4.01,3.974,3.995,-0.003989030167040664
2019-10-29,3.995,4.005,3.985,4.001,0.0015018773466835
2019-10-30,4.006,4.033,3.984,3.988,-0.0032491877030743632
2019-10-31,3.977,4.038,3.966,4.015,0.00677031093279834
2019-11-01,4.008,4.009,3.971,3.999,-0.003985056039850443
2019-11-04,3.999,4.014,3.976,4.008,0.0022505626406601476
2019-11-05,4.004,4.025,3.985,3.992,-0.003992015968063867
2019-11-06,3.993,4.097,3.978,4.085,0.02329659318637267
2019-11-07,4.056,4.103,4.043,4.091,0.0014687882496939864
2019-11-08,4.122,4.163,4.11,4.16,0.01686629186018096
2019-11-11,4.162,4.172,4.137,4.139,-0.00504807692307685
2019-11-12,4.139,4.188,4.139,4.166,0.006523314810340741
2019-11-13,4.176,4.191,4.165,4.188,0.005280844935189544
2019-11-14,4.174,4.2,4.164,4.192,0.0009551098376314737
2019-11-18,4.175,4.21,4.171,4.207,0.003578244274809128
2019-11-19,4.208,4.22,4.188,4.199,-0.0019015925837889691
2019-11-20,4.2022,4.2054,4.2022,4.2037,0.0011193141224101755
2019-11-21,4.205,4.225,4.185,4.196,-0.0018317196755240905
2019-11-22,4.197,4.201,4.174,4.193,-0.0007149666348903461
2019-11-25,4.195,4.221,4.19,4.215,0.005246839971380979
2019-11-26,4.251,4.279,4.237,4.242,0.006405693950177982
2019-11-27,4.231,4.276,4.229,4.258,0.003771805752003754
2019-11-28,4.252,4.258,4.216,4.219,-0.009159229685298143
2019-11-29,4.193,4.24,4.184,4.238,0.0045034368333729535
2019-12-02,4.253,4.255,4.213,4.218,-0.004719207173194961
2019-12-03,4.212,4.216,4.187,4.21,-0.001896633475580889
2019-12-04,4.2,4.207,4.185,4.203,-0.001662707838479771
2019-12-05,4.206,4.224,4.178,4.186,-0.004044729954794324
2019-12-06,4.182,4.194,4.142,4.144,-0.010033444816053505
2019-12-09,4.143,4.162,4.127,4.132,-0.0028957528957530565
2019-12-10,4.139,4.152,4.134,4.146,0.0033881897386254245
2019-12-11,4.141,4.145,4.11,4.132,-0.0033767486734201935
2019-12-12,4.115,4.132,4.086,4.093,-0.00943852855759919
2019-12-13,4.085,4.118,4.077,4.109,0.003909113119960894
2019-12-16,4.103,4.104,4.056,4.063,-0.011194937941104932
2019-12-17,4.061,4.079,4.052,4.063,0.0
2019-12-18,4.077,4.077,4.048,4.066,0.0007383706620724961
2019-12-19,4.069,4.071,4.052,4.063,-0.0007378258730940113
2019-12-20,4.071,4.099,4.06,4.098,0.008614324390844308
2019-12-23,4.09,4.096,4.059,4.079,-0.004636408003904413
2019-12-26,4.076,4.077,4.047,4.064,-0.0036773719048786013
2019-12-27,4.042,4.063,4.037,4.05,-0.0034448818897638844
2019-12-30,4.037,4.045,4.01,4.013,-0.009135802469135812
2019-12-31,4.0307,4.0307,4.0307,4.0307,0.004410665337652775
2020-01-02,4.009,4.041,4.005,4.023,-0.001910338154663127
2020-01-03,4.064,4.072,4.033,4.055,0.007954262987819982
2020-01-06,4.058,4.075,4.048,4.069,0.0034525277435266677
2020-01-07,4.06,4.093,4.056,4.064,-0.0012288031457360349
2020-01-08,4.063,4.079,4.042,4.052,-0.002952755905511917
2020-01-09,4.061,4.091,4.06,4.086,0.00839091806515313
2020-01-10,4.087,4.087,4.063,4.083,-0.0007342143906020615
2020-01-13,4.093,4.147,4.09,4.139,0.01371540533921145
2020-01-14,4.146,4.162,4.128,4.132,-0.0016912297656440645
2020-01-15,4.149,4.185,4.141,4.177,0.010890609874153023
2020-01-16,4.17,4.202,4.161,4.194,0.004069906631553932
2020-01-17,4.178,4.194,4.161,4.163,-0.007391511683357055
2020-01-20,4.166,4.193,4.166,4.189,0.006245496036512144
2020-01-21,4.201,4.218,4.185,4.209,0.004774409166865556
2020-01-22,4.202,4.206,4.176,4.179,-0.0071275837491089344
2020-01-23,4.179,4.191,4.158,4.169,-0.0023929169657814775
2020-01-24,4.168,4.192,4.168,4.188,0.004557447829215633
2020-01-27,4.215,4.232,4.203,4.207,0.0045367717287487785
2020-01-28,4.204,4.217,4.189,4.194,-0.00309008794865695
2020-01-29,4.2,4.226,4.184,4.225,0.007391511683357166
2020-01-30,4.249,4.273,4.24,4.262,0.00875739644970408
2020-01-31,4.263,4.287,4.249,4.287,0.005865790708587504
2020-02-03,4.271,4.274,4.232,4.248,-0.009097270818754333
2020-02-04,4.236,4.263,4.225,4.255,0.001647834274952853
2020-02-05,4.249,4.262,4.228,4.242,-0.0030552291421855893
2020-02-06,4.219,4.281,4.21,4.28,0.008958038661009082
2020-02-07,4.298,4.324,4.288,4.322,0.00981308411214954
2020-02-10,4.308,4.33,4.305,4.327,0.0011568718186025784
2020-02-11,4.313,4.342,4.299,4.328,0.00023110700254225236
2020-02-12,4.329,4.352,4.326,4.351,0.005314232902033256
2020-02-13,4.379,4.399,4.31,4.344,-0.0016088255573430965
2020-02-14,4.324,4.335,4.294,4.295,-0.01127992633517505
2020-02-17,4.307,4.332,4.304,4.328,0.0076833527357393905
2020-02-18,4.328,4.363,4.328,4.358,0.006931608133086797
2020-02-19,4.367,4.378,4.363,4.365,0.0016062413951354326
2020-02-20,4.385,4.399,4.359,4.388,0.005269186712485663
2020-02-21,4.406,4.407,4.373,4.394,0.0013673655423884767
2020-02-26,4.41,4.448,4.406,4.438,0.010013654984069031
2020-02-27,4.452,4.503,4.449,4.474,0.008111762054979765
2020-02-28,4.499,4.515,4.477,4.495,0.0046937863209655095
2020-03-02,4.494,4.507,4.472,4.49,-0.0011123470522802492
2020-03-03,4.479,4.519,4.455,4.514,0.005345211581291753
2020-03-04,4.519,4.583,4.505,4.582,0.015064244572441154
2020-03-05,4.6,4.668,4.588,4.647,0.01418594500218262
2020-03-06,4.638,4.673,4.613,4.633,-0.003012696363245193
2020-03-09,4.767,4.793,4.709,4.746,0.024390243902439046
2020-03-10,4.674,4.688,4.636,4.641,-0.02212389380530977
2020-03-11,4.668,4.759,4.655,4.719,0.016806722689075793
2020-03-12,5.029,5.029,4.762,4.802,0.017588472133926558
2020-03-13,4.71,4.882,4.647,4.861,0.012286547271969983
2020-03-16,4.98,5.126,4.883,5.049,0.03867516971816509
2020-03-17,5.047,5.088,4.963,4.998,-0.010101010101010166
2020-03-18,5.123,5.288,5.06,5.236,0.04761904761904745
2020-03-19,5.182,5.215,5.09,5.105,-0.025019098548510144
2020-03-20,5.005,5.061,4.984,5.027,-0.015279138099902112
2020-03-23,5.078,5.203,5.014,5.126,0.01969365426695857
2020-03-24,5.05,5.102,5.045,5.091,-0.006827936012485436
2020-03-25,5.078,5.111,4.975,5.012,-0.015517580043213686
2020-03-26,5.064,5.067,4.975,5.011,-0.00019952114924171038
2020-03-27,5.063,5.121,5.047,5.073,0.012372779884254781
2020-03-30,5.073,5.185,5.073,5.18,0.02109205598265307
2020-03-31,5.193,5.215,5.172,5.188,0.001544401544401497
2020-04-01,5.227,5.275,5.223,5.267,0.015227447956823514
2020-04-02,5.249,5.286,5.224,5.271,0.0007594456047084197
2020-04-03,5.277,5.326,5.269,5.324,0.010055018023145568
2020-04-06,5.302,5.312,5.225,5.302,-0.004132231404958775
2020-04-07,5.184,5.252,5.184,5.22,-0.01546586193889099
2020-04-08,5.226,5.249,5.145,5.146,-0.014176245210727911
2020-04-09,5.127,5.153,5.051,5.099,-0.009133307423241255
2020-04-13,5.12,5.209,5.106,5.178,0.015493233967444509
2020-04-14,5.181,5.212,5.15,5.186,0.0015449980687525233
2020-04-15,5.222,5.268,5.217,5.235,0.009448515233320576
2020-04-16,5.235,5.268,5.202,5.258,0.004393505253104113
2020-04-17,5.223,5.276,5.208,5.246,-0.0022822365918598875
2020-04-20,5.246,5.32,5.246,5.309,0.012009149828440702
2020-04-22,5.319,5.415,5.305,5.411,0.019212657750988793
2020-04-23,5.441,5.509,5.402,5.508,0.017926446128257334
2020-04-24,5.559,5.749,5.555,5.68,0.031227305737109523
2020-04-27,5.544,5.727,5.537,5.688,0.0014084507042253502
2020-04-28,5.613,5.623,5.472,5.498,-0.03340365682137825
2020-04-29,5.47,5.551,5.358,5.362,-0.024736267733721395
2020-04-30,5.343,5.46,5.332,5.434,0.01342782543826937
2020-05-04,5.615,5.615,5.53,5.535,0.018586676481413322
2020-05-05,5.527,5.604,5.484,5.599,0.011562782294489704
2020-05-06,5.603,5.707,5.603,5.702,0.018396142168244367
2020-05-07,5.781,5.878,5.745,5.861,0.027884952648193684
2020-05-08,5.812,5.828,5.724,5.748,-0.019279986350452027
2020-05-11,5.784,5.84,5.767,5.838,0.01565762004175353
2020-05-12,5.805,5.886,5.743,5.877,0.0066803699897224345
2020-05-13,5.827,5.943,5.819,5.913,0.006125574272588086
2020-05-14,5.927,5.971,5.833,5.835,-0.013191273465246067
2020-05-15,5.868,5.874,5.76,5.836,0.0001713796058269157
2020-05-18,5.836,5.836,5.696,5.724,-0.01919122686771768
2020-05-19,5.691,5.764,5.683,5.744,0.0034940600978337066
2020-05-20,5.725,5.753,5.671,5.678,-0.011490250696378768
2020-05-21,5.696,5.706,5.559,5.577,-0.01778795350475515
2020-05-22,5.57,5.624,5.54,5.58,0.0005379236148466138
2020-05-25,5.494,5.53,5.444,5.455,-0.02240143369175629
2020-05-26,5.387,5.402,5.335,5.34,-0.02108157653528875
2020-05-27,5.347,5.359,5.271,5.294,-0.008614232209737893
2020-05-28,5.287,5.369,5.286,5.363,0.013033622969399472
2020-05-29,5.378,5.463,5.32,5.335,-0.0052209584187955516
2020-06-01,5.33,5.576,5.311,5.38,0.008434864104967188
2020-06-02,5.324,5.338,5.206,5.218,-0.03011152416356877
2020-06-03,5.2,5.202,5.017,5.067,-0.028938290532771194
2020-06-04,5.061,5.142,5.026,5.126,0.011643970791395342
2020-06-05,5.063,5.079,4.935,4.967,-0.031018337885290848
2020-06-08,4.951,4.975,4.861,4.861,-0.021340849607408896
2020-06-09,4.862,4.936,4.854,4.873,0.002468627854351091
2020-06-10,4.857,4.958,4.837,4.915,0.008618920582803113
2020-06-12,5.198,5.198,5.003,5.048,0.027060020345879954
2020-06-15,5.13,5.226,5.08,5.147,0.01961172741679884
2020-06-16,5.12,5.234,5.049,5.233,0.016708762385855724
2020-06-17,5.223,5.271,5.183,5.257,0.0045862793808522095
2020-06-18,5.296,5.386,5.292,5.383,0.023968042609853635
2020-06-19,5.326,5.382,5.29,5.307,-0.014118521270666817
2020-06-22,5.307,5.307,5.199,5.268,-0.007348784624081506
2020-06-23,5.216,5.226,5.136,5.144,-0.023538344722854876
2020-06-24,5.177,5.331,5.166,5.319,0.03402021772939334
2020-06-25,5.385,5.385,5.268,5.335,0.003008084226358232
2020-06-26,5.381,5.656,5.37,5.472,0.025679475164011256
2020-06-29,5.434,5.472,5.395,5.434,-0.006944444444444531
2020-06-30,5.423,5.509,5.406,5.434,0.0
2020-07-01,5.462,5.476,5.307,5.313,-0.022267206477732837
2020-07-02,5.283,5.366,5.267,5.354,0.007716920760399093
2020-07-03,5.359,5.381,5.306,5.316,-0.007097497198356395
2020-07-06,5.365,5.365,5.266,5.35,0.006395786305492868
2020-07-07,5.392,5.401,5.29,5.385,0.006542056074766434
2020-07-08,5.353,5.394,5.319,5.351,-0.006313834726090928
2020-07-09,5.334,5.379,5.248,5.344,-0.0013081666978134177
2020-07-10,5.369,5.394,5.315,5.332,-0.0022455089820360152
2020-07-13,5.318,5.384,5.312,5.379,0.008814703675918967
2020-07-14,5.39,5.454,5.332,5.339,-0.007436326454731246
2020-07-15,5.339,5.389,5.294,5.384,0.008428544671286842
2020-07-16,5.384,5.393,5.309,5.327,-0.01058692421991092
2020-07-17,5.332,5.392,5.317,5.388,0.011451098179087627
2020-07-20,5.37,5.391,5.33,5.336,-0.009651076466221209
2020-07-21,5.336,5.336,5.167,5.204,-0.02473763118440786
2020-07-22,5.207,5.207,5.085,5.115,-0.01710222905457326
2020-07-23,5.137,5.215,5.126,5.213,0.01915933528836744
2020-07-24,5.222,5.254,5.161,5.203,-0.0019182812200267962
2020-07-27,5.185,5.225,5.155,5.167,-0.006919085143186732
2020-07-28,5.185,5.205,5.137,5.153,-0.0027095026127347266
2020-07-29,5.137,5.185,5.117,5.172,0.0036871725208615924
2020-07-30,5.197,5.217,5.146,5.162,-0.0019334880123742515
2020-07-31,5.184,5.224,5.165,5.215,0.010267338240991908
2020-08-03,5.228,5.337,5.214,5.329,0.021860019175455436
2020-08-04,5.338,5.377,5.292,5.297,-0.0060048789641583555
2020-08-05,5.249,5.321,5.234,5.294,-0.0005663583160279151
2020-08-06,5.35,5.373,5.324,5.349,0.01038911975821688
2020-08-07,5.343,5.439,5.341,5.418,0.012899607403253022
2020-08-10,5.418,5.465,5.353,5.461,0.007936507936507908
2020-08-11,5.444,5.464,5.374,5.413,-0.008789598974546786
2020-08-12,5.406,5.493,5.401,5.46,0.008682800665065438
2020-08-13,5.417,5.424,5.359,5.374,-0.015750915750915806
2020-08-14,5.415,5.443,5.361,5.429,0.010234462225530372
2020-08-17,5.429,5.515,5.411,5.504,0.013814698839565098
2020-08-18,5.449,5.517,5.422,5.47,-0.0061773255813952765
2020-08-19,5.452,5.539,5.436,5.535,0.01188299817184646
2020-08-20,5.604,5.674,5.543,5.558,0.004155374887082175
2020-08-21,5.56,5.7,5.558,5.604,0.008276358402303119
2020-08-24,5.577,5.613,5.561,5.597,-0.001249107780156966
2020-08-25,5.586,5.614,5.515,5.529,-0.012149365731642048
2020-08-26,5.518,5.635,5.518,5.603,0.013383975402423642
2020-08-27,5.606,5.623,5.546,5.579,-0.004283419596644689
2020-08-28,5.513,5.526,5.404,5.408,-0.03065065423911084
2020-08-31,5.403,5.496,5.4,5.482,0.013683431952662639
2020-09-01,5.451,5.455,5.337,5.388,-0.017147026632615914
2020-09-02,5.421,5.431,5.347,5.358,-0.0055679287305122616
2020-09-03,5.368,5.375,5.274,5.29,-0.012691302724897269
2020-09-04,5.302,5.329,5.248,5.307,0.0032136105860114395
2020-09-08,5.307,5.41,5.307,5.361,0.010175240248728068
2020-09-09,5.345,5.345,5.281,5.288,-0.013616862525648088
2020-09-10,5.31,5.324,5.271,5.323,0.006618759455370604
2020-09-11,5.287,5.35,5.26,5.338,0.0028179597971067505
2020-09-14,5.306,5.324,5.264,5.28,-0.010865492693892809
2020-09-15,5.237,5.3,5.221,5.292,0.002272727272727204
2020-09-16,5.257,5.276,5.213,5.243,-0.00925925925925919
2020-09-17,5.267,5.293,5.232,5.236,-0.001335113484646322
2020-09-18,5.25,5.375,5.246,5.37,0.02559205500381978
2020-09-21,5.453,5.498,5.389,5.405,0.006517690875232907
2020-09-22,5.405,5.497,5.385,5.462,0.010545790934320065
2020-09-23,5.508,5.58,5.491,5.578,0.02123764188941779
2020-09-24,5.578,5.625,5.495,5.515,-0.011294370742201632
2020-09-25,5.54,5.59,5.537,5.549,0.006165004533091656
2020-09-28,5.517,5.676,5.515,5.638,0.016038925932600367
2020-09-29,5.636,5.678,5.608,5.639,0.00017736786094357804
2020-09-30,5.623,5.666,5.602,5.615,-0.004256073771945368
2020-10-01,5.579,5.665,5.577,5.661,0.008192341941228642
2020-10-02,5.66,5.687,5.609,5.657,-0.000706588941883024
2020-10-05,5.648,5.678,5.552,5.566,-0.016086264804666794
2020-10-06,5.533,5.618,5.485,5.598,0.005749191519942576
2020-10-07,5.565,5.639,5.552,5.62,0.003929974991068175
2020-10-08,5.595,5.647,5.578,5.591,-0.005160142348754393
2020-10-09,5.583,5.583,5.512,5.532,-0.010552673940261159
2020-10-13,5.523,5.627,5.522,5.578,0.008315256688358641
2020-10-14,5.578,5.606,5.537,5.604,0.004661168877733823
2020-10-15,5.638,5.649,5.592,5.61,0.0010706638115631772
2020-10-16,5.606,5.649,5.6,5.645,0.0062388591800355275
2020-10-19,5.62,5.635,5.568,5.607,-0.00673162090345425
2020-10-20,5.604,5.627,5.549,5.611,0.0007133939718209081
2020-10-21,5.595,5.629,5.572,5.61,-0.00017822135091771774
2020-10-22,5.616,5.627,5.565,5.601,-0.0016042780748664054
2020-10-23,5.577,5.635,5.567,5.628,0.0048205677557580096
2020-10-26,5.655,5.664,5.613,5.624,-0.000710732054015728
2020-10-27,5.608,5.682,5.601,5.679,0.009779516358463747
2020-10-28,5.744,5.793,5.704,5.748,0.012150026413100923
2020-10-29,5.784,5.792,5.746,5.76,0.0020876826722338038
2020-10-30,5.772,5.809,5.724,5.746,-0.0024305555555554914
2020-11-03,5.708,5.76,5.65,5.756,0.0017403411068568353
2020-11-04,5.757,5.766,5.645,5.666,-0.015635858234885336
2020-11-05,5.613,5.632,5.542,5.547,-0.021002470878927038
2020-11-06,5.515,5.575,5.396,5.408,-0.025058590228952515
2020-11-10,5.374,5.411,5.337,5.383,-0.0046227810650888435
2020-11-11,5.413,5.458,5.376,5.417,0.006316180568456176
2020-11-13,5.477,5.527,5.451,5.477,0.011076241462063985
2020-11-16,5.421,5.458,5.365,5.436,-0.007485849917838294
2020-11-17,5.387,5.424,5.325,5.339,-0.017844002943340653
2020-11-18,5.339,5.349,5.277,5.337,-0.0003746019853906324
2020-11-19,5.373,5.378,5.301,5.315,-0.004122166010867456
2020-11-20,5.315,5.392,5.288,5.379,0.012041392285983
2020-11-23,5.353,5.451,5.341,5.446,0.012455846811675109
2020-11-24,5.413,5.428,5.374,5.382,-0.011751744399559283
2020-11-25,5.393,5.396,5.306,5.323,-0.010962467484206484
2020-11-26,5.343,5.359,5.297,5.337,0.002630095810632893
2020-11-27,5.326,5.381,5.321,5.324,-0.0024358253700580423
2020-11-30,5.287,5.396,5.277,5.358,0.006386175807663319
2020-12-01,5.311,5.33,5.218,5.231,-0.02370287420679351
2020-12-02,5.223,5.255,5.207,5.247,0.003058688587268321
2020-12-03,5.223,5.232,5.123,5.146,-0.019249094720792836
2020-12-04,5.138,5.185,5.123,5.129,-0.003303536727555456
2020-12-07,5.17,5.17,5.059,5.085,-0.008578670306102487
2020-12-08,5.125,5.139,5.065,5.129,0.008652900688298937
2020-12-09,5.099,5.197,5.088,5.184,0.010723337882628359
2020-12-10,5.113,5.133,5.033,5.04,-0.02777777777777779
2020-12-11,5.049,5.089,5.03,5.06,0.003968253968253954
2020-12-14,5.042,5.131,5.012,5.121,0.01205533596837971
2020-12-15,5.092,5.125,5.08,5.093,-0.005467682093341253
2020-12-16,5.066,5.145,5.066,5.115,0.004319654427645814
2020-12-17,5.064,5.09,5.045,5.075,-0.00782013685239491
2020-12-18,5.105,5.118,5.075,5.083,0.0015763546798028827
2020-12-21,5.202,5.226,5.114,5.123,0.007869368483179207
2020-12-22,5.14,5.174,5.112,5.166,0.008393519422213558
2020-12-23,5.142,5.221,5.13,5.199,0.0063879210220672
2020-12-24,5.215,5.215,5.178,5.178,-0.004039238315060589
2020-12-28,5.181,5.313,5.166,5.247,0.01332560834298957
2020-12-29,5.229,5.248,5.166,5.185,-0.011816275967219458
2020-12-30,5.19,5.237,5.154,5.191,0.0011571841851494291
2020-12-31,5.1967,5.1967,5.1967,5.1967,0.0010980543247929297
2021-01-04,5.147,5.275,5.131,5.263,0.012758096484307258
2021-01-05,5.282,5.355,5.254,5.263,0.0
2021-01-06,5.266,5.36,5.234,5.289,0.004940148204445993
2021-01-07,5.29,5.413,5.29,5.389,0.018907165815844396
2021-01-11,5.468,5.517,5.451,5.501,0.020783076637595155
2021-01-12,5.501,5.501,5.325,5.33,-0.031085257225959007
2021-01-13,5.348,5.355,5.272,5.298,-0.006003752345215774
2021-01-14,5.288,5.303,5.193,5.207,-0.01717629294073242
2021-01-15,5.248,5.303,5.226,5.29,0.015940080660649114
2021-01-18,5.292,5.323,5.237,5.289,-0.00018903591682428722
2021-01-19,5.27,5.364,5.243,5.348,0.011155227831348036
2021-01-20,5.343,5.357,5.284,5.316,-0.005983545250560995
2021-01-21,5.255,5.401,5.233,5.351,0.00658389766741907
2021-01-22,5.396,5.488,5.395,5.48,0.024107643431134473
2021-01-25,5.47,5.526,5.47,5.526,0.00839416058394149
2021-01-26,5.47,5.479,5.314,5.323,-0.03673543250090472
2021-01-27,5.323,5.421,5.323,5.406,0.015592710877324611
2021-01-28,5.427,5.46,5.393,5.436,0.005549389567147678
2021-01-29,5.426,5.507,5.422,5.481,0.008278145695364225
2021-02-01,5.431,5.487,5.421,5.449,-0.005838350665936853
2021-02-02,5.391,5.422,5.345,5.356,-0.01706735180767116
2021-02-03,5.36,5.395,5.323,5.363,0.001306945481702959
2021-02-04,5.379,5.457,5.358,5.454,0.016968114861085182
2021-02-05,5.416,5.457,5.346,5.386,-0.012467913458012347
2021-02-08,5.407,5.421,5.306,5.374,-0.002227998514667706
2021-02-09,5.362,5.448,5.355,5.38,0.0011164867882396123
2021-02-10,5.39,5.438,5.351,5.379,-0.00018587360594801705
2021-02-11,5.364,5.412,5.335,5.391,0.002230897936419396
2021-02-12,5.403,5.413,5.356,5.382,-0.0016694490818031094
2021-02-17,5.421,5.417,5.391,5.417,0.006503158677071852
2021-02-18,5.396,5.454,5.388,5.441,0.004430496584825638
2021-02-19,5.457,5.471,5.369,5.408,-0.006065061569564323
2021-02-22,5.513,5.535,5.433,5.447,0.007211538461538325
2021-02-23,5.452,5.485,5.41,5.455,0.0014686983660729958
2021-02-24,5.42,5.444,5.392,5.428,-0.004949587534372135
2021-02-25,5.447,5.539,5.42,5.508,0.014738393515106862
2021-02-26,5.551,5.608,5.494,5.591,0.015068990559186757
2021-03-01,5.586,5.611,5.559,5.602,0.0019674476837774346
2021-03-02,5.652,5.735,5.646,5.652,0.008925383791503094
2021-03-03,5.683,5.773,5.672,5.723,0.012561924982307016
2021-03-04,5.57,5.685,5.546,5.682,-0.00716407478595138
2021-03-05,5.68,5.722,5.653,5.692,0.0017599436818021008
2021-03-08,5.733,5.786,5.707,5.773,0.014230498945888792
2021-03-09,5.834,5.876,5.77,5.785,0.002078641953923599
2021-03-10,5.797,5.815,5.653,5.662,-0.021261884183232493
2021-03-12,5.584,5.588,5.547,5.57,-0.01624867537972441
2021-03-15,5.559,5.657,5.533,5.638,0.012208258527827587
2021-03-16,5.63,5.631,5.559,5.615,-0.004079460801702628
2021-03-17,5.657,5.683,5.571,5.584,-0.005520926090828215
2021-03-18,5.498,5.581,5.478,5.565,-0.003402578796561473
2021-03-19,5.528,5.551,5.45,5.484,-0.014555256064690103
2021-03-22,5.509,5.549,5.496,5.514,0.005470459518599702
2021-03-23,5.547,5.55,5.467,5.529,0.002720348204570122
2021-03-24,5.509,5.636,5.492,5.636,0.01935250497377461
2021-03-25,5.635,5.683,5.62,5.672,0.0063875088715399375
2021-03-26,5.665,5.757,5.656,5.743,0.012517630465444407
2021-03-29,5.768,5.807,5.738,5.77,0.004701375587671919
2021-03-30,5.786,5.804,5.723,5.756,-0.002426343154245947
2021-03-31,5.768,5.771,5.623,5.632,-0.021542738012508833
2021-04-01,5.626,5.718,5.61,5.709,0.013671875
2021-04-05,5.675,5.684,5.635,5.674,-0.006130670870555188
2021-04-06,5.669,5.669,5.576,5.595,-0.013923158265773838
2021-04-07,5.595,5.655,5.55,5.645,0.008936550491510209
2021-04-08,5.607,5.618,5.54,5.574,-0.012577502214348946
2021-04-09,5.588,5.684,5.588,5.682,0.019375672766415608
2021-04-12,5.676,5.743,5.631,5.724,0.007391763463569179
2021-04-13,5.73,5.756,5.665,5.716,-0.0013976240391334604
2021-04-14,5.709,5.736,5.666,5.676,-0.0069979006298110935
2021-04-15,5.647,5.661,5.597,5.624,-0.009161381254404577
2021-04-16,5.62,5.678,5.568,5.584,-0.007112375533428139
2021-04-19,5.577,5.623,5.528,5.564,-0.003581661891117416
2021-04-20,5.569,5.588,5.504,5.555,-0.0016175413371675162
2021-04-22,5.554,5.56,5.45,5.451,-0.01872187218721877
2021-04-23,5.436,5.524,5.426,5.496,0.008255365987892338
2021-04-26,5.461,5.491,5.44,5.448,-0.008733624454148492
2021-04-27,5.448,5.468,5.412,5.463,0.002753303964757592
2021-04-28,5.455,5.456,5.358,5.368,-0.017389712612117858
2021-04-29,5.353,5.38,5.345,5.354,-0.002608047690014992
2021-04-30,5.36,5.449,5.338,5.438,0.01568920433320864
2021-05-03,5.414,5.457,5.375,5.434,-0.0007355645457888249
2021-05-04,5.464,5.484,5.413,5.432,-0.0003680529996319404
2021-05-05,5.432,5.44,5.356,5.365,-0.012334315169366783
2021-05-06,5.343,5.375,5.259,5.284,-0.015097856477166882
2021-05-07,5.282,5.295,5.205,5.229,-0.010408781226343589
2021-05-10,5.241,5.253,5.199,5.229,0.0
2021-05-11,5.237,5.283,5.205,5.233,0.0007649646203862215
2021-05-12,5.234,5.308,5.213,5.301,0.012994458245748186
2021-05-13,5.305,5.334,5.254,5.305,0.0007545746085644289
2021-05-14,5.281,5.297,5.247,5.271,-0.006409048067860468
2021-05-17,5.288,5.321,5.247,5.267,-0.0007588692847656509
2021-05-18,5.261,5.282,5.232,5.249,-0.003417505221188666
2021-05-19,5.289,5.327,5.261,5.318,0.01314536102114694
2021-05-20,5.304,5.307,5.272,5.274,-0.008273787138021738
2021-05-21,5.289,5.356,5.272,5.353,0.014979142965491077
2021-05-24,5.367,5.375,5.311,5.323,-0.0056043340183074
2021-05-25,5.304,5.344,5.296,5.338,0.0028179597971067505
2021-05-26,5.324,5.342,5.289,5.312,-0.004870738104158834
2021-05-27,5.309,5.313,5.241,5.252,-0.011295180722891707
2021-05-28,5.263,5.263,5.211,5.215,-0.007044935262757068
2021-05-31,5.238,5.264,5.201,5.223,0.00153403643336536
2021-06-01,5.195,5.208,5.147,5.155,-0.01301933754547191
2021-06-02,5.157,5.175,5.069,5.091,-0.01241513094083413
2021-06-04,5.126,5.126,5.033,5.039,-0.010214103319583723
2021-06-07,5.033,5.071,5.019,5.042,0.0005953562214724428
2021-06-08,5.041,5.069,5.023,5.041,-0.00019833399444657562
2021-06-09,5.027,5.086,5.02,5.069,0.005554453481452004
2021-06-10,5.062,5.093,5.033,5.071,0.00039455513908071005
2021-06-11,5.056,5.14,5.056,5.12,0.009662788404654066
2021-06-14,5.109,5.112,5.056,5.076,-0.008593750000000067
2021-06-15,5.067,5.106,5.04,5.045,-0.006107171000787948
2021-06-16,5.055,5.082,4.994,5.05,0.0009910802775023875
2021-06-17,5.055,5.075,5.009,5.026,-0.004752475247524757
2021-06-18,5.005,5.085,4.983,5.075,0.009749303621169991
2021-06-21,5.075,5.081,5.018,5.025,-0.009852216748768461
2021-06-22,5.016,5.046,4.964,4.97,-0.010945273631840946
2021-06-23,4.964,4.98,4.939,4.965,-0.001006036217303774
2021-06-24,4.967,4.967,4.903,4.907,-0.011681772406847868
2021-06-25,4.911,4.975,4.894,4.954,0.00957815365803949
2021-06-28,4.949,4.972,4.919,4.928,-0.005248284214775856
2021-06-29,4.944,4.972,4.923,4.94,0.0024350649350650677
2021-06-30,4.958,5.025,4.955,4.979,0.007894736842105177
2021-07-01,4.973,5.052,4.948,5.048,0.013858204458726542
2021-07-02,5.041,5.076,4.989,5.05,0.0003961965134706702
2021-07-05,5.054,5.094,5.049,5.089,0.00772277227722773
2021-07-06,5.089,5.213,5.076,5.21,0.023776773432894416
2021-07-07,5.176,5.282,5.171,5.235,0.004798464491362786
2021-07-08,5.235,5.314,5.22,5.254,0.003629417382998934
2021-07-09,5.233,5.2453,5.233,5.2393,-0.0027978682908259556
2021-07-12,5.239,5.284,5.164,5.168,-0.013608688183536
2021-07-13,5.181,5.223,5.149,5.174,0.0011609907120744278
2021-07-14,5.174,5.174,5.068,5.078,-0.018554310011596464
2021-07-15,5.085,5.139,5.054,5.124,0.009058684521465077
2021-07-16,5.098,5.129,5.076,5.124,0.0
2021-07-19,5.159,5.259,5.154,5.256,0.025761124121779888
2021-07-20,5.256,5.295,5.204,5.227,-0.005517503805175017
2021-07-21,5.239,5.279,5.182,5.188,-0.007461258848287855
2021-07-22,5.181,5.225,5.168,5.208,0.0038550501156515704
2021-07-23,5.198,5.234,5.16,5.212,0.0007680491551458335
2021-07-26,5.193,5.231,5.153,5.176,-0.0069071373752876974
2021-07-27,5.188,5.206,5.15,5.179,0.0005795981452858534
2021-07-28,5.172,5.192,5.111,5.117,-0.011971423054643826
2021-07-29,5.088,5.091,5.042,5.08,-0.007230799296462753
2021-07-30,5.079,5.209,5.079,5.2,0.023622047244094446
2021-08-02,5.187,5.195,5.116,5.165,-0.006730769230769207
2021-08-03,5.177,5.275,5.177,5.195,0.0058083252662148865
2021-08-04,5.182,5.247,5.166,5.186,-0.0017324350336862526
2021-08-05,5.12,5.227,5.112,5.206,0.0038565368299268155
2021-08-06,5.247,5.277,5.207,5.241,0.00672301190933533
2021-08-09,5.233,5.3,5.216,5.239,-0.0003816065636328414
2021-08-10,5.249,5.264,5.186,5.198,-0.007825920977285628
2021-08-11,5.198,5.235,5.165,5.223,0.0048095421315890174
2021-08-12,5.219,5.258,5.211,5.251,0.0053609036951944855
2021-08-13,5.242,5.282,5.221,5.245,-0.0011426394972386955
2021-08-16,5.286,5.297,5.23,5.284,0.0074356530028598655
2021-08-17,5.272,5.305,5.237,5.268,-0.003028009084027228
2021-08-18,5.283,5.366,5.264,5.362,0.01784358390280949
2021-08-19,5.423,5.455,5.381,5.415,0.009884371503170453
2021-08-20,5.445,5.475,5.372,5.398,-0.0031394275161589213
2021-08-23,5.369,5.402,5.345,5.375,-0.004260837347165536
2021-08-24,5.361,5.362,5.249,5.26,-0.021395348837209394
2021-08-25,5.263,5.271,5.208,5.212,-0.009125475285171158
2021-08-26,5.223,5.268,5.219,5.251,0.007482732156561811
2021-08-27,5.252,5.261,5.188,5.197,-0.010283755475147593
2021-08-30,5.201,5.226,5.183,5.189,-0.0015393496247835259
2021-08-31,5.184,5.199,5.117,5.172,-0.0032761611100405874
2021-09-01,5.154,5.189,5.143,5.178,0.0011600928074246841
2021-09-02,5.175,5.202,5.144,5.184,0.0011587485515642815
2021-09-03,5.172,5.196,5.132,5.193,0.0017361111111109384
2021-09-06,5.189,5.213,5.157,5.177,-0.003081070672058539
2021-09-08,5.199,5.327,5.196,5.322,0.028008499130770748
2021-09-09,5.31,5.335,5.225,5.235,-0.01634723788049597
2021-09-10,5.235,5.27,5.168,5.269,0.006494746895892911
2021-09-13,5.234,5.241,5.202,5.229,-0.007591573353577519
2021-09-14,5.238,5.265,5.199,5.263,0.00650219927328366
2021-09-15,5.241,5.273,5.231,5.236,-0.00513015390461713
2021-09-16,5.235,5.28,5.233,5.271,0.006684491978609763
2021-09-17,5.257,5.348,5.25,5.28,0.0017074558907228532
2021-09-20,5.316,5.378,5.307,5.349,0.013068181818181701
2021-09-21,5.313,5.338,5.264,5.284,-0.012151804075528183
2021-09-22,5.254,5.319,5.251,5.303,0.0035957607872822983
2021-09-23,5.274,5.312,5.274,5.305,0.0003771450122571629
2021-09-24,5.322,5.356,5.318,5.35,0.008482563619227168
2021-09-27,5.321,5.389,5.308,5.374,0.004485981308411269
2021-09-28,5.401,5.452,5.39,5.427,0.00986229996278376
2021-09-29,5.412,5.447,5.393,5.427,0.0
2021-09-30,5.417,5.477,5.369,5.44,0.0023954302561268737
2021-10-01,5.44,5.44,5.354,5.369,-0.013051470588235414
2021-10-04,5.387,5.457,5.375,5.452,0.015459117154032365
2021-10-05,5.44,5.478,5.427,5.472,0.003668378576669129
2021-10-06,5.472,5.538,5.472,5.488,0.0029239766081872176
2021-10-07,5.488,5.53,5.468,5.505,0.0030976676384839585
2021-10-08,5.501,5.533,5.476,5.519,0.002543142597638548
2021-10-11,5.497,5.54,5.496,5.533,0.0025366914296067744
2021-10-13,5.533,5.574,5.5,5.509,-0.00433761069943972
2021-10-14,5.474,5.531,5.468,5.519,0.0018152114721363688
2021-10-15,5.494,5.507,5.435,5.461,-0.010509150208371065
2021-10-18,5.461,5.544,5.461,5.521,0.010986998718183427
2021-10-19,5.54,5.613,5.534,5.599,0.014127875384894129
2021-10-20,5.579,5.594,5.521,5.548,-0.00910876942311134
2021-10-21,5.664,5.691,5.623,5.663,0.020728190338860975
2021-10-22,5.678,5.755,5.629,5.638,-0.00441462122549896
2021-10-25,5.654,5.654,5.538,5.551,-0.015431003902092844
2021-10-26,5.55,5.607,5.548,5.569,0.0032426589803637995
2021-10-27,5.567,5.593,5.538,5.571,0.00035913090321426644
2021-10-28,5.557,5.637,5.557,5.626,0.009872554299048764
2021-10-29,5.651,5.664,5.599,5.65,0.004265908282971909
2021-11-01,5.697,5.697,5.622,5.675,0.004424778761061843
2021-11-03,5.676,5.701,5.578,5.599,-0.013392070484581464
2021-11-04,5.569,5.629,5.564,5.616,0.0030362564743702247
2021-11-05,5.602,5.607,5.504,5.517,-0.017628205128204955
2021-11-08,5.567,5.598,5.538,5.551,0.006162769621170794
2021-11-09,5.545,5.547,5.458,5.484,-0.012069897315798994
2021-11-10,5.506,5.511,5.438,5.495,0.0020058351568199573
2021-11-11,5.472,5.472,5.389,5.399,-0.017470427661510524
2021-11-12,5.401,5.469,5.394,5.463,0.011854047045749327
2021-11-16,5.446,5.51,5.431,5.497,0.006223686619073687
2021-11-17,5.488,5.534,5.467,5.526,0.005275604875386586
2021-11-18,5.527,5.578,5.525,5.568,0.007600434310532034
2021-11-19,5.575,5.615,5.522,5.609,0.007363505747126409
2021-11-22,5.603,5.615,5.565,5.591,-0.0032091281868424915
2021-11-23,5.602,5.664,5.597,5.604,0.002325165444464261
2021-11-24,5.581,5.624,5.555,5.598,-0.0010706638115631772
2021-11-25,5.595,5.6,5.55,5.565,-0.005894962486602262
2021-11-26,5.565,5.649,5.565,5.598,0.005929919137466211
2021-11-29,5.592,5.641,5.581,5.615,0.0030367988567345794
2021-11-30,5.602,5.671,5.581,5.644,0.005164737310774603
2021-12-02,5.663,5.678,5.616,5.657,0.0023033309709425964
2021-12-03,5.65,5.684,5.602,5.678,0.003712214954923132
2021-12-06,5.637,5.703,5.636,5.69,0.0021134202183867856
2021-12-07,5.66,5.674,5.616,5.62,-0.012302284710017597
2021-12-08,5.602,5.637,5.527,5.538,-0.014590747330960774
2021-12-09,5.538,5.6,5.52,5.584,0.008306247742867257
2021-12-10,5.561,5.636,5.559,5.614,0.00537249283667629
2021-12-13,5.665,5.679,5.603,5.672,0.01033131457071601
2021-12-14,5.668,5.699,5.621,5.696,0.004231311706629048
2021-12-15,5.679,5.737,5.659,5.723,0.004740168539325795
2021-12-16,5.67,5.725,5.661,5.678,-0.007863008911410119
2021-12-17,5.688,5.716,5.662,5.683,0.0008805917576610867
2021-12-20,5.709,5.742,5.691,5.738,0.009677986978708475
2021-12-21,5.726,5.758,5.713,5.742,0.0006971070059254014
2021-12-22,5.741,5.743,5.662,5.671,-0.01236502960640884
2021-12-23,5.657,5.72,5.627,5.669,-0.00035267148651041413
2021-12-24,5.6381,5.6801,5.6381,5.6801,0.001958017286999514
2021-12-27,5.67,5.705,5.633,5.639,-0.0072357881023221715
2021-12-28,5.621,5.661,5.621,5.64,0.00017733640716421917
2021-12-29,5.634,5.701,5.625,5.698,0.01028368794326262
2021-12-30,5.691,5.704,5.55,5.575,-0.021586521586521634
2021-12-31,5.5805,5.5805,5.5805,5.5805,0.0009865470852017388
2022-01-03,5.585,5.675,5.582,5.66,0.014246035301496374
2022-01-04,5.671,5.712,5.639,5.686,0.0045936395759715865
2022-01-05,5.671,5.71,5.644,5.708,0.0038691523039042774
2022-01-06,5.689,5.727,5.681,5.686,-0.003854239663630077
2022-01-07,5.669,5.712,5.621,5.633,-0.009321139641224052
2022-01-10,5.639,5.694,5.63,5.673,0.007101011894194986
2022-01-11,5.653,5.677,5.569,5.578,-0.01674598977613251
2022-01-12,5.585,5.602,5.53,5.537,-0.007350304768734328
2022-01-13,5.548,5.557,5.502,5.525,-0.002167238576846642
2022-01-14,5.526,5.554,5.512,5.516,-0.0016289592760181382
2022-01-17,5.54,5.54,5.496,5.525,0.0016316171138506252
2022-01-18,5.544,5.584,5.507,5.559,0.006153846153846176
2022-01-19,5.548,5.551,5.46,5.468,-0.016369850692570687
2022-01-20,5.448,5.463,5.38,5.423,-0.008229700073152824
2022-01-21,5.428,5.476,5.405,5.455,0.0059007929190484365
2022-01-24,5.478,5.526,5.469,5.507,0.0095325389550871
2022-01-25,5.512,5.523,5.437,5.445,-0.011258398402033687
2022-01-26,5.445,5.459,5.393,5.403,-0.007713498622589632
2022-01-27,5.431,5.436,5.355,5.427,0.004441976679622428
2022-01-28,5.425,5.432,5.377,5.395,-0.005896443707388954
2022-01-31,5.367,5.4,5.285,5.308,-0.01612604263206663
2022-02-01,5.291,5.319,5.27,5.271,-0.00697061039939717
2022-02-02,5.266,5.315,5.256,5.278,0.0013280212483399723
2022-02-03,5.277,5.324,5.273,5.297,0.00359984842743466
2022-02-04,5.301,5.351,5.28,5.325,0.005286010949594244
2022-02-07,5.318,5.322,5.251,5.254,-0.01333333333333342
2022-02-08,5.267,5.291,5.253,5.261,0.0013323182337268147
2022-02-09,5.25,5.291,5.214,5.23,-0.005892415890515035
2022-02-10,5.233,5.251,5.177,5.226,-0.000764818355640573
2022-02-11,5.233,5.246,5.182,5.227,0.00019135093761968314
2022-02-14,5.25,5.265,5.197,5.219,-0.0015305146355462096
2022-02-15,5.194,5.218,5.168,5.18,-0.007472695918758543
2022-02-16,5.161,5.179,5.129,5.137,-0.008301158301158296
2022-02-17,5.147,5.185,5.125,5.172,0.006813315164492906
2022-02-18,5.165,5.169,5.111,5.141,-0.005993812838360313
2022-02-21,5.135,5.156,5.076,5.109,-0.006224469947481048
2022-02-22,5.094,5.096,5.05,5.06,-0.0095909179878646
2022-02-23,5.044,5.047,4.996,5.004,-0.011067193675889375
2022-02-24,5.063,5.165,5.037,5.097,0.01858513189448452
2022-02-25,5.122,5.182,5.081,5.148,0.010005885815185245
2022-03-02,5.221,5.223,5.107,5.11,-0.007381507381507224
2022-03-03,5.111,5.115,5.022,5.024,-0.016829745596868895
2022-03-04,5.036,5.101,5.024,5.073,0.009753184713375829
2022-03-07,5.089,5.096,5.029,5.076,0.0005913660555882938
2022-03-08,5.08,5.102,5.046,5.055,-0.004137115839243477
2022-03-09,5.02,5.037,4.987,5.016,-0.007715133531157159
2022-03-10,5.024,5.077,5.012,5.019,0.0005980861244019309
2022-03-11,4.992,5.058,4.983,5.054,0.0069735006973501434
2022-03-14,5.059,5.141,5.04,5.13,0.015037593984962294
2022-03-15,5.109,5.17,5.096,5.159,0.005653021442495021
2022-03-16,5.14,5.157,5.098,5.105,-0.010467144795502925
2022-03-17,5.073,5.109,5.031,5.037,-0.0133202742409404
2022-03-18,5.05,5.077,4.995,5.02,-0.0033750248163589847
2022-03-21,5.026,5.028,4.933,4.95,-0.013944223107569598
2022-03-22,4.932,4.952,4.907,4.918,-0.006464646464646506
2022-03-23,4.92,4.92,4.835,4.843,-0.015250101667344529
2022-03-24,4.83,4.858,4.767,4.827,-0.003303737352880476
2022-03-25,4.813,4.825,4.747,4.75,-0.015951937020924012
2022-03-28,4.749,4.82,4.737,4.776,0.005473684210526297
2022-03-29,4.725,4.785,4.716,4.758,-0.0037688442211054607
2022-03-30,4.746,4.793,4.729,4.784,0.005464480874316946
2022-03-31,4.746,4.795,4.725,4.759,-0.005225752508361103
2022-04-01,4.731,4.732,4.663,4.671,-0.018491279680605155
2022-04-04,4.655,4.674,4.607,4.61,-0.013059302076643076
2022-04-05,4.602,4.674,4.582,4.661,0.011062906724511823
2022-04-06,4.65,4.723,4.648,4.718,0.012229135378674094
2022-04-07,4.703,4.774,4.692,4.742,0.005086901229334417
2022-04-08,4.749,4.796,4.703,4.71,-0.00674820750738081
2022-04-11,4.716,4.741,4.68,4.69,-0.004246284501061459
2022-04-12,4.69,4.695,4.623,4.677,-0.0027718550106611284
2022-04-13,4.67,4.705,4.652,4.689,0.0025657472738935816
2022-04-14,4.695,4.742,4.689,4.696,0.0014928556195350495
2022-04-18,4.689,4.707,4.649,4.652,-0.009369676320272524
2022-04-19,4.665,4.684,4.639,4.671,0.004084264832330264
2022-04-20,4.648,4.68,4.609,4.626,-0.009633911368015391
2022-04-22,4.626,4.839,4.626,4.787,0.0348032857760483
2022-04-25,4.825,4.949,4.804,4.882,0.0198454146647169
2022-04-26,4.906,5.0,4.892,4.989,0.02191724702990583
2022-04-27,4.992,5.041,4.929,4.966,-0.004610142313088761
2022-04-28,4.988,5.047,4.937,4.945,-0.004228755537656004
2022-04-29,4.908,4.958,4.855,4.943,-0.0004044489383216998
2022-05-02,4.964,5.088,4.963,5.07,0.0256928990491605
2022-05-03,5.039,5.052,4.957,4.97,-0.019723865877712132
2022-05-04,4.965,5.036,4.893,4.904,-0.013279678068410461
2022-05-05,4.952,5.059,4.933,5.025,0.024673735725938117
2022-05-06,5.025,5.115,5.008,5.059,0.006766169154228896
2022-05-09,5.144,5.16,5.102,5.156,0.019173749752915414
2022-05-10,5.158,5.167,5.111,5.133,-0.00446082234290146
2022-05-11,5.107,5.168,5.092,5.143,0.0019481784531463209
2022-05-12,5.17,5.21,5.106,5.143,0.0
2022-05-13,5.123,5.15,5.047,5.055,-0.01711063581567185
2022-05-16,5.08,5.105,5.032,5.051,-0.0007912957467852699
2022-05-17,5.008,5.011,4.928,4.937,-0.022569788160760273
2022-05-18,4.937,5.001,4.921,4.981,0.00891229491594081
2022-05-19,4.94,4.957,4.88,4.915,-0.01325035133507324
2022-05-20,4.916,4.922,4.853,4.872,-0.008748728382502624
2022-05-23,4.843,4.849,4.786,4.807,-0.013341543513957221
2022-05-24,4.833,4.854,4.776,4.81,0.0006240898689409136
2022-05-25,4.838,4.863,4.806,4.817,0.0014553014553015942
2022-05-26,4.813,4.844,4.752,4.761,-0.011625493045464008
2022-05-27,4.76,4.782,4.716,4.74,-0.004410838059231259
2022-05-30,4.714,4.754,4.692,4.751,0.0023206751054851704
2022-05-31,4.768,4.779,4.699,4.753,0.0004209640075774068
2022-06-01,4.73,4.815,4.723,4.802,0.010309278350515427
2022-06-02,4.792,4.809,4.773,4.795,-0.001457725947521804
2022-06-03,4.818,4.831,4.776,4.778,-0.003545359749739352
2022-06-06,4.761,4.808,4.75,4.799,0.00439514441188793
2022-06-07,4.799,4.936,4.799,4.874,0.01562825588664296
2022-06-08,4.875,4.909,4.849,4.886,0.0024620434961017956
2022-06-09,4.894,4.918,4.866,4.911,0.0051166598444534195
2022-06-10,4.903,5.013,4.883,4.976,0.013235593565465331
2022-06-13,5.05,5.139,5.03,5.129,0.030747588424437255
2022-06-14,5.106,5.152,5.087,5.134,0.0009748488984209214
2022-06-15,5.095,5.135,5.02,5.02,-0.022204908453447803
2022-06-17,5.121,5.15,5.107,5.141,0.024103585657370585
2022-06-20,5.142,5.189,5.138,5.189,0.009336704921221628
2022-06-21,5.17,5.185,5.118,5.154,-0.006745037579495072
2022-06-22,5.17,5.183,5.128,5.175,0.004074505238649495
2022-06-23,5.205,5.236,5.167,5.225,0.009661835748792313
2022-06-24,5.226,5.277,5.204,5.259,0.006507177033493017
2022-06-27,5.24,5.276,5.203,5.231,-0.005324206122837127
2022-06-28,5.238,5.28,5.189,5.263,0.00611737717453642
2022-06-29,5.252,5.256,5.193,5.196,-0.012730381911457367
2022-06-30,5.232,5.272,5.189,5.229,0.006351039260970026
2022-07-01,5.29,5.34,5.278,5.323,0.017976668579078314
2022-07-04,5.31,5.334,5.29,5.327,0.0007514559458949854
2022-07-05,5.35,5.405,5.35,5.393,0.012389712783930973
2022-07-06,5.407,5.464,5.393,5.419,0.004821064342666492
2022-07-07,5.407,5.415,5.331,5.344,-0.013840191917327771
2022-07-08,5.364,5.37,5.261,5.269,-0.014034431137724623
2022-07-11,5.316,5.375,5.297,5.368,0.018789144050104456
2022-07-12,5.368,5.443,5.368,5.442,0.013785394932935846
2022-07-13,5.423,5.467,5.364,5.403,-0.00716648291069466
2022-07-14,5.472,5.491,5.416,5.435,0.005922635572829904
2022-07-15,5.408,5.449,5.376,5.41,-0.004599816007359592
2022-07-18,5.382,5.429,5.355,5.428,0.003327171903881654
2022-07-19,5.409,5.432,5.367,5.419,-0.001658069270449536
2022-07-20,5.423,5.471,5.392,5.462,0.007935043365934646
2022-07-21,5.467,5.516,5.431,5.494,0.0058586598315635285
2022-07-22,5.487,5.505,5.437,5.502,0.0014561339643246463
2022-07-25,5.475,5.477,5.368,5.376,-0.022900763358778553
2022-07-26,5.385,5.393,5.336,5.351,-0.004650297619047672
2022-07-27,5.339,5.351,5.242,5.249,-0.019061857596710974
2022-07-28,5.262,5.273,5.161,5.17,-0.015050485806820335
2022-07-29,5.171,5.213,5.146,5.179,0.0017408123791102792
2022-08-01,5.162,5.206,5.128,5.185,0.001158524811739614
2022-08-02,5.212,5.281,5.191,5.271,0.016586306653809224
2022-08-03,5.245,5.317,5.244,5.281,0.0018971732119141826
2022-08-04,5.286,5.295,5.2,5.22,-0.011550842643438752
2022-08-05,5.229,5.279,5.166,5.167,-0.010153256704980795
2022-08-08,5.142,5.151,5.104,5.114,-0.010257402748209743
2022-08-09,5.115,5.152,5.094,5.134,0.00391083300743067
2022-08-10,5.112,5.142,5.036,5.094,-0.0077911959485781335
2022-08-11,5.082,5.17,5.062,5.159,0.012760109933254604
2022-08-12,5.155,5.162,5.067,5.071,-0.017057569296375252
2022-08-15,5.119,5.141,5.076,5.093,0.004338394793926392
2022-08-16,5.127,5.155,5.113,5.146,0.010406440212055834
2022-08-17,5.181,5.215,5.149,5.171,0.004858142246405128
2022-08-18,5.164,5.208,5.13,5.175,0.0007735447689034558
2022-08-19,5.201,5.22,5.168,5.172,-0.0005797101449275255
2022-08-22,5.183,5.205,5.151,5.168,-0.0007733952049496784
2022-08-23,5.13,5.154,5.072,5.1,-0.013157894736842257
2022-08-24,5.11,5.124,5.084,5.11,0.0019607843137257053
2022-08-25,5.089,5.144,5.086,5.122,0.0023483365949119595
2022-08-26,5.11,5.118,5.056,5.074,-0.009371339320577876
2022-08-29,5.088,5.088,5.011,5.02,-0.010642491131257481
2022-08-30,5.014,5.121,5.012,5.112,0.018326693227091795
2022-08-31,5.14,5.212,5.135,5.199,0.017018779342723
2022-09-01,5.203,5.254,5.149,5.231,0.006155029813425639
2022-09-02,5.222,5.235,5.159,5.188,-0.008220225578283391
2022-09-05,5.184,5.191,5.151,5.154,-0.0065535851966075365
2022-09-06,5.168,5.252,5.163,5.242,0.017074117190531535
2022-09-08,5.2,5.239,5.18,5.209,-0.006295307134681516
2022-09-09,5.18,5.204,5.143,5.15,-0.011326550201574026
2022-09-12,5.118,5.139,5.085,5.095,-0.010679611650485588
2022-09-13,5.088,5.21,5.08,5.193,0.019234543670265003
2022-09-14,5.187,5.199,5.152,5.182,-0.002118236087040093
2022-09-15,5.184,5.245,5.178,5.242,0.01157854110382095
2022-09-16,5.252,5.31,5.249,5.256,0.0026707363601679024
2022-09-19,5.289,5.303,5.144,5.166,-0.017123287671232834
2022-09-20,5.205,5.225,5.143,5.156,-0.0019357336430508854
2022-09-21,5.142,5.195,5.121,5.14,-0.003103180760279267
2022-09-22,5.129,5.186,5.107,5.111,-0.005642023346303482
2022-09-23,5.175,5.265,5.168,5.254,0.027978869105850013
2022-09-26,5.296,5.416,5.296,5.385,0.024933384088313693
2022-09-27,5.344,5.386,5.299,5.382,-0.0005571030640668662
2022-09-28,5.409,5.422,5.324,5.346,-0.006688963210702226
2022-09-29,5.396,5.43,5.375,5.392,0.008604564160119788
2022-09-30,5.395,5.421,5.33,5.386,-0.001112759643916994
2022-10-03,5.513,5.513,5.155,5.177,-0.03880430746379515
2022-10-04,5.132,5.222,5.112,5.173,-0.0007726482518832789
2022-10-05,5.224,5.245,5.163,5.175,0.0003866228494102675
2022-10-06,5.2,5.22,5.178,5.207,0.0061835748792271605
2022-10-07,5.216,5.253,5.196,5.223,0.0030727866333781773
2022-10-10,5.19,5.218,5.164,5.185,-0.007275512157763786
2022-10-11,5.182,5.282,5.178,5.267,0.015814850530376123
2022-10-13,5.259,5.382,5.23,5.28,0.0024681982153027526
2022-10-14,5.276,5.335,5.242,5.325,0.008522727272727293
2022-10-17,5.276,5.3,5.255,5.297,-0.005258215962441359
2022-10-18,5.27,5.299,5.242,5.257,-0.007551444213705905
2022-10-19,5.276,5.3,5.257,5.277,0.003804451207913395
2022-10-20,5.247,5.258,5.194,5.222,-0.010422588592002957
2022-10-21,5.23,5.275,5.142,5.152,-0.013404825737265424
2022-10-24,5.211,5.303,5.206,5.292,0.02717391304347827
2022-10-25,5.298,5.358,5.278,5.323,0.0058578987150417205
2022-10-26,5.299,5.379,5.294,5.378,0.010332519256058603
2022-10-27,5.379,5.39,5.28,5.3,-0.014503532911863237
2022-10-28,5.36,5.381,5.308,5.313,0.002452830188679256
2022-10-31,5.405,5.408,5.155,5.175,-0.025974025974025983
2022-11-01,5.148,5.206,5.088,5.093,-0.015845410628019252
2022-11-03,5.197,5.224,5.086,5.114,0.004123306499116408
2022-11-04,5.07,5.113,5.02,5.033,-0.015838873680093735
2022-11-07,5.054,5.158,5.049,5.151,0.02344526127558111
2022-11-08,5.185,5.249,5.132,5.163,0.002329644729178959
2022-11-09,5.169,5.198,5.138,5.185,0.004261088514429412
2022-11-10,5.256,5.415,5.252,5.393,0.04011571841851502
2022-11-11,5.336,5.406,5.251,5.339,-0.010012979788614707
2022-11-14,5.339,5.353,5.262,5.286,-0.009926952612849038
2022-11-16,5.356,5.399,5.29,5.375,0.01683692773363621
2022-11-17,5.5,5.531,5.422,5.432,0.010604651162790857
2022-11-18,5.432,5.432,5.329,5.373,-0.01086156111929315
2022-11-21,5.372,5.372,5.299,5.313,-0.011166945840312748
2022-11-22,5.302,5.4,5.282,5.387,0.013928100884622596
2022-11-23,5.351,5.411,5.344,5.377,-0.001856320772229414
2022-11-24,5.319,5.341,5.301,5.312,-0.012088525199925537
2022-11-25,5.328,5.425,5.306,5.409,0.018260542168674565
2022-11-28,5.419,5.429,5.349,5.363,-0.008504344610833714
2022-11-29,5.33,5.331,5.28,5.293,-0.013052396046988712
2022-11-30,5.253,5.319,5.2,5.207,-0.016247874551294172
2022-12-01,5.19,5.217,5.165,5.204,-0.0005761474937584499
2022-12-02,5.19,5.242,5.164,5.218,0.0026902382782474366
2022-12-05,5.21,5.285,5.207,5.284,0.012648524338827016
2022-12-06,5.269,5.274,5.221,5.271,-0.0024602573807721573
2022-12-07,5.275,5.276,5.186,5.207,-0.01214190855625119
2022-12-08,5.237,5.253,5.193,5.213,0.0011522949875168997
2022-12-09,5.225,5.284,5.217,5.24,0.005179359294072539
2022-12-12,5.239,5.352,5.236,5.32,0.01526717557251911
2022-12-13,5.325,5.335,5.243,5.309,-0.0020676691729323293
2022-12-14,5.325,5.373,5.295,5.331,0.0041439065737427505
2022-12-15,5.331,5.347,5.283,5.317,-0.0026261489401613325
2022-12-16,5.316,5.333,5.264,5.294,-0.004325747602031305
2022-12-19,5.325,5.341,5.291,5.307,0.0024556101246695494
2022-12-20,5.292,5.325,5.178,5.206,-0.01903146787262111
2022-12-21,5.204,5.221,5.162,5.199,-0.001344602381867177
2022-12-22,5.215,5.224,5.16,5.185,-0.0026928255433738
2022-12-23,5.174,5.178,5.117,5.163,-0.004243008678881277
2022-12-26,5.157,5.215,5.157,5.206,0.008328491187294285
2022-12-27,5.195,5.303,5.195,5.29,0.016135228582404793
2022-12-28,5.274,5.289,5.229,5.257,-0.006238185255198592
2022-12-29,5.251,5.303,5.192,5.278,0.003994673768308976
2022-12-30,5.251,5.303,5.192,5.2177,-0.011424782114437204
2023-01-02,5.288,5.367,5.288,5.361,0.027464208367671494
2023-01-03,5.391,5.462,5.342,5.461,0.018653236336504397
2023-01-04,5.437,5.478,5.426,5.455,-0.0010986998718184315
2023-01-05,5.425,5.429,5.354,5.36,-0.01741521539871671
2023-01-06,5.36,5.367,5.234,5.244,-0.02164179104477626
2023-01-09,5.277,5.31,5.248,5.258,0.002669717772692648
2023-01-10,5.261,5.276,5.2,5.203,-0.010460251046025104
2023-01-11,5.201,5.235,5.163,5.185,-0.0034595425715934214
2023-01-12,5.169,5.184,5.07,5.095,-0.017357762777241992
2023-01-13,5.115,5.156,5.08,5.102,0.0013738959764475478
2023-01-16,5.102,5.162,5.095,5.151,0.00960407683261466
2023-01-17,5.152,5.159,5.097,5.102,-0.009512715977480046
2023-01-18,5.088,5.175,5.067,5.163,0.011956095648765208
2023-01-19,5.253,5.254,5.166,5.168,0.0009684292078249168
2023-01-20,5.169,5.241,5.165,5.203,0.006772445820433459
2023-01-23,5.218,5.219,5.165,5.194,-0.0017297712857967662
2023-01-24,5.214,5.219,5.141,5.145,-0.009433962264151052
2023-01-25,5.155,5.155,5.07,5.081,-0.012439261418853098
2023-01-26,5.081,5.121,5.06,5.068,-0.00255855146624695
2023-01-27,5.079,5.118,5.058,5.111,0.008484609313338609
2023-01-30,5.118,5.134,5.078,5.112,0.00019565642731378396
2023-01-31,5.133,5.142,5.076,5.079,-0.006455399061032985
2023-02-01,5.066,5.114,5.052,5.075,-0.0007875566056309014
2023-02-02,5.029,5.045,4.942,5.042,-0.006502463054187224
2023-02-03,5.098,5.142,5.059,5.14,0.019436731455771517
2023-02-06,5.17,5.214,5.154,5.175,0.006809338521400754
2023-02-07,5.141,5.208,5.134,5.191,0.0030917874396134692
2023-02-08,5.189,5.247,5.168,5.195,0.0007705644384512489
2023-02-09,5.182,5.279,5.174,5.274,0.015206929740134711
2023-02-10,5.303,5.303,5.216,5.224,-0.009480470231323479
2023-02-13,5.227,5.227,5.161,5.177,-0.008996937212863765
2023-02-14,5.15,5.229,5.13,5.204,0.005215375700212466
2023-02-15,5.201,5.241,5.193,5.22,0.003074558032282848
2023-02-16,5.209,5.26,5.198,5.223,0.0005747126436781436
2023-02-17,5.244,5.253,5.152,5.163,-0.011487650775416358
2023-02-22,5.163,5.213,5.154,5.175,0.0023242300987798004
2023-02-23,5.148,5.175,5.111,5.136,-0.007536231884057942
2023-02-24,5.157,5.211,5.147,5.206,0.013629283489096533
2023-02-27,5.192,5.213,5.172,5.202,-0.0007683442182098155
2023-02-28,5.196,5.243,5.18,5.227,0.004805843906189988
2023-03-01,5.212,5.231,5.184,5.192,-0.006696001530514639
2023-03-02,5.188,5.229,5.181,5.21,0.003466872110939878
2023-03-03,5.189,5.231,5.183,5.2,-0.0019193857965450478
2023-03-06,5.202,5.218,5.163,5.168,-0.006153846153846176
2023-03-07,5.166,5.207,5.154,5.193,0.004837461300309487
2023-03-08,5.182,5.185,5.103,5.142,-0.00982091276718644
2023-03-09,5.129,5.16,5.111,5.111,-0.0060287825748737145
2023-03-10,5.159,5.221,5.152,5.213,0.019956955585991087
2023-03-13,5.22,5.281,5.213,5.269,0.010742374832150459
2023-03-14,5.237,5.263,5.223,5.256,-0.0024672613399127075
2023-03-15,5.256,5.328,5.256,5.297,0.007800608828006039
2023-03-16,5.276,5.312,5.241,5.245,-0.009816877477817565
2023-03-17,5.24,5.285,5.233,5.275,0.0057197330791229906
2023-03-20,5.269,5.286,5.234,5.242,-0.006255924170616156
2023-03-21,5.226,5.255,5.217,5.248,0.0011446012972149422
2023-03-22,5.244,5.28,5.206,5.224,-0.004573170731707266
2023-03-23,5.211,5.297,5.204,5.289,0.012442572741194313
2023-03-24,5.317,5.342,5.24,5.252,-0.006995651351862309
2023-03-27,5.247,5.248,5.21,5.211,-0.007806549885757685
2023-03-28,5.211,5.211,5.149,5.166,-0.008635578583765069
2023-03-29,5.162,5.185,5.134,5.14,-0.005032907471931969
2023-03-30,5.105,5.161,5.072,5.099,-0.007976653696497915
2023-03-31,5.104,5.104,5.056,5.07,-0.0056873896842517535
2023-04-03,5.051,5.083,5.04,5.074,0.0007889546351083077
2023-04-04,5.055,5.1,5.051,5.087,0.00256208119826562
2023-04-05,5.073,5.078,5.02,5.054,-0.00648712404167473
2023-04-06,5.042,5.084,5.039,5.06,0.0011871784724968304
2023-04-10,5.055,5.094,5.038,5.069,0.0017786561264823142
2023-04-11,5.055,5.094,4.99,5.007,-0.012231209311501345
2023-04-12,5.008,5.009,4.918,4.943,-0.012782105052925874
2023-04-13,4.923,4.941,4.897,4.928,-0.003034594375885047
2023-04-14,4.934,4.966,4.894,4.918,-0.0020292207792207417
2023-04-17,4.921,4.957,4.902,4.937,0.0038633590890606584
2023-04-18,4.937,4.998,4.911,4.977,0.00810208628721898
2023-04-19,5.011,5.083,5.008,5.079,0.020494273658830497
2023-04-20,5.083,5.085,5.038,5.056,-0.004528450482378377
2023-04-24,5.077,5.087,5.04,5.043,-0.0025712025316455556
2023-04-25,5.049,5.084,5.031,5.07,0.005353955978584235
2023-04-26,5.049,5.074,5.038,5.061,-0.0017751479289941363
2023-04-27,5.04,5.05,4.971,4.982,-0.015609563327405596
2023-04-28,4.998,5.021,4.981,4.99,0.0016057808109193328
2023-05-02,4.999,5.054,4.993,5.045,0.011022044088176308
2023-05-03,5.018,5.053,4.985,4.997,-0.00951437066402383
2023-05-04,4.978,5.035,4.971,4.991,-0.0012007204322593834
2023-05-05,4.983,5.007,4.926,4.942,-0.009817671809256523
2023-05-08,4.951,5.019,4.942,5.017,0.01517604208822343
2023-05-09,5.009,5.037,4.974,4.989,-0.005581024516643551
2023-05-10,4.988,4.99,4.94,4.951,-0.007616756865103325
2023-05-11,4.959,4.985,4.932,4.941,-0.0020197939810139287
2023-05-12,4.937,4.957,4.91,4.925,-0.0032382108884840832
2023-05-15,4.913,4.933,4.89,4.891,-0.0069035532994923265
2023-05-16,4.895,4.954,4.886,4.942,0.010427315477407495
2023-05-17,4.941,4.972,4.924,4.94,-0.00040469445568591667
2023-05-18,4.951,4.982,4.951,4.966,0.0052631578947368585
2023-05-19,4.949,5.002,4.948,4.999,0.006645187273459419
2023-05-22,4.996,5.005,4.954,4.974,-0.005001000200039907
2023-05-23,4.98,4.996,4.952,4.974,0.0
2023-05-24,4.962,4.962,4.937,4.953,-0.0042219541616405065
2023-05-25,4.953,5.045,4.944,5.037,0.01695941853422167
2023-05-26,5.018,5.033,4.981,4.99,-0.009330950962874618
2023-05-29,5.001,5.018,4.976,5.014,0.004809619238477003
2023-05-30,5.005,5.07,5.001,5.044,0.005983246908655593
2023-05-31,5.061,5.129,5.056,5.075,0.006145915939730573
2023-06-01,5.043,5.059,5.006,5.012,-0.012413793103448367
2023-06-02,5.002,5.003,4.947,4.956,-0.011173184357541777
2023-06-05,4.972,4.972,4.914,4.928,-0.005649717514124353
2023-06-06,4.932,4.957,4.901,4.913,-0.0030438311688311126
2023-06-07,4.907,4.933,4.902,4.925,0.002442499491145833
2023-06-09,4.916,4.928,4.857,4.876,-0.00994923857868013
2023-06-12,4.88,4.901,4.864,4.867,-0.0018457752255948146
2023-06-13,4.866,4.88,4.849,4.864,-0.0006163961372509519
2023-06-14,4.855,4.868,4.815,4.818,-0.00945723684210531
2023-06-15,4.83,4.845,4.797,4.802,-0.0033208800332088506
2023-06-16,4.811,4.851,4.808,4.82,0.003748438150770639
2023-06-19,4.83,4.833,4.76,4.775,-0.009336099585062207
2023-06-20,4.785,4.809,4.775,4.79,0.003141361256544517
2023-06-21,4.792,4.817,4.764,4.77,-0.0041753653444677186
2023-06-22,4.772,4.788,4.752,4.776,0.0012578616352201255
2023-06-23,4.795,4.808,4.767,4.781,0.0010469011725293687
2023-06-26,4.78,4.781,4.759,4.766,-0.0031374189500104066
2023-06-27,4.765,4.807,4.753,4.799,0.006924045321023975
2023-06-28,4.815,4.869,4.814,4.849,0.010418837257762048
2023-06-29,4.846,4.876,4.832,4.856,0.0014435966178591997
2023-06-30,4.857,4.872,4.785,4.789,-0.01379736408566723
2023-07-03,4.796,4.807,4.762,4.807,0.003758613489246221
2023-07-04,4.799,4.847,4.785,4.834,0.005616808820469998
2023-07-05,4.865,4.872,4.836,4.851,0.003516756309474678
2023-07-06,4.844,4.951,4.844,4.926,0.015460729746443969
2023-07-07,4.912,4.934,4.849,4.86,-0.013398294762484775
2023-07-10,4.869,4.893,4.856,4.885,0.005144032921810648
2023-07-11,4.891,4.923,4.856,4.86,-0.0051177072671442225
2023-07-12,4.86,4.861,4.785,4.818,-0.00864197530864208
2023-07-13,4.805,4.827,4.787,4.793,-0.005188875051888586
2023-07-14,4.81,4.816,4.777,4.792,-0.00020863759649492053
2023-07-17,4.801,4.851,4.797,4.81,0.0037562604340566352
2023-07-18,4.806,4.828,4.797,4.809,-0.00020790020790006913
2023-07-19,4.819,4.821,4.783,4.785,-0.004990642545227741
2023-07-20,4.79,4.812,4.77,4.802,0.003552769070010342
2023-07-21,4.82,4.821,4.762,4.778,-0.004997917534360741
2023-07-24,4.772,4.785,4.725,4.735,-0.008999581414817714
2023-07-25,4.724,4.76,4.718,4.75,0.0031678986272438703
2023-07-26,4.739,4.756,4.723,4.73,-0.004210526315789331
2023-07-27,4.726,4.754,4.71,4.751,0.004439746300211489
2023-07-28,4.728,4.743,4.696,4.734,-0.003578194064407514
2023-07-31,4.731,4.76,4.714,4.73,-0.0008449514152935045
2023-08-01,4.729,4.801,4.729,4.793,0.013319238900634245
2023-08-02,4.8,4.823,4.782,4.806,0.002712288754433523
2023-08-03,4.846,4.895,4.843,4.89,0.017478152309612804
2023-08-04,4.911,4.918,4.847,4.873,-0.003476482617586818
2023-08-07,4.908,4.914,4.895,4.897,0.004925097475887652
2023-08-08,4.935,4.941,4.891,4.898,0.0002042066571368295
2023-08-09,4.893,4.917,4.875,4.907,0.0018374846876276774
2023-08-10,4.887,4.895,4.842,4.882,-0.005094762584063606
2023-08-11,4.874,4.909,4.862,4.905,0.00471118394100789
2023-08-14,4.905,4.972,4.905,4.968,0.01284403669724754
2023-08-15,4.981,4.998,4.96,4.99,0.004428341384863144
2023-08-16,4.975,4.993,4.952,4.985,-0.0010020040080159776
2023-08-17,4.969,4.997,4.96,4.983,-0.00040120361083262335
2023-08-18,4.982,5.003,4.959,4.971,-0.0024081878386513766
2023-08-21,4.962,4.997,4.958,4.979,0.0016093341380003512
2023-08-22,4.959,4.966,4.927,4.938,-0.00823458525808407
2023-08-23,4.929,4.942,4.852,4.854,-0.017010935601458055
2023-08-24,4.873,4.889,4.856,4.877,0.004738360115368767
2023-08-25,4.878,4.902,4.857,4.874,-0.0006151322534344583
2023-08-28,4.873,4.913,4.864,4.879,0.0010258514567089705
2023-08-29,4.88,4.903,4.851,4.852,-0.005533920885427146
2023-08-30,4.859,4.884,4.844,4.867,0.0030915086562242067
2023-08-31,4.882,4.962,4.865,4.953,0.01767002260119166
2023-09-01,4.937,4.949,4.901,4.94,-0.002624671916010457
2023-09-04,4.937,4.944,4.909,4.935,-0.0010121457489880026
2023-09-05,4.957,4.987,4.955,4.978,0.008713272543059869
2023-09-06,4.979,4.996,4.955,4.988,0.002008838891121023
2023-09-08,4.979,4.995,4.965,4.984,-0.0008019246190859031
2023-09-11,4.964,4.971,4.922,4.934,-0.010032102728731895
2023-09-12,4.944,4.97,4.935,4.954,0.004053506282934549
2023-09-13,4.955,4.967,4.896,4.916,-0.007670569236980063
2023-09-14,4.917,4.919,4.864,4.876,-0.008136696501220508
2023-09-15,4.868,4.881,4.861,4.871,-0.001025430680885897
2023-09-18,4.877,4.878,4.843,4.854,-0.003490043112297392
2023-09-19,4.843,4.876,4.84,4.872,0.003708281829418958
2023-09-20,4.858,4.876,4.844,4.874,0.0004105090311985471
2023-09-21,4.899,4.935,4.892,4.933,0.01210504718916705
2023-09-22,4.91,4.934,4.905,4.93,-0.0006081491992702137
2023-09-25,4.946,4.975,4.937,4.97,0.008113590263691739
2023-09-26,4.98,4.994,4.954,4.991,0.004225352112676051
2023-09-27,4.99,5.08,4.989,5.05,0.011821278300941707
2023-09-28,5.037,5.071,5.016,5.043,-0.0013861386138612763
2023-09-29,5.011,5.036,4.989,5.028,-0.002974419988102439
2023-10-02,5.065,5.081,5.038,5.068,0.007955449482895727
2023-10-03,5.08,5.162,5.072,5.161,0.018350434096290336
2023-10-04,5.145,5.179,5.125,5.15,-0.0021313698895560895
2023-10-05,5.15,5.189,5.15,5.171,0.004077669902912584
2023-10-06,5.171,5.221,5.147,5.159,-0.0023206343067105895
2023-10-09,5.182,5.182,5.122,5.136,-0.004458228338825254
2023-10-10,5.139,5.139,5.059,5.06,-0.014797507788162134
2023-10-11,5.045,5.071,5.029,5.052,-0.0015810276679841806
2023-10-13,5.07,5.103,5.046,5.092,0.007917656373713333
2023-10-16,5.054,5.073,5.038,5.042,-0.00981932443047917
2023-10-17,5.046,5.066,5.011,5.033,-0.0017850059500197357
2023-10-18,5.047,5.076,5.031,5.054,0.004172461752433909
2023-10-19,5.076,5.084,5.021,5.049,-0.0009893153937474697
2023-10-20,5.049,5.098,5.026,5.031,-0.0035650623885918886
2023-10-23,5.045,5.053,4.997,5.02,-0.002186444046909153
2023-10-24,5.013,5.03,4.991,4.999,-0.00418326693227089
2023-10-25,5.0,5.02,4.988,5.002,0.000600120024004891
2023-10-26,5.01,5.02,4.989,4.994,-0.001599360255897686
2023-10-27,4.989,5.021,4.932,5.019,0.005006007208650409
2023-10-30,5.0,5.06,4.974,5.041,0.004383343295477182
2023-10-31,5.029,5.071,5.011,5.035,-0.001190240031739731
2023-11-01,5.037,5.046,4.969,4.973,-0.01231380337636545
2023-11-03,4.931,4.932,4.877,4.899,-0.01488035391111997
2023-11-06,4.894,4.912,4.888,4.891,-0.0016329863237395381
2023-11-07,4.903,4.903,4.86,4.871,-0.00408914332447341
2023-11-08,4.889,4.918,4.872,4.906,0.0071853828782588725
2023-11-09,4.912,4.936,4.893,4.935,0.0059111292295148665
2023-11-10,4.943,4.954,4.905,4.911,-0.004863221884498503
2023-11-13,4.912,4.943,4.907,4.91,-0.000203624516391665
2023-11-14,4.902,4.908,4.85,4.862,-0.009775967413442
2023-11-16,4.861,4.887,4.838,4.866,0.0008227067050594616
2023-11-17,4.854,4.907,4.853,4.906,0.008220304151253632
2023-11-20,4.893,4.906,4.848,4.856,-0.01019160211985326
2023-11-22,4.901,4.921,4.88,4.905,0.010090609555189589
2023-11-23,4.9,4.909,4.888,4.907,0.00040774719673808413
2023-11-24,4.902,4.907,4.884,4.899,-0.0016303240269003316
2023-11-27,4.896,4.923,4.874,4.9,0.0002041232904674839
2023-11-28,4.9,4.91,4.859,4.872,-0.005714285714285783
2023-11-29,4.873,4.906,4.865,4.89,0.003694581280788034
2023-11-30,4.918,4.946,4.916,4.922,0.006543967280163709
2023-12-01,4.91,4.938,4.87,4.879,-0.00873628606257626
2023-12-04,4.895,4.954,4.89,4.949,0.01434720229555242
2023-12-05,4.951,4.968,4.927,4.931,-0.003637098403717842
2023-12-06,4.917,4.923,4.89,4.904,-0.005475562766173225
2023-12-07,4.898,4.916,4.881,4.91,0.0012234910277324484
2023-12-08,4.901,4.936,4.897,4.926,0.0032586558044807035
2023-12-11,4.933,4.96,4.927,4.939,0.0026390580592772217
2023-12-12,4.93,4.974,4.923,4.967,0.005669163798339705
2023-12-13,4.969,4.978,4.924,4.932,-0.007046506945842412
2023-12-14,4.883,4.911,4.877,4.907,-0.00506893755068949
2023-12-15,4.913,4.951,4.904,4.944,0.007540248624414048
2023-12-18,4.937,4.952,4.892,4.907,-0.007483818770226525
2023-12-19,4.894,4.895,4.852,4.861,-0.00937436315467699
2023-12-20,4.87,4.905,4.859,4.904,0.008845916478090965
2023-12-21,4.897,4.901,4.865,4.887,-0.003466557911908752
2023-12-22,4.871,4.879,4.85,4.862,-0.005115612850419393
2023-12-26,4.852,4.862,4.818,4.824,-0.007815713698066662
2023-12-27,4.811,4.838,4.804,4.831,0.0014510779436154309
2023-12-28,4.822,4.871,4.821,4.851,0.004139929621196359
2023-12-29,4.8413,4.8413,4.8413,4.8413,-0.0019995877138733187
2024-01-02,4.87,4.922,4.849,4.912,0.01460351558465689
2024-01-03,4.938,4.939,4.902,4.911,-0.00020358306188927866
2024-01-04,4.914,4.936,4.907,4.911,0.0
2024-01-05,4.909,4.94,4.862,4.873,-0.007737731622887267
2024-01-08,4.881,4.902,4.865,4.872,-0.00020521239482873543
2024-01-09,4.881,4.908,4.877,4.903,0.006362889983579478
2024-01-10,4.902,4.906,4.879,4.894,-0.0018356108504995472
2024-01-11,4.889,4.896,4.86,4.877,-0.0034736411932979605
2024-01-12,4.873,4.878,4.833,4.856,-0.00430592577404143
2024-01-15,4.849,4.887,4.848,4.864,0.0016474464579900872
2024-01-16,4.901,4.934,4.888,4.929,0.01336348684210531
2024-01-17,4.949,4.955,4.924,4.929,0.0
2024-01-18,4.927,4.957,4.914,4.935,0.0012172854534386879
2024-01-19,4.915,4.938,4.903,4.93,-0.0010131712259371373
2024-01-22,4.924,4.994,4.924,4.99,0.01217038539553772
2024-01-23,4.989,5.003,4.95,4.953,-0.007414829659318611
2024-01-24,4.926,4.938,4.909,4.933,-0.0040379567938624294
2024-01-25,4.93,4.941,4.908,4.922,-0.002229880397324191
2024-01-26,4.918,4.921,4.903,4.912,-0.002031694433157205
2024-01-29,4.917,4.958,4.907,4.952,0.008143322475570036
2024-01-30,4.942,4.982,4.935,4.944,-0.001615508885298822
2024-01-31,4.959,4.975,4.929,4.944,0.0
2024-02-01,4.952,4.97,4.914,4.917,-0.00546116504854377
2024-02-02,4.915,4.977,4.909,4.964,0.009558673988204314
2024-02-05,4.964,5.019,4.964,4.985,0.004230459307010381
2024-02-06,4.985,4.985,4.952,4.966,-0.003811434302908756
2024-02-07,4.963,4.975,4.954,4.97,0.0008054772452676939
2024-02-08,4.979,5.002,4.974,4.995,0.005030181086519203
2024-02-09,4.986,4.99,4.952,4.958,-0.007407407407407418
2024-02-14,4.9662,4.9803,4.9642,4.9708,0.0025816861637755206
2024-02-15,4.9613,4.984,4.9575,4.97,-0.00016093988895149458
2024-02-16,4.9705,4.9902,4.9607,4.9662,-0.0007645875251509615
2024-02-19,4.9687,4.9722,4.9532,4.9627,-0.0007047642060327153
2024-02-20,4.9612,4.9664,4.9264,4.9307,-0.0064481028472404
2024-02-21,4.9297,4.9475,4.9235,4.9425,0.0023931693268703924
2024-02-22,4.928,4.9528,4.9209,4.9523,0.0019828022255943267
2024-02-23,4.9623,4.9985,4.9608,4.9925,0.008117440381236962
2024-02-26,4.9865,4.997,4.9725,4.981,-0.0023034551827740835
2024-02-27,4.9754,4.9772,4.9302,4.9362,-0.008994177875928377
2024-02-28,4.9442,4.9759,4.9437,4.9734,0.007536161419715359
2024-02-29,4.9605,4.9996,4.9605,4.9729,-0.00010053484537730917
2024-03-01,4.9594,4.9759,4.9479,4.9549,-0.003619618331355934
2024-03-04,4.9533,4.9589,4.9422,4.9482,-0.0013521968152738761
2024-03-05,4.9522,4.963,4.942,4.9565,0.0016773776322702716
2024-03-06,4.9449,4.9477,4.9346,4.9451,-0.002300010087763593
2024-03-07,4.9386,4.9434,4.9323,4.9358,-0.001880649531859735
2024-03-08,4.9528,4.9933,4.9513,4.9808,0.009117063090076538
2024-03-11,4.9857,5.001,4.9628,4.9803,-0.00010038548024426941
2024-03-12,4.9777,4.9952,4.9598,4.9743,-0.0012047467020057656
2024-03-13,4.9743,4.9891,4.9632,4.9738,-0.00010051665560995016
2024-03-14,4.9643,4.9947,4.9546,4.9922,0.0036993847762276655
2024-03-15,4.9912,5.0032,4.9822,4.9973,0.0010215936861504016
2024-03-18,4.9903,5.0329,4.9848,5.0284,0.006223360614731943
2024-03-19,5.0284,5.0564,5.0116,5.0252,-0.0006363853313182677
2024-03-20,5.0307,5.0332,4.9741,4.975,-0.009989652153148176
2024-03-21,4.9586,4.9875,4.9536,4.9825,0.001507537688442362
2024-03-22,5.0016,5.0091,4.9829,5.0009,0.0036929252383341993
2024-03-25,4.9959,5.0072,4.9735,4.9776,-0.004659161350956786
2024-03-26,4.9729,4.9947,4.9669,4.9862,0.0017277402764386274
2024-03-27,4.9782,4.9945,4.9753,4.9803,-0.0011832658136458063
2024-03-28,5.0108,5.0147,4.9817,5.0137,0.006706423307832887
2024-04-01,5.0122,5.0715,5.0107,5.0645,0.01013223766878757
2024-04-02,5.0339,5.0638,5.0334,5.0609,-0.0007108302892683271
2024-04-03,5.0811,5.0929,5.0375,5.0445,-0.0032405303404532404
2024-04-04,5.0425,5.052,5.0061,5.0511,0.0013083556348498782
2024-04-05,5.0506,5.0758,5.0304,5.0653,0.002811268832531466
2024-04-08,5.0693,5.0753,5.0267,5.0297,-0.007028211557064679
2024-04-09,5.0242,5.0247,5.0013,5.0099,-0.003936616498001921
2024-04-10,5.0004,5.0881,4.9979,5.0806,0.014112058124912563
2024-04-11,5.0786,5.0929,5.06,5.0924,0.0023225603275203177
2024-04-12,5.1183,5.1496,5.1084,5.1256,0.006519519283638475
2024-04-15,5.1256,5.2162,5.1046,5.1872,0.012018105197440176
2024-04-16,5.2082,5.2866,5.1987,5.2635,0.014709284392350419
2024-04-17,5.2741,5.2814,5.2214,5.2429,-0.003913745606535568
2024-04-18,5.2324,5.2795,5.2314,5.2475,0.000877377024165904
2024-04-19,5.2736,5.278,5.1865,5.199,-0.009242496426869917
2024-04-22,5.204,5.2199,5.1739,5.1774,-0.004154645124062384
2024-04-23,5.1744,5.1903,5.1208,5.1318,-0.008807509560783244
2024-04-24,5.1308,5.1735,5.1248,5.1494,0.0034295958533068216
2024-04-25,5.1504,5.1946,5.1111,5.1676,0.0035343923563910806
2024-04-26,5.1571,5.1616,5.1107,5.1187,-0.00946280671878641
2024-04-29,5.1077,5.1223,5.1042,5.1173,-0.00027350694512262574
2024-04-30,5.12,5.194,5.1195,5.1905,0.014304418345612024
2024-05-02,5.1645,5.166,5.1011,5.1141,-0.014719198535786626
2024-05-03,5.1061,5.1157,5.0472,5.0711,-0.00840812655208134
2024-05-06,5.0696,5.092,5.0619,5.0764,0.0010451381357099443
2024-05-07,5.077,5.0855,5.0506,5.0706,-0.001142541958868426
2024-05-08,5.0776,5.1092,5.0776,5.0966,0.005127598311836845
2024-05-09,5.1472,5.1785,5.1392,5.1443,0.009359180630224229
2024-05-10,5.1368,5.1623,5.1195,5.1583,0.0027214587018640213
2024-05-13,5.1468,5.1659,5.1243,5.1524,-0.0011437876819881954
2024-05-14,5.1484,5.1484,5.1252,5.1312,-0.004114587376756518
2024-05-15,5.1702,5.1702,5.1223,5.1373,0.0011888057374493943
2024-05-16,5.1383,5.1383,5.107,5.1321,-0.001012204854690113
2024-05-17,5.1321,5.1376,5.1045,5.106,-0.005085637458350445
2024-05-20,5.107,5.1307,5.0924,5.109,0.000587544065804968
2024-05-21,5.0965,5.1263,5.0858,5.1163,0.0014288510471716087
2024-05-22,5.1413,5.1651,5.1353,5.1551,0.0075836053397964065
2024-05-23,5.1385,5.1615,5.1275,5.156,0.00017458439215523036
2024-05-24,5.135,5.177,5.1323,5.1696,0.002637703646237499
2024-05-27,5.1616,5.1859,5.1574,5.1728,0.0006190034045185921
2024-05-28,5.1644,5.1704,5.1366,5.1582,-0.0028224559232910007
2024-05-29,5.1757,5.2151,5.1717,5.2057,0.009208638672405067
2024-05-31,5.2048,5.2595,5.1948,5.2585,0.01014272816335926
2024-06-03,5.2555,5.2686,5.2161,5.2346,-0.0045450223447750515
2024-06-04,5.2666,5.2977,5.2517,5.2897,0.010526114698353073
2024-06-05,5.2707,5.3067,5.2612,5.2992,0.0017959430591527603
2024-06-06,5.2952,5.3102,5.2423,5.2558,-0.008189915458937214
2024-06-07,5.2538,5.3295,5.2426,5.3195,0.012119943681266454
2024-06-10,5.3365,5.3901,5.3165,5.3556,0.006786352100761395
2024-06-11,5.3636,5.3748,5.3384,5.3603,0.0008775860781238265
2024-06-12,5.3763,5.4308,5.3394,5.4064,0.008600264910546107
2024-06-13,5.3944,5.4171,5.3637,5.3737,-0.006048387096774022
2024-06-14,5.3777,5.3879,5.3468,5.3799,0.0011537674228185857
2024-06-17,5.3779,5.4322,5.3779,5.4251,0.008401643153218341
2024-06-18,5.4397,5.4427,5.3948,5.4398,0.002709627472304632
2024-06-19,5.4348,5.484,5.4288,5.444,0.0007720872090886122
2024-06-20,5.3895,5.4689,5.3889,5.4549,0.0020022042615723823
2024-06-21,5.4399,5.4632,5.4247,5.4468,-0.001484903481273836
2024-06-24,5.4303,5.4383,5.3775,5.395,-0.009510171109642362
2024-06-25,5.4155,5.456,5.4068,5.4555,0.011214087117701554
2024-06-26,5.471,5.528,5.4605,5.5205,0.011914581614884234
2024-06-27,5.525,5.5401,5.4847,5.5051,-0.002789602391087831
2024-06-28,5.492,5.6,5.488,5.5931,0.015985177380974047
2024-07-01,5.5851,5.646,5.568,5.6455,0.009368686417192684
2024-07-02,5.6565,5.7021,5.6295,5.6571,0.002054733858825486
2024-07-03,5.6676,5.669,5.5428,5.5648,-0.016315780170051752
2024-07-04,5.4993,5.5097,5.4683,5.4865,-0.014070586543990737
2024-07-05,5.4865,5.5356,5.4602,5.4627,-0.004337920349949953
2024-07-08,5.4597,5.4962,5.4577,5.4772,0.0026543650575723277
2024-07-09,5.4707,5.4787,5.4146,5.4196,-0.010516322208427686
2024-07-10,5.4121,5.4277,5.3737,5.4147,-0.0009041257657391721
2024-07-11,5.4097,5.4548,5.3722,5.4443,0.005466600180988879
2024-07-12,5.4318,5.4665,5.4167,5.433,-0.002075565270099111
2024-07-15,5.4565,5.4782,5.4325,5.4449,0.0021903184244431717
2024-07-16,5.433,5.4641,5.4075,5.4346,-0.0018916784513949292
2024-07-17,5.4446,5.4893,5.4356,5.4868,0.009605122732123883
2024-07-18,5.4848,5.587,5.4823,5.584,0.017715243857986396
2024-07-19,5.5345,5.606,5.5225,5.6035,0.003492120343839611
2024-07-22,5.5924,5.6105,5.5374,5.5739,-0.005282412777728229
2024-07-23,5.5884,5.6082,5.5602,5.5927,0.003372862807011101
2024-07-24,5.6092,5.6637,5.5992,5.6577,0.011622293346684076
2024-07-25,5.6922,5.6922,5.6202,5.6452,-0.0022093783693020175
2024-07-26,5.6192,5.6731,5.6192,5.6616,0.002905122936299964
2024-07-29,5.661,5.6698,5.6278,5.6308,-0.005440158259149341
2024-07-30,5.6128,5.6645,5.6118,5.623,-0.0013852383320308581
2024-07-31,5.6128,5.6847,5.6093,5.6629,0.0070958563044636325
2024-08-01,5.6745,5.7447,5.6355,5.7357,0.012855604019142097
2024-08-02,5.7677,5.7935,5.7005,5.7185,-0.002998762138884503
2024-08-05,5.859,5.8655,5.7148,5.7353,0.0029378333479059826
2024-08-06,5.7128,5.7128,5.6328,5.6539,-0.0141928059560964
2024-08-07,5.6183,5.6418,5.599,5.6255,-0.005023081412830144
2024-08-08,5.6365,5.6559,5.565,5.5735,-0.009243622789085304
2024-08-09,5.5355,5.5539,5.4928,5.5173,-0.010083430519422398
2024-08-12,5.5103,5.5192,5.4937,5.4987,-0.0033712141808491802
2024-08-13,5.4987,5.5035,5.4525,5.4575,-0.007492680088020953
2024-08-14,5.4449,5.4879,5.4302,5.4734,0.002913421896472812
2024-08-15,5.4669,5.4955,5.452,5.485,0.002119340811926884
2024-08-16,5.485,5.4876,5.4382,5.4706,-0.002625341841385631
2024-08-19,5.4631,5.4731,5.3779,5.4099,-0.011095675063064303
2024-08-20,5.4099,5.4935,5.4099,5.47,0.011109262648107965
2024-08-21,5.4655,5.5115,5.459,5.482,0.002193784277879418
2024-08-22,5.4834,5.5971,5.4834,5.5896,0.01962787303903668
2024-08-23,5.5801,5.5831,5.4757,5.4842,-0.018856447688564426
2024-08-26,5.4942,5.5145,5.4743,5.488,0.0006928996024944123
2024-08-27,5.481,5.5199,5.4795,5.5029,0.0027150145772594225
2024-08-28,5.5129,5.5656,5.5119,5.5606,0.010485380435770075
2024-08-29,5.5641,5.6634,5.56,5.6224,0.011113908571017461
2024-08-30,5.5779,5.691,5.5764,5.65,0.004908935685828286
2024-09-02,5.642,5.6608,5.6056,5.6145,-0.006283185840708083
2024-09-03,5.6326,5.6538,5.5778,5.6438,0.005218630332175733
2024-09-04,5.6503,5.6634,5.6179,5.6384,-0.0009568021545767191
2024-09-05,5.6404,5.6504,5.573,5.577,-0.010889614074914844
2024-09-06,5.575,5.6021,5.5318,5.5961,0.0034247803478573147
2024-09-09,5.5836,5.6412,5.5766,5.5825,-0.002430263933811072
2024-09-10,5.5806,5.6723,5.5696,5.6603,0.013936408419167101
2024-09-11,5.6603,5.6757,5.6079,5.6542,-0.001077681394979102
2024-09-12,5.6557,5.6773,5.6178,5.6213,-0.005818683456545681
2024-09-13,5.6158,5.6193,5.5456,5.5646,-0.010086634764200353
2024-09-16,5.5621,5.5823,5.4988,5.5153,-0.008859576609280162
2024-09-17,5.5128,5.5169,5.4801,5.4886,-0.004841078454481118
2024-09-18,5.4756,5.4974,5.4129,5.4529,-0.00650439091936017
2024-09-19,5.4,5.4423,5.3975,5.4308,-0.004052889288268635
2024-09-20,5.4392,5.5246,5.4201,5.5215,0.016701038521028222
2024-09-23,5.5621,5.5991,5.528,5.5351,0.0024630987956171246
2024-09-24,5.5186,5.5284,5.4476,5.4623,-0.013152427237086983
2024-09-25,5.4673,5.4979,5.4407,5.4809,0.003405158998956548
2024-09-26,5.4414,5.4552,5.4061,5.4458,-0.006404057727745438
2024-09-27,5.4323,5.4592,5.4278,5.4357,-0.0018546402732382283
2024-09-30,5.433,5.4749,5.4043,5.4574,0.003992126129109375
2024-10-01,5.4714,5.4794,5.4314,5.4594,0.0003664748781471161
2024-10-02,5.4159,5.4525,5.4054,5.4475,-0.002179726709894858
2024-10-03,5.4565,5.5124,5.4555,5.4749,0.005029830197338159
2024-10-04,5.4679,5.5204,5.4539,5.4571,-0.0032512009351769455
2024-10-07,5.4696,5.4933,5.4222,5.4889,0.005827270894797731
2024-10-08,5.5039,5.5378,5.498,5.5343,0.008271238317331342
2024-10-09,5.5348,5.6004,5.5318,5.585,0.009161050177980856
2024-10-10,5.5844,5.6055,5.568,5.5846,-7.162041181740797e-05
2024-10-11,5.5776,5.6543,5.56,5.6235,0.006965583927228458
2024-10-14,5.6205,5.653,5.5657,5.5837,-0.007077442873655082
2024-10-15,5.5837,5.6664,5.5807,5.6579,0.013288679549402715
2024-10-16,5.6534,5.701,5.6319,5.6629,0.0008837201081672852
2024-10-17,5.683,5.69,5.6618,5.6628,-1.7658796729547177e-05
2024-10-18,5.6398,5.7045,5.6288,5.7029,0.007081302535848044
2024-10-21,5.704,5.7363,5.694,5.6965,-0.00112223605534012
2024-10-22,5.689,5.7191,5.6766,5.7031,0.0011586061616781773
2024-10-23,5.717,5.7334,5.6865,5.689,-0.00247233960477633
2024-10-24,5.6825,5.7215,5.6675,5.6705,-0.0032518896115311113
2024-10-25,5.6715,5.7139,5.6709,5.7089,0.006771889604091363
2024-10-28,5.7059,5.7206,5.6866,5.7096,0.0001226155651701255
2024-10-29,5.7106,5.7683,5.6993,5.7638,0.009492784082947958
2024-10-30,5.7658,5.7933,5.7597,5.7633,-8.674832575727986e-05
2024-10-31,5.7645,5.7959,5.7555,5.7835,0.0035049364079606793
2024-11-01,5.7905,5.875,5.7645,5.8715,0.01521569983573956
2024-11-04,5.8279,5.8395,5.7573,5.7748,-0.016469386017201826
2024-11-05,5.7848,5.8061,5.7416,5.7491,-0.004450370575604268
2024-11-06,5.8381,5.8611,5.6658,5.6863,-0.010923448887652065
2024-11-07,5.6878,5.7247,5.6372,5.6802,-0.0010727538117932811
2024-11-08,5.7372,5.7915,5.7272,5.7485,0.012024224499137315
2024-11-11,5.776,5.8175,5.7639,5.774,0.004435939810385259
2024-11-12,5.785,5.7999,5.7553,5.7709,-0.0005368895046761191
2024-11-13,5.7319,5.8192,5.7243,5.8007,0.005163839262506631
2024-11-14,5.8067,5.8297,5.7646,5.7851,-0.0026893305980313365
2024-11-18,5.7846,5.801,5.7374,5.7479,-0.0064303123541512575
2024-11-19,5.7658,5.7987,5.7474,5.7712,0.004053654378120886
2024-11-21,5.7936,5.835,5.7841,5.815,0.007589409481563614
2024-11-22,5.815,5.8327,5.7906,5.8122,-0.0004815133276011574
2024-11-25,5.7877,5.822,5.7769,5.8125,5.161556725519212e-05
2024-11-26,5.818,5.8264,5.7839,5.8092,-0.000567741935483923
2024-11-27,5.8072,5.931,5.8067,5.908,0.017007505336363193
2024-11-28,5.9745,6.0034,5.9483,5.9929,0.014370345294515863
2024-11-29,5.9981,6.1168,5.9637,6.0052,0.0020524287073038217
2024-12-02,6.0097,6.0918,6.0052,6.0642,0.009824818490641318
2024-12-03,6.0523,6.0962,6.0313,6.0542,-0.0016490221298769425
2024-12-04,6.0512,6.0745,6.0253,6.0423,-0.0019655776155396154
2024-12-05,6.0323,6.0413,5.9616,6.0086,-0.005577346374724845
2024-12-06,6.0276,6.0934,5.9848,6.0804,0.011949538994108444
2024-12-09,6.0774,6.0911,6.0386,6.0866,0.0010196697585684866
2024-12-10,6.0401,6.0721,6.0181,6.0576,-0.004764564781651437
2024-12-11,6.0666,6.0734,5.9533,5.9569,-0.016623745377707277
2024-12-12,5.8969,6.05,5.8694,6.0405,0.014034145276905718
2024-12-13,5.974,6.0774,5.974,6.0404,-1.655492095020694e-05
2024-12-16,6.0579,6.0997,6.0265,6.088,0.007880272829613899
2024-12-17,6.1465,6.2097,6.0652,6.0922,0.0006898817345597497
2024-12-18,6.0957,6.252,6.0957,6.248,0.02557368438330987
2024-12-19,6.2475,6.3005,6.1075,6.1155,-0.0212067861715749
2024-12-20,6.1004,6.1121,6.0435,6.1121,-0.0005559643528738611
2024-12-23,6.1145,6.2026,6.105,6.1926,0.013170596030824155
2024-12-24,6.1442,6.164,6.1442,6.164,-0.004618415528211073
2024-12-26,6.1586,6.1987,6.1488,6.1778,0.002238805970149471
2024-12-27,6.1778,6.2155,6.1713,6.1906,0.0020719349930395925
2024-12-30,6.202,6.2437,6.1534,6.1812,-0.0015184311698381858
2024-12-31,6.1923,6.1923,6.1923,6.1923,0.001795767812075466
2025-01-02,6.1743,6.2288,6.1526,6.1646,-0.004473297482357141
2025-01-03,6.1551,6.2018,6.1373,6.1808,0.002627907731239665
2025-01-06,6.1374,6.1549,6.094,6.1135,-0.010888558115454194
2025-01-07,6.117,6.119,6.0555,6.1115,-0.0003271448433793678
2025-01-08,6.1265,6.1571,6.1048,6.1113,-3.272519021524367e-05
2025-01-09,6.1098,6.1233,6.0493,6.0538,-0.009408800091633585
2025-01-10,6.0413,6.1236,6.0313,6.1,0.0076315702533944485
2025-01-13,6.1236,6.1356,6.0776,6.1021,0.00034426229508199846
2025-01-14,6.0871,6.0926,6.0433,6.0436,-0.009586863538781798
2025-01-15,6.0477,6.0711,6.013,6.0234,-0.0033423787146733552
2025-01-16,6.0215,6.0718,5.9968,6.0568,0.005545041006740359
2025-01-17,6.0493,6.0912,6.0283,6.0637,0.0011392154272882316
2025-01-20,6.0687,6.0873,6.0308,6.0488,-0.00245724557613336
2025-01-21,6.0598,6.0678,6.0188,6.0328,-0.0026451527575717115
2025-01-22,6.0123,6.0213,5.918,5.9445,-0.014636652963797903
2025-01-23,5.9449,5.9716,5.8785,5.927,-0.0029438977205820116
2025-01-24,5.904,5.9212,5.8687,5.9197,-0.0012316517631179025
2025-01-27,5.9452,5.9571,5.9002,5.9157,-0.0006757099177322479
2025-01-28,5.9106,5.9209,5.8581,5.8725,-0.007302601551802956
2025-01-29,5.8606,5.8899,5.8439,5.8699,-0.0004427415921667288
2025-01-30,5.8683,5.9529,5.8611,5.8651,-0.0008177311368167128
2025-01-31,5.8981,5.903,5.8133,5.8382,-0.004586452063903512
2025-02-03,5.8782,5.9063,5.8133,5.8163,-0.00375115617827404
2025-02-04,5.8013,5.8279,5.7581,5.7715,-0.007702491274521717
2025-02-05,5.7596,5.818,5.7501,5.791,0.0033786710560514965
2025-02-06,5.791,5.8252,5.7502,5.7752,-0.002728371611120828
2025-02-07,5.7707,5.809,5.7365,5.792,0.0029089901648426952
2025-02-10,5.8025,5.8231,5.766,5.7917,-5.17955801104808e-05
2025-02-11,5.7962,5.8083,5.7587,5.7662,-0.004402852357684117
2025-02-12,5.7662,5.7883,5.7448,5.7613,-0.0008497797509625649
2025-02-13,5.7613,5.8001,5.7558,5.7682,0.001197646364535787
2025-02-14,5.7667,5.7696,5.7,5.7025,-0.011390035019590239
2025-02-17,5.7145,5.7245,5.697,5.7121,0.0016834721613327996
2025-02-18,5.7096,5.7259,5.6774,5.6934,-0.0032737522102205263
2025-02-19,5.7033,5.7334,5.684,5.7238,0.00533951593072679
2025-02-20,5.7088,5.7178,5.6878,5.7078,-0.0027953457493273826
2025-02-21,5.7068,5.7378,5.6958,5.7288,0.003679175864606421
2025-02-24,5.7173,5.7552,5.7078,5.7522,0.0040846250523671745
2025-02-25,5.7682,5.8148,5.7448,5.7523,1.7384652828411618e-05
2025-02-26,5.7433,5.8065,5.7343,5.7925,0.006988508944248517
2025-02-27,5.7925,5.8387,5.7925,5.8347,0.007285282693137551
2025-02-28,5.8361,5.9128,5.8245,5.9113,0.013128352785918729
2025-03-05,5.8298,5.9113,5.7551,5.7601,-0.025578130022160805
2025-03-06,5.7555,5.7816,5.7347,5.7621,0.0003472161941633356
2025-03-07,5.7586,5.8014,5.7521,5.7949,0.005692369101542916
2025-03-10,5.7914,5.8742,5.7742,5.8602,0.0112685292239727
2025-03-11,5.8417,5.8487,5.805,5.807,-0.009078188457731673
2025-03-12,5.819,5.8485,5.7872,5.8052,-0.00030997072498717415
2025-03-13,5.8167,5.8374,5.7969,5.8039,-0.000223937159787857
2025-03-14,5.7884,5.7884,5.7131,5.7416,-0.010734161512086615
2025-03-17,5.7391,5.7391,5.6673,5.6793,-0.010850633969625267
2025-03-18,5.7113,5.7132,5.6577,5.6747,-0.0008099589738171931
2025-03-19,5.6797,5.6923,5.6338,5.6478,-0.0047403386963186245
2025-03-20,5.6613,5.6822,5.6487,5.6686,0.0036828499592760355
2025-03-21,5.6862,5.7352,5.6807,5.7177,0.00866175069682118
2025-03-24,5.7137,5.7734,5.704,5.7549,0.006506112597722824
2025-03-25,5.7489,5.7519,5.6793,5.7008,-0.009400684633964151
2025-03-26,5.7048,5.7489,5.6943,5.7314,0.005367667695761913
2025-03-27,5.7294,5.7726,5.7234,5.7566,0.00439683148968828
2025-03-28,5.7521,5.7828,5.7483,5.7618,0.0009033109821769969
2025-03-31,5.7677,5.7867,5.7028,5.7068,-0.009545628102329062
2025-04-01,5.7098,5.7338,5.6755,5.6865,-0.003557159879442162
2025-04-02,5.676,5.7155,5.6621,5.6967,0.0017937219730941312
2025-04-03,5.6252,5.6462,5.595,5.624,-0.01276177436059478
2025-04-04,5.7025,5.8484,5.7025,5.8349,0.03750000000000009
2025-04-07,5.8834,5.9333,5.8183,5.9053,0.012065331025381765
2025-04-08,5.8753,6.0041,5.8607,6.0021,0.016392054595024907
2025-04-09,6.0021,6.0973,5.8302,5.8437,-0.026390763232868597
2025-04-10,5.8567,5.9559,5.8246,5.9004,0.009702756815031632
2025-04-11,5.8454,5.9206,5.8189,5.8701,-0.005135245068131011
2025-04-14,5.8411,5.8767,5.8293,5.8522,-0.0030493517997990383
2025-04-15,5.8587,5.9053,5.8347,5.8943,0.007193875807388839
2025-04-16,5.8678,5.917,5.854,5.8695,-0.004207454659586385
2025-04-17,5.8725,5.8875,5.798,5.81,-0.010137149672033496
2025-04-22,5.7935,5.8027,5.7192,5.7247,-0.01468158347676407
2025-04-23,5.7077,5.7296,5.6606,5.7291,0.000768599227906952
2025-04-24,5.6981,5.6981,5.6652,5.6839,-0.007889546351084742
2025-04-25,5.6974,5.7085,5.6663,5.6843,7.037421488775841e-05
2025-04-28,5.6903,5.7012,5.6495,5.6523,-0.005629541016484052
2025-04-29,5.6593,5.6629,5.6201,5.6326,-0.0034853068662314968
2025-04-30,5.6526,5.688,5.6065,5.6765,0.007793914000639113
2025-05-02,5.6635,5.672,5.6274,5.6579,-0.0032766669602748433
2025-05-05,5.6494,5.6922,5.6307,5.6902,0.005708831898761035
2025-05-06,5.6967,5.7393,5.6937,5.7088,0.003268777898843611
2025-05-07,5.7018,5.7654,5.6972,5.7584,0.008688340807174955
2025-05-08,5.7334,5.7498,5.6624,5.6719,-0.015021533759377648
2025-05-09,5.6579,5.6698,5.6395,5.654,-0.003155908954671327
2025-05-12,5.6675,5.7071,5.6617,5.6847,0.005429784223558665
2025-05-13,5.6622,5.6727,5.5966,5.6046,-0.014090453322075147
2025-05-14,5.6037,5.6362,5.5835,5.6272,0.004032401955536669
2025-05-15,5.6347,5.6984,5.6155,5.6829,0.009898350867216354
2025-05-16,5.6739,5.7124,5.6624,5.6679,-0.0026394974396873883
2025-05-19,5.6559,5.6923,5.6347,5.6557,-0.0021524726971188235
2025-05-20,5.6477,5.6836,5.6422,5.6701,0.0025461039305478828
2025-05-21,5.6731,5.6761,5.6463,5.6478,-0.003932911236133374
2025-05-22,5.6507,5.6793,5.5966,5.6545,0.0011863026311129676
2025-05-23,5.7233,5.7458,5.6475,5.6525,-0.000353700592448436
2025-05-26,5.6415,5.6797,5.6365,5.6751,0.003998230871295805
2025-05-27,5.6582,5.6731,5.6426,5.6501,-0.004405208718789022
2025-05-28,5.6511,5.7192,5.6457,5.6952,0.00798215960779447
2025-05-29,5.7032,5.7037,5.6448,5.6658,-0.005162241887905594
2025-05-30,5.6602,5.742,5.6597,5.7235,0.010183910480426439
2025-06-02,5.705,5.7109,5.6679,5.6865,-0.006464575871407363
2025-06-03,5.6735,5.7115,5.627,5.64,-0.008177261936164637
2025-06-04,5.6309,5.6537,5.611,5.6462,0.001099290780141926
2025-06-05,5.6322,5.6372,5.5795,5.589,-0.010130707378413817
2025-06-06,5.591,5.6191,5.5616,5.5656,-0.004186795491143425
2025-06-09,5.5571,5.5997,5.5516,5.5602,-0.0009702457956015653
2025-06-10,5.5627,5.5792,5.5407,5.5717,0.0020682709255062104
2025-06-11,5.5712,5.5824,5.5238,5.5463,-0.004558752265915289
2025-06-12,5.5328,5.5609,5.5262,5.5449,-0.00025242053260721153
2025-06-13,5.545,5.5935,5.5325,5.5385,-0.0011542137820339526
2025-06-16,5.5299,5.5378,5.4928,5.4933,-0.008161054437122006
2025-06-17,5.4937,5.5085,5.468,5.5025,0.0016747674439774318
2025-06-18,5.4895,5.5123,5.4763,5.4988,-0.0006724216265334704
2025-06-19,5.4895,5.5123,5.4763,5.4988,0.0
2025-06-20,5.4738,5.5287,5.4738,5.5276,0.005237506365024958
2025-06-23,5.5302,5.5427,5.4975,5.5061,-0.0038895723279541716
2025-06-24,5.4836,5.5246,5.4771,5.5191,0.0023610177802799726
2025-06-25,5.5211,5.5741,5.5176,5.5573,0.006921418347194175
2025-06-26,5.5482,5.5638,5.4927,5.5012,-0.010094830223309814
2025-06-27,5.5013,5.504,5.4597,5.49,-0.0020359194357594257
2025-06-30,5.4878,5.5083,5.4259,5.4329,-0.010400728597449893
2025-07-01,5.4254,5.4712,5.4184,5.4648,0.005871633933994813
2025-07-02,5.4648,5.4805,5.4205,5.423,-0.007648953301127248
2025-07-03,5.4265,5.4485,5.4065,5.4129,-0.0018624377650747759
2025-07-04,5.4125,5.4275,5.4049,5.4255,0.0023277725433688
2025-07-07,5.4255,5.4849,5.4255,5.4804,0.01011888305225317
2025-07-08,5.4804,5.4804,5.4372,5.4477,-0.005966717757827977
2025-07-09,5.4582,5.4984,5.4504,5.4939,0.00848064320722508
2025-07-10,5.8069,5.8069,5.5366,5.5531,0.010775587469739056
2025-07-11,5.5625,5.5928,5.5428,5.5448,-0.0014946606400028095
2025-07-14,5.5448,5.5923,5.5448,5.5898,0.008115712018467836
2025-07-15,5.5898,5.6051,5.5363,5.5646,-0.004508211385022665
2025-07-16,5.5646,5.5958,5.5427,5.5617,-0.0005211515652517873
2025-07-17,5.5917,5.6107,5.5448,5.5488,-0.002319434705216006
2025-07-18,5.5577,5.5985,5.525,5.587,0.006884371395617039
2025-07-21,5.5955,5.61,5.5525,5.568,-0.0034007517451226654
2025-07-22,5.5699,5.5916,5.5536,5.5696,0.0002873563218392938
2025-07-23,5.5696,5.579,5.5171,5.5246,-0.008079574834817582
2025-07-24,5.5246,5.5406,5.5161,5.5181,-0.0011765557687435368
2025-07-25,5.5301,5.5749,5.5206,5.5684,0.009115456407096545
2025-07-28,5.5804,5.6069,5.5699,5.597,0.005136125278356607
2025-07-29,5.5985,5.6041,5.5606,5.5716,-0.004538145435054597
2025-07-30,5.5831,5.6315,5.5475,5.5875,0.002853758345897184
2025-07-31,5.5875,5.6256,5.5655,5.5991,0.0020760626398208526
2025-08-01,5.6201,5.6281,5.5289,5.5478,-0.009162186780018233
2025-08-04,5.5364,5.5446,5.4978,5.5081,-0.007155989761707282
2025-08-05,5.5326,5.5346,5.5004,5.507,-0.0001997058876926916
2025-08-06,5.5015,5.5105,5.46,5.4645,-0.007717450517523039
2025-08-07,5.4655,5.4773,5.4329,5.4344,-0.0055082807210175
2025-08-08,5.4269,5.444,5.4163,5.4425,0.0014905049315472318
2025-08-11,5.4395,5.4607,5.4357,5.4447,0.00040422599908129797
2025-08-12,5.4427,5.4444,5.3879,5.3908,-0.00989953532793364
2025-08-13,5.3914,5.4123,5.3799,5.4058,0.002782518364621289
2025-08-14,5.4038,5.4334,5.3953,5.4164,0.0019608568574494
2025-08-15,5.4039,5.4068,5.387,5.399,-0.003212465844472434
2025-08-18,5.4065,5.4424,5.4064,5.4369,0.0070198184849046275
2025-08-19,5.4334,5.5071,5.4319,5.5061,0.012727841233055592
2025-08-20,5.4971,5.5041,5.4637,5.4767,-0.005339532518479517
2025-08-21,5.4907,5.4967,5.4684,5.481,0.0007851443387441037
2025-08-22,5.4725,5.4777,5.4138,5.4275,-0.009760992519613154
2025-08-25,5.425,5.4373,5.4034,5.415,-0.002303086135421517
2025-08-26,5.4075,5.4509,5.3995,5.4373,0.00411819021237303
2025-08-27,5.4504,5.4594,5.4169,5.4209,-0.0030162028948190756
2025-08-28,5.4139,5.4311,5.3971,5.4051,-0.002914645169621255
2025-08-29,5.4209,5.444,5.4154,5.4228,0.003274685019703627
2025-09-01,5.4244,5.4509,5.4169,5.4459,0.004259791989378314
2025-09-02,5.4764,5.5025,5.447,5.476,0.005527093776969805
2025-09-03,5.4605,5.4698,5.4358,5.4578,-0.0033235938641343887
2025-09-04,5.4638,5.4742,5.4447,5.4487,-0.0016673384880354636
2025-09-05,5.4347,5.4397,5.3847,5.4178,-0.005671077504725841
2025-09-08,5.4048,5.4496,5.4018,5.4211,0.0006091033260733347
2025-09-09,5.423,5.4411,5.4192,5.4362,0.0027854125546475927
2025-09-10,5.4362,5.4409,5.4025,5.41,-0.004819543063169118
2025-09-11,5.4115,5.4247,5.3757,5.3937,-0.0030129390018485136
2025-09-12,5.4007,5.4041,5.3455,5.3565,-0.006896935313421282
2025-09-15,5.35,5.3504,5.3102,5.3192,-0.006963502286940981
2025-09-16,5.3192,5.3218,5.2934,5.2984,-0.003910362460520456
2025-09-17,5.3024,5.3145,5.279,5.301,0.0004907141778649482
2025-09-18,5.2915,5.3195,5.271,5.3175,0.003112620260328214
2025-09-19,5.3215,5.3405,5.316,5.3222,0.0008838740009402546
2025-09-22,5.3217,5.3675,5.3217,5.3395,0.0032505354928413777
2025-09-23,5.34,5.3475,5.2787,5.2832,-0.010544058432437553
2025-09-24,5.2837,5.3315,5.2837,5.3305,0.008952907328891646
2025-09-25,5.3215,5.373,5.3112,5.3685,0.007128787168183104
2025-09-26,5.361,5.3678,5.3372,5.3412,-0.005085219335009827
2025-09-29,5.3397,5.3401,5.3061,5.3191,-0.004137646970718167
2025-09-30,5.3125,5.3353,5.3057,5.3222,0.0005828053618093243
2025-10-01,5.3077,5.3375,5.2958,5.325,0.0005260982300554495
2025-10-02,5.3195,5.3739,5.3085,5.3404,0.002892018779342642
2025-10-03,5.3309,5.3625,5.326,5.3325,-0.0014792899408284654
2025-10-06,5.349,5.349,5.3098,5.3108,-0.004069385841537598
2025-10-07,5.3108,5.3548,5.3108,5.3498,0.0073435263990357935
2025-10-08,5.3558,5.3638,5.3311,5.3451,-0.0008785375154211073
2025-10-09,5.3316,5.3818,5.326,5.3763,0.00583712184991847
2025-10-10,5.3702,5.5194,5.3618,5.5039,0.02373379461711589
2025-10-13,5.4979,5.5009,5.444,5.4609,-0.0078126419448028
2025-10-14,5.4935,5.521,5.4594,5.471,0.0018495119852039998
2025-10-15,5.463,5.4726,5.451,5.451,-0.003655638822884333
2025-10-16,5.4449,5.4603,5.4232,5.4508,-3.669051550170277e-05
2025-10-17,5.4523,5.4602,5.4048,5.4083,-0.007797020620826434
2025-10-20,5.4113,5.4118,5.368,5.372,-0.006711905774457683
2025-10-21,5.3865,5.406,5.3712,5.3892,0.00320178704393137
2025-10-22,5.372,5.4144,5.372,5.4004,0.002078230535144554
2025-10-23,5.4004,5.4029,5.3793,5.3883,-0.0022405747722391567
2025-10-24,5.3868,5.3965,5.3639,5.3925,0.0007794666221256907
2025-10-27,5.3655,5.3864,5.36,5.3724,-0.0037273991655076832
2025-10-28,5.3789,5.3894,5.3548,5.3618,-0.0019730474275929666
2025-10-29,5.3613,5.3683,5.3363,5.3643,0.0004662613301504859
2025-10-30,5.3713,5.3958,5.3702,5.3795,0.002833547713587903
2025-10-31,5.3473,5.401,5.3413,5.3845,0.0009294544102611546
2025-11-03,5.374,5.3835,5.3474,5.3584,-0.004847246726715659
2025-11-04,5.3859,5.4033,5.3803,5.4003,0.007819498357718668
2025-11-05,5.4028,5.4038,5.3561,5.3617,-0.007147751050867512
2025-11-06,5.3492,5.3645,5.3325,5.3475,-0.002648413749370526
2025-11-07,5.3465,5.3668,5.3356,5.3361,-0.0021318373071529395
2025-11-10,5.3173,5.326,5.3053,5.3083,-0.0052097974175896455
2025-11-11,5.2898,5.3,5.2662,5.2737,-0.006518094305144828
2025-11-12,5.2772,5.3034,5.2677,5.2934,0.0037355177579310173
2025-11-13,5.2804,5.3049,5.2748,5.2989,0.0010390297351416944
2025-11-14,5.3064,5.318,5.2746,5.2981,-0.00015097473060443622
2025-11-17,5.2976,5.3328,5.2967,5.3323,0.006455144297012216
2025-11-18,5.3363,5.3471,5.3172,5.3363,0.000750145340659758
2025-11-19,5.3323,5.3485,5.3222,5.3416,0.0009931975338717258
2025-11-20,5.3323,5.3485,5.3222,5.3416,0.0
2025-11-21,5.3531,5.4333,5.3511,5.4013,0.011176426538864748
2025-11-24,5.3958,5.4083,5.3805,5.3948,-0.001203413992927671
2025-11-25,5.3847,5.4138,5.3573,5.3782,-0.0030770371468822333
2025-11-26,5.3803,5.3917,5.3362,5.3372,-0.007623368413223641
2025-11-27,5.3337,5.36,5.3307,5.356,0.003522446226485787
2025-11-28,5.3512,5.3586,5.3237,5.333,-0.004294249439880438
2025-12-01,5.3325,5.3633,5.3245,5.3603,0.005119069941871279
2025-12-02,5.3533,5.3645,5.3309,5.3339,-0.004925097475887541
2025-12-03,5.3169,5.3254,5.3005,5.314,-0.0037308535968052503
2025-12-04,5.3055,5.3177,5.2892,5.3067,-0.0013737297704177198
2025-12-05,5.2977,5.4839,5.2977,5.4489,0.02679631409350436
2025-12-08,5.4284,5.469,5.3885,5.424,-0.004569729670208633
2025-12-09,5.4245,5.4956,5.4225,5.4392,0.0028023598820057227
2025-12-10,5.4237,5.4935,5.4186,5.475,0.006581850272098899
2025-12-11,5.476,5.476,5.3965,5.4025,-0.013242009132420018
2025-12-12,5.4129,5.427,5.3815,5.4129,0.0019250347061545714
2025-12-15,5.404,5.427,5.3824,5.4025,-0.0019213360675423008
2025-12-16,5.4225,5.476,5.417,5.467,0.011938917167977792
2025-12-17,5.5058,5.5325,5.4865,5.5265,0.010883482714468817
2025-12-18,5.688,5.688,5.502,5.5205,-0.0010856780964444424
2025-12-19,5.5305,5.548,5.5005,5.532,0.0020831446426954336
2025-12-22,5.5295,5.603,5.5195,5.5805,0.008767172812725876
2025-12-23,5.581,5.5945,5.5325,5.534,-0.008332586685780852
2025-12-24,5.581,5.5945,5.5325,5.534,0.0
2025-12-25,5.581,5.5945,5.5325,5.534,0.0
2025-12-26,5.545,5.568,5.5215,5.55,0.002891217925551137
2025-12-29,5.5425,5.587,5.5219,5.584,0.0061261261261260636
2025-12-30,5.565,5.5684,5.493,5.4965,-0.015669770773638847
2025-12-31,5.565,5.5684,5.493,5.5024,0.0010734103520422256
2026-01-01,5.565,5.5684,5.493,5.5024,0.0
2026-01-02,5.471,5.477,5.4175,5.422,-0.014611805757487661
2026-01-05,5.424,5.4545,5.3969,5.422,0.0
2026-01-06,5.415,5.4185,5.3645,5.3805,-0.007654002213205446
2026-01-07,5.3695,5.4025,5.3685,5.3885,0.0014868506644363233
2026-01-08,5.3925,5.3974,5.3763,5.3902,0.0003154866846062365
2026-01-09,5.3967,5.3967,5.3539,5.3683,-0.004062929019331474
2026-01-12,5.3589,5.3879,5.3494,5.3724,0.0007637427118454276
2026-01-13,5.3724,5.3954,5.3659,5.3683,-0.0007631598540689399
2026-01-14,5.3694,5.4266,5.3612,5.403,0.0064638712441555946
2026-01-16,5.3691,5.3961,5.3664,5.3741,-0.005348880251711874
2026-01-19,5.3741,5.3831,5.3466,5.3637,-0.0019352077557173164
2026-01-20,5.3786,5.4087,5.3607,5.3803,0.003094878535339518
2026-01-21,5.3687,5.3702,5.3172,5.3232,-0.010612791108302488
2026-01-22,5.3182,5.3272,5.2827,5.2862,-0.006950706342049862
2026-01-23,5.2917,5.3058,5.2756,5.2891,0.0005485982369188847
2026-01-26,5.2891,5.2921,5.2623,5.2843,-0.0009075268004008485
2026-01-27,5.2733,5.2794,5.2099,5.2139,-0.013322483583445344
2026-01-28,5.1939,5.2244,5.1735,5.2124,-0.00028769251424076714
2026-01-29,5.1834,5.2482,5.1677,5.1922,-0.003875374107896512
2026-01-30,5.2048,5.2801,5.1943,5.2496,0.011055044104618439
2026-02-02,5.2551,5.2826,5.2382,5.2631,0.002571624504724035
2026-02-03,5.2446,5.2482,5.2077,5.2397,-0.0044460489065378805
2026-02-04,5.2417,5.2873,5.2186,5.2873,0.00908448957001351
2026-02-05,5.2578,5.2893,5.2363,5.2528,-0.006525069506175263
2026-02-06,5.2532,5.2553,5.2058,5.2228,-0.005711239719768391
2026-02-09,5.2033,5.212,5.1762,5.1892,-0.006433330780424407
2026-02-10,5.1997,5.2129,5.1844,5.1984,0.0017729129730981175
2026-02-11,5.1839,5.2052,5.1724,5.1839,-0.0027893197907048473
2026-02-12,5.1989,5.2106,5.1551,5.1996,0.0030286078049344134
2026-02-13,5.2181,5.2513,5.2059,5.2289,0.005635048849911506
2026-02-16,5.2181,5.2513,5.2059,5.2289,0.0
2026-02-17,5.2181,5.2513,5.2059,5.2289,0.0
2026-02-18,5.2189,5.2511,5.1934,5.2475,0.0035571535122107534
2026-02-19,5.2461,5.2536,5.216,5.232,-0.0029537875178655693
2026-02-20,5.209,5.2248,5.1763,5.1798,-0.009977064220183518
2026-02-23,5.1833,5.1919,5.14,5.1705,-0.001795436117224658
2026-02-24,5.177,5.186,5.1445,5.1545,-0.0030944782903007395
2026-02-25,5.1395,5.1683,5.118,5.1253,-0.005664952953729596
2026-02-26,5.1308,5.1669,5.1229,5.1434,0.0035315005950871114
2026-02-27,5.137,5.1717,5.1255,5.138,-0.0010498891783644604
2026-03-02,5.1445,5.216,5.138,5.1675,0.005741533670689192
2026-03-03,5.168,5.3429,5.168,5.168,9.675858732460796e-05
2026-03-04,5.2504,5.2569,5.1946,5.2186,0.00979102167182666
2026-03-05,5.2186,5.2909,5.2186,5.2889,0.013471045874372312
2026-03-06,5.3138,5.3179,5.2479,5.2559,-0.006239482690162501
2026-03-09,5.2849,5.2849,5.1608,5.1652,-0.017256797123232914
2026-03-10,5.1658,5.1871,5.1331,5.161,-0.0008131340509563989
2026-03-11,5.1661,5.1837,5.1492,5.1622,0.00023251307886074102
2026-03-12,5.1617,5.2416,5.1583,5.2371,0.01450931773274955
2026-03-13,5.2361,5.321,5.2172,5.3199,0.015810276679841806
2026-03-16,5.2799,5.2827,5.2272,5.2296,-0.01697400327073817
2026-03-17,5.2352,5.2417,5.1776,5.2075,-0.0042259446229157005
2026-03-18,5.2081,5.2333,5.1826,5.2228,0.0029380700912147173
2026-03-19,5.2228,5.3157,5.209,5.221,-0.0003446427203799285
2026-03-20,5.241,5.3236,5.2369,5.3221,0.019364106493009015
2026-03-23,5.2911,5.3116,5.2223,5.2383,-0.01574566430544333
2026-03-24,5.2503,5.2814,5.2444,5.2593,0.0040089341962086245
2026-03-25,5.2589,5.2589,5.2058,5.2258,-0.006369668967353137
2026-03-26,5.2597,5.2643,5.2195,5.2597,0.006487045045734607
2026-03-27,5.26,5.279,5.2187,5.2432,-0.0031370610491092688
2026-03-30,5.2342,5.2679,5.2246,5.2549,0.0022314617027769934
2026-03-31,5.2282,5.2387,5.183,5.1875,-0.012826124188852317
2026-04-01,5.188,5.188,5.149,5.1555,-0.006168674698795229
2026-04-02,5.193,5.193,5.1416,5.1656,0.0019590728348366504
2026-04-03,5.193,5.193,5.1416,5.1656,0.0
2026-04-06,5.1516,5.1656,5.145,5.1536,-0.0023230602446957516
2026-04-07,5.1486,5.1755,5.1396,5.1645,0.0021150263893201515
2026-04-08,5.164,5.1645,5.0667,5.1045,-0.011617775196050006
2026-04-09,5.1004,5.108,5.0595,5.0655,-0.007640317367029081
2026-04-10,5.0625,5.0625,5.0059,5.0095,-0.011055177178955655
2026-04-13,5.0307,5.0397,4.9832,4.9972,-0.002455334863758818
2026-04-14,4.9972,5.9936,4.9712,4.9941,-0.0006203473945408655
2026-04-15,4.9946,5.0036,4.9862,4.9918,-0.00046054344126089664
2026-04-16,4.9939,5.0151,4.9866,4.9916,-4.006570776060592e-05
2026-04-17,4.9831,4.9933,4.9523,4.9839,-0.001542591553810313
2026-04-20,4.9831,4.9933,4.9523,4.9766,-0.0014647163867653745
2026-04-21,4.9831,4.9933,4.9523,4.9766,0.0
2026-04-22,4.9766,4.9914,4.9564,4.9741,-0.0005023510026926914
2026-04-23,4.9641,5.0185,4.941,5.012,0.007619468848635957
2026-04-24,5.0065,5.0275,4.9964,4.9994,-0.002513966480446883
2026-04-27,4.983,4.9841,4.9655,4.9836,-0.0031603792455093815
2026-04-28,5.0027,5.0169,4.9743,4.9828,-0.0001605265270085976
2026-04-29,4.9818,5.0147,4.9808,5.0057,0.004595809584972299
2026-04-30,4.985,5.0012,4.954,4.956,-0.009928681303314146
2026-05-01,4.985,5.0012,4.954,4.956,0.0
2026-05-04,4.956,4.9846,4.9475,4.9696,0.0027441485068602223
2026-05-05,4.9481,4.9531,4.9072,4.9137,-0.011248390212491799
2026-05-06,4.9137,4.9365,4.8872,4.9235,0.0019944237539937237
2026-05-07,4.9025,4.9324,4.8968,4.9209,-0.0005280796181578173
2026-05-08,4.9129,4.916,4.8925,4.8969,-0.004877156617691836
2026-05-11,4.8975,4.9059,4.887,4.8959,-0.0002042108272579668
2026-05-12,4.9068,4.9163,4.8893,4.8927,-0.0006536081210810618
2026-05-13,4.8923,5.0154,4.8918,5.0029,0.022523351114926538
2026-05-14,5.0029,5.0309,4.9733,4.9895,-0.002678446501029552
2026-05-15,5.0215,5.0839,5.0191,5.0669,0.01551257641046222
2026-05-18,5.0669,5.0669,5.0009,5.0013,-0.012946772188123012
2026-05-19,5.0214,5.0594,5.0102,5.0434,0.00841781136904407
2026-05-20,5.0274,5.0589,5.0005,5.0015,-0.008307887536185943
2026-05-21,5.013,5.0264,4.9853,4.9983,-0.0006398080575826803
2026-05-22,4.9983,5.0328,4.9983,5.0263,0.005601904647580147
2026-05-25,5.0103,5.0222,4.9952,5.0217,-0.0009151861210034973
2026-05-26,5.0167,5.0391,5.0046,5.031,0.0018519624828243764
2026-05-27,5.036,5.072,5.032,5.0585,0.005466110117273049
2026-05-28,5.0585,5.0756,5.0245,5.0315,-0.005337550657309453
2026-05-29,5.0315,5.0722,5.0315,5.0478,0.0032395905793498603
