data,valor,retorno
1968-01-02,1e-10,nan
1968-01-03,1e-10,0.0
1968-01-04,9.9e-11,-0.01000000000000012
1968-01-05,9.7e-11,-0.02020202020202011
1968-01-06,9.7e-11,0.0
1968-01-07,9.7e-11,0.0
1968-01-08,9.7e-11,0.0
1968-01-09,9.8e-11,0.010309278350515427
1968-01-10,9.7e-11,-0.010204081632653073
1968-01-11,1e-10,0.030927835051546504
1968-01-12,1.01e-10,0.010000000000000009
1968-01-13,1.01e-10,0.0
1968-01-14,1.01e-10,0.0
1968-01-15,1.03e-10,0.01980198019801982
1968-01-16,1.03e-10,0.0
1968-01-17,1.02e-10,-0.009708737864077777
1968-01-18,1.03e-10,0.009803921568627638
1968-01-19,1.04e-10,0.009708737864077666
1968-01-20,1.04e-10,0.0
1968-01-21,1.04e-10,0.0
1968-01-22,1.05e-10,0.009615384615384581
1968-01-23,1.06e-10,0.00952380952380949
1968-01-24,1.07e-10,0.009433962264151052
1968-01-25,1.07e-10,0.0
1968-01-26,1.08e-10,0.009345794392523255
1968-01-27,1.08e-10,0.0
1968-01-28,1.08e-10,0.0
1968-01-29,1.08e-10,0.0
1968-01-30,1.08e-10,0.0
1968-01-31,1.07e-10,-0.00925925925925919
1968-02-01,1.07e-10,0.0
1968-02-02,1.08e-10,0.009345794392523255
1968-02-03,1.08e-10,0.0
1968-02-04,1.08e-10,0.0
1968-02-05,1.08e-10,0.0
1968-02-06,1.09e-10,0.0092592592592593
1968-02-07,1.09e-10,0.0
1968-02-08,1.09e-10,0.0
1968-02-09,1.1e-10,0.00917431192660545
1968-02-10,1.1e-10,0.0
1968-02-11,1.1e-10,0.0
1968-02-12,1.1e-10,0.0
1968-02-13,1.11e-10,0.00909090909090926
1968-02-14,1.11e-10,0.0
1968-02-15,1.13e-10,0.018018018018018056
1968-02-16,1.14e-10,0.008849557522123908
1968-02-17,1.14e-10,0.0
1968-02-18,1.14e-10,0.0
1968-02-19,1.16e-10,0.01754385964912286
1968-02-20,1.17e-10,0.008620689655172598
1968-02-21,1.2e-10,0.02564102564102555
1968-02-22,1.22e-10,0.016666666666666607
1968-02-23,1.23e-10,0.008196721311475308
1968-02-24,1.23e-10,0.0
1968-02-25,1.23e-10,0.0
1968-02-26,1.23e-10,0.0
1968-02-27,1.23e-10,0.0
1968-02-28,1.23e-10,0.0
1968-02-29,1.23e-10,0.0
1968-03-01,1.24e-10,0.008130081300813163
1968-03-02,1.24e-10,0.0
1968-03-03,1.24e-10,0.0
1968-03-04,1.27e-10,0.024193548387096753
1968-03-05,1.28e-10,0.007874015748031482
1968-03-06,1.26e-10,-0.015625
1968-03-07,1.27e-10,0.007936507936507908
1968-03-08,1.27e-10,0.0
1968-03-09,1.27e-10,0.0
1968-03-10,1.27e-10,0.0
1968-03-11,1.28e-10,0.007874015748031482
1968-03-12,1.28e-10,0.0
1968-03-13,1.28e-10,0.0
1968-03-14,1.28e-10,0.0
1968-03-15,1.28e-10,0.0
1968-03-16,1.28e-10,0.0
1968-03-17,1.28e-10,0.0
1968-03-18,1.29e-10,0.0078125
1968-03-19,1.29e-10,0.0
1968-03-20,1.3e-10,0.007751937984496138
1968-03-21,1.28e-10,-0.01538461538461533
1968-03-22,1.29e-10,0.0078125
1968-03-23,1.29e-10,0.0
1968-03-24,1.29e-10,0.0
1968-03-25,1.28e-10,-0.007751937984496138
1968-03-26,1.26e-10,-0.015625
1968-03-27,1.28e-10,0.015873015873015817
1968-03-28,1.31e-10,0.023437500000000222
1968-03-29,1.34e-10,0.022900763358778553
1968-03-30,1.34e-10,0.0
1968-03-31,1.34e-10,0.0
1968-04-01,1.34e-10,0.0
1968-04-02,1.33e-10,-0.007462686567164201
1968-04-03,1.35e-10,0.015037593984962294
1968-04-04,1.4e-10,0.0370370370370372
1968-04-05,1.42e-10,0.014285714285714235
1968-04-06,1.42e-10,0.0
1968-04-07,1.42e-10,0.0
1968-04-08,1.44e-10,0.014084507042253502
1968-04-09,1.51e-10,0.04861111111111116
1968-04-10,1.51e-10,0.0
1968-04-11,1.49e-10,-0.013245033112582738
1968-04-12,1.49e-10,0.0
1968-04-13,1.49e-10,0.0
1968-04-14,1.49e-10,0.0
1968-04-15,1.47e-10,-0.01342281879194629
1968-04-16,1.48e-10,0.006802721088435382
1968-04-17,1.47e-10,-0.006756756756756688
1968-04-18,1.46e-10,-0.006802721088435382
1968-04-19,1.47e-10,0.006849315068493178
1968-04-20,1.47e-10,0.0
1968-04-21,1.47e-10,0.0
1968-04-22,1.48e-10,0.006802721088435382
1968-04-23,1.5e-10,0.013513513513513375
1968-04-24,1.52e-10,0.013333333333333197
1968-04-25,1.57e-10,0.03289473684210531
1968-04-26,1.59e-10,0.01273885350318471
1968-04-27,1.59e-10,0.0
1968-04-28,1.59e-10,0.0
1968-04-29,1.61e-10,0.012578616352201477
1968-04-30,1.64e-10,0.01863354037267073
1968-05-01,1.64e-10,0.0
1968-05-02,1.69e-10,0.030487804878048808
1968-05-03,1.71e-10,0.01183431952662728
1968-05-04,1.71e-10,0.0
1968-05-05,1.71e-10,0.0
1968-05-06,1.72e-10,0.005847953216374213
1968-05-07,1.74e-10,0.011627906976744207
1968-05-08,1.78e-10,0.02298850574712641
1968-05-09,1.77e-10,-0.005617977528089901
1968-05-10,1.79e-10,0.011299435028248483
1968-05-11,1.79e-10,0.0
1968-05-12,1.79e-10,0.0
1968-05-13,1.79e-10,0.0
1968-05-14,1.82e-10,0.016759776536312776
1968-05-15,1.84e-10,0.010989010989011172
1968-05-16,1.86e-10,0.010869565217391353
1968-05-17,1.85e-10,-0.005376344086021501
1968-05-18,1.85e-10,0.0
1968-05-19,1.85e-10,0.0
1968-05-20,1.83e-10,-0.010810810810810922
1968-05-21,1.85e-10,0.010928961748633892
1968-05-22,1.8e-10,-0.027027027027027084
1968-05-23,1.75e-10,-0.02777777777777779
1968-05-24,1.72e-10,-0.017142857142857126
1968-05-25,1.72e-10,0.0
1968-05-26,1.72e-10,0.0
1968-05-27,1.71e-10,-0.005813953488372103
1968-05-28,1.69e-10,-0.011695906432748537
1968-05-29,1.77e-10,0.047337278106508895
1968-05-30,1.79e-10,0.011299435028248483
1968-05-31,1.78e-10,-0.005586592178770888
1968-06-01,1.78e-10,0.0
1968-06-02,1.78e-10,0.0
1968-06-03,1.73e-10,-0.028089887640449507
1968-06-04,1.66e-10,-0.040462427745664775
1968-06-05,1.68e-10,0.012048192771084265
1968-06-06,1.66e-10,-0.011904761904761862
1968-06-07,1.68e-10,0.012048192771084265
1968-06-08,1.68e-10,0.0
1968-06-09,1.68e-10,0.0
1968-06-10,1.68e-10,0.0
1968-06-11,1.65e-10,-0.017857142857142794
1968-06-12,1.62e-10,-0.018181818181818077
1968-06-13,1.62e-10,0.0
1968-06-14,1.61e-10,-0.006172839506172867
1968-06-15,1.61e-10,0.0
1968-06-16,1.61e-10,0.0
1968-06-17,1.61e-10,0.0
1968-06-18,1.6e-10,-0.006211180124223725
1968-06-19,1.6e-10,0.0
1968-06-20,1.61e-10,0.006250000000000089
1968-06-21,1.59e-10,-0.01242236024844734
1968-06-22,1.59e-10,0.0
1968-06-23,1.59e-10,0.0
1968-06-24,1.58e-10,-0.0062893081761006275
1968-06-25,1.57e-10,-0.006329113924050667
1968-06-26,1.56e-10,-0.006369426751592355
1968-06-27,1.59e-10,0.019230769230769162
1968-06-28,1.63e-10,0.02515723270440251
1968-06-29,1.63e-10,0.0
1968-06-30,1.63e-10,0.0
1968-07-01,1.66e-10,0.018404907975460016
1968-07-02,1.66e-10,0.0
1968-07-03,1.63e-10,-0.018072289156626398
1968-07-04,1.6e-10,-0.01840490797546024
1968-07-05,1.61e-10,0.006250000000000089
1968-07-06,1.61e-10,0.0
1968-07-07,1.61e-10,0.0
1968-07-08,1.62e-10,0.006211180124223503
1968-07-09,1.64e-10,0.012345679012345734
1968-07-10,1.64e-10,0.0
1968-07-11,1.61e-10,-0.018292682926829174
1968-07-12,1.64e-10,0.01863354037267073
1968-07-13,1.64e-10,0.0
1968-07-14,1.64e-10,0.0
1968-07-15,1.66e-10,0.012195121951219523
1968-07-16,1.65e-10,-0.0060240963855421326
1968-07-17,1.64e-10,-0.006060606060605989
1968-07-18,1.64e-10,0.0
1968-07-19,1.63e-10,-0.0060975609756097615
1968-07-20,1.63e-10,0.0
1968-07-21,1.63e-10,0.0
1968-07-22,1.64e-10,0.006134969325153339
1968-07-23,1.63e-10,-0.0060975609756097615
1968-07-24,1.63e-10,0.0
1968-07-25,1.63e-10,0.0
1968-07-26,1.63e-10,0.0
1968-07-27,1.63e-10,0.0
1968-07-28,1.63e-10,0.0
1968-07-29,1.63e-10,0.0
1968-07-30,1.62e-10,-0.006134969325153339
1968-07-31,1.62e-10,0.0
1968-08-01,1.64e-10,0.012345679012345734
1968-08-02,1.64e-10,0.0
1968-08-03,1.64e-10,0.0
1968-08-04,1.64e-10,0.0
1968-08-05,1.65e-10,0.0060975609756097615
1968-08-06,1.65e-10,0.0
1968-08-07,1.66e-10,0.0060606060606061
1968-08-08,1.65e-10,-0.0060240963855421326
1968-08-09,1.64e-10,-0.006060606060605989
1968-08-10,1.64e-10,0.0
1968-08-11,1.64e-10,0.0
1968-08-12,1.63e-10,-0.0060975609756097615
1968-08-13,1.62e-10,-0.006134969325153339
1968-08-14,1.61e-10,-0.006172839506172867
1968-08-15,1.6e-10,-0.006211180124223725
1968-08-16,1.59e-10,-0.006249999999999978
1968-08-17,1.59e-10,0.0
1968-08-18,1.59e-10,0.0
1968-08-19,1.59e-10,0.0
1968-08-20,1.6e-10,0.0062893081761006275
1968-08-21,1.61e-10,0.006250000000000089
1968-08-22,1.65e-10,0.024844720496894235
1968-08-23,1.66e-10,0.0060606060606061
1968-08-24,1.66e-10,0.0
1968-08-25,1.66e-10,0.0
1968-08-26,1.67e-10,0.006024096385542244
1968-08-27,1.68e-10,0.0059880239520957446
1968-08-28,1.67e-10,-0.005952380952380931
1968-08-29,1.67e-10,0.0
1968-08-30,1.67e-10,0.0
1968-08-31,1.67e-10,0.0
1968-09-01,1.67e-10,0.0
1968-09-02,1.67e-10,0.0
1968-09-03,1.7e-10,0.017964071856287456
1968-09-04,1.72e-10,0.0117647058823529
1968-09-05,1.76e-10,0.023255813953488413
1968-09-06,1.75e-10,-0.005681818181818343
1968-09-07,1.75e-10,0.0
1968-09-08,1.75e-10,0.0
1968-09-09,1.75e-10,0.0
1968-09-10,1.77e-10,0.011428571428571566
1968-09-11,1.78e-10,0.005649717514124353
1968-09-12,1.78e-10,0.0
1968-09-13,1.79e-10,0.00561797752808979
1968-09-14,1.79e-10,0.0
1968-09-15,1.79e-10,0.0
1968-09-16,1.8e-10,0.005586592178770999
1968-09-17,1.81e-10,0.005555555555555536
1968-09-18,1.86e-10,0.027624309392265234
1968-09-19,1.9e-10,0.021505376344086002
1968-09-20,1.9e-10,0.0
1968-09-21,1.9e-10,0.0
1968-09-22,1.9e-10,0.0
1968-09-23,1.88e-10,-0.010526315789473606
1968-09-24,1.88e-10,0.0
1968-09-25,1.85e-10,-0.015957446808510634
1968-09-26,1.85e-10,0.0
1968-09-27,1.85e-10,0.0
1968-09-28,1.85e-10,0.0
1968-09-29,1.85e-10,0.0
1968-09-30,1.86e-10,0.00540540540540535
1968-10-01,1.86e-10,0.0
1968-10-02,1.86e-10,0.0
1968-10-03,1.85e-10,-0.005376344086021501
1968-10-04,1.83e-10,-0.010810810810810922
1968-10-05,1.83e-10,0.0
1968-10-06,1.83e-10,0.0
1968-10-07,1.83e-10,0.0
1968-10-08,1.81e-10,-0.010928961748633892
1968-10-09,1.79e-10,-0.011049723756906049
1968-10-10,1.78e-10,-0.005586592178770888
1968-10-11,1.77e-10,-0.005617977528089901
1968-10-12,1.77e-10,0.0
1968-10-13,1.77e-10,0.0
1968-10-14,1.79e-10,0.011299435028248483
1968-10-15,1.78e-10,-0.005586592178770888
1968-10-16,1.78e-10,0.0
1968-10-17,1.77e-10,-0.005617977528089901
1968-10-18,1.77e-10,0.0
1968-10-19,1.77e-10,0.0
1968-10-20,1.77e-10,0.0
1968-10-21,1.77e-10,0.0
1968-10-22,1.78e-10,0.005649717514124353
1968-10-23,1.79e-10,0.00561797752808979
1968-10-24,1.79e-10,0.0
1968-10-25,1.8e-10,0.005586592178770999
1968-10-26,1.8e-10,0.0
1968-10-27,1.8e-10,0.0
1968-10-28,1.81e-10,0.005555555555555536
1968-10-29,1.82e-10,0.0055248618784529135
1968-10-30,1.81e-10,-0.005494505494505475
1968-10-31,1.8e-10,-0.0055248618784530246
1968-11-01,1.77e-10,-0.016666666666666607
1968-11-02,1.77e-10,0.0
1968-11-03,1.77e-10,0.0
1968-11-04,1.77e-10,0.0
1968-11-05,1.74e-10,-0.016949152542372947
1968-11-06,1.73e-10,-0.005747126436781547
1968-11-07,1.76e-10,0.017341040462427904
1968-11-08,1.79e-10,0.017045454545454586
1968-11-09,1.79e-10,0.0
1968-11-10,1.79e-10,0.0
1968-11-11,1.81e-10,0.011173184357541777
1968-11-12,1.81e-10,0.0
1968-11-13,1.8e-10,-0.0055248618784530246
1968-11-14,1.81e-10,0.005555555555555536
1968-11-15,1.81e-10,0.0
1968-11-16,1.81e-10,0.0
1968-11-17,1.81e-10,0.0
1968-11-18,1.82e-10,0.0055248618784529135
1968-11-19,1.83e-10,0.005494505494505475
1968-11-20,1.84e-10,0.005464480874317168
1968-11-21,1.84e-10,0.0
1968-11-22,1.84e-10,0.0
1968-11-23,1.84e-10,0.0
1968-11-24,1.84e-10,0.0
1968-11-25,1.83e-10,-0.005434782608695787
1968-11-26,1.83e-10,0.0
1968-11-27,1.83e-10,0.0
1968-11-28,1.81e-10,-0.010928961748633892
1968-11-29,1.81e-10,0.0
1968-11-30,1.81e-10,0.0
1968-12-01,1.81e-10,0.0
1968-12-02,1.8e-10,-0.0055248618784530246
1968-12-03,1.8e-10,0.0
1968-12-04,1.79e-10,-0.005555555555555536
1968-12-05,1.79e-10,0.0
1968-12-06,1.79e-10,0.0
1968-12-07,1.79e-10,0.0
1968-12-08,1.79e-10,0.0
1968-12-09,1.79e-10,0.0
1968-12-10,1.8e-10,0.005586592178770999
1968-12-11,1.79e-10,-0.005555555555555536
1968-12-12,1.8e-10,0.005586592178770999
1968-12-13,1.81e-10,0.005555555555555536
1968-12-14,1.81e-10,0.0
1968-12-15,1.81e-10,0.0
1968-12-16,1.81e-10,0.0
1968-12-17,1.82e-10,0.0055248618784529135
1968-12-18,1.86e-10,0.021978021978022122
1968-12-19,1.85e-10,-0.005376344086021501
1968-12-20,1.85e-10,0.0
1968-12-21,1.85e-10,0.0
1968-12-22,1.85e-10,0.0
1968-12-23,1.87e-10,0.0108108108108107
1968-12-24,1.87e-10,0.0
1968-12-25,1.87e-10,0.0
1968-12-26,1.92e-10,0.02673796791443861
1968-12-27,1.95e-10,0.015625
1968-12-28,1.95e-10,0.0
1968-12-29,1.95e-10,0.0
1968-12-30,1.95e-10,0.0
1968-12-31,1.95e-10,0.0
1969-01-01,1.95e-10,0.0
1969-01-02,2.1e-10,0.07692307692307687
1969-01-03,2.16e-10,0.028571428571428692
1969-01-04,2.16e-10,0.0
1969-01-05,2.16e-10,0.0
1969-01-06,2.3e-10,0.06481481481481488
1969-01-07,2.34e-10,0.01739130434782621
1969-01-08,2.28e-10,-0.025641025641025772
1969-01-09,2.23e-10,-0.021929824561403466
1969-01-10,2.24e-10,0.004484304932735439
1969-01-11,2.24e-10,0.0
1969-01-12,2.24e-10,0.0
1969-01-13,2.25e-10,0.0044642857142858094
1969-01-14,2.23e-10,-0.008888888888888835
1969-01-15,2.19e-10,-0.017937219730941756
1969-01-16,2.13e-10,-0.0273972602739726
1969-01-17,2.16e-10,0.014084507042253502
1969-01-18,2.16e-10,0.0
1969-01-19,2.16e-10,0.0
1969-01-20,2.22e-10,0.0277777777777779
1969-01-21,2.27e-10,0.022522522522522515
1969-01-22,2.31e-10,0.017621145374449476
1969-01-23,2.34e-10,0.012987012987013102
1969-01-24,2.33e-10,-0.004273504273504258
1969-01-25,2.33e-10,0.0
1969-01-26,2.33e-10,0.0
1969-01-27,2.33e-10,0.0
1969-01-28,2.31e-10,-0.008583690987124526
1969-01-29,2.31e-10,0.0
1969-01-30,2.31e-10,0.0
1969-01-31,2.32e-10,0.0043290043290042934
1969-02-01,2.32e-10,0.0
1969-02-02,2.32e-10,0.0
1969-02-03,2.36e-10,0.017241379310344973
1969-02-04,2.39e-10,0.012711864406779627
1969-02-05,2.42e-10,0.012552301255229992
1969-02-06,2.42e-10,0.0
1969-02-07,2.44e-10,0.008264462809917328
1969-02-08,2.44e-10,0.0
1969-02-09,2.44e-10,0.0
1969-02-10,2.49e-10,0.020491803278688714
1969-02-11,2.54e-10,0.02008032128514059
1969-02-12,2.55e-10,0.003937007874015741
1969-02-13,2.59e-10,0.015686274509803866
1969-02-14,2.64e-10,0.01930501930501949
1969-02-15,2.64e-10,0.0
1969-02-16,2.64e-10,0.0
1969-02-17,2.64e-10,0.0
1969-02-18,2.64e-10,0.0
1969-02-19,2.64e-10,0.0
1969-02-20,2.75e-10,0.04166666666666652
1969-02-21,2.83e-10,0.029090909090909278
1969-02-22,2.83e-10,0.0
1969-02-23,2.83e-10,0.0
1969-02-24,2.83e-10,0.0
1969-02-25,2.81e-10,-0.007067137809187218
1969-02-26,2.78e-10,-0.010676156583629859
1969-02-27,2.84e-10,0.021582733812949506
1969-02-28,2.87e-10,0.010563380281690016
1969-03-01,2.87e-10,0.0
1969-03-02,2.87e-10,0.0
1969-03-03,2.99e-10,0.04181184668989557
1969-03-04,3.07e-10,0.026755852842809347
1969-03-05,3.04e-10,-0.009771986970684154
1969-03-06,3.01e-10,-0.009868421052631526
1969-03-07,3.02e-10,0.0033222591362125353
1969-03-08,3.02e-10,0.0
1969-03-09,3.02e-10,0.0
1969-03-10,3.02e-10,0.0
1969-03-11,3.07e-10,0.016556291390728672
1969-03-12,3.09e-10,0.006514657980456029
1969-03-13,3.11e-10,0.006472491909385036
1969-03-14,3.11e-10,0.0
1969-03-15,3.11e-10,0.0
1969-03-16,3.11e-10,0.0
1969-03-17,3.13e-10,0.006430868167202508
1969-03-18,3.12e-10,-0.0031948881789137795
1969-03-19,3.12e-10,0.0
1969-03-20,3.1e-10,-0.0064102564102563875
1969-03-21,3.09e-10,-0.003225806451612856
1969-03-22,3.09e-10,0.0
1969-03-23,3.09e-10,0.0
1969-03-24,3.09e-10,0.0
1969-03-25,3.03e-10,-0.019417475728155442
1969-03-26,2.96e-10,-0.02310231023102305
1969-03-27,2.95e-10,-0.0033783783783783994
1969-03-28,2.97e-10,0.006779661016949046
1969-03-29,2.97e-10,0.0
1969-03-30,2.97e-10,0.0
1969-03-31,2.97e-10,0.0
1969-04-01,2.96e-10,-0.0033670033670033517
1969-04-02,3.01e-10,0.016891891891891886
1969-04-03,3.01e-10,0.0
1969-04-04,3.01e-10,0.0
1969-04-05,3.01e-10,0.0
1969-04-06,3.01e-10,0.0
1969-04-07,3.03e-10,0.006644518272425293
1969-04-08,3.04e-10,0.0033003300330032292
1969-04-09,3.01e-10,-0.009868421052631526
1969-04-10,3.01e-10,0.0
1969-04-11,3.05e-10,0.013289036544850363
1969-04-12,3.05e-10,0.0
1969-04-13,3.05e-10,0.0
1969-04-14,3.11e-10,0.019672131147541183
1969-04-15,3.19e-10,0.025723472668810254
1969-04-16,3.31e-10,0.037617554858934144
1969-04-17,3.42e-10,0.0332326283987916
1969-04-18,3.34e-10,-0.023391812865497186
1969-04-19,3.34e-10,0.0
1969-04-20,3.34e-10,0.0
1969-04-21,3.34e-10,0.0
1969-04-22,3.34e-10,0.0
1969-04-23,3.33e-10,-0.0029940119760478723
1969-04-24,3.34e-10,0.0030030030030030463
1969-04-25,3.33e-10,-0.0029940119760478723
1969-04-26,3.33e-10,0.0
1969-04-27,3.33e-10,0.0
1969-04-28,3.31e-10,-0.006006006006005982
1969-04-29,3.26e-10,-0.015105740181268867
1969-04-30,3.26e-10,0.0
1969-05-01,3.26e-10,0.0
1969-05-02,3.38e-10,0.036809815950920255
1969-05-03,3.38e-10,0.0
1969-05-04,3.38e-10,0.0
1969-05-05,3.41e-10,0.008875739644970349
1969-05-06,3.41e-10,0.0
1969-05-07,3.41e-10,0.0
1969-05-08,3.41e-10,0.0
1969-05-09,3.43e-10,0.0058651026392961825
1969-05-10,3.43e-10,0.0
1969-05-11,3.43e-10,0.0
1969-05-12,3.45e-10,0.005830903790087438
1969-05-13,3.45e-10,0.0
1969-05-14,3.45e-10,0.0
1969-05-15,3.45e-10,0.0
1969-05-16,3.49e-10,0.011594202898550732
1969-05-17,3.49e-10,0.0
1969-05-18,3.49e-10,0.0
1969-05-19,3.52e-10,0.008595988538682153
1969-05-20,3.54e-10,0.005681818181818121
1969-05-21,3.57e-10,0.008474576271186418
1969-05-22,3.71e-10,0.03921568627450989
1969-05-23,3.77e-10,0.016172506738544312
1969-05-24,3.77e-10,0.0
1969-05-25,3.77e-10,0.0
1969-05-26,3.82e-10,0.01326259946949615
1969-05-27,3.92e-10,0.02617801047120416
1969-05-28,3.98e-10,0.015306122448979664
1969-05-29,4.13e-10,0.03768844221105527
1969-05-30,4.24e-10,0.02663438256658579
1969-05-31,4.24e-10,0.0
1969-06-01,4.24e-10,0.0
1969-06-02,4.08e-10,-0.037735849056603765
1969-06-03,4.02e-10,-0.014705882352941124
1969-06-04,4.07e-10,0.01243781094527363
1969-06-05,4.07e-10,0.0
1969-06-06,4.14e-10,0.017199017199017286
1969-06-07,4.14e-10,0.0
1969-06-08,4.14e-10,0.0
1969-06-09,4.04e-10,-0.024154589371980673
1969-06-10,3.91e-10,-0.03217821782178221
1969-06-11,3.77e-10,-0.035805626598465534
1969-06-12,3.88e-10,0.02917771883289122
1969-06-13,3.96e-10,0.020618556701030855
1969-06-14,3.96e-10,0.0
1969-06-15,3.96e-10,0.0
1969-06-16,4.01e-10,0.012626262626262763
1969-06-17,4.08e-10,0.0174563591022443
1969-06-18,4.07e-10,-0.002450980392156854
1969-06-19,4.09e-10,0.004914004914004844
1969-06-20,4.08e-10,-0.0024449877750610804
1969-06-21,4.08e-10,0.0
1969-06-22,4.08e-10,0.0
1969-06-23,4.09e-10,0.002450980392156854
1969-06-24,4.07e-10,-0.004889975550122272
1969-06-25,4e-10,-0.017199017199017175
1969-06-26,3.98e-10,-0.0050000000000000044
1969-06-27,4.03e-10,0.012562814070351758
1969-06-28,4.03e-10,0.0
1969-06-29,4.03e-10,0.0
1969-06-30,4.05e-10,0.00496277915632759
1969-07-01,4.19e-10,0.03456790123456788
1969-07-02,4.27e-10,0.019093078758949833
1969-07-03,4.33e-10,0.014051522248243575
1969-07-04,4.44e-10,0.025404157043879882
1969-07-05,4.44e-10,0.0
1969-07-06,4.44e-10,0.0
1969-07-07,4.62e-10,0.04054054054054057
1969-07-08,4.65e-10,0.006493506493506551
1969-07-09,4.8e-10,0.032258064516129004
1969-07-10,4.81e-10,0.002083333333333437
1969-07-11,4.8e-10,-0.0020790020790020236
1969-07-12,4.8e-10,0.0
1969-07-13,4.8e-10,0.0
1969-07-14,4.78e-10,-0.004166666666666652
1969-07-15,4.8e-10,0.004184100418409997
1969-07-16,4.76e-10,-0.008333333333333304
1969-07-17,4.77e-10,0.0021008403361344463
1969-07-18,4.76e-10,-0.002096436058700246
1969-07-19,4.76e-10,0.0
1969-07-20,4.76e-10,0.0
1969-07-21,4.86e-10,0.021008403361344463
1969-07-22,4.79e-10,-0.014403292181069949
1969-07-23,4.83e-10,0.008350730688935215
1969-07-24,4.89e-10,0.012422360248447228
1969-07-25,4.98e-10,0.01840490797546024
1969-07-26,4.98e-10,0.0
1969-07-27,4.98e-10,0.0
1969-07-28,5.09e-10,0.02208835341365445
1969-07-29,5.12e-10,0.005893909626718985
1969-07-30,5.27e-10,0.029296875
1969-07-31,5.35e-10,0.015180265654648917
1969-08-01,5.42e-10,0.013084112149532645
1969-08-02,5.42e-10,0.0
1969-08-03,5.42e-10,0.0
1969-08-04,5.58e-10,0.029520295202952074
1969-08-05,5.69e-10,0.019713261648745428
1969-08-06,5.69e-10,0.0
1969-08-07,5.89e-10,0.03514938488576447
1969-08-08,6.16e-10,0.045840407470288724
1969-08-09,6.16e-10,0.0
1969-08-10,6.16e-10,0.0
1969-08-11,6.27e-10,0.017857142857142794
1969-08-12,6.03e-10,-0.038277511961722466
1969-08-13,6.06e-10,0.004975124378109541
1969-08-14,6.17e-10,0.018151815181518316
1969-08-15,6.17e-10,0.0
1969-08-16,6.17e-10,0.0
1969-08-17,6.17e-10,0.0
1969-08-18,6.16e-10,-0.0016207455429497752
1969-08-19,6.03e-10,-0.02110389610389618
1969-08-20,5.85e-10,-0.02985074626865658
1969-08-21,5.62e-10,-0.0393162393162394
1969-08-22,6.09e-10,0.08362989323843406
1969-08-23,6.09e-10,0.0
1969-08-24,6.09e-10,0.0
1969-08-25,6.14e-10,0.008210180623973828
1969-08-26,6.26e-10,0.019543973941368087
1969-08-27,6.24e-10,-0.0031948881789137795
1969-08-28,6.06e-10,-0.028846153846153966
1969-08-29,6.08e-10,0.0033003300330032292
1969-08-30,6.08e-10,0.0
1969-08-31,6.08e-10,0.0
1969-09-01,6.08e-10,0.0
1969-09-02,5.8e-10,-0.046052631578947345
1969-09-03,5.78e-10,-0.0034482758620689724
1969-09-04,5.62e-10,-0.027681660899653848
1969-09-05,5.19e-10,-0.07651245551601438
1969-09-06,5.19e-10,0.0
1969-09-07,5.19e-10,0.0
1969-09-08,5.78e-10,0.11368015414258181
1969-09-09,5.83e-10,0.00865051903114189
1969-09-10,5.61e-10,-0.037735849056603654
1969-09-11,5.58e-10,-0.005347593582887722
1969-09-12,5.48e-10,-0.017921146953405187
1969-09-13,5.48e-10,0.0
1969-09-14,5.48e-10,0.0
1969-09-15,5.41e-10,-0.012773722627737127
1969-09-16,5.43e-10,0.003696857670979714
1969-09-17,5.58e-10,0.027624309392265234
1969-09-18,5.74e-10,0.028673835125447855
1969-09-19,5.66e-10,-0.013937282229965153
1969-09-20,5.66e-10,0.0
1969-09-21,5.66e-10,0.0
1969-09-22,5.64e-10,-0.0035335689045936647
1969-09-23,5.54e-10,-0.01773049645390068
1969-09-24,5.5e-10,-0.007220216606498409
1969-09-25,5.53e-10,0.005454545454545379
1969-09-26,5.61e-10,0.014466546112115841
1969-09-27,5.61e-10,0.0
1969-09-28,5.61e-10,0.0
1969-09-29,5.68e-10,0.012477718360071277
1969-09-30,5.65e-10,-0.005281690140845008
1969-10-01,5.61e-10,-0.0070796460176990594
1969-10-02,5.61e-10,0.0
1969-10-03,5.54e-10,-0.012477718360071277
1969-10-04,5.54e-10,0.0
1969-10-05,5.54e-10,0.0
1969-10-06,5.57e-10,0.005415162454873723
1969-10-07,5.61e-10,0.007181328545780907
1969-10-08,5.65e-10,0.007130124777183555
1969-10-09,5.73e-10,0.014159292035398119
1969-10-10,5.8e-10,0.012216404886561838
1969-10-11,5.8e-10,0.0
1969-10-12,5.8e-10,0.0
1969-10-13,5.94e-10,0.024137931034482918
1969-10-14,6.03e-10,0.015151515151515138
1969-10-15,6.05e-10,0.0033167495854062867
1969-10-16,6.05e-10,0.0
1969-10-17,5.94e-10,-0.018181818181818077
1969-10-18,5.94e-10,0.0
1969-10-19,5.94e-10,0.0
1969-10-20,5.95e-10,0.0016835016835017313
1969-10-21,5.84e-10,-0.018487394957983128
1969-10-22,5.63e-10,-0.03595890410958913
1969-10-23,5.6e-10,-0.005328596802841923
1969-10-24,5.59e-10,-0.0017857142857142794
1969-10-25,5.59e-10,0.0
1969-10-26,5.59e-10,0.0
1969-10-27,5.59e-10,0.0
1969-10-28,5.6e-10,0.0017889087656528524
1969-10-29,5.54e-10,-0.010714285714285676
1969-10-30,5.53e-10,-0.0018050541516246854
1969-10-31,5.56e-10,0.005424954792043524
1969-11-01,5.56e-10,0.0
1969-11-02,5.56e-10,0.0
1969-11-03,5.59e-10,0.0053956834532373765
1969-11-04,5.52e-10,-0.012522361359570855
1969-11-05,5.43e-10,-0.016304347826086918
1969-11-06,5.37e-10,-0.011049723756906049
1969-11-07,5.2e-10,-0.03165735567970218
1969-11-08,5.2e-10,0.0
1969-11-09,5.2e-10,0.0
1969-11-10,5.01e-10,-0.03653846153846141
1969-11-11,5.02e-10,0.001996007984031989
1969-11-12,5.2e-10,0.03585657370517925
1969-11-13,5.25e-10,0.009615384615384803
1969-11-14,5.27e-10,0.003809523809523707
1969-11-15,5.27e-10,0.0
1969-11-16,5.27e-10,0.0
1969-11-17,5.24e-10,-0.005692599620493288
1969-11-18,5.22e-10,-0.003816793893129944
1969-11-19,5.16e-10,-0.011494252873563204
1969-11-20,5.17e-10,0.0019379844961240345
1969-11-21,5.15e-10,-0.003868471953578312
1969-11-22,5.15e-10,0.0
1969-11-23,5.15e-10,0.0
1969-11-24,5.07e-10,-0.015533980582524198
1969-11-25,5.03e-10,-0.007889546351084742
1969-11-26,4.98e-10,-0.00994035785288272
1969-11-27,4.97e-10,-0.002008032128514081
1969-11-28,4.95e-10,-0.004024144869215318
1969-11-29,4.95e-10,0.0
1969-11-30,4.95e-10,0.0
1969-12-01,4.88e-10,-0.014141414141414343
1969-12-02,4.82e-10,-0.012295081967213073
1969-12-03,4.67e-10,-0.03112033195020736
1969-12-04,4.73e-10,0.012847965738757905
1969-12-05,4.87e-10,0.029598308668076
1969-12-06,4.87e-10,0.0
1969-12-07,4.87e-10,0.0
1969-12-08,4.83e-10,-0.008213552361396315
1969-12-09,4.85e-10,0.0041407867494824835
1969-12-10,4.84e-10,-0.0020618556701030855
1969-12-11,4.95e-10,0.02272727272727293
1969-12-12,5.05e-10,0.02020202020202011
1969-12-13,5.05e-10,0.0
1969-12-14,5.05e-10,0.0
1969-12-15,5.11e-10,0.011881188118811892
1969-12-16,5.3e-10,0.03718199608610573
1969-12-17,5.41e-10,0.02075471698113196
1969-12-18,5.41e-10,0.0
1969-12-19,5.49e-10,0.014787430683918634
1969-12-20,5.49e-10,0.0
1969-12-21,5.49e-10,0.0
1969-12-22,5.6e-10,0.020036429872495543
1969-12-23,5.45e-10,-0.026785714285714413
1969-12-24,5.45e-10,0.0
1969-12-25,5.45e-10,0.0
1969-12-26,5.45e-10,0.0
1969-12-27,5.45e-10,0.0
1969-12-28,5.45e-10,0.0
1969-12-29,5.43e-10,-0.003669724770642202
1969-12-30,5.49e-10,0.011049723756906049
1969-12-31,5.49e-10,0.0
1970-01-01,5.49e-10,0.0
1970-01-02,5.49e-10,0.0
1970-01-03,5.49e-10,0.0
1970-01-04,5.49e-10,0.0
1970-01-05,5.49e-10,0.0
1970-01-06,5.55e-10,0.010928961748634114
1970-01-07,5.7e-10,0.027027027027026973
1970-01-08,5.78e-10,0.01403508771929829
1970-01-09,5.81e-10,0.00519031141868509
1970-01-10,5.81e-10,0.0
1970-01-11,5.81e-10,0.0
1970-01-12,5.72e-10,-0.015490533562822706
1970-01-13,5.74e-10,0.0034965034965035446
1970-01-14,5.78e-10,0.006968641114982521
1970-01-15,5.75e-10,-0.00519031141868509
1970-01-16,5.69e-10,-0.01043478260869557
1970-01-17,5.69e-10,0.0
1970-01-18,5.69e-10,0.0
1970-01-19,5.57e-10,-0.02108963093145866
1970-01-20,5.57e-10,0.0
1970-01-21,5.61e-10,0.007181328545780907
1970-01-22,5.59e-10,-0.0035650623885917776
1970-01-23,5.58e-10,-0.0017889087656529634
1970-01-24,5.58e-10,0.0
1970-01-25,5.58e-10,0.0
1970-01-26,5.58e-10,0.0
1970-01-27,5.56e-10,-0.0035842293906810374
1970-01-28,5.56e-10,0.0
1970-01-29,5.57e-10,0.0017985611510791255
1970-01-30,5.62e-10,0.008976660682226134
1970-01-31,5.62e-10,0.0
1970-02-01,5.62e-10,0.0
1970-02-02,5.69e-10,0.01245551601423478
1970-02-03,5.69e-10,0.0
1970-02-04,5.7e-10,0.0017574692442883233
1970-02-05,5.79e-10,0.015789473684210575
1970-02-06,5.83e-10,0.006908462867011966
1970-02-07,5.83e-10,0.0
1970-02-08,5.83e-10,0.0
1970-02-09,5.83e-10,0.0
1970-02-10,5.83e-10,0.0
1970-02-11,5.83e-10,0.0
1970-02-12,5.9e-10,0.012006861063464935
1970-02-13,5.92e-10,0.003389830508474523
1970-02-14,5.92e-10,0.0
1970-02-15,5.92e-10,0.0
1970-02-16,5.97e-10,0.008445945945945832
1970-02-17,5.98e-10,0.0016750418760469454
1970-02-18,6.02e-10,0.006688963210702337
1970-02-19,6.02e-10,0.0
1970-02-20,6.04e-10,0.0033222591362125353
1970-02-21,6.04e-10,0.0
1970-02-22,6.04e-10,0.0
1970-02-23,6.03e-10,-0.0016556291390728006
1970-02-24,6.06e-10,0.004975124378109541
1970-02-25,6.04e-10,-0.0033003300330033403
1970-02-26,5.98e-10,-0.009933774834437026
1970-02-27,6.09e-10,0.018394648829431315
1970-02-28,6.09e-10,0.0
1970-03-01,6.09e-10,0.0
1970-03-02,6.09e-10,0.0
1970-03-03,6.21e-10,0.019704433497537144
1970-03-04,6.19e-10,-0.0032206119162641045
1970-03-05,6.18e-10,-0.001615508885298822
1970-03-06,6.18e-10,0.0
1970-03-07,6.18e-10,0.0
1970-03-08,6.18e-10,0.0
1970-03-09,6.24e-10,0.009708737864077666
1970-03-10,6.32e-10,0.012820512820512775
1970-03-11,6.25e-10,-0.011075949367088556
1970-03-12,6.21e-10,-0.006399999999999961
1970-03-13,6.14e-10,-0.011272141706924255
1970-03-14,6.14e-10,0.0
1970-03-15,6.14e-10,0.0
1970-03-16,6.13e-10,-0.0016286644951141183
1970-03-17,6.13e-10,0.0
1970-03-18,6.14e-10,0.0016313213703100793
1970-03-19,6.14e-10,0.0
1970-03-20,6.12e-10,-0.0032573289902281255
1970-03-21,6.12e-10,0.0
1970-03-22,6.12e-10,0.0
1970-03-23,6.09e-10,-0.004901960784313708
1970-03-24,6e-10,-0.014778325123152691
1970-03-25,6e-10,0.0
1970-03-26,6e-10,0.0
1970-03-27,6e-10,0.0
1970-03-28,6e-10,0.0
1970-03-29,6e-10,0.0
1970-03-30,5.97e-10,-0.0050000000000000044
1970-03-31,6.01e-10,0.00670016750418756
1970-04-01,6.06e-10,0.008319467554076532
1970-04-02,6.02e-10,-0.0066006600660065695
1970-04-03,6.04e-10,0.0033222591362125353
1970-04-04,6.04e-10,0.0
1970-04-05,6.04e-10,0.0
1970-04-06,5.98e-10,-0.009933774834437026
1970-04-07,5.93e-10,-0.00836120401337792
1970-04-08,5.93e-10,0.0
1970-04-09,5.99e-10,0.010118043844856706
1970-04-10,5.96e-10,-0.005008347245408995
1970-04-11,5.96e-10,0.0
1970-04-12,5.96e-10,0.0
1970-04-13,6.05e-10,0.015100671140939603
1970-04-14,5.98e-10,-0.011570247933884281
1970-04-15,5.99e-10,0.0016722408026754731
1970-04-16,5.94e-10,-0.008347245409014992
1970-04-17,5.94e-10,0.0
1970-04-18,5.94e-10,0.0
1970-04-19,5.94e-10,0.0
1970-04-20,6.03e-10,0.015151515151515138
1970-04-21,6.03e-10,0.0
1970-04-22,6.06e-10,0.004975124378109541
1970-04-23,6.04e-10,-0.0033003300330033403
1970-04-24,6.07e-10,0.004966887417218624
1970-04-25,6.07e-10,0.0
1970-04-26,6.07e-10,0.0
1970-04-27,6.13e-10,0.009884678747940745
1970-04-28,6.05e-10,-0.013050570962479524
1970-04-29,5.96e-10,-0.014876033057851235
1970-04-30,5.86e-10,-0.016778523489932806
1970-05-01,5.86e-10,0.0
1970-05-02,5.86e-10,0.0
1970-05-03,5.86e-10,0.0
1970-05-04,5.79e-10,-0.011945392491467755
1970-05-05,5.74e-10,-0.008635578583765069
1970-05-06,5.68e-10,-0.010452961672473782
1970-05-07,5.69e-10,0.0017605633802817433
1970-05-08,5.82e-10,0.02284710017574687
1970-05-09,5.82e-10,0.0
1970-05-10,5.82e-10,0.0
1970-05-11,6.08e-10,0.04467353951890041
1970-05-12,6.11e-10,0.004934210526315708
1970-05-13,5.98e-10,-0.02127659574468077
1970-05-14,5.99e-10,0.0016722408026754731
1970-05-15,6.04e-10,0.008347245409014992
1970-05-16,6.04e-10,0.0
1970-05-17,6.04e-10,0.0
1970-05-18,5.99e-10,-0.008278145695364225
1970-05-19,5.96e-10,-0.005008347245408995
1970-05-20,5.98e-10,0.003355704697986628
1970-05-21,6.02e-10,0.006688963210702337
1970-05-22,6.11e-10,0.014950166112956742
1970-05-23,6.11e-10,0.0
1970-05-24,6.11e-10,0.0
1970-05-25,6.13e-10,0.003273322422258529
1970-05-26,6.07e-10,-0.009787928221859699
1970-05-27,6e-10,-0.011532125205930721
1970-05-28,6e-10,0.0
1970-05-29,5.96e-10,-0.006666666666666599
1970-05-30,5.96e-10,0.0
1970-05-31,5.96e-10,0.0
1970-06-01,5.94e-10,-0.003355704697986517
1970-06-02,5.88e-10,-0.010101010101010055
1970-06-03,5.86e-10,-0.003401360544217691
1970-06-04,5.84e-10,-0.0034129692832763903
1970-06-05,5.79e-10,-0.008561643835616639
1970-06-06,5.79e-10,0.0
1970-06-07,5.79e-10,0.0
1970-06-08,5.76e-10,-0.005181347150259086
1970-06-09,5.72e-10,-0.00694444444444442
1970-06-10,5.6e-10,-0.020979020979020935
1970-06-11,5.58e-10,-0.0035714285714285587
1970-06-12,5.6e-10,0.0035842293906809264
1970-06-13,5.6e-10,0.0
1970-06-14,5.6e-10,0.0
1970-06-15,5.55e-10,-0.008928571428571397
1970-06-16,5.51e-10,-0.007207207207207356
1970-06-17,5.51e-10,0.0
1970-06-18,5.61e-10,0.01814882032667886
1970-06-19,5.65e-10,0.007130124777183555
1970-06-20,5.65e-10,0.0
1970-06-21,5.65e-10,0.0
1970-06-22,5.68e-10,0.005309734513274211
1970-06-23,5.68e-10,0.0
1970-06-24,5.68e-10,0.0
1970-06-25,5.64e-10,-0.007042253521126751
1970-06-26,5.6e-10,-0.007092198581560294
1970-06-27,5.6e-10,0.0
1970-06-28,5.6e-10,0.0
1970-06-29,5.62e-10,0.0035714285714285587
1970-06-30,5.63e-10,0.001779359430605032
1970-07-01,5.63e-10,0.0
1970-07-02,5.66e-10,0.005328596802841812
1970-07-03,5.87e-10,0.03710247349823326
1970-07-04,5.87e-10,0.0
1970-07-05,5.87e-10,0.0
1970-07-06,5.91e-10,0.006814310051107331
1970-07-07,5.85e-10,-0.01015228426395931
1970-07-08,5.74e-10,-0.01880341880341896
1970-07-09,5.71e-10,-0.005226480836236891
1970-07-10,5.73e-10,0.003502626970227629
1970-07-11,5.73e-10,0.0
1970-07-12,5.73e-10,0.0
1970-07-13,5.88e-10,0.026178010471204383
1970-07-14,5.96e-10,0.013605442176870763
1970-07-15,5.97e-10,0.001677852348993314
1970-07-16,5.97e-10,0.0
1970-07-17,6.15e-10,0.03015075376884435
1970-07-18,6.15e-10,0.0
1970-07-19,6.15e-10,0.0
1970-07-20,6.25e-10,0.016260162601625883
1970-07-21,6.28e-10,0.0047999999999999154
1970-07-22,6.39e-10,0.01751592356687892
1970-07-23,6.28e-10,-0.017214397496087552
1970-07-24,6.23e-10,-0.007961783439490389
1970-07-25,6.23e-10,0.0
1970-07-26,6.23e-10,0.0
1970-07-27,6.22e-10,-0.0016051364365970988
1970-07-28,6.24e-10,0.003215434083601254
1970-07-29,6.31e-10,0.011217948717948678
1970-07-30,6.45e-10,0.022187004754358197
1970-07-31,6.51e-10,0.009302325581395321
1970-08-01,6.51e-10,0.0
1970-08-02,6.51e-10,0.0
1970-08-03,6.46e-10,-0.007680491551459223
1970-08-04,6.46e-10,0.0
1970-08-05,6.5e-10,0.006191950464396356
1970-08-06,6.53e-10,0.004615384615384688
1970-08-07,6.57e-10,0.006125574272588086
1970-08-08,6.57e-10,0.0
1970-08-09,6.57e-10,0.0
1970-08-10,6.51e-10,-0.0091324200913242
1970-08-11,6.4e-10,-0.016897081413210557
1970-08-12,6.34e-10,-0.009375000000000022
1970-08-13,6.35e-10,0.001577287066246047
1970-08-14,6.4e-10,0.007874015748031482
1970-08-15,6.4e-10,0.0
1970-08-16,6.4e-10,0.0
1970-08-17,6.42e-10,0.0031250000000000444
1970-08-18,6.41e-10,-0.0015576323987538387
1970-08-19,6.43e-10,0.0031201248049921304
1970-08-20,6.44e-10,0.0015552099533437946
1970-08-21,6.35e-10,-0.013975155279503215
1970-08-22,6.35e-10,0.0
1970-08-23,6.35e-10,0.0
1970-08-24,6.31e-10,-0.006299212598425141
1970-08-25,6.31e-10,0.0
1970-08-26,6.32e-10,0.0015847860538826808
1970-08-27,6.34e-10,0.0031645569620253333
1970-08-28,6.39e-10,0.007886435331230235
1970-08-29,6.39e-10,0.0
1970-08-30,6.39e-10,0.0
1970-08-31,6.4e-10,0.0015649452269170805
1970-09-01,6.51e-10,0.017187500000000133
1970-09-02,6.62e-10,0.016897081413210335
1970-09-03,6.81e-10,0.028700906344411026
1970-09-04,6.85e-10,0.005873715124816492
1970-09-05,6.85e-10,0.0
1970-09-06,6.85e-10,0.0
1970-09-07,6.85e-10,0.0
1970-09-08,6.82e-10,-0.004379562043795637
1970-09-09,6.82e-10,0.0
1970-09-10,6.88e-10,0.008797653958944274
1970-09-11,6.96e-10,0.011627906976744207
1970-09-12,6.96e-10,0.0
1970-09-13,6.96e-10,0.0
1970-09-14,6.98e-10,0.002873563218390718
1970-09-15,6.96e-10,-0.002865329512893977
1970-09-16,6.99e-10,0.004310344827586299
1970-09-17,7.03e-10,0.005722460658083017
1970-09-18,7e-10,-0.004267425320056861
1970-09-19,7e-10,0.0
1970-09-20,7e-10,0.0
1970-09-21,7e-10,0.0
1970-09-22,6.95e-10,-0.0071428571428571175
1970-09-23,6.89e-10,-0.008633093525179825
1970-09-24,7.01e-10,0.01741654571843254
1970-09-25,7.16e-10,0.021398002853067144
1970-09-26,7.16e-10,0.0
1970-09-27,7.16e-10,0.0
1970-09-28,7.17e-10,0.0013966480446927498
1970-09-29,7.27e-10,0.013947001394700065
1970-09-30,7.39e-10,0.016506189821183126
1970-10-01,7.43e-10,0.005412719891745521
1970-10-02,7.51e-10,0.010767160161507361
1970-10-03,7.51e-10,0.0
1970-10-04,7.51e-10,0.0
1970-10-05,7.36e-10,-0.019973368841544548
1970-10-06,7.27e-10,-0.0122282608695653
1970-10-07,7.27e-10,0.0
1970-10-08,7.32e-10,0.00687757909215958
1970-10-09,7.32e-10,0.0
1970-10-10,7.32e-10,0.0
1970-10-11,7.32e-10,0.0
1970-10-12,7.2e-10,-0.016393442622950727
1970-10-13,7.15e-10,-0.00694444444444442
1970-10-14,7.08e-10,-0.009790209790209725
1970-10-15,7.21e-10,0.01836158192090398
1970-10-16,7.32e-10,0.015256588072122046
1970-10-17,7.32e-10,0.0
1970-10-18,7.32e-10,0.0
1970-10-19,7.22e-10,-0.013661202185792254
1970-10-20,7.22e-10,0.0
1970-10-21,7.24e-10,0.0027700831024930483
1970-10-22,7.2e-10,-0.0055248618784530246
1970-10-23,7.15e-10,-0.00694444444444442
1970-10-24,7.15e-10,0.0
1970-10-25,7.15e-10,0.0
1970-10-26,7.01e-10,-0.019580419580419672
1970-10-27,6.91e-10,-0.014265335235377985
1970-10-28,6.85e-10,-0.008683068017366069
1970-10-29,6.92e-10,0.010218978102189746
1970-10-30,6.92e-10,0.0
1970-10-31,6.92e-10,0.0
1970-11-01,6.92e-10,0.0
1970-11-02,6.92e-10,0.0
1970-11-03,6.88e-10,-0.00578034682080919
1970-11-04,6.81e-10,-0.01017441860465118
1970-11-05,6.83e-10,0.002936857562408246
1970-11-06,6.82e-10,-0.0014641288433382416
1970-11-07,6.82e-10,0.0
1970-11-08,6.82e-10,0.0
1970-11-09,6.8e-10,-0.0029325513196480912
1970-11-10,6.74e-10,-0.008823529411764675
1970-11-11,6.69e-10,-0.007418397626112849
1970-11-12,6.76e-10,0.010463378176382765
1970-11-13,6.86e-10,0.014792899408283988
1970-11-14,6.86e-10,0.0
1970-11-15,6.86e-10,0.0
1970-11-16,6.99e-10,0.01895043731778423
1970-11-17,7.09e-10,0.014306151645207432
1970-11-18,7.13e-10,0.005641748942172065
1970-11-19,7.21e-10,0.011220196353436185
1970-11-20,7.3e-10,0.012482662968099856
1970-11-21,7.3e-10,0.0
1970-11-22,7.3e-10,0.0
1970-11-23,7.47e-10,0.023287671232876672
1970-11-24,7.49e-10,0.0026773761713521083
1970-11-25,7.39e-10,-0.013351134846461887
1970-11-26,7.42e-10,0.004059539918809252
1970-11-27,7.54e-10,0.016172506738544312
1970-11-28,7.54e-10,0.0
1970-11-29,7.54e-10,0.0
1970-11-30,7.62e-10,0.010610079575596787
1970-12-01,7.76e-10,0.018372703412073532
1970-12-02,7.84e-10,0.010309278350515427
1970-12-03,7.74e-10,-0.012755102040816313
1970-12-04,7.84e-10,0.012919896640826822
1970-12-05,7.84e-10,0.0
1970-12-06,7.84e-10,0.0
1970-12-07,7.75e-10,-0.011479591836734637
1970-12-08,7.82e-10,0.00903225806451613
1970-12-09,8.02e-10,0.025575447570332477
1970-12-10,8.08e-10,0.007481296758104605
1970-12-11,7.98e-10,-0.012376237623762387
1970-12-12,7.98e-10,0.0
1970-12-13,7.98e-10,0.0
1970-12-14,7.75e-10,-0.028822055137844638
1970-12-15,7.77e-10,0.002580645161290418
1970-12-16,7.96e-10,0.024453024453024552
1970-12-17,7.96e-10,0.0
1970-12-18,7.9e-10,-0.007537688442211143
1970-12-19,7.9e-10,0.0
1970-12-20,7.9e-10,0.0
1970-12-21,7.82e-10,-0.010126582278480956
1970-12-22,7.88e-10,0.007672634271099765
1970-12-23,8.04e-10,0.020304568527918843
1970-12-24,8.04e-10,0.0
1970-12-25,8.04e-10,0.0
1970-12-26,8.04e-10,0.0
1970-12-27,8.04e-10,0.0
1970-12-28,8.13e-10,0.011194029850746245
1970-12-29,8.46e-10,0.040590405904058935
1970-12-30,8.5e-10,0.004728132387706863
1970-12-31,8.5e-10,0.0
1971-01-01,8.5e-10,0.0
1971-01-02,8.5e-10,0.0
1971-01-03,8.5e-10,0.0
1971-01-04,8.86e-10,0.042352941176470704
1971-01-05,9.35e-10,0.055304740406320496
1971-01-06,9.45e-10,0.010695187165775444
1971-01-07,9.24e-10,-0.022222222222222143
1971-01-08,9.28e-10,0.0043290043290042934
1971-01-09,9.28e-10,0.0
1971-01-10,9.28e-10,0.0
1971-01-11,9.32e-10,0.004310344827586299
1971-01-12,9.36e-10,0.0042918454935623185
1971-01-13,9.51e-10,0.01602564102564097
1971-01-14,9.61e-10,0.010515247108307202
1971-01-15,9.72e-10,0.01144640998959412
1971-01-16,9.72e-10,0.0
1971-01-17,9.72e-10,0.0
1971-01-18,9.95e-10,0.02366255144032925
1971-01-19,1.038e-09,0.04321608040201008
1971-01-20,1.055e-09,0.016377649325626242
1971-01-21,1.064e-09,0.008530805687203769
1971-01-22,1.059e-09,-0.00469924812030087
1971-01-23,1.059e-09,0.0
1971-01-24,1.059e-09,0.0
1971-01-25,1.059e-09,0.0
1971-01-26,1.068e-09,0.008498583569405138
1971-01-27,1.054e-09,-0.013108614232209659
1971-01-28,1.069e-09,0.014231499051233332
1971-01-29,1.075e-09,0.00561272217025266
1971-01-30,1.075e-09,0.0
1971-01-31,1.075e-09,0.0
1971-02-01,1.069e-09,-0.00558139534883717
1971-02-02,1.08e-09,0.01028999064546321
1971-02-03,1.085e-09,0.004629629629629761
1971-02-04,1.078e-09,-0.006451612903225934
1971-02-05,1.088e-09,0.00927643784786647
1971-02-06,1.088e-09,0.0
1971-02-07,1.088e-09,0.0
1971-02-08,1.091e-09,0.0027573529411766273
1971-02-09,1.103e-09,0.010999083409715782
1971-02-10,1.108e-09,0.004533091568449832
1971-02-11,1.111e-09,0.0027075812274366395
1971-02-12,1.108e-09,-0.0027002700270025715
1971-02-13,1.108e-09,0.0
1971-02-14,1.108e-09,0.0
1971-02-15,1.101e-09,-0.00631768953068601
1971-02-16,1.097e-09,-0.0036330608537692433
1971-02-17,1.089e-09,-0.007292616226071025
1971-02-18,1.088e-09,-0.0009182736455464191
1971-02-19,1.08e-09,-0.007352941176470562
1971-02-20,1.08e-09,0.0
1971-02-21,1.08e-09,0.0
1971-02-22,1.08e-09,0.0
1971-02-23,1.08e-09,0.0
1971-02-24,1.08e-09,0.0
1971-02-25,1.097e-09,0.015740740740740833
1971-02-26,1.096e-09,-0.0009115770282589475
1971-02-27,1.096e-09,0.0
1971-02-28,1.096e-09,0.0
1971-03-01,1.076e-09,-0.018248175182481674
1971-03-02,1.061e-09,-0.013940520446096727
1971-03-03,1.043e-09,-0.016965127238454225
1971-03-04,1.066e-09,0.02205177372962619
1971-03-05,1.086e-09,0.018761726078799112
1971-03-06,1.086e-09,0.0
1971-03-07,1.086e-09,0.0
1971-03-08,1.105e-09,0.017495395948434744
1971-03-09,1.121e-09,0.014479638009049722
1971-03-10,1.15e-09,0.025869759143621662
1971-03-11,1.146e-09,-0.003478260869565153
1971-03-12,1.155e-09,0.007853403141361293
1971-03-13,1.155e-09,0.0
1971-03-14,1.155e-09,0.0
1971-03-15,1.174e-09,0.016450216450216493
1971-03-16,1.172e-09,-0.0017035775127768327
1971-03-17,1.19e-09,0.015358361774743923
1971-03-18,1.186e-09,-0.003361344537815114
1971-03-19,1.2e-09,0.01180438448566612
1971-03-20,1.2e-09,0.0
1971-03-21,1.2e-09,0.0
1971-03-22,1.211e-09,0.009166666666666767
1971-03-23,1.21e-09,-0.0008257638315443128
1971-03-24,1.209e-09,-0.0008264462809915996
1971-03-25,1.211e-09,0.0016542597187758634
1971-03-26,1.222e-09,0.009083402146985886
1971-03-27,1.222e-09,0.0
1971-03-28,1.222e-09,0.0
1971-03-29,1.248e-09,0.021276595744680993
1971-03-30,1.25e-09,0.0016025641025640969
1971-03-31,1.254e-09,0.0032000000000000917
1971-04-01,1.293e-09,0.031100478468899517
1971-04-02,1.296e-09,0.0023201856148493682
1971-04-03,1.296e-09,0.0
1971-04-04,1.296e-09,0.0
1971-04-05,1.294e-09,-0.0015432098765432167
1971-04-06,1.303e-09,0.006955177743431129
1971-04-07,1.324e-09,0.016116653875671627
1971-04-08,1.324e-09,0.0
1971-04-09,1.324e-09,0.0
1971-04-10,1.324e-09,0.0
1971-04-11,1.324e-09,0.0
1971-04-12,1.321e-09,-0.0022658610271902857
1971-04-13,1.324e-09,0.002271006813020282
1971-04-14,1.323e-09,-0.0007552870090633546
1971-04-15,1.343e-09,0.015117157974300799
1971-04-16,1.363e-09,0.014892032762471974
1971-04-17,1.363e-09,0.0
1971-04-18,1.363e-09,0.0
1971-04-19,1.385e-09,0.0161408657373443
1971-04-20,1.414e-09,0.02093862815884484
1971-04-21,1.414e-09,0.0
1971-04-22,1.461e-09,0.03323903818953311
1971-04-23,1.472e-09,0.007529089664613409
1971-04-24,1.472e-09,0.0
1971-04-25,1.472e-09,0.0
1971-04-26,1.482e-09,0.006793478260869623
1971-04-27,1.493e-09,0.007422402159244168
1971-04-28,1.503e-09,0.006697923643670611
1971-04-29,1.508e-09,0.003326679973386426
1971-04-30,1.499e-09,-0.005968169761273123
1971-05-01,1.499e-09,0.0
1971-05-02,1.499e-09,0.0
1971-05-03,1.489e-09,-0.00667111407605081
1971-05-04,1.506e-09,0.011417058428475624
1971-05-05,1.524e-09,0.01195219123505975
1971-05-06,1.531e-09,0.0045931758530184386
1971-05-07,1.546e-09,0.009797517962116364
1971-05-08,1.546e-09,0.0
1971-05-09,1.546e-09,0.0
1971-05-10,1.585e-09,0.025226390685640254
1971-05-11,1.657e-09,0.045425867507886464
1971-05-12,1.665e-09,0.004828002414001276
1971-05-13,1.687e-09,0.013213213213213226
1971-05-14,1.702e-09,0.00889152341434496
1971-05-15,1.702e-09,0.0
1971-05-16,1.702e-09,0.0
1971-05-17,1.778e-09,0.044653349001175124
1971-05-18,1.847e-09,0.03880764904386935
1971-05-19,1.907e-09,0.032485110990795985
1971-05-20,1.871e-09,-0.018877818563188375
1971-05-21,1.823e-09,-0.02565473009086039
1971-05-22,1.823e-09,0.0
1971-05-23,1.823e-09,0.0
1971-05-24,1.885e-09,0.034009873834339066
1971-05-25,1.952e-09,0.0355437665782492
1971-05-26,2.034e-09,0.04200819672131151
1971-05-27,2.15e-09,0.05703048180924286
1971-05-28,2.221e-09,0.0330232558139536
1971-05-29,2.221e-09,0.0
1971-05-30,2.221e-09,0.0
1971-05-31,2.335e-09,0.0513282305267897
1971-06-01,2.446e-09,0.04753747323340485
1971-06-02,2.483e-09,0.015126737530662293
1971-06-03,2.349e-09,-0.05396697543294393
1971-06-04,2.354e-09,0.002128565346956046
1971-06-05,2.354e-09,0.0
1971-06-06,2.354e-09,0.0
1971-06-07,2.462e-09,0.04587935429056933
1971-06-08,2.521e-09,0.023964256701868303
1971-06-09,2.518e-09,-0.0011900039666797868
1971-06-10,2.518e-09,0.0
1971-06-11,2.558e-09,0.015885623510722757
1971-06-12,2.558e-09,0.0
1971-06-13,2.558e-09,0.0
1971-06-14,2.562e-09,0.0015637216575450363
1971-06-15,2.511e-09,-0.01990632318501173
1971-06-16,2.511e-09,0.0
1971-06-17,2.413e-09,-0.039028275587415506
1971-06-18,2.355e-09,-0.02403646912556978
1971-06-19,2.355e-09,0.0
1971-06-20,2.355e-09,0.0
1971-06-21,2.449e-09,0.03991507430997898
1971-06-22,2.391e-09,-0.023683135973866842
1971-06-23,2.391e-09,0.0
1971-06-24,2.346e-09,-0.01882057716436647
1971-06-25,2.334e-09,-0.005115089514066473
1971-06-26,2.334e-09,0.0
1971-06-27,2.334e-09,0.0
1971-06-28,2.274e-09,-0.025706940874036133
1971-06-29,2.113e-09,-0.07080035180299027
1971-06-30,2.113e-09,0.0
1971-07-01,2.227e-09,0.05395172740179821
1971-07-02,2.322e-09,0.0426582846879211
1971-07-03,2.322e-09,0.0
1971-07-04,2.322e-09,0.0
1971-07-05,2.369e-09,0.020241171403962088
1971-07-06,2.299e-09,-0.02954833262980161
1971-07-07,2.299e-09,0.0
1971-07-08,2.248e-09,-0.022183558068725517
1971-07-09,2.22e-09,-0.01245551601423478
1971-07-10,2.22e-09,0.0
1971-07-11,2.22e-09,0.0
1971-07-12,2.18e-09,-0.018018018018018167
1971-07-13,2.098e-09,-0.03761467889908254
1971-07-14,2.098e-09,0.0
1971-07-15,2.095e-09,-0.0014299332697808032
1971-07-16,2.146e-09,0.024343675417661137
1971-07-17,2.146e-09,0.0
1971-07-18,2.146e-09,0.0
1971-07-19,2.207e-09,0.028424976700838878
1971-07-20,2.233e-09,0.011780697779791627
1971-07-21,2.233e-09,0.0
1971-07-22,2.273e-09,0.017913121361397222
1971-07-23,2.317e-09,0.01935767707875069
1971-07-24,2.317e-09,0.0
1971-07-25,2.317e-09,0.0
1971-07-26,2.379e-09,0.02675873974967624
1971-07-27,2.395e-09,0.006725514922236275
1971-07-28,2.395e-09,0.0
1971-07-29,2.375e-09,-0.008350730688935215
1971-07-30,2.353e-09,-0.009263157894736862
1971-07-31,2.353e-09,0.0
1971-08-01,2.353e-09,0.0
1971-08-02,2.352e-09,-0.0004249893752655831
1971-08-03,2.258e-09,-0.03996598639455795
1971-08-04,2.202e-09,-0.024800708591673937
1971-08-05,2.25e-09,0.02179836512261568
1971-08-06,2.239e-09,-0.004888888888888943
1971-08-07,2.239e-09,0.0
1971-08-08,2.239e-09,0.0
1971-08-09,2.243e-09,0.001786511835640825
1971-08-10,2.233e-09,-0.004458314757021742
1971-08-11,2.2e-09,-0.014778325123152802
1971-08-12,2.137e-09,-0.02863636363636357
1971-08-13,2.099e-09,-0.017781937295273775
1971-08-14,2.099e-09,0.0
1971-08-15,2.099e-09,0.0
1971-08-16,2.086e-09,-0.006193425440686018
1971-08-17,1.948e-09,-0.06615532118887835
1971-08-18,2.021e-09,0.03747433264887068
1971-08-19,2.049e-09,0.01385452746165261
1971-08-20,2.07e-09,0.01024890190336758
1971-08-21,2.07e-09,0.0
1971-08-22,2.07e-09,0.0
1971-08-23,2.004e-09,-0.03188405797101446
1971-08-24,1.942e-09,-0.03093812375249505
1971-08-25,1.896e-09,-0.023686920700308978
1971-08-26,1.939e-09,0.02267932489451474
1971-08-27,1.946e-09,0.0036101083032491488
1971-08-28,1.946e-09,0.0
1971-08-29,1.946e-09,0.0
1971-08-30,1.959e-09,0.0066803699897224345
1971-08-31,1.971e-09,0.006125574272588086
1971-09-01,1.981e-09,0.005073566717402445
1971-09-02,2.009e-09,0.014134275618374437
1971-09-03,2.045e-09,0.017919362867097943
1971-09-04,2.045e-09,0.0
1971-09-05,2.045e-09,0.0
1971-09-06,2.098e-09,0.025916870415648052
1971-09-07,2.098e-09,0.0
1971-09-08,2.148e-09,0.023832221163012424
1971-09-09,2.096e-09,-0.024208566108007368
1971-09-10,2.097e-09,0.0004770992366411875
1971-09-11,2.097e-09,0.0
1971-09-12,2.097e-09,0.0
1971-09-13,2.097e-09,0.0
1971-09-14,2.104e-09,0.0033381020505485193
1971-09-15,2.088e-09,-0.007604562737642762
1971-09-16,2.068e-09,-0.009578544061302652
1971-09-17,2.061e-09,-0.0033849129593810368
1971-09-18,2.061e-09,0.0
1971-09-19,2.061e-09,0.0
1971-09-20,2.041e-09,-0.009704027171276053
1971-09-21,2.021e-09,-0.009799118079372837
1971-09-22,1.99e-09,-0.015338941118258287
1971-09-23,1.966e-09,-0.012060301507537674
1971-09-24,1.972e-09,0.003051881993896055
1971-09-25,1.972e-09,0.0
1971-09-26,1.972e-09,0.0
1971-09-27,1.942e-09,-0.01521298174442176
1971-09-28,1.888e-09,-0.02780638516992795
1971-09-29,1.899e-09,0.005826271186440746
1971-09-30,1.911e-09,0.006319115323854652
1971-10-01,1.891e-09,-0.010465724751439032
1971-10-02,1.891e-09,0.0
1971-10-03,1.891e-09,0.0
1971-10-04,1.897e-09,0.0031729243786355887
1971-10-05,1.939e-09,0.022140221402213944
1971-10-06,1.98e-09,0.021144920061887618
1971-10-07,1.943e-09,-0.01868686868686875
1971-10-08,1.94e-09,-0.0015440041173443442
1971-10-09,1.94e-09,0.0
1971-10-10,1.94e-09,0.0
1971-10-11,1.947e-09,0.0036082474226803996
1971-10-12,1.935e-09,-0.006163328197226536
1971-10-13,1.937e-09,0.001033591731266048
1971-10-14,1.847e-09,-0.04646360351058332
1971-10-15,1.854e-09,0.0037899296155929907
1971-10-16,1.854e-09,0.0
1971-10-17,1.854e-09,0.0
1971-10-18,1.867e-09,0.00701186623516703
1971-10-19,1.868e-09,0.0005356186395288898
1971-10-20,1.875e-09,0.0037473233404710093
1971-10-21,1.883e-09,0.004266666666666641
1971-10-22,1.862e-09,-0.011152416356877248
1971-10-23,1.862e-09,0.0
1971-10-24,1.862e-09,0.0
1971-10-25,1.837e-09,-0.013426423200859294
1971-10-26,1.804e-09,-0.017964071856287456
1971-10-27,1.771e-09,-0.018292682926829285
1971-10-28,1.748e-09,-0.012987012987012991
1971-10-29,1.735e-09,-0.007437070938215107
1971-10-30,1.735e-09,0.0
1971-10-31,1.735e-09,0.0
1971-11-01,1.735e-09,0.0
1971-11-02,1.735e-09,0.0
1971-11-03,1.709e-09,-0.014985590778097913
1971-11-04,1.61e-09,-0.057928613224107695
1971-11-05,1.64e-09,0.01863354037267073
1971-11-06,1.64e-09,0.0
1971-11-07,1.64e-09,0.0
1971-11-08,1.787e-09,0.08963414634146338
1971-11-09,1.837e-09,0.027979854504756485
1971-11-10,1.805e-09,-0.01741970604246046
1971-11-11,1.78e-09,-0.013850415512465353
1971-11-12,1.782e-09,0.0011235955056179137
1971-11-13,1.782e-09,0.0
1971-11-14,1.782e-09,0.0
1971-11-15,1.782e-09,0.0
1971-11-16,1.746e-09,-0.02020202020202022
1971-11-17,1.709e-09,-0.02119129438717071
1971-11-18,1.693e-09,-0.009362200117027486
1971-11-19,1.728e-09,0.020673360897814463
1971-11-20,1.728e-09,0.0
1971-11-21,1.728e-09,0.0
1971-11-22,1.696e-09,-0.0185185185185186
1971-11-23,1.662e-09,-0.02004716981132071
1971-11-24,1.642e-09,-0.012033694344163792
1971-11-25,1.617e-09,-0.015225334957368997
1971-11-26,1.573e-09,-0.027210884353741527
1971-11-27,1.573e-09,0.0
1971-11-28,1.573e-09,0.0
1971-11-29,1.491e-09,-0.05212968849332489
1971-11-30,1.513e-09,0.014755197853789426
1971-12-01,1.559e-09,0.030403172504957166
1971-12-02,1.612e-09,0.03399615137908918
1971-12-03,1.618e-09,0.003722084367245637
1971-12-04,1.618e-09,0.0
1971-12-05,1.618e-09,0.0
1971-12-06,1.675e-09,0.035228677379480766
1971-12-07,1.686e-09,0.006567164179104523
1971-12-08,1.682e-09,-0.0023724792408066353
1971-12-09,1.695e-09,0.007728894173602896
1971-12-10,1.735e-09,0.02359882005899694
1971-12-11,1.735e-09,0.0
1971-12-12,1.735e-09,0.0
1971-12-13,1.788e-09,0.03054755043227675
1971-12-14,1.831e-09,0.024049217002237055
1971-12-15,1.878e-09,0.025669033315128376
1971-12-16,1.855e-09,-0.012247071352502692
1971-12-17,1.841e-09,-0.007547169811320753
1971-12-18,1.841e-09,0.0
1971-12-19,1.841e-09,0.0
1971-12-20,1.794e-09,-0.025529603476371454
1971-12-21,1.779e-09,-0.00836120401337792
1971-12-22,1.773e-09,-0.003372681281618828
1971-12-23,1.774e-09,0.0005640157924422518
1971-12-24,1.774e-09,0.0
1971-12-25,1.774e-09,0.0
1971-12-26,1.774e-09,0.0
1971-12-27,1.775e-09,0.0005636978579481866
1971-12-28,1.768e-09,-0.003943661971830936
1971-12-29,1.789e-09,0.0118778280542986
1971-12-30,1.81e-09,0.01173840134153159
1971-12-31,1.81e-09,0.0
1972-01-01,1.81e-09,0.0
1972-01-02,1.81e-09,0.0
1972-01-03,1.827e-09,0.00939226519337022
1972-01-04,1.86e-09,0.01806239737274229
1972-01-05,1.848e-09,-0.006451612903225823
1972-01-06,1.832e-09,-0.008658008658008587
1972-01-07,1.835e-09,0.0016375545851528006
1972-01-08,1.835e-09,0.0
1972-01-09,1.835e-09,0.0
1972-01-10,1.818e-09,-0.009264305177111742
1972-01-11,1.809e-09,-0.004950495049504844
1972-01-12,1.788e-09,-0.011608623548922115
1972-01-13,1.76e-09,-0.015659955257270708
1972-01-14,1.755e-09,-0.0028409090909090606
1972-01-15,1.755e-09,0.0
1972-01-16,1.755e-09,0.0
1972-01-17,1.724e-09,-0.017663817663817638
1972-01-18,1.694e-09,-0.01740139211136893
1972-01-19,1.712e-09,0.010625737898465326
1972-01-20,1.723e-09,0.006425233644859807
1972-01-21,1.711e-09,-0.006964596633778242
1972-01-22,1.711e-09,0.0
1972-01-23,1.711e-09,0.0
1972-01-24,1.696e-09,-0.008766803039158444
1972-01-25,1.696e-09,0.0
1972-01-26,1.656e-09,-0.023584905660377298
1972-01-27,1.607e-09,-0.02958937198067646
1972-01-28,1.564e-09,-0.026757934038581177
1972-01-29,1.564e-09,0.0
1972-01-30,1.564e-09,0.0
1972-01-31,1.564e-09,0.0
1972-02-01,1.514e-09,-0.03196930946291565
1972-02-02,1.537e-09,0.015191545574636756
1972-02-03,1.57e-09,0.021470396877033116
1972-02-04,1.606e-09,0.02292993630573248
1972-02-05,1.606e-09,0.0
1972-02-06,1.606e-09,0.0
1972-02-07,1.652e-09,0.028642590286426017
1972-02-08,1.687e-09,0.021186440677966045
1972-02-09,1.66e-09,-0.016004742145821038
1972-02-10,1.66e-09,0.0
1972-02-11,1.708e-09,0.028915662650602414
1972-02-12,1.708e-09,0.0
1972-02-13,1.708e-09,0.0
1972-02-14,1.708e-09,0.0
1972-02-15,1.708e-09,0.0
1972-02-16,1.708e-09,0.0
1972-02-17,1.747e-09,0.022833723653395754
1972-02-18,1.774e-09,0.015455065827132186
1972-02-19,1.774e-09,0.0
1972-02-20,1.774e-09,0.0
1972-02-21,1.717e-09,-0.03213077790304408
1972-02-22,1.718e-09,0.0005824111822947398
1972-02-23,1.704e-09,-0.008149010477299323
1972-02-24,1.686e-09,-0.010563380281690127
1972-02-25,1.672e-09,-0.008303677342823224
1972-02-26,1.672e-09,0.0
1972-02-27,1.672e-09,0.0
1972-02-28,1.649e-09,-0.013755980861244077
1972-02-29,1.642e-09,-0.004244996967859405
1972-03-01,1.634e-09,-0.00487210718635811
1972-03-02,1.616e-09,-0.011015911872705009
1972-03-03,1.643e-09,0.01670792079207928
1972-03-04,1.643e-09,0.0
1972-03-05,1.643e-09,0.0
1972-03-06,1.618e-09,-0.015216068167985375
1972-03-07,1.594e-09,-0.014833127317676054
1972-03-08,1.582e-09,-0.00752823086574661
1972-03-09,1.558e-09,-0.015170670037926604
1972-03-10,1.56e-09,0.0012836970474967568
1972-03-11,1.56e-09,0.0
1972-03-12,1.56e-09,0.0
1972-03-13,1.546e-09,-0.008974358974358942
1972-03-14,1.506e-09,-0.02587322121604141
1972-03-15,1.47e-09,-0.02390438247011939
1972-03-16,1.455e-09,-0.010204081632653073
1972-03-17,1.477e-09,0.015120274914089293
1972-03-18,1.477e-09,0.0
1972-03-19,1.477e-09,0.0
1972-03-20,1.466e-09,-0.007447528774543022
1972-03-21,1.441e-09,-0.017053206002728416
1972-03-22,1.462e-09,0.014573213046495281
1972-03-23,1.505e-09,0.02941176470588247
1972-03-24,1.535e-09,0.019933554817275656
1972-03-25,1.535e-09,0.0
1972-03-26,1.535e-09,0.0
1972-03-27,1.508e-09,-0.017589576547231256
1972-03-28,1.495e-09,-0.008620689655172487
1972-03-29,1.488e-09,-0.004682274247491569
1972-03-30,1.488e-09,0.0
1972-03-31,1.488e-09,0.0
1972-04-01,1.488e-09,0.0
1972-04-02,1.488e-09,0.0
1972-04-03,1.452e-09,-0.024193548387096864
1972-04-04,1.439e-09,-0.008953168044077087
1972-04-05,1.446e-09,0.004864489228630919
1972-04-06,1.432e-09,-0.009681881051175623
1972-04-07,1.419e-09,-0.009078212290502874
1972-04-08,1.419e-09,0.0
1972-04-09,1.419e-09,0.0
1972-04-10,1.374e-09,-0.031712473572938604
1972-04-11,1.333e-09,-0.029839883551673885
1972-04-12,1.393e-09,0.045011252813203395
1972-04-13,1.371e-09,-0.015793251974156597
1972-04-14,1.377e-09,0.004376367614879584
1972-04-15,1.377e-09,0.0
1972-04-16,1.377e-09,0.0
1972-04-17,1.373e-09,-0.002904865649963728
1972-04-18,1.362e-09,-0.008011653313911071
1972-04-19,1.348e-09,-0.01027900146842875
1972-04-20,1.328e-09,-0.014836795252225587
1972-04-21,1.328e-09,0.0
1972-04-22,1.328e-09,0.0
1972-04-23,1.328e-09,0.0
1972-04-24,1.349e-09,0.01581325301204828
1972-04-25,1.335e-09,-0.010378057820607856
1972-04-26,1.327e-09,-0.005992509363295873
1972-04-27,1.364e-09,0.02788244159758846
1972-04-28,1.393e-09,0.02126099706744866
1972-04-29,1.393e-09,0.0
1972-04-30,1.393e-09,0.0
1972-05-01,1.393e-09,0.0
1972-05-02,1.401e-09,0.005743000717875146
1972-05-03,1.394e-09,-0.0049964311206281975
1972-05-04,1.386e-09,-0.0057388809182209455
1972-05-05,1.392e-09,0.0043290043290042934
1972-05-06,1.392e-09,0.0
1972-05-07,1.392e-09,0.0
1972-05-08,1.387e-09,-0.0035919540229883973
1972-05-09,1.376e-09,-0.007930785868781598
1972-05-10,1.387e-09,0.007994186046511587
1972-05-11,1.369e-09,-0.012977649603460817
1972-05-12,1.351e-09,-0.013148283418553675
1972-05-13,1.351e-09,0.0
1972-05-14,1.351e-09,0.0
1972-05-15,1.305e-09,-0.03404885270170244
1972-05-16,1.341e-09,0.02758620689655178
1972-05-17,1.399e-09,0.0432513049962715
1972-05-18,1.451e-09,0.037169406719085085
1972-05-19,1.483e-09,0.02205375603032378
1972-05-20,1.483e-09,0.0
1972-05-21,1.483e-09,0.0
1972-05-22,1.457e-09,-0.017532029669588667
1972-05-23,1.455e-09,-0.0013726835964310569
1972-05-24,1.47e-09,0.010309278350515427
1972-05-25,1.476e-09,0.004081632653061273
1972-05-26,1.449e-09,-0.018292682926829285
1972-05-27,1.449e-09,0.0
1972-05-28,1.449e-09,0.0
1972-05-29,1.453e-09,0.002760524499654915
1972-05-30,1.453e-09,0.0
1972-05-31,1.447e-09,-0.004129387474191337
1972-06-01,1.447e-09,0.0
1972-06-02,1.447e-09,0.0
1972-06-03,1.447e-09,0.0
1972-06-04,1.447e-09,0.0
1972-06-05,1.431e-09,-0.011057360055286902
1972-06-06,1.402e-09,-0.020265548567435343
1972-06-07,1.411e-09,0.006419400855920188
1972-06-08,1.44e-09,0.020552799433026125
1972-06-09,1.486e-09,0.03194444444444455
1972-06-10,1.486e-09,0.0
1972-06-11,1.486e-09,0.0
1972-06-12,1.458e-09,-0.018842530282638048
1972-06-13,1.453e-09,-0.003429355281207025
1972-06-14,1.454e-09,0.0006882312456983897
1972-06-15,1.427e-09,-0.018569463548830822
1972-06-16,1.377e-09,-0.035038542396636285
1972-06-17,1.377e-09,0.0
1972-06-18,1.377e-09,0.0
1972-06-19,1.365e-09,-0.008714596949891074
1972-06-20,1.351e-09,-0.01025641025641022
1972-06-21,1.316e-09,-0.025906735751295318
1972-06-22,1.248e-09,-0.05167173252279633
1972-06-23,1.301e-09,0.04246794871794868
1972-06-24,1.301e-09,0.0
1972-06-25,1.301e-09,0.0
1972-06-26,1.283e-09,-0.013835511145272816
1972-06-27,1.236e-09,-0.036632891660171474
1972-06-28,1.201e-09,-0.028317152103559895
1972-06-29,1.246e-09,0.03746877601998322
1972-06-30,1.241e-09,-0.0040128410914928025
1972-07-01,1.241e-09,0.0
1972-07-02,1.241e-09,0.0
1972-07-03,1.25e-09,0.00725221595487513
1972-07-04,1.264e-09,0.011199999999999877
1972-07-05,1.237e-09,-0.02136075949367089
1972-07-06,1.211e-09,-0.021018593371058936
1972-07-07,1.192e-09,-0.01568951279933939
1972-07-08,1.192e-09,0.0
1972-07-09,1.192e-09,0.0
1972-07-10,1.109e-09,-0.06963087248322153
1972-07-11,1.057e-09,-0.04688908926961233
1972-07-12,1.12e-09,0.0596026490066226
1972-07-13,1.113e-09,-0.006250000000000089
1972-07-14,1.108e-09,-0.004492362982928877
1972-07-15,1.108e-09,0.0
1972-07-16,1.108e-09,0.0
1972-07-17,1.122e-09,0.012635379061371799
1972-07-18,1.098e-09,-0.021390374331550888
1972-07-19,1.099e-09,0.0009107468123863427
1972-07-20,1.088e-09,-0.010009099181073733
1972-07-21,1.064e-09,-0.022058823529411686
1972-07-22,1.064e-09,0.0
1972-07-23,1.064e-09,0.0
1972-07-24,9.99e-10,-0.06109022556390986
1972-07-25,9.64e-10,-0.03503503503503502
1972-07-26,9.59e-10,-0.005186721991701115
1972-07-27,1.006e-09,0.04900938477580796
1972-07-28,1.038e-09,0.031809145129224614
1972-07-29,1.038e-09,0.0
1972-07-30,1.038e-09,0.0
1972-07-31,1.064e-09,0.025048169556840083
1972-08-01,1.029e-09,-0.0328947368421052
1972-08-02,1e-09,-0.02818270165208936
1972-08-03,9.69e-10,-0.031000000000000028
1972-08-04,9.7e-10,0.0010319917440659854
1972-08-05,9.7e-10,0.0
1972-08-06,9.7e-10,0.0
1972-08-07,9.87e-10,0.017525773195876226
1972-08-08,9.73e-10,-0.014184397163120477
1972-08-09,9.8e-10,0.007194244604316502
1972-08-10,1.003e-09,0.02346938775510199
1972-08-11,1.033e-09,0.0299102691924229
1972-08-12,1.033e-09,0.0
1972-08-13,1.033e-09,0.0
1972-08-14,1.063e-09,0.029041626331074433
1972-08-15,1.087e-09,0.022577610536218318
1972-08-16,1.089e-09,0.0018399264029438367
1972-08-17,1.124e-09,0.032139577594123114
1972-08-18,1.138e-09,0.01245551601423478
1972-08-19,1.138e-09,0.0
1972-08-20,1.138e-09,0.0
1972-08-21,1.153e-09,0.013181019332161759
1972-08-22,1.199e-09,0.0398959236773635
1972-08-23,1.238e-09,0.03252710592160124
1972-08-24,1.282e-09,0.03554119547657497
1972-08-25,1.338e-09,0.043681747269890714
1972-08-26,1.338e-09,0.0
1972-08-27,1.338e-09,0.0
1972-08-28,1.428e-09,0.06726457399103136
1972-08-29,1.423e-09,-0.0035014005602241882
1972-08-30,1.321e-09,-0.07167955024595918
1972-08-31,1.301e-09,-0.015140045420136361
1972-09-01,1.332e-09,0.023827824750192184
1972-09-02,1.332e-09,0.0
1972-09-03,1.332e-09,0.0
1972-09-04,1.329e-09,-0.0022522522522521182
1972-09-05,1.257e-09,-0.05417607223476306
1972-09-06,1.283e-09,0.020684168655529023
1972-09-07,1.283e-09,0.0
1972-09-08,1.283e-09,0.0
1972-09-09,1.283e-09,0.0
1972-09-10,1.283e-09,0.0
1972-09-11,1.251e-09,-0.02494154325798914
1972-09-12,1.2e-09,-0.04076738609112707
1972-09-13,1.177e-09,-0.019166666666666665
1972-09-14,1.238e-09,0.05182667799490237
1972-09-15,1.274e-09,0.02907915993537946
1972-09-16,1.274e-09,0.0
1972-09-17,1.274e-09,0.0
1972-09-18,1.266e-09,-0.006279434850863352
1972-09-19,1.243e-09,-0.018167456556082207
1972-09-20,1.247e-09,0.0032180209171359664
1972-09-21,1.236e-09,-0.008821170809943712
1972-09-22,1.217e-09,-0.015372168284789711
1972-09-23,1.217e-09,0.0
1972-09-24,1.217e-09,0.0
1972-09-25,1.189e-09,-0.023007395234182493
1972-09-26,1.2e-09,0.00925147182506314
1972-09-27,1.21e-09,0.008333333333333304
1972-09-28,1.185e-09,-0.02066115702479343
1972-09-29,1.182e-09,-0.0025316455696201556
1972-09-30,1.182e-09,0.0
1972-10-01,1.182e-09,0.0
1972-10-02,1.177e-09,-0.004230118443316444
1972-10-03,1.182e-09,0.004248088360238045
1972-10-04,1.177e-09,-0.004230118443316444
1972-10-05,1.137e-09,-0.03398470688190325
1972-10-06,1.133e-09,-0.0035180299032541162
1972-10-07,1.133e-09,0.0
1972-10-08,1.133e-09,0.0
1972-10-09,1.116e-09,-0.015004413062665312
1972-10-10,1.121e-09,0.0044802867383511025
1972-10-11,1.129e-09,0.007136485280999194
1972-10-12,1.131e-09,0.001771479185119551
1972-10-13,1.11e-09,-0.01856763925729432
1972-10-14,1.11e-09,0.0
1972-10-15,1.11e-09,0.0
1972-10-16,1.082e-09,-0.0252252252252253
1972-10-17,1.055e-09,-0.024953789279112737
1972-10-18,1.022e-09,-0.03127962085308056
1972-10-19,1.076e-09,0.052837573385518644
1972-10-20,1.055e-09,-0.01951672862453535
1972-10-21,1.055e-09,0.0
1972-10-22,1.055e-09,0.0
1972-10-23,1.034e-09,-0.019905213270142164
1972-10-24,1.038e-09,0.003868471953578423
1972-10-25,1.04e-09,0.0019267822736031004
1972-10-26,1.034e-09,-0.005769230769230749
1972-10-27,1.014e-09,-0.01934235976789167
1972-10-28,1.014e-09,0.0
1972-10-29,1.014e-09,0.0
1972-10-30,9.98e-10,-0.015779092702169595
1972-10-31,9.97e-10,-0.0010020040080160886
1972-11-01,1.007e-09,0.010030090270812364
1972-11-02,1.007e-09,0.0
1972-11-03,1.007e-09,0.0
1972-11-04,1.007e-09,0.0
1972-11-05,1.007e-09,0.0
1972-11-06,1.054e-09,0.04667328699106266
1972-11-07,1.058e-09,0.003795066413662118
1972-11-08,1.016e-09,-0.03969754253308133
1972-11-09,1.005e-09,-0.010826771653543399
1972-11-10,1.014e-09,0.008955223880596996
1972-11-11,1.014e-09,0.0
1972-11-12,1.014e-09,0.0
1972-11-13,1.012e-09,-0.0019723865877712132
1972-11-14,9.98e-10,-0.01383399209486158
1972-11-15,9.98e-10,0.0
1972-11-16,9.98e-10,0.0
1972-11-17,9.91e-10,-0.007014028056112287
1972-11-18,9.91e-10,0.0
1972-11-19,9.91e-10,0.0
1972-11-20,9.85e-10,-0.006054490413723523
1972-11-21,9.6e-10,-0.025380710659898442
1972-11-22,9.7e-10,0.01041666666666674
1972-11-23,9.64e-10,-0.006185567010309256
1972-11-24,9.83e-10,0.01970954356846466
1972-11-25,9.83e-10,0.0
1972-11-26,9.83e-10,0.0
1972-11-27,1.008e-09,0.025432349949135347
1972-11-28,1.053e-09,0.044642857142856984
1972-11-29,1.059e-09,0.005698005698005604
1972-11-30,1.059e-09,0.0
1972-12-01,1.058e-09,-0.0009442870632671019
1972-12-02,1.058e-09,0.0
1972-12-03,1.058e-09,0.0
1972-12-04,1.048e-09,-0.009451795841209809
1972-12-05,1.05e-09,0.001908396946564972
1972-12-06,1.056e-09,0.005714285714285783
1972-12-07,1.05e-09,-0.005681818181818121
1972-12-08,1.036e-09,-0.01333333333333353
1972-12-09,1.036e-09,0.0
1972-12-10,1.036e-09,0.0
1972-12-11,1.019e-09,-0.01640926640926621
1972-12-12,1.007e-09,-0.011776251226693013
1972-12-13,1.017e-09,0.009930486593842991
1972-12-14,1.016e-09,-0.000983284169124743
1972-12-15,1.018e-09,0.0019685039370078705
1972-12-16,1.018e-09,0.0
1972-12-17,1.018e-09,0.0
1972-12-18,1.003e-09,-0.014734774066797685
1972-12-19,9.87e-10,-0.015952143569292088
1972-12-20,9.68e-10,-0.019250253292806496
1972-12-21,9.67e-10,-0.0010330578512395272
1972-12-22,9.95e-10,0.028955532574973963
1972-12-23,9.95e-10,0.0
1972-12-24,9.95e-10,0.0
1972-12-25,9.95e-10,0.0
1972-12-26,9.9e-10,-0.005025125628140614
1972-12-27,9.94e-10,0.004040404040404066
1972-12-28,1.003e-09,0.0090543259557343
1972-12-29,1.006e-09,0.0029910269192423566
1972-12-30,1.006e-09,0.0
1972-12-31,1.006e-09,0.0
1973-01-01,1.006e-09,0.0
1973-01-02,1.006e-09,0.0
1973-01-03,1.006e-09,0.0
1973-01-04,9.86e-10,-0.01988071570576555
1973-01-05,9.78e-10,-0.008113590263691628
1973-01-06,9.78e-10,0.0
1973-01-07,9.78e-10,0.0
1973-01-08,9.71e-10,-0.007157464212678821
1973-01-09,9.81e-10,0.01029866117404743
1973-01-10,9.85e-10,0.004077471967380175
1973-01-11,1.005e-09,0.02030456852791862
1973-01-12,1.035e-09,0.029850746268656803
1973-01-13,1.035e-09,0.0
1973-01-14,1.035e-09,0.0
1973-01-15,1.02e-09,-0.01449275362318847
1973-01-16,1.006e-09,-0.013725490196078383
1973-01-17,1.006e-09,0.0
1973-01-18,1.004e-09,-0.001988071570576566
1973-01-19,1.01e-09,0.005976095617529875
1973-01-20,1.01e-09,0.0
1973-01-21,1.01e-09,0.0
1973-01-22,1.003e-09,-0.006930693069307048
1973-01-23,9.98e-10,-0.004985044865403632
1973-01-24,1.006e-09,0.008016032064128265
1973-01-25,1.006e-09,0.0
1973-01-26,1.006e-09,0.0
1973-01-27,1.006e-09,0.0
1973-01-28,1.006e-09,0.0
1973-01-29,1e-09,-0.005964214711729587
1973-01-30,9.93e-10,-0.007000000000000117
1973-01-31,9.93e-10,0.0
1973-02-01,9.94e-10,0.001007049345417954
1973-02-02,9.95e-10,0.001006036217303663
1973-02-03,9.95e-10,0.0
1973-02-04,9.95e-10,0.0
1973-02-05,9.85e-10,-0.01005025125628134
1973-02-06,9.68e-10,-0.01725888324873104
1973-02-07,9.58e-10,-0.010330578512396604
1973-02-08,1.001e-09,0.044885177453027
1973-02-09,1.005e-09,0.003996003996004083
1973-02-10,1.005e-09,0.0
1973-02-11,1.005e-09,0.0
1973-02-12,9.95e-10,-0.00995024875621886
1973-02-13,9.92e-10,-0.0030150753768842797
1973-02-14,9.93e-10,0.0010080645161290036
1973-02-15,9.92e-10,-0.001007049345417843
1973-02-16,9.9e-10,-0.002016129032258007
1973-02-17,9.9e-10,0.0
1973-02-18,9.9e-10,0.0
1973-02-19,9.77e-10,-0.013131313131313216
1973-02-20,9.63e-10,-0.014329580348004023
1973-02-21,9.68e-10,0.005192107995846129
1973-02-22,9.65e-10,-0.0030991735537189147
1973-02-23,9.48e-10,-0.01761658031088087
1973-02-24,9.48e-10,0.0
1973-02-25,9.48e-10,0.0
1973-02-26,9.4e-10,-0.008438818565400852
1973-02-27,9.47e-10,0.007446808510638059
1973-02-28,9.45e-10,-0.002111932418162654
1973-03-01,9.46e-10,0.0010582010582012025
1973-03-02,9.53e-10,0.007399577167019
1973-03-03,9.53e-10,0.0
1973-03-04,9.53e-10,0.0
1973-03-05,9.53e-10,0.0
1973-03-06,9.53e-10,0.0
1973-03-07,9.53e-10,0.0
1973-03-08,9.72e-10,0.019937040923399874
1973-03-09,9.59e-10,-0.01337448559670762
1973-03-10,9.59e-10,0.0
1973-03-11,9.59e-10,0.0
1973-03-12,9.53e-10,-0.006256517205422529
1973-03-13,9.43e-10,-0.01049317943336825
1973-03-14,9.33e-10,-0.010604453870625585
1973-03-15,9.21e-10,-0.012861736334405127
1973-03-16,9.13e-10,-0.00868621064060815
1973-03-17,9.13e-10,0.0
1973-03-18,9.13e-10,0.0
1973-03-19,9e-10,-0.014238773274917849
1973-03-20,9.06e-10,0.006666666666666599
1973-03-21,9.8e-10,0.08167770419426046
1973-03-22,9.59e-10,-0.02142857142857124
1973-03-23,9.5e-10,-0.009384775808133572
1973-03-24,9.5e-10,0.0
1973-03-25,9.5e-10,0.0
1973-03-26,9.78e-10,0.02947368421052632
1973-03-27,1.033e-09,0.056237218813905976
1973-03-28,1.096e-09,0.06098741529525653
1973-03-29,1.08e-09,-0.014598540145985384
1973-03-30,1.051e-09,-0.026851851851851904
1973-03-31,1.051e-09,0.0
1973-04-01,1.051e-09,0.0
1973-04-02,1.036e-09,-0.014272121788772685
1973-04-03,1.061e-09,0.02413127413127425
1973-04-04,1.078e-09,0.01602262016965139
1973-04-05,1.071e-09,-0.006493506493506551
1973-04-06,1.07e-09,-0.0009337068160596429
1973-04-07,1.07e-09,0.0
1973-04-08,1.07e-09,0.0
1973-04-09,1.082e-09,0.01121495327102795
1973-04-10,1.114e-09,0.02957486136783749
1973-04-11,1.133e-09,0.017055655296229544
1973-04-12,1.162e-09,0.02559576345984116
1973-04-13,1.164e-09,0.001721170395869276
1973-04-14,1.164e-09,0.0
1973-04-15,1.164e-09,0.0
1973-04-16,1.165e-09,0.0008591065292096189
1973-04-17,1.198e-09,0.02832618025751077
1973-04-18,1.215e-09,0.014190317195325486
1973-04-19,1.215e-09,0.0
1973-04-20,1.215e-09,0.0
1973-04-21,1.215e-09,0.0
1973-04-22,1.215e-09,0.0
1973-04-23,1.226e-09,0.009053497942386635
1973-04-24,1.257e-09,0.02528548123980423
1973-04-25,1.298e-09,0.032617342879872835
1973-04-26,1.322e-09,0.018489984591679498
1973-04-27,1.303e-09,-0.01437216338880487
1973-04-28,1.303e-09,0.0
1973-04-29,1.303e-09,0.0
1973-04-30,1.346e-09,0.03300076745970837
1973-05-01,1.346e-09,0.0
1973-05-02,1.395e-09,0.036404160475483005
1973-05-03,1.407e-09,0.008602150537634357
1973-05-04,1.439e-09,0.02274342572850041
1973-05-05,1.439e-09,0.0
1973-05-06,1.439e-09,0.0
1973-05-07,1.438e-09,-0.0006949270326616075
1973-05-08,1.335e-09,-0.07162726008344922
1973-05-09,1.345e-09,0.0074906367041198685
1973-05-10,1.329e-09,-0.011895910780669094
1973-05-11,1.265e-09,-0.0481565086531226
1973-05-12,1.265e-09,0.0
1973-05-13,1.265e-09,0.0
1973-05-14,1.176e-09,-0.07035573122529648
1973-05-15,1.27e-09,0.07993197278911546
1973-05-16,1.242e-09,-0.022047244094488105
1973-05-17,1.243e-09,0.0008051529790660261
1973-05-18,1.231e-09,-0.0096540627514079
1973-05-19,1.231e-09,0.0
1973-05-20,1.231e-09,0.0
1973-05-21,1.226e-09,-0.004061738424045558
1973-05-22,1.194e-09,-0.02610114192495916
1973-05-23,1.219e-09,0.020938023450586263
1973-05-24,1.254e-09,0.028712059064807116
1973-05-25,1.24e-09,-0.011164274322169043
1973-05-26,1.24e-09,0.0
1973-05-27,1.24e-09,0.0
1973-05-28,1.229e-09,-0.00887096774193552
1973-05-29,1.233e-09,0.0032546786004881145
1973-05-30,1.235e-09,0.0016220600162206722
1973-05-31,1.23e-09,-0.004048582995951344
1973-06-01,1.222e-09,-0.006504065040650597
1973-06-02,1.222e-09,0.0
1973-06-03,1.222e-09,0.0
1973-06-04,1.211e-09,-0.00900163666121101
1973-06-05,1.216e-09,0.004128819157720898
1973-06-06,1.251e-09,0.028782894736842035
1973-06-07,1.248e-09,-0.0023980815347720563
1973-06-08,1.239e-09,-0.007211538461538547
1973-06-09,1.239e-09,0.0
1973-06-10,1.239e-09,0.0
1973-06-11,1.231e-09,-0.006456820016142006
1973-06-12,1.23e-09,-0.0008123476848089783
1973-06-13,1.226e-09,-0.003252032520325354
1973-06-14,1.216e-09,-0.00815660685154973
1973-06-15,1.218e-09,0.00164473684210531
1973-06-16,1.218e-09,0.0
1973-06-17,1.218e-09,0.0
1973-06-18,1.201e-09,-0.013957307060755153
1973-06-19,1.183e-09,-0.01498751040799351
1973-06-20,1.202e-09,0.016060862214708482
1973-06-21,1.202e-09,0.0
1973-06-22,1.228e-09,0.021630615640599204
1973-06-23,1.228e-09,0.0
1973-06-24,1.228e-09,0.0
1973-06-25,1.224e-09,-0.0032573289902281255
1973-06-26,1.209e-09,-0.01225490196078416
1973-06-27,1.21e-09,0.0008271298593878207
1973-06-28,1.224e-09,0.01157024793388417
1973-06-29,1.218e-09,-0.004901960784313708
1973-06-30,1.218e-09,0.0
1973-07-01,1.218e-09,0.0
1973-07-02,1.199e-09,-0.015599343185549897
1973-07-03,1.189e-09,-0.00834028356964156
1973-07-04,1.198e-09,0.007569386038688064
1973-07-05,1.206e-09,0.006677796327211993
1973-07-06,1.21e-09,0.0033167495854062867
1973-07-07,1.21e-09,0.0
1973-07-08,1.21e-09,0.0
1973-07-09,1.21e-09,0.0
1973-07-10,1.217e-09,0.005785123966942196
1973-07-11,1.219e-09,0.0016433853738702098
1973-07-12,1.216e-09,-0.0024610336341264194
1973-07-13,1.206e-09,-0.008223684210526327
1973-07-14,1.206e-09,0.0
1973-07-15,1.206e-09,0.0
1973-07-16,1.191e-09,-0.01243781094527363
1973-07-17,1.216e-09,0.02099076406381184
1973-07-18,1.202e-09,-0.011513157894736836
1973-07-19,1.205e-09,0.0024958402662229595
1973-07-20,1.2e-09,-0.004149377593361092
1973-07-21,1.2e-09,0.0
1973-07-22,1.2e-09,0.0
1973-07-23,1.229e-09,0.02416666666666667
1973-07-24,1.231e-09,0.0016273393002441683
1973-07-25,1.236e-09,0.004061738424045558
1973-07-26,1.249e-09,0.010517799352750767
1973-07-27,1.274e-09,0.02001601281024823
1973-07-28,1.274e-09,0.0
1973-07-29,1.274e-09,0.0
1973-07-30,1.256e-09,-0.014128728414442682
1973-07-31,1.257e-09,0.0007961783439489611
1973-08-01,1.263e-09,0.004773269689737569
1973-08-02,1.289e-09,0.02058590657165471
1973-08-03,1.308e-09,0.014740108611326574
1973-08-04,1.308e-09,0.0
1973-08-05,1.308e-09,0.0
1973-08-06,1.305e-09,-0.002293577981651418
1973-08-07,1.3e-09,-0.003831417624520994
1973-08-08,1.294e-09,-0.004615384615384577
1973-08-09,1.283e-09,-0.008500772797527145
1973-08-10,1.288e-09,0.0038971161340608518
1973-08-11,1.288e-09,0.0
1973-08-12,1.288e-09,0.0
1973-08-13,1.285e-09,-0.0023291925465839247
1973-08-14,1.291e-09,0.0046692607003890885
1973-08-15,1.286e-09,-0.0038729666924864903
1973-08-16,1.284e-09,-0.0015552099533436836
1973-08-17,1.281e-09,-0.002336448598130758
1973-08-18,1.281e-09,0.0
1973-08-19,1.281e-09,0.0
1973-08-20,1.274e-09,-0.005464480874317057
1973-08-21,1.371e-09,0.07613814756671888
1973-08-22,1.382e-09,0.008023340627279385
1973-08-23,1.37e-09,-0.008683068017366069
1973-08-24,1.361e-09,-0.006569343065693456
1973-08-25,1.361e-09,0.0
1973-08-26,1.361e-09,0.0
1973-08-27,1.345e-09,-0.011756061719323974
1973-08-28,1.346e-09,0.0007434944237918462
1973-08-29,1.357e-09,0.008172362555720625
1973-08-30,1.361e-09,0.0029476787030213725
1973-08-31,1.37e-09,0.006612784717119791
1973-09-01,1.37e-09,0.0
1973-09-02,1.37e-09,0.0
1973-09-03,1.324e-09,-0.033576642335766405
1973-09-04,1.317e-09,-0.005287009063444148
1973-09-05,1.312e-09,-0.0037965072133636646
1973-09-06,1.328e-09,0.012195121951219523
1973-09-07,1.328e-09,0.0
1973-09-08,1.328e-09,0.0
1973-09-09,1.328e-09,0.0
1973-09-10,1.325e-09,-0.0022590361445782303
1973-09-11,1.32e-09,-0.0037735849056604875
1973-09-12,1.311e-09,-0.006818181818181834
1973-09-13,1.308e-09,-0.0022883295194506825
1973-09-14,1.302e-09,-0.004587155963302725
1973-09-15,1.302e-09,0.0
1973-09-16,1.302e-09,0.0
1973-09-17,1.304e-09,0.001536098310291889
1973-09-18,1.321e-09,0.013036809815951012
1973-09-19,1.323e-09,0.0015140045420136694
1973-09-20,1.313e-09,-0.0075585789871505105
1973-09-21,1.322e-09,0.006854531607006997
1973-09-22,1.322e-09,0.0
1973-09-23,1.322e-09,0.0
1973-09-24,1.323e-09,0.0007564296520423675
1973-09-25,1.32e-09,-0.0022675736961451642
1973-09-26,1.315e-09,-0.0037878787878788955
1973-09-27,1.318e-09,0.0022813688212928174
1973-09-28,1.332e-09,0.01062215477996964
1973-09-29,1.332e-09,0.0
1973-09-30,1.332e-09,0.0
1973-10-01,1.338e-09,0.0045045045045044585
1973-10-02,1.326e-09,-0.008968609865470767
1973-10-03,1.313e-09,-0.009803921568627527
1973-10-04,1.302e-09,-0.008377760853008231
1973-10-05,1.295e-09,-0.005376344086021612
1973-10-06,1.295e-09,0.0
1973-10-07,1.295e-09,0.0
1973-10-08,1.284e-09,-0.008494208494208566
1973-10-09,1.256e-09,-0.02180685358255441
1973-10-10,1.21e-09,-0.0366242038216561
1973-10-11,1.231e-09,0.017355371900826366
1973-10-12,1.248e-09,0.01380991064175463
1973-10-13,1.248e-09,0.0
1973-10-14,1.248e-09,0.0
1973-10-15,1.215e-09,-0.02644230769230771
1973-10-16,1.184e-09,-0.02551440329218102
1973-10-17,1.2e-09,0.013513513513513375
1973-10-18,1.215e-09,0.012499999999999956
1973-10-19,1.22e-09,0.00411522633744843
1973-10-20,1.22e-09,0.0
1973-10-21,1.22e-09,0.0
1973-10-22,1.261e-09,0.03360655737704943
1973-10-23,1.242e-09,-0.015067406819984197
1973-10-24,1.253e-09,0.008856682769726065
1973-10-25,1.23e-09,-0.018355945730247236
1973-10-26,1.225e-09,-0.004065040650406582
1973-10-27,1.225e-09,0.0
1973-10-28,1.225e-09,0.0
1973-10-29,1.217e-09,-0.0065306122448979265
1973-10-30,1.217e-09,0.0
1973-10-31,1.232e-09,0.012325390304026351
1973-11-01,1.239e-09,0.005681818181818121
1973-11-02,1.239e-09,0.0
1973-11-03,1.239e-09,0.0
1973-11-04,1.239e-09,0.0
1973-11-05,1.226e-09,-0.01049233252623083
1973-11-06,1.211e-09,-0.012234910277324484
1973-11-07,1.218e-09,0.005780346820809079
1973-11-08,1.208e-09,-0.008210180623973717
1973-11-09,1.212e-09,0.0033112582781456013
1973-11-10,1.212e-09,0.0
1973-11-11,1.212e-09,0.0
1973-11-12,1.201e-09,-0.009075907590758936
1973-11-13,1.186e-09,-0.01248959200666111
1973-11-14,1.206e-09,0.01686340640809436
1973-11-15,1.206e-09,0.0
1973-11-16,1.214e-09,0.0066334991708125735
1973-11-17,1.214e-09,0.0
1973-11-18,1.214e-09,0.0
1973-11-19,1.21e-09,-0.0032948929159801743
1973-11-20,1.212e-09,0.0016528925619834212
1973-11-21,1.205e-09,-0.005775577557755707
1973-11-22,1.218e-09,0.010788381742738551
1973-11-23,1.21e-09,-0.006568144499178974
1973-11-24,1.21e-09,0.0
1973-11-25,1.21e-09,0.0
1973-11-26,1.203e-09,-0.005785123966942085
1973-11-27,1.189e-09,-0.011637572734829682
1973-11-28,1.153e-09,-0.030277544154751812
1973-11-29,1.136e-09,-0.014744145706851675
1973-11-30,1.18e-09,0.03873239436619724
1973-12-01,1.18e-09,0.0
1973-12-02,1.18e-09,0.0
1973-12-03,1.146e-09,-0.028813559322034
1973-12-04,1.117e-09,-0.02530541012216403
1973-12-05,1.113e-09,-0.0035810205908684
1973-12-06,1.106e-09,-0.0062893081761007386
1973-12-07,1.101e-09,-0.004520795660036048
1973-12-08,1.101e-09,0.0
1973-12-09,1.101e-09,0.0
1973-12-10,1.078e-09,-0.020890099909173454
1973-12-11,1.072e-09,-0.005565862708719838
1973-12-12,1.074e-09,0.001865671641791078
1973-12-13,1.064e-09,-0.009310986964618184
1973-12-14,1.063e-09,-0.0009398496240602405
1973-12-15,1.063e-09,0.0
1973-12-16,1.063e-09,0.0
1973-12-17,1.047e-09,-0.015051740357478804
1973-12-18,1.034e-09,-0.012416427889207271
1973-12-19,9.91e-10,-0.0415860735009671
1973-12-20,9.97e-10,0.006054490413723412
1973-12-21,1.016e-09,0.01905717151454378
1973-12-22,1.016e-09,0.0
1973-12-23,1.016e-09,0.0
1973-12-24,1.016e-09,0.0
1973-12-25,1.016e-09,0.0
1973-12-26,1.073e-09,0.05610236220472431
1973-12-27,1.087e-09,0.013047530288909703
1973-12-28,1.054e-09,-0.030358785648574083
1973-12-29,1.054e-09,0.0
1973-12-30,1.054e-09,0.0
1973-12-31,1.054e-09,0.0
1974-01-01,1.054e-09,0.0
1974-01-02,1.062e-09,0.007590132827324458
1974-01-03,1.061e-09,-0.0009416195856875031
1974-01-04,1.108e-09,0.04429783223374195
1974-01-05,1.108e-09,0.0
1974-01-06,1.108e-09,0.0
1974-01-07,1.189e-09,0.07310469314079415
1974-01-08,1.256e-09,0.056349873843566156
1974-01-09,1.193e-09,-0.05015923566878988
1974-01-10,1.219e-09,0.021793797150041927
1974-01-11,1.22e-09,0.0008203445447085844
1974-01-12,1.22e-09,0.0
1974-01-13,1.22e-09,0.0
1974-01-14,1.266e-09,0.03770491803278686
1974-01-15,1.26e-09,-0.004739336492890933
1974-01-16,1.234e-09,-0.02063492063492056
1974-01-17,1.233e-09,-0.0008103727714749986
1974-01-18,1.245e-09,0.009732360097323589
1974-01-19,1.245e-09,0.0
1974-01-20,1.245e-09,0.0
1974-01-21,1.234e-09,-0.008835341365461713
1974-01-22,1.197e-09,-0.02998379254457062
1974-01-23,1.187e-09,-0.00835421888053467
1974-01-24,1.192e-09,0.004212299915754114
1974-01-25,1.192e-09,0.0
1974-01-26,1.192e-09,0.0
1974-01-27,1.192e-09,0.0
1974-01-28,1.143e-09,-0.041107382550335525
1974-01-29,1.127e-09,-0.013998250218722808
1974-01-30,1.162e-09,0.03105590062111796
1974-01-31,1.163e-09,0.000860585197934638
1974-02-01,1.163e-09,0.0
1974-02-02,1.163e-09,0.0
1974-02-03,1.163e-09,0.0
1974-02-04,1.156e-09,-0.006018916595012969
1974-02-05,1.128e-09,-0.02422145328719716
1974-02-06,1.133e-09,0.004432624113475114
1974-02-07,1.122e-09,-0.009708737864077555
1974-02-08,1.166e-09,0.039215686274509665
1974-02-09,1.166e-09,0.0
1974-02-10,1.166e-09,0.0
1974-02-11,1.148e-09,-0.015437392795883298
1974-02-12,1.156e-09,0.006968641114982521
1974-02-13,1.192e-09,0.03114186851211076
1974-02-14,1.221e-09,0.02432885906040272
1974-02-15,1.224e-09,0.002457002457002311
1974-02-16,1.224e-09,0.0
1974-02-17,1.224e-09,0.0
1974-02-18,1.218e-09,-0.004901960784313708
1974-02-19,1.239e-09,0.01724137931034475
1974-02-20,1.272e-09,0.026634382566586012
1974-02-21,1.302e-09,0.02358490566037741
1974-02-22,1.312e-09,0.007680491551459223
1974-02-23,1.312e-09,0.0
1974-02-24,1.312e-09,0.0
1974-02-25,1.312e-09,0.0
1974-02-26,1.312e-09,0.0
1974-02-27,1.312e-09,0.0
1974-02-28,1.273e-09,-0.029725609756097504
1974-03-01,1.301e-09,0.0219952867242732
1974-03-02,1.301e-09,0.0
1974-03-03,1.301e-09,0.0
1974-03-04,1.343e-09,0.03228285933897013
1974-03-05,1.342e-09,-0.0007446016381237319
1974-03-06,1.326e-09,-0.011922503725782407
1974-03-07,1.356e-09,0.022624434389140413
1974-03-08,1.381e-09,0.018436578171091567
1974-03-09,1.381e-09,0.0
1974-03-10,1.381e-09,0.0
1974-03-11,1.388e-09,0.005068790731354023
1974-03-12,1.398e-09,0.007204610951008661
1974-03-13,1.35e-09,-0.03433476394849777
1974-03-14,1.37e-09,0.014814814814814836
1974-03-15,1.354e-09,-0.011678832116788329
1974-03-16,1.354e-09,0.0
1974-03-17,1.354e-09,0.0
1974-03-18,1.312e-09,-0.03101920236336786
1974-03-19,1.315e-09,0.0022865853658535773
1974-03-20,1.435e-09,0.09125475285171114
1974-03-21,1.403e-09,-0.022299651567944223
1974-03-22,1.393e-09,-0.0071275837491090455
1974-03-23,1.393e-09,0.0
1974-03-24,1.393e-09,0.0
1974-03-25,1.427e-09,0.024407753050968983
1974-03-26,1.415e-09,-0.008409250175192673
1974-03-27,1.424e-09,0.006360424028268641
1974-03-28,1.418e-09,-0.004213483146067398
1974-03-29,1.421e-09,0.002115655853314413
1974-03-30,1.421e-09,0.0
1974-03-31,1.421e-09,0.0
1974-04-01,1.38e-09,-0.02885292047853627
1974-04-02,1.371e-09,-0.006521739130434856
1974-04-03,1.316e-09,-0.0401167031363967
1974-04-04,1.333e-09,0.012917933130699222
1974-04-05,1.318e-09,-0.011252813203300849
1974-04-06,1.318e-09,0.0
1974-04-07,1.318e-09,0.0
1974-04-08,1.284e-09,-0.025796661608497806
1974-04-09,1.263e-09,-0.01635514018691575
1974-04-10,1.276e-09,0.010292953285827355
1974-04-11,1.276e-09,0.0
1974-04-12,1.276e-09,0.0
1974-04-13,1.276e-09,0.0
1974-04-14,1.276e-09,0.0
1974-04-15,1.209e-09,-0.05250783699059547
1974-04-16,1.189e-09,-0.016542597187758634
1974-04-17,1.141e-09,-0.04037005887300238
1974-04-18,1.206e-09,0.056967572304995606
1974-04-19,1.169e-09,-0.03067993366500832
1974-04-20,1.169e-09,0.0
1974-04-21,1.169e-09,0.0
1974-04-22,1.123e-09,-0.0393498716852011
1974-04-23,1.125e-09,0.0017809439002671734
1974-04-24,1.131e-09,0.005333333333333412
1974-04-25,1.114e-09,-0.015030946065428652
1974-04-26,1.119e-09,0.004488330341112956
1974-04-27,1.119e-09,0.0
1974-04-28,1.119e-09,0.0
1974-04-29,1.131e-09,0.01072386058981234
1974-04-30,1.134e-09,0.0026525198938993633
1974-05-01,1.134e-09,0.0
1974-05-02,1.138e-09,0.003527336860670083
1974-05-03,1.163e-09,0.02196836555360293
1974-05-04,1.163e-09,0.0
1974-05-05,1.163e-09,0.0
1974-05-06,1.163e-09,0.0
1974-05-07,1.168e-09,0.004299226139294898
1974-05-08,1.195e-09,0.02311643835616417
1974-05-09,1.182e-09,-0.010878661087865948
1974-05-10,1.155e-09,-0.022842639593908642
1974-05-11,1.155e-09,0.0
1974-05-12,1.155e-09,0.0
1974-05-13,1.145e-09,-0.008658008658008587
1974-05-14,1.136e-09,-0.007860262008733687
1974-05-15,1.154e-09,0.015845070422535246
1974-05-16,1.15e-09,-0.0034662045060658286
1974-05-17,1.132e-09,-0.01565217391304341
1974-05-18,1.132e-09,0.0
1974-05-19,1.132e-09,0.0
1974-05-20,1.129e-09,-0.0026501766784453595
1974-05-21,1.127e-09,-0.001771479185119551
1974-05-22,1.114e-09,-0.01153504880212941
1974-05-23,1.102e-09,-0.010771992818671583
1974-05-24,1.094e-09,-0.007259528130671433
1974-05-25,1.094e-09,0.0
1974-05-26,1.094e-09,0.0
1974-05-27,1.089e-09,-0.00457038391224851
1974-05-28,1.091e-09,0.0018365472910928382
1974-05-29,1.078e-09,-0.01191567369385893
1974-05-30,1.075e-09,-0.00278293135436003
1974-05-31,1.082e-09,0.006511627906976791
1974-06-01,1.082e-09,0.0
1974-06-02,1.082e-09,0.0
1974-06-03,1.124e-09,0.038817005545286554
1974-06-04,1.11e-09,-0.01245551601423478
1974-06-05,1.125e-09,0.013513513513513375
1974-06-06,1.127e-09,0.001777777777777878
1974-06-07,1.136e-09,0.007985803016858917
1974-06-08,1.136e-09,0.0
1974-06-09,1.136e-09,0.0
1974-06-10,1.134e-09,-0.0017605633802816323
1974-06-11,1.119e-09,-0.013227513227513255
1974-06-12,1.117e-09,-0.0017873100983020196
1974-06-13,1.117e-09,0.0
1974-06-14,1.125e-09,0.0071620411817368
1974-06-15,1.125e-09,0.0
1974-06-16,1.125e-09,0.0
1974-06-17,1.116e-09,-0.007999999999999896
1974-06-18,1.117e-09,0.0008960573476701761
1974-06-19,1.108e-09,-0.008057296329453734
1974-06-20,1.104e-09,-0.00361010830324926
1974-06-21,1.1e-09,-0.0036231884057971175
1974-06-22,1.1e-09,0.0
1974-06-23,1.1e-09,0.0
1974-06-24,1.094e-09,-0.00545454545454549
1974-06-25,1.072e-09,-0.02010968921389389
1974-06-26,1.065e-09,-0.006529850746268773
1974-06-27,1.087e-09,0.020657276995305285
1974-06-28,1.079e-09,-0.007359705611775458
1974-06-29,1.079e-09,0.0
1974-06-30,1.079e-09,0.0
1974-07-01,1.072e-09,-0.006487488415199305
1974-07-02,1.076e-09,0.003731343283582156
1974-07-03,1.076e-09,0.0
1974-07-04,1.107e-09,0.028810408921932984
1974-07-05,1.086e-09,-0.01897018970189701
1974-07-06,1.086e-09,0.0
1974-07-07,1.086e-09,0.0
1974-07-08,1.091e-09,0.004604051565377576
1974-07-09,1.081e-09,-0.009165902841429818
1974-07-10,1.085e-09,0.0037002775208141436
1974-07-11,1.109e-09,0.022119815668202758
1974-07-12,1.131e-09,0.019837691614066566
1974-07-13,1.131e-09,0.0
1974-07-14,1.131e-09,0.0
1974-07-15,1.154e-09,0.020335985853227267
1974-07-16,1.196e-09,0.036395147313691645
1974-07-17,1.187e-09,-0.007525083612040184
1974-07-18,1.208e-09,0.017691659646166924
1974-07-19,1.224e-09,0.013245033112582627
1974-07-20,1.224e-09,0.0
1974-07-21,1.224e-09,0.0
1974-07-22,1.271e-09,0.0383986928104576
1974-07-23,1.234e-09,-0.029110936270652976
1974-07-24,1.224e-09,-0.008103727714748876
1974-07-25,1.192e-09,-0.02614379084967311
1974-07-26,1.174e-09,-0.015100671140939492
1974-07-27,1.174e-09,0.0
1974-07-28,1.174e-09,0.0
1974-07-29,1.156e-09,-0.015332197614991605
1974-07-30,1.192e-09,0.03114186851211076
1974-07-31,1.231e-09,0.032718120805369066
1974-08-01,1.224e-09,-0.005686433793663737
1974-08-02,1.233e-09,0.007352941176470562
1974-08-03,1.233e-09,0.0
1974-08-04,1.233e-09,0.0
1974-08-05,1.23e-09,-0.0024330900243307862
1974-08-06,1.23e-09,0.0
1974-08-07,1.243e-09,0.010569105691056846
1974-08-08,1.249e-09,0.00482703137570395
1974-08-09,1.231e-09,-0.014411529223378627
1974-08-10,1.231e-09,0.0
1974-08-11,1.231e-09,0.0
1974-08-12,1.22e-09,-0.008935824532900094
1974-08-13,1.231e-09,0.00901639344262306
1974-08-14,1.234e-09,0.002437043054427379
1974-08-15,1.227e-09,-0.005672609400324213
1974-08-16,1.233e-09,0.004889975550122161
1974-08-17,1.233e-09,0.0
1974-08-18,1.233e-09,0.0
1974-08-19,1.231e-09,-0.0016220600162205612
1974-08-20,1.222e-09,-0.007311129163281915
1974-08-21,1.246e-09,0.019639934533551617
1974-08-22,1.246e-09,0.0
1974-08-23,1.237e-09,-0.007223113964687111
1974-08-24,1.237e-09,0.0
1974-08-25,1.237e-09,0.0
1974-08-26,1.233e-09,-0.003233629749393674
1974-08-27,1.228e-09,-0.004055150040551347
1974-08-28,1.209e-09,-0.015472312703583069
1974-08-29,1.217e-09,0.006617038875103454
1974-08-30,1.225e-09,0.006573541495480617
1974-08-31,1.225e-09,0.0
1974-09-01,1.225e-09,0.0
1974-09-02,1.211e-09,-0.011428571428571344
1974-09-03,1.2e-09,-0.009083402146985997
1974-09-04,1.191e-09,-0.007500000000000062
1974-09-05,1.173e-09,-0.015113350125944502
1974-09-06,1.163e-09,-0.008525149190110826
1974-09-07,1.163e-09,0.0
1974-09-08,1.163e-09,0.0
1974-09-09,1.098e-09,-0.05588993981083412
1974-09-10,1.114e-09,0.014571948998178597
1974-09-11,1.089e-09,-0.022441651705565557
1974-09-12,1.04e-09,-0.04499540863177243
1974-09-13,1.063e-09,0.022115384615384537
1974-09-14,1.063e-09,0.0
1974-09-15,1.063e-09,0.0
1974-09-16,1.111e-09,0.045155221072436635
1974-09-17,1.13e-09,0.017101710171017137
1974-09-18,1.109e-09,-0.018584070796460184
1974-09-19,1.114e-09,0.004508566275924331
1974-09-20,1.093e-09,-0.018850987432675104
1974-09-21,1.093e-09,0.0
1974-09-22,1.093e-09,0.0
1974-09-23,1.068e-09,-0.02287282708142724
1974-09-24,1.045e-09,-0.021535580524344566
1974-09-25,1.052e-09,0.006698564593301537
1974-09-26,1.058e-09,0.005703422053231932
1974-09-27,1.065e-09,0.006616257088846833
1974-09-28,1.065e-09,0.0
1974-09-29,1.065e-09,0.0
1974-09-30,1.072e-09,0.0065727699530517825
1974-10-01,1.058e-09,-0.013059701492537323
1974-10-02,1.035e-09,-0.021739130434782594
1974-10-03,1.025e-09,-0.009661835748792202
1974-10-04,1.021e-09,-0.0039024390243902474
1974-10-05,1.021e-09,0.0
1974-10-06,1.021e-09,0.0
1974-10-07,9.91e-10,-0.02938295788442713
1974-10-08,9.88e-10,-0.003027245206861817
1974-10-09,9.99e-10,0.011133603238866474
1974-10-10,1.005e-09,0.006006006006006093
1974-10-11,1.001e-09,-0.003980099502487566
1974-10-12,1.001e-09,0.0
1974-10-13,1.001e-09,0.0
1974-10-14,9.94e-10,-0.006993006993006867
1974-10-15,9.99e-10,0.005030181086518981
1974-10-16,1.003e-09,0.004004004004003914
1974-10-17,1.004e-09,0.0009970089730808596
1974-10-18,1.001e-09,-0.0029880478087650486
1974-10-19,1.001e-09,0.0
1974-10-20,1.001e-09,0.0
1974-10-21,9.88e-10,-0.012987012987012991
1974-10-22,9.75e-10,-0.013157894736841924
1974-10-23,9.73e-10,-0.002051282051282022
1974-10-24,9.74e-10,0.0010277492291879131
1974-10-25,1.023e-09,0.050308008213552524
1974-10-26,1.023e-09,0.0
1974-10-27,1.023e-09,0.0
1974-10-28,1.014e-09,-0.008797653958944385
1974-10-29,1e-09,-0.013806706114398382
1974-10-30,1.007e-09,0.006999999999999895
1974-10-31,1.028e-09,0.020854021847070525
1974-11-01,1.02e-09,-0.0077821011673151474
1974-11-02,1.02e-09,0.0
1974-11-03,1.02e-09,0.0
1974-11-04,1.019e-09,-0.0009803921568626306
1974-11-05,1.042e-09,0.02257114818449435
1974-11-06,1.043e-09,0.0009596928982726904
1974-11-07,1.038e-09,-0.004793863854266611
1974-11-08,1.081e-09,0.04142581888246655
1974-11-09,1.081e-09,0.0
1974-11-10,1.081e-09,0.0
1974-11-11,1.096e-09,0.013876040703052483
1974-11-12,1.071e-09,-0.022810218978102204
1974-11-13,1.068e-09,-0.0028011204481791507
1974-11-14,1.072e-09,0.0037453183520599342
1974-11-15,1.072e-09,0.0
1974-11-16,1.072e-09,0.0
1974-11-17,1.072e-09,0.0
1974-11-18,1.074e-09,0.001865671641791078
1974-11-19,1.083e-09,0.008379888268156499
1974-11-20,1.099e-09,0.014773776546629591
1974-11-21,1.109e-09,0.009099181073703333
1974-11-22,1.105e-09,-0.0036068530207393756
1974-11-23,1.105e-09,0.0
1974-11-24,1.105e-09,0.0
1974-11-25,1.119e-09,0.012669683257918507
1974-11-26,1.112e-09,-0.006255585344057124
1974-11-27,1.154e-09,0.037769784172661636
1974-11-28,1.178e-09,0.020797227036395194
1974-11-29,1.205e-09,0.022920203735144362
1974-11-30,1.205e-09,0.0
1974-12-01,1.205e-09,0.0
1974-12-02,1.437e-09,0.19253112033194997
1974-12-03,1.459e-09,0.015309672929714857
1974-12-04,1.53e-09,0.04866346812885536
1974-12-05,1.501e-09,-0.018954248366013116
1974-12-06,1.496e-09,-0.0033311125916056783
1974-12-07,1.496e-09,0.0
1974-12-08,1.496e-09,0.0
1974-12-09,1.367e-09,-0.08622994652406424
1974-12-10,1.349e-09,-0.013167520117044584
1974-12-11,1.404e-09,0.04077094143810234
1974-12-12,1.346e-09,-0.04131054131054135
1974-12-13,1.386e-09,0.029717682020802494
1974-12-14,1.386e-09,0.0
1974-12-15,1.386e-09,0.0
1974-12-16,1.414e-09,0.020202020202020332
1974-12-17,1.405e-09,-0.006364922206506418
1974-12-18,1.382e-09,-0.016370106761565806
1974-12-19,1.339e-09,-0.03111432706222861
1974-12-20,1.365e-09,0.01941747572815533
1974-12-21,1.365e-09,0.0
1974-12-22,1.365e-09,0.0
1974-12-23,1.373e-09,0.00586080586080584
1974-12-24,1.373e-09,0.0
1974-12-25,1.373e-09,0.0
1974-12-26,1.446e-09,0.05316824471959225
1974-12-27,1.453e-09,0.004840940525587811
1974-12-28,1.453e-09,0.0
1974-12-29,1.453e-09,0.0
1974-12-30,1.441e-09,-0.008258774948382674
1974-12-31,1.441e-09,0.0
1975-01-01,1.441e-09,0.0
1975-01-02,1.412e-09,-0.02012491325468424
1975-01-03,1.45e-09,0.026912181303116123
1975-01-04,1.45e-09,0.0
1975-01-05,1.45e-09,0.0
1975-01-06,1.482e-09,0.022068965517241468
1975-01-07,1.483e-09,0.0006747638326585204
1975-01-08,1.512e-09,0.019554956169925752
1975-01-09,1.563e-09,0.03373015873015883
1975-01-10,1.544e-09,-0.012156110044785673
1975-01-11,1.544e-09,0.0
1975-01-12,1.544e-09,0.0
1975-01-13,1.537e-09,-0.0045336787564767
1975-01-14,1.5569999999999999e-09,0.013012361743656387
1975-01-15,1.526e-09,-0.019910083493898556
1975-01-16,1.505e-09,-0.013761467889908174
1975-01-17,1.508e-09,0.001993355481727521
1975-01-18,1.508e-09,0.0
1975-01-19,1.508e-09,0.0
1975-01-20,1.513e-09,0.003315649867374093
1975-01-21,1.491e-09,-0.014540647719762156
1975-01-22,1.462e-09,-0.019450033534540556
1975-01-23,1.434e-09,-0.019151846785225635
1975-01-24,1.439e-09,0.0034867503486750717
1975-01-25,1.439e-09,0.0
1975-01-26,1.439e-09,0.0
1975-01-27,1.413e-09,-0.018068102849200907
1975-01-28,1.43e-09,0.012031139419674375
1975-01-29,1.46e-09,0.020979020979020824
1975-01-30,1.473e-09,0.008904109589041198
1975-01-31,1.471e-09,-0.0013577732518669228
1975-02-01,1.471e-09,0.0
1975-02-02,1.471e-09,0.0
1975-02-03,1.454e-09,-0.011556764106050332
1975-02-04,1.459e-09,0.003438789546079901
1975-02-05,1.436e-09,-0.015764222069910905
1975-02-06,1.448e-09,0.00835654596100266
1975-02-07,1.467e-09,0.013121546961325947
1975-02-08,1.467e-09,0.0
1975-02-09,1.467e-09,0.0
1975-02-10,1.467e-09,0.0
1975-02-11,1.467e-09,0.0
1975-02-12,1.467e-09,0.0
1975-02-13,1.452e-09,-0.010224948875255713
1975-02-14,1.481e-09,0.019972451790633672
1975-02-15,1.481e-09,0.0
1975-02-16,1.481e-09,0.0
1975-02-17,1.474e-09,-0.004726536124240344
1975-02-18,1.462e-09,-0.008141112618724633
1975-02-19,1.47e-09,0.005471956224350372
1975-02-20,1.484e-09,0.00952380952380949
1975-02-21,1.48e-09,-0.0026954177897573484
1975-02-22,1.48e-09,0.0
1975-02-23,1.48e-09,0.0
1975-02-24,1.465e-09,-0.010135135135135198
1975-02-25,1.452e-09,-0.00887372013651877
1975-02-26,1.44e-09,-0.008264462809917328
1975-02-27,1.437e-09,-0.002083333333333437
1975-02-28,1.451e-09,0.009742519137091232
1975-03-01,1.451e-09,0.0
1975-03-02,1.451e-09,0.0
1975-03-03,1.454e-09,0.002067539627842896
1975-03-04,1.441e-09,-0.008940852819807277
1975-03-05,1.435e-09,-0.004163775156141747
1975-03-06,1.451e-09,0.011149825783972167
1975-03-07,1.469e-09,0.012405237767057153
1975-03-08,1.469e-09,0.0
1975-03-09,1.469e-09,0.0
1975-03-10,1.495e-09,0.017699115044247815
1975-03-11,1.51e-09,0.010033444816053505
1975-03-12,1.487e-09,-0.015231788079470232
1975-03-13,1.508e-09,0.014122394082044298
1975-03-14,1.491e-09,-0.011273209549071628
1975-03-15,1.491e-09,0.0
1975-03-16,1.491e-09,0.0
1975-03-17,1.481e-09,-0.0067069081153587895
1975-03-18,1.471e-09,-0.006752194463200523
1975-03-19,1.466e-09,-0.003399048266485405
1975-03-20,1.458e-09,-0.00545702592087316
1975-03-21,1.457e-09,-0.000685871056241405
1975-03-22,1.457e-09,0.0
1975-03-23,1.457e-09,0.0
1975-03-24,1.446e-09,-0.007549759780370646
1975-03-25,1.448e-09,0.0013831258644536604
1975-03-26,1.456e-09,0.0055248618784529135
1975-03-27,1.456e-09,0.0
1975-03-28,1.456e-09,0.0
1975-03-29,1.456e-09,0.0
1975-03-30,1.456e-09,0.0
1975-03-31,1.455e-09,-0.0006868131868130734
1975-04-01,1.442e-09,-0.008934707903780148
1975-04-02,1.434e-09,-0.00554785020804438
1975-04-03,1.427e-09,-0.004881450488145145
1975-04-04,1.41e-09,-0.011913104414856268
1975-04-05,1.41e-09,0.0
1975-04-06,1.41e-09,0.0
1975-04-07,1.412e-09,0.0014184397163119478
1975-04-08,1.429e-09,0.01203966005665702
1975-04-09,1.433e-09,0.002799160251924393
1975-04-10,1.415e-09,-0.012561060711793415
1975-04-11,1.417e-09,0.001413427561837377
1975-04-12,1.417e-09,0.0
1975-04-13,1.417e-09,0.0
1975-04-14,1.398e-09,-0.013408609738885024
1975-04-15,1.379e-09,-0.013590844062946972
1975-04-16,1.384e-09,0.0036258158085569203
1975-04-17,1.39e-09,0.004335260115607031
1975-04-18,1.392e-09,0.0014388489208632116
1975-04-19,1.392e-09,0.0
1975-04-20,1.392e-09,0.0
1975-04-21,1.392e-09,0.0
1975-04-22,1.406e-09,0.010057471264367734
1975-04-23,1.419e-09,0.009246088193456625
1975-04-24,1.421e-09,0.0014094432699083281
1975-04-25,1.422e-09,0.0007037297677692234
1975-04-26,1.422e-09,0.0
1975-04-27,1.422e-09,0.0
1975-04-28,1.453e-09,0.021800281293952173
1975-04-29,1.481e-09,0.019270474879559574
1975-04-30,1.468e-09,-0.00877785280216059
1975-05-01,1.468e-09,0.0
1975-05-02,1.467e-09,-0.0006811989100817817
1975-05-03,1.467e-09,0.0
1975-05-04,1.467e-09,0.0
1975-05-05,1.444e-09,-0.015678254942058656
1975-05-06,1.489e-09,0.03116343490304696
1975-05-07,1.509e-09,0.01343183344526544
1975-05-08,1.55e-09,0.02717031146454607
1975-05-09,1.566e-09,0.010322580645161228
1975-05-10,1.566e-09,0.0
1975-05-11,1.566e-09,0.0
1975-05-12,1.653e-09,0.05555555555555558
1975-05-13,1.619e-09,-0.020568663036902524
1975-05-14,1.593e-09,-0.016059295861643008
1975-05-15,1.575e-09,-0.011299435028248594
1975-05-16,1.565e-09,-0.006349206349206327
1975-05-17,1.565e-09,0.0
1975-05-18,1.565e-09,0.0
1975-05-19,1.533e-09,-0.020447284345047945
1975-05-20,1.54e-09,0.004566210045662045
1975-05-21,1.5569999999999999e-09,0.01103896103896096
1975-05-22,1.595e-09,0.02440590879897253
1975-05-23,1.588e-09,-0.004388714733542187
1975-05-24,1.588e-09,0.0
1975-05-25,1.588e-09,0.0
1975-05-26,1.588e-09,0.0
1975-05-27,1.61e-09,0.013853904282115748
1975-05-28,1.629e-09,0.011801242236024967
1975-05-29,1.629e-09,0.0
1975-05-30,1.676e-09,0.028852056476365906
1975-05-31,1.676e-09,0.0
1975-06-01,1.676e-09,0.0
1975-06-02,1.658e-09,-0.010739856801909253
1975-06-03,1.696e-09,0.022919179734619988
1975-06-04,1.747e-09,0.030070754716981174
1975-06-05,1.762e-09,0.00858614768173993
1975-06-06,1.818e-09,0.03178206583427934
1975-06-07,1.818e-09,0.0
1975-06-08,1.818e-09,0.0
1975-06-09,1.85e-09,0.017601760176017667
1975-06-10,1.801e-09,-0.026486486486486438
1975-06-11,1.815e-09,0.007773459189339249
1975-06-12,1.809e-09,-0.0033057851239669533
1975-06-13,1.817e-09,0.004422332780541716
1975-06-14,1.817e-09,0.0
1975-06-15,1.817e-09,0.0
1975-06-16,1.882e-09,0.03577325261419917
1975-06-17,1.926e-09,0.023379383634431594
1975-06-18,1.978e-09,0.02699896157840076
1975-06-19,1.933e-09,-0.02275025278058651
1975-06-20,1.979e-09,0.02379720641489924
1975-06-21,1.979e-09,0.0
1975-06-22,1.979e-09,0.0
1975-06-23,2.049e-09,0.035371399696816574
1975-06-24,2.102e-09,0.025866276232308527
1975-06-25,2.074e-09,-0.013320647002854402
1975-06-26,2.105e-09,0.01494696239151394
1975-06-27,2.156e-09,0.02422802850356298
1975-06-28,2.156e-09,0.0
1975-06-29,2.156e-09,0.0
1975-06-30,2.186e-09,0.013914656771799594
1975-07-01,2.222e-09,0.01646843549862753
1975-07-02,2.346e-09,0.055805580558055734
1975-07-03,2.407e-09,0.026001705029838007
1975-07-04,2.229e-09,-0.07395097631906933
1975-07-05,2.229e-09,0.0
1975-07-06,2.229e-09,0.0
1975-07-07,2.202e-09,-0.012113055181695809
1975-07-08,2.267e-09,0.029518619436875504
1975-07-09,2.247e-09,-0.008822232024702226
1975-07-10,2.236e-09,-0.004895416110369366
1975-07-11,2.302e-09,0.02951699463327362
1975-07-12,2.302e-09,0.0
1975-07-13,2.302e-09,0.0
1975-07-14,2.345e-09,0.018679409209383158
1975-07-15,2.361e-09,0.006823027718550145
1975-07-16,2.388e-09,0.011435832274459878
1975-07-17,2.447e-09,0.024706867671691723
1975-07-18,2.491e-09,0.017981201471189312
1975-07-19,2.491e-09,0.0
1975-07-20,2.491e-09,0.0
1975-07-21,2.431e-09,-0.02408671216378977
1975-07-22,2.476e-09,0.018510900863841995
1975-07-23,2.473e-09,-0.0012116316639741997
1975-07-24,2.51e-09,0.014961585119288134
1975-07-25,2.482e-09,-0.011155378486055745
1975-07-26,2.482e-09,0.0
1975-07-27,2.482e-09,0.0
1975-07-28,2.441e-09,-0.016518936341659907
1975-07-29,2.404e-09,-0.015157722244981686
1975-07-30,2.372e-09,-0.01331114808652245
1975-07-31,2.399e-09,0.011382799325463822
1975-08-01,2.395e-09,-0.0016673614005835447
1975-08-02,2.395e-09,0.0
1975-08-03,2.395e-09,0.0
1975-08-04,2.298e-09,-0.040501043841336126
1975-08-05,2.334e-09,0.015665796344647376
1975-08-06,2.332e-09,-0.0008568980291345785
1975-08-07,2.305e-09,-0.011578044596912473
1975-08-08,2.299e-09,-0.0026030368763556577
1975-08-09,2.299e-09,0.0
1975-08-10,2.299e-09,0.0
1975-08-11,2.244e-09,-0.02392344497607657
1975-08-12,2.216e-09,-0.012477718360071277
1975-08-13,2.264e-09,0.02166064981949445
1975-08-14,2.311e-09,0.020759717314487558
1975-08-15,2.322e-09,0.004759844223279908
1975-08-16,2.322e-09,0.0
1975-08-17,2.322e-09,0.0
1975-08-18,2.314e-09,-0.003445305770887197
1975-08-19,2.337e-09,0.009939498703543714
1975-08-20,2.338e-09,0.00042789901583217826
1975-08-21,2.304e-09,-0.014542343883661268
1975-08-22,2.272e-09,-0.01388888888888884
1975-08-23,2.272e-09,0.0
1975-08-24,2.272e-09,0.0
1975-08-25,2.237e-09,-0.015404929577464754
1975-08-26,2.193e-09,-0.019669199821188976
1975-08-27,2.141e-09,-0.02371181030551761
1975-08-28,2.17e-09,0.013545072396076607
1975-08-29,2.106e-09,-0.029493087557603825
1975-08-30,2.106e-09,0.0
1975-08-31,2.106e-09,0.0
1975-09-01,2.039e-09,-0.03181386514719842
1975-09-02,2.012e-09,-0.013241785188818023
1975-09-03,2.124e-09,0.055666003976143186
1975-09-04,2.125e-09,0.00047080979284364055
1975-09-05,2.075e-09,-0.02352941176470591
1975-09-06,2.075e-09,0.0
1975-09-07,2.075e-09,0.0
1975-09-08,2.039e-09,-0.01734939759036136
1975-09-09,2.008e-09,-0.015203531142716997
1975-09-10,2.06e-09,0.02589641434262946
1975-09-11,2.044e-09,-0.007766990291262155
1975-09-12,2.059e-09,0.007338551859099818
1975-09-13,2.059e-09,0.0
1975-09-14,2.059e-09,0.0
1975-09-15,2.061e-09,0.0009713453132587091
1975-09-16,2.075e-09,0.00679281901989337
1975-09-17,2.095e-09,0.009638554216867545
1975-09-18,2.063e-09,-0.015274463007159844
1975-09-19,2.07e-09,0.0033931168201648543
1975-09-20,2.07e-09,0.0
1975-09-21,2.07e-09,0.0
1975-09-22,2.09e-09,0.009661835748792313
1975-09-23,2.124e-09,0.01626794258373221
1975-09-24,2.118e-09,-0.0028248587570622874
1975-09-25,2.118e-09,0.0
1975-09-26,2.176e-09,0.02738432483474984
1975-09-27,2.176e-09,0.0
1975-09-28,2.176e-09,0.0
1975-09-29,2.265e-09,0.04090073529411775
1975-09-30,2.282e-09,0.0075055187637971255
1975-10-01,2.328e-09,0.02015775635407513
1975-10-02,2.326e-09,-0.0008591065292095079
1975-10-03,2.286e-09,-0.017196904557179593
1975-10-04,2.286e-09,0.0
1975-10-05,2.286e-09,0.0
1975-10-06,2.262e-09,-0.010498687664042161
1975-10-07,2.249e-09,-0.005747126436781547
1975-10-08,2.257e-09,0.0035571365051134674
1975-10-09,2.254e-09,-0.0013291980505095724
1975-10-10,2.182e-09,-0.031943212067435556
1975-10-11,2.182e-09,0.0
1975-10-12,2.182e-09,0.0
1975-10-13,2.132e-09,-0.022914757103574712
1975-10-14,2.159e-09,0.012664165103189573
1975-10-15,2.109e-09,-0.02315886984715143
1975-10-16,2.114e-09,0.0023707918444759724
1975-10-17,2.099e-09,-0.007095553453169368
1975-10-18,2.099e-09,0.0
1975-10-19,2.099e-09,0.0
1975-10-20,2.108e-09,0.004287756074321303
1975-10-21,2.111e-09,0.0014231499051231555
1975-10-22,2.095e-09,-0.007579346281383237
1975-10-23,2.094e-09,-0.0004773269689737347
1975-10-24,2.103e-09,0.004297994269340855
1975-10-25,2.103e-09,0.0
1975-10-26,2.103e-09,0.0
1975-10-27,2.079e-09,-0.011412268188302432
1975-10-28,2.078e-09,-0.00048100048100041537
1975-10-29,2.116e-09,0.018286814244465877
1975-10-30,2.116e-09,0.0
1975-10-31,2.124e-09,0.003780718336483968
1975-11-01,2.124e-09,0.0
1975-11-02,2.124e-09,0.0
1975-11-03,2.101e-09,-0.010828625235404954
1975-11-04,2.09e-09,-0.005235602094240899
1975-11-05,2.121e-09,0.01483253588516753
1975-11-06,2.149e-09,0.013201320132013139
1975-11-07,2.174e-09,0.011633317822242972
1975-11-08,2.174e-09,0.0
1975-11-09,2.174e-09,0.0
1975-11-10,2.145e-09,-0.013339466421343205
1975-11-11,2.194e-09,0.022843822843822803
1975-11-12,2.173e-09,-0.009571558796718449
1975-11-13,2.164e-09,-0.004141739530602817
1975-11-14,2.139e-09,-0.011552680221811329
1975-11-15,2.139e-09,0.0
1975-11-16,2.139e-09,0.0
1975-11-17,2.144e-09,0.002337540906965918
1975-11-18,2.156e-09,0.005597014925373012
1975-11-19,2.132e-09,-0.011131725417439675
1975-11-20,2.119e-09,-0.0060975609756098725
1975-11-21,2.102e-09,-0.008022652194431212
1975-11-22,2.102e-09,0.0
1975-11-23,2.102e-09,0.0
1975-11-24,2.074e-09,-0.013320647002854402
1975-11-25,2.044e-09,-0.014464802314368419
1975-11-26,2.066e-09,0.010763209393346518
1975-11-27,2.05e-09,-0.007744433688286478
1975-11-28,2.039e-09,-0.00536585365853659
1975-11-29,2.039e-09,0.0
1975-11-30,2.039e-09,0.0
1975-12-01,2e-09,-0.019127023050514946
1975-12-02,2.013e-09,0.00649999999999995
1975-12-03,1.972e-09,-0.02036761053154501
1975-12-04,1.967e-09,-0.002535496957403627
1975-12-05,1.978e-09,0.005592272496187212
1975-12-06,1.978e-09,0.0
1975-12-07,1.978e-09,0.0
1975-12-08,1.971e-09,-0.003538928210313541
1975-12-09,1.94e-09,-0.01572805682394718
1975-12-10,1.91e-09,-0.015463917525773252
1975-12-11,1.869e-09,-0.021465968586387274
1975-12-12,1.871e-09,0.0010700909577312512
1975-12-13,1.871e-09,0.0
1975-12-14,1.871e-09,0.0
1975-12-15,1.852e-09,-0.010154997327632143
1975-12-16,1.826e-09,-0.01403887688984884
1975-12-17,1.835e-09,0.004928806133625452
1975-12-18,1.865e-09,0.016348773841961872
1975-12-19,1.906e-09,0.021983914209115163
1975-12-20,1.906e-09,0.0
1975-12-21,1.906e-09,0.0
1975-12-22,1.949e-09,0.022560335781742102
1975-12-23,1.915e-09,-0.017444843509492047
1975-12-24,1.915e-09,0.0
1975-12-25,1.915e-09,0.0
1975-12-26,1.915e-09,0.0
1975-12-27,1.915e-09,0.0
1975-12-28,1.915e-09,0.0
1975-12-29,1.958e-09,0.022454308093994735
1975-12-30,1.943e-09,-0.007660878447395381
1975-12-31,1.943e-09,0.0
1976-01-01,1.943e-09,0.0
1976-01-02,1.943e-09,0.0
1976-01-03,1.943e-09,0.0
1976-01-04,1.943e-09,0.0
1976-01-05,1.971e-09,0.014410705095213583
1976-01-06,2.006e-09,0.017757483510908223
1976-01-07,2.074e-09,0.033898305084745894
1976-01-08,2.051e-09,-0.011089681774349103
1976-01-09,2.087e-09,0.017552413456850324
1976-01-10,2.087e-09,0.0
1976-01-11,2.087e-09,0.0
1976-01-12,2.065e-09,-0.010541447053186492
1976-01-13,2.045e-09,-0.009685230024213065
1976-01-14,2.075e-09,0.014669926650366705
1976-01-15,2.095e-09,0.009638554216867545
1976-01-16,2.187e-09,0.043914081145584705
1976-01-17,2.187e-09,0.0
1976-01-18,2.187e-09,0.0
1976-01-19,2.211e-09,0.010973936899862702
1976-01-20,2.245e-09,0.015377657168702097
1976-01-21,2.279e-09,0.01514476614699345
1976-01-22,2.245e-09,-0.01491882404563405
1976-01-23,2.216e-09,-0.012917594654788367
1976-01-24,2.216e-09,0.0
1976-01-25,2.216e-09,0.0
1976-01-26,2.28e-09,0.028880866425992746
1976-01-27,2.298e-09,0.007894736842105399
1976-01-28,2.288e-09,-0.004351610095735481
1976-01-29,2.322e-09,0.01486013986014001
1976-01-30,2.34e-09,0.007751937984496138
1976-01-31,2.34e-09,0.0
1976-02-01,2.34e-09,0.0
1976-02-02,2.349e-09,0.0038461538461538325
1976-02-03,2.294e-09,-0.023414218816517618
1976-02-04,2.242e-09,-0.022667829119442096
1976-02-05,2.266e-09,0.01070472792149868
1976-02-06,2.289e-09,0.01015004413062659
1976-02-07,2.289e-09,0.0
1976-02-08,2.289e-09,0.0
1976-02-09,2.263e-09,-0.011358671909130535
1976-02-10,2.251e-09,-0.005302695536897883
1976-02-11,2.248e-09,-0.0013327410039982723
1976-02-12,2.294e-09,0.020462633451957313
1976-02-13,2.28e-09,-0.006102877070619073
1976-02-14,2.28e-09,0.0
1976-02-15,2.28e-09,0.0
1976-02-16,2.271e-09,-0.003947368421052588
1976-02-17,2.258e-09,-0.005724350506384979
1976-02-18,2.286e-09,0.01240035429583708
1976-02-19,2.323e-09,0.016185476815397948
1976-02-20,2.335e-09,0.00516573396470088
1976-02-21,2.335e-09,0.0
1976-02-22,2.335e-09,0.0
1976-02-23,2.334e-09,-0.0004282655246252709
1976-02-24,2.37e-09,0.015424164524421524
1976-02-25,2.418e-09,0.020253164556962133
1976-02-26,2.389e-09,-0.011993382961124954
1976-02-27,2.426e-09,0.015487651737128516
1976-02-28,2.426e-09,0.0
1976-02-29,2.426e-09,0.0
1976-03-01,2.426e-09,0.0
1976-03-02,2.426e-09,0.0
1976-03-03,2.426e-09,0.0
1976-03-04,2.461e-09,0.014427040395713187
1976-03-05,2.462e-09,0.00040633888663133
1976-03-06,2.462e-09,0.0
1976-03-07,2.462e-09,0.0
1976-03-08,2.448e-09,-0.005686433793663737
1976-03-09,2.435e-09,-0.00531045751633985
1976-03-10,2.432e-09,-0.001232032854209475
1976-03-11,2.379e-09,-0.02179276315789458
1976-03-12,2.345e-09,-0.01429171920975203
1976-03-13,2.345e-09,0.0
1976-03-14,2.345e-09,0.0
1976-03-15,2.254e-09,-0.0388059701492538
1976-03-16,2.278e-09,0.010647737355812037
1976-03-17,2.238e-09,-0.017559262510974616
1976-03-18,2.147e-09,-0.04066130473637164
1976-03-19,2.223e-09,0.03539823008849541
1976-03-20,2.223e-09,0.0
1976-03-21,2.223e-09,0.0
1976-03-22,2.183e-09,-0.017993702204228468
1976-03-23,2.198e-09,0.006871278057718699
1976-03-24,2.196e-09,-0.0009099181073703999
1976-03-25,2.211e-09,0.006830601092896238
1976-03-26,2.224e-09,0.00587969244685671
1976-03-27,2.224e-09,0.0
1976-03-28,2.224e-09,0.0
1976-03-29,2.194e-09,-0.013489208633093552
1976-03-30,2.16e-09,-0.015496809480401108
1976-03-31,2.154e-09,-0.002777777777777879
1976-04-01,2.159e-09,0.002321262766945331
1976-04-02,2.125e-09,-0.015748031496063075
1976-04-03,2.125e-09,0.0
1976-04-04,2.125e-09,0.0
1976-04-05,2.133e-09,0.0037647058823528923
1976-04-06,2.134e-09,0.00046882325363339916
1976-04-07,2.168e-09,0.015932521087160367
1976-04-08,2.169e-09,0.00046125461254598044
1976-04-09,2.151e-09,-0.008298755186721851
1976-04-10,2.151e-09,0.0
1976-04-11,2.151e-09,0.0
1976-04-12,2.126e-09,-0.011622501162250165
1976-04-13,2.116e-09,-0.004703668861712029
1976-04-14,2.134e-09,0.008506616257088817
1976-04-15,2.134e-09,0.0
1976-04-16,2.134e-09,0.0
1976-04-17,2.134e-09,0.0
1976-04-18,2.134e-09,0.0
1976-04-19,2.129e-09,-0.0023430178069352436
1976-04-20,2.154e-09,0.011742602160638604
1976-04-21,2.154e-09,0.0
1976-04-22,2.172e-09,0.008356545961002881
1976-04-23,2.171e-09,-0.0004604051565376688
1976-04-24,2.171e-09,0.0
1976-04-25,2.171e-09,0.0
1976-04-26,2.177e-09,0.002763703362505643
1976-04-27,2.159e-09,-0.008268259072117479
1976-04-28,2.155e-09,-0.0018527095877720612
1976-04-29,2.152e-09,-0.0013921113689095987
1976-04-30,2.161e-09,0.004182156133828885
1976-05-01,2.161e-09,0.0
1976-05-02,2.161e-09,0.0
1976-05-03,2.131e-09,-0.01388246182322983
1976-05-04,2.132e-09,0.000469263256686947
1976-05-05,2.154e-09,0.010318949343339545
1976-05-06,2.19e-09,0.016713091922005763
1976-05-07,2.22e-09,0.013698630136986356
1976-05-08,2.22e-09,0.0
1976-05-09,2.22e-09,0.0
1976-05-10,2.217e-09,-0.0013513513513514486
1976-05-11,2.258e-09,0.018493459630130715
1976-05-12,2.332e-09,0.03277236492471203
1976-05-13,2.292e-09,-0.01715265866209259
1976-05-14,2.32e-09,0.012216404886561838
1976-05-15,2.32e-09,0.0
1976-05-16,2.32e-09,0.0
1976-05-17,2.328e-09,0.0034482758620688614
1976-05-18,2.292e-09,-0.015463917525773141
1976-05-19,2.302e-09,0.0043630017452007674
1976-05-20,2.31e-09,0.0034752389226759828
1976-05-21,2.357e-09,0.020346320346320335
1976-05-22,2.357e-09,0.0
1976-05-23,2.357e-09,0.0
1976-05-24,2.379e-09,0.009333899024183356
1976-05-25,2.368e-09,-0.004623791509037467
1976-05-26,2.404e-09,0.01520270270270263
1976-05-27,2.408e-09,0.0016638935108153063
1976-05-28,2.421e-09,0.005398671096345398
1976-05-29,2.421e-09,0.0
1976-05-30,2.421e-09,0.0
1976-05-31,2.457e-09,0.014869888475836479
1976-06-01,2.538e-09,0.03296703296703307
1976-06-02,2.511e-09,-0.010638297872340385
1976-06-03,2.515e-09,0.0015929908403027326
1976-06-04,2.5e-09,-0.005964214711729587
1976-06-05,2.5e-09,0.0
1976-06-06,2.5e-09,0.0
1976-06-07,2.453e-09,-0.018799999999999928
1976-06-08,2.39e-09,-0.02568283734203025
1976-06-09,2.467e-09,0.032217573221757334
1976-06-10,2.479e-09,0.00486420753952177
1976-06-11,2.477e-09,-0.0008067769261798086
1976-06-12,2.477e-09,0.0
1976-06-13,2.477e-09,0.0
1976-06-14,2.51e-09,0.01332256762212336
1976-06-15,2.553e-09,0.01713147410358573
1976-06-16,2.575e-09,0.008617312965139012
1976-06-17,2.575e-09,0.0
1976-06-18,2.627e-09,0.02019417475728158
1976-06-19,2.627e-09,0.0
1976-06-20,2.627e-09,0.0
1976-06-21,2.702e-09,0.02854967643700035
1976-06-22,2.736e-09,0.012583271650629113
1976-06-23,2.723e-09,-0.004751461988304229
1976-06-24,2.664e-09,-0.02166727873668739
1976-06-25,2.699e-09,0.013138138138138133
1976-06-26,2.699e-09,0.0
1976-06-27,2.699e-09,0.0
1976-06-28,2.787e-09,0.0326046683957022
1976-06-29,2.8e-09,0.004664513814137017
1976-06-30,2.814e-09,0.0050000000000001155
1976-07-01,2.827e-09,0.004619758351101622
1976-07-02,2.888e-09,0.021577644145737596
1976-07-03,2.888e-09,0.0
1976-07-04,2.888e-09,0.0
1976-07-05,2.944e-09,0.01939058171745156
1976-07-06,2.879e-09,-0.022078804347826164
1976-07-07,2.912e-09,0.01146231330323011
1976-07-08,2.919e-09,0.0024038461538462563
1976-07-09,2.97e-09,0.01747173689619741
1976-07-10,2.97e-09,0.0
1976-07-11,2.97e-09,0.0
1976-07-12,2.966e-09,-0.0013468013468013185
1976-07-13,2.883e-09,-0.0279838165879972
1976-07-14,2.822e-09,-0.021158515435310443
1976-07-15,2.813e-09,-0.003189227498228142
1976-07-16,2.777e-09,-0.012797724848915837
1976-07-17,2.777e-09,0.0
1976-07-18,2.777e-09,0.0
1976-07-19,2.738e-09,-0.014043932301044282
1976-07-20,2.669e-09,-0.025200876552227802
1976-07-21,2.576e-09,-0.03484451105282882
1976-07-22,2.717e-09,0.0547360248447204
1976-07-23,2.667e-09,-0.018402649981597352
1976-07-24,2.667e-09,0.0
1976-07-25,2.667e-09,0.0
1976-07-26,2.65e-09,-0.006374203224596919
1976-07-27,2.616e-09,-0.012830188679245347
1976-07-28,2.561e-09,-0.0210244648318042
1976-07-29,2.622e-09,0.023818820773135352
1976-07-30,2.632e-09,0.0038138825324181003
1976-07-31,2.632e-09,0.0
1976-08-01,2.632e-09,0.0
1976-08-02,2.605e-09,-0.010258358662613931
1976-08-03,2.636e-09,0.011900191938579718
1976-08-04,2.69e-09,0.020485584218512987
1976-08-05,2.775e-09,0.03159851301115246
1976-08-06,2.771e-09,-0.0014414414414414267
1976-08-07,2.771e-09,0.0
1976-08-08,2.771e-09,0.0
1976-08-09,2.686e-09,-0.030674846625766916
1976-08-10,2.718e-09,0.011913626209977712
1976-08-11,2.715e-09,-0.001103752759381904
1976-08-12,2.704e-09,-0.004051565377532151
1976-08-13,2.693e-09,-0.004068047337278169
1976-08-14,2.693e-09,0.0
1976-08-15,2.693e-09,0.0
1976-08-16,2.668e-09,-0.009283327144448683
1976-08-17,2.69e-09,0.008245877061469287
1976-08-18,2.695e-09,0.0018587360594795044
1976-08-19,2.695e-09,0.0
1976-08-20,2.661e-09,-0.01261595547309835
1976-08-21,2.661e-09,0.0
1976-08-22,2.661e-09,0.0
1976-08-23,2.658e-09,-0.0011273957158961512
1976-08-24,2.644e-09,-0.005267118133935322
1976-08-25,2.628e-09,-0.006051437216338829
1976-08-26,2.638e-09,0.003805175038051889
1976-08-27,2.639e-09,0.00037907505686129994
1976-08-28,2.639e-09,0.0
1976-08-29,2.639e-09,0.0
1976-08-30,2.684e-09,0.01705191360363756
1976-08-31,2.708e-09,0.008941877794336861
1976-09-01,2.675e-09,-0.012186115214180226
1976-09-02,2.66e-09,-0.005607476635514086
1976-09-03,2.699e-09,0.014661654135338376
1976-09-04,2.699e-09,0.0
1976-09-05,2.699e-09,0.0
1976-09-06,2.705e-09,0.0022230455724343567
1976-09-07,2.705e-09,0.0
1976-09-08,2.71e-09,0.001848428835489857
1976-09-09,2.7e-09,-0.0036900369003689537
1976-09-10,2.69e-09,-0.0037037037037037646
1976-09-11,2.69e-09,0.0
1976-09-12,2.69e-09,0.0
1976-09-13,2.664e-09,-0.009665427509293778
1976-09-14,2.625e-09,-0.014639639639639657
1976-09-15,2.591e-09,-0.012952380952380937
1976-09-16,2.594e-09,0.0011578541103820505
1976-09-17,2.601e-09,0.002698535080956077
1976-09-18,2.601e-09,0.0
1976-09-19,2.601e-09,0.0
1976-09-20,2.584e-09,-0.006535947712418277
1976-09-21,2.547e-09,-0.014318885448916463
1976-09-22,2.554e-09,0.002748331370239443
1976-09-23,2.58e-09,0.010180109631949819
1976-09-24,2.584e-09,0.0015503875968991832
1976-09-25,2.584e-09,0.0
1976-09-26,2.584e-09,0.0
1976-09-27,2.553e-09,-0.01199690402476783
1976-09-28,2.541e-09,-0.004700352526439633
1976-09-29,2.531e-09,-0.003935458480912923
1976-09-30,2.511e-09,-0.007902015013828478
1976-10-01,2.534e-09,0.009159697331740269
1976-10-02,2.534e-09,0.0
1976-10-03,2.534e-09,0.0
1976-10-04,2.511e-09,-0.00907655880031577
1976-10-05,2.477e-09,-0.013540422142572672
1976-10-06,2.396e-09,-0.03270084779975779
1976-10-07,2.342e-09,-0.02253756260434059
1976-10-08,2.353e-09,0.004696840307429673
1976-10-09,2.353e-09,0.0
1976-10-10,2.353e-09,0.0
1976-10-11,2.32e-09,-0.014024649383765464
1976-10-12,2.268e-09,-0.022413793103448154
1976-10-13,2.229e-09,-0.01719576719576721
1976-10-14,2.309e-09,0.0358905338716915
1976-10-15,2.228e-09,-0.03508012126461668
1976-10-16,2.228e-09,0.0
1976-10-17,2.228e-09,0.0
1976-10-18,2.132e-09,-0.04308797127468589
1976-10-19,2.097e-09,-0.016416510318949307
1976-10-20,2.006e-09,-0.04339532665712931
1976-10-21,2.1e-09,0.046859421734795736
1976-10-22,2.116e-09,0.007619047619047636
1976-10-23,2.116e-09,0.0
1976-10-24,2.116e-09,0.0
1976-10-25,2.136e-09,0.009451795841209698
1976-10-26,2.118e-09,-0.008426966292134908
1976-10-27,2.099e-09,-0.008970727101038745
1976-10-28,2.121e-09,0.01048118151500721
1976-10-29,2.125e-09,0.001885902876001877
1976-10-30,2.125e-09,0.0
1976-10-31,2.125e-09,0.0
1976-11-01,2.129e-09,0.0018823529411764461
1976-11-02,2.129e-09,0.0
1976-11-03,2.065e-09,-0.030061061531235445
1976-11-04,2.056e-09,-0.004358353510895863
1976-11-05,2.055e-09,-0.0004863813229571967
1976-11-06,2.055e-09,0.0
1976-11-07,2.055e-09,0.0
1976-11-08,2.069e-09,0.006812652068126646
1976-11-09,2.12e-09,0.024649589173513675
1976-11-10,2.154e-09,0.016037735849056434
1976-11-11,2.122e-09,-0.01485608170844932
1976-11-12,2.111e-09,-0.00518378887841664
1976-11-13,2.111e-09,0.0
1976-11-14,2.111e-09,0.0
1976-11-15,2.111e-09,0.0
1976-11-16,2.079e-09,-0.015158692562766363
1976-11-17,2.089e-09,0.00481000481000482
1976-11-18,2.101e-09,0.005744375299186144
1976-11-19,2.105e-09,0.0019038553069967712
1976-11-20,2.105e-09,0.0
1976-11-21,2.105e-09,0.0
1976-11-22,2.101e-09,-0.0019002375296911511
1976-11-23,2.16e-09,0.02808186577820071
1976-11-24,2.199e-09,0.01805555555555549
1976-11-25,2.209e-09,0.004547521600727578
1976-11-26,2.225e-09,0.007243096423721118
1976-11-27,2.225e-09,0.0
1976-11-28,2.225e-09,0.0
1976-11-29,2.309e-09,0.03775280898876421
1976-11-30,2.301e-09,-0.0034647033347771083
1976-12-01,2.329e-09,0.01216862233811411
1976-12-02,2.383e-09,0.023185916702447518
1976-12-03,2.371e-09,-0.005035669324381042
1976-12-04,2.371e-09,0.0
1976-12-05,2.371e-09,0.0
1976-12-06,2.321e-09,-0.02108814846056517
1976-12-07,2.286e-09,-0.01507970702283501
1976-12-08,2.331e-09,0.019685039370078705
1976-12-09,2.388e-09,0.024453024453024552
1976-12-10,2.447e-09,0.024706867671691723
1976-12-11,2.447e-09,0.0
1976-12-12,2.447e-09,0.0
1976-12-13,2.387e-09,-0.024519820187985153
1976-12-14,2.428e-09,0.017176372015081487
1976-12-15,2.4e-09,-0.011532125205930721
1976-12-16,2.382e-09,-0.007500000000000062
1976-12-17,2.359e-09,-0.00965575146935349
1976-12-18,2.359e-09,0.0
1976-12-19,2.359e-09,0.0
1976-12-20,2.339e-09,-0.0084781687155574
1976-12-21,2.303e-09,-0.015391192817443278
1976-12-22,2.302e-09,-0.0004342162396873128
1976-12-23,2.301e-09,-0.0004344048653346366
1976-12-24,2.301e-09,0.0
1976-12-25,2.301e-09,0.0
1976-12-26,2.301e-09,0.0
1976-12-27,2.304e-09,0.0013037809647979959
1976-12-28,2.388e-09,0.03645833333333348
1976-12-29,2.397e-09,0.0037688442211054607
1976-12-30,2.41e-09,0.0054234459741344665
1976-12-31,2.41e-09,0.0
1977-01-01,2.41e-09,0.0
1977-01-02,2.41e-09,0.0
1977-01-03,2.498e-09,0.036514522821576634
1977-01-04,2.516e-09,0.007205764611689425
1977-01-05,2.519e-09,0.0011923688394277487
1977-01-06,2.637e-09,0.04684398570861448
1977-01-07,2.643e-09,0.0022753128555177415
1977-01-08,2.643e-09,0.0
1977-01-09,2.643e-09,0.0
1977-01-10,2.626e-09,-0.006432084752175604
1977-01-11,2.57e-09,-0.021325209444021276
1977-01-12,2.63e-09,0.023346303501945442
1977-01-13,2.662e-09,0.012167300380228285
1977-01-14,2.608e-09,-0.020285499624342562
1977-01-15,2.608e-09,0.0
1977-01-16,2.608e-09,0.0
1977-01-17,2.598e-09,-0.0038343558282208923
1977-01-18,2.656e-09,0.022324865280985318
1977-01-19,2.681e-09,0.0094126506024097
1977-01-20,2.698e-09,0.006340917568071536
1977-01-21,2.677e-09,-0.007783543365455836
1977-01-22,2.677e-09,0.0
1977-01-23,2.677e-09,0.0
1977-01-24,2.655e-09,-0.008218154650728504
1977-01-25,2.655e-09,0.0
1977-01-26,2.619e-09,-0.013559322033898313
1977-01-27,2.617e-09,-0.000763650248186365
1977-01-28,2.641e-09,0.009170806266717513
1977-01-29,2.641e-09,0.0
1977-01-30,2.641e-09,0.0
1977-01-31,2.668e-09,0.010223400227186596
1977-02-01,2.644e-09,-0.008995502248875575
1977-02-02,2.59e-09,-0.0204236006051437
1977-02-03,2.57e-09,-0.007722007722007707
1977-02-04,2.58e-09,0.0038910505836575737
1977-02-05,2.58e-09,0.0
1977-02-06,2.58e-09,0.0
1977-02-07,2.551e-09,-0.011240310077519466
1977-02-08,2.495e-09,-0.021952175617404812
1977-02-09,2.548e-09,0.021242484969939746
1977-02-10,2.562e-09,0.005494505494505475
1977-02-11,2.529e-09,-0.012880562060890055
1977-02-12,2.529e-09,0.0
1977-02-13,2.529e-09,0.0
1977-02-14,2.53e-09,0.0003954132068011429
1977-02-15,2.532e-09,0.0007905138339920903
1977-02-16,2.555e-09,0.009083728278041159
1977-02-17,2.57e-09,0.005870841487279899
1977-02-18,2.576e-09,0.0023346303501945442
1977-02-19,2.576e-09,0.0
1977-02-20,2.576e-09,0.0
1977-02-21,2.576e-09,0.0
1977-02-22,2.576e-09,0.0
1977-02-23,2.576e-09,0.0
1977-02-24,2.587e-09,0.004270186335403547
1977-02-25,2.633e-09,0.0177812137611133
1977-02-26,2.633e-09,0.0
1977-02-27,2.633e-09,0.0
1977-02-28,2.621e-09,-0.004557538928978366
1977-03-01,2.591e-09,-0.01144601297214809
1977-03-02,2.584e-09,-0.0027016595908914143
1977-03-03,2.587e-09,0.0011609907120742058
1977-03-04,2.601e-09,0.005411673753382251
1977-03-05,2.601e-09,0.0
1977-03-06,2.601e-09,0.0
1977-03-07,2.593e-09,-0.003075740099961588
1977-03-08,2.631e-09,0.014654839953721632
1977-03-09,2.657e-09,0.009882174078297057
1977-03-10,2.695e-09,0.01430184418517122
1977-03-11,2.681e-09,-0.0051948051948050855
1977-03-12,2.681e-09,0.0
1977-03-13,2.681e-09,0.0
1977-03-14,2.711e-09,0.01118985453189092
1977-03-15,2.763e-09,0.019181113980081266
1977-03-16,2.754e-09,-0.0032573289902281255
1977-03-17,2.79e-09,0.013071895424836777
1977-03-18,2.853e-09,0.022580645161290214
1977-03-19,2.853e-09,0.0
1977-03-20,2.853e-09,0.0
1977-03-21,2.832e-09,-0.007360672975814886
1977-03-22,2.885e-09,0.018714689265536544
1977-03-23,2.899e-09,0.004852686308492338
1977-03-24,2.938e-09,0.013452914798206317
1977-03-25,2.985e-09,0.015997277059224047
1977-03-26,2.985e-09,0.0
1977-03-27,2.985e-09,0.0
1977-03-28,2.994e-09,0.0030150753768842797
1977-03-29,2.916e-09,-0.02605210420841686
1977-03-30,2.886e-09,-0.010288065843621297
1977-03-31,2.84e-09,-0.01593901593901592
1977-04-01,2.845e-09,0.0017605633802817433
1977-04-02,2.845e-09,0.0
1977-04-03,2.845e-09,0.0
1977-04-04,2.893e-09,0.01687170474516697
1977-04-05,2.863e-09,-0.010369858278603372
1977-04-06,2.9e-09,0.012923506811037377
1977-04-07,2.9e-09,0.0
1977-04-08,2.9e-09,0.0
1977-04-09,2.9e-09,0.0
1977-04-10,2.9e-09,0.0
1977-04-11,2.916e-09,0.0055172413793103114
1977-04-12,2.896e-09,-0.006858710562414272
1977-04-13,2.877e-09,-0.006560773480662974
1977-04-14,2.906e-09,0.010079944386513828
1977-04-15,2.888e-09,-0.006194081211287061
1977-04-16,2.888e-09,0.0
1977-04-17,2.888e-09,0.0
1977-04-18,2.864e-09,-0.008310249307479145
1977-04-19,2.862e-09,-0.0006983240223464859
1977-04-20,2.827e-09,-0.012229210342417862
1977-04-21,2.827e-09,0.0
1977-04-22,2.823e-09,-0.0014149274849664106
1977-04-23,2.823e-09,0.0
1977-04-24,2.823e-09,0.0
1977-04-25,2.815e-09,-0.002833864682961429
1977-04-26,2.782e-09,-0.011722912966252164
1977-04-27,2.775e-09,-0.0025161754133716796
1977-04-28,2.81e-09,0.012612612612612706
1977-04-29,2.821e-09,0.003914590747331026
1977-04-30,2.821e-09,0.0
1977-05-01,2.821e-09,0.0
1977-05-02,2.846e-09,0.008862105636299189
1977-05-03,2.858e-09,0.0042164441321153046
1977-05-04,2.862e-09,0.0013995801259623075
1977-05-05,2.861e-09,-0.00034940600978328185
1977-05-06,2.867e-09,0.002097168822090323
1977-05-07,2.867e-09,0.0
1977-05-08,2.867e-09,0.0
1977-05-09,2.858e-09,-0.0031391698639694487
1977-05-10,2.876e-09,0.006298110566830051
1977-05-11,2.945e-09,0.023991655076495144
1977-05-12,2.935e-09,-0.00339558573853993
1977-05-13,2.928e-09,-0.002385008517887588
1977-05-14,2.928e-09,0.0
1977-05-15,2.928e-09,0.0
1977-05-16,2.895e-09,-0.01127049180327866
1977-05-17,2.865e-09,-0.010362694300518172
1977-05-18,2.811e-09,-0.01884816753926699
1977-05-19,2.803e-09,-0.0028459622909996485
1977-05-20,2.84e-09,0.01320014270424541
1977-05-21,2.84e-09,0.0
1977-05-22,2.84e-09,0.0
1977-05-23,2.846e-09,0.0021126760563379143
1977-05-24,2.846e-09,0.0
1977-05-25,2.833e-09,-0.004567814476458154
1977-05-26,2.824e-09,-0.0031768443346275044
1977-05-27,2.812e-09,-0.00424929178470268
1977-05-28,2.812e-09,0.0
1977-05-29,2.812e-09,0.0
1977-05-30,2.795e-09,-0.006045519203413896
1977-05-31,2.791e-09,-0.0014311270125223485
1977-06-01,2.8e-09,0.00322465066284483
1977-06-02,2.813e-09,0.004642857142857171
1977-06-03,2.82e-09,0.0024884464984002985
1977-06-04,2.82e-09,0.0
1977-06-05,2.82e-09,0.0
1977-06-06,2.8e-09,-0.007092198581560405
1977-06-07,2.738e-09,-0.02214285714285713
1977-06-08,2.758e-09,0.007304601899196683
1977-06-09,2.758e-09,0.0
1977-06-10,2.762e-09,0.0014503263234226793
1977-06-11,2.762e-09,0.0
1977-06-12,2.762e-09,0.0
1977-06-13,2.731e-09,-0.011223750905141161
1977-06-14,2.65e-09,-0.029659465397290363
1977-06-15,2.653e-09,0.0011320754716979131
1977-06-16,2.688e-09,0.013192612137203241
1977-06-17,2.724e-09,0.013392857142857206
1977-06-18,2.724e-09,0.0
1977-06-19,2.724e-09,0.0
1977-06-20,2.736e-09,0.004405286343612369
1977-06-21,2.745e-09,0.0032894736842103978
1977-06-22,2.742e-09,-0.0010928961748634114
1977-06-23,2.742e-09,0.0
1977-06-24,2.72e-09,-0.008023340627279274
1977-06-25,2.72e-09,0.0
1977-06-26,2.72e-09,0.0
1977-06-27,2.713e-09,-0.0025735294117646967
1977-06-28,2.771e-09,0.021378547733136744
1977-06-29,2.792e-09,0.007578491519307118
1977-06-30,2.767e-09,-0.008954154727793595
1977-07-01,2.75e-09,-0.006143838091796305
1977-07-02,2.75e-09,0.0
1977-07-03,2.75e-09,0.0
1977-07-04,2.785e-09,0.01272727272727292
1977-07-05,2.789e-09,0.0014362657091562259
1977-07-06,2.777e-09,-0.004302617425600674
1977-07-07,2.869e-09,0.03312927619733519
1977-07-08,2.859e-09,-0.003485535029627007
1977-07-09,2.859e-09,0.0
1977-07-10,2.859e-09,0.0
1977-07-11,2.839e-09,-0.006995452955579018
1977-07-12,2.859e-09,0.007044734061289359
1977-07-13,2.902e-09,0.015040223854494661
1977-07-14,2.896e-09,-0.002067539627842896
1977-07-15,2.906e-09,0.0034530386740332375
1977-07-16,2.906e-09,0.0
1977-07-17,2.906e-09,0.0
1977-07-18,2.887e-09,-0.006538196834136256
1977-07-19,2.88e-09,-0.002424662279182588
1977-07-20,2.859e-09,-0.007291666666666585
1977-07-21,2.869e-09,0.0034977264777893424
1977-07-22,2.848e-09,-0.007319623562216715
1977-07-23,2.848e-09,0.0
1977-07-24,2.848e-09,0.0
1977-07-25,2.834e-09,-0.004915730337078705
1977-07-26,2.867e-09,0.011644318983768498
1977-07-27,2.841e-09,-0.009068712940355828
1977-07-28,2.841e-09,0.0
1977-07-29,2.824e-09,-0.005983808518127409
1977-07-30,2.824e-09,0.0
1977-07-31,2.824e-09,0.0
1977-08-01,2.8e-09,-0.00849858356940525
1977-08-02,2.839e-09,0.013928571428571512
1977-08-03,2.837e-09,-0.0007044734061288915
1977-08-04,2.863e-09,0.009164610504053705
1977-08-05,2.866e-09,0.0010478519035974632
1977-08-06,2.866e-09,0.0
1977-08-07,2.866e-09,0.0
1977-08-08,2.88e-09,0.00488485694347518
1977-08-09,2.895e-09,0.005208333333333259
1977-08-10,2.93e-09,0.012089810017271052
1977-08-11,2.961e-09,0.01058020477815691
1977-08-12,2.973e-09,0.004052684903748771
1977-08-13,2.973e-09,0.0
1977-08-14,2.973e-09,0.0
1977-08-15,2.988e-09,0.005045408678102881
1977-08-16,2.987e-09,-0.00033467202141901353
1977-08-17,2.979e-09,-0.0026782725142283637
1977-08-18,2.961e-09,-0.006042296072507614
1977-08-19,2.982e-09,0.007092198581560183
1977-08-20,2.982e-09,0.0
1977-08-21,2.982e-09,0.0
1977-08-22,3.015e-09,0.01106639839034207
1977-08-23,3.064e-09,0.01625207296849096
1977-08-24,3.102e-09,0.012402088772845765
1977-08-25,3.12e-09,0.005802707930367523
1977-08-26,3.107e-09,-0.004166666666666652
1977-08-27,3.107e-09,0.0
1977-08-28,3.107e-09,0.0
1977-08-29,3.105e-09,-0.0006437077566785465
1977-08-30,3.119e-09,0.004508856682769791
1977-08-31,3.148e-09,0.00929785187560106
1977-09-01,3.202e-09,0.01715374841168993
1977-09-02,3.264e-09,0.019362898188632016
1977-09-03,3.264e-09,0.0
1977-09-04,3.264e-09,0.0
1977-09-05,3.281e-09,0.005208333333333481
1977-09-06,3.238e-09,-0.013105760438890557
1977-09-07,3.238e-09,0.0
1977-09-08,3.282e-09,0.013588634959851742
1977-09-09,3.317e-09,0.010664229128580116
1977-09-10,3.317e-09,0.0
1977-09-11,3.317e-09,0.0
1977-09-12,3.346e-09,0.00874283991558622
1977-09-13,3.408e-09,0.018529587567244432
1977-09-14,3.382e-09,-0.007629107981220518
1977-09-15,3.357e-09,-0.007392075694855227
1977-09-16,3.364e-09,0.002085195114685856
1977-09-17,3.364e-09,0.0
1977-09-18,3.364e-09,0.0
1977-09-19,3.466e-09,0.030321046373364968
1977-09-20,3.51e-09,0.012694748990190519
1977-09-21,3.538e-09,0.007977207977208023
1977-09-22,3.623e-09,0.024024872809496944
1977-09-23,3.584e-09,-0.010764559757107328
1977-09-24,3.584e-09,0.0
1977-09-25,3.584e-09,0.0
1977-09-26,3.592e-09,0.0022321428571427937
1977-09-27,3.534e-09,-0.01614699331848557
1977-09-28,3.483e-09,-0.014431239388794537
1977-09-29,3.415e-09,-0.019523399368360672
1977-09-30,3.455e-09,0.01171303074670571
1977-10-01,3.455e-09,0.0
1977-10-02,3.455e-09,0.0
1977-10-03,3.446e-09,-0.0026049204052098762
1977-10-04,3.414e-09,-0.009286128845037656
1977-10-05,3.393e-09,-0.0061511423550086874
1977-10-06,3.337e-09,-0.016504568228706273
1977-10-07,3.342e-09,0.0014983518130056162
1977-10-08,3.342e-09,0.0
1977-10-09,3.342e-09,0.0
1977-10-10,3.291e-09,-0.015260323159784539
1977-10-11,3.321e-09,0.009115770282588809
1977-10-12,3.328e-09,0.0021077988557662852
1977-10-13,3.307e-09,-0.006310096153846256
1977-10-14,3.357e-09,0.015119443604475258
1977-10-15,3.357e-09,0.0
1977-10-16,3.357e-09,0.0
1977-10-17,3.38e-09,0.006851355376824575
1977-10-18,3.332e-09,-0.014201183431952646
1977-10-19,3.301e-09,-0.009303721488595484
1977-10-20,3.342e-09,0.012420478642835464
1977-10-21,3.348e-09,0.0017953321364452268
1977-10-22,3.348e-09,0.0
1977-10-23,3.348e-09,0.0
1977-10-24,3.33e-09,-0.005376344086021501
1977-10-25,3.353e-09,0.006906906906906984
1977-10-26,3.392e-09,0.011631374888159796
1977-10-27,3.463e-09,0.02093160377358494
1977-10-28,3.484e-09,0.006064106266242986
1977-10-29,3.484e-09,0.0
1977-10-30,3.484e-09,0.0
1977-10-31,3.436e-09,-0.013777267508610747
1977-11-01,3.446e-09,0.0029103608847496076
1977-11-02,3.446e-09,0.0
1977-11-03,3.377e-09,-0.020023215322112597
1977-11-04,3.413e-09,0.010660349422564552
1977-11-05,3.413e-09,0.0
1977-11-06,3.413e-09,0.0
1977-11-07,3.42e-09,0.00205098154116623
1977-11-08,3.443e-09,0.006725146198830245
1977-11-09,3.439e-09,-0.0011617775196050006
1977-11-10,3.425e-09,-0.004070950857807398
1977-11-11,3.378e-09,-0.013722627737226212
1977-11-12,3.378e-09,0.0
1977-11-13,3.378e-09,0.0
1977-11-14,3.391e-09,0.003848431024274568
1977-11-15,3.391e-09,0.0
1977-11-16,3.351e-09,-0.011795930404010613
1977-11-17,3.266e-09,-0.025365562518651186
1977-11-18,3.269e-09,0.0009185548071035665
1977-11-19,3.269e-09,0.0
1977-11-20,3.269e-09,0.0
1977-11-21,3.229e-09,-0.01223615784643628
1977-11-22,3.21e-09,-0.005884174667079578
1977-11-23,3.247e-09,0.011526479750778806
1977-11-24,3.292e-09,0.01385894672004917
1977-11-25,3.296e-09,0.0012150668286756705
1977-11-26,3.296e-09,0.0
1977-11-27,3.296e-09,0.0
1977-11-28,3.297e-09,0.00030339805825230215
1977-11-29,3.276e-09,-0.006369426751592466
1977-11-30,3.276e-09,0.0
1977-12-01,3.253e-09,-0.007020757020756996
1977-12-02,3.289e-09,0.011066707654472818
1977-12-03,3.289e-09,0.0
1977-12-04,3.289e-09,0.0
1977-12-05,3.283e-09,-0.0018242626938279605
1977-12-06,3.271e-09,-0.003655193420651792
1977-12-07,3.297e-09,0.007948639559767656
1977-12-08,3.306e-09,0.0027297543221109777
1977-12-09,3.331e-09,0.007562008469449655
1977-12-10,3.331e-09,0.0
1977-12-11,3.331e-09,0.0
1977-12-12,3.387e-09,0.016811768237766422
1977-12-13,3.372e-09,-0.004428697962798989
1977-12-14,3.367e-09,-0.0014827995255041193
1977-12-15,3.373e-09,0.0017820017820016076
1977-12-16,3.356e-09,-0.005040023717758579
1977-12-17,3.356e-09,0.0
1977-12-18,3.356e-09,0.0
1977-12-19,3.368e-09,0.0035756853396899935
1977-12-20,3.377e-09,0.0026722090261281917
1977-12-21,3.369e-09,-0.0023689665383476166
1977-12-22,3.363e-09,-0.0017809439002670624
1977-12-23,3.384e-09,0.006244424620874156
1977-12-24,3.384e-09,0.0
1977-12-25,3.384e-09,0.0
1977-12-26,3.345e-09,-0.011524822695035408
1977-12-27,3.361e-09,0.004783258594917683
1977-12-28,3.394e-09,0.009818506396905846
1977-12-29,3.397e-09,0.0008839127872717345
1977-12-30,3.397e-09,0.0
1977-12-31,3.397e-09,0.0
1978-01-01,3.397e-09,0.0
1978-01-02,3.435e-09,0.011186340889019597
1978-01-03,3.506e-09,0.020669577874818046
1978-01-04,3.582e-09,0.02167712492869356
1978-01-05,3.558e-09,-0.00670016750418756
1978-01-06,3.66e-09,0.028667790893760703
1978-01-07,3.66e-09,0.0
1978-01-08,3.66e-09,0.0
1978-01-09,3.641e-09,-0.005191256830601065
1978-01-10,3.614e-09,-0.007415545179895622
1978-01-11,3.616e-09,0.0005534034311012181
1978-01-12,3.693e-09,0.021294247787610576
1978-01-13,3.701e-09,0.0021662604928243123
1978-01-14,3.701e-09,0.0
1978-01-15,3.701e-09,0.0
1978-01-16,3.746e-09,0.012158875979465078
1978-01-17,3.685e-09,-0.016284036305392435
1978-01-18,3.662e-09,-0.006241519674355489
1978-01-19,3.699e-09,0.010103768432550675
1978-01-20,3.713e-09,0.0037848067045147538
1978-01-21,3.713e-09,0.0
1978-01-22,3.713e-09,0.0
1978-01-23,3.705e-09,-0.002154591974144915
1978-01-24,3.642e-09,-0.017004048582995868
1978-01-25,3.642e-09,0.0
1978-01-26,3.689e-09,0.012904997254255868
1978-01-27,3.744e-09,0.014909189482244622
1978-01-28,3.744e-09,0.0
1978-01-29,3.744e-09,0.0
1978-01-30,3.775e-09,0.00827991452991439
1978-01-31,3.771e-09,-0.001059602649006508
1978-02-01,3.808e-09,0.009811721028904818
1978-02-02,3.838e-09,0.007878151260504174
1978-02-03,3.846e-09,0.0020844189682125425
1978-02-04,3.846e-09,0.0
1978-02-05,3.846e-09,0.0
1978-02-06,3.846e-09,0.0
1978-02-07,3.846e-09,0.0
1978-02-08,3.846e-09,0.0
1978-02-09,3.87e-09,0.006240249609984483
1978-02-10,3.928e-09,0.01498708010335914
1978-02-11,3.928e-09,0.0
1978-02-12,3.928e-09,0.0
1978-02-13,3.912e-09,-0.004073319755600768
1978-02-14,3.888e-09,-0.006134969325153339
1978-02-15,3.921e-09,0.008487654320987748
1978-02-16,4.016e-09,0.02422851313440444
1978-02-17,4.053e-09,0.009213147410358502
1978-02-18,4.053e-09,0.0
1978-02-19,4.053e-09,0.0
1978-02-20,4.105e-09,0.012830002467308255
1978-02-21,4.164e-09,0.014372716199756441
1978-02-22,4.153e-09,-0.002641690682036568
1978-02-23,4.099e-09,-0.013002648687695628
1978-02-24,4.074e-09,-0.006099048548426467
1978-02-25,4.074e-09,0.0
1978-02-26,4.074e-09,0.0
1978-02-27,4.085e-09,0.0027000490918016595
1978-02-28,4.103e-09,0.004406364749082181
1978-03-01,4.224e-09,0.029490616621983934
1978-03-02,4.311e-09,0.02059659090909083
1978-03-03,4.306e-09,-0.00115982370679657
1978-03-04,4.306e-09,0.0
1978-03-05,4.306e-09,0.0
1978-03-06,4.253e-09,-0.012308406874129041
1978-03-07,4.266e-09,0.0030566658829060955
1978-03-08,4.348e-09,0.0192217533989687
1978-03-09,4.34e-09,-0.0018399264029438367
1978-03-10,4.435e-09,0.021889400921658808
1978-03-11,4.435e-09,0.0
1978-03-12,4.435e-09,0.0
1978-03-13,4.457e-09,0.004960541149943598
1978-03-14,4.475e-09,0.004038590980480317
1978-03-15,4.451e-09,-0.005363128491620239
1978-03-16,4.433e-09,-0.00404403504830364
1978-03-17,4.458e-09,0.00563952176855409
1978-03-18,4.458e-09,0.0
1978-03-19,4.458e-09,0.0
1978-03-20,4.347e-09,-0.024899057873485897
1978-03-21,4.285e-09,-0.014262709914883875
1978-03-22,4.225e-09,-0.014002333722287097
1978-03-23,4.225e-09,0.0
1978-03-24,4.225e-09,0.0
1978-03-25,4.225e-09,0.0
1978-03-26,4.225e-09,0.0
1978-03-27,4.121e-09,-0.024615384615384484
1978-03-28,4.083e-09,-0.00922106284882307
1978-03-29,4.06e-09,-0.005633112907176163
1978-03-30,4.06e-09,0.0
1978-03-31,4.035e-09,-0.006157635467980094
1978-04-01,4.035e-09,0.0
1978-04-02,4.035e-09,0.0
1978-04-03,4.001e-09,-0.008426270136307479
1978-04-04,3.986e-09,-0.0037490627343162997
1978-04-05,3.996e-09,0.0025087807325638867
1978-04-06,3.966e-09,-0.007507507507507505
1978-04-07,3.871e-09,-0.02395360564800786
1978-04-08,3.871e-09,0.0
1978-04-09,3.871e-09,0.0
1978-04-10,3.818e-09,-0.013691552570395338
1978-04-11,3.738e-09,-0.020953378732320505
1978-04-12,3.758e-09,0.005350454788656922
1978-04-13,3.781e-09,0.006120276742948461
1978-04-14,3.727e-09,-0.014281935995768325
1978-04-15,3.727e-09,0.0
1978-04-16,3.727e-09,0.0
1978-04-17,3.691e-09,-0.009659243359270153
1978-04-18,3.703e-09,0.0032511514494717453
1978-04-19,3.712e-09,0.002430461787739535
1978-04-20,3.673e-09,-0.010506465517241326
1978-04-21,3.673e-09,0.0
1978-04-22,3.673e-09,0.0
1978-04-23,3.673e-09,0.0
1978-04-24,3.644e-09,-0.00789545330792274
1978-04-25,3.659e-09,0.004116355653128512
1978-04-26,3.726e-09,0.018311013938234533
1978-04-27,3.768e-09,0.011272141706924366
1978-04-28,3.761e-09,-0.0018577494692145757
1978-04-29,3.761e-09,0.0
1978-04-30,3.761e-09,0.0
1978-05-01,3.761e-09,0.0
1978-05-02,3.785e-09,0.00638128157404938
1978-05-03,3.858e-09,0.01928665785997352
1978-05-04,3.945e-09,0.02255054432348369
1978-05-05,3.949e-09,0.0010139416983523386
1978-05-06,3.949e-09,0.0
1978-05-07,3.949e-09,0.0
1978-05-08,3.961e-09,0.003038743985819048
1978-05-09,3.844e-09,-0.02953799545569291
1978-05-10,3.816e-09,-0.007284079084287298
1978-05-11,3.819e-09,0.0007861635220125507
1978-05-12,3.806e-09,-0.0034040324692327095
1978-05-13,3.806e-09,0.0
1978-05-14,3.806e-09,0.0
1978-05-15,3.739e-09,-0.017603783499737458
1978-05-16,3.723e-09,-0.004279219042524596
1978-05-17,3.741e-09,0.00483481063658342
1978-05-18,3.716e-09,-0.006682705159048452
1978-05-19,3.7e-09,-0.0043057050592034685
1978-05-20,3.7e-09,0.0
1978-05-21,3.7e-09,0.0
1978-05-22,3.682e-09,-0.004864864864864926
1978-05-23,3.729e-09,0.012764801738185838
1978-05-24,3.782e-09,0.014212925717350666
1978-05-25,3.782e-09,0.0
1978-05-26,3.873e-09,0.024061343204653474
1978-05-27,3.873e-09,0.0
1978-05-28,3.873e-09,0.0
1978-05-29,3.934e-09,0.01575006454944483
1978-05-30,4.006e-09,0.018301982714794107
1978-05-31,3.914e-09,-0.022965551672491036
1978-06-01,3.977e-09,0.016096065406233873
1978-06-02,3.968e-09,-0.002263012320844693
1978-06-03,3.968e-09,0.0
1978-06-04,3.968e-09,0.0
1978-06-05,3.944e-09,-0.006048387096774355
1978-06-06,3.972e-09,0.007099391480730244
1978-06-07,4.001e-09,0.007301107754279945
1978-06-08,4.009e-09,0.001999500124968856
1978-06-09,4.059e-09,0.0124719381391869
1978-06-10,4.059e-09,0.0
1978-06-11,4.059e-09,0.0
1978-06-12,4.067e-09,0.0019709288001970027
1978-06-13,4.012e-09,-0.013523481681829486
1978-06-14,3.964e-09,-0.011964107676969093
1978-06-15,3.929e-09,-0.008829465186680152
1978-06-16,4.034e-09,0.026724357342835292
1978-06-17,4.034e-09,0.0
1978-06-18,4.034e-09,0.0
1978-06-19,4.022e-09,-0.0029747149231530434
1978-06-20,4.017e-09,-0.0012431626056690348
1978-06-21,3.977e-09,-0.009957679860592483
1978-06-22,3.945e-09,-0.008046266029670623
1978-06-23,3.921e-09,-0.006083650190114032
1978-06-24,3.921e-09,0.0
1978-06-25,3.921e-09,0.0
1978-06-26,3.864e-09,-0.014537107880642774
1978-06-27,3.895e-09,0.008022774327122173
1978-06-28,3.913e-09,0.004621309370988369
1978-06-29,3.893e-09,-0.00511116790186561
1978-06-30,3.887e-09,-0.0015412278448495575
1978-07-01,3.887e-09,0.0
1978-07-02,3.887e-09,0.0
1978-07-03,3.856e-09,-0.007975302289683683
1978-07-04,3.883e-09,0.007002074688796656
1978-07-05,3.903e-09,0.005150656708730494
1978-07-06,3.937e-09,0.008711247758134588
1978-07-07,3.975e-09,0.009652019304038584
1978-07-08,3.975e-09,0.0
1978-07-09,3.975e-09,0.0
1978-07-10,3.95e-09,-0.0062893081761007386
1978-07-11,3.916e-09,-0.008607594936708818
1978-07-12,3.935e-09,0.004851889683350263
1978-07-13,3.932e-09,-0.000762388818297377
1978-07-14,3.925e-09,-0.001780264496439421
1978-07-15,3.925e-09,0.0
1978-07-16,3.925e-09,0.0
1978-07-17,3.949e-09,0.00611464968152875
1978-07-18,3.956e-09,0.0017726006583944631
1978-07-19,3.978e-09,0.005561172901921152
1978-07-20,3.991e-09,0.0032679738562091387
1978-07-21,3.976e-09,-0.0037584565271860937
1978-07-22,3.976e-09,0.0
1978-07-23,3.976e-09,0.0
1978-07-24,4.049e-09,0.018360160965794847
1978-07-25,4.061e-09,0.0029636947394418023
1978-07-26,4.081e-09,0.004924895345973956
1978-07-27,4.114e-09,0.008086253369272045
1978-07-28,4.097e-09,-0.004132231404958553
1978-07-29,4.097e-09,0.0
1978-07-30,4.097e-09,0.0
1978-07-31,4.089e-09,-0.001952648279228697
1978-08-01,4.015e-09,-0.01809733431156768
1978-08-02,3.958e-09,-0.014196762141967634
1978-08-03,3.895e-09,-0.015917129863567303
1978-08-04,3.973e-09,0.020025673940949895
1978-08-05,3.973e-09,0.0
1978-08-06,3.973e-09,0.0
1978-08-07,3.999e-09,0.0065441731688899996
1978-08-08,3.982e-09,-0.004251062765691538
1978-08-09,3.929e-09,-0.013309894525364019
1978-08-10,3.911e-09,-0.004581318401628898
1978-08-11,3.894e-09,-0.004346714395295437
1978-08-12,3.894e-09,0.0
1978-08-13,3.894e-09,0.0
1978-08-14,3.87e-09,-0.006163328197226536
1978-08-15,3.893e-09,0.005943152454780165
1978-08-16,3.909e-09,0.004109940919599264
1978-08-17,3.949e-09,0.010232796111537601
1978-08-18,4.013e-09,0.016206634591035662
1978-08-19,4.013e-09,0.0
1978-08-20,4.013e-09,0.0
1978-08-21,4.058e-09,0.011213555943184517
1978-08-22,4.039e-09,-0.004682109413504221
1978-08-23,4.065e-09,0.006437236939836666
1978-08-24,4.063e-09,-0.0004920049200493049
1978-08-25,4.069e-09,0.0014767413241447702
1978-08-26,4.069e-09,0.0
1978-08-27,4.069e-09,0.0
1978-08-28,4.051e-09,-0.004423691324649703
1978-08-29,4.044e-09,-0.0017279684028636
1978-08-30,4.04e-09,-0.0009891196834815874
1978-08-31,4.003e-09,-0.009158415841584056
1978-09-01,4.023e-09,0.004996252810392177
1978-09-02,4.023e-09,0.0
1978-09-03,4.023e-09,0.0
1978-09-04,4.023e-09,0.0
1978-09-05,3.998e-09,-0.00621426795923441
1978-09-06,3.989e-09,-0.0022511255627812865
1978-09-07,3.989e-09,0.0
1978-09-08,4.056e-09,0.016796189521183225
1978-09-09,4.056e-09,0.0
1978-09-10,4.056e-09,0.0
1978-09-11,4.056e-09,0.0
1978-09-12,4.036e-09,-0.004930966469428144
1978-09-13,4.015e-09,-0.005203171456887978
1978-09-14,3.983e-09,-0.007970112079701108
1978-09-15,3.979e-09,-0.0010042681395934228
1978-09-16,3.979e-09,0.0
1978-09-17,3.979e-09,0.0
1978-09-18,3.91e-09,-0.01734104046242768
1978-09-19,3.902e-09,-0.002046035805626567
1978-09-20,3.912e-09,0.0025627883136851715
1978-09-21,3.925e-09,0.003323108384458262
1978-09-22,3.954e-09,0.007388535031846999
1978-09-23,3.954e-09,0.0
1978-09-24,3.954e-09,0.0
1978-09-25,3.947e-09,-0.0017703591299950139
1978-09-26,3.954e-09,0.0017734988598936408
1978-09-27,3.956e-09,0.0005058168942841945
1978-09-28,3.947e-09,-0.0022750252780586733
1978-09-29,4.013e-09,0.016721560678996772
1978-09-30,4.013e-09,0.0
1978-10-01,4.013e-09,0.0
1978-10-02,4.021e-09,0.0019935210565662498
1978-10-03,3.969e-09,-0.01293210644118381
1978-10-04,3.995e-09,0.006550768455530598
1978-10-05,3.991e-09,-0.0010012515644556297
1978-10-06,4.074e-09,0.02079679278376334
1978-10-07,4.074e-09,0.0
1978-10-08,4.074e-09,0.0
1978-10-09,4.12e-09,0.011291114383897849
1978-10-10,4.143e-09,0.005582524271844802
1978-10-11,4.119e-09,-0.005792903692976137
1978-10-12,4.057e-09,-0.015052197135226986
1978-10-13,4.007e-09,-0.012324377618930349
1978-10-14,4.007e-09,0.0
1978-10-15,4.007e-09,0.0
1978-10-16,4.006e-09,-0.0002495632642876
1978-10-17,3.966e-09,-0.009985022466300508
1978-10-18,3.966e-09,0.0
1978-10-19,3.957e-09,-0.0022692889561269913
1978-10-20,3.969e-09,0.0030326004548899554
1978-10-21,3.969e-09,0.0
1978-10-22,3.969e-09,0.0
1978-10-23,3.932e-09,-0.00932224741748544
1978-10-24,3.891e-09,-0.010427263479145465
1978-10-25,3.84e-09,-0.013107170393215073
1978-10-26,3.823e-09,-0.004427083333333415
1978-10-27,3.837e-09,0.003662045513994183
1978-10-28,3.837e-09,0.0
1978-10-29,3.837e-09,0.0
1978-10-30,3.808e-09,-0.0075579880114672315
1978-10-31,3.744e-09,-0.01680672268907557
1978-11-01,3.753e-09,0.0024038461538460343
1978-11-02,3.753e-09,0.0
1978-11-03,3.792e-09,0.010391686650679466
1978-11-04,3.792e-09,0.0
1978-11-05,3.792e-09,0.0
1978-11-06,3.857e-09,0.01714135021097052
1978-11-07,3.881e-09,0.006222452683432689
1978-11-08,3.91e-09,0.007472300953362376
1978-11-09,3.976e-09,0.016879795396419484
1978-11-10,3.944e-09,-0.008048289738430747
1978-11-11,3.944e-09,0.0
1978-11-12,3.944e-09,0.0
1978-11-13,3.916e-09,-0.007099391480730133
1978-11-14,3.909e-09,-0.0017875383043923776
1978-11-15,3.909e-09,0.0
1978-11-16,3.933e-09,0.006139677666922694
1978-11-17,3.903e-09,-0.0076277650648359785
1978-11-18,3.903e-09,0.0
1978-11-19,3.903e-09,0.0
1978-11-20,3.792e-09,-0.028439661798616456
1978-11-21,3.742e-09,-0.013185654008438963
1978-11-22,3.817e-09,0.020042757883484974
1978-11-23,3.775e-09,-0.011003405816086054
1978-11-24,3.76e-09,-0.003973509933774766
1978-11-25,3.76e-09,0.0
1978-11-26,3.76e-09,0.0
1978-11-27,3.681e-09,-0.02101063829787242
1978-11-28,3.598e-09,-0.022548220592230273
1978-11-29,3.598e-09,0.0
1978-11-30,3.587e-09,-0.003057254030016665
1978-12-01,3.633e-09,0.012824086980763871
1978-12-02,3.633e-09,0.0
1978-12-03,3.633e-09,0.0
1978-12-04,3.62e-09,-0.003578309936691504
1978-12-05,3.608e-09,-0.0033149171270717703
1978-12-06,3.542e-09,-0.018292682926829285
1978-12-07,3.54e-09,-0.0005646527385657629
1978-12-08,3.518e-09,-0.00621468926553681
1978-12-09,3.518e-09,0.0
1978-12-10,3.518e-09,0.0
1978-12-11,3.552e-09,0.009664582148948275
1978-12-12,3.587e-09,0.009853603603603656
1978-12-13,3.563e-09,-0.006690827989963899
1978-12-14,3.602e-09,0.010945832163906877
1978-12-15,3.585e-09,-0.004719600222098941
1978-12-16,3.585e-09,0.0
1978-12-17,3.585e-09,0.0
1978-12-18,3.535e-09,-0.013947001394700176
1978-12-19,3.505e-09,-0.008486562942008447
1978-12-20,3.499e-09,-0.0017118402282454426
1978-12-21,3.472e-09,-0.007716490425835998
1978-12-22,3.451e-09,-0.006048387096774133
1978-12-23,3.451e-09,0.0
1978-12-24,3.451e-09,0.0
1978-12-25,3.451e-09,0.0
1978-12-26,3.496e-09,0.013039698638075858
1978-12-27,3.56e-09,0.01830663615560657
1978-12-28,3.549e-09,-0.0030898876404494846
1978-12-29,3.549e-09,0.0
1978-12-30,3.549e-09,0.0
1978-12-31,3.549e-09,0.0
1979-01-01,3.549e-09,0.0
1979-01-02,3.516e-09,-0.009298393913778624
1979-01-03,3.569e-09,0.015073947667804344
1979-01-04,3.586e-09,0.004763239002521624
1979-01-05,3.654e-09,0.018962632459565087
1979-01-06,3.654e-09,0.0
1979-01-07,3.654e-09,0.0
1979-01-08,3.691e-09,0.010125889436234381
1979-01-09,3.667e-09,-0.0065023028989434906
1979-01-10,3.602e-09,-0.017725661303517826
1979-01-11,3.594e-09,-0.002220988339811214
1979-01-12,3.636e-09,0.011686143572620988
1979-01-13,3.636e-09,0.0
1979-01-14,3.636e-09,0.0
1979-01-15,3.632e-09,-0.0011001100110010764
1979-01-16,3.623e-09,-0.0024779735682819437
1979-01-17,3.631e-09,0.002208114821970808
1979-01-18,3.697e-09,0.018176810795923926
1979-01-19,3.709e-09,0.0032458750338111297
1979-01-20,3.709e-09,0.0
1979-01-21,3.709e-09,0.0
1979-01-22,3.685e-09,-0.006470746832030194
1979-01-23,3.656e-09,-0.007869742198100327
1979-01-24,3.59e-09,-0.018052516411378616
1979-01-25,3.59e-09,0.0
1979-01-26,3.595e-09,0.0013927576601671099
1979-01-27,3.595e-09,0.0
1979-01-28,3.595e-09,0.0
1979-01-29,3.604e-09,0.0025034770514602567
1979-01-30,3.57e-09,-0.009433962264150941
1979-01-31,3.614e-09,0.012324929971988974
1979-02-01,3.598e-09,-0.004427227448810189
1979-02-02,3.588e-09,-0.0027793218454698065
1979-02-03,3.588e-09,0.0
1979-02-04,3.588e-09,0.0
1979-02-05,3.55e-09,-0.010590858416945403
1979-02-06,3.534e-09,-0.004507042253521165
1979-02-07,3.55e-09,0.004527447651386574
1979-02-08,3.539e-09,-0.003098591549295815
1979-02-09,3.51e-09,-0.008194405199208776
1979-02-10,3.51e-09,0.0
1979-02-11,3.51e-09,0.0
1979-02-12,3.466e-09,-0.012535612535612639
1979-02-13,3.399e-09,-0.019330640507789876
1979-02-14,3.349e-09,-0.014710208884966214
1979-02-15,3.381e-09,0.00955509107196173
1979-02-16,3.469e-09,0.026027802425317992
1979-02-17,3.469e-09,0.0
1979-02-18,3.469e-09,0.0
1979-02-19,3.466e-09,-0.000864802536754139
1979-02-20,3.417e-09,-0.014137334102712007
1979-02-21,3.357e-09,-0.017559262510974616
1979-02-22,3.462e-09,0.031277926720286064
1979-02-23,3.48e-09,0.005199306759098743
1979-02-24,3.48e-09,0.0
1979-02-25,3.48e-09,0.0
1979-02-26,3.48e-09,0.0
1979-02-27,3.48e-09,0.0
1979-02-28,3.48e-09,0.0
1979-03-01,3.467e-09,-0.003735632183908044
1979-03-02,3.499e-09,0.009229881742140122
1979-03-03,3.499e-09,0.0
1979-03-04,3.499e-09,0.0
1979-03-05,3.506e-09,0.002000571591883382
1979-03-06,3.518e-09,0.003422703936109439
1979-03-07,3.532e-09,0.003979533826037551
1979-03-08,3.534e-09,0.0005662514156286047
1979-03-09,3.515e-09,-0.005376344086021501
1979-03-10,3.515e-09,0.0
1979-03-11,3.515e-09,0.0
1979-03-12,3.511e-09,-0.001137980085348489
1979-03-13,3.473e-09,-0.010823127314155578
1979-03-14,3.415e-09,-0.016700259141952167
1979-03-15,3.456e-09,0.012005856515373337
1979-03-16,3.491e-09,0.01012731481481488
1979-03-17,3.491e-09,0.0
1979-03-18,3.491e-09,0.0
1979-03-19,3.483e-09,-0.0022916069894013402
1979-03-20,3.493e-09,0.0028710881424058865
1979-03-21,3.523e-09,0.008588605782994696
1979-03-22,3.58e-09,0.01617939256315637
1979-03-23,3.605e-09,0.006983240223463527
1979-03-24,3.605e-09,0.0
1979-03-25,3.605e-09,0.0
1979-03-26,3.547e-09,-0.016088765603328725
1979-03-27,3.486e-09,-0.01719763180152234
1979-03-28,3.52e-09,0.009753298909925379
1979-03-29,3.543e-09,0.006534090909090962
1979-03-30,3.592e-09,0.013830087496471855
1979-03-31,3.592e-09,0.0
1979-04-01,3.592e-09,0.0
1979-04-02,3.583e-09,-0.0025055679287304677
1979-04-03,3.631e-09,0.013396595032096004
1979-04-04,3.642e-09,0.003029468465987284
1979-04-05,3.667e-09,0.0068643602416254
1979-04-06,3.691e-09,0.006544859558222038
1979-04-07,3.691e-09,0.0
1979-04-08,3.691e-09,0.0
1979-04-09,3.722e-09,0.008398807911135231
1979-04-10,3.738e-09,0.004298764105319597
1979-04-11,3.784e-09,0.012306046013911276
1979-04-12,3.784e-09,0.0
1979-04-13,3.784e-09,0.0
1979-04-14,3.784e-09,0.0
1979-04-15,3.784e-09,0.0
1979-04-16,3.831e-09,0.012420718816067433
1979-04-17,3.905e-09,0.01931610545549467
1979-04-18,3.973e-09,0.017413572343149886
1979-04-19,3.929e-09,-0.011074754593506264
1979-04-20,4.008e-09,0.02010689742937144
1979-04-21,4.008e-09,0.0
1979-04-22,4.008e-09,0.0
1979-04-23,4.033e-09,0.00623752495009966
1979-04-24,4.142e-09,0.027027027027027195
1979-04-25,4.186e-09,0.010622887493964228
1979-04-26,4.127e-09,-0.014094601051122813
1979-04-27,4.118e-09,-0.0021807608432276027
1979-04-28,4.118e-09,0.0
1979-04-29,4.118e-09,0.0
1979-04-30,4.148e-09,0.0072850898494414285
1979-05-01,4.148e-09,0.0
1979-05-02,4.131e-09,-0.004098360655737765
1979-05-03,4.064e-09,-0.016218833212297223
1979-05-04,4.029e-09,-0.008612204724409489
1979-05-05,4.029e-09,0.0
1979-05-06,4.029e-09,0.0
1979-05-07,4.088e-09,0.014643832216430841
1979-05-08,4.173e-09,0.020792563600782854
1979-05-09,4.212e-09,0.009345794392523255
1979-05-10,4.178e-09,-0.008072174738841364
1979-05-11,4.177e-09,-0.00023934897079946893
1979-05-12,4.177e-09,0.0
1979-05-13,4.177e-09,0.0
1979-05-14,4.279e-09,0.024419439789322483
1979-05-15,4.34e-09,0.014255667211965584
1979-05-16,4.305e-09,-0.008064516129032251
1979-05-17,4.33e-09,0.005807200929152101
1979-05-18,4.326e-09,-0.0009237875288682362
1979-05-19,4.326e-09,0.0
1979-05-20,4.326e-09,0.0
1979-05-21,4.319e-09,-0.0016181229773464256
1979-05-22,4.378e-09,0.013660569576291026
1979-05-23,4.378e-09,0.0
1979-05-24,4.375e-09,-0.0006852444038374372
1979-05-25,4.38e-09,0.0011428571428571122
1979-05-26,4.38e-09,0.0
1979-05-27,4.38e-09,0.0
1979-05-28,4.437e-09,0.013013698630137016
1979-05-29,4.547e-09,0.024791525805724524
1979-05-30,4.503e-09,-0.00967670991862768
1979-05-31,4.489e-09,-0.003109038418831922
1979-06-01,4.429e-09,-0.013366005791935698
1979-06-02,4.429e-09,0.0
1979-06-03,4.429e-09,0.0
1979-06-04,4.416e-09,-0.0029351998193725137
1979-06-05,4.396e-09,-0.00452898550724623
1979-06-06,4.449e-09,0.012056414922656966
1979-06-07,4.402e-09,-0.01056417172398283
1979-06-08,4.337e-09,-0.014766015447523873
1979-06-09,4.337e-09,0.0
1979-06-10,4.337e-09,0.0
1979-06-11,4.319e-09,-0.004150334332488015
1979-06-12,4.305e-09,-0.0032414910858993284
1979-06-13,4.356e-09,0.01184668989547033
1979-06-14,4.356e-09,0.0
1979-06-15,4.376e-09,0.004591368227731651
1979-06-16,4.376e-09,0.0
1979-06-17,4.376e-09,0.0
1979-06-18,4.343e-09,-0.007541133455210125
1979-06-19,4.35e-09,0.001611789085885329
1979-06-20,4.383e-09,0.0075862068965517615
1979-06-21,4.371e-09,-0.002737850787132179
1979-06-22,4.334e-09,-0.00846488217799124
1979-06-23,4.334e-09,0.0
1979-06-24,4.334e-09,0.0
1979-06-25,4.262e-09,-0.0166128287955698
1979-06-26,4.195e-09,-0.015720319099014723
1979-06-27,4.204e-09,0.0021454112038141737
1979-06-28,4.233e-09,0.006898192197906772
1979-06-29,4.167e-09,-0.01559177888022667
1979-06-30,4.167e-09,0.0
1979-07-01,4.167e-09,0.0
1979-07-02,4.092e-09,-0.017998560115190743
1979-07-03,4.011e-09,-0.019794721407624616
1979-07-04,3.971e-09,-0.00997257541760177
1979-07-05,4.008e-09,0.009317552253840455
1979-07-06,3.947e-09,-0.01521956087824361
1979-07-07,3.947e-09,0.0
1979-07-08,3.947e-09,0.0
1979-07-09,3.936e-09,-0.0027869267798328323
1979-07-10,3.899e-09,-0.009400406504064929
1979-07-11,3.993e-09,0.024108745832264633
1979-07-12,3.977e-09,-0.004007012271475041
1979-07-13,4.02e-09,0.010812169977369779
1979-07-14,4.02e-09,0.0
1979-07-15,4.02e-09,0.0
1979-07-16,4.055e-09,0.008706467661691475
1979-07-17,4.127e-09,0.017755856966708006
1979-07-18,4.109e-09,-0.004361521686455205
1979-07-19,4.169e-09,0.014602092966658597
1979-07-20,4.132e-09,-0.008875029983209326
1979-07-21,4.132e-09,0.0
1979-07-22,4.132e-09,0.0
1979-07-23,4.103e-09,-0.0070183930300096176
1979-07-24,4.07e-09,-0.008042895442359255
1979-07-25,4.103e-09,0.008108108108108247
1979-07-26,4.104e-09,0.00024372410431383607
1979-07-27,4.13e-09,0.006335282651072083
1979-07-28,4.13e-09,0.0
1979-07-29,4.13e-09,0.0
1979-07-30,4.162e-09,0.0077481840193707185
1979-07-31,4.163e-09,0.00024026910139340885
1979-08-01,4.148e-09,-0.0036031707902953736
1979-08-02,4.161e-09,0.003134040501446389
1979-08-03,4.144e-09,-0.0040855563566450925
1979-08-04,4.144e-09,0.0
1979-08-05,4.144e-09,0.0
1979-08-06,4.153e-09,0.00217181467181482
1979-08-07,4.161e-09,0.0019263183241029491
1979-08-08,4.182e-09,0.005046863734679219
1979-08-09,4.214e-09,0.00765184122429452
1979-08-10,4.215e-09,0.00023730422401535556
1979-08-11,4.215e-09,0.0
1979-08-12,4.215e-09,0.0
1979-08-13,4.228e-09,0.0030842230130485593
1979-08-14,4.253e-09,0.00591296121097451
1979-08-15,4.291e-09,0.008934869503879561
1979-08-16,4.327e-09,0.008389652761593869
1979-08-17,4.32e-09,-0.0016177490177952114
1979-08-18,4.32e-09,0.0
1979-08-19,4.32e-09,0.0
1979-08-20,4.3e-09,-0.004629629629629761
1979-08-21,4.308e-09,0.0018604651162790198
1979-08-22,4.272e-09,-0.00835654596100266
1979-08-23,4.33e-09,0.013576779026217123
1979-08-24,4.41e-09,0.01847575057736739
1979-08-25,4.41e-09,0.0
1979-08-26,4.41e-09,0.0
1979-08-27,4.432e-09,0.0049886621315193835
1979-08-28,4.469e-09,0.008348375451263434
1979-08-29,4.466e-09,-0.0006712911165809299
1979-08-30,4.491e-09,0.00559785042543659
1979-08-31,4.505e-09,0.003117345802716498
1979-09-01,4.505e-09,0.0
1979-09-02,4.505e-09,0.0
1979-09-03,4.506e-09,0.00022197558268599593
1979-09-04,4.556e-09,0.011096316023080366
1979-09-05,4.629e-09,0.01602282704126412
1979-09-06,4.673e-09,0.009505292719810043
1979-09-07,4.673e-09,0.0
1979-09-08,4.673e-09,0.0
1979-09-09,4.673e-09,0.0
1979-09-10,4.675e-09,0.0004279905842070608
1979-09-11,4.722e-09,0.01005347593582906
1979-09-12,4.836e-09,0.02414231257941557
1979-09-13,4.885e-09,0.010132340777502025
1979-09-14,4.953e-09,0.01392016376663241
1979-09-15,4.953e-09,0.0
1979-09-16,4.953e-09,0.0
1979-09-17,5.085e-09,0.026650514839491102
1979-09-18,5.083e-09,-0.0003933136676499416
1979-09-19,4.983e-09,-0.019673421207948127
1979-09-20,5.026e-09,0.008629339755167553
1979-09-21,5.116e-09,0.01790688420214881
1979-09-22,5.116e-09,0.0
1979-09-23,5.116e-09,0.0
1979-09-24,5.182e-09,0.012900703674745717
1979-09-25,5.319e-09,0.02643766885372445
1979-09-26,5.427e-09,0.020304568527918843
1979-09-27,5.429e-09,0.00036852773171180964
1979-09-28,5.455e-09,0.004789095597715898
1979-09-29,5.455e-09,0.0
1979-09-30,5.455e-09,0.0
1979-10-01,5.591e-09,0.024931255728689372
1979-10-02,5.769e-09,0.03183688070112689
1979-10-03,5.747e-09,-0.0038134858727683074
1979-10-04,5.61e-09,-0.023838524447537868
1979-10-05,5.777e-09,0.02976827094474155
1979-10-06,5.777e-09,0.0
1979-10-07,5.777e-09,0.0
1979-10-08,6.016e-09,0.04137095378223976
1979-10-09,6.234e-09,0.036236702127659504
1979-10-10,6.25e-09,0.002566570420275971
1979-10-11,6.192e-09,-0.009279999999999955
1979-10-12,6.294e-09,0.016472868217054293
1979-10-13,6.294e-09,0.0
1979-10-14,6.294e-09,0.0
1979-10-15,6.269e-09,-0.003972036860502071
1979-10-16,6.455e-09,0.02966980379645867
1979-10-17,6.672e-09,0.03361735089078244
1979-10-18,6.615e-09,-0.008543165467625902
1979-10-19,6.594e-09,-0.0031746031746031633
1979-10-20,6.594e-09,0.0
1979-10-21,6.594e-09,0.0
1979-10-22,6.845e-09,0.03806490749165903
1979-10-23,6.905e-09,0.008765522279035709
1979-10-24,6.711e-09,-0.028095582910934058
1979-10-25,6.544e-09,-0.02488451795559532
1979-10-26,6.355e-09,-0.02888141809290956
1979-10-27,6.355e-09,0.0
1979-10-28,6.355e-09,0.0
1979-10-29,6.068e-09,-0.04516129032258054
1979-10-30,6.218e-09,0.024719841793012565
1979-10-31,6.328e-09,0.01769057574782895
1979-11-01,6.198e-09,-0.020543615676358984
1979-11-02,6.198e-09,0.0
1979-11-03,6.198e-09,0.0
1979-11-04,6.198e-09,0.0
1979-11-05,5.935e-09,-0.04243304291707006
1979-11-06,5.933e-09,-0.00033698399326032025
1979-11-07,5.756e-09,-0.029833136693072637
1979-11-08,5.802e-09,0.007991660875607876
1979-11-09,5.742e-09,-0.010341261633919241
1979-11-10,5.742e-09,0.0
1979-11-11,5.742e-09,0.0
1979-11-12,5.732e-09,-0.0017415534656914922
1979-11-13,5.835e-09,0.017969295184926848
1979-11-14,5.907e-09,0.012339331619537264
1979-11-15,5.907e-09,0.0
1979-11-16,6.004e-09,0.01642119519214491
1979-11-17,6.004e-09,0.0
1979-11-18,6.004e-09,0.0
1979-11-19,5.953e-09,-0.008494337108594374
1979-11-20,5.876e-09,-0.012934654795901168
1979-11-21,5.808e-09,-0.011572498298162093
1979-11-22,5.76e-09,-0.008264462809917328
1979-11-23,5.566e-09,-0.0336805555555556
1979-11-24,5.566e-09,0.0
1979-11-25,5.566e-09,0.0
1979-11-26,5.417e-09,-0.02676967301473232
1979-11-27,5.429e-09,0.00221524829241293
1979-11-28,5.494e-09,0.011972738994289855
1979-11-29,5.523e-09,0.00527848562067712
1979-11-30,5.445e-09,-0.0141227593699077
1979-12-01,5.445e-09,0.0
1979-12-02,5.445e-09,0.0
1979-12-03,5.389e-09,-0.010284664830119361
1979-12-04,5.521e-09,0.024494340322879893
1979-12-05,5.63e-09,0.019742800217351864
1979-12-06,5.584e-09,-0.008170515097690956
1979-12-07,5.572e-09,-0.0021489971346704273
1979-12-08,5.572e-09,0.0
1979-12-09,5.572e-09,0.0
1979-12-10,5.596e-09,0.004307250538406304
1979-12-11,5.502e-09,-0.016797712651894225
1979-12-12,5.502e-09,0.0
1979-12-13,5.457e-09,-0.008178844056706769
1979-12-14,5.487e-09,0.005497526113249052
1979-12-15,5.487e-09,0.0
1979-12-16,5.487e-09,0.0
1979-12-17,5.52e-09,0.006014215418261415
1979-12-18,5.558e-09,0.0068840579710145455
1979-12-19,5.642e-09,0.015113350125944613
1979-12-20,5.566e-09,-0.013470400567174745
1979-12-21,5.529e-09,-0.006647502694933527
1979-12-22,5.529e-09,0.0
1979-12-23,5.529e-09,0.0
1979-12-24,5.529e-09,0.0
1979-12-25,5.529e-09,0.0
1979-12-26,5.56e-09,0.005606800506420706
1979-12-27,5.579e-09,0.003417266187050405
1979-12-28,5.558e-09,-0.0037641154328732496
1979-12-29,5.558e-09,0.0
1979-12-30,5.558e-09,0.0
1979-12-31,5.558e-09,0.0
1980-01-01,5.558e-09,0.0
1980-01-02,5.614e-09,0.010075566750629594
1980-01-03,5.716e-09,0.018168863555397152
1980-01-04,5.858e-09,0.02484254723582935
1980-01-05,5.858e-09,0.0
1980-01-06,5.858e-09,0.0
1980-01-07,5.919e-09,0.01041311027654479
1980-01-08,5.972e-09,0.008954215239060703
1980-01-09,6.048e-09,0.012726054922973962
1980-01-10,6.124e-09,0.01256613756613767
1980-01-11,6.127e-09,0.0004898758981057849
1980-01-12,6.127e-09,0.0
1980-01-13,6.127e-09,0.0
1980-01-14,6.187e-09,0.009792720744246752
1980-01-15,6.256e-09,0.011152416356877248
1980-01-16,6.289e-09,0.005274936061381075
1980-01-17,6.555e-09,0.04229607250755274
1980-01-18,6.789e-09,0.03569794050343256
1980-01-19,6.789e-09,0.0
1980-01-20,6.789e-09,0.0
1980-01-21,6.837e-09,0.007070260715863919
1980-01-22,6.748e-09,-0.013017405294719953
1980-01-23,6.887e-09,0.020598695909899156
1980-01-24,6.898e-09,0.001597212138812365
1980-01-25,6.898e-09,0.0
1980-01-26,6.898e-09,0.0
1980-01-27,6.898e-09,0.0
1980-01-28,6.812e-09,-0.012467381849811554
1980-01-29,6.939e-09,0.018643570170287838
1980-01-30,7.068e-09,0.018590575010808408
1980-01-31,7.091e-09,0.003254102999433961
1980-02-01,6.961e-09,-0.018333098293611516
1980-02-02,6.961e-09,0.0
1980-02-03,6.961e-09,0.0
1980-02-04,6.894e-09,-0.0096250538715702
1980-02-05,6.868e-09,-0.003771395416304113
1980-02-06,6.896e-09,0.004076878276062956
1980-02-07,6.941e-09,0.006525522041763265
1980-02-08,6.956e-09,0.0021610718916582616
1980-02-09,6.956e-09,0.0
1980-02-10,6.956e-09,0.0
1980-02-11,6.944e-09,-0.0017251293847039273
1980-02-12,6.88e-09,-0.009216589861751112
1980-02-13,6.862e-09,-0.0026162790697674687
1980-02-14,7.007e-09,0.021130865636840745
1980-02-15,7.075e-09,0.009704581133152423
1980-02-16,7.075e-09,0.0
1980-02-17,7.075e-09,0.0
1980-02-18,7.075e-09,0.0
1980-02-19,7.075e-09,0.0
1980-02-20,7.075e-09,0.0
1980-02-21,7.155e-09,0.011307420494699683
1980-02-22,7.301e-09,0.020405310971348678
1980-02-23,7.301e-09,0.0
1980-02-24,7.301e-09,0.0
1980-02-25,7.326e-09,0.003424188467333167
1980-02-26,7.401e-09,0.010237510237510294
1980-02-27,7.647e-09,0.033238751520064946
1980-02-28,7.661e-09,0.0018307833137176655
1980-02-29,7.752e-09,0.011878344863594847
1980-03-01,7.752e-09,0.0
1980-03-02,7.752e-09,0.0
1980-03-03,7.59e-09,-0.02089783281733748
1980-03-04,7.48e-09,-0.01449275362318847
1980-03-05,7.422e-09,-0.007754010695187108
1980-03-06,7.263e-09,-0.02142279708973327
1980-03-07,7.37e-09,0.01473220432328226
1980-03-08,7.37e-09,0.0
1980-03-09,7.37e-09,0.0
1980-03-10,7.35e-09,-0.0027137042062416183
1980-03-11,7.462e-09,0.015238095238095273
1980-03-12,7.65e-09,0.02519431787724491
1980-03-13,7.801e-09,0.019738562091503153
1980-03-14,7.712e-09,-0.011408793744391743
1980-03-15,7.712e-09,0.0
1980-03-16,7.712e-09,0.0
1980-03-17,7.733e-09,0.002723029045643255
1980-03-18,7.89e-09,0.02030259924996769
1980-03-19,7.985e-09,0.012040557667934104
1980-03-20,8.068e-09,0.010394489668127616
1980-03-21,8.142e-09,0.009172037679722411
1980-03-22,8.142e-09,0.0
1980-03-23,8.142e-09,0.0
1980-03-24,8.245e-09,0.012650454433800196
1980-03-25,8.332e-09,0.010551849605821673
1980-03-26,8.365e-09,0.003960633701392435
1980-03-27,8.439e-09,0.00884638374178115
1980-03-28,8.303e-09,-0.016115653513449457
1980-03-29,8.303e-09,0.0
1980-03-30,8.303e-09,0.0
1980-03-31,8.21e-09,-0.011200770805732785
1980-04-01,8.325e-09,0.014007308160779441
1980-04-02,8.52e-09,0.023423423423423406
1980-04-03,8.52e-09,0.0
1980-04-04,8.52e-09,0.0
1980-04-05,8.52e-09,0.0
1980-04-06,8.52e-09,0.0
1980-04-07,8.548e-09,0.0032863849765258912
1980-04-08,8.649e-09,0.0118156293869911
1980-04-09,8.723e-09,0.008555902416464312
1980-04-10,8.577e-09,-0.01673736099965606
1980-04-11,8.353e-09,-0.026116357700827653
1980-04-12,8.353e-09,0.0
1980-04-13,8.353e-09,0.0
1980-04-14,8.252e-09,-0.012091464144618702
1980-04-15,8.301e-09,0.0059379544352884395
1980-04-16,8.091e-09,-0.025298156848572395
1980-04-17,8.305e-09,0.02644914102088758
1980-04-18,8.235e-09,-0.008428657435279985
1980-04-19,8.235e-09,0.0
1980-04-20,8.235e-09,0.0
1980-04-21,8.235e-09,0.0
1980-04-22,8.142e-09,-0.011293260473588473
1980-04-23,8.022e-09,-0.014738393515106751
1980-04-24,7.999e-09,-0.002867115432560574
1980-04-25,7.761e-09,-0.029753719214901664
1980-04-26,7.761e-09,0.0
1980-04-27,7.761e-09,0.0
1980-04-28,7.773e-09,0.0015461925009661037
1980-04-29,7.782e-09,0.0011578541103820505
1980-04-30,7.935e-09,0.01966075558982272
1980-05-01,7.935e-09,0.0
1980-05-02,8.032e-09,0.012224322621298134
1980-05-03,8.032e-09,0.0
1980-05-04,8.032e-09,0.0
1980-05-05,8.216e-09,0.02290836653386452
1980-05-06,8.334e-09,0.014362220058422581
1980-05-07,8.559e-09,0.02699784017278617
1980-05-08,8.737e-09,0.02079682205865163
1980-05-09,8.892e-09,0.017740643241387133
1980-05-10,8.892e-09,0.0
1980-05-11,8.892e-09,0.0
1980-05-12,8.948e-09,0.0062977957714800414
1980-05-13,9.178e-09,0.025704067948144838
1980-05-14,9.544e-09,0.039877969056439255
1980-05-15,9.44e-09,-0.010896898575020852
1980-05-16,9.569e-09,0.013665254237287927
1980-05-17,9.569e-09,0.0
1980-05-18,9.569e-09,0.0
1980-05-19,9.743e-09,0.01818371825687115
1980-05-20,9.829e-09,0.008826850046186996
1980-05-21,1.0354e-08,0.0534133686031133
1980-05-22,9.57e-09,-0.07571952868456622
1980-05-23,9.579e-09,0.0009404388714731038
1980-05-24,9.579e-09,0.0
1980-05-25,9.579e-09,0.0
1980-05-26,9.522e-09,-0.0059505167554022576
1980-05-27,9.747e-09,0.023629489603024467
1980-05-28,9.563e-09,-0.018877603365137996
1980-05-29,9.324e-09,-0.024992157272822335
1980-05-30,9.331e-09,0.0007507507507507061
1980-05-31,9.331e-09,0.0
1980-06-01,9.331e-09,0.0
1980-06-02,9.22e-09,-0.011895831100632304
1980-06-03,9.446e-09,0.024511930585683572
1980-06-04,9.54e-09,0.009951302138471174
1980-06-05,9.54e-09,0.0
1980-06-06,9.681e-09,0.01477987421383653
1980-06-07,9.681e-09,0.0
1980-06-08,9.681e-09,0.0
1980-06-09,9.629e-09,-0.0053713459353373905
1980-06-10,9.586e-09,-0.004465676601931534
1980-06-11,9.782e-09,0.02044648445649888
1980-06-12,9.681e-09,-0.010325086894295565
1980-06-13,9.71e-09,0.002995558310092017
1980-06-14,9.71e-09,0.0
1980-06-15,9.71e-09,0.0
1980-06-16,9.709e-09,-0.00010298661174057422
1980-06-17,9.837e-09,0.013183644041611098
1980-06-18,1.0008e-08,0.017383348581884617
1980-06-19,1.0041e-08,0.003297362110311841
1980-06-20,1.0132e-08,0.009062842346379663
1980-06-21,1.0132e-08,0.0
1980-06-22,1.0132e-08,0.0
1980-06-23,1.0171e-08,0.0038491906829847267
1980-06-24,1.0288e-08,0.01150329367810432
1980-06-25,1.0322e-08,0.003304821150855508
1980-06-26,1.0592e-08,0.026157721371827147
1980-06-27,1.0669e-08,0.007269637462235634
1980-06-28,1.0669e-08,0.0
1980-06-29,1.0669e-08,0.0
1980-06-30,1.0604e-08,-0.00609241728371912
1980-07-01,1.0688e-08,0.007921539041870984
1980-07-02,1.0934e-08,0.02301646706586835
1980-07-03,1.0934e-08,0.0
1980-07-04,1.1214e-08,0.025608194622279035
1980-07-05,1.1214e-08,0.0
1980-07-06,1.1214e-08,0.0
1980-07-07,1.1407e-08,0.017210629570179936
1980-07-08,1.1408e-08,8.766546857197355e-05
1980-07-09,1.1395e-08,-0.0011395511921458157
1980-07-10,1.1226e-08,-0.014831066257130265
1980-07-11,1.1319e-08,0.008284339925173745
1980-07-12,1.1319e-08,0.0
1980-07-13,1.1319e-08,0.0
1980-07-14,1.1389e-08,0.006184291898577499
1980-07-15,1.1262e-08,-0.01115111072087105
1980-07-16,1.1358e-08,0.008524240809802741
1980-07-17,1.1314e-08,-0.0038739214650467257
1980-07-18,1.1336e-08,0.0019444935478167835
1980-07-19,1.1336e-08,0.0
1980-07-20,1.1336e-08,0.0
1980-07-21,1.1214e-08,-0.010762173606210235
1980-07-22,1.1101e-08,-0.010076689851970855
1980-07-23,1.1099e-08,-0.00018016394919362355
1980-07-24,1.1227e-08,0.011532570501846973
1980-07-25,1.1211e-08,-0.0014251358332590947
1980-07-26,1.1211e-08,0.0
1980-07-27,1.1211e-08,0.0
1980-07-28,1.1114e-08,-0.008652216573008742
1980-07-29,1.1066e-08,-0.004318877091956108
1980-07-30,1.0979e-08,-0.007861919392734396
1980-07-31,1.0854e-08,-0.011385372073959288
1980-08-01,1.0784e-08,-0.006449235304956669
1980-08-02,1.0784e-08,0.0
1980-08-03,1.0784e-08,0.0
1980-08-04,1.0806e-08,0.002040059347180767
1980-08-05,1.0926e-08,0.01110494169905607
1980-08-06,1.1098e-08,0.01574226615412777
1980-08-07,1.1153e-08,0.004955847900522725
1980-08-08,1.1154e-08,8.966197435666956e-05
1980-08-09,1.1154e-08,0.0
1980-08-10,1.1154e-08,0.0
1980-08-11,1.111e-08,-0.0039447731755424265
1980-08-12,1.0935e-08,-0.015751575157515796
1980-08-13,1.0939e-08,0.00036579789666202345
1980-08-14,1.1024e-08,0.0077703629216565595
1980-08-15,1.0903e-08,-0.010976052249637158
1980-08-16,1.0903e-08,0.0
1980-08-17,1.0903e-08,0.0
1980-08-18,1.0795e-08,-0.009905530587911549
1980-08-19,1.0491e-08,-0.028161185734136285
1980-08-20,1.0602e-08,0.010580497569345093
1980-08-21,1.0719e-08,0.011035653650254718
1980-08-22,1.0755e-08,0.0033585222502099388
1980-08-23,1.0755e-08,0.0
1980-08-24,1.0755e-08,0.0
1980-08-25,1.0721e-08,-0.0031613203161319214
1980-08-26,1.0766e-08,0.00419736964835371
1980-08-27,1.0811e-08,0.004179825376184221
1980-08-28,1.0848e-08,0.003422440107298197
1980-08-29,1.0949e-08,0.009310471976401002
1980-08-30,1.0949e-08,0.0
1980-08-31,1.0949e-08,0.0
1980-09-01,1.1036e-08,0.00794593113526365
1980-09-02,1.1121e-08,0.007702065965929705
1980-09-03,1.1181e-08,0.005395198273536517
1980-09-04,1.1167e-08,-0.0012521241391646454
1980-09-05,1.1162e-08,-0.0004477478284230507
1980-09-06,1.1162e-08,0.0
1980-09-07,1.1162e-08,0.0
1980-09-08,1.1015e-08,-0.013169682852535392
1980-09-09,1.1e-08,-0.001361779391738538
1980-09-10,1.1019e-08,0.0017272727272727995
1980-09-11,1.1123e-08,0.009438243034758154
1980-09-12,1.117e-08,0.004225478737750699
1980-09-13,1.117e-08,0.0
1980-09-14,1.117e-08,0.0
1980-09-15,1.1163e-08,-0.0006266786034019312
1980-09-16,1.1107e-08,-0.005016572605930358
1980-09-17,1.1098e-08,-0.0008102998109300596
1980-09-18,1.1084e-08,-0.0012614885564966594
1980-09-19,1.1024e-08,-0.00541320822807656
1980-09-20,1.1024e-08,0.0
1980-09-21,1.1024e-08,0.0
1980-09-22,1.0971e-08,-0.004807692307692402
1980-09-23,1.0787e-08,-0.016771488469601747
1980-09-24,1.0582e-08,-0.019004357096504942
1980-09-25,1.0606e-08,0.0022680022680023892
1980-09-26,1.0635e-08,0.002734301338864764
1980-09-27,1.0635e-08,0.0
1980-09-28,1.0635e-08,0.0
1980-09-29,1.0238e-08,-0.03732957216737187
1980-09-30,9.965e-09,-0.026665364328970487
1980-10-01,9.822e-09,-0.014350225790265903
1980-10-02,1.0175e-08,0.03593972714314808
1980-10-03,1.02e-08,0.002457002457002533
1980-10-04,1.02e-08,0.0
1980-10-05,1.02e-08,0.0
1980-10-06,1.0092e-08,-0.010588235294117676
1980-10-07,1.021e-08,0.011692429647245373
1980-10-08,1.0172e-08,-0.0037218413320274646
1980-10-09,1.0243e-08,0.006979944946913008
1980-10-10,1.0271e-08,0.0027335741481988585
1980-10-11,1.0271e-08,0.0
1980-10-12,1.0271e-08,0.0
1980-10-13,1.0255e-08,-0.0015577840521857622
1980-10-14,1.0261e-08,0.0005850804485616479
1980-10-15,1.0113e-08,-0.014423545463405185
1980-10-16,1.0034e-08,-0.007811727479481667
1980-10-17,9.987e-09,-0.004684074147897177
1980-10-18,9.987e-09,0.0
1980-10-19,9.987e-09,0.0
1980-10-20,9.89e-09,-0.009712626414338676
1980-10-21,9.827e-09,-0.0063700707785642185
1980-10-22,9.644e-09,-0.01862216342729206
1980-10-23,9.423e-09,-0.022915802571547128
1980-10-24,9.514e-09,0.009657221691605766
1980-10-25,9.514e-09,0.0
1980-10-26,9.514e-09,0.0
1980-10-27,9.54e-09,0.002732814799243144
1980-10-28,9.51e-09,-0.0031446540880502027
1980-10-29,9.422e-09,-0.009253417455310275
1980-10-30,9.4e-09,-0.002334960730205893
1980-10-31,9.451e-09,0.0054255319148937
1980-11-01,9.451e-09,0.0
1980-11-02,9.451e-09,0.0
1980-11-03,9.36e-09,-0.009628610729023324
1980-11-04,9.367e-09,0.0007478632478632452
1980-11-05,8.921e-09,-0.047613963915875024
1980-11-06,8.813e-09,-0.012106266113664388
1980-11-07,9.043e-09,0.02609781005333045
1980-11-08,9.043e-09,0.0
1980-11-09,9.043e-09,0.0
1980-11-10,9.094e-09,0.005639721331416547
1980-11-11,9.262e-09,0.018473718935561934
1980-11-12,9.303e-09,0.004426689699848829
1980-11-13,9.205e-09,-0.010534236267870645
1980-11-14,9.32e-09,0.012493210211841355
1980-11-15,9.32e-09,0.0
1980-11-16,9.32e-09,0.0
1980-11-17,9.162e-09,-0.016952789699570814
1980-11-18,9.209e-09,0.005129884304736931
1980-11-19,9.181e-09,-0.0030405038549246033
1980-11-20,9.149e-09,-0.0034854591003158353
1980-11-21,8.976e-09,-0.01890917040113671
1980-11-22,8.976e-09,0.0
1980-11-23,8.976e-09,0.0
1980-11-24,8.66e-09,-0.035204991087344095
1980-11-25,8.677e-09,0.001963048498845321
1980-11-26,8.559e-09,-0.013599170220122136
1980-11-27,8.72e-09,0.0188106087159714
1980-11-28,8.73e-09,0.0011467889908256534
1980-11-29,8.73e-09,0.0
1980-11-30,8.73e-09,0.0
1980-12-01,8.773e-09,0.004925544100801815
1980-12-02,8.723e-09,-0.005699304684828488
1980-12-03,8.627e-09,-0.0110053880545683
1980-12-04,8.371e-09,-0.029674278428190703
1980-12-05,8.231e-09,-0.01672440568629796
1980-12-06,8.231e-09,0.0
1980-12-07,8.231e-09,0.0
1980-12-08,8.176e-09,-0.006682055643299711
1980-12-09,7.824e-09,-0.04305283757338563
1980-12-10,7.918e-09,0.012014314928425529
1980-12-11,7.966e-09,0.006062136903258297
1980-12-12,7.968e-09,0.0002510670348983002
1980-12-13,7.968e-09,0.0
1980-12-14,7.968e-09,0.0
1980-12-15,7.84e-09,-0.01606425702811265
1980-12-16,7.649e-09,-0.02436224489795913
1980-12-17,7.689e-09,0.005229441757092612
1980-12-18,7.804e-09,0.014956431265443992
1980-12-19,7.92e-09,0.01486417221937475
1980-12-20,7.92e-09,0.0
1980-12-21,7.92e-09,0.0
1980-12-22,7.88e-09,-0.005050505050505083
1980-12-23,7.776e-09,-0.013197969543147225
1980-12-24,7.776e-09,0.0
1980-12-25,7.776e-09,0.0
1980-12-26,7.868e-09,0.011831275720164625
1980-12-27,7.868e-09,0.0
1980-12-28,7.868e-09,0.0
1980-12-29,8.001e-09,0.01690391459074747
1980-12-30,8.014e-09,0.0016247969003875262
1980-12-31,8.014e-09,0.0
1981-01-01,8.014e-09,0.0
1981-01-02,8.138e-09,0.015472922385824761
1981-01-03,8.138e-09,0.0
1981-01-04,8.138e-09,0.0
1981-01-05,8.305e-09,0.020521012533792238
1981-01-06,8.433e-09,0.015412402167368944
1981-01-07,8.515e-09,0.009723704494248864
1981-01-08,8.576e-09,0.007163828537874339
1981-01-09,8.783e-09,0.0241371268656716
1981-01-10,8.783e-09,0.0
1981-01-11,8.783e-09,0.0
1981-01-12,8.941e-09,0.017989297506546764
1981-01-13,9.07e-09,0.014427916340453928
1981-01-14,9.066e-09,-0.0004410143329657279
1981-01-15,8.959e-09,-0.01180233840723588
1981-01-16,8.975e-09,0.0017859136064293235
1981-01-17,8.975e-09,0.0
1981-01-18,8.975e-09,0.0
1981-01-19,9.138e-09,0.018161559888579593
1981-01-20,9.189e-09,0.005581089954038054
1981-01-21,9.045e-09,-0.015670910871694588
1981-01-22,8.852e-09,-0.021337755666113734
1981-01-23,8.852e-09,0.0
1981-01-24,8.852e-09,0.0
1981-01-25,8.852e-09,0.0
1981-01-26,8.759e-09,-0.010506100316312827
1981-01-27,8.713e-09,-0.005251741066331639
1981-01-28,8.833e-09,0.013772523814989057
1981-01-29,8.838e-09,0.0005660590965694823
1981-01-30,8.831e-09,-0.0007920343969223254
1981-01-31,8.831e-09,0.0
1981-02-01,8.831e-09,0.0
1981-02-02,8.683e-09,-0.01675914392481026
1981-02-03,8.56e-09,-0.014165610963952635
1981-02-04,8.627e-09,0.007827102803738217
1981-02-05,8.7e-09,0.008461805958038804
1981-02-06,8.709e-09,0.001034482758620614
1981-02-07,8.709e-09,0.0
1981-02-08,8.709e-09,0.0
1981-02-09,8.698e-09,-0.001263061201056459
1981-02-10,8.702e-09,0.00045987583352502526
1981-02-11,8.75e-09,0.005515973339462077
1981-02-12,8.842e-09,0.010514285714285698
1981-02-13,8.939e-09,0.010970368694865229
1981-02-14,8.939e-09,0.0
1981-02-15,8.939e-09,0.0
1981-02-16,8.945e-09,0.0006712160196891137
1981-02-17,8.993e-09,0.005366126327557286
1981-02-18,9.005e-09,0.0013343711775826161
1981-02-19,9.023e-09,0.001998889505830048
1981-02-20,9.147e-09,0.013742657652665358
1981-02-21,9.147e-09,0.0
1981-02-22,9.147e-09,0.0
1981-02-23,9.037e-09,-0.012025800809008502
1981-02-24,8.922e-09,-0.01272546198959823
1981-02-25,8.794e-09,-0.01434655906747384
1981-02-26,8.777e-09,-0.0019331362292471788
1981-02-27,8.7e-09,-0.008772929246895211
1981-02-28,8.7e-09,0.0
1981-03-01,8.7e-09,0.0
1981-03-02,8.7e-09,0.0
1981-03-03,8.7e-09,0.0
1981-03-04,8.7e-09,0.0
1981-03-05,8.594e-09,-0.01218390804597691
1981-03-06,8.593e-09,-0.00011636025133832106
1981-03-07,8.593e-09,0.0
1981-03-08,8.593e-09,0.0
1981-03-09,8.63e-09,0.004305830327010485
1981-03-10,8.47e-09,-0.018539976825028948
1981-03-11,8.315e-09,-0.018299881936245654
1981-03-12,8.269e-09,-0.0055321707757066685
1981-03-13,8.123e-09,-0.01765630668762852
1981-03-14,8.123e-09,0.0
1981-03-15,8.123e-09,0.0
1981-03-16,8.01e-09,-0.013911116582543293
1981-03-17,7.951e-09,-0.007365792759051248
1981-03-18,7.911e-09,-0.005030813734121398
1981-03-19,7.841e-09,-0.008848438882568588
1981-03-20,7.819e-09,-0.0028057645708455814
1981-03-21,7.819e-09,0.0
1981-03-22,7.819e-09,0.0
1981-03-23,7.828e-09,0.001151042332779184
1981-03-24,7.928e-09,0.012774655084312636
1981-03-25,8.013e-09,0.010721493440968732
1981-03-26,7.958e-09,-0.006863846249844152
1981-03-27,7.878e-09,-0.01005277707966823
1981-03-28,7.878e-09,0.0
1981-03-29,7.878e-09,0.0
1981-03-30,7.833e-09,-0.005712109672505683
1981-03-31,7.795e-09,-0.004851270266819863
1981-04-01,7.731e-09,-0.008210391276459283
1981-04-02,7.683e-09,-0.0062087698874659925
1981-04-03,7.661e-09,-0.002863464792398851
1981-04-04,7.661e-09,0.0
1981-04-05,7.661e-09,0.0
1981-04-06,7.654e-09,-0.0009137188356610482
1981-04-07,7.666e-09,0.001567807682257616
1981-04-08,7.716e-09,0.006522306287503055
1981-04-09,7.745e-09,0.0037584240539139113
1981-04-10,7.836e-09,0.011749515816656064
1981-04-11,7.836e-09,0.0
1981-04-12,7.836e-09,0.0
1981-04-13,7.971e-09,0.017228177641654074
1981-04-14,7.972e-09,0.00012545477355407897
1981-04-15,7.963e-09,-0.001128951329653849
1981-04-16,7.963e-09,0.0
1981-04-17,7.963e-09,0.0
1981-04-18,7.963e-09,0.0
1981-04-19,7.963e-09,0.0
1981-04-20,8.021e-09,0.007283687052618282
1981-04-21,8.021e-09,0.0
1981-04-22,8.073e-09,0.006482982171799101
1981-04-23,8.178e-09,0.013006317354143482
1981-04-24,8.335e-09,0.019197847884568242
1981-04-25,8.335e-09,0.0
1981-04-26,8.335e-09,0.0
1981-04-27,8.277e-09,-0.006958608278344269
1981-04-28,8.173e-09,-0.012564938987555951
1981-04-29,8.158e-09,-0.0018353113911661056
1981-04-30,8.3e-09,0.01740622701642569
1981-05-01,8.3e-09,0.0
1981-05-02,8.3e-09,0.0
1981-05-03,8.3e-09,0.0
1981-05-04,8.232e-09,-0.008192771084337247
1981-05-05,8.282e-09,0.006073858114674202
1981-05-06,8.327e-09,0.005433470176286148
1981-05-07,8.484e-09,0.01885432929026054
1981-05-08,8.708e-09,0.026402640264026278
1981-05-09,8.708e-09,0.0
1981-05-10,8.708e-09,0.0
1981-05-11,8.795e-09,0.009990813045475555
1981-05-12,8.681e-09,-0.01296191017623649
1981-05-13,8.7e-09,0.0021886879391774805
1981-05-14,8.93e-09,0.02643678160919527
1981-05-15,8.963e-09,0.003695408734602612
1981-05-16,8.963e-09,0.0
1981-05-17,8.963e-09,0.0
1981-05-18,9.023e-09,0.006694187214102421
1981-05-19,9.13e-09,0.01185858361963854
1981-05-20,9.083e-09,-0.00514786418400881
1981-05-21,9.135e-09,0.0057249807332380165
1981-05-22,9.258e-09,0.013464696223316697
1981-05-23,9.258e-09,0.0
1981-05-24,9.258e-09,0.0
1981-05-25,9.196e-09,-0.0066969107798660055
1981-05-26,9.214e-09,0.001957372770770016
1981-05-27,9.397e-09,0.01986108096375072
1981-05-28,9.63e-09,0.024795147387464134
1981-05-29,9.674e-09,0.00456905503634486
1981-05-30,9.674e-09,0.0
1981-05-31,9.674e-09,0.0
1981-06-01,9.616e-09,-0.005995451726276579
1981-06-02,9.488e-09,-0.01331114808652245
1981-06-03,9.576e-09,0.009274873524451888
1981-06-04,9.665e-09,0.009294068504594799
1981-06-05,9.842e-09,0.018313502327987674
1981-06-06,9.842e-09,0.0
1981-06-07,9.842e-09,0.0
1981-06-08,9.86e-09,0.0018288965657387024
1981-06-09,9.868e-09,0.0008113590263689741
1981-06-10,1.0015e-08,0.014896635589785268
1981-06-11,1.019e-08,0.017473789316025945
1981-06-12,1.0424e-08,0.022963689892050887
1981-06-13,1.0424e-08,0.0
1981-06-14,1.0424e-08,0.0
1981-06-15,1.0662e-08,0.0228319263238681
1981-06-16,1.0506e-08,-0.01463140123804163
1981-06-17,1.0567e-08,0.00580620597753656
1981-06-18,1.0567e-08,0.0
1981-06-19,1.0644e-08,0.00728683637740124
1981-06-20,1.0644e-08,0.0
1981-06-21,1.0644e-08,0.0
1981-06-22,1.0618e-08,-0.0024426907177752533
1981-06-23,1.046e-08,-0.014880391787530534
1981-06-24,1.0285e-08,-0.016730401529636674
1981-06-25,1.0254e-08,-0.0030140982012639705
1981-06-26,1.044e-08,0.018139262726740712
1981-06-27,1.044e-08,0.0
1981-06-28,1.044e-08,0.0
1981-06-29,1.0629e-08,0.01810344827586219
1981-06-30,1.0589e-08,-0.0037632891146862635
1981-07-01,1.074e-08,0.01426008121635669
1981-07-02,1.0796e-08,0.005214152700186103
1981-07-03,1.0767e-08,-0.0026861800666913016
1981-07-04,1.0767e-08,0.0
1981-07-05,1.0767e-08,0.0
1981-07-06,1.0773e-08,0.0005572582892170441
1981-07-07,1.0769e-08,-0.000371298616912652
1981-07-08,1.0665e-08,-0.009657349800352932
1981-07-09,1.0559e-08,-0.009939052977027574
1981-07-10,1.054e-08,-0.0017994128231839657
1981-07-11,1.054e-08,0.0
1981-07-12,1.054e-08,0.0
1981-07-13,1.0596e-08,0.005313092979126965
1981-07-14,1.0511e-08,-0.008021895054737493
1981-07-15,1.0278e-08,-0.02216725335362968
1981-07-16,1.0152e-08,-0.012259194395796702
1981-07-17,1.0183e-08,0.0030535855003939183
1981-07-18,1.0183e-08,0.0
1981-07-19,1.0183e-08,0.0
1981-07-20,1.0181e-08,-0.00019640577432966655
1981-07-21,1.0114e-08,-0.006580885964050709
1981-07-22,1.0184e-08,0.006921099466086655
1981-07-23,1.0249e-08,0.006382560879811372
1981-07-24,1.0394e-08,0.01414772172894918
1981-07-25,1.0394e-08,0.0
1981-07-26,1.0394e-08,0.0
1981-07-27,1.0482e-08,0.008466422936309392
1981-07-28,1.0659e-08,0.016886090440755508
1981-07-29,1.076e-08,0.009475560559151885
1981-07-30,1.0781e-08,0.0019516728624535684
1981-07-31,1.0801e-08,0.0018551154809387516
1981-08-01,1.0801e-08,0.0
1981-08-02,1.0801e-08,0.0
1981-08-03,1.0881e-08,0.007406721599851895
1981-08-04,1.1023e-08,0.013050271114787293
1981-08-05,1.1121e-08,0.00889050167830896
1981-08-06,1.1121e-08,0.0
1981-08-07,1.0909e-08,-0.019063033899829218
1981-08-08,1.0909e-08,0.0
1981-08-09,1.0909e-08,0.0
1981-08-10,1.1183e-08,0.02511687597396639
1981-08-11,1.1206e-08,0.002056693195028103
1981-08-12,1.1092e-08,-0.010173121542031094
1981-08-13,1.1194e-08,0.009195816804904444
1981-08-14,1.1303e-08,0.009737359299624826
1981-08-15,1.1303e-08,0.0
1981-08-16,1.1303e-08,0.0
1981-08-17,1.1403e-08,0.008847208705653253
1981-08-18,1.1621e-08,0.01911777602385345
1981-08-19,1.2004e-08,0.03295757680061939
1981-08-20,1.2006e-08,0.0001666111296234618
1981-08-21,1.209e-08,0.006996501749125361
1981-08-22,1.209e-08,0.0
1981-08-23,1.209e-08,0.0
1981-08-24,1.2106e-08,0.001323407775020602
1981-08-25,1.1943e-08,-0.013464397819263119
1981-08-26,1.1988e-08,0.0037678975131876236
1981-08-27,1.2247e-08,0.021604938271605034
1981-08-28,1.2243e-08,-0.0003266105985140211
1981-08-29,1.2243e-08,0.0
1981-08-30,1.2243e-08,0.0
1981-08-31,1.2261e-08,0.0014702278853222506
1981-09-01,1.2341e-08,0.006524753282766582
1981-09-02,1.2332e-08,-0.0007292763957540416
1981-09-03,1.2337e-08,0.0004054492377554286
1981-09-04,1.2467e-08,0.010537407797681864
1981-09-05,1.2467e-08,0.0
1981-09-06,1.2467e-08,0.0
1981-09-07,1.2467e-08,0.0
1981-09-08,1.2843e-08,0.030159621400497327
1981-09-09,1.296e-08,0.009110021023125414
1981-09-10,1.3072e-08,0.00864197530864197
1981-09-11,1.3301e-08,0.017518359853121224
1981-09-12,1.3301e-08,0.0
1981-09-13,1.3301e-08,0.0
1981-09-14,1.3404e-08,0.007743778663258372
1981-09-15,1.3647e-08,0.01812891674127126
1981-09-16,1.3692e-08,0.0032974280061552896
1981-09-17,1.3694e-08,0.00014607069821792606
1981-09-18,1.3767e-08,0.005330801811012087
1981-09-19,1.3767e-08,0.0
1981-09-20,1.3767e-08,0.0
1981-09-21,1.3535e-08,-0.016851892205999808
1981-09-22,1.3594e-08,0.004359069080162703
1981-09-23,1.3636e-08,0.003089598352214118
1981-09-24,1.3349e-08,-0.02104722792607816
1981-09-25,1.3248e-08,-0.007566109820960287
1981-09-26,1.3248e-08,0.0
1981-09-27,1.3248e-08,0.0
1981-09-28,1.3306e-08,0.004378019323671545
1981-09-29,1.3416e-08,0.008266947241845735
1981-09-30,1.3563e-08,0.010957066189624332
1981-10-01,1.3792e-08,0.016884170168841806
1981-10-02,1.3936e-08,0.010440835266821269
1981-10-03,1.3936e-08,0.0
1981-10-04,1.3936e-08,0.0
1981-10-05,1.4127e-08,0.013705510907003449
1981-10-06,1.4193e-08,0.0046719048630283755
1981-10-07,1.4361e-08,0.011836820968082806
1981-10-08,1.4611e-08,0.017408258477821903
1981-10-09,1.4866e-08,0.017452604202313315
1981-10-10,1.4866e-08,0.0
1981-10-11,1.4866e-08,0.0
1981-10-12,1.4866e-08,0.0
1981-10-13,1.506e-08,0.013049912552132392
1981-10-14,1.53e-08,0.015936254980079667
1981-10-15,1.5568e-08,0.017516339869281028
1981-10-16,1.5753e-08,0.011883350462487119
1981-10-17,1.5753e-08,0.0
1981-10-18,1.5753e-08,0.0
1981-10-19,1.5838e-08,0.005395797625848964
1981-10-20,1.5457e-08,-0.024056067685313764
1981-10-21,1.5456e-08,-6.469560716837464e-05
1981-10-22,1.5817e-08,0.023356625258799113
1981-10-23,1.6221e-08,0.02554213820572815
1981-10-24,1.6221e-08,0.0
1981-10-25,1.6221e-08,0.0
1981-10-26,1.6776e-08,0.03421490660255233
1981-10-27,1.6701e-08,-0.004470672389127461
1981-10-28,1.6327e-08,-0.02239386863062076
1981-10-29,1.6056e-08,-0.016598272799656977
1981-10-30,1.6668e-08,0.03811659192825112
1981-10-31,1.6668e-08,0.0
1981-11-01,1.6668e-08,0.0
1981-11-02,1.6668e-08,0.0
1981-11-03,1.693e-08,0.015718742500600014
1981-11-04,1.6819e-08,-0.00655640874187835
1981-11-05,1.6853e-08,0.002021523277245807
1981-11-06,1.7373e-08,0.030855040645582532
1981-11-07,1.7373e-08,0.0
1981-11-08,1.7373e-08,0.0
1981-11-09,1.7364e-08,-0.0005180452426178928
1981-11-10,1.7603e-08,0.01376410965215391
1981-11-11,1.7914e-08,0.017667443049480314
1981-11-12,1.8348e-08,0.02422686167243482
1981-11-13,1.8624e-08,0.01504251144538915
1981-11-14,1.8624e-08,0.0
1981-11-15,1.8624e-08,0.0
1981-11-16,1.8895e-08,0.014551116838488198
1981-11-17,1.925e-08,0.018788039163799786
1981-11-18,1.9829e-08,0.030077922077921926
1981-11-19,2.0417e-08,0.029653537747743375
1981-11-20,2.0752e-08,0.01640789538129983
1981-11-21,2.0752e-08,0.0
1981-11-22,2.0752e-08,0.0
1981-11-23,2.0648e-08,-0.005011565150346953
1981-11-24,2.0871e-08,0.010800077489345083
1981-11-25,2.1147e-08,0.013224090843754643
1981-11-26,2.0643e-08,-0.023833167825223378
1981-11-27,2.0346e-08,-0.014387443685510926
1981-11-28,2.0346e-08,0.0
1981-11-29,2.0346e-08,0.0
1981-11-30,1.9165e-08,-0.05804580752973554
1981-12-01,1.8319e-08,-0.04414296895382208
1981-12-02,1.8647e-08,0.01790490747311546
1981-12-03,1.8547e-08,-0.005362792942564587
1981-12-04,1.7412e-08,-0.06119588073542892
1981-12-05,1.7412e-08,0.0
1981-12-06,1.7412e-08,0.0
1981-12-07,1.727e-08,-0.008155295198713608
1981-12-08,1.8011e-08,0.042906774753908694
1981-12-09,1.7969e-08,-0.0023319082782744527
1981-12-10,1.7641e-08,-0.01825365907952592
1981-12-11,1.6739e-08,-0.05113088827163992
1981-12-12,1.6739e-08,0.0
1981-12-13,1.6739e-08,0.0
1981-12-14,1.5744e-08,-0.05944202162614254
1981-12-15,1.6009e-08,0.016831808943089666
1981-12-16,1.6621e-08,0.03822849647073512
1981-12-17,1.7064e-08,0.026653029300282682
1981-12-18,1.6571e-08,-0.028891233005157058
1981-12-19,1.6571e-08,0.0
1981-12-20,1.6571e-08,0.0
1981-12-21,1.5943e-08,-0.03789753183271982
1981-12-22,1.6061e-08,0.007401367371260292
1981-12-23,1.6151e-08,0.005603636137226697
1981-12-24,1.6151e-08,0.0
1981-12-25,1.6151e-08,0.0
1981-12-26,1.6151e-08,0.0
1981-12-27,1.6151e-08,0.0
1981-12-28,1.6733e-08,0.03603492043836276
1981-12-29,1.724e-08,0.030299408354748314
1981-12-30,1.7135e-08,-0.006090487238979092
1981-12-31,1.7135e-08,0.0
1982-01-01,1.7135e-08,0.0
1982-01-02,1.7135e-08,0.0
1982-01-03,1.7135e-08,0.0
1982-01-04,1.722e-08,0.004960606944849788
1982-01-05,1.7919e-08,0.0405923344947734
1982-01-06,1.8775e-08,0.047770522908644475
1982-01-07,1.9397e-08,0.03312916111850872
1982-01-08,1.9234e-08,-0.008403361344538007
1982-01-09,1.9234e-08,0.0
1982-01-10,1.9234e-08,0.0
1982-01-11,1.9138e-08,-0.004991161484870554
1982-01-12,1.9501e-08,0.018967499216219208
1982-01-13,1.9933e-08,0.02215271011742992
1982-01-14,2.0288e-08,0.017809662368935886
1982-01-15,2.0745e-08,0.02252563091482651
1982-01-16,2.0745e-08,0.0
1982-01-17,2.0745e-08,0.0
1982-01-18,2.1177e-08,0.020824295010845928
1982-01-19,2.106e-08,-0.0055248618784530246
1982-01-20,2.1082e-08,0.0010446343779675349
1982-01-21,2.1133e-08,0.0024191253201784058
1982-01-22,2.1001e-08,-0.0062461553021341265
1982-01-23,2.1001e-08,0.0
1982-01-24,2.1001e-08,0.0
1982-01-25,2.1001e-08,0.0
1982-01-26,2.0762e-08,-0.011380410456644952
1982-01-27,2.0906e-08,0.006935748001155817
1982-01-28,2.1225e-08,0.015258777384483002
1982-01-29,2.1744e-08,0.024452296819788
1982-01-30,2.1744e-08,0.0
1982-01-31,2.1744e-08,0.0
1982-02-01,2.2185e-08,0.020281456953642474
1982-02-02,2.2265e-08,0.003606040117196452
1982-02-03,2.2204e-08,-0.002739726027397249
1982-02-04,2.2603e-08,0.017969735182849833
1982-02-05,2.2757e-08,0.006813254877671149
1982-02-06,2.2757e-08,0.0
1982-02-07,2.2757e-08,0.0
1982-02-08,2.2735e-08,-0.0009667355099529651
1982-02-09,2.2947e-08,0.00932482955795022
1982-02-10,2.3263e-08,0.013770863293676827
1982-02-11,2.3674e-08,0.0176675407299145
1982-02-12,2.3793e-08,0.0050266114725014965
1982-02-13,2.3793e-08,0.0
1982-02-14,2.3793e-08,0.0
1982-02-15,2.3927e-08,0.0056319085445299955
1982-02-16,2.4099e-08,0.007188531784176888
1982-02-17,2.4004e-08,-0.003942072285156972
1982-02-18,2.3527e-08,-0.019871688051991354
1982-02-19,2.3779e-08,0.01071109788753355
1982-02-20,2.3779e-08,0.0
1982-02-21,2.3779e-08,0.0
1982-02-22,2.3779e-08,0.0
1982-02-23,2.3779e-08,0.0
1982-02-24,2.3779e-08,0.0
1982-02-25,2.4235e-08,0.019176584381176642
1982-02-26,2.4618e-08,0.015803589849391342
1982-02-27,2.4618e-08,0.0
1982-02-28,2.4618e-08,0.0
1982-03-01,2.4774e-08,0.006336826712161958
1982-03-02,2.4911e-08,0.0055299911197221885
1982-03-03,2.5246e-08,0.013447874432981344
1982-03-04,2.5415e-08,0.006694129763130885
1982-03-05,2.5551e-08,0.005351170568562047
1982-03-06,2.5551e-08,0.0
1982-03-07,2.5551e-08,0.0
1982-03-08,2.5561e-08,0.0003913741145160632
1982-03-09,2.5169e-08,-0.015335863229138158
1982-03-10,2.523e-08,0.002423616353450786
1982-03-11,2.5612e-08,0.015140705509314234
1982-03-12,2.5544e-08,-0.0026550054661877986
1982-03-13,2.5544e-08,0.0
1982-03-14,2.5544e-08,0.0
1982-03-15,2.5981e-08,0.01710773567178192
1982-03-16,2.6309e-08,0.012624610292136573
1982-03-17,2.6742e-08,0.016458246227526674
1982-03-18,2.6976e-08,0.008750280457707094
1982-03-19,2.7206e-08,0.00852609727164877
1982-03-20,2.7206e-08,0.0
1982-03-21,2.7206e-08,0.0
1982-03-22,2.7373e-08,0.006138351834154232
1982-03-23,2.6909e-08,-0.016951010119460763
1982-03-24,2.6286e-08,-0.023152105243598786
1982-03-25,2.5144e-08,-0.043445179943696344
1982-03-26,2.4878e-08,-0.010579064587973308
1982-03-27,2.4878e-08,0.0
1982-03-28,2.4878e-08,0.0
1982-03-29,2.508e-08,0.008119623763968242
1982-03-30,2.4565e-08,-0.020534290271132405
1982-03-31,2.4799e-08,0.009525748015469127
1982-04-01,2.5333e-08,0.02153312633573945
1982-04-02,2.548e-08,0.005802707930367523
1982-04-03,2.548e-08,0.0
1982-04-04,2.548e-08,0.0
1982-04-05,2.5254e-08,-0.008869701726844648
1982-04-06,2.497e-08,-0.011245743248594176
1982-04-07,2.4956e-08,-0.0005606728073689338
1982-04-08,2.4956e-08,0.0
1982-04-09,2.4956e-08,0.0
1982-04-10,2.4956e-08,0.0
1982-04-11,2.4956e-08,0.0
1982-04-12,2.4557e-08,-0.015988139124859746
1982-04-13,2.4139e-08,-0.017021623162438493
1982-04-14,2.4207e-08,0.0028170181034841146
1982-04-15,2.4198e-08,-0.00037179328293468483
1982-04-16,2.4433e-08,0.009711546408794236
1982-04-17,2.4433e-08,0.0
1982-04-18,2.4433e-08,0.0
1982-04-19,2.4764e-08,0.013547251667826332
1982-04-20,2.4995e-08,0.009328056856727551
1982-04-21,2.4995e-08,0.0
1982-04-22,2.4959e-08,-0.0014402880576115384
1982-04-23,2.4932e-08,-0.0010817741095395794
1982-04-24,2.4932e-08,0.0
1982-04-25,2.4932e-08,0.0
1982-04-26,2.4629e-08,-0.012153056313171984
1982-04-27,2.4909e-08,0.011368711681351451
1982-04-28,2.5287e-08,0.015175237865831637
1982-04-29,2.5546e-08,0.01024241705224016
1982-04-30,2.5627e-08,0.003170750802473865
1982-05-01,2.5627e-08,0.0
1982-05-02,2.5627e-08,0.0
1982-05-03,2.5608e-08,-0.0007414055488351723
1982-05-04,2.6268e-08,0.02577319587628879
1982-05-05,2.6618e-08,0.013324196741282268
1982-05-06,2.7448e-08,0.031181906980238816
1982-05-07,2.7735e-08,0.010456135237540076
1982-05-08,2.7735e-08,0.0
1982-05-09,2.7735e-08,0.0
1982-05-10,2.8654e-08,0.03313502794303225
1982-05-11,2.8996e-08,0.011935506386542949
1982-05-12,2.9289e-08,0.010104842047178764
1982-05-13,2.9818e-08,0.018061388234490883
1982-05-14,3.0049e-08,0.00774699845730753
1982-05-15,3.0049e-08,0.0
1982-05-16,3.0049e-08,0.0
1982-05-17,3.0271e-08,0.007387933042696915
1982-05-18,3.0093e-08,-0.005880215387664922
1982-05-19,3.0041e-08,-0.0017279766058551083
1982-05-20,3.0409e-08,0.012249925102360226
1982-05-21,3.0232e-08,-0.0058206452037223855
1982-05-22,3.0232e-08,0.0
1982-05-23,3.0232e-08,0.0
1982-05-24,3.0526e-08,0.00972479491929068
1982-05-25,3.0697e-08,0.0056017820874010305
1982-05-26,3.0624e-08,-0.0023780825487833557
1982-05-27,3.1051e-08,0.013943312434691713
1982-05-28,3.1611e-08,0.01803484589868276
1982-05-29,3.1611e-08,0.0
1982-05-30,3.1611e-08,0.0
1982-05-31,3.2035e-08,0.013413052418462135
1982-06-01,3.2442e-08,0.012704854065865412
1982-06-02,3.2441e-08,-3.0824240182525386e-05
1982-06-03,3.2629e-08,0.00579513578496349
1982-06-04,3.2693e-08,0.0019614453400349507
1982-06-05,3.2693e-08,0.0
1982-06-06,3.2693e-08,0.0
1982-06-07,3.2695e-08,6.117517511405879e-05
1982-06-08,3.2414e-08,-0.008594586328184772
1982-06-09,3.2987e-08,0.0176775467390633
1982-06-10,3.2987e-08,0.0
1982-06-11,3.3051e-08,0.00194015824415672
1982-06-12,3.3051e-08,0.0
1982-06-13,3.3051e-08,0.0
1982-06-14,3.2773e-08,-0.008411243230159626
1982-06-15,3.2528e-08,-0.007475665944527532
1982-06-16,3.2262e-08,-0.008177570093457875
1982-06-17,3.2378e-08,0.0035955613415163956
1982-06-18,3.2731e-08,0.01090246463648148
1982-06-19,3.2731e-08,0.0
1982-06-20,3.2731e-08,0.0
1982-06-21,3.2806e-08,0.0022914057010174904
1982-06-22,3.271e-08,-0.002926293970615168
1982-06-23,3.2967e-08,0.0078569244879243
1982-06-24,3.2997e-08,0.0009100009100009299
1982-06-25,3.2921e-08,-0.002303239688456582
1982-06-26,3.2921e-08,0.0
1982-06-27,3.2921e-08,0.0
1982-06-28,3.2833e-08,-0.0026730658242459793
1982-06-29,3.2843e-08,0.0003045716200162918
1982-06-30,3.3115e-08,0.008281825655390929
1982-07-01,3.3343e-08,0.006885097387890671
1982-07-02,3.3476e-08,0.003988843235461781
1982-07-03,3.3476e-08,0.0
1982-07-04,3.3476e-08,0.0
1982-07-05,3.3575e-08,0.0029573425737841053
1982-07-06,3.3218e-08,-0.010632911392405076
1982-07-07,3.278e-08,-0.013185622252995355
1982-07-08,3.2552e-08,-0.0069554606467358004
1982-07-09,3.2444e-08,-0.0033177684934871943
1982-07-10,3.2444e-08,0.0
1982-07-11,3.2444e-08,0.0
1982-07-12,3.1801e-08,-0.019818764640611497
1982-07-13,3.1561e-08,-0.0075469324863998155
1982-07-14,3.1627e-08,0.0020911884921264168
1982-07-15,3.1513e-08,-0.0036045151294781252
1982-07-16,3.1633e-08,0.0038079522736649274
1982-07-17,3.1633e-08,0.0
1982-07-18,3.1633e-08,0.0
1982-07-19,3.0962e-08,-0.021212025416495472
1982-07-20,3.0243e-08,-0.02322201408177771
1982-07-21,2.9989e-08,-0.008398637701286349
1982-07-22,3.0086e-08,0.003234519323752183
1982-07-23,3.0104e-08,0.0005982849165724335
1982-07-24,3.0104e-08,0.0
1982-07-25,3.0104e-08,0.0
1982-07-26,3.0821e-08,0.023817432899282398
1982-07-27,3.0653e-08,-0.005450828980240741
1982-07-28,3.0855e-08,0.006589893322023865
1982-07-29,3.0361e-08,-0.016010371090584896
1982-07-30,3.0475e-08,0.0037548170350119037
1982-07-31,3.0475e-08,0.0
1982-08-01,3.0475e-08,0.0
1982-08-02,3.0703e-08,0.007481542247744111
1982-08-03,3.0664e-08,-0.0012702341790703509
1982-08-04,3.0609e-08,-0.0017936342290635343
1982-08-05,3.0205e-08,-0.013198732398967628
1982-08-06,3.0219e-08,0.0004634994206258458
1982-08-07,3.0219e-08,0.0
1982-08-08,3.0219e-08,0.0
1982-08-09,3.0594e-08,0.01240941129752815
1982-08-10,3.0524e-08,-0.002288030332744939
1982-08-11,3.0554e-08,0.0009828331804480062
1982-08-12,3.0552e-08,-6.54578778555015e-05
1982-08-13,3.1018e-08,0.015252683948677737
1982-08-14,3.1018e-08,0.0
1982-08-15,3.1018e-08,0.0
1982-08-16,3.0611e-08,-0.013121413372880197
1982-08-17,3.0388e-08,-0.007284962921825566
1982-08-18,3.0279e-08,-0.003586942214031774
1982-08-19,3.0322e-08,0.0014201261600448323
1982-08-20,3.0285e-08,-0.0012202361321811406
1982-08-21,3.0285e-08,0.0
1982-08-22,3.0285e-08,0.0
1982-08-23,3.0495e-08,0.006934125804853863
1982-08-24,3.0673e-08,0.005837022462698682
1982-08-25,3.1164e-08,0.01600756365533207
1982-08-26,3.1306e-08,0.004556539596970888
1982-08-27,3.1058e-08,-0.007921804127004495
1982-08-28,3.1058e-08,0.0
1982-08-29,3.1058e-08,0.0
1982-08-30,3.1074e-08,0.0005151651748340758
1982-08-31,3.1005e-08,-0.0022205058891677787
1982-09-01,3.1152e-08,0.004741170778906678
1982-09-02,3.1265e-08,0.003627375449409387
1982-09-03,3.1406e-08,0.004509835279065788
1982-09-04,3.1406e-08,0.0
1982-09-05,3.1406e-08,0.0
1982-09-06,3.1701e-08,0.009393109596892435
1982-09-07,3.1701e-08,0.0
1982-09-08,3.1769e-08,0.002145042743131098
1982-09-09,3.1788e-08,0.0005980672983096902
1982-09-10,3.1968e-08,0.005662514156285381
1982-09-11,3.1968e-08,0.0
1982-09-12,3.1968e-08,0.0
1982-09-13,3.2134e-08,0.005192692692692846
1982-09-14,3.2333e-08,0.006192817576398779
1982-09-15,3.2052e-08,-0.00869081124547677
1982-09-16,3.1716e-08,-0.010482965181580095
1982-09-17,3.1019e-08,-0.021976289569933027
1982-09-18,3.1019e-08,0.0
1982-09-19,3.1019e-08,0.0
1982-09-20,3.0516e-08,-0.01621586769399408
1982-09-21,3.0452e-08,-0.0020972604535325345
1982-09-22,2.9559e-08,-0.029324839091028454
1982-09-23,2.8005e-08,-0.05257282046077327
1982-09-24,2.6214e-08,-0.06395286555972157
1982-09-25,2.6214e-08,0.0
1982-09-26,2.6214e-08,0.0
1982-09-27,2.5647e-08,-0.0216296635385671
1982-09-28,2.6402e-08,0.02943814091316721
1982-09-29,2.7672e-08,0.0481024164835997
1982-09-30,2.7428e-08,-0.008817577334489846
1982-10-01,2.752e-08,0.0033542365465948354
1982-10-02,2.752e-08,0.0
1982-10-03,2.752e-08,0.0
1982-10-04,2.822e-08,0.025436046511627897
1982-10-05,2.8258e-08,0.0013465627214741538
1982-10-06,2.8363e-08,0.0037157619081322757
1982-10-07,2.79e-08,-0.01632408419419673
1982-10-08,2.6907e-08,-0.0355913978494623
1982-10-09,2.6907e-08,0.0
1982-10-10,2.6907e-08,0.0
1982-10-11,2.6931e-08,0.0008919611996878185
1982-10-12,2.6931e-08,0.0
1982-10-13,2.6661e-08,-0.010025621031525045
1982-10-14,2.6927e-08,0.009977120138029427
1982-10-15,2.6998e-08,0.0026367586437405777
1982-10-16,2.6998e-08,0.0
1982-10-17,2.6998e-08,0.0
1982-10-18,2.7179e-08,0.0067042003111341675
1982-10-19,2.7487e-08,0.011332278597446566
1982-10-20,2.8207e-08,0.02619420089496849
1982-10-21,2.8426e-08,0.007764030205268169
1982-10-22,2.8032e-08,-0.013860550200520683
1982-10-23,2.8032e-08,0.0
1982-10-24,2.8032e-08,0.0
1982-10-25,2.8167e-08,0.004815924657534332
1982-10-26,2.8417e-08,0.008875634607874439
1982-10-27,2.8575e-08,0.005560052081500455
1982-10-28,2.8919e-08,0.012038495188101406
1982-10-29,2.9552e-08,0.021888723676475763
1982-10-30,2.9552e-08,0.0
1982-10-31,2.9552e-08,0.0
1982-11-01,2.9657e-08,0.0035530590146182206
1982-11-02,2.9657e-08,0.0
1982-11-03,2.9822e-08,0.005563610614694792
1982-11-04,2.9786e-08,-0.0012071624974850925
1982-11-05,2.9892e-08,0.003558718861210064
1982-11-06,2.9892e-08,0.0
1982-11-07,2.9892e-08,0.0
1982-11-08,2.959e-08,-0.010103037602034015
1982-11-09,2.9352e-08,-0.008043257857384245
1982-11-10,2.8972e-08,-0.012946306895611936
1982-11-11,2.8574e-08,-0.013737401629159152
1982-11-12,2.8026e-08,-0.019178273955344105
1982-11-13,2.8026e-08,0.0
1982-11-14,2.8026e-08,0.0
1982-11-15,2.8026e-08,0.0
1982-11-16,2.796e-08,-0.0023549561121815055
1982-11-17,2.7757e-08,-0.00726037195994278
1982-11-18,2.7599e-08,-0.0056922578088410836
1982-11-19,2.7515e-08,-0.003043588535816655
1982-11-20,2.7515e-08,0.0
1982-11-21,2.7515e-08,0.0
1982-11-22,2.7823e-08,0.011193894239505786
1982-11-23,2.8048e-08,0.008086834633217244
1982-11-24,2.7345e-08,-0.025064175698802038
1982-11-25,2.6477e-08,-0.03174254891204975
1982-11-26,2.6359e-08,-0.004456698266419812
1982-11-27,2.6359e-08,0.0
1982-11-28,2.6359e-08,0.0
1982-11-29,2.6479e-08,0.004552524754353193
1982-11-30,2.7098e-08,0.023377015748328844
1982-12-01,2.7057e-08,-0.0015130267916451112
1982-12-02,2.6919e-08,-0.005100343718815736
1982-12-03,2.6807e-08,-0.004160630038262947
1982-12-04,2.6807e-08,0.0
1982-12-05,2.6807e-08,0.0
1982-12-06,2.6462e-08,-0.012869772820532033
1982-12-07,2.5688e-08,-0.029249489834479503
1982-12-08,2.5729e-08,0.0015960759887885256
1982-12-09,2.5672e-08,-0.0022153989661471973
1982-12-10,2.5106e-08,-0.022047366780928668
1982-12-11,2.5106e-08,0.0
1982-12-12,2.5106e-08,0.0
1982-12-13,2.4932e-08,-0.006930614195809759
1982-12-14,2.492e-08,-0.0004813091609177089
1982-12-15,2.5012e-08,0.0036918138041732718
1982-12-16,2.5495e-08,0.019310730849192437
1982-12-17,2.5709e-08,0.00839380270641299
1982-12-18,2.5709e-08,0.0
1982-12-19,2.5709e-08,0.0
1982-12-20,2.6089e-08,0.014780816056633839
1982-12-21,2.6182e-08,0.0035647207635400857
1982-12-22,2.6492e-08,0.011840195554197575
1982-12-23,2.6505e-08,0.0004907141778651702
1982-12-24,2.6505e-08,0.0
1982-12-25,2.6505e-08,0.0
1982-12-26,2.6505e-08,0.0
1982-12-27,2.7039e-08,0.020147142048670075
1982-12-28,2.7603e-08,0.020858759569510665
1982-12-29,2.817e-08,0.020541245516791706
1982-12-30,2.8084e-08,-0.0030528931487397992
1982-12-31,2.8084e-08,0.0
1983-01-01,2.8084e-08,0.0
1983-01-02,2.8084e-08,0.0
1983-01-03,2.8445e-08,0.012854294260076893
1983-01-04,2.8961e-08,0.018140270697837968
1983-01-05,2.8618e-08,-0.011843513690825702
1983-01-06,2.8689e-08,0.002480956041652105
1983-01-07,2.9632e-08,0.03286974101572038
1983-01-08,2.9632e-08,0.0
1983-01-09,2.9632e-08,0.0
1983-01-10,3.0261e-08,0.021227051835853272
1983-01-11,3.0549e-08,0.00951720035689485
1983-01-12,3.1982e-08,0.04690824576909236
1983-01-13,3.3794e-08,0.056656869489087436
1983-01-14,3.4848e-08,0.031188968455938992
1983-01-15,3.4848e-08,0.0
1983-01-16,3.4848e-08,0.0
1983-01-17,3.4549e-08,-0.008580119375574013
1983-01-18,3.4224e-08,-0.00940692928883613
1983-01-19,3.442e-08,0.005726975222066333
1983-01-20,3.4397e-08,-0.0006682161533991815
1983-01-21,3.4552e-08,0.004506206936651269
1983-01-22,3.4552e-08,0.0
1983-01-23,3.4552e-08,0.0
1983-01-24,3.5339e-08,0.022777263255383318
1983-01-25,3.5339e-08,0.0
1983-01-26,3.8718e-08,0.09561674071139525
1983-01-27,3.9209e-08,0.012681440157032764
1983-01-28,3.9425e-08,0.005508939274146307
1983-01-29,3.9425e-08,0.0
1983-01-30,3.9425e-08,0.0
1983-01-31,4.0167e-08,0.018820545339251815
1983-02-01,4.0205e-08,0.000946050240246965
1983-02-02,4.0672e-08,0.011615470712597942
1983-02-03,4.1146e-08,0.011654209284028383
1983-02-04,4.1398e-08,0.006124532153793716
1983-02-05,4.1398e-08,0.0
1983-02-06,4.1398e-08,0.0
1983-02-07,4.1128e-08,-0.006522054205517103
1983-02-08,4.0615e-08,-0.012473254230694564
1983-02-09,4.0053e-08,-0.013837252246706733
1983-02-10,4.0962e-08,0.02269492921878502
1983-02-11,4.212e-08,0.028270103998828233
1983-02-12,4.212e-08,0.0
1983-02-13,4.212e-08,0.0
1983-02-14,4.212e-08,0.0
1983-02-15,4.212e-08,0.0
1983-02-16,4.212e-08,0.0
1983-02-17,4.2642e-08,0.01239316239316235
1983-02-18,4.2752e-08,0.002579616340697033
1983-02-19,4.2752e-08,0.0
1983-02-20,4.2752e-08,0.0
1983-02-21,4.2171e-08,-0.01359000748502992
1983-02-22,4.389e-08,0.040762609376111536
1983-02-23,4.524e-08,0.03075871496924143
1983-02-24,4.6389e-08,0.025397877984084882
1983-02-25,4.5362e-08,-0.022138869128457195
1983-02-26,4.5362e-08,0.0
1983-02-27,4.5362e-08,0.0
1983-02-28,4.6963e-08,0.03529385829548959
1983-03-01,4.8193e-08,0.02619083107978626
1983-03-02,4.8609e-08,0.008631958998194689
1983-03-03,4.8815e-08,0.0042378983315845
1983-03-04,4.7419e-08,-0.028597767079790892
1983-03-05,4.7419e-08,0.0
1983-03-06,4.7419e-08,0.0
1983-03-07,4.7014e-08,-0.008540880237879356
1983-03-08,4.7618e-08,0.0128472369932362
1983-03-09,4.9069e-08,0.03047167037674825
1983-03-10,4.8478e-08,-0.012044264199392751
1983-03-11,4.7632e-08,-0.017451214984116503
1983-03-12,4.7632e-08,0.0
1983-03-13,4.7632e-08,0.0
1983-03-14,4.6427e-08,-0.02529811891165601
1983-03-15,4.5731e-08,-0.014991276627824401
1983-03-16,4.7225e-08,0.032669305285255135
1983-03-17,4.6561e-08,-0.014060349391212257
1983-03-18,4.6791e-08,0.004939756448529842
1983-03-19,4.6791e-08,0.0
1983-03-20,4.6791e-08,0.0
1983-03-21,4.6468e-08,-0.006903036908807114
1983-03-22,4.5419e-08,-0.022574675045192505
1983-03-23,4.6174e-08,0.01662299918536303
1983-03-24,4.6336e-08,0.0035084679689867393
1983-03-25,4.6722e-08,0.00833045580110503
1983-03-26,4.6722e-08,0.0
1983-03-27,4.6722e-08,0.0
1983-03-28,4.7067e-08,0.007384101707974766
1983-03-29,4.7985e-08,0.019504111160685955
1983-03-30,4.9213e-08,0.025591330624153308
1983-03-31,4.9213e-08,0.0
1983-04-01,4.9213e-08,0.0
1983-04-02,4.9213e-08,0.0
1983-04-03,4.9213e-08,0.0
1983-04-04,4.9859e-08,0.013126612886839029
1983-04-05,4.9316e-08,-0.010890711807296616
1983-04-06,4.8805e-08,-0.010361748722524156
1983-04-07,5.0011e-08,0.02471058293207662
1983-04-08,4.9813e-08,-0.003959128991621874
1983-04-09,4.9813e-08,0.0
1983-04-10,4.9813e-08,0.0
1983-04-11,4.9834e-08,0.00042157669684628196
1983-04-12,5.0253e-08,0.008407914275394335
1983-04-13,5.0762e-08,0.010128748532425957
1983-04-14,5.121e-08,0.008825499389306879
1983-04-15,5.1504e-08,0.005741066198008182
1983-04-16,5.1504e-08,0.0
1983-04-17,5.1504e-08,0.0
1983-04-18,5.1235e-08,-0.005222895309102249
1983-04-19,5.1301e-08,0.0012881819068994993
1983-04-20,5.214e-08,0.01635445702812821
1983-04-21,5.214e-08,0.0
1983-04-22,5.2485e-08,0.006616800920598465
1983-04-23,5.2485e-08,0.0
1983-04-24,5.2485e-08,0.0
1983-04-25,5.2461e-08,-0.0004572735067162048
1983-04-26,5.2196e-08,-0.005051371495015444
1983-04-27,5.2928e-08,0.014024063146601318
1983-04-28,5.4274e-08,0.02543077388149939
1983-04-29,5.5192e-08,0.01691417621697311
1983-04-30,5.5192e-08,0.0
1983-05-01,5.5192e-08,0.0
1983-05-02,5.49e-08,-0.0052906218292506635
1983-05-03,5.4483e-08,-0.007595628415300593
1983-05-04,5.3976e-08,-0.009305654974946287
1983-05-05,5.3853e-08,-0.002278790573588263
1983-05-06,5.3862e-08,0.00016712160882415006
1983-05-07,5.3862e-08,0.0
1983-05-08,5.3862e-08,0.0
1983-05-09,5.324e-08,-0.011548030151127042
1983-05-10,5.2773e-08,-0.008771600300525928
1983-05-11,5.29e-08,0.0024065336440983742
1983-05-12,5.2824e-08,-0.0014366729678638723
1983-05-13,5.2788e-08,-0.0006815084052702591
1983-05-14,5.2788e-08,0.0
1983-05-15,5.2788e-08,0.0
1983-05-16,5.269e-08,-0.0018564825339093538
1983-05-17,5.2512e-08,-0.003378250142341943
1983-05-18,5.2164e-08,-0.006627056672760423
1983-05-19,5.1232e-08,-0.017866728011655675
1983-05-20,5.1775e-08,0.010598844472204938
1983-05-21,5.1775e-08,0.0
1983-05-22,5.1775e-08,0.0
1983-05-23,5.2033e-08,0.004983099951714198
1983-05-24,5.2051e-08,0.00034593431091800575
1983-05-25,5.2309e-08,0.004956677105146801
1983-05-26,5.3056e-08,0.014280525339807726
1983-05-27,5.4367e-08,0.024709740651387202
1983-05-28,5.4367e-08,0.0
1983-05-29,5.4367e-08,0.0
1983-05-30,5.4731e-08,0.0066952379200617695
1983-05-31,5.5492e-08,0.013904368639345188
1983-06-01,5.6376e-08,0.01593022417645784
1983-06-02,5.6376e-08,0.0
1983-06-03,5.7018e-08,0.011387824606215347
1983-06-04,5.7018e-08,0.0
1983-06-05,5.7018e-08,0.0
1983-06-06,5.7915e-08,0.015731874145006763
1983-06-07,5.7256e-08,-0.011378744712078004
1983-06-08,5.715e-08,-0.001851334357971246
1983-06-09,5.613e-08,-0.01784776902887142
1983-06-10,5.7343e-08,0.021610546944592857
1983-06-11,5.7343e-08,0.0
1983-06-12,5.7343e-08,0.0
1983-06-13,5.7599e-08,0.004464363566607954
1983-06-14,5.8052e-08,0.007864719873609038
1983-06-15,5.9751e-08,0.02926686419072566
1983-06-16,6.1966e-08,0.0370705092801793
1983-06-17,6.4099e-08,0.03442210244327537
1983-06-18,6.4099e-08,0.0
1983-06-19,6.4099e-08,0.0
1983-06-20,6.5293e-08,0.018627435685424132
1983-06-21,6.5134e-08,-0.002435176818341822
1983-06-22,6.3042e-08,-0.03211840206343852
1983-06-23,6.3663e-08,0.0098505758066052
1983-06-24,6.4222e-08,0.008780610401646127
1983-06-25,6.4222e-08,0.0
1983-06-26,6.4222e-08,0.0
1983-06-27,6.4027e-08,-0.0030363426863070364
1983-06-28,6.3873e-08,-0.002405235291361274
1983-06-29,6.4889e-08,0.015906564589106553
1983-06-30,6.4815e-08,-0.0011404090061489791
1983-07-01,6.4568e-08,-0.0038108462547250532
1983-07-02,6.4568e-08,0.0
1983-07-03,6.4568e-08,0.0
1983-07-04,6.4504e-08,-0.0009912030727293741
1983-07-05,6.4583e-08,0.0012247302492867096
1983-07-06,6.5134e-08,0.008531656937584176
1983-07-07,6.5408e-08,0.00420671231614822
1983-07-08,6.4697e-08,-0.01087022994129161
1983-07-09,6.4697e-08,0.0
1983-07-10,6.4697e-08,0.0
1983-07-11,6.4523e-08,-0.002689460098613483
1983-07-12,6.2846e-08,-0.02599073198704327
1983-07-13,6.1529e-08,-0.020955987652356733
1983-07-14,6.3072e-08,0.02507760568187356
1983-07-15,6.2827e-08,-0.003884449518011146
1983-07-16,6.2827e-08,0.0
1983-07-17,6.2827e-08,0.0
1983-07-18,6.1849e-08,-0.015566555780158198
1983-07-19,6.1229e-08,-0.010024414299341977
1983-07-20,6.0948e-08,-0.0045893285861274835
1983-07-21,6.1688e-08,0.012141497670145052
1983-07-22,6.2742e-08,0.017085981066009337
1983-07-23,6.2742e-08,0.0
1983-07-24,6.2742e-08,0.0
1983-07-25,6.3122e-08,0.006056549042109172
1983-07-26,6.238e-08,-0.01175501409968005
1983-07-27,6.1275e-08,-0.017714010900929722
1983-07-28,6.1702e-08,0.006968584251326071
1983-07-29,6.2063e-08,0.00585070176007263
1983-07-30,6.2063e-08,0.0
1983-07-31,6.2063e-08,0.0
1983-08-01,6.0413e-08,-0.026585888532620117
1983-08-02,6.0408e-08,-8.276364358672517e-05
1983-08-03,6.0403e-08,-8.277049397420466e-05
1983-08-04,6.0626e-08,0.0036918696091254866
1983-08-05,6.1329e-08,0.011595685019628599
1983-08-06,6.1329e-08,0.0
1983-08-07,6.1329e-08,0.0
1983-08-08,6.0814e-08,-0.008397332420225334
1983-08-09,5.9832e-08,-0.0161475975926596
1983-08-10,5.8982e-08,-0.014206444711859945
1983-08-11,5.8788e-08,-0.003289139059374113
1983-08-12,5.8377e-08,-0.006991222698509825
1983-08-13,5.8377e-08,0.0
1983-08-14,5.8377e-08,0.0
1983-08-15,5.8299e-08,-0.0013361426589239
1983-08-16,5.9184e-08,0.015180363299542199
1983-08-17,5.8739e-08,-0.0075189240335226115
1983-08-18,5.9555e-08,0.013891962750472331
1983-08-19,6.1109e-08,0.026093526991856297
1983-08-20,6.1109e-08,0.0
1983-08-21,6.1109e-08,0.0
1983-08-22,6.1896e-08,0.012878626716195773
1983-08-23,6.3502e-08,0.02594674938606678
1983-08-24,6.5439e-08,0.030502976284211503
1983-08-25,6.541e-08,-0.0004431608062469561
1983-08-26,6.6372e-08,0.014707231310197022
1983-08-27,6.6372e-08,0.0
1983-08-28,6.6372e-08,0.0
1983-08-29,6.6094e-08,-0.0041885132284698035
1983-08-30,6.6476e-08,0.005779647169183333
1983-08-31,6.7535e-08,0.015930561405619992
1983-09-01,6.8056e-08,0.007714518397867742
1983-09-02,6.8506e-08,0.006612201716233779
1983-09-03,6.8506e-08,0.0
1983-09-04,6.8506e-08,0.0
1983-09-05,6.9319e-08,0.011867573643184581
1983-09-06,7.119e-08,0.026991156825689977
1983-09-07,7.119e-08,0.0
1983-09-08,7.4339e-08,0.04423374069391772
1983-09-09,7.5381e-08,0.014016868669204596
1983-09-10,7.5381e-08,0.0
1983-09-11,7.5381e-08,0.0
1983-09-12,7.5915e-08,0.007084013212878437
1983-09-13,7.5395e-08,-0.006849766185865858
1983-09-14,7.4782e-08,-0.008130512633463649
1983-09-15,7.4846e-08,0.0008558209194724498
1983-09-16,7.5737e-08,0.01190444379125144
1983-09-17,7.5737e-08,0.0
1983-09-18,7.5737e-08,0.0
1983-09-19,7.7275e-08,0.02030711541254604
1983-09-20,7.8809e-08,0.019851180847622274
1983-09-21,8.0774e-08,0.024933700465682884
1983-09-22,8.1575e-08,0.009916557308044638
1983-09-23,8.2257e-08,0.008360404535703303
1983-09-24,8.2257e-08,0.0
1983-09-25,8.2257e-08,0.0
1983-09-26,8.4833e-08,0.031316483703514475
1983-09-27,8.4341e-08,-0.005799629861021116
1983-09-28,8.6216e-08,0.022231180564612707
1983-09-29,8.9624e-08,0.03952862577711791
1983-09-30,9.0405e-08,0.008714183700794464
1983-10-01,9.0405e-08,0.0
1983-10-02,9.0405e-08,0.0
1983-10-03,9.164e-08,0.01366074885238655
1983-10-04,9.033e-08,-0.01429506765604538
1983-10-05,9.195e-08,0.017934241115908245
1983-10-06,9.422e-08,0.024687330070690683
1983-10-07,9.73e-08,0.0326894502228825
1983-10-08,9.73e-08,0.0
1983-10-09,9.73e-08,0.0
1983-10-10,9.504e-08,-0.0232271325796507
1983-10-11,9.091e-08,-0.04345538720538722
1983-10-12,9.091e-08,0.0
1983-10-13,9.498e-08,0.04476955230447688
1983-10-14,1.002e-07,0.054958938723941975
1983-10-15,1.002e-07,0.0
1983-10-16,1.002e-07,0.0
1983-10-17,1.0862e-07,0.08403193612774462
1983-10-18,1.087e-07,0.0007365126127785171
1983-10-19,1.084e-07,-0.002759889604415755
1983-10-20,1.1207e-07,0.03385608856088562
1983-10-21,1.1865e-07,0.05871330418488441
1983-10-22,1.1865e-07,0.0
1983-10-23,1.1865e-07,0.0
1983-10-24,1.2271e-07,0.034218289085545806
1983-10-25,1.1721e-07,-0.04482112297286278
1983-10-26,1.1886e-07,0.014077297158945346
1983-10-27,1.2361e-07,0.03996298165909473
1983-10-28,1.2311e-07,-0.004044980179597202
1983-10-29,1.2311e-07,0.0
1983-10-30,1.2311e-07,0.0
1983-10-31,1.258e-07,0.021850377710990188
1983-11-01,1.2719e-07,0.01104928457869625
1983-11-02,1.2719e-07,0.0
1983-11-03,1.2992e-07,0.021463951568519546
1983-11-04,1.3501e-07,0.03917795566502469
1983-11-05,1.3501e-07,0.0
1983-11-06,1.3501e-07,0.0
1983-11-07,1.3867e-07,0.02710910302940528
1983-11-08,1.4421e-07,0.0399509627172423
1983-11-09,1.5096e-07,0.046806740170584504
1983-11-10,1.5576e-07,0.031796502384737746
1983-11-11,1.5832e-07,0.01643554185927054
1983-11-12,1.5832e-07,0.0
1983-11-13,1.5832e-07,0.0
1983-11-14,1.582e-07,-0.000757958564931771
1983-11-15,1.582e-07,0.0
1983-11-16,1.5843e-07,0.001453855878634558
1983-11-17,1.5453e-07,-0.024616549895853046
1983-11-18,1.5348e-07,-0.006794797126771446
1983-11-19,1.5348e-07,0.0
1983-11-20,1.5348e-07,0.0
1983-11-21,1.4376e-07,-0.06333072713057064
1983-11-22,1.4188e-07,-0.013077351140790339
1983-11-23,1.4841e-07,0.046024809698336666
1983-11-24,1.5384e-07,0.03658783100869223
1983-11-25,1.6036e-07,0.04238169526781066
1983-11-26,1.6036e-07,0.0
1983-11-27,1.6036e-07,0.0
1983-11-28,1.6584e-07,0.03417311050137206
1983-11-29,1.6403e-07,-0.010914134105161732
1983-11-30,1.6778e-07,0.022861671645430848
1983-12-01,1.7207e-07,0.02556919775897004
1983-12-02,1.7674e-07,0.02714011739408373
1983-12-03,1.7674e-07,0.0
1983-12-04,1.7674e-07,0.0
1983-12-05,1.8006e-07,0.018784655426049568
1983-12-06,1.8826e-07,0.045540375430412006
1983-12-07,1.9289e-07,0.02459364708382039
1983-12-08,1.9047e-07,-0.01254601067966199
1983-12-09,1.9524e-07,0.02504331390770198
1983-12-10,1.9524e-07,0.0
1983-12-11,1.9524e-07,0.0
1983-12-12,1.9961e-07,0.022382708461380796
1983-12-13,1.9527e-07,-0.02174239767546715
1983-12-14,1.9725e-07,0.010139806421877395
1983-12-15,2.0491e-07,0.0388339670468949
1983-12-16,2.1103e-07,0.02986677077741451
1983-12-17,2.1103e-07,0.0
1983-12-18,2.1103e-07,0.0
1983-12-19,2.1453e-07,0.01658531962280252
1983-12-20,2.1551e-07,0.004568125670069367
1983-12-21,2.13e-07,-0.011646791332188822
1983-12-22,2.1452e-07,0.007136150234741789
1983-12-23,2.148e-07,0.0013052396046988601
1983-12-24,2.148e-07,0.0
1983-12-25,2.148e-07,0.0
1983-12-26,2.1745e-07,0.012337057728119216
1983-12-27,2.2499e-07,0.03467463784778113
1983-12-28,2.3407e-07,0.0403573492155207
1983-12-29,2.411e-07,0.030033750587431074
1983-12-30,2.411e-07,0.0
1983-12-31,2.411e-07,0.0
1984-01-01,2.411e-07,0.0
1984-01-02,2.5e-07,0.03691414350891731
1984-01-03,2.7066e-07,0.08264000000000005
1984-01-04,2.8735e-07,0.061664080396068854
1984-01-05,2.896e-07,0.007830172263789903
1984-01-06,2.87e-07,-0.008977900552486151
1984-01-07,2.87e-07,0.0
1984-01-08,2.87e-07,0.0
1984-01-09,2.9605e-07,0.031533101045296164
1984-01-10,2.9362e-07,-0.008208072960648516
1984-01-11,2.9312e-07,-0.0017028812751174183
1984-01-12,2.9071e-07,-0.008221888646288367
1984-01-13,3.0911e-07,0.0632933163633862
1984-01-14,3.0911e-07,0.0
1984-01-15,3.0911e-07,0.0
1984-01-16,3.0085e-07,-0.026721878942771116
1984-01-17,2.9665e-07,-0.013960445404686661
1984-01-18,3.0636e-07,0.032732175964941934
1984-01-19,3.0554e-07,-0.002676589633111348
1984-01-20,3.0688e-07,0.004385677816325151
1984-01-21,3.0688e-07,0.0
1984-01-22,3.0688e-07,0.0
1984-01-23,2.9867e-07,-0.026753128258602654
1984-01-24,2.8248e-07,-0.054206984297050176
1984-01-25,2.8248e-07,0.0
1984-01-26,2.8177e-07,-0.002513452279807482
1984-01-27,2.7841e-07,-0.011924619370408451
1984-01-28,2.7841e-07,0.0
1984-01-29,2.7841e-07,0.0
1984-01-30,2.6509e-07,-0.047843109083725466
1984-01-31,2.5631e-07,-0.0331208268889811
1984-02-01,2.5582e-07,-0.001911747493269722
1984-02-02,2.536e-07,-0.008677976702368917
1984-02-03,2.4765e-07,-0.023462145110410004
1984-02-04,2.4765e-07,0.0
1984-02-05,2.4765e-07,0.0
1984-02-06,2.2209e-07,-0.10321017565112067
1984-02-07,2.1561e-07,-0.02917736052951503
1984-02-08,2.2131e-07,0.026436621678029626
1984-02-09,2.3574e-07,0.06520265690660154
1984-02-10,2.3975e-07,0.017010265546788972
1984-02-11,2.3975e-07,0.0
1984-02-12,2.3975e-07,0.0
1984-02-13,2.2721e-07,-0.05230448383733055
1984-02-14,2.1645e-07,-0.0473570705514722
1984-02-15,2.164e-07,-0.00023100023100020017
1984-02-16,2.1701e-07,0.002818853974122071
1984-02-17,2.1672e-07,-0.001336343947283547
1984-02-18,2.1672e-07,0.0
1984-02-19,2.1672e-07,0.0
1984-02-20,2.0911e-07,-0.03511443337024733
1984-02-21,2.1048e-07,0.006551575725694647
1984-02-22,2.1402e-07,0.016818700114025198
1984-02-23,2.224e-07,0.03915521913839837
1984-02-24,2.2417e-07,0.00795863309352507
1984-02-25,2.2417e-07,0.0
1984-02-26,2.2417e-07,0.0
1984-02-27,2.2556e-07,0.006200651291430548
1984-02-28,2.283e-07,0.012147543890760781
1984-02-29,2.2778e-07,-0.0022777047744196866
1984-03-01,2.348e-07,0.030819211519887757
1984-03-02,2.4265e-07,0.03343270868824533
1984-03-03,2.4265e-07,0.0
1984-03-04,2.4265e-07,0.0
1984-03-05,2.4265e-07,0.0
1984-03-06,2.4265e-07,0.0
1984-03-07,2.4265e-07,0.0
1984-03-08,2.4745e-07,0.0197815784051103
1984-03-09,2.532e-07,0.02323701757930907
1984-03-10,2.532e-07,0.0
1984-03-11,2.532e-07,0.0
1984-03-12,2.5103e-07,-0.008570300157977995
1984-03-13,2.4403e-07,-0.027885113333067757
1984-03-14,2.4607e-07,0.008359627914600543
1984-03-15,2.4822e-07,0.008737351160238882
1984-03-16,2.4623e-07,-0.008017081621142452
1984-03-17,2.4623e-07,0.0
1984-03-18,2.4623e-07,0.0
1984-03-19,2.4582e-07,-0.0016651098566380362
1984-03-20,2.481e-07,0.00927507932633631
1984-03-21,2.5418e-07,0.024506247480854615
1984-03-22,2.5849e-07,0.016956487528522857
1984-03-23,2.6321e-07,0.018259893999767796
1984-03-24,2.6321e-07,0.0
1984-03-25,2.6321e-07,0.0
1984-03-26,2.6693e-07,0.014133201626078229
1984-03-27,2.6708e-07,0.0005619450792340164
1984-03-28,2.6528e-07,-0.0067395536917777
1984-03-29,2.6737e-07,0.007878468033775565
1984-03-30,2.693e-07,0.007218461308299506
1984-03-31,2.693e-07,0.0
1984-04-01,2.693e-07,0.0
1984-04-02,2.8034e-07,0.04099517266988473
1984-04-03,2.9379e-07,0.04797745594635083
1984-04-04,2.9495e-07,0.003948398515946749
1984-04-05,2.9546e-07,0.0017291066282421053
1984-04-06,2.9972e-07,0.014418195356393548
1984-04-07,2.9972e-07,0.0
1984-04-08,2.9972e-07,0.0
1984-04-09,3.017e-07,0.006606165754704518
1984-04-10,3.0203e-07,0.001093801789857407
1984-04-11,3.0301e-07,0.00324471079031885
1984-04-12,3.0576e-07,0.00907560806574037
1984-04-13,3.054e-07,-0.0011773940345368716
1984-04-14,3.054e-07,0.0
1984-04-15,3.054e-07,0.0
1984-04-16,3.0254e-07,-0.009364767518009187
1984-04-17,3.0595e-07,0.01127123686124154
1984-04-18,3.2046e-07,0.04742605000817113
1984-04-19,3.2046e-07,0.0
1984-04-20,3.2046e-07,0.0
1984-04-21,3.2046e-07,0.0
1984-04-22,3.2046e-07,0.0
1984-04-23,3.2014e-07,-0.000998564563440052
1984-04-24,3.3167e-07,0.0360154932217156
1984-04-25,3.4165e-07,0.030090149847740166
1984-04-26,3.5448e-07,0.037553051368359514
1984-04-27,3.651e-07,0.029959377115775343
1984-04-28,3.651e-07,0.0
1984-04-29,3.651e-07,0.0
1984-04-30,3.8045e-07,0.04204327581484524
1984-05-01,3.8045e-07,0.0
1984-05-02,3.8867e-07,0.021605992903141136
1984-05-03,3.8756e-07,-0.0028558931741580196
1984-05-04,3.916e-07,0.010424192383114761
1984-05-05,3.916e-07,0.0
1984-05-06,3.916e-07,0.0
1984-05-07,4.1048e-07,0.04821246169560789
1984-05-08,4.178e-07,0.017832781134281772
1984-05-09,4.2492e-07,0.017041646720919124
1984-05-10,4.1069e-07,-0.03348865668831791
1984-05-11,4.112e-07,0.0012418125593514073
1984-05-12,4.112e-07,0.0
1984-05-13,4.112e-07,0.0
1984-05-14,4.0144e-07,-0.02373540856031131
1984-05-15,4.2089e-07,0.04845057791948992
1984-05-16,4.2104e-07,0.00035638765473167133
1984-05-17,4.203e-07,-0.0017575527265817348
1984-05-18,4.1511e-07,-0.012348322626695274
1984-05-19,4.1511e-07,0.0
1984-05-20,4.1511e-07,0.0
1984-05-21,4.1139e-07,-0.008961480089614837
1984-05-22,4.1307e-07,0.0040837161817253165
1984-05-23,4.1947e-07,0.01549374198077813
1984-05-24,4.2683e-07,0.01754595084273025
1984-05-25,4.267e-07,-0.00030457090644997464
1984-05-26,4.267e-07,0.0
1984-05-27,4.267e-07,0.0
1984-05-28,4.198e-07,-0.01617061167096323
1984-05-29,4.1452e-07,-0.012577417818008585
1984-05-30,4.1307e-07,-0.003498021808356677
1984-05-31,4.152e-07,0.0051565110029778705
1984-06-01,4.1326e-07,-0.004672447013487568
1984-06-02,4.1326e-07,0.0
1984-06-03,4.1326e-07,0.0
1984-06-04,4.1301e-07,-0.0006049460388132255
1984-06-05,4.0552e-07,-0.018135154112491225
1984-06-06,4.0125e-07,-0.010529690274215797
1984-06-07,4.078e-07,0.01632398753894071
1984-06-08,4.109e-07,0.007601765571358499
1984-06-09,4.109e-07,0.0
1984-06-10,4.109e-07,0.0
1984-06-11,4.1423e-07,0.00810416159649563
1984-06-12,4.12e-07,-0.005383482606281631
1984-06-13,4.0982e-07,-0.005291262135922237
1984-06-14,4.1035e-07,0.0012932506954272949
1984-06-15,4.1257e-07,0.005410015840136451
1984-06-16,4.1257e-07,0.0
1984-06-17,4.1257e-07,0.0
1984-06-18,4.0872e-07,-0.009331749763676345
1984-06-19,4.015e-07,-0.01766490506948526
1984-06-20,3.9694e-07,-0.011357409713574018
1984-06-21,3.9694e-07,0.0
1984-06-22,3.9956e-07,0.006600493777397132
1984-06-23,3.9956e-07,0.0
1984-06-24,3.9956e-07,0.0
1984-06-25,3.91e-07,-0.02142356592251482
1984-06-26,3.817e-07,-0.023785166240409272
1984-06-27,3.8685e-07,0.013492271417343549
1984-06-28,3.8739e-07,0.0013958898797983288
1984-06-29,3.94e-07,0.017062908180386804
1984-06-30,3.94e-07,0.0
1984-07-01,3.94e-07,0.0
1984-07-02,3.912e-07,-0.007106598984771617
1984-07-03,3.9325e-07,0.005240286298568542
1984-07-04,3.9063e-07,-0.006662428480610272
1984-07-05,3.8363e-07,-0.01791977062693595
1984-07-06,3.8435e-07,0.0018768083830775772
1984-07-07,3.8435e-07,0.0
1984-07-08,3.8435e-07,0.0
1984-07-09,3.8333e-07,-0.0026538311434891604
1984-07-10,3.841e-07,0.002008713119244554
1984-07-11,3.8703e-07,0.0076282218172349925
1984-07-12,3.888e-07,0.004573288892333993
1984-07-13,3.9158e-07,0.0071502057613168635
1984-07-14,3.9158e-07,0.0
1984-07-15,3.9158e-07,0.0
1984-07-16,3.9387e-07,0.005848102558864143
1984-07-17,3.8705e-07,-0.017315357859192138
1984-07-18,3.7828e-07,-0.02265857124402526
1984-07-19,3.6986e-07,-0.022258644390398707
1984-07-20,3.684e-07,-0.003947439571729827
1984-07-21,3.684e-07,0.0
1984-07-22,3.684e-07,0.0
1984-07-23,3.676e-07,-0.0021715526601520097
1984-07-24,3.5982e-07,-0.021164309031555972
1984-07-25,3.5899e-07,-0.002306708910010502
1984-07-26,3.612e-07,0.006156160338727901
1984-07-27,3.7347e-07,0.03397009966777431
1984-07-28,3.7347e-07,0.0
1984-07-29,3.7347e-07,0.0
1984-07-30,3.8769e-07,0.0380753474174631
1984-07-31,3.9415e-07,0.01666279759601741
1984-08-01,3.9355e-07,-0.0015222630978055651
1984-08-02,3.8883e-07,-0.011993393469698743
1984-08-03,3.9033e-07,0.0038577270272355246
1984-08-04,3.9033e-07,0.0
1984-08-05,3.9033e-07,0.0
1984-08-06,3.9011e-07,-0.0005636256500909376
1984-08-07,3.8263e-07,-0.019174079105893194
1984-08-08,3.8547e-07,0.007422313984789541
1984-08-09,3.8779e-07,0.006018626611668854
1984-08-10,3.9436e-07,0.016942159416178715
1984-08-11,3.9436e-07,0.0
1984-08-12,3.9436e-07,0.0
1984-08-13,4.0819e-07,0.0350694796632518
1984-08-14,4.1786e-07,0.02368994830838589
1984-08-15,4.1453e-07,-0.007969176279136625
1984-08-16,4.165e-07,0.0047523701541505314
1984-08-17,4.3277e-07,0.03906362545017994
1984-08-18,4.3277e-07,0.0
1984-08-19,4.3277e-07,0.0
1984-08-20,4.5611e-07,0.05393164960602648
1984-08-21,4.6867e-07,0.027537216899432115
1984-08-22,4.8918e-07,0.043762135404442404
1984-08-23,4.9026e-07,0.0022077762786705257
1984-08-24,4.8737e-07,-0.005894831313996707
1984-08-25,4.8737e-07,0.0
1984-08-26,4.8737e-07,0.0
1984-08-27,4.9595e-07,0.017604694585222624
1984-08-28,4.8366e-07,-0.024780723863292664
1984-08-29,4.9166e-07,0.016540545010958363
1984-08-30,5.0047e-07,0.01791888703575628
1984-08-31,5.1763e-07,0.034287769496673004
1984-09-01,5.1763e-07,0.0
1984-09-02,5.1763e-07,0.0
1984-09-03,5.2797e-07,0.01997565828873893
1984-09-04,5.3592e-07,0.015057673731462051
1984-09-05,5.294e-07,-0.012165994924615786
1984-09-06,5.501e-07,0.039100868908198194
1984-09-07,5.501e-07,0.0
1984-09-08,5.501e-07,0.0
1984-09-09,5.501e-07,0.0
1984-09-10,5.631e-07,0.02363206689692765
1984-09-11,5.601e-07,-0.005327650506126602
1984-09-12,5.519e-07,-0.0146402428137834
1984-09-13,5.179e-07,-0.061605363290450965
1984-09-14,4.9863e-07,-0.037207955203707455
1984-09-15,4.9863e-07,0.0
1984-09-16,4.9863e-07,0.0
1984-09-17,5.0101e-07,0.004773078234362238
1984-09-18,4.9453e-07,-0.012933873575377786
1984-09-19,4.9165e-07,-0.005823711402745957
1984-09-20,4.7574e-07,-0.03236041899725417
1984-09-21,4.671e-07,-0.018161180476730987
1984-09-22,4.671e-07,0.0
1984-09-23,4.671e-07,0.0
1984-09-24,4.81e-07,0.029758081781203316
1984-09-25,5.007e-07,0.04095634095634093
1984-09-26,5.0772e-07,0.014020371479928073
1984-09-27,5.187e-07,0.021626093122193213
1984-09-28,5.203e-07,0.0030846346635819977
1984-09-29,5.203e-07,0.0
1984-09-30,5.203e-07,0.0
1984-10-01,5.1482e-07,-0.010532385162406399
1984-10-02,5.0547e-07,-0.01816168758012504
1984-10-03,5.1224e-07,0.013393475379349873
1984-10-04,5.1341e-07,0.002284085584882023
1984-10-05,5.1816e-07,0.009251864981204116
1984-10-06,5.1816e-07,0.0
1984-10-07,5.1816e-07,0.0
1984-10-08,5.1975e-07,0.003068550254747393
1984-10-09,5.2442e-07,0.008985088985089096
1984-10-10,5.3907e-07,0.027935624118073266
1984-10-11,5.455e-07,0.011927949987942332
1984-10-12,5.455e-07,0.0
1984-10-13,5.455e-07,0.0
1984-10-14,5.455e-07,0.0
1984-10-15,5.461e-07,0.0010999083409717336
1984-10-16,5.461e-07,0.0
1984-10-17,5.597e-07,0.024903863761215783
1984-10-18,5.811e-07,0.0382347686260498
1984-10-19,5.997e-07,0.03200826019617953
1984-10-20,5.997e-07,0.0
1984-10-21,5.997e-07,0.0
1984-10-22,6.019e-07,0.003668500917125339
1984-10-23,6.069e-07,0.00830702774547265
1984-10-24,6.309e-07,0.039545229856648545
1984-10-25,6.439e-07,0.020605484228879423
1984-10-26,6.346e-07,-0.014443236527410974
1984-10-27,6.346e-07,0.0
1984-10-28,6.346e-07,0.0
1984-10-29,6.451e-07,0.016545855657106756
1984-10-30,6.7668e-07,0.048953650596806675
1984-10-31,7.1121e-07,0.05102855116155358
1984-11-01,7.527e-07,0.05833719998312725
1984-11-02,7.527e-07,0.0
1984-11-03,7.527e-07,0.0
1984-11-04,7.527e-07,0.0
1984-11-05,7.877e-07,0.04649926929719683
1984-11-06,7.7893e-07,-0.011133680335153051
1984-11-07,8.138e-07,0.044766538713363335
1984-11-08,8.179e-07,0.005038092897517776
1984-11-09,8.414e-07,0.028732118840933962
1984-11-10,8.414e-07,0.0
1984-11-11,8.414e-07,0.0
1984-11-12,8.548e-07,0.015925837889232186
1984-11-13,8.741e-07,0.022578380907814832
1984-11-14,9.176e-07,0.04976547305800261
1984-11-15,9.176e-07,0.0
1984-11-16,9.473e-07,0.03236704446381866
1984-11-17,9.473e-07,0.0
1984-11-18,9.473e-07,0.0
1984-11-19,9.469e-07,-0.00042225271825191424
1984-11-20,9.368e-07,-0.01066638504593942
1984-11-21,9.841e-07,0.050491033304867594
1984-11-22,1.0054e-06,0.021644141855502452
1984-11-23,9.778e-07,-0.027451760493335975
1984-11-24,9.778e-07,0.0
1984-11-25,9.778e-07,0.0
1984-11-26,9.333e-07,-0.04551032931069743
1984-11-27,9.925e-07,0.06343083681560047
1984-11-28,1.0471e-06,0.05501259445843831
1984-11-29,1.0661e-06,0.018145353834399636
1984-11-30,1.0673e-06,0.0011255979739235311
1984-12-01,1.0673e-06,0.0
1984-12-02,1.0673e-06,0.0
1984-12-03,1.0582e-06,-0.008526187576126554
1984-12-04,1.0505e-06,-0.007276507276507416
1984-12-05,1.0868e-06,0.034554973821989465
1984-12-06,1.101e-06,0.013065881486934217
1984-12-07,1.128e-06,0.02452316076294281
1984-12-08,1.128e-06,0.0
1984-12-09,1.128e-06,0.0
1984-12-10,1.1296e-06,0.0014184397163119478
1984-12-11,1.1098e-06,-0.017528328611898014
1984-12-12,1.12e-06,0.009190845197333042
1984-12-13,1.15559e-06,0.03177678571428566
1984-12-14,1.16981e-06,0.012305402435119905
1984-12-15,1.16981e-06,0.0
1984-12-16,1.16981e-06,0.0
1984-12-17,1.16793e-06,-0.0016070985886597056
1984-12-18,1.15869e-06,-0.007911433048213623
1984-12-19,1.14515e-06,-0.011685610473897268
1984-12-20,1.16299e-06,0.015578745142557748
1984-12-21,1.21244e-06,0.04251971212134231
1984-12-22,1.21244e-06,0.0
1984-12-23,1.21244e-06,0.0
1984-12-24,1.21244e-06,0.0
1984-12-25,1.21244e-06,0.0
1984-12-26,1.26295e-06,0.04165979347431614
1984-12-27,1.28228e-06,0.015305435686290059
1984-12-28,1.30684e-06,0.019153383036466298
1984-12-29,1.30684e-06,0.0
1984-12-30,1.30684e-06,0.0
1984-12-31,1.30684e-06,0.0
1985-01-01,1.30684e-06,0.0
1985-01-02,1.38069e-06,0.056510360870496656
1985-01-03,1.4396e-06,0.042667072260970995
1985-01-04,1.44018e-06,0.00040288969158108756
1985-01-05,1.44018e-06,0.0
1985-01-06,1.44018e-06,0.0
1985-01-07,1.39138e-06,-0.033884653307225565
1985-01-08,1.36974e-06,-0.01555290431082812
1985-01-09,1.41502e-06,0.03305736855169594
1985-01-10,1.39911e-06,-0.011243657333465218
1985-01-11,1.34953e-06,-0.03543681340280602
1985-01-12,1.34953e-06,0.0
1985-01-13,1.34953e-06,0.0
1985-01-14,1.34932e-06,-0.0001556097307950921
1985-01-15,1.3429e-06,-0.004757952153677358
1985-01-16,1.26341e-06,-0.059192791719413385
1985-01-17,1.21921e-06,-0.03498468430675705
1985-01-18,1.28383e-06,0.053001533780070886
1985-01-19,1.28383e-06,0.0
1985-01-20,1.28383e-06,0.0
1985-01-21,1.29762e-06,0.010741297523815474
1985-01-22,1.27707e-06,-0.01583668562445084
1985-01-23,1.22491e-06,-0.04084349330890247
1985-01-24,1.26728e-06,0.034590296429941825
1985-01-25,1.26728e-06,0.0
1985-01-26,1.26728e-06,0.0
1985-01-27,1.26728e-06,0.0
1985-01-28,1.27301e-06,0.004521494855122876
1985-01-29,1.24853e-06,-0.01923001390405421
1985-01-30,1.26467e-06,0.012927202390010661
1985-01-31,1.24861e-06,-0.012698964947377545
1985-02-01,1.23041e-06,-0.014576208744123575
1985-02-02,1.23041e-06,0.0
1985-02-03,1.23041e-06,0.0
1985-02-04,1.18744e-06,-0.03492331824351225
1985-02-05,1.16077e-06,-0.022460082193626718
1985-02-06,1.15557e-06,-0.004479784970321421
1985-02-07,1.17348e-06,0.0154988447259794
1985-02-08,1.19532e-06,0.018611309949892574
1985-02-09,1.19532e-06,0.0
1985-02-10,1.19532e-06,0.0
1985-02-11,1.16416e-06,-0.02606833316601409
1985-02-12,1.13256e-06,-0.027144035184167192
1985-02-13,1.12885e-06,-0.0032757646394009354
1985-02-14,1.1726e-06,0.03875625636709934
1985-02-15,1.23413e-06,0.052473136619477945
1985-02-16,1.23413e-06,0.0
1985-02-17,1.23413e-06,0.0
1985-02-18,1.23413e-06,0.0
1985-02-19,1.23413e-06,0.0
1985-02-20,1.23413e-06,0.0
1985-02-21,1.2764e-06,0.03425084877606088
1985-02-22,1.30789e-06,0.02467094954559701
1985-02-23,1.30789e-06,0.0
1985-02-24,1.30789e-06,0.0
1985-02-25,1.34551e-06,0.028763886871220112
1985-02-26,1.35419e-06,0.0064510854620181135
1985-02-27,1.34048e-06,-0.010124133245704048
1985-02-28,1.35391e-06,0.0100187992360945
1985-03-01,1.32815e-06,-0.019026375460702738
1985-03-02,1.32815e-06,0.0
1985-03-03,1.32815e-06,0.0
1985-03-04,1.27168e-06,-0.04251778790046312
1985-03-05,1.25993e-06,-0.009239745848012015
1985-03-06,1.26699e-06,0.0056034859079472366
1985-03-07,1.27398e-06,0.005517012762531692
1985-03-08,1.26735e-06,-0.005204163330664535
1985-03-09,1.26735e-06,0.0
1985-03-10,1.26735e-06,0.0
1985-03-11,1.25555e-06,-0.009310766560145178
1985-03-12,1.27371e-06,0.014463780813189553
1985-03-13,1.28973e-06,0.012577431283416152
1985-03-14,1.31763e-06,0.02163243469563403
1985-03-15,1.34234e-06,0.0187533677891365
1985-03-16,1.34234e-06,0.0
1985-03-17,1.34234e-06,0.0
1985-03-18,1.35736e-06,0.011189415498308986
1985-03-19,1.30014e-06,-0.04215536040549295
1985-03-20,1.31071e-06,0.008129893703755053
1985-03-21,1.26843e-06,-0.03225732618199306
1985-03-22,1.32474e-06,0.044393462784702464
1985-03-23,1.32474e-06,0.0
1985-03-24,1.32474e-06,0.0
1985-03-25,1.33414e-06,0.007095731992692755
1985-03-26,1.26545e-06,-0.0514863507577914
1985-03-27,1.25435e-06,-0.008771583231261815
1985-03-28,1.27467e-06,0.016199625303942478
1985-03-29,1.2838e-06,0.007162638173017433
1985-03-30,1.2838e-06,0.0
1985-03-31,1.2838e-06,0.0
1985-04-01,1.27348e-06,-0.008038635301448882
1985-04-02,1.22938e-06,-0.034629519112981844
1985-04-03,1.22914e-06,-0.0001952203549755449
1985-04-04,1.22914e-06,0.0
1985-04-05,1.22914e-06,0.0
1985-04-06,1.22914e-06,0.0
1985-04-07,1.22914e-06,0.0
1985-04-08,1.18884e-06,-0.03278715199245008
1985-04-09,1.17388e-06,-0.01258369503044987
1985-04-10,1.10371e-06,-0.05977612703172386
1985-04-11,1.13183e-06,0.025477707006369643
1985-04-12,1.12443e-06,-0.0065380843412881084
1985-04-13,1.12443e-06,0.0
1985-04-14,1.12443e-06,0.0
1985-04-15,1.11249e-06,-0.010618713481497233
1985-04-16,1.15225e-06,0.03573964709795141
1985-04-17,1.17796e-06,0.022312866131481757
1985-04-18,1.18419e-06,0.00528880437366297
1985-04-19,1.18204e-06,-0.0018155870257307027
1985-04-20,1.18204e-06,0.0
1985-04-21,1.18204e-06,0.0
1985-04-22,1.18204e-06,0.0
1985-04-23,1.23581e-06,0.04548915434333867
1985-04-24,1.28095e-06,0.036526650536894856
1985-04-25,1.27724e-06,-0.002896287911315798
1985-04-26,1.28986e-06,0.009880680216717286
1985-04-27,1.28986e-06,0.0
1985-04-28,1.28986e-06,0.0
1985-04-29,1.2942e-06,0.0033647062471895417
1985-04-30,1.28098e-06,-0.010214804512440168
1985-05-01,1.28098e-06,0.0
1985-05-02,1.29698e-06,0.012490437009164745
1985-05-03,1.3065e-06,0.007340128606454943
1985-05-04,1.3065e-06,0.0
1985-05-05,1.3065e-06,0.0
1985-05-06,1.35713e-06,0.038752391886720305
1985-05-07,1.37506e-06,0.013211704110881017
1985-05-08,1.42105e-06,0.03344581327360263
1985-05-09,1.54644e-06,0.08823757081031625
1985-05-10,1.60148e-06,0.035591422880939305
1985-05-11,1.60148e-06,0.0
1985-05-12,1.60148e-06,0.0
1985-05-13,1.63355e-06,0.020025226665334683
1985-05-14,1.65563e-06,0.013516574331976505
1985-05-15,1.65587e-06,0.0001449599246208244
1985-05-16,1.6846e-06,0.017350395864409673
1985-05-17,1.73984e-06,0.03279116704262153
1985-05-18,1.73984e-06,0.0
1985-05-19,1.73984e-06,0.0
1985-05-20,1.83912e-06,0.05706271841088828
1985-05-21,1.83735e-06,-0.0009624168080385465
1985-05-22,1.91425e-06,0.041853756769260064
1985-05-23,1.92918e-06,0.007799399242523153
1985-05-24,1.92709e-06,-0.0010833618428555125
1985-05-25,1.92709e-06,0.0
1985-05-26,1.92709e-06,0.0
1985-05-27,1.87497e-06,-0.027045960489650134
1985-05-28,1.87444e-06,-0.00028267118940572544
1985-05-29,1.91603e-06,0.022187960137427742
1985-05-30,1.89322e-06,-0.011904824037201833
1985-05-31,1.86259e-06,-0.016178785349827418
1985-06-01,1.86259e-06,0.0
1985-06-02,1.86259e-06,0.0
1985-06-03,1.83421e-06,-0.015236847615417215
1985-06-04,1.88828e-06,0.029478631127297428
1985-06-05,2.006e-06,0.06234244921304044
1985-06-06,2.006e-06,0.0
1985-06-07,2.20863e-06,0.10101196410767699
1985-06-08,2.20863e-06,0.0
1985-06-09,2.20863e-06,0.0
1985-06-10,2.21122e-06,0.0011726726522776065
1985-06-11,2.22711e-06,0.007186078273532459
1985-06-12,2.25542e-06,0.012711540965646195
1985-06-13,2.38455e-06,0.05725319452696165
1985-06-14,2.43815e-06,0.022478035688075382
1985-06-15,2.43815e-06,0.0
1985-06-16,2.43815e-06,0.0
1985-06-17,2.44944e-06,0.0046305600557798865
1985-06-18,2.50643e-06,0.023266542556665826
1985-06-19,2.65961e-06,0.06111481270173136
1985-06-20,2.67995e-06,0.007647737826222523
1985-06-21,2.70513e-06,0.009395697680926851
1985-06-22,2.70513e-06,0.0
1985-06-23,2.70513e-06,0.0
1985-06-24,2.76841e-06,0.023392591113920558
1985-06-25,2.78235e-06,0.005035381319963506
1985-06-26,2.71786e-06,-0.023178248602799822
1985-06-27,2.64445e-06,-0.02701022127703412
1985-06-28,2.83203e-06,0.07093346442549486
1985-06-29,2.83203e-06,0.0
1985-06-30,2.83203e-06,0.0
1985-07-01,3.01918e-06,0.06608333951264633
1985-07-02,2.96539e-06,-0.01781609576110066
1985-07-03,2.88048e-06,-0.028633670444697
1985-07-04,2.89574e-06,0.00529772815641838
1985-07-05,2.91529e-06,0.0067512967324414586
1985-07-06,2.91529e-06,0.0
1985-07-07,2.91529e-06,0.0
1985-07-08,2.79895e-06,-0.0399068360266045
1985-07-09,2.70364e-06,-0.03405205523499888
1985-07-10,2.62706e-06,-0.02832477696734781
1985-07-11,2.71074e-06,0.03185309814012616
1985-07-12,2.75158e-06,0.015065996738897747
1985-07-13,2.75158e-06,0.0
1985-07-14,2.75158e-06,0.0
1985-07-15,2.74931e-06,-0.0008249805566256097
1985-07-16,2.67735e-06,-0.026173839981668112
1985-07-17,2.75517e-06,0.029066054120679086
1985-07-18,2.88718e-06,0.04791355887295512
1985-07-19,2.90134e-06,0.004904439626209678
1985-07-20,2.90134e-06,0.0
1985-07-21,2.90134e-06,0.0
1985-07-22,2.9533e-06,0.01790896620182414
1985-07-23,2.93758e-06,-0.00532285917448283
1985-07-24,2.95442e-06,0.005732609835306768
1985-07-25,2.96278e-06,0.0028296586131963952
1985-07-26,3.05585e-06,0.031413064756748765
1985-07-27,3.05585e-06,0.0
1985-07-28,3.05585e-06,0.0
1985-07-29,3.19758e-06,0.04637989430109446
1985-07-30,3.28325e-06,0.026792136553268397
1985-07-31,3.35176e-06,0.020866519454808552
1985-08-01,3.53444e-06,0.054502709024512486
1985-08-02,3.58378e-06,0.0139597786353709
1985-08-03,3.58378e-06,0.0
1985-08-04,3.58378e-06,0.0
1985-08-05,3.59131e-06,0.0021011334401106474
1985-08-06,3.74374e-06,0.04244412206130921
1985-08-07,3.81911e-06,0.020132274142969475
1985-08-08,3.81702e-06,-0.0005472479190179458
1985-08-09,3.84098e-06,0.006277148141744071
1985-08-10,3.84098e-06,0.0
1985-08-11,3.84098e-06,0.0
1985-08-12,3.93685e-06,0.024959775890528002
1985-08-13,4.08378e-06,0.03732171660083572
1985-08-14,4.26312e-06,0.04391519621527107
1985-08-15,4.45836e-06,0.04579744412542941
1985-08-16,4.35652e-06,-0.02284248019451096
1985-08-17,4.35652e-06,0.0
1985-08-18,4.35652e-06,0.0
1985-08-19,4.30687e-06,-0.011396711136411719
1985-08-20,4.22393e-06,-0.01925760471061344
1985-08-21,4.2057e-06,-0.0043158859166699814
1985-08-22,4.4333e-06,0.054117031647525904
1985-08-23,4.39842e-06,-0.007867728328784573
1985-08-24,4.39842e-06,0.0
1985-08-25,4.39842e-06,0.0
1985-08-26,4.2111e-06,-0.04258802024363284
1985-08-27,4.31982e-06,0.025817482368027278
1985-08-28,4.27762e-06,-0.009768925557083419
1985-08-29,4.15756e-06,-0.02806700922475569
1985-08-30,4.15551e-06,-0.0004930776705568407
1985-08-31,4.15551e-06,0.0
1985-09-01,4.15551e-06,0.0
1985-09-02,4.09741e-06,-0.013981436694894378
1985-09-03,3.92164e-06,-0.04289783058078145
1985-09-04,3.98381e-06,0.015853061474281116
1985-09-05,4.0459e-06,0.015585582645758711
1985-09-06,4.07929e-06,0.008252799129983668
1985-09-07,4.07929e-06,0.0
1985-09-08,4.07929e-06,0.0
1985-09-09,4.06997e-06,-0.0022847113100565863
1985-09-10,4.01411e-06,-0.013724916891279193
1985-09-11,4.01411e-06,0.0
1985-09-12,4.01411e-06,0.0
1985-09-13,4.1798e-06,0.04127689575024096
1985-09-14,4.1798e-06,0.0
1985-09-15,4.1798e-06,0.0
1985-09-16,4.32099e-06,0.03377912818795159
1985-09-17,4.41819e-06,0.022494844931369773
1985-09-18,4.55105e-06,0.03007113772834602
1985-09-19,4.76244e-06,0.04644862174662978
1985-09-20,4.8247e-06,0.013073130580122827
1985-09-21,4.8247e-06,0.0
1985-09-22,4.8247e-06,0.0
1985-09-23,4.94775e-06,0.02550417642547731
1985-09-24,5.09143e-06,0.02903946238189059
1985-09-25,5.2345e-06,0.028100160465723834
1985-09-26,5.25533e-06,0.003979367656891775
1985-09-27,5.20325e-06,-0.009909939052352601
1985-09-28,5.20325e-06,0.0
1985-09-29,5.20325e-06,0.0
1985-09-30,5.44781e-06,0.047001393359919375
1985-10-01,5.73638e-06,0.052969909009308536
1985-10-02,5.87778e-06,0.02464969196601352
1985-10-03,5.82462e-06,-0.009044230985167934
1985-10-04,5.88811e-06,0.010900281906802478
1985-10-05,5.88811e-06,0.0
1985-10-06,5.88811e-06,0.0
1985-10-07,6.05973e-06,0.029146873954460695
1985-10-08,6.13124e-06,0.011800855813707933
1985-10-09,6.20934e-06,0.012738043201701466
1985-10-10,6.19768e-06,-0.001877816321863568
1985-10-11,6.17476e-06,-0.0036981580204205056
1985-10-12,6.17476e-06,0.0
1985-10-13,6.17476e-06,0.0
1985-10-14,6.20066e-06,0.0041944950087129396
1985-10-15,6.38603e-06,0.0298952047040153
1985-10-16,6.53516e-06,0.023352536709035254
1985-10-17,6.84479e-06,0.04737910012914748
1985-10-18,7.22539e-06,0.055604335560331286
1985-10-19,7.22539e-06,0.0
1985-10-20,7.22539e-06,0.0
1985-10-21,7.2638e-06,0.005315976023439584
1985-10-22,7.2274e-06,-0.005011151188083374
1985-10-23,7.59747e-06,0.05120375238675057
1985-10-24,7.51736e-06,-0.01054429961552994
1985-10-25,7.30668e-06,-0.028025796290186977
1985-10-26,7.30668e-06,0.0
1985-10-27,7.30668e-06,0.0
1985-10-28,6.67655e-06,-0.08624026233528781
1985-10-29,6.93588e-06,0.038841916858257663
1985-10-30,7.00608e-06,0.01012128237512755
1985-10-31,6.76364e-06,-0.034604229469261005
1985-11-01,6.49882e-06,-0.039153473573401376
1985-11-02,6.49882e-06,0.0
1985-11-03,6.49882e-06,0.0
1985-11-04,6.18674e-06,-0.04802102535537223
1985-11-05,6.73041e-06,0.0878766523241643
1985-11-06,6.84646e-06,0.0172426345497525
1985-11-07,7.14341e-06,0.043372779509410764
1985-11-08,7.55009e-06,0.05693079355657882
1985-11-09,7.55009e-06,0.0
1985-11-10,7.55009e-06,0.0
1985-11-11,7.88412e-06,0.04424185671958858
1985-11-12,7.82238e-06,-0.007830931036057143
1985-11-13,7.74286e-06,-0.010165704044037716
1985-11-14,8.08921e-06,0.044731533309397165
1985-11-15,8.08921e-06,0.0
1985-11-16,8.08921e-06,0.0
1985-11-17,8.08921e-06,0.0
1985-11-18,7.76634e-06,-0.039913662768057634
1985-11-19,7.59414e-06,-0.022172606401470896
1985-11-20,7.40779e-06,-0.0245386574384987
1985-11-21,7.37046e-06,-0.005039289720685902
1985-11-22,7.23762e-06,-0.018023298410139943
1985-11-23,7.23762e-06,0.0
1985-11-24,7.23762e-06,0.0
1985-11-25,6.68067e-06,-0.07695209198603958
1985-11-26,6.68638e-06,0.000854704692792918
1985-11-27,7.28927e-06,0.09016687654605327
1985-11-28,7.73044e-06,0.06052320739936934
1985-11-29,7.58427e-06,-0.018908367440921947
1985-11-30,7.58427e-06,0.0
1985-12-01,7.58427e-06,0.0
1985-12-02,7.2585e-06,-0.04295337586873882
1985-12-03,7.0814e-06,-0.024398980505614176
1985-12-04,6.9335e-06,-0.02088570056768435
1985-12-05,7.0159e-06,0.011884329703612861
1985-12-06,7.0627e-06,0.006670562579284223
1985-12-07,7.0627e-06,0.0
1985-12-08,7.0627e-06,0.0
1985-12-09,6.7445e-06,-0.04505359140272125
1985-12-10,6.4764e-06,-0.03975090814737936
1985-12-11,6.6645e-06,0.029043913285158318
1985-12-12,6.6864e-06,0.003286067972090967
1985-12-13,6.6201e-06,-0.009915649676956129
1985-12-14,6.6201e-06,0.0
1985-12-15,6.6201e-06,0.0
1985-12-16,6.2453e-06,-0.05661545898098219
1985-12-17,5.9748e-06,-0.043312571053432225
1985-12-18,5.9987e-06,0.0040001338956952015
1985-12-19,6.1949e-06,0.032707086535415986
1985-12-20,6.2682e-06,0.011832313677379913
1985-12-21,6.2682e-06,0.0
1985-12-22,6.2682e-06,0.0
1985-12-23,6.1241e-06,-0.02298905586930855
1985-12-24,6.1241e-06,0.0
1985-12-25,6.1241e-06,0.0
1985-12-26,6.1217e-06,-0.00039189431916530904
1985-12-27,6.3755e-06,0.041459071826453364
1985-12-28,6.3755e-06,0.0
1985-12-29,6.3755e-06,0.0
1985-12-30,6.5548e-06,0.028123284448278607
1985-12-31,6.5548e-06,0.0
1986-01-01,6.5548e-06,0.0
1986-01-02,7.0378e-06,0.07368645877829971
1986-01-03,7.3525e-06,0.04471567819489053
1986-01-04,7.3525e-06,0.0
1986-01-05,7.3525e-06,0.0
1986-01-06,7.6165e-06,0.03590615436926203
1986-01-07,7.3896e-06,-0.02979058622726971
1986-01-08,7.4779e-06,0.011949225939157593
1986-01-09,7.4866e-06,0.0011634282351997705
1986-01-10,7.3783e-06,-0.014465845644217601
1986-01-11,7.3783e-06,0.0
1986-01-12,7.3783e-06,0.0
1986-01-13,7.1795e-06,-0.026943875960587227
1986-01-14,7.1678e-06,-0.0016296399470714373
1986-01-15,7.2401e-06,0.01008677697480409
1986-01-16,7.1723e-06,-0.009364511539895926
1986-01-17,7.0024e-06,-0.023688356594119053
1986-01-18,7.0024e-06,0.0
1986-01-19,7.0024e-06,0.0
1986-01-20,7.0268e-06,0.0034845195932822204
1986-01-21,6.9779e-06,-0.006959070985370408
1986-01-22,6.8391e-06,-0.019891371329483043
1986-01-23,6.8858e-06,0.0068283838516762785
1986-01-24,6.8986e-06,0.001858898022016442
1986-01-25,6.8986e-06,0.0
1986-01-26,6.8986e-06,0.0
1986-01-27,6.7816e-06,-0.01695996289102142
1986-01-28,6.5254e-06,-0.037778695293146036
1986-01-29,6.3182e-06,-0.03175284273761003
1986-01-30,6.3495e-06,0.004953942578582504
1986-01-31,6.6469e-06,0.04683833372706503
1986-02-01,6.6469e-06,0.0
1986-02-02,6.6469e-06,0.0
1986-02-03,6.9103e-06,0.039627495524229284
1986-02-04,6.8086e-06,-0.01471716133887091
1986-02-05,6.7462e-06,-0.00916487971095381
1986-02-06,7.0584e-06,0.04627790459814407
1986-02-07,7.377e-06,0.045137708262495746
1986-02-08,7.377e-06,0.0
1986-02-09,7.377e-06,0.0
1986-02-10,7.377e-06,0.0
1986-02-11,7.377e-06,0.0
1986-02-12,7.377e-06,0.0
1986-02-13,7.6393e-06,0.035556459265283946
1986-02-14,7.9294e-06,0.037974683544304
1986-02-15,7.9294e-06,0.0
1986-02-16,7.9294e-06,0.0
1986-02-17,8.3543e-06,0.053585391076247824
1986-02-18,8.3102e-06,-0.005278718743641053
1986-02-19,8.5116e-06,0.02423527712931084
1986-02-20,8.6429e-06,0.01542600686122464
1986-02-21,8.5046e-06,-0.016001573545916248
1986-02-22,8.5046e-06,0.0
1986-02-23,8.5046e-06,0.0
1986-02-24,8.1646e-06,-0.039978364649719045
1986-02-25,8.2153e-06,0.006209734708375381
1986-02-26,8.6342e-06,0.05099022555475741
1986-02-27,8.2426e-06,-0.04535452039563592
1986-02-28,8.2426e-06,0.0
1986-03-01,8.2426e-06,0.0
1986-03-02,8.2426e-06,0.0
1986-03-03,8.2426e-06,0.0
1986-03-04,1.01591e-05,0.23251158615000134
1986-03-05,1.0073e-05,-0.008475160201198984
1986-03-06,9.7607e-06,-0.03100367318574415
1986-03-07,9.4654e-06,-0.030253977686026667
1986-03-08,9.4654e-06,0.0
1986-03-09,9.4654e-06,0.0
1986-03-10,9.657e-06,0.020242145075749507
1986-03-11,1.01068e-05,0.04657761209485356
1986-03-12,1.07955e-05,0.06814224086753473
1986-03-13,1.11795e-05,0.03557037654578288
1986-03-14,1.13381e-05,0.014186680978576893
1986-03-15,1.13381e-05,0.0
1986-03-16,1.13381e-05,0.0
1986-03-17,1.23301e-05,0.08749261340083425
1986-03-18,1.28045e-05,0.038474951541350055
1986-03-19,1.31829e-05,0.02955211058612206
1986-03-20,1.33552e-05,0.013069961844510702
1986-03-21,1.35544e-05,0.014915538516832472
1986-03-22,1.35544e-05,0.0
1986-03-23,1.35544e-05,0.0
1986-03-24,1.43565e-05,0.059176356017234255
1986-03-25,1.46901e-05,0.02323686135200087
1986-03-26,1.54817e-05,0.05388663113253145
1986-03-27,1.54817e-05,0.0
1986-03-28,1.54817e-05,0.0
1986-03-29,1.54817e-05,0.0
1986-03-30,1.54817e-05,0.0
1986-03-31,1.57357e-05,0.016406466990058988
1986-04-01,1.46947e-05,-0.06615530290994354
1986-04-02,1.52897e-05,0.040490789196104826
1986-04-03,1.47326e-05,-0.03643629371406898
1986-04-04,1.61004e-05,0.09284172515374056
1986-04-05,1.61004e-05,0.0
1986-04-06,1.61004e-05,0.0
1986-04-07,1.69974e-05,0.05571290154281883
1986-04-08,1.7545e-05,0.03221669196465338
1986-04-09,1.75433e-05,-9.689370190935076e-05
1986-04-10,1.76045e-05,0.0034885112835101317
1986-04-11,1.85283e-05,0.05247521940412958
1986-04-12,1.85283e-05,0.0
1986-04-13,1.85283e-05,0.0
1986-04-14,1.92253e-05,0.037618130103679315
1986-04-15,1.90983e-05,-0.006605878711905655
1986-04-16,1.78152e-05,-0.06718399019808052
1986-04-17,1.90131e-05,0.06724033409672647
1986-04-18,1.99517e-05,0.049365963467293605
1986-04-19,1.99517e-05,0.0
1986-04-20,1.99517e-05,0.0
1986-04-21,1.99517e-05,0.0
1986-04-22,2.02115e-05,0.013021446794007518
1986-04-23,1.97582e-05,-0.022427825742770247
1986-04-24,2.00941e-05,0.017000536486117213
1986-04-25,2.03845e-05,0.01445200332435892
1986-04-26,2.03845e-05,0.0
1986-04-27,2.03845e-05,0.0
1986-04-28,1.94274e-05,-0.046952341239667406
1986-04-29,1.93051e-05,-0.00629523250666586
1986-04-30,1.94266e-05,0.006293673692444157
1986-05-01,1.94266e-05,0.0
1986-05-02,1.96664e-05,0.012343899601577002
1986-05-03,1.96664e-05,0.0
1986-05-04,1.96664e-05,0.0
1986-05-05,1.87038e-05,-0.04894642639222224
1986-05-06,1.78924e-05,-0.04338155882761774
1986-05-07,1.83124e-05,0.02347365361829601
1986-05-08,1.85311e-05,0.011942727332299397
1986-05-09,1.82598e-05,-0.01464025341183195
1986-05-10,1.82598e-05,0.0
1986-05-11,1.82598e-05,0.0
1986-05-12,1.72946e-05,-0.05285928652011529
1986-05-13,1.70173e-05,-0.016033906537300524
1986-05-14,1.75605e-05,0.03192045741686389
1986-05-15,1.77415e-05,0.010307223598416959
1986-05-16,1.70159e-05,-0.040898458416706474
1986-05-17,1.70159e-05,0.0
1986-05-18,1.70159e-05,0.0
1986-05-19,1.58388e-05,-0.06917647611939415
1986-05-20,1.55758e-05,-0.01660479329242115
1986-05-21,1.48069e-05,-0.04936504063996716
1986-05-22,1.50287e-05,0.014979502799370659
1986-05-23,1.6451e-05,0.09463892419171316
1986-05-24,1.6451e-05,0.0
1986-05-25,1.6451e-05,0.0
1986-05-26,1.6451e-05,0.0
1986-05-27,1.67724e-05,0.01953680627317489
1986-05-28,1.66901e-05,-0.004906870811571262
1986-05-29,1.697e-05,0.016770420788371432
1986-05-30,1.72885e-05,0.018768414849734905
1986-05-31,1.72885e-05,0.0
1986-06-01,1.72885e-05,0.0
1986-06-02,1.69571e-05,-0.019168811637793826
1986-06-03,1.69894e-05,0.001904806836074524
1986-06-04,1.6939e-05,-0.002966555617031741
1986-06-05,1.69807e-05,0.0024617746029871324
1986-06-06,1.72426e-05,0.015423392439652073
1986-06-07,1.72426e-05,0.0
1986-06-08,1.72426e-05,0.0
1986-06-09,1.73845e-05,0.008229617343092022
1986-06-10,1.71272e-05,-0.014800540711553345
1986-06-11,1.7318e-05,0.011140174692886085
1986-06-12,1.70245e-05,-0.016947684490125847
1986-06-13,1.6545e-05,-0.02816529119797928
1986-06-14,1.6545e-05,0.0
1986-06-15,1.6545e-05,0.0
1986-06-16,1.59958e-05,-0.033194318525234245
1986-06-17,1.57425e-05,-0.015835406794283524
1986-06-18,1.55277e-05,-0.013644592663172972
1986-06-19,1.55515e-05,0.001532744707844591
1986-06-20,1.55967e-05,0.0029064720444973435
1986-06-21,1.55967e-05,0.0
1986-06-22,1.55967e-05,0.0
1986-06-23,1.54629e-05,-0.008578737809921244
1986-06-24,1.51975e-05,-0.017163662702339155
1986-06-25,1.56218e-05,0.027919065635795492
1986-06-26,1.59982e-05,0.024094534560678005
1986-06-27,1.5967e-05,-0.001950219399682318
1986-06-28,1.5967e-05,0.0
1986-06-29,1.5967e-05,0.0
1986-06-30,1.56362e-05,-0.020717730318782546
1986-07-01,1.52931e-05,-0.021942671493073718
1986-07-02,1.49596e-05,-0.02180722024965509
1986-07-03,1.498e-05,0.0013636728254766695
1986-07-04,1.54557e-05,0.031755674232309516
1986-07-05,1.54557e-05,0.0
1986-07-06,1.54557e-05,0.0
1986-07-07,1.55102e-05,0.0035262071598181066
1986-07-08,1.51809e-05,-0.02123118979768146
1986-07-09,1.51417e-05,-0.002582192096647895
1986-07-10,1.53862e-05,0.016147460324798413
1986-07-11,1.56846e-05,0.019394002417751022
1986-07-12,1.56846e-05,0.0
1986-07-13,1.56846e-05,0.0
1986-07-14,1.60374e-05,0.022493401170575078
1986-07-15,1.64624e-05,0.026500554952797906
1986-07-16,1.67493e-05,0.017427592574594142
1986-07-17,1.62139e-05,-0.03196551497674516
1986-07-18,1.60012e-05,-0.013118373741049516
1986-07-19,1.60012e-05,0.0
1986-07-20,1.60012e-05,0.0
1986-07-21,1.59334e-05,-0.004237182211334178
1986-07-22,1.59914e-05,0.003640152133254748
1986-07-23,1.65825e-05,0.03696361794464509
1986-07-24,1.64276e-05,-0.00934117292326253
1986-07-25,1.62575e-05,-0.010354525311061735
1986-07-26,1.62575e-05,0.0
1986-07-27,1.62575e-05,0.0
1986-07-28,1.56235e-05,-0.038997385821928354
1986-07-29,1.59974e-05,0.023931897462156293
1986-07-30,1.62171e-05,0.013733481690774818
1986-07-31,1.59068e-05,-0.019134123856916374
1986-08-01,1.60962e-05,0.011906857444614838
1986-08-02,1.60962e-05,0.0
1986-08-03,1.60962e-05,0.0
1986-08-04,1.58224e-05,-0.017010226016078378
1986-08-05,1.56258e-05,-0.012425422186267632
1986-08-06,1.53425e-05,-0.0181302717300873
1986-08-07,1.4891e-05,-0.029428059312367694
1986-08-08,1.47933e-05,-0.006561010006043921
1986-08-09,1.47933e-05,0.0
1986-08-10,1.47933e-05,0.0
1986-08-11,1.55553e-05,0.05150980511447756
1986-08-12,1.52875e-05,-0.01721599711995281
1986-08-13,1.47891e-05,-0.03260179885527381
1986-08-14,1.39144e-05,-0.05914491077888451
1986-08-15,1.3707e-05,-0.014905421721382206
1986-08-16,1.3707e-05,0.0
1986-08-17,1.3707e-05,0.0
1986-08-18,1.28442e-05,-0.06294594003064125
1986-08-19,1.30755e-05,0.018008128182370298
1986-08-20,1.35826e-05,0.038782455737830235
1986-08-21,1.30854e-05,-0.03660565723793674
1986-08-22,1.24517e-05,-0.04842801901355709
1986-08-23,1.24517e-05,0.0
1986-08-24,1.24517e-05,0.0
1986-08-25,1.19686e-05,-0.0387979151441169
1986-08-26,1.25349e-05,0.04731547549420978
1986-08-27,1.26801e-05,0.011583658425675658
1986-08-28,1.31842e-05,0.039755206977862834
1986-08-29,1.3095e-05,-0.00676567406441031
1986-08-30,1.3095e-05,0.0
1986-08-31,1.3095e-05,0.0
1986-09-01,1.31137e-05,0.0014280259641084037
1986-09-02,1.30861e-05,-0.0021046691627839564
1986-09-03,1.31903e-05,0.007962647389214483
1986-09-04,1.28296e-05,-0.027345852634132695
1986-09-05,1.24616e-05,-0.02868366901540198
1986-09-06,1.24616e-05,0.0
1986-09-07,1.24616e-05,0.0
1986-09-08,1.17173e-05,-0.05972748282724527
1986-09-09,1.10904e-05,-0.05350208665818923
1986-09-10,1.15921e-05,0.04523732236889577
1986-09-11,1.17331e-05,0.012163456146858653
1986-09-12,1.24452e-05,0.06069154784328101
1986-09-13,1.24452e-05,0.0
1986-09-14,1.24452e-05,0.0
1986-09-15,1.25994e-05,0.012390319159193863
1986-09-16,1.22713e-05,-0.02604092258361501
1986-09-17,1.20903e-05,-0.0147498635026444
1986-09-18,1.17302e-05,-0.029784207174346378
1986-09-19,1.12429e-05,-0.04154234369405463
1986-09-20,1.12429e-05,0.0
1986-09-21,1.12429e-05,0.0
1986-09-22,1.04087e-05,-0.07419793825436494
1986-09-23,1.02177e-05,-0.01835003410608438
1986-09-24,9.939e-06,-0.027276197187234064
1986-09-25,9.6195e-06,-0.032146091156051826
1986-09-26,1.03286e-05,0.0737148500441811
1986-09-27,1.03286e-05,0.0
1986-09-28,1.03286e-05,0.0
1986-09-29,9.9753e-06,-0.03420599113142153
1986-09-30,9.9735e-06,-0.00018044570088104894
1986-10-01,1.04548e-05,0.048257883390986134
1986-10-02,1.04628e-05,0.0007651987603778387
1986-10-03,1.02757e-05,-0.01788240241617911
1986-10-04,1.02757e-05,0.0
1986-10-05,1.02757e-05,0.0
1986-10-06,9.8871e-06,-0.03781737497202131
1986-10-07,9.7616e-06,-0.01269330744100905
1986-10-08,9.7679e-06,0.000645386002294801
1986-10-09,9.5173e-06,-0.025655463303268955
1986-10-10,9.1594e-06,-0.03760520315635729
1986-10-11,9.1594e-06,0.0
1986-10-12,9.1594e-06,0.0
1986-10-13,8.7958e-06,-0.039696923379260785
1986-10-14,8.8735e-06,0.008833761568021181
1986-10-15,8.96e-06,0.009748126443906102
1986-10-16,9.3304e-06,0.04133928571428558
1986-10-17,9.5978e-06,0.02865900711652225
1986-10-18,9.5978e-06,0.0
1986-10-19,9.5978e-06,0.0
1986-10-20,9.5014e-06,-0.010043968409427118
1986-10-21,9.74e-06,0.02511208874481663
1986-10-22,1.05322e-05,0.08133470225872697
1986-10-23,1.0894e-05,0.03435179734528382
1986-10-24,1.15997e-05,0.06477877730861037
1986-10-25,1.15997e-05,0.0
1986-10-26,1.15997e-05,0.0
1986-10-27,1.22885e-05,0.0593808460563634
1986-10-28,1.22244e-05,-0.005216259104040333
1986-10-29,1.19639e-05,-0.021309839337717906
1986-10-30,1.18959e-05,-0.005683765327359813
1986-10-31,1.20049e-05,0.009162820803806149
1986-11-01,1.20049e-05,0.0
1986-11-02,1.20049e-05,0.0
1986-11-03,1.14027e-05,-0.05016285016951405
1986-11-04,1.10908e-05,-0.027353170740263222
1986-11-05,1.09975e-05,-0.008412377826667261
1986-11-06,1.0839e-05,-0.014412366446919678
1986-11-07,1.09895e-05,0.013885044745825192
1986-11-08,1.09895e-05,0.0
1986-11-09,1.09895e-05,0.0
1986-11-10,1.14771e-05,0.04436962555166302
1986-11-11,1.16126e-05,0.011806118270294652
1986-11-12,1.22138e-05,0.05177135180751935
1986-11-13,1.26797e-05,0.038145376541289355
1986-11-14,1.24375e-05,-0.019101398298066896
1986-11-15,1.24375e-05,0.0
1986-11-16,1.24375e-05,0.0
1986-11-17,1.18419e-05,-0.047887437185929804
1986-11-18,1.14241e-05,-0.03528150043489642
1986-11-19,1.15467e-05,0.010731698777146637
1986-11-20,1.15969e-05,0.004347562507036606
1986-11-21,1.17318e-05,0.011632419008528183
1986-11-22,1.17318e-05,0.0
1986-11-23,1.17318e-05,0.0
1986-11-24,1.13678e-05,-0.031026781908999546
1986-11-25,1.05138e-05,-0.07512447439258263
1986-11-26,9.8187e-06,-0.06611310848598984
1986-11-27,9.8501e-06,0.0031979793659040467
1986-11-28,9.4738e-06,-0.03820265784103716
1986-11-29,9.4738e-06,0.0
1986-11-30,9.4738e-06,0.0
1986-12-01,8.7376e-06,-0.07770905022271946
1986-12-02,9.1141e-06,0.04308963559787582
1986-12-03,9.0606e-06,-0.005870025564784331
1986-12-04,9.1361e-06,0.008332781493499475
1986-12-05,8.8995e-06,-0.025897264697190336
1986-12-06,8.8995e-06,0.0
1986-12-07,8.8995e-06,0.0
1986-12-08,8.3718e-06,-0.059295466037417865
1986-12-09,8.092e-06,-0.033421725315941675
1986-12-10,7.9496e-06,-0.017597627286208617
1986-12-11,8.1958e-06,0.03097011170373376
1986-12-12,8.5157e-06,0.039032187217843406
1986-12-13,8.5157e-06,0.0
1986-12-14,8.5157e-06,0.0
1986-12-15,8.8759e-06,0.04229834306046465
1986-12-16,9.1397e-06,0.029720929708536792
1986-12-17,1.00592e-05,0.10060505268225439
1986-12-18,9.6614e-06,-0.03954588834102113
1986-12-19,9.193e-06,-0.04848158651955203
1986-12-20,9.193e-06,0.0
1986-12-21,9.193e-06,0.0
1986-12-22,8.7788e-06,-0.04505602088545635
1986-12-23,9.103e-06,0.036929876520709115
1986-12-24,9.103e-06,0.0
1986-12-25,9.103e-06,0.0
1986-12-26,9.3817e-06,0.030616280347138147
1986-12-27,9.3817e-06,0.0
1986-12-28,9.3817e-06,0.0
1986-12-29,9.2904e-06,-0.00973171173667886
1986-12-30,9.2581e-06,-0.003476707138551638
1986-12-31,9.2581e-06,0.0
1987-01-01,9.2581e-06,0.0
1987-01-02,9.3821e-06,0.013393676888346251
1987-01-03,9.3821e-06,0.0
1987-01-04,9.3821e-06,0.0
1987-01-05,8.6967e-06,-0.07305400709862397
1987-01-06,8.4558e-06,-0.027700162130463224
1987-01-07,8.3306e-06,-0.014806405071075446
1987-01-08,8.1487e-06,-0.021835161933113967
1987-01-09,8.0963e-06,-0.006430473572471618
1987-01-10,8.0963e-06,0.0
1987-01-11,8.0963e-06,0.0
1987-01-12,7.7968e-06,-0.036992206316465714
1987-01-13,7.2834e-06,-0.06584752719064235
1987-01-14,7.5455e-06,0.03598594063212235
1987-01-15,7.3494e-06,-0.02598900006626459
1987-01-16,7.545e-06,0.02661441750346949
1987-01-17,7.545e-06,0.0
1987-01-18,7.545e-06,0.0
1987-01-19,7.5059e-06,-0.005182239893969376
1987-01-20,7.2202e-06,-0.03806339013309534
1987-01-21,7.0659e-06,-0.021370599152377934
1987-01-22,7.4646e-06,0.05642593300216525
1987-01-23,7.73e-06,0.035554483830346095
1987-01-24,7.73e-06,0.0
1987-01-25,7.73e-06,0.0
1987-01-26,7.4262e-06,-0.03930142302716688
1987-01-27,7.4121e-06,-0.0018986830411247269
1987-01-28,7.3971e-06,-0.002023717974663053
1987-01-29,7.1396e-06,-0.03481093942220592
1987-01-30,7.1035e-06,-0.005056305675388062
1987-01-31,7.1035e-06,0.0
1987-02-01,7.1035e-06,0.0
1987-02-02,6.5967e-06,-0.07134511156472156
1987-02-03,6.2725e-06,-0.04914578501371902
1987-02-04,6.0612e-06,-0.03368672777999204
1987-02-05,6.2184e-06,0.02593545832508415
1987-02-06,6.2883e-06,0.011240833654959426
1987-02-07,6.2883e-06,0.0
1987-02-08,6.2883e-06,0.0
1987-02-09,5.7068e-06,-0.09247332347375281
1987-02-10,5.5354e-06,-0.030034344991939355
1987-02-11,6.1978e-06,0.11966614878780213
1987-02-12,5.7968e-06,-0.06470037755332536
1987-02-13,6.1419e-06,0.05953284570797668
1987-02-14,6.1419e-06,0.0
1987-02-15,6.1419e-06,0.0
1987-02-16,6.3222e-06,0.029355736824109968
1987-02-17,6.181e-06,-0.02233399765904276
1987-02-18,6.1488e-06,-0.005209513023782475
1987-02-19,5.8318e-06,-0.0515547749154307
1987-02-20,5.751e-06,-0.013855070475667919
1987-02-21,5.751e-06,0.0
1987-02-22,5.751e-06,0.0
1987-02-23,6.0861e-06,0.05826812728221187
1987-02-24,6.3417e-06,0.04199733819687479
1987-02-25,6.2047e-06,-0.021603040194269618
1987-02-26,6.8042e-06,0.09662030396312482
1987-02-27,6.8385e-06,0.005041004085711842
1987-02-28,6.8385e-06,0.0
1987-03-01,6.8385e-06,0.0
1987-03-02,6.8385e-06,0.0
1987-03-03,6.8385e-06,0.0
1987-03-04,6.8385e-06,0.0
1987-03-05,6.8903e-06,0.007574760546903647
1987-03-06,7.1577e-06,0.03880817961482097
1987-03-07,7.1577e-06,0.0
1987-03-08,7.1577e-06,0.0
1987-03-09,6.9049e-06,-0.035318607932715906
1987-03-10,6.6068e-06,-0.04317224000347575
1987-03-11,6.24e-06,-0.05551855663861471
1987-03-12,6.0004e-06,-0.03839743589743594
1987-03-13,6.2542e-06,0.04229718018798745
1987-03-14,6.2542e-06,0.0
1987-03-15,6.2542e-06,0.0
1987-03-16,6.0615e-06,-0.030811294809887757
1987-03-17,6.0131e-06,-0.00798482223871988
1987-03-18,6.1708e-06,0.02622607307378888
1987-03-19,6.3346e-06,0.026544370259933947
1987-03-20,6.596e-06,0.04126543112430148
1987-03-21,6.596e-06,0.0
1987-03-22,6.596e-06,0.0
1987-03-23,6.6201e-06,0.0036537295330503206
1987-03-24,6.6348e-06,0.002220510264195452
1987-03-25,6.6348e-06,0.0
1987-03-26,6.6348e-06,0.0
1987-03-27,6.6348e-06,0.0
1987-03-28,6.6348e-06,0.0
1987-03-29,6.6348e-06,0.0
1987-03-30,6.6348e-06,0.0
1987-03-31,6.6348e-06,0.0
1987-04-01,6.6348e-06,0.0
1987-04-02,6.6814e-06,0.007023572677397949
1987-04-03,6.9228e-06,0.0361301523632771
1987-04-04,6.9228e-06,0.0
1987-04-05,6.9228e-06,0.0
1987-04-06,7.087e-06,0.023718726526838818
1987-04-07,6.8051e-06,-0.03977705658247488
1987-04-08,6.6848e-06,-0.0176779180320642
1987-04-09,6.6017e-06,-0.012431187170895197
1987-04-10,6.6545e-06,0.007997939924564879
1987-04-11,6.6545e-06,0.0
1987-04-12,6.6545e-06,0.0
1987-04-13,6.9191e-06,0.03976256668419875
1987-04-14,7.2533e-06,0.04830107962018171
1987-04-15,7.3632e-06,0.01515172404284959
1987-04-16,7.3632e-06,0.0
1987-04-17,7.3632e-06,0.0
1987-04-18,7.3632e-06,0.0
1987-04-19,7.3632e-06,0.0
1987-04-20,7.3632e-06,0.0
1987-04-21,7.8502e-06,0.06613972186006079
1987-04-22,7.884e-06,0.004305622786680452
1987-04-23,8.1847e-06,0.03814053779807214
1987-04-24,8.4258e-06,0.029457402226104712
1987-04-25,8.4258e-06,0.0
1987-04-26,8.4258e-06,0.0
1987-04-27,8.272e-06,-0.01825345961214364
1987-04-28,8.5093e-06,0.028687137330754453
1987-04-29,8.7663e-06,0.030202249303702855
1987-04-30,8.5779e-06,-0.02149139317614046
1987-05-01,8.5779e-06,0.0
1987-05-02,8.5779e-06,0.0
1987-05-03,8.5779e-06,0.0
1987-05-04,8.1508e-06,-0.049790741323633925
1987-05-05,7.5083e-06,-0.07882661824606174
1987-05-06,7.0513e-06,-0.060865974987680316
1987-05-07,7.1605e-06,0.015486506034348313
1987-05-08,7.3166e-06,0.021800153620557206
1987-05-09,7.3166e-06,0.0
1987-05-10,7.3166e-06,0.0
1987-05-11,6.9669e-06,-0.0477954241040921
1987-05-12,7.1362e-06,0.024300621510284337
1987-05-13,7.3882e-06,0.035312911633642585
1987-05-14,7.3609e-06,-0.003695081345929996
1987-05-15,7.4475e-06,0.01176486570935631
1987-05-16,7.4475e-06,0.0
1987-05-17,7.4475e-06,0.0
1987-05-18,7.231e-06,-0.029070157771064142
1987-05-19,7.2075e-06,-0.003249896279905906
1987-05-20,6.8422e-06,-0.05068331599028786
1987-05-21,6.8489e-06,0.00097921721083849
1987-05-22,7.0585e-06,0.03060345456934699
1987-05-23,7.0585e-06,0.0
1987-05-24,7.0585e-06,0.0
1987-05-25,7.3303e-06,0.038506764893391
1987-05-26,7.3007e-06,-0.004038033914028016
1987-05-27,7.5711e-06,0.03703754434506279
1987-05-28,7.4584e-06,-0.014885551637146555
1987-05-29,7.6736e-06,0.028853373377668357
1987-05-30,7.6736e-06,0.0
1987-05-31,7.6736e-06,0.0
1987-06-01,7.6344e-06,-0.005108423686405517
1987-06-02,7.5364e-06,-0.012836634182122886
1987-06-03,7.2076e-06,-0.04362825752348598
1987-06-04,6.7393e-06,-0.0649730839669238
1987-06-05,6.4965e-06,-0.03602748059887517
1987-06-06,6.4965e-06,0.0
1987-06-07,6.4965e-06,0.0
1987-06-08,6.1255e-06,-0.057107673362579936
1987-06-09,6.062e-06,-0.010366500693820946
1987-06-10,6.208e-06,0.02408446057406799
1987-06-11,6.9743e-06,0.12343750000000009
1987-06-12,7.4001e-06,0.061052722136988535
1987-06-13,7.4001e-06,0.0
1987-06-14,7.4001e-06,0.0
1987-06-15,7.4001e-06,0.0
1987-06-16,8.995e-06,0.21552411453899278
1987-06-17,8.822e-06,-0.019232907170650293
1987-06-18,9.7679e-06,0.10722058490138298
1987-06-19,1.00274e-05,0.02656661104229152
1987-06-20,1.00274e-05,0.0
1987-06-21,1.00274e-05,0.0
1987-06-22,1.0347e-05,0.03187266888724882
1987-06-23,1.06651e-05,0.030743210592442338
1987-06-24,1.13557e-05,0.06475326063515574
1987-06-25,1.16814e-05,0.028681631251265882
1987-06-26,1.12427e-05,-0.03755542999982875
1987-06-27,1.12427e-05,0.0
1987-06-28,1.12427e-05,0.0
1987-06-29,1.1274e-05,0.0027840287475429104
1987-06-30,1.11263e-05,-0.01310094021642716
1987-07-01,1.09783e-05,-0.013301816416958157
1987-07-02,1.00315e-05,-0.08624286091653532
1987-07-03,9.8925e-06,-0.013856352489657553
1987-07-04,9.8925e-06,0.0
1987-07-05,9.8925e-06,0.0
1987-07-06,9.4399e-06,-0.045751832196108344
1987-07-07,9.7428e-06,0.03208720431360512
1987-07-08,1.01644e-05,0.043272981073202876
1987-07-09,1.02655e-05,0.00994647987092212
1987-07-10,1.02485e-05,-0.0016560323413374878
1987-07-11,1.02485e-05,0.0
1987-07-12,1.02485e-05,0.0
1987-07-13,1.03615e-05,0.011026003805435058
1987-07-14,1.10003e-05,0.06165130531293728
1987-07-15,1.1623e-05,0.05660754706689808
1987-07-16,1.19496e-05,0.028099457971263897
1987-07-17,1.21624e-05,0.017808127468701862
1987-07-18,1.21624e-05,0.0
1987-07-19,1.21624e-05,0.0
1987-07-20,1.19169e-05,-0.02018516082352173
1987-07-21,1.24519e-05,0.044894225847326164
1987-07-22,1.31441e-05,0.05558990997357838
1987-07-23,1.321e-05,0.005013656317283122
1987-07-24,1.28996e-05,-0.023497350492051594
1987-07-25,1.28996e-05,0.0
1987-07-26,1.28996e-05,0.0
1987-07-27,1.23853e-05,-0.03986945331638181
1987-07-28,1.31104e-05,0.058545210854803686
1987-07-29,1.30472e-05,-0.004820600439345957
1987-07-30,1.33544e-05,0.023545281746275126
1987-07-31,1.37017e-05,0.026006409872401548
1987-08-01,1.37017e-05,0.0
1987-08-02,1.37017e-05,0.0
1987-08-03,1.43299e-05,0.04584832539027994
1987-08-04,1.44116e-05,0.005701365675964132
1987-08-05,1.52771e-05,0.06005578839268377
1987-08-06,1.56766e-05,0.02615025102931856
1987-08-07,1.52375e-05,-0.02800990010589044
1987-08-08,1.52375e-05,0.0
1987-08-09,1.52375e-05,0.0
1987-08-10,1.46006e-05,-0.04179819524200157
1987-08-11,1.4203e-05,-0.02723175759900287
1987-08-12,1.45296e-05,0.02299514187143581
1987-08-13,1.4079e-05,-0.031012553683515076
1987-08-14,1.39638e-05,-0.00818239931813336
1987-08-15,1.39638e-05,0.0
1987-08-16,1.39638e-05,0.0
1987-08-17,1.30897e-05,-0.06259757372634955
1987-08-18,1.33078e-05,0.01666195558339778
1987-08-19,1.33266e-05,0.0014127053307082527
1987-08-20,1.3198e-05,-0.009649873185959001
1987-08-21,1.3545e-05,0.02629186240339454
1987-08-22,1.3545e-05,0.0
1987-08-23,1.3545e-05,0.0
1987-08-24,1.35772e-05,0.002377260981912155
1987-08-25,1.27784e-05,-0.05883392746663518
1987-08-26,1.27713e-05,-0.0005556251173856053
1987-08-27,1.27826e-05,0.0008847963793818803
1987-08-28,1.23356e-05,-0.0349694115438175
1987-08-29,1.23356e-05,0.0
1987-08-30,1.23356e-05,0.0
1987-08-31,1.14774e-05,-0.06957099776257336
1987-09-01,1.12465e-05,-0.020117796713541414
1987-09-02,1.1514e-05,0.023785177610812225
1987-09-03,1.16372e-05,0.01070001737015791
1987-09-04,1.17852e-05,0.012717835905544428
1987-09-05,1.17852e-05,0.0
1987-09-06,1.17852e-05,0.0
1987-09-07,1.17852e-05,0.0
1987-09-08,1.12925e-05,-0.04180667277602412
1987-09-09,1.13045e-05,0.0010626522027894492
1987-09-10,1.1604e-05,0.026493874120925298
1987-09-11,1.20839e-05,0.041356428817649116
1987-09-12,1.20839e-05,0.0
1987-09-13,1.20839e-05,0.0
1987-09-14,1.27191e-05,0.052565810706808325
1987-09-15,1.22506e-05,-0.03683436721151656
1987-09-16,1.2267e-05,0.0013387099407375924
1987-09-17,1.25335e-05,0.02172495312627376
1987-09-18,1.30201e-05,0.03882395180915155
1987-09-19,1.30201e-05,0.0
1987-09-20,1.30201e-05,0.0
1987-09-21,1.32194e-05,0.015307102095990066
1987-09-22,1.32725e-05,0.004016823759021015
1987-09-23,1.36779e-05,0.030544358636277913
1987-09-24,1.38311e-05,0.011200549792000247
1987-09-25,1.44763e-05,0.046648495058238426
1987-09-26,1.44763e-05,0.0
1987-09-27,1.44763e-05,0.0
1987-09-28,1.43645e-05,-0.007722967885440468
1987-09-29,1.46184e-05,0.01767551950990298
1987-09-30,1.4808e-05,0.012969955672303302
1987-10-01,1.45127e-05,-0.019941923284710894
1987-10-02,1.38662e-05,-0.04454718970281213
1987-10-03,1.38662e-05,0.0
1987-10-04,1.38662e-05,0.0
1987-10-05,1.39907e-05,0.008978667551311936
1987-10-06,1.39845e-05,-0.00044315152208251885
1987-10-07,1.45045e-05,0.03718402517072472
1987-10-08,1.47918e-05,0.019807645902995663
1987-10-09,1.54994e-05,0.04783731526927082
1987-10-10,1.54994e-05,0.0
1987-10-11,1.54994e-05,0.0
1987-10-12,1.54994e-05,0.0
1987-10-13,1.58894e-05,0.02516226434571678
1987-10-14,1.55855e-05,-0.019125958185960634
1987-10-15,1.62032e-05,0.039632992204292616
1987-10-16,1.635e-05,0.009059938777525423
1987-10-17,1.635e-05,0.0
1987-10-18,1.635e-05,0.0
1987-10-19,1.53979e-05,-0.05823241590214068
1987-10-20,1.29136e-05,-0.16134018275219353
1987-10-21,1.31915e-05,0.02151994796183887
1987-10-22,1.20681e-05,-0.0851608990637911
1987-10-23,1.2064e-05,-0.00033973864982894675
1987-10-24,1.2064e-05,0.0
1987-10-25,1.2064e-05,0.0
1987-10-26,1.10076e-05,-0.08756631299734752
1987-10-27,1.12078e-05,0.01818743413641477
1987-10-28,1.13121e-05,0.009306019022466527
1987-10-29,1.19436e-05,0.055825178348847704
1987-10-30,1.19544e-05,0.000904249974881921
1987-10-31,1.19544e-05,0.0
1987-11-01,1.19544e-05,0.0
1987-11-02,1.19544e-05,0.0
1987-11-03,1.18101e-05,-0.01207086930335266
1987-11-04,1.15449e-05,-0.022455356008839966
1987-11-05,1.16422e-05,0.00842796386283129
1987-11-06,1.21627e-05,0.044708044871244246
1987-11-07,1.21627e-05,0.0
1987-11-08,1.21627e-05,0.0
1987-11-09,1.21351e-05,-0.0022692329828080116
1987-11-10,1.26179e-05,0.03978541585977857
1987-11-11,1.2522e-05,-0.0076003138398624825
1987-11-12,1.2592e-05,0.005590161316083808
1987-11-13,1.26783e-05,0.006853557814485267
1987-11-14,1.26783e-05,0.0
1987-11-15,1.26783e-05,0.0
1987-11-16,1.20946e-05,-0.046039295489142984
1987-11-17,1.19446e-05,-0.012402229093975703
1987-11-18,1.16928e-05,-0.021080655693786476
1987-11-19,1.16369e-05,-0.0047807197591679396
1987-11-20,1.1225e-05,-0.035396024714485885
1987-11-21,1.1225e-05,0.0
1987-11-22,1.1225e-05,0.0
1987-11-23,1.08218e-05,-0.03591982182628062
1987-11-24,1.13939e-05,0.05286551220684177
1987-11-25,1.1335e-05,-0.005169432766655713
1987-11-26,1.18039e-05,0.04136744596382891
1987-11-27,1.21425e-05,0.028685434475046234
1987-11-28,1.21425e-05,0.0
1987-11-29,1.21425e-05,0.0
1987-11-30,1.23987e-05,0.02109944410129727
1987-12-01,1.26659e-05,0.021550646438739607
1987-12-02,1.22866e-05,-0.029946549396410838
1987-12-03,1.25036e-05,0.017661517425487938
1987-12-04,1.31012e-05,0.047794235260244955
1987-12-05,1.31012e-05,0.0
1987-12-06,1.31012e-05,0.0
1987-12-07,1.31361e-05,0.0026638781180350346
1987-12-08,1.30089e-05,-0.009683239317605619
1987-12-09,1.30817e-05,0.005596168776760502
1987-12-10,1.31786e-05,0.007407294159015976
1987-12-11,1.2987e-05,-0.014538721867269677
1987-12-12,1.2987e-05,0.0
1987-12-13,1.2987e-05,0.0
1987-12-14,1.26486e-05,-0.02605682605682602
1987-12-15,1.23658e-05,-0.022358205651218377
1987-12-16,1.24471e-05,0.006574584741787959
1987-12-17,1.27439e-05,0.023844911666171198
1987-12-18,1.29704e-05,0.01777320914319791
1987-12-19,1.29704e-05,0.0
1987-12-20,1.29704e-05,0.0
1987-12-21,1.27189e-05,-0.019390304076975284
1987-12-22,1.2463e-05,-0.020119664436389795
1987-12-23,1.21033e-05,-0.028861429832303664
1987-12-24,1.21033e-05,0.0
1987-12-25,1.21033e-05,0.0
1987-12-26,1.21033e-05,0.0
1987-12-27,1.21033e-05,0.0
1987-12-28,1.22377e-05,0.0111044095411994
1987-12-29,1.25341e-05,0.024220237462922123
1987-12-30,1.24862e-05,-0.003821574744098055
1987-12-31,1.24862e-05,0.0
1988-01-01,1.24862e-05,0.0
1988-01-02,1.24862e-05,0.0
1988-01-03,1.24862e-05,0.0
1988-01-04,1.25314e-05,0.003619996476109666
1988-01-05,1.35026e-05,0.07750131669246851
1988-01-06,1.43907e-05,0.06577251788544425
1988-01-07,1.45833e-05,0.013383643603160467
1988-01-08,1.50564e-05,0.032441217008496004
1988-01-09,1.50564e-05,0.0
1988-01-10,1.50564e-05,0.0
1988-01-11,1.52425e-05,0.012360192343455312
1988-01-12,1.60684e-05,0.05418402493029362
1988-01-13,1.58551e-05,-0.013274501506061576
1988-01-14,1.60778e-05,0.014045953667904953
1988-01-15,1.70098e-05,0.05796812996803058
1988-01-16,1.70098e-05,0.0
1988-01-17,1.70098e-05,0.0
1988-01-18,1.7388e-05,0.022234241437289137
1988-01-19,1.80324e-05,0.03706004140786745
1988-01-20,1.79793e-05,-0.0029446995408265453
1988-01-21,1.80321e-05,0.0029367105504662927
1988-01-22,1.75212e-05,-0.02833280649508374
1988-01-23,1.75212e-05,0.0
1988-01-24,1.75212e-05,0.0
1988-01-25,1.75212e-05,0.0
1988-01-26,1.73383e-05,-0.010438782731776453
1988-01-27,1.73258e-05,-0.0007209472670330896
1988-01-28,1.84214e-05,0.06323517528772116
1988-01-29,1.90891e-05,0.03624588793468475
1988-01-30,1.90891e-05,0.0
1988-01-31,1.90891e-05,0.0
1988-02-01,1.95633e-05,0.02484140163758375
1988-02-02,2.09817e-05,0.07250310530431991
1988-02-03,2.16842e-05,0.03348155773841022
1988-02-04,2.13065e-05,-0.017418212338938144
1988-02-05,2.13291e-05,0.0010607091732568463
1988-02-06,2.13291e-05,0.0
1988-02-07,2.13291e-05,0.0
1988-02-08,2.33049e-05,0.09263400706077629
1988-02-09,2.32527e-05,-0.002239872301533219
1988-02-10,2.36142e-05,0.015546581687288175
1988-02-11,2.24822e-05,-0.04793725809047111
1988-02-12,2.28086e-05,0.014518152138135898
1988-02-13,2.28086e-05,0.0
1988-02-14,2.28086e-05,0.0
1988-02-15,2.28086e-05,0.0
1988-02-16,2.28086e-05,0.0
1988-02-17,2.28086e-05,0.0
1988-02-18,2.34121e-05,0.026459317976552654
1988-02-19,2.34766e-05,0.002754985669803256
1988-02-20,2.34766e-05,0.0
1988-02-21,2.34766e-05,0.0
1988-02-22,2.39332e-05,0.019449153625311855
1988-02-23,2.40552e-05,0.005097521434659802
1988-02-24,2.42634e-05,0.00865509328544345
1988-02-25,2.35968e-05,-0.02747347857266491
1988-02-26,2.23405e-05,-0.05324026986710062
1988-02-27,2.23405e-05,0.0
1988-02-28,2.23405e-05,0.0
1988-02-29,2.15969e-05,-0.03328484143148103
1988-03-01,2.23453e-05,0.03465312151280986
1988-03-02,2.251e-05,0.007370677502651413
1988-03-03,2.26633e-05,0.006810306530431021
1988-03-04,2.36423e-05,0.04319759258360434
1988-03-05,2.36423e-05,0.0
1988-03-06,2.36423e-05,0.0
1988-03-07,2.52965e-05,0.06996781193031154
1988-03-08,2.62626e-05,0.038191054098393185
1988-03-09,2.69261e-05,0.02526406372560208
1988-03-10,2.69308e-05,0.0001745518288946979
1988-03-11,2.81862e-05,0.046615770790321864
1988-03-12,2.81862e-05,0.0
1988-03-13,2.81862e-05,0.0
1988-03-14,2.86232e-05,0.015504040984595235
1988-03-15,2.9412e-05,0.027558064786606717
1988-03-16,2.89076e-05,-0.01714946280429752
1988-03-17,3.08293e-05,0.06647732776155757
1988-03-18,3.21965e-05,0.044347422743948206
1988-03-19,3.21965e-05,0.0
1988-03-20,3.21965e-05,0.0
1988-03-21,3.23867e-05,0.005907474414920788
1988-03-22,3.33297e-05,0.029116890575452192
1988-03-23,3.65299e-05,0.09601646579477152
1988-03-24,3.67554e-05,0.006173025384684783
1988-03-25,3.90948e-05,0.0636477905287387
1988-03-26,3.90948e-05,0.0
1988-03-27,3.90948e-05,0.0
1988-03-28,3.88722e-05,-0.0056938518677676075
1988-03-29,3.78845e-05,-0.02540890404968066
1988-03-30,3.96477e-05,0.04654146154759875
1988-03-31,3.96477e-05,0.0
1988-04-01,3.96477e-05,0.0
1988-04-02,3.96477e-05,0.0
1988-04-03,3.96477e-05,0.0
1988-04-04,3.75181e-05,-0.0537130779339029
1988-04-05,3.94841e-05,0.0524013742700189
1988-04-06,4.026e-05,0.019650948103160593
1988-04-07,4.09032e-05,0.015976154992548564
1988-04-08,4.20619e-05,0.028327856989184275
1988-04-09,4.20619e-05,0.0
1988-04-10,4.20619e-05,0.0
1988-04-11,4.28146e-05,0.017895054669427868
1988-04-12,4.43074e-05,0.034866610922442254
1988-04-13,4.45149e-05,0.004683190618271382
1988-04-14,4.33564e-05,-0.02602499387845436
1988-04-15,4.18725e-05,-0.03422562758900638
1988-04-16,4.18725e-05,0.0
1988-04-17,4.18725e-05,0.0
1988-04-18,4.18725e-05,0.0
1988-04-19,4.04315e-05,-0.034413994865365116
1988-04-20,4.33168e-05,0.07136267514190653
1988-04-21,4.65844e-05,0.075434935175267
1988-04-22,4.97536e-05,0.06803135813705863
1988-04-23,4.97536e-05,0.0
1988-04-24,4.97536e-05,0.0
1988-04-25,5.03281e-05,0.011546903138667242
1988-04-26,4.91947e-05,-0.022520222301259052
1988-04-27,5.14046e-05,0.04492150577196319
1988-04-28,5.23246e-05,0.017897230987110158
1988-04-29,5.20434e-05,-0.005374145239524064
1988-04-30,5.20434e-05,0.0
1988-05-01,5.20434e-05,0.0
1988-05-02,5.0487e-05,-0.029905809382169468
1988-05-03,4.91643e-05,-0.026198823459504417
1988-05-04,4.81368e-05,-0.020899311085482708
1988-05-05,4.48223e-05,-0.06885584417742774
1988-05-06,4.619e-05,0.03051382905384159
1988-05-07,4.619e-05,0.0
1988-05-08,4.619e-05,0.0
1988-05-09,4.72917e-05,0.023851483004979412
1988-05-10,4.89104e-05,0.03422799349568728
1988-05-11,5.28127e-05,0.07978466747358426
1988-05-12,5.27418e-05,-0.00134248012315219
1988-05-13,5.27418e-05,0.0
1988-05-14,5.27418e-05,0.0
1988-05-15,5.27418e-05,0.0
1988-05-16,5.39044e-05,0.022043237052963738
1988-05-17,5.58885e-05,0.036807755953131904
1988-05-18,5.52975e-05,-0.010574626264795106
1988-05-19,5.62076e-05,0.016458248564582556
1988-05-20,5.88381e-05,0.046799721034166186
1988-05-21,5.88381e-05,0.0
1988-05-22,5.88381e-05,0.0
1988-05-23,6.06862e-05,0.03140991976287477
1988-05-24,6.04574e-05,-0.0037702146451746854
1988-05-25,6.12969e-05,0.013885810504586704
1988-05-26,6.1619e-05,0.0052547518716279384
1988-05-27,6.14301e-05,-0.0030656128791441972
1988-05-28,6.14301e-05,0.0
1988-05-29,6.14301e-05,0.0
1988-05-30,6.14301e-05,0.0
1988-05-31,6.14573e-05,0.00044277967966821485
1988-06-01,6.21799e-05,0.011757757011778835
1988-06-02,6.12079e-05,-0.01563206116445992
1988-06-03,5.93618e-05,-0.03016113933005371
1988-06-04,5.93618e-05,0.0
1988-06-05,5.93618e-05,0.0
1988-06-06,5.67753e-05,-0.04357179196048633
1988-06-07,5.89811e-05,0.03885140193006453
1988-06-08,5.98382e-05,0.01453177373768888
1988-06-09,6.20284e-05,0.03660203682597407
1988-06-10,6.20089e-05,-0.00031437212631624245
1988-06-11,6.20089e-05,0.0
1988-06-12,6.20089e-05,0.0
1988-06-13,6.22353e-05,0.003651088795318058
1988-06-14,6.31563e-05,0.014798675349841695
1988-06-15,6.44692e-05,0.020788108233066094
1988-06-16,6.61299e-05,0.0257595875239649
1988-06-17,6.75054e-05,0.020799970966234538
1988-06-18,6.75054e-05,0.0
1988-06-19,6.75054e-05,0.0
1988-06-20,6.802e-05,0.0076230938561951955
1988-06-21,6.56404e-05,-0.03498382828579827
1988-06-22,6.86794e-05,0.046297706900018776
1988-06-23,6.90366e-05,0.005200977294501641
1988-06-24,6.77577e-05,-0.018524956327513165
1988-06-25,6.77577e-05,0.0
1988-06-26,6.77577e-05,0.0
1988-06-27,6.68455e-05,-0.01346267656664868
1988-06-28,6.92228e-05,0.035564099303618146
1988-06-29,7.10108e-05,0.025829639945220473
1988-06-30,7.03726e-05,-0.008987365302179473
1988-07-01,7.27715e-05,0.034088551510104814
1988-07-02,7.27715e-05,0.0
1988-07-03,7.27715e-05,0.0
1988-07-04,7.50358e-05,0.031115203067134667
1988-07-05,7.41308e-05,-0.012060909592487956
1988-07-06,7.56549e-05,0.02055960545414326
1988-07-07,7.8419e-05,0.03653563748018951
1988-07-08,7.79671e-05,-0.005762634055522242
1988-07-09,7.79671e-05,0.0
1988-07-10,7.79671e-05,0.0
1988-07-11,7.61176e-05,-0.02372154408718541
1988-07-12,7.59707e-05,-0.0019299084574395664
1988-07-13,7.6575e-05,0.007954382413219774
1988-07-14,7.29112e-05,-0.047845902709761856
1988-07-15,7.11001e-05,-0.024839805132819026
1988-07-16,7.11001e-05,0.0
1988-07-17,7.11001e-05,0.0
1988-07-18,6.71916e-05,-0.05497179328861701
1988-07-19,6.75037e-05,0.004644925853827031
1988-07-20,6.65493e-05,-0.014138484260862838
1988-07-21,6.92864e-05,0.041128907441550844
1988-07-22,7.06911e-05,0.02027381997044153
1988-07-23,7.06911e-05,0.0
1988-07-24,7.06911e-05,0.0
1988-07-25,6.68318e-05,-0.0545938597645248
1988-07-26,6.40281e-05,-0.04195158592167203
1988-07-27,6.71684e-05,0.04904565339280742
1988-07-28,7.27474e-05,0.0830598912583893
1988-07-29,7.29337e-05,0.0025609162664232965
1988-07-30,7.29337e-05,0.0
1988-07-31,7.29337e-05,0.0
1988-08-01,7.28855e-05,-0.0006608741912175198
1988-08-02,7.01425e-05,-0.037634371720026594
1988-08-03,6.86572e-05,-0.021175464233524566
1988-08-04,6.81772e-05,-0.006991255105072813
1988-08-05,7.1286e-05,0.045598821893536146
1988-08-06,7.1286e-05,0.0
1988-08-07,7.1286e-05,0.0
1988-08-08,7.03983e-05,-0.012452655500378551
1988-08-09,7.11122e-05,0.010140869878960235
1988-08-10,7.34083e-05,0.032288411833693687
1988-08-11,7.6757e-05,0.04561745742647627
1988-08-12,7.95603e-05,0.03652175045924144
1988-08-13,7.95603e-05,0.0
1988-08-14,7.95603e-05,0.0
1988-08-15,8.06269e-05,0.013406183737366684
1988-08-16,7.97062e-05,-0.01141926577854302
1988-08-17,8.19125e-05,0.027680406292107884
1988-08-18,8.49522e-05,0.037109110331145834
1988-08-19,8.68203e-05,0.021990013207427328
1988-08-20,8.68203e-05,0.0
1988-08-21,8.68203e-05,0.0
1988-08-22,8.89705e-05,0.024766097329771863
1988-08-23,8.85474e-05,-0.004755508848438561
1988-08-24,9.25057e-05,0.044702611256795866
1988-08-25,9.12595e-05,-0.013471602290453522
1988-08-26,9.13138e-05,0.0005950065472635213
1988-08-27,9.13138e-05,0.0
1988-08-28,9.13138e-05,0.0
1988-08-29,9.0089e-05,-0.013413087616548691
1988-08-30,9.3036e-05,0.032712095816359366
1988-08-31,9.4202e-05,0.012532783008727844
1988-09-01,9.4292e-05,0.0009553937283708347
1988-09-02,9.7959e-05,0.038889831586985224
1988-09-03,9.7959e-05,0.0
1988-09-04,9.7959e-05,0.0
1988-09-05,0.000101449,0.03562715013423978
1988-09-06,0.000103065,0.015929186093505132
1988-09-07,0.000103065,0.0
1988-09-08,0.000109762,0.06497841168194829
1988-09-09,0.000107615,-0.019560503635137727
1988-09-10,0.000107615,0.0
1988-09-11,0.000107615,0.0
1988-09-12,0.000108511,0.008325976861961681
1988-09-13,0.000109181,0.006174489222290802
1988-09-14,0.000114066,0.044742217052417654
1988-09-15,0.000118312,0.03722406326162053
1988-09-16,0.000121043,0.023083034687943815
1988-09-17,0.000121043,0.0
1988-09-18,0.000121043,0.0
1988-09-19,0.000125265,0.03488016655238213
1988-09-20,0.000131006,0.04583083862212112
1988-09-21,0.000130424,-0.004442544616277133
1988-09-22,0.000128066,-0.018079494571551225
1988-09-23,0.000131775,0.028961629159964364
1988-09-24,0.000131775,0.0
1988-09-25,0.000131775,0.0
1988-09-26,0.000135823,0.03071902864731557
1988-09-27,0.000137725,0.01400351928612964
1988-09-28,0.00013184,-0.042730078054093235
1988-09-29,0.000133612,0.013440533980582314
1988-09-30,0.000136927,0.024810645750381832
1988-10-01,0.000136927,0.0
1988-10-02,0.000136927,0.0
1988-10-03,0.000145078,0.05952806970137359
1988-10-04,0.000151109,0.04157074125642746
1988-10-05,0.000150732,-0.0024948877962265303
1988-10-06,0.000157754,0.046585993684154614
1988-10-07,0.000159551,0.011391153314654456
1988-10-08,0.000159551,0.0
1988-10-09,0.000159551,0.0
1988-10-10,0.000159551,0.0
1988-10-11,0.000164924,0.03367575258067945
1988-10-12,0.00016557,0.00391695568868089
1988-10-13,0.000157869,-0.04651204928429076
1988-10-14,0.000163013,0.032583977855056956
1988-10-15,0.000163013,0.0
1988-10-16,0.000163013,0.0
1988-10-17,0.000161132,-0.01153895701569807
1988-10-18,0.000166295,0.03204205247871306
1988-10-19,0.000168316,0.012153101416157996
1988-10-20,0.000161548,-0.040210081038047574
1988-10-21,0.000160049,-0.009278975908089238
1988-10-22,0.000160049,0.0
1988-10-23,0.000160049,0.0
1988-10-24,0.000165455,0.03377715574605289
1988-10-25,0.00016615,0.004200537910610036
1988-10-26,0.000163732,-0.014553114655431743
1988-10-27,0.000173911,0.06216866586861447
1988-10-28,0.000180518,0.03799069639068264
1988-10-29,0.000180518,0.0
1988-10-30,0.000180518,0.0
1988-10-31,0.000180518,0.0
1988-11-01,0.0001829,0.013195360019499391
1988-11-02,0.000190036,0.039015855658830034
1988-11-03,0.000197894,0.041350059988633614
1988-11-04,0.000209335,0.05781377909385843
1988-11-05,0.000209335,0.0
1988-11-06,0.000209335,0.0
1988-11-07,0.000225693,0.07814268994673612
1988-11-08,0.000231655,0.026416415218903477
1988-11-09,0.000236959,0.022896117070643873
1988-11-10,0.000229529,-0.031355635363079726
1988-11-11,0.000230157,0.002736037712010253
1988-11-12,0.000230157,0.0
1988-11-13,0.000230157,0.0
1988-11-14,0.000234599,0.01929986921970639
1988-11-15,0.000234599,0.0
1988-11-16,0.000219737,-0.06335065366860049
1988-11-17,0.000227183,0.0338859636747566
1988-11-18,0.000234569,0.032511235435750185
1988-11-19,0.000234569,0.0
1988-11-20,0.000234569,0.0
1988-11-21,0.000226603,-0.03396015671295016
1988-11-22,0.000219505,-0.031323504101887445
1988-11-23,0.000214823,-0.021329810254891668
1988-11-24,0.000214989,0.0007727291770434075
1988-11-25,0.000206815,-0.03802054988859893
1988-11-26,0.000206815,0.0
1988-11-27,0.000206815,0.0
1988-11-28,0.000199353,-0.03608055508546293
1988-11-29,0.000202352,0.015043666260352362
1988-11-30,0.000213911,0.05712323080572479
1988-12-01,0.000208535,-0.025131947398684518
1988-12-02,0.000207006,-0.007332102524756023
1988-12-03,0.000207006,0.0
1988-12-04,0.000207006,0.0
1988-12-05,0.000195493,-0.0556167454083456
1988-12-06,0.000188178,-0.03741821957819469
1988-12-07,0.00019159,0.018131768857145847
1988-12-08,0.000197184,0.029197766062946773
1988-12-09,0.000205502,0.042183950016228655
1988-12-10,0.000205502,0.0
1988-12-11,0.000205502,0.0
1988-12-12,0.000212235,0.03276367139979164
1988-12-13,0.000213414,0.005555162909039568
1988-12-14,0.000214402,0.004629499470512721
1988-12-15,0.000217669,0.015237730991315424
1988-12-16,0.00023253,0.06827338757471213
1988-12-17,0.00023253,0.0
1988-12-18,0.00023253,0.0
1988-12-19,0.00024111,0.03689846471423053
1988-12-20,0.000258291,0.07125793206420306
1988-12-21,0.000272861,0.05640924383737711
1988-12-22,0.000287751,0.054569909221178436
1988-12-23,0.000295515,0.02698166122793677
1988-12-24,0.000295515,0.0
1988-12-25,0.000295515,0.0
1988-12-26,0.000319181,0.08008392128995134
1988-12-27,0.000310561,-0.027006620068237064
1988-12-28,0.000321956,0.03669166443951433
1988-12-29,0.000330821,0.02753481842239336
1988-12-30,0.000330821,0.0
1988-12-31,0.000330821,0.0
1989-01-01,0.000330821,0.0
1989-01-02,0.000323798,-0.02122900299557784
1989-01-03,0.00031919,-0.014231094694840518
1989-01-04,0.000339194,0.0626711363137944
1989-01-05,0.000340252,0.003119158947386902
1989-01-06,0.000341889,0.004811139978604162
1989-01-07,0.000341889,0.0
1989-01-08,0.000341889,0.0
1989-01-09,0.000340869,-0.0029834244447759506
1989-01-10,0.000356782,0.046683623327436585
1989-01-11,0.000371488,0.04121844711896916
1989-01-12,0.000384647,0.035422409337583005
1989-01-13,0.000363698,-0.05446292314771717
1989-01-14,0.000363698,0.0
1989-01-15,0.000363698,0.0
1989-01-16,0.000363698,0.0
1989-01-17,0.000363698,0.0
1989-01-18,0.000350892,-0.03521053181485745
1989-01-19,0.000331248,-0.05598303751581679
1989-01-20,0.000345454,0.04288629667197985
1989-01-21,0.000345454,0.0
1989-01-22,0.000345454,0.0
1989-01-23,0.000345454,0.0
1989-01-24,0.000334357,-0.032122945457282115
1989-01-25,0.000319058,-0.0457564818442564
1989-01-26,0.000316106,-0.009252236270521297
1989-01-27,0.000330779,0.046417973717676864
1989-01-28,0.000330779,0.0
1989-01-29,0.000330779,0.0
1989-01-30,0.000322966,-0.023620000060463386
1989-01-31,0.000324007,0.003223249506139947
1989-02-01,0.000338544,0.044866314616659464
1989-02-02,0.000356664,0.05352332340847887
1989-02-03,0.000378121,0.06016026288047005
1989-02-04,0.000378121,0.0
1989-02-05,0.000378121,0.0
1989-02-06,0.000378121,0.0
1989-02-07,0.000378121,0.0
1989-02-08,0.000378121,0.0
1989-02-09,0.000397056,0.05007656279339168
1989-02-10,0.000398417,0.003427728078658765
1989-02-11,0.000398417,0.0
1989-02-12,0.000398417,0.0
1989-02-13,0.000400289,0.0046985946884796626
1989-02-14,0.000409304,0.02252122841247184
1989-02-15,0.000412838,0.008634169223853183
1989-02-16,0.000420039,0.017442677272925478
1989-02-17,0.000421584,0.0036782298786541823
1989-02-18,0.000421584,0.0
1989-02-19,0.000421584,0.0
1989-02-20,0.000417284,-0.010199628069376465
1989-02-21,0.00044371,0.06332857238715106
1989-02-22,0.000458538,0.03341822361452307
1989-02-23,0.00046992,0.024822370228857693
1989-02-24,0.00048261,0.027004596527068436
1989-02-25,0.00048261,0.0
1989-02-26,0.00048261,0.0
1989-02-27,0.000494946,0.025561011997264904
1989-02-28,0.000497928,0.006024899686026375
1989-03-01,0.000498885,0.001921964621391048
1989-03-02,0.00051367,0.029636088477304368
1989-03-03,0.000539618,0.05051492203165431
1989-03-04,0.000539618,0.0
1989-03-05,0.000539618,0.0
1989-03-06,0.000553454,0.025640360403100138
1989-03-07,0.000526155,-0.0493247857997231
1989-03-08,0.00054983,0.044996246353260716
1989-03-09,0.000571123,0.038726515468417544
1989-03-10,0.000556152,-0.026213267544819674
1989-03-11,0.000556152,0.0
1989-03-12,0.000556152,0.0
1989-03-13,0.000552721,-0.006169176771817608
1989-03-14,0.000583158,0.05506756573388727
1989-03-15,0.000606778,0.04050360279718368
1989-03-16,0.000613516,0.011104555537610139
1989-03-17,0.000640709,0.04432321243455761
1989-03-18,0.000640709,0.0
1989-03-19,0.000640709,0.0
1989-03-20,0.000621876,-0.02939399945997323
1989-03-21,0.000635633,0.022121773472524975
1989-03-22,0.000655294,0.030931370775274303
1989-03-23,0.000655294,0.0
1989-03-24,0.000655294,0.0
1989-03-25,0.000655294,0.0
1989-03-26,0.000655294,0.0
1989-03-27,0.000654318,-0.0014894078077930528
1989-03-28,0.000651966,-0.003594582450734851
1989-03-29,0.000673011,0.032279290637855285
1989-03-30,0.000700697,0.041137514840024814
1989-03-31,0.000729297,0.04081650128372161
1989-04-01,0.000729297,0.0
1989-04-02,0.000729297,0.0
1989-04-03,0.000763971,0.04754441606094639
1989-04-04,0.000792602,0.03747655342938416
1989-04-05,0.000810037,0.021997168818650437
1989-04-06,0.000762363,-0.05885410172621752
1989-04-07,0.000800915,0.050569085855425966
1989-04-08,0.000800915,0.0
1989-04-09,0.000800915,0.0
1989-04-10,0.000828532,0.03448181142817908
1989-04-11,0.000825159,-0.004071055795068834
1989-04-12,0.00088125,0.06797599008191146
1989-04-13,0.000933183,0.0589310638297873
1989-04-14,0.00089077,-0.04544982066754322
1989-04-15,0.00089077,0.0
1989-04-16,0.00089077,0.0
1989-04-17,0.00089077,0.0
1989-04-18,0.00090515,0.01614333666378509
1989-04-19,0.00100477,0.11005910622548765
1989-04-20,0.001073,0.06790608796042852
1989-04-21,0.0010868,0.012861136999068101
1989-04-22,0.0010868,0.0
1989-04-23,0.0010868,0.0
1989-04-24,0.00108263,-0.0038369525211630062
1989-04-25,0.0011106,0.025835234567673115
1989-04-26,0.00119304,0.07423014586709886
1989-04-27,0.0011436,-0.04144035405351032
1989-04-28,0.00116604,0.01962224554039871
1989-04-29,0.00116604,0.0
1989-04-30,0.00116604,0.0
1989-05-01,0.00116604,0.0
1989-05-02,0.00116733,0.0011063085314397814
1989-05-03,0.00110686,-0.05180197544824516
1989-05-04,0.00102117,-0.07741719820031445
1989-05-05,0.00113077,0.10732786901299485
1989-05-06,0.00113077,0.0
1989-05-07,0.00113077,0.0
1989-05-08,0.00114915,0.016254410711285416
1989-05-09,0.0010692,-0.06957316277248404
1989-05-10,0.00103103,-0.035699588477366206
1989-05-11,0.00106958,0.037389794671348175
1989-05-12,0.00113511,0.06126703939864231
1989-05-13,0.00113511,0.0
1989-05-14,0.00113511,0.0
1989-05-15,0.0011674,0.028446582269559872
1989-05-16,0.00122747,0.05145622751413392
1989-05-17,0.00124451,0.013882213007242683
1989-05-18,0.00124344,-0.0008597761367928891
1989-05-19,0.00123837,-0.004077398185678427
1989-05-20,0.00123837,0.0
1989-05-21,0.00123837,0.0
1989-05-22,0.00119367,-0.03609583565493346
1989-05-23,0.00113695,-0.04751732053247537
1989-05-24,0.00120209,0.05729363648357455
1989-05-25,0.00120209,0.0
1989-05-26,0.00122248,0.016962124300177184
1989-05-27,0.00122248,0.0
1989-05-28,0.00122248,0.0
1989-05-29,0.0012112,-0.00922714482036513
1989-05-30,0.0012261799999999,0.012367899603616284
1989-05-31,0.00125302,0.021889119052751038
1989-06-01,0.00129276,0.03171537565242377
1989-06-02,0.00131623,0.018154955289458208
1989-06-03,0.00131623,0.0
1989-06-04,0.00131623,0.0
1989-06-05,0.00130608,-0.00771141821718091
1989-06-06,0.00127503,-0.023773428886438963
1989-06-07,0.00120588,-0.054234018023105235
1989-06-08,0.00120738,0.0012439048661558871
1989-06-09,0.00113879,-0.056808958240156415
1989-06-10,0.00113879,0.0
1989-06-11,0.00113879,0.0
1989-06-12,0.00113879,0.0
1989-06-13,0.00102631,-0.09877150308660954
1989-06-14,0.00092755,-0.09622823513363399
1989-06-15,0.0008877,-0.04296264352326018
1989-06-16,0.00077226,-0.13004393376140588
1989-06-17,0.00077226,0.0
1989-06-18,0.00077226,0.0
1989-06-19,0.00069839,-0.09565431331416874
1989-06-20,0.00080594,0.15399705035868205
1989-06-21,0.00080508,-0.0010670769536194058
1989-06-22,0.00082428,0.023848561633626586
1989-06-23,0.00076611,-0.07057067986606502
1989-06-24,0.00076611,0.0
1989-06-25,0.00076611,0.0
1989-06-26,0.00068302,-0.1084570100899348
1989-06-27,0.00071069,0.04051125882111806
1989-06-28,0.00070492,-0.008118870393561184
1989-06-29,0.00075921,0.07701583158372571
1989-06-30,0.00072702,-0.04239933615205271
1989-07-01,0.00072702,0.0
1989-07-02,0.00072702,0.0
1989-07-03,0.00071124,-0.021705042502269456
1989-07-04,0.00072199,0.015114448006298797
1989-07-05,0.00076221,0.05570714275820987
1989-07-06,0.0008323,0.09195628501331643
1989-07-07,0.00088603,0.06455604950138172
1989-07-08,0.00088603,0.0
1989-07-09,0.00088603,0.0
1989-07-10,0.00091855,0.03670304617225151
1989-07-11,0.0009483,0.0323880028305481
1989-07-12,0.00100509,0.05988611198987659
1989-07-13,0.00102653,0.02133142305664193
1989-07-14,0.00107128,0.043593465363895634
1989-07-15,0.00107128,0.0
1989-07-16,0.00107128,0.0
1989-07-17,0.00106129,-0.009325293107310784
1989-07-18,0.0011014,0.03779362850870149
1989-07-19,0.00113308,0.028763392046486258
1989-07-20,0.00109924,-0.02986549934691285
1989-07-21,0.00108829,-0.009961427895637032
1989-07-22,0.00108829,0.0
1989-07-23,0.00108829,0.0
1989-07-24,0.00109382,0.005081366179970237
1989-07-25,0.0011716,0.07110859190726093
1989-07-26,0.0011982,0.022703994537384586
1989-07-27,0.00121649,0.015264563511934615
1989-07-28,0.00123615,0.016161250811761896
1989-07-29,0.00123615,0.0
1989-07-30,0.00123615,0.0
1989-07-31,0.00123233,-0.0030902398576224677
1989-08-01,0.00122252,-0.00796053005282682
1989-08-02,0.00119653,-0.02125936589994437
1989-08-03,0.00124705,0.042222092216659846
1989-08-04,0.00129761,0.04054368309209733
1989-08-05,0.00129761,0.0
1989-08-06,0.00129761,0.0
1989-08-07,0.0013495,0.039988902674917615
1989-08-08,0.00137438,0.018436457947387908
1989-08-09,0.00135242,-0.01597811376766245
1989-08-10,0.00135736,0.003652711435796485
1989-08-11,0.00139624,0.02864383803854542
1989-08-12,0.00139624,0.0
1989-08-13,0.00139624,0.0
1989-08-14,0.00139916,0.0020913310032659727
1989-08-15,0.00137407,-0.017932187884159068
1989-08-16,0.00141332,0.028564774720356345
1989-08-17,0.0014767,0.044844762686440554
1989-08-18,0.00152473,0.03252522516421741
1989-08-19,0.00152473,0.0
1989-08-20,0.00152473,0.0
1989-08-21,0.00158353,0.03856420481003209
1989-08-22,0.00154887,-0.02188780761968523
1989-08-23,0.00158362,0.02243571119590415
1989-08-24,0.0016386,0.034717924754676055
1989-08-25,0.00159533,-0.026406688636640974
1989-08-26,0.00159533,0.0
1989-08-27,0.00159533,0.0
1989-08-28,0.0015598,-0.022271254223264147
1989-08-29,0.00156147,0.0010706500833439492
1989-08-30,0.00149353,-0.04351028197787976
1989-08-31,0.00152863,0.023501369239318892
1989-09-01,0.00154135,0.008321176478284453
1989-09-02,0.00154135,0.0
1989-09-03,0.00154135,0.0
1989-09-04,0.00148852,-0.034275148408862366
1989-09-05,0.00146825,-0.013617553005670024
1989-09-06,0.00153511,0.045537204154605826
1989-09-07,0.00153511,0.0
1989-09-08,0.00158978,0.03561308310153688
1989-09-09,0.00158978,0.0
1989-09-10,0.00158978,0.0
1989-09-11,0.00162962,0.02506007120482079
1989-09-12,0.0016121,-0.010750972619383736
1989-09-13,0.00159886,-0.008212890019229646
1989-09-14,0.00161034,0.0071801158325308645
1989-09-15,0.00157596,-0.021349528670963958
1989-09-16,0.00157596,0.0
1989-09-17,0.00157596,0.0
1989-09-18,0.00165072,0.047437752227214025
1989-09-19,0.00176262,0.06778860133759812
1989-09-20,0.00185691,0.05349423018007293
1989-09-21,0.00186008,0.0017071371256549561
1989-09-22,0.00191426,0.02912777945034617
1989-09-23,0.00191426,0.0
1989-09-24,0.00191426,0.0
1989-09-25,0.00195097,0.019177123274790153
1989-09-26,0.00201594,0.03330138341440403
1989-09-27,0.00218151,0.0821304205482305
1989-09-28,0.00220024,0.00858579607702925
1989-09-29,0.00225444,0.024633676326218934
1989-09-30,0.00225444,0.0
1989-10-01,0.00225444,0.0
1989-10-02,0.00214906,-0.04674331541314025
1989-10-03,0.00217043,0.009943882441625806
1989-10-04,0.00227124,0.04644701741129631
1989-10-05,0.0024636,0.08469382363818889
1989-10-06,0.00266811,0.08301266439357047
1989-10-07,0.00266811,0.0
1989-10-08,0.00266811,0.0
1989-10-09,0.00266811,0.0
1989-10-10,0.00278289,0.04301921584942159
1989-10-11,0.0028309,0.017251849695819832
1989-10-12,0.00297009,0.04916810908191738
1989-10-13,0.00293572,-0.011572039904514608
1989-10-14,0.00293572,0.0
1989-10-15,0.00293572,0.0
1989-10-16,0.002832,-0.035330344855776574
1989-10-17,0.00295156,0.042217514124293976
1989-10-18,0.00293853,-0.004414614644459247
1989-10-19,0.00313015,0.06520947548604239
1989-10-20,0.00324523,0.03676501126144105
1989-10-21,0.00324523,0.0
1989-10-22,0.00324523,0.0
1989-10-23,0.00335295,0.033193332984102764
1989-10-24,0.00338854,0.0106145334705261
1989-10-25,0.00345808,0.020522112768330825
1989-10-26,0.00354992,0.026558090038402815
1989-10-27,0.00353846,-0.0032282417631945837
1989-10-28,0.00353846,0.0
1989-10-29,0.00353846,0.0
1989-10-30,0.00343262,-0.02991131735274677
1989-10-31,0.00341343,-0.005590481905949463
1989-11-01,0.00337514,-0.011217455755647476
1989-11-02,0.00337514,0.0
1989-11-03,0.00335376,-0.006334552048211317
1989-11-04,0.00335376,0.0
1989-11-05,0.00335376,0.0
1989-11-06,0.00316398,-0.05658723343351946
1989-11-07,0.00308108,-0.02620117699859037
1989-11-08,0.00304573,-0.011473249639736727
1989-11-09,0.00318694,0.04636326923266343
1989-11-10,0.00305789,-0.04049338864239671
1989-11-11,0.00305789,0.0
1989-11-12,0.00305789,0.0
1989-11-13,0.00290836,-0.04889973151421412
1989-11-14,0.00316359,0.08775736153708613
1989-11-15,0.00316359,0.0
1989-11-16,0.00299687,-0.052699622896772325
1989-11-17,0.00300622,0.003119921785062374
1989-11-18,0.00300622,0.0
1989-11-19,0.00300622,0.0
1989-11-20,0.00319419,0.06252702729673798
1989-11-21,0.00338292,0.05908540193288436
1989-11-22,0.00342969,0.01382533432655797
1989-11-23,0.00340486,-0.007239721374235009
1989-11-24,0.0032547,-0.044101666441498266
1989-11-25,0.0032547,0.0
1989-11-26,0.0032547,0.0
1989-11-27,0.00304187,-0.06539158755031194
1989-11-28,0.00305392,0.003961379020142264
1989-11-29,0.00307029,0.005360323780583709
1989-11-30,0.00310181,0.010266131212361085
1989-12-01,0.00327422,0.055583675337947946
1989-12-02,0.00327422,0.0
1989-12-03,0.00327422,0.0
1989-12-04,0.00331754,0.013230632028391476
1989-12-05,0.00316878,-0.04484045407139026
1989-12-06,0.00325752,0.02800446859674688
1989-12-07,0.00335965,0.03135207151452635
1989-12-08,0.00320611,-0.04570118911196108
1989-12-09,0.00320611,0.0
1989-12-10,0.00320611,0.0
1989-12-11,0.00333497,0.04019200838399195
1989-12-12,0.0038526,0.1552127905198546
1989-12-13,0.00433749,0.1258604578726057
1989-12-14,0.00463477,0.06853733380365123
1989-12-15,0.00461105,-0.005117837562597427
1989-12-16,0.00461105,0.0
1989-12-17,0.00461105,0.0
1989-12-18,0.00491385,0.06566834018282175
1989-12-19,0.00473815,-0.035756077210334025
1989-12-20,0.00469173,-0.0097970726971498
1989-12-21,0.00511558,0.09033981068816832
1989-12-22,0.00547346,0.06995883164763339
1989-12-23,0.00547346,0.0
1989-12-24,0.00547346,0.0
1989-12-25,0.00547346,0.0
1989-12-26,0.00616504,0.12635152170656228
1989-12-27,0.0063851,0.035694821120382025
1989-12-28,0.00616154,-0.035012764091400306
1989-12-29,0.00616154,0.0
1989-12-30,0.00616154,0.0
1989-12-31,0.00616154,0.0
1990-01-01,0.00616154,0.0
1990-01-02,0.00637361,0.034418343466081636
1990-01-03,0.00673419,0.05657390395709805
1990-01-04,0.00716227,0.06356814999279803
1990-01-05,0.00756386,0.05607021237680243
1990-01-06,0.00756386,0.0
1990-01-07,0.00756386,0.0
1990-01-08,0.00823151,0.08826842379420019
1990-01-09,0.00867967,0.05444444579427121
1990-01-10,0.00896595,0.03298282077544412
1990-01-11,0.00888912,-0.008569086376792212
1990-01-12,0.0087792,-0.012365678492359367
1990-01-13,0.0087792,0.0
1990-01-14,0.0087792,0.0
1990-01-15,0.0086994,-0.009089666484417669
1990-01-16,0.0088104,0.012759500655217693
1990-01-17,0.0089266,0.0131889585035867
1990-01-18,0.0096431,0.08026572267156595
1990-01-19,0.0101942,0.05714967178604402
1990-01-20,0.0101942,0.0
1990-01-21,0.0101942,0.0
1990-01-22,0.0106375,0.04348551136920986
1990-01-23,0.0105913,-0.0043431257344300755
1990-01-24,0.0103687,-0.021017250007081323
1990-01-25,0.0103687,0.0
1990-01-26,0.0104892,0.01162151475112605
1990-01-27,0.0104892,0.0
1990-01-28,0.0104892,0.0
1990-01-29,0.0100455,-0.042300652099302116
1990-01-30,0.0101859,0.013976407346572906
1990-01-31,0.0100494,-0.013400877683857004
1990-02-01,0.0104038,0.03526578701215999
1990-02-02,0.0111554,0.07224283434898782
1990-02-03,0.0111554,0.0
1990-02-04,0.0111554,0.0
1990-02-05,0.0116448,0.043871129677107046
1990-02-06,0.0119465,0.025908560043968132
1990-02-07,0.0127719,0.06909136567195406
1990-02-08,0.0136824,0.07128931482394951
1990-02-09,0.0145359,0.06237940712155754
1990-02-10,0.0145359,0.0
1990-02-11,0.0145359,0.0
1990-02-12,0.015608,0.07375532302781407
1990-02-13,0.0150699,-0.03447590978985138
1990-02-14,0.0152505,0.01198415384309115
1990-02-15,0.016792,0.10107865315891296
1990-02-16,0.0173939,0.03584444973797041
1990-02-17,0.0173939,0.0
1990-02-18,0.0173939,0.0
1990-02-19,0.0179303,0.030838397369192583
1990-02-20,0.0176451,-0.015906036151096203
1990-02-21,0.0177221,0.004363817717099927
1990-02-22,0.0169468,-0.043747637131039796
1990-02-23,0.016597,-0.020641064979819213
1990-02-24,0.016597,0.0
1990-02-25,0.016597,0.0
1990-02-26,0.016597,0.0
1990-02-27,0.016597,0.0
1990-02-28,0.016597,0.0
1990-03-01,0.0172088,0.03686208350906783
1990-03-02,0.0181008,0.05183394542327191
1990-03-03,0.0181008,0.0
1990-03-04,0.0181008,0.0
1990-03-05,0.0200553,0.10797865287722108
1990-03-06,0.0219046,0.09221003924149707
1990-03-07,0.0204551,-0.06617331519406877
1990-03-08,0.0203256,-0.006330939472307673
1990-03-09,0.0188412,-0.07303105443381752
1990-03-10,0.0188412,0.0
1990-03-11,0.0188412,0.0
1990-03-12,0.0186577,-0.009739294737065585
1990-03-13,0.0186532,-0.00024118728460620353
1990-03-14,0.0186532,0.0
1990-03-15,0.0186532,0.0
1990-03-16,0.0186532,0.0
1990-03-17,0.0186532,0.0
1990-03-18,0.0186532,0.0
1990-03-19,0.0163846,-0.12161988291553205
1990-03-20,0.0129524,-0.20947719199736337
1990-03-21,0.0100679,-0.22270004014699973
1990-03-22,0.0093332,-0.07297450312378939
1990-03-23,0.0094365,0.011068015257360786
1990-03-24,0.0094365,0.0
1990-03-25,0.0094365,0.0
1990-03-26,0.0088094,-0.06645472367933025
1990-03-27,0.008206,-0.06849501668672109
1990-03-28,0.0073907,-0.09935413112356806
1990-03-29,0.0068562,-0.07232061915650756
1990-03-30,0.0072753,0.06112715498381038
1990-03-31,0.0072753,0.0
1990-04-01,0.0072753,0.0
1990-04-02,0.0076646,0.05350982090085621
1990-04-03,0.0094648,0.23487200897633298
1990-04-04,0.0098338,0.038986560730284836
1990-04-05,0.011315,0.15062336024731038
1990-04-06,0.0104359,-0.07769332744144941
1990-04-07,0.0104359,0.0
1990-04-08,0.0104359,0.0
1990-04-09,0.0092811,-0.11065648386818572
1990-04-10,0.0100827,0.08636907263147675
1990-04-11,0.0106159,0.0528826603985042
1990-04-12,0.0106159,0.0
1990-04-13,0.0106159,0.0
1990-04-14,0.0106159,0.0
1990-04-15,0.0106159,0.0
1990-04-16,0.0114045,0.07428479921627007
1990-04-17,0.0137229,0.20328817572011038
1990-04-18,0.0139025,0.013087612676620841
1990-04-19,0.0146695,0.055169933465204046
1990-04-20,0.0146987,0.001990524557755835
1990-04-21,0.0146987,0.0
1990-04-22,0.0146987,0.0
1990-04-23,0.0148119,0.007701361344880864
1990-04-24,0.0152727,0.031110120916290285
1990-04-25,0.0157773,0.03303934471311565
1990-04-26,0.0169152,0.07212260652963409
1990-04-27,0.0160921,-0.048660376466136745
1990-04-28,0.0160921,0.0
1990-04-29,0.0160921,0.0
1990-04-30,0.0155877,-0.031344572802804005
1990-05-01,0.0155877,0.0
1990-05-02,0.0153643,-0.014331812903763841
1990-05-03,0.0167791,0.09208359638903185
1990-05-04,0.015926,-0.05084301303407224
1990-05-05,0.015926,0.0
1990-05-06,0.015926,0.0
1990-05-07,0.0151862,-0.04645234208212978
1990-05-08,0.0146369,-0.03617099735285989
1990-05-09,0.0146444,0.0005124035827259732
1990-05-10,0.0149345,0.019809620059545008
1990-05-11,0.0141775,-0.05068800428537945
1990-05-12,0.0141775,0.0
1990-05-13,0.0141775,0.0
1990-05-14,0.0138312,-0.02442602715570452
1990-05-15,0.0123764,-0.10518248597374058
1990-05-16,0.0130006,0.050434698296758285
1990-05-17,0.0131003,0.007668876821069981
1990-05-18,0.0130649,-0.0027022281932475023
1990-05-19,0.0130649,0.0
1990-05-20,0.0130649,0.0
1990-05-21,0.0136888,0.04775390550252956
1990-05-22,0.0144418,0.055008474081000625
1990-05-23,0.0147829,0.023618939467379363
1990-05-24,0.0150112,0.015443519201239209
1990-05-25,0.0149166,-0.006301961202302309
1990-05-26,0.0149166,0.0
1990-05-27,0.0149166,0.0
1990-05-28,0.0145492,-0.024630277677218704
1990-05-29,0.0145695,0.0013952657190774431
1990-05-30,0.0148744,0.020927279590926107
1990-05-31,0.0146435,-0.01552331522616035
1990-06-01,0.0148318,0.01285894765595641
1990-06-02,0.0148318,0.0
1990-06-03,0.0148318,0.0
1990-06-04,0.0142401,-0.03989401151579708
1990-06-05,0.0142992,0.004150251753850087
1990-06-06,0.0149593,0.046163421729886966
1990-06-07,0.0153003,0.022795184266643398
1990-06-08,0.0151889,-0.007280902988830218
1990-06-09,0.0151889,0.0
1990-06-10,0.0151889,0.0
1990-06-11,0.0146142,-0.03783684137758492
1990-06-12,0.0144003,-0.014636449480642244
1990-06-13,0.0140453,-0.02465226418894051
1990-06-14,0.0140453,0.0
1990-06-15,0.0140654,0.0014310837077171623
1990-06-16,0.0140654,0.0
1990-06-17,0.0140654,0.0
1990-06-18,0.0137735,-0.02075305359250368
1990-06-19,0.014415,0.04657494464006984
1990-06-20,0.0149301,0.03573361082206028
1990-06-21,0.0157899,0.0575883617658286
1990-06-22,0.0159963,0.013071647065529435
1990-06-23,0.0159963,0.0
1990-06-24,0.0159963,0.0
1990-06-25,0.0166397,0.04022180129154851
1990-06-26,0.0174545,0.04896722897648398
1990-06-27,0.0174149,-0.0022687559082185116
1990-06-28,0.0172651,-0.008601829467869582
1990-06-29,0.0176186,0.020474830727884807
1990-06-30,0.0176186,0.0
1990-07-01,0.0176186,0.0
1990-07-02,0.0185572,0.05327324532028643
1990-07-03,0.0199595,0.07556635699351211
1990-07-04,0.0198956,-0.003201483003081318
1990-07-05,0.0206994,0.040400892659683496
1990-07-06,0.0202978,-0.01940152854672106
1990-07-07,0.0202978,0.0
1990-07-08,0.0202978,0.0
1990-07-09,0.0203578,0.0029559853777254563
1990-07-10,0.0213701,0.04972541237265338
1990-07-11,0.0222416,0.04078127851530877
1990-07-12,0.0233642,0.05047298755485219
1990-07-13,0.0229072,-0.019559839412434554
1990-07-14,0.0229072,0.0
1990-07-15,0.0229072,0.0
1990-07-16,0.0237356,0.03616330236781451
1990-07-17,0.024523,0.03317379800805553
1990-07-18,0.025348,0.03364188720792716
1990-07-19,0.0260174,0.026408395139656093
1990-07-20,0.0273584,0.05154242929731656
1990-07-21,0.0273584,0.0
1990-07-22,0.0273584,0.0
1990-07-23,0.0267972,-0.020512895490964467
1990-07-24,0.0280222,0.04571373128535816
1990-07-25,0.027862,-0.00571689588968749
1990-07-26,0.027168,-0.024908477496231485
1990-07-27,0.0270118,-0.005749411071849342
1990-07-28,0.0270118,0.0
1990-07-29,0.0270118,0.0
1990-07-30,0.0271578,0.005405045202466985
1990-07-31,0.0298228,0.0981301872758471
1990-08-01,0.0302619,0.014723634266400332
1990-08-02,0.0320885,0.0603597262564477
1990-08-03,0.0303153,-0.055259672468329746
1990-08-04,0.0303153,0.0
1990-08-05,0.0303153,0.0
1990-08-06,0.0299268,-0.012815311080543457
1990-08-07,0.0290397,-0.029642327278559644
1990-08-08,0.0311584,0.07295874268673574
1990-08-09,0.0293564,-0.05783352161856825
1990-08-10,0.0282581,-0.037412625526290655
1990-08-11,0.0282581,0.0
1990-08-12,0.0282581,0.0
1990-08-13,0.0283914,0.004717231519458132
1990-08-14,0.0295625,0.041248406207513355
1990-08-15,0.0294454,-0.003961099365750509
1990-08-16,0.0289058,-0.01832544302335848
1990-08-17,0.0282581,-0.022407267745573445
1990-08-18,0.0282581,0.0
1990-08-19,0.0282581,0.0
1990-08-20,0.0270548,-0.0425824807754237
1990-08-21,0.0266784,-0.013912503511391616
1990-08-22,0.0246163,-0.07729474031426176
1990-08-23,0.0252979,0.027688970316416484
1990-08-24,0.025079,-0.008652892137292034
1990-08-25,0.025079,0.0
1990-08-26,0.025079,0.0
1990-08-27,0.027842,0.11017185693209441
1990-08-28,0.0271664,-0.024265498168234978
1990-08-29,0.0267946,-0.01368602391189122
1990-08-30,0.0260692,-0.027072619109820506
1990-08-31,0.0250711,-0.038286560385435764
1990-09-01,0.0250711,0.0
1990-09-02,0.0250711,0.0
1990-09-03,0.0228992,-0.08662962534551721
1990-09-04,0.0233053,0.017734243991056386
1990-09-05,0.0231785,-0.005440822473857909
1990-09-06,0.0220074,-0.05052527126431827
1990-09-07,0.0220074,0.0
1990-09-08,0.0220074,0.0
1990-09-09,0.0220074,0.0
1990-09-10,0.0225205,0.023314884993229423
1990-09-11,0.0223012,-0.00973779445394185
1990-09-12,0.0247647,0.11046490771797046
1990-09-13,0.0250836,0.012877200208361028
1990-09-14,0.0244775,-0.024163198265001906
1990-09-15,0.0244775,0.0
1990-09-16,0.0244775,0.0
1990-09-17,0.0233319,-0.04680216525380454
1990-09-18,0.0238743,0.023247142324457126
1990-09-19,0.0238806,0.0002638820824065746
1990-09-20,0.0251677,0.05389730576283691
1990-09-21,0.0251329,-0.0013827246828276296
1990-09-22,0.0251329,0.0
1990-09-23,0.0251329,0.0
1990-09-24,0.0241313,-0.039852145991907006
1990-09-25,0.0241416,0.000426831542436501
1990-09-26,0.0228208,-0.05471054114060381
1990-09-27,0.0223329,-0.021379618593563743
1990-09-28,0.0230994,0.03432156146313292
1990-09-29,0.0230994,0.0
1990-09-30,0.0230994,0.0
1990-10-01,0.0236504,0.023853433422513115
1990-10-02,0.0230258,-0.026409701315833978
1990-10-03,0.0230258,0.0
1990-10-04,0.0231831,0.006831467310582262
1990-10-05,0.0225623,-0.02677812717022321
1990-10-06,0.0225623,0.0
1990-10-07,0.0225623,0.0
1990-10-08,0.0225623,0.0
1990-10-09,0.0212891,-0.05643041711173069
1990-10-10,0.0206668,-0.029230920987735498
1990-10-11,0.0211459,0.023182108502525667
1990-10-12,0.0205828,-0.026629275651544715
1990-10-13,0.0205828,0.0
1990-10-14,0.0205828,0.0
1990-10-15,0.0206041,0.0010348446275532108
1990-10-16,0.0209672,0.017622706160424384
1990-10-17,0.0205155,-0.021543172192758142
1990-10-18,0.0196431,-0.042523945309643874
1990-10-19,0.019392,-0.012783114681491292
1990-10-20,0.019392,0.0
1990-10-21,0.019392,0.0
1990-10-22,0.0191413,-0.012928011551155083
1990-10-23,0.0184837,-0.034355033357191034
1990-10-24,0.0185753,0.004955717740495746
1990-10-25,0.0194732,0.048338384844390125
1990-10-26,0.0191591,-0.016129860526261752
1990-10-27,0.0191591,0.0
1990-10-28,0.0191591,0.0
1990-10-29,0.0180957,-0.055503651006571286
1990-10-30,0.0180602,-0.0019617920279403345
1990-10-31,0.0178481,-0.01174405599052053
1990-11-01,0.0189649,0.06257248670726856
1990-11-02,0.0189649,0.0
1990-11-03,0.0189649,0.0
1990-11-04,0.0189649,0.0
1990-11-05,0.0177955,-0.06166127952164269
1990-11-06,0.0183849,0.03312073276952043
1990-11-07,0.0204425,0.11191793265125183
1990-11-08,0.0216966,0.061347682524153235
1990-11-09,0.0219958,0.013790179106403677
1990-11-10,0.0219958,0.0
1990-11-11,0.0219958,0.0
1990-11-12,0.0226999,0.03201065657989255
1990-11-13,0.0235554,0.03768739069335125
1990-11-14,0.0236121,0.002407091367584435
1990-11-15,0.0236121,0.0
1990-11-16,0.0239355,0.01369636754037118
1990-11-17,0.0239355,0.0
1990-11-18,0.0239355,0.0
1990-11-19,0.0239962,0.0025359821186103915
1990-11-20,0.0256478,0.06882756436435766
1990-11-21,0.0264857,0.03266946872636267
1990-11-22,0.0266367,0.005701189698591902
1990-11-23,0.0261108,-0.01974343668697698
1990-11-24,0.0261108,0.0
1990-11-25,0.0261108,0.0
1990-11-26,0.0247565,-0.05186742650550724
1990-11-27,0.0263013,0.06239977379678052
1990-11-28,0.0257351,-0.021527453015630416
1990-11-29,0.0264792,0.02891381809279947
1990-11-30,0.0265107,0.0011896129792441368
1990-12-01,0.0265107,0.0
1990-12-02,0.0265107,0.0
1990-12-03,0.027149,0.02407707076765231
1990-12-04,0.0264019,-0.02751850896902286
1990-12-05,0.0259941,-0.015445858063245388
1990-12-06,0.0258244,-0.006528404522564646
1990-12-07,0.0249787,-0.032748098697356065
1990-12-08,0.0249787,0.0
1990-12-09,0.0249787,0.0
1990-12-10,0.0251939,0.008615340269910066
1990-12-11,0.0248146,-0.015055231623528065
1990-12-12,0.0234853,-0.05356926970412579
1990-12-13,0.0243662,0.03750856919008916
1990-12-14,0.0243513,-0.0006115028194795258
1990-12-15,0.0243513,0.0
1990-12-16,0.0243513,0.0
1990-12-17,0.0238005,-0.022618915622574565
1990-12-18,0.0232467,-0.02326841873069896
1990-12-19,0.0235723,0.014006289064684596
1990-12-20,0.0251894,0.0686017062399511
1990-12-21,0.0249722,-0.008622674617100867
1990-12-22,0.0249722,0.0
1990-12-23,0.0249722,0.0
1990-12-24,0.0249722,0.0
1990-12-25,0.0249722,0.0
1990-12-26,0.0241521,-0.03284051865674631
1990-12-27,0.0255266,0.056910165161621507
1990-12-28,0.0251566,-0.014494683976714384
1990-12-29,0.0251566,0.0
1990-12-30,0.0251566,0.0
1990-12-31,0.0251566,0.0
1991-01-01,0.0251566,0.0
1991-01-02,0.0253218,0.006566865156658608
1991-01-03,0.0282211,0.11449817943432139
1991-01-04,0.0298533,0.05783615805195397
1991-01-05,0.0298533,0.0
1991-01-06,0.0298533,0.0
1991-01-07,0.0301401,0.009606978123021692
1991-01-08,0.0282387,-0.06308539122298873
1991-01-09,0.0303833,0.0759454224167544
1991-01-10,0.028105,-0.07498527151428569
1991-01-11,0.0282348,0.00461839530332675
1991-01-12,0.0282348,0.0
1991-01-13,0.0282348,0.0
1991-01-14,0.026485,-0.06197316786377094
1991-01-15,0.0276227,0.0429563904096657
1991-01-16,0.0283412,0.026011215413410005
1991-01-17,0.0319322,0.12670599692320716
1991-01-18,0.0327358,0.025165820081297197
1991-01-19,0.0327358,0.0
1991-01-20,0.0327358,0.0
1991-01-21,0.0348452,0.0644370994446446
1991-01-22,0.0338401,-0.02884471892828855
1991-01-23,0.0337043,-0.004012990505347203
1991-01-24,0.0377349,0.11958711499719632
1991-01-25,0.0377349,0.0
1991-01-26,0.0377349,0.0
1991-01-27,0.0377349,0.0
1991-01-28,0.0400655,0.06176245332570107
1991-01-29,0.042515,0.06113738752792308
1991-01-30,0.0459186,0.08005645066447142
1991-01-31,0.0474802,0.03400800547055005
1991-02-01,0.0474802,0.0
1991-02-02,0.0474802,0.0
1991-02-03,0.0474802,0.0
1991-02-04,0.064601,0.36058820308254824
1991-02-05,0.0619316,-0.041321341774895104
1991-02-06,0.0624872,0.008971187568220351
1991-02-07,0.0596138,-0.04598381748582103
1991-02-08,0.0539004,-0.0958402249143655
1991-02-09,0.0539004,0.0
1991-02-10,0.0539004,0.0
1991-02-11,0.0539004,0.0
1991-02-12,0.0539004,0.0
1991-02-13,0.0539004,0.0
1991-02-14,0.0585591,0.08643164058151709
1991-02-15,0.0619858,0.05851695125095846
1991-02-16,0.0619858,0.0
1991-02-17,0.0619858,0.0
1991-02-18,0.0630499,0.017166834984786883
1991-02-19,0.0622751,-0.012288679284186088
1991-02-20,0.0594471,-0.04541140841202984
1991-02-21,0.0582477,-0.020175921113056883
1991-02-22,0.062944,0.08062635949573971
1991-02-23,0.062944,0.0
1991-02-24,0.062944,0.0
1991-02-25,0.0603465,-0.04126684036603967
1991-02-26,0.0623358,0.032964629265988865
1991-02-27,0.0672627,0.07903804876170684
1991-02-28,0.0725977,0.07931587640698345
1991-03-01,0.0701944,-0.0331043545456674
1991-03-02,0.0701944,0.0
1991-03-03,0.0701944,0.0
1991-03-04,0.0697939,-0.005705583351378385
1991-03-05,0.0726954,0.041572401026450656
1991-03-06,0.0689068,-0.05211608987638816
1991-03-07,0.0697035,0.011561993881590737
1991-03-08,0.0645166,-0.07441376688401602
1991-03-09,0.0645166,0.0
1991-03-10,0.0645166,0.0
1991-03-11,0.0618508,-0.04131959836693189
1991-03-12,0.0636266,0.028711027181540283
1991-03-13,0.063866,0.0037625772868579155
1991-03-14,0.0601193,-0.05866501738013974
1991-03-15,0.0602153,0.001596824979665401
1991-03-16,0.0602153,0.0
1991-03-17,0.0602153,0.0
1991-03-18,0.0594732,-0.012324110317477488
1991-03-19,0.0626074,0.052699367109891426
1991-03-20,0.0604618,-0.03427070921328779
1991-03-21,0.060973,0.008454925258593038
1991-03-22,0.0592681,-0.02796155675462908
1991-03-23,0.0592681,0.0
1991-03-24,0.0592681,0.0
1991-03-25,0.0599482,0.011474975577081103
1991-03-26,0.0631735,0.05380144858394398
1991-03-27,0.0642419,0.016912154621795628
1991-03-28,0.0642419,0.0
1991-03-29,0.0642419,0.0
1991-03-30,0.0642419,0.0
1991-03-31,0.0642419,0.0
1991-04-01,0.0670705,0.044030453644739564
1991-04-02,0.0681443,0.016010019308041468
1991-04-03,0.0706943,0.03742059130404152
1991-04-04,0.0691002,-0.022549201279311037
1991-04-05,0.0706855,0.02294204647743414
1991-04-06,0.0706855,0.0
1991-04-07,0.0706855,0.0
1991-04-08,0.0700461,-0.009045702442509351
1991-04-09,0.0679693,-0.029649045414377184
1991-04-10,0.0666991,-0.01868784877878693
1991-04-11,0.0640525,-0.0396796958279797
1991-04-12,0.0669996,0.04601069435228933
1991-04-13,0.0669996,0.0
1991-04-14,0.0669996,0.0
1991-04-15,0.0651297,-0.02790912184550365
1991-04-16,0.0688206,0.05666999847995613
1991-04-17,0.0695506,0.01060728909657871
1991-04-18,0.0691977,-0.005074003675022309
1991-04-19,0.0690989,-0.0014277931202915095
1991-04-20,0.0690989,0.0
1991-04-21,0.0690989,0.0
1991-04-22,0.0705257,0.020648664450519272
1991-04-23,0.0693485,-0.016691787532771785
1991-04-24,0.0719002,0.03679531640915101
1991-04-25,0.0708936,-0.013999961057131971
1991-04-26,0.0701027,-0.011156155139533053
1991-04-27,0.0701027,0.0
1991-04-28,0.0701027,0.0
1991-04-29,0.0682325,-0.026678002416454794
1991-04-30,0.0667535,-0.021675887590224763
1991-05-01,0.0667535,0.0
1991-05-02,0.0672406,0.0072969956631487864
1991-05-03,0.0682789,0.015441563579147166
1991-05-04,0.0682789,0.0
1991-05-05,0.0682789,0.0
1991-05-06,0.0663536,-0.028197583733774345
1991-05-07,0.0683735,0.030441453063586588
1991-05-08,0.0702133,0.02690808573497039
1991-05-09,0.0743015,0.058225435921684277
1991-05-10,0.0734471,-0.011499094903871465
1991-05-11,0.0734471,0.0
1991-05-12,0.0734471,0.0
1991-05-13,0.0708907,-0.03480600323225835
1991-05-14,0.0741708,0.0462698210061403
1991-05-15,0.0743032,0.0017850690568257388
1991-05-16,0.07966,0.07209379945951166
1991-05-17,0.080593,0.011712277178006492
1991-05-18,0.080593,0.0
1991-05-19,0.080593,0.0
1991-05-20,0.0810256,0.005367711836015587
1991-05-21,0.0838709,0.03511606208408202
1991-05-22,0.0858331,0.0233954804348111
1991-05-23,0.0876333,0.020973260898184964
1991-05-24,0.0909889,0.038291380103225636
1991-05-25,0.0909889,0.0
1991-05-26,0.0909889,0.0
1991-05-27,0.0966773,0.06251751587281529
1991-05-28,0.094629,-0.021186979777051973
1991-05-29,0.103963,0.09863783829481454
1991-05-30,0.103963,0.0
1991-05-31,0.111682,0.07424756884660888
1991-06-01,0.111682,0.0
1991-06-02,0.111682,0.0
1991-06-03,0.112517,0.007476585304704519
1991-06-04,0.114473,0.017384039745105273
1991-06-05,0.112466,-0.017532518585168577
1991-06-06,0.107272,-0.04618284637134773
1991-06-07,0.11537,0.07549034230740537
1991-06-08,0.11537,0.0
1991-06-09,0.11537,0.0
1991-06-10,0.115433,0.0005460691687613206
1991-06-11,0.12323,0.0675456758465951
1991-06-12,0.1226,-0.005112391463117816
1991-06-13,0.121947,-0.00532626427406202
1991-06-14,0.125995,0.03319474853829929
1991-06-15,0.125995,0.0
1991-06-16,0.125995,0.0
1991-06-17,0.121839,-0.03298543592999714
1991-06-18,0.1199,-0.015914444471802902
1991-06-19,0.128994,0.07584653878231862
1991-06-20,0.134568,0.043211312154053605
1991-06-21,0.140418,0.043472445157838324
1991-06-22,0.140418,0.0
1991-06-23,0.140418,0.0
1991-06-24,0.136079,-0.030900596789585233
1991-06-25,0.141686,0.041204006496226464
1991-06-26,0.141111,-0.004058269694959371
1991-06-27,0.141509,0.00282047466179125
1991-06-28,0.135319,-0.04374280081125581
1991-06-29,0.135319,0.0
1991-06-30,0.135319,0.0
1991-07-01,0.129068,-0.04619454769840159
1991-07-02,0.131444,0.018408900734496747
1991-07-03,0.133161,0.013062596999482645
1991-07-04,0.13261,-0.004137848168758063
1991-07-05,0.130015,-0.0195686599803937
1991-07-06,0.130015,0.0
1991-07-07,0.130015,0.0
1991-07-08,0.135835,0.04476406568472879
1991-07-09,0.134246,-0.011698015975264209
1991-07-10,0.138928,0.03487627191871634
1991-07-11,0.142631,0.026654094207071433
1991-07-12,0.14386,0.008616640141343668
1991-07-13,0.14386,0.0
1991-07-14,0.14386,0.0
1991-07-15,0.137062,-0.04725427498957324
1991-07-16,0.142343,0.03853000831740383
1991-07-17,0.14164,-0.004938774649965283
1991-07-18,0.14209,0.0031770686246823665
1991-07-19,0.151835,0.06858329227954107
1991-07-20,0.151835,0.0
1991-07-21,0.151835,0.0
1991-07-22,0.158072,0.04107748542826095
1991-07-23,0.158101,0.00018346070145258686
1991-07-24,0.157011,-0.006894327044104642
1991-07-25,0.16803,0.07017979632000304
1991-07-26,0.165584,-0.014556924358745449
1991-07-27,0.165584,0.0
1991-07-28,0.165584,0.0
1991-07-29,0.165243,-0.002059377717653965
1991-07-30,0.173315,0.04884927046834053
1991-07-31,0.180146,0.039413784150246656
1991-08-01,0.192505,0.06860546445660742
1991-08-02,0.190726,-0.009241318407314125
1991-08-03,0.190726,0.0
1991-08-04,0.190726,0.0
1991-08-05,0.190864,0.0007235510627812136
1991-08-06,0.18371,-0.03748218626875677
1991-08-07,0.174443,-0.05044363398835139
1991-08-08,0.168296,-0.03523787139638723
1991-08-09,0.173478,0.03079098730807628
1991-08-10,0.173478,0.0
1991-08-11,0.173478,0.0
1991-08-12,0.16745,-0.03474792192669962
1991-08-13,0.162405,-0.03012839653627941
1991-08-14,0.170091,0.04732612912164025
1991-08-15,0.183862,0.0809625435796133
1991-08-16,0.189064,0.028292958849571948
1991-08-17,0.189064,0.0
1991-08-18,0.189064,0.0
1991-08-19,0.176023,-0.0689766428299412
1991-08-20,0.188492,0.0708373337575201
1991-08-21,0.202496,0.07429493028881873
1991-08-22,0.199818,-0.013224952591656236
1991-08-23,0.205095,0.02640903221931956
1991-08-24,0.205095,0.0
1991-08-25,0.205095,0.0
1991-08-26,0.204926,-0.0008240083863575443
1991-08-27,0.219223,0.0697666474727463
1991-08-28,0.209667,-0.043590316709469445
1991-08-29,0.205039,-0.022073096863120978
1991-08-30,0.208693,0.017820999907334656
1991-08-31,0.208693,0.0
1991-09-01,0.208693,0.0
1991-09-02,0.213115,0.021189019277120025
1991-09-03,0.211835,-0.006006146915984334
1991-09-04,0.214269,0.011490074822385399
1991-09-05,0.219442,0.024142549785550083
1991-09-06,0.235156,0.07160889893457045
1991-09-07,0.235156,0.0
1991-09-08,0.235156,0.0
1991-09-09,0.247179,0.051127761996291765
1991-09-10,0.24759,0.001662762613328761
1991-09-11,0.258487,0.04401227836342336
1991-09-12,0.27383,0.05935695025281729
1991-09-13,0.269509,-0.01577986341890958
1991-09-14,0.269509,0.0
1991-09-15,0.269509,0.0
1991-09-16,0.261228,-0.03072624661885126
1991-09-17,0.266143,0.01881498154868555
1991-09-18,0.266222,0.0002968329056183272
1991-09-19,0.273138,0.025978318846676673
1991-09-20,0.27165,-0.0054477956197965804
1991-09-21,0.27165,0.0
1991-09-22,0.27165,0.0
1991-09-23,0.267437,-0.015508926928032518
1991-09-24,0.25245,-0.056039366280656644
1991-09-25,0.258005,0.02200435729847494
1991-09-26,0.239162,-0.07303346834363666
1991-09-27,0.241343,0.009119341701440797
1991-09-28,0.241343,0.0
1991-09-29,0.241343,0.0
1991-09-30,0.244738,0.0140671160961785
1991-10-01,0.269922,0.10290187874379941
1991-10-02,0.250222,-0.07298404724327767
1991-10-03,0.253067,0.011369903525669134
1991-10-04,0.268558,0.061213038444364765
1991-10-05,0.268558,0.0
1991-10-06,0.268558,0.0
1991-10-07,0.271268,0.01009093007841888
1991-10-08,0.267144,-0.015202677794653341
1991-10-09,0.257817,-0.03491375437966027
1991-10-10,0.24102,-0.06515086282130356
1991-10-11,0.262644,0.08971869554393819
1991-10-12,0.262644,0.0
1991-10-13,0.262644,0.0
1991-10-14,0.253594,-0.03445728819238214
1991-10-15,0.27898,0.10010489207157902
1991-10-16,0.275433,-0.012714173059000689
1991-10-17,0.291047,0.0566889225328846
1991-10-18,0.284295,-0.023199002223008636
1991-10-19,0.284295,0.0
1991-10-20,0.284295,0.0
1991-10-21,0.285074,0.002740111503895415
1991-10-22,0.300381,0.05369483011428611
1991-10-23,0.325874,0.08486888318502173
1991-10-24,0.334372,0.026077563720947383
1991-10-25,0.314666,-0.0589343605325805
1991-10-26,0.314666,0.0
1991-10-27,0.314666,0.0
1991-10-28,0.290926,-0.07544507509549803
1991-10-29,0.312232,0.07323511820875406
1991-10-30,0.309421,-0.009002920904968126
1991-10-31,0.320929,0.03719204578874735
1991-11-01,0.311609,-0.029040691243234495
1991-11-02,0.311609,0.0
1991-11-03,0.311609,0.0
1991-11-04,0.301547,-0.03229046657830814
1991-11-05,0.299841,-0.005657492861809277
1991-11-06,0.300852,0.003371787047135033
1991-11-07,0.311515,0.03544267613311525
1991-11-08,0.313093,0.005065566666131671
1991-11-09,0.313093,0.0
1991-11-10,0.313093,0.0
1991-11-11,0.319897,0.021731562187592646
1991-11-12,0.338268,0.05742785959230634
1991-11-13,0.337847,-0.0012445753071529397
1991-11-14,0.350378,0.037090754098748846
1991-11-15,0.350378,0.0
1991-11-16,0.350378,0.0
1991-11-17,0.350378,0.0
1991-11-18,0.338739,-0.03321840983166757
1991-11-19,0.329724,-0.026613410324763276
1991-11-20,0.3229,-0.02069609734201938
1991-11-21,0.30894,-0.0432331991328585
1991-11-22,0.306281,-0.008606849226386881
1991-11-23,0.306281,0.0
1991-11-24,0.306281,0.0
1991-11-25,0.313319,0.02297889846252299
1991-11-26,0.302198,-0.03549417686128198
1991-11-27,0.309684,0.024771838331160367
1991-11-28,0.32351,0.04464550961625391
1991-11-29,0.323081,-0.0013260795647739299
1991-11-30,0.323081,0.0
1991-12-01,0.323081,0.0
1991-12-02,0.311773,-0.03500051070784105
1991-12-03,0.331233,0.06241720739127499
1991-12-04,0.358206,0.08143210368532139
1991-12-05,0.366702,0.02371819567511424
1991-12-06,0.376288,0.026141117310513717
1991-12-07,0.376288,0.0
1991-12-08,0.376288,0.0
1991-12-09,0.405756,0.07831235649289914
1991-12-10,0.401724,-0.009937006476798849
1991-12-11,0.391657,-0.02505949358265891
1991-12-12,0.436177,0.11367089060070423
1991-12-13,0.434709,-0.003365606164469903
1991-12-14,0.434709,0.0
1991-12-15,0.434709,0.0
1991-12-16,0.433963,-0.001716090534127468
1991-12-17,0.469072,0.08090321064238193
1991-12-18,0.470048,0.0020807040283794542
1991-12-19,0.486922,0.03589846143372588
1991-12-20,0.51328,0.05413187327744473
1991-12-21,0.51328,0.0
1991-12-22,0.51328,0.0
1991-12-23,0.536508,0.045254052369077424
1991-12-24,0.536508,0.0
1991-12-25,0.536508,0.0
1991-12-26,0.526769,-0.01815257181626362
1991-12-27,0.575432,0.09238015145158496
1991-12-28,0.575432,0.0
1991-12-29,0.575432,0.0
1991-12-30,0.607768,0.056194302715177225
1991-12-31,0.607768,0.0
1992-01-01,0.607768,0.0
1992-01-02,0.67597,0.11221716181174402
1992-01-03,0.709245,0.04922555734721956
1992-01-04,0.709245,0.0
1992-01-05,0.709245,0.0
1992-01-06,0.793806,0.11922678341052806
1992-01-07,0.752892,-0.051541560532422315
1992-01-08,0.707613,-0.060140099775266465
1992-01-09,0.730089,0.03176312475887233
1992-01-10,0.789991,0.08204753119140262
1992-01-11,0.789991,0.0
1992-01-12,0.789991,0.0
1992-01-13,0.824624,0.043839739946404555
1992-01-14,0.812912,-0.014202836686780906
1992-01-15,0.760815,-0.06408688763359371
1992-01-16,0.831836,0.09334858014103298
1992-01-17,0.81794,-0.016705215931986594
1992-01-18,0.81794,0.0
1992-01-19,0.81794,0.0
1992-01-20,0.899198,0.09934469520991773
1992-01-21,0.90361,0.004906594543137244
1992-01-22,0.9204,0.01858102499972336
1992-01-23,1.00821,0.09540417209908747
1992-01-24,1.07435,0.06560141240416173
1992-01-25,1.07435,0.0
1992-01-26,1.07435,0.0
1992-01-27,1.14338,0.06425280402103617
1992-01-28,1.21335,0.06119575294302848
1992-01-29,1.1844,-0.023859562368648835
1992-01-30,1.09948,-0.07169875042215457
1992-01-31,1.12075,0.01934550878597152
1992-02-01,1.12075,0.0
1992-02-02,1.12075,0.0
1992-02-03,1.05038,-0.06278831139861685
1992-02-04,1.07388,0.022372855537995617
1992-02-05,1.01344,-0.056281893693895135
1992-02-06,0.97879,-0.03419047994947888
1992-02-07,1.0744,0.09768183164928113
1992-02-08,1.0744,0.0
1992-02-09,1.0744,0.0
1992-02-10,1.05549,-0.017600521221146637
1992-02-11,1.1201,0.061213275350785024
1992-02-12,1.11597,-0.0036871707883225913
1992-02-13,1.04236,-0.06596055449519245
1992-02-14,1.0907,0.04637553244560433
1992-02-15,1.0907,0.0
1992-02-16,1.0907,0.0
1992-02-17,1.07752,-0.012083982763362977
1992-02-18,1.15437,0.0713211819734203
1992-02-19,1.25758,0.08940807540043494
1992-02-20,1.31487,0.04555574993240996
1992-02-21,1.38225,0.05124460973328171
1992-02-22,1.38225,0.0
1992-02-23,1.38225,0.0
1992-02-24,1.36265,-0.014179779345270482
1992-02-25,1.37672,0.010325468755733258
1992-02-26,1.36563,-0.008055377999883762
1992-02-27,1.41654,0.037279497374838044
1992-02-28,1.44987,0.02352916260748028
1992-02-29,1.44987,0.0
1992-03-01,1.44987,0.0
1992-03-02,1.44987,0.0
1992-03-03,1.44987,0.0
1992-03-04,1.44987,0.0
1992-03-05,1.51481,0.04479022257167875
1992-03-06,1.5343,0.01286630006403433
1992-03-07,1.5343,0.0
1992-03-08,1.5343,0.0
1992-03-09,1.47424,-0.03914488691911622
1992-03-10,1.46077,-0.009136911222053512
1992-03-11,1.51322,0.03590572095538658
1992-03-12,1.54247,0.019329641426891087
1992-03-13,1.59164,0.03187744332142595
1992-03-14,1.59164,0.0
1992-03-15,1.59164,0.0
1992-03-16,1.54913,-0.026708300872056556
1992-03-17,1.53868,-0.0067457217922316515
1992-03-18,1.58709,0.03146203239140033
1992-03-19,1.62085,0.021271635509013453
1992-03-20,1.66324,0.026152944442730863
1992-03-21,1.66324,0.0
1992-03-22,1.66324,0.0
1992-03-23,1.63748,-0.015487843005218771
1992-03-24,1.63751,1.832083445285626e-05
1992-03-25,1.53569,-0.06217977294795152
1992-03-26,1.543,0.004760075275608955
1992-03-27,1.59744,0.035281918340894336
1992-03-28,1.59744,0.0
1992-03-29,1.59744,0.0
1992-03-30,1.64002,0.026655148237179516
1992-03-31,1.7555,0.07041377544176286
1992-04-01,1.75863,0.0017829678154370754
1992-04-02,1.82192,0.035988240846568154
1992-04-03,1.89915,0.04238934750153689
1992-04-04,1.89915,0.0
1992-04-05,1.89915,0.0
1992-04-06,2.01138,0.05909485822604843
1992-04-07,2.06483,0.026573795105847786
1992-04-08,1.96009,-0.05072572560452926
1992-04-09,2.0269,0.034085169558540684
1992-04-10,2.12598,0.048882529971878474
1992-04-11,2.12598,0.0
1992-04-12,2.12598,0.0
1992-04-13,2.20326,0.036350294922812054
1992-04-14,2.23987,0.016616286775051226
1992-04-15,2.36758,0.05701670186216168
1992-04-16,2.36758,0.0
1992-04-17,2.36758,0.0
1992-04-18,2.36758,0.0
1992-04-19,2.36758,0.0
1992-04-20,2.38286,0.0064538473884727665
1992-04-21,2.38286,0.0
1992-04-22,2.47212,0.03745918769881573
1992-04-23,2.3654,-0.043169425432422304
1992-04-24,2.28103,-0.0356683858966772
1992-04-25,2.28103,0.0
1992-04-26,2.28103,0.0
1992-04-27,2.21261,-0.02999522145697331
1992-04-28,2.3473,0.06087380966370026
1992-04-29,2.2243,-0.05240063051165178
1992-04-30,2.25757,0.0149575147237333
1992-05-01,2.25757,0.0
1992-05-02,2.25757,0.0
1992-05-03,2.25757,0.0
1992-05-04,2.22993,-0.012243252700912866
1992-05-05,2.29694,0.03005027063629817
1992-05-06,2.37409,0.0335881651240344
1992-05-07,2.41363,0.016654802471683938
1992-05-08,2.51261,0.0410087710212419
1992-05-09,2.51261,0.0
1992-05-10,2.51261,0.0
1992-05-11,2.61964,0.042597140025710356
1992-05-12,2.68448,0.024751492571498446
1992-05-13,2.67337,-0.004138604124448886
1992-05-14,2.69759,0.00905972611348238
1992-05-15,2.72867,0.01152139502296512
1992-05-16,2.72867,0.0
1992-05-17,2.72867,0.0
1992-05-18,2.60432,-0.04557165212356207
1992-05-19,2.696,0.035203047244578345
1992-05-20,2.71834,0.008286350148367871
1992-05-21,2.59211,-0.04643642811421678
1992-05-22,2.55209,-0.015439159603566122
1992-05-23,2.55209,0.0
1992-05-24,2.55209,0.0
1992-05-25,2.36308,-0.07406086775936593
1992-05-26,2.3623,-0.00033007769521142816
1992-05-27,2.53889,0.07475341827879611
1992-05-28,2.49503,-0.017275265962684472
1992-05-29,2.59128,0.03857669046063572
1992-05-30,2.59128,0.0
1992-05-31,2.59128,0.0
1992-06-01,2.74941,0.0610238955265352
1992-06-02,2.73259,-0.006117676155975249
1992-06-03,2.70638,-0.00959163284649367
1992-06-04,2.62473,-0.03016945144436467
1992-06-05,2.56691,-0.02202893249972382
1992-06-06,2.56691,0.0
1992-06-07,2.56691,0.0
1992-06-08,2.472,-0.03697441671114299
1992-06-09,2.53256,0.0244983818770228
1992-06-10,2.54283,0.004055185267081374
1992-06-11,2.65013,0.04219707963174879
1992-06-12,2.50948,-0.05307286812345058
1992-06-13,2.50948,0.0
1992-06-14,2.50948,0.0
1992-06-15,2.36175,-0.05886876962557985
1992-06-16,2.18656,-0.07417804594051014
1992-06-17,1.99282,-0.08860493194789987
1992-06-18,1.99282,0.0
1992-06-19,2.20491,0.1064270731927619
1992-06-20,2.20491,0.0
1992-06-21,2.20491,0.0
1992-06-22,2.05733,-0.06693243715162978
1992-06-23,2.05613,-0.0005832802710308282
1992-06-24,1.97851,-0.037750531337999105
1992-06-25,2.10039,0.06160191255035352
1992-06-26,2.21591,0.05499930965201694
1992-06-27,2.21591,0.0
1992-06-28,2.21591,0.0
1992-06-29,1.88819,-0.14789409317165414
1992-06-30,2.00694,0.06289091669800184
1992-07-01,2.02233,0.0076683906843253435
1992-07-02,2.1633,0.06970672442183012
1992-07-03,2.02843,-0.06234456617205186
1992-07-04,2.02843,0.0
1992-07-05,2.02843,0.0
1992-07-06,2.1378,0.053918547842419784
1992-07-07,2.26129,0.057764992047899755
1992-07-08,2.40815,0.064945230377351
1992-07-09,2.37904,-0.012088117434545298
1992-07-10,2.59576,0.0910955679601857
1992-07-11,2.59576,0.0
1992-07-12,2.59576,0.0
1992-07-13,2.77983,0.07091179461891706
1992-07-14,2.9637,0.0661443325670994
1992-07-15,2.92799,-0.012049127779464874
1992-07-16,3.04592,0.04027677690156062
1992-07-17,2.9098,-0.044689289278772915
1992-07-18,2.9098,0.0
1992-07-19,2.9098,0.0
1992-07-20,2.7106,-0.06845831328613661
1992-07-21,2.60338,-0.03955581790009588
1992-07-22,2.46419,-0.05346511074065263
1992-07-23,2.52276,0.023768459412626397
1992-07-24,2.6746,0.06018804801090871
1992-07-25,2.6746,0.0
1992-07-26,2.6746,0.0
1992-07-27,2.76556,0.03400882374934566
1992-07-28,2.84022,0.02699634070495671
1992-07-29,2.57704,-0.09266183605495337
1992-07-30,2.67701,0.038792568217800305
1992-07-31,2.68008,0.0011468018423539394
1992-08-01,2.68008,0.0
1992-08-02,2.68008,0.0
1992-08-03,2.48402,-0.0731545327005163
1992-08-04,2.51992,0.014452379610470079
1992-08-05,2.50287,-0.006766087812311472
1992-08-06,2.66584,0.06511324998901258
1992-08-07,2.86893,0.07618236653362542
1992-08-08,2.86893,0.0
1992-08-09,2.86893,0.0
1992-08-10,2.90828,0.013715914992697531
1992-08-11,3.02849,0.04133370927145941
1992-08-12,2.96102,-0.022278429184180992
1992-08-13,2.76112,-0.06751052002350544
1992-08-14,2.76426,0.0011372196789709577
1992-08-15,2.76426,0.0
1992-08-16,2.76426,0.0
1992-08-17,2.74847,-0.005712197839566446
1992-08-18,2.73932,-0.0033291249313254223
1992-08-19,2.92144,0.06648365287735647
1992-08-20,2.80525,-0.0397714825565475
1992-08-21,2.74736,-0.020636306924516568
1992-08-22,2.74736,0.0
1992-08-23,2.74736,0.0
1992-08-24,2.82127,0.02690218973851266
1992-08-25,2.96749,0.051827722975823054
1992-08-26,3.1366,0.056987555139191626
1992-08-27,3.32352,0.05959319007842878
1992-08-28,3.50163,0.0535907712305026
1992-08-29,3.50163,0.0
1992-08-30,3.50163,0.0
1992-08-31,3.26713,-0.06696881166770907
1992-09-01,3.427,0.04893285544193238
1992-09-02,3.28246,-0.042176831047563534
1992-09-03,3.0779,-0.06231911432279447
1992-09-04,3.14301,0.021154033594333654
1992-09-05,3.14301,0.0
1992-09-06,3.14301,0.0
1992-09-07,3.14301,0.0
1992-09-08,3.37893,0.07506180381226923
1992-09-09,3.40735,0.008410946660629248
1992-09-10,3.40589,-0.0004284854799184723
1992-09-11,3.43831,0.009518804189213359
1992-09-12,3.43831,0.0
1992-09-13,3.43831,0.0
1992-09-14,3.57564,0.03994113387100051
1992-09-15,3.5009,-0.020902551711022288
1992-09-16,3.57665,0.021637293267445346
1992-09-17,3.60587,0.008169655962982025
1992-09-18,3.60069,-0.00143654651997982
1992-09-19,3.60069,0.0
1992-09-20,3.60069,0.0
1992-09-21,3.78758,0.05190394063360082
1992-09-22,3.77349,-0.0037200534378152295
1992-09-23,3.75088,-0.0059918006937873525
1992-09-24,4.20071,0.1199265239090559
1992-09-25,4.37708,0.041985759550171364
1992-09-26,4.37708,0.0
1992-09-27,4.37708,0.0
1992-09-28,4.20653,-0.0389643323859743
1992-09-29,4.53162,0.07728222549227048
1992-09-30,4.4494,-0.01814362192769925
1992-10-01,4.66284,0.047970512878140914
1992-10-02,4.2917,-0.0795952681198584
1992-10-03,4.2917,0.0
1992-10-04,4.2917,0.0
1992-10-05,4.07211,-0.051166204534333515
1992-10-06,3.95997,-0.027538548811304242
1992-10-07,3.82914,-0.03303812907673542
1992-10-08,3.87583,0.012193338451976121
1992-10-09,3.97576,0.025782864573523634
1992-10-10,3.97576,0.0
1992-10-11,3.97576,0.0
1992-10-12,3.97576,0.0
1992-10-13,3.82227,-0.03860645511801519
1992-10-14,3.84366,0.005596150978345316
1992-10-15,3.68813,-0.0404640368815139
1992-10-16,3.69078,0.0007185213102574028
1992-10-17,3.69078,0.0
1992-10-18,3.69078,0.0
1992-10-19,3.96424,0.07409273920417903
1992-10-20,3.8378,-0.03189514257461712
1992-10-21,3.79405,-0.011399760279326765
1992-10-22,3.91943,0.03304648067368654
1992-10-23,4.22617,0.07826137984349746
1992-10-24,4.22617,0.0
1992-10-25,4.22617,0.0
1992-10-26,4.4536,0.05381468327114147
1992-10-27,4.32602,-0.028646488234237433
1992-10-28,4.34534,0.004465998770232238
1992-10-29,4.50726,0.03726290693018264
1992-10-30,4.61735,0.024425038715317093
1992-10-31,4.61735,0.0
1992-11-01,4.61735,0.0
1992-11-02,4.61735,0.0
1992-11-03,4.45102,-0.03602282694619219
1992-11-04,4.4627,0.0026241176179842007
1992-11-05,4.31339,-0.03345732404149948
1992-11-06,4.30439,-0.0020865259111743084
1992-11-07,4.30439,0.0
1992-11-08,4.30439,0.0
1992-11-09,4.01972,-0.06613480655795578
1992-11-10,4.09629,0.0190485904490858
1992-11-11,4.1326,0.008864118507234675
1992-11-12,4.14128,0.002100372646759885
1992-11-13,3.8955,-0.059348800370899735
1992-11-14,3.8955,0.0
1992-11-15,3.8955,0.0
1992-11-16,3.81843,-0.019784366576819368
1992-11-17,4.07522,0.06725015254960809
1992-11-18,4.01695,-0.014298614553324818
1992-11-19,3.86782,-0.03712518204110071
1992-11-20,4.06121,0.049999741456427715
1992-11-21,4.06121,0.0
1992-11-22,4.06121,0.0
1992-11-23,4.02839,-0.008081335365568432
1992-11-24,4.18174,0.03806731721605883
1992-11-25,4.45994,0.06652733072835715
1992-11-26,4.52273,0.014078664735400093
1992-11-27,4.50835,-0.003179495570153401
1992-11-28,4.50835,0.0
1992-11-29,4.50835,0.0
1992-11-30,4.57433,0.014635066044118128
1992-12-01,4.77044,0.04287185227126167
1992-12-02,4.63233,-0.028951207855040684
1992-12-03,4.46108,-0.036968437050037384
1992-12-04,4.5787,0.02636581276282879
1992-12-05,4.5787,0.0
1992-12-06,4.5787,0.0
1992-12-07,4.77182,0.0421779107606961
1992-12-08,4.66242,-0.022926262935316077
1992-12-09,4.67466,0.0026252461168234653
1992-12-10,4.80143,0.027118549798273994
1992-12-11,4.93797,0.028437361369425318
1992-12-12,4.93797,0.0
1992-12-13,4.93797,0.0
1992-12-14,5.21693,0.056492850300831954
1992-12-15,4.99072,-0.04336075047968824
1992-12-16,5.00922,0.0037068799692230314
1992-12-17,5.0862,0.015367662031214424
1992-12-18,5.13786,0.010156895127993337
1992-12-19,5.13786,0.0
1992-12-20,5.13786,0.0
1992-12-21,5.17082,0.006415122249341154
1992-12-22,5.25356,0.016001330543318204
1992-12-23,5.95565,0.13364080737633155
1992-12-24,5.95565,0.0
1992-12-25,5.95565,0.0
1992-12-26,5.95565,0.0
1992-12-27,5.95565,0.0
1992-12-28,6.73512,0.13087908120860026
1992-12-29,6.63484,-0.014889118530924561
1992-12-30,6.7805,0.021953807476894793
1992-12-31,6.7805,0.0
1993-01-01,6.7805,0.0
1993-01-02,6.7805,0.0
1993-01-03,6.7805,0.0
1993-01-04,7.14724,0.054087456677236245
1993-01-05,7.72385,0.08067589726943547
1993-01-06,7.55752,-0.02153459738342922
1993-01-07,7.97757,0.055580402036646825
1993-01-08,8.43802,0.05771807705855281
1993-01-09,8.43802,0.0
1993-01-10,8.43802,0.0
1993-01-11,8.60745,0.020079355109374086
1993-01-12,8.78842,0.021024809903049224
1993-01-13,8.32521,-0.0527068574328492
1993-01-14,8.8683,0.0652343904838435
1993-01-15,8.89975,0.0035463392081909184
1993-01-16,8.89975,0.0
1993-01-17,8.89975,0.0
1993-01-18,8.78334,-0.01308014270063751
1993-01-19,8.60732,-0.02004021249319743
1993-01-20,8.58245,-0.0028894011144002807
1993-01-21,8.5857,0.0003786797476243997
1993-01-22,9.38663,0.09328651129203225
1993-01-23,9.38663,0.0
1993-01-24,9.38663,0.0
1993-01-25,9.38663,0.0
1993-01-26,9.4173,0.0032674133315149234
1993-01-27,9.4447,0.0029095388274771317
1993-01-28,9.3358,-0.011530276239583914
1993-01-29,9.2856,-0.005377150324557101
1993-01-30,9.2856,0.0
1993-01-31,9.2856,0.0
1993-02-01,8.8306,-0.04900060308434562
1993-02-02,9.0276,0.02230878988970164
1993-02-03,9.135,0.011896849661039433
1993-02-04,9.616,0.052654625068418115
1993-02-05,9.5728,-0.004492512479201238
1993-02-06,9.5728,0.0
1993-02-07,9.5728,0.0
1993-02-08,9.8717,0.031223884338960284
1993-02-09,10.2991,0.04329548102150582
1993-02-10,10.4648,0.016088784456894434
1993-02-11,11.0747,0.05828109471752918
1993-02-12,10.6106,-0.04190632703368946
1993-02-13,10.6106,0.0
1993-02-14,10.6106,0.0
1993-02-15,11.3572,0.07036359866548558
1993-02-16,11.4064,0.004332053675201619
1993-02-17,12.0845,0.059449081217562094
1993-02-18,12.3287,0.020207704083743616
1993-02-19,13.4636,0.09205350118017308
1993-02-20,13.4636,0.0
1993-02-21,13.4636,0.0
1993-02-22,13.4636,0.0
1993-02-23,13.4636,0.0
1993-02-24,13.4636,0.0
1993-02-25,14.2898,0.06136545946106531
1993-02-26,14.044,-0.01720108049097957
1993-02-27,14.044,0.0
1993-02-28,14.044,0.0
1993-03-01,13.2678,-0.055269154087154715
1993-03-02,13.1188,-0.011230196415381588
1993-03-03,13.8143,0.05301551971216867
1993-03-04,14.3922,0.0418334624266159
1993-03-05,13.8506,-0.037631494837481516
1993-03-06,13.8506,0.0
1993-03-07,13.8506,0.0
1993-03-08,14.9741,0.08111561953994761
1993-03-09,15.4492,0.03172811721572577
1993-03-10,15.0191,-0.027839629236465324
1993-03-11,15.1188,0.006638214007497201
1993-03-12,15.6247,0.03346165039553406
1993-03-13,15.6247,0.0
1993-03-14,15.6247,0.0
1993-03-15,16.6889,0.068110107714068
1993-03-16,17.4052,0.04292074372786714
1993-03-17,17.1086,-0.01704088433341766
1993-03-18,18.224,0.06519528190500701
1993-03-19,18.3244,0.0055092186128182785
1993-03-20,18.3244,0.0
1993-03-21,18.3244,0.0
1993-03-22,18.6664,0.01866363973718088
1993-03-23,18.3096,-0.01911455877941115
1993-03-24,18.8483,0.02942172412286448
1993-03-25,18.074,-0.0410806279611422
1993-03-26,18.1123,0.0021190660617460555
1993-03-27,18.1123,0.0
1993-03-28,18.1123,0.0
1993-03-29,18.7898,0.03740552000574193
1993-03-30,18.7878,-0.00010644072848031705
1993-03-31,19.1765,0.02068895772788726
1993-04-01,18.9483,-0.01189998174849427
1993-04-02,19.1319,0.009689523598423122
1993-04-03,19.1319,0.0
1993-04-04,19.1319,0.0
1993-04-05,18.2848,-0.04427683606960109
1993-04-06,18.0293,-0.013973354917745984
1993-04-07,18.7238,0.038520630307333104
1993-04-08,18.7238,0.0
1993-04-09,18.7238,0.0
1993-04-10,18.7238,0.0
1993-04-11,18.7238,0.0
1993-04-12,19.1552,0.02304019483224562
1993-04-13,19.7473,0.03091066655529562
1993-04-14,21.5553,0.09155682042608349
1993-04-15,21.2419,-0.014539347631440935
1993-04-16,21.5826,0.016039054886803905
1993-04-17,21.5826,0.0
1993-04-18,21.5826,0.0
1993-04-19,21.8471,0.012255242649171105
1993-04-20,23.2917,0.06612319255187171
1993-04-21,23.2917,0.0
1993-04-22,23.5913,0.012862951180034221
1993-04-23,23.3387,-0.01070733702678539
1993-04-24,23.3387,0.0
1993-04-25,23.3387,0.0
1993-04-26,24.8219,0.06355109753328159
1993-04-27,24.5481,-0.011030581865207667
1993-04-28,24.3115,-0.009638220473275005
1993-04-29,23.6699,-0.02639080270653804
1993-04-30,24.0841,0.01749901773982998
1993-05-01,24.0841,0.0
1993-05-02,24.0841,0.0
1993-05-03,24.0549,-0.001212418151394501
1993-05-04,24.9229,0.03608412423248475
1993-05-05,24.6152,-0.012346075296213455
1993-05-06,25.5539,0.03813497351230133
1993-05-07,25.8482,0.011516833047010344
1993-05-08,25.8482,0.0
1993-05-09,25.8482,0.0
1993-05-10,25.2423,-0.023440703801425156
1993-05-11,26.2839,0.04126406864667631
1993-05-12,26.6893,0.015423890670714702
1993-05-13,27.4138,0.027145710078570806
1993-05-14,27.8487,0.015864272738547847
1993-05-15,27.8487,0.0
1993-05-16,27.8487,0.0
1993-05-17,29.269,0.0510005853055977
1993-05-18,29.4821,0.007280740715432721
1993-05-19,29.8763,0.013370825009073384
1993-05-20,32.0119,0.07148140834039007
1993-05-21,33.1686,0.03613343787778933
1993-05-22,33.1686,0.0
1993-05-23,33.1686,0.0
1993-05-24,33.7519,0.017585909565070557
1993-05-25,34.4363,0.020277376977296147
1993-05-26,35.0036,0.016473895279109474
1993-05-27,34.574,-0.012273023346170087
1993-05-28,34.8932,0.009232371145947882
1993-05-29,34.8932,0.0
1993-05-30,34.8932,0.0
1993-05-31,35.406,0.014696273199362508
1993-06-01,37.174,0.04993503925888265
1993-06-02,39.2522,0.05590466455049237
1993-06-03,40.7646,0.03853032441493731
1993-06-04,41.1712,0.009974340481692323
1993-06-05,41.1712,0.0
1993-06-06,41.1712,0.0
1993-06-07,42.1953,0.024874183895538637
1993-06-08,42.2016,0.00014930572836302503
1993-06-09,41.4617,-0.01753251061571126
1993-06-10,41.4617,0.0
1993-06-11,44.8519,0.08176702836593774
1993-06-12,44.8519,0.0
1993-06-13,44.8519,0.0
1993-06-14,45.1633,0.00694284968975678
1993-06-15,45.8935,0.016167994809945352
1993-06-16,49.3733,0.07582337368036862
1993-06-17,47.0677,-0.04669730400844174
1993-06-18,47.3792,0.006618126655859369
1993-06-19,47.3792,0.0
1993-06-20,47.3792,0.0
1993-06-21,47.9319,0.011665456571660071
1993-06-22,49.4751,0.03219567761761999
1993-06-23,48.1289,-0.027209646872871307
1993-06-24,48.7301,0.012491455237913174
1993-06-25,52.2317,0.07185702471367783
1993-06-26,52.2317,0.0
1993-06-27,52.2317,0.0
1993-06-28,53.5728,0.02567597838094504
1993-06-29,52.8638,-0.013234327867873263
1993-06-30,53.7459,0.01668627680946133
1993-07-01,52.2654,-0.027546287251678736
1993-07-02,52.3299,0.0012340860301460754
1993-07-03,52.3299,0.0
1993-07-04,52.3299,0.0
1993-07-05,54.8605,0.04835858658243186
1993-07-06,56.1032,0.022651999161509728
1993-07-07,57.5462,0.025720458013090086
1993-07-08,57.1016,-0.0077259662671036455
1993-07-09,58.7666,0.029158552474886745
1993-07-10,58.7666,0.0
1993-07-11,58.7666,0.0
1993-07-12,59.7157,0.016150330289654402
1993-07-13,60.4208,0.011807615082800593
1993-07-14,58.0241,-0.03966680348489271
1993-07-15,57.1044,-0.015850310474440743
1993-07-16,58.2699,0.020409985920524454
1993-07-17,58.2699,0.0
1993-07-18,58.2699,0.0
1993-07-19,59.1799,0.01561698235281006
1993-07-20,62.3368,0.05334412528578114
1993-07-21,62.2728,-0.0010266808690853058
1993-07-22,61.7424,-0.008517362315489163
1993-07-23,63.4896,0.028298219699914418
1993-07-24,63.4896,0.0
1993-07-25,63.4896,0.0
1993-07-26,61.7757,-0.02699497240492932
1993-07-27,62.1419,0.005927897215248112
1993-07-28,63.7886,0.02649902883561661
1993-07-29,66.1486,0.036997206397381355
1993-07-30,65.5753,-0.00866685009206547
1993-07-31,65.5753,0.0
1993-08-01,65.5753,0.0
1993-08-02,62.6772,-0.044194994151761424
1993-08-03,62.5635,-0.0018140567861998358
1993-08-04,61.8207,-0.011872737298904257
1993-08-05,62.7088,0.01436573833683541
1993-08-06,64.2137,0.023998226724160077
1993-08-07,64.2137,0.0
1993-08-08,64.2137,0.0
1993-08-09,64.2953,0.0012707568634107158
1993-08-10,67.4997,0.049838790704763936
1993-08-11,69.9441,0.03621349428219678
1993-08-12,73.9848,0.057770419520731586
1993-08-13,72.7406,-0.016816967809604177
1993-08-14,72.7406,0.0
1993-08-15,72.7406,0.0
1993-08-16,77.2783,0.062381943508851956
1993-08-17,80.2364,0.03827853355987387
1993-08-18,79.534,-0.008754131541295451
1993-08-19,85.1321,0.07038624990570064
1993-08-20,88.2769,0.036940237583708235
1993-08-21,88.2769,0.0
1993-08-22,88.2769,0.0
1993-08-23,89.9387,0.018824856785863542
1993-08-24,90.5617,0.006926940238184409
1993-08-25,91.5291,0.010682219967160567
1993-08-26,97.2996,0.06304552322703927
1993-08-27,97.298,-1.6444055268460822e-05
1993-08-28,97.298,0.0
1993-08-29,97.298,0.0
1993-08-30,99.842,0.026146477830993442
1993-08-31,96.428,-0.034194026561967905
1993-09-01,102.61,0.06411000954079737
1993-09-02,109.936,0.07139655004385537
1993-09-03,111.78,0.016773395430068394
1993-09-04,111.78,0.0
1993-09-05,111.78,0.0
1993-09-06,116.175,0.03931830381105739
1993-09-07,116.175,0.0
1993-09-08,117.507,0.01146546158812134
1993-09-09,118.241,0.006246436382513432
1993-09-10,123.055,0.04071345810674809
1993-09-11,123.055,0.0
1993-09-12,123.055,0.0
1993-09-13,123.224,0.0013733696314655042
1993-09-14,120.278,-0.02390768032201518
1993-09-15,124.012,0.031044746337651086
1993-09-16,127.763,0.03024707286391637
1993-09-17,138.911,0.08725530865743591
1993-09-18,138.911,0.0
1993-09-19,138.911,0.0
1993-09-20,138.045,-0.006234207514163814
1993-09-21,134.738,-0.023955956391031874
1993-09-22,136.151,0.010487019252178431
1993-09-23,143.044,0.05062761198962917
1993-09-24,142.69,-0.002474763009983061
1993-09-25,142.69,0.0
1993-09-26,142.69,0.0
1993-09-27,139.057,-0.02546078912327432
1993-09-28,143.878,0.03466923635631436
1993-09-29,147.415,0.024583327541389366
1993-09-30,146.605,-0.005494691856324008
1993-10-01,148.334,0.011793595034275794
1993-10-02,148.334,0.0
1993-10-03,148.334,0.0
1993-10-04,147.229,-0.007449404721776465
1993-10-05,153.43,0.04211806097983417
1993-10-06,157.836,0.02871667861565541
1993-10-07,166.974,0.05789553713981577
1993-10-08,172.905,0.03552050019763553
1993-10-09,172.905,0.0
1993-10-10,172.905,0.0
1993-10-11,180.649,0.04478760012723759
1993-10-12,180.649,0.0
1993-10-13,184.644,0.022114708633870217
1993-10-14,186.958,0.012532224171919903
1993-10-15,189.373,0.012917339723360177
1993-10-16,189.373,0.0
1993-10-17,189.373,0.0
1993-10-18,171.355,-0.09514555929303548
1993-10-19,176.651,0.030906597414724013
1993-10-20,166.036,-0.06009023441701433
1993-10-21,150.323,-0.09463610301380421
1993-10-22,166.845,0.1099099938133219
1993-10-23,166.845,0.0
1993-10-24,166.845,0.0
1993-10-25,156.076,-0.0645449369174983
1993-10-26,164.296,0.052666649580973335
1993-10-27,179.82,0.09448799727321422
1993-10-28,177.502,-0.012890668446223885
1993-10-29,184.357,0.03861928316300656
1993-10-30,184.357,0.0
1993-10-31,184.357,0.0
1993-11-01,203.558,0.10415118492924047
1993-11-02,203.558,0.0
1993-11-03,201.445,-0.01038033386061954
1993-11-04,198.086,-0.016674526545707113
1993-11-05,201.461,0.017038054178488027
1993-11-06,201.461,0.0
1993-11-07,201.461,0.0
1993-11-08,212.897,0.056765329269684806
1993-11-09,213.435,0.0025270435938506974
1993-11-10,228.285,0.06957621758380772
1993-11-11,232.769,0.019642114024136514
1993-11-12,235.885,0.013386662313280562
1993-11-13,235.885,0.0
1993-11-14,235.885,0.0
1993-11-15,235.885,0.0
1993-11-16,239.334,0.014621531678572275
1993-11-17,250.492,0.04662104005281309
1993-11-18,251.262,0.0030739504654839767
1993-11-19,249.797,-0.005830567296288391
1993-11-20,249.797,0.0
1993-11-21,249.797,0.0
1993-11-22,247.388,-0.009643830790601937
1993-11-23,258.385,0.04445243908354479
1993-11-24,270.128,0.04544768465661697
1993-11-25,276.367,0.023096457975478435
1993-11-26,282.193,0.021080664478754674
1993-11-27,282.193,0.0
1993-11-28,282.193,0.0
1993-11-29,276.454,-0.020337145145343682
1993-11-30,274.033,-0.00875733395067535
1993-12-01,266.976,-0.02575237288939658
1993-12-02,271.646,0.01749220903751647
1993-12-03,288.688,0.06273606090279249
1993-12-04,288.688,0.0
1993-12-05,288.688,0.0
1993-12-06,296.153,0.025858366125367294
1993-12-07,292.961,-0.010778212613074989
1993-12-08,291.157,-0.006157816228098745
1993-12-09,284.69,-0.022211384235996334
1993-12-10,290.558,0.020611893638694756
1993-12-11,290.558,0.0
1993-12-12,290.558,0.0
1993-12-13,294.315,0.012930292747059147
1993-12-14,304.847,0.03578478840697885
1993-12-15,301.167,-0.012071629374735493
1993-12-16,304.303,0.010412827434612693
1993-12-17,309.42,0.0168154766794939
1993-12-18,309.42,0.0
1993-12-19,309.42,0.0
1993-12-20,309.987,0.0018324607329842646
1993-12-21,329.725,0.06367363792675174
1993-12-22,343.365,0.041367806505421045
1993-12-23,349.178,0.016929506501827563
1993-12-24,349.178,0.0
1993-12-25,349.178,0.0
1993-12-26,349.178,0.0
1993-12-27,359.291,0.028962305758094775
1993-12-28,360.442,0.0032035313993392656
1993-12-29,373.601,0.03650795412299335
1993-12-30,375.452,0.00495448352654293
1993-12-31,375.452,0.0
1994-01-01,375.452,0.0
1994-01-02,375.452,0.0
1994-01-03,380.09,0.012353110384283328
1994-01-04,400.549,0.053826725249283
1994-01-05,421.045,0.051169769491373085
1994-01-06,444.174,0.054932370649217965
1994-01-07,476.395,0.07254139143668925
1994-01-08,476.395,0.0
1994-01-09,476.395,0.0
1994-01-10,495.393,0.039878672110328583
1994-01-11,501.411,0.01214793103657108
1994-01-12,536.43,0.069840908954929
1994-01-13,561.652,0.04701825028428708
1994-01-14,551.061,-0.018856872226930554
1994-01-15,551.061,0.0
1994-01-16,551.061,0.0
1994-01-17,598.053,0.08527549581625249
1994-01-18,605.71,0.012803213093153909
1994-01-19,642.024,0.05995278268478299
1994-01-20,689.677,0.07422308200316508
1994-01-21,689.178,-0.0007235271003672716
1994-01-22,689.178,0.0
1994-01-23,689.178,0.0
1994-01-24,689.562,0.0005571855166590645
1994-01-25,689.562,0.0
1994-01-26,704.938,0.022298212488507163
1994-01-27,684.494,-0.02900113201444665
1994-01-28,689.217,0.006899987435974531
1994-01-29,689.217,0.0
1994-01-30,689.217,0.0
1994-01-31,740.556,0.0744888765076892
1994-02-01,826.862,0.11654216561610453
1994-02-02,823.057,-0.004601735235141957
1994-02-03,798.354,-0.030013717154461883
1994-02-04,821.282,0.028719089526701103
1994-02-05,821.282,0.0
1994-02-06,821.282,0.0
1994-02-07,848.729,0.033419702367761595
1994-02-08,887.987,0.046255047253010106
1994-02-09,904.668,0.018785184918247655
1994-02-10,1000.94,0.1064169396950041
1994-02-11,1035.44,0.034467600455571734
1994-02-12,1035.44,0.0
1994-02-13,1035.44,0.0
1994-02-14,1035.44,0.0
1994-02-15,1035.44,0.0
1994-02-16,1035.44,0.0
1994-02-17,1040.93,0.005302093795874319
1994-02-18,944.85,-0.0923020760281672
1994-02-19,944.85,0.0
1994-02-20,944.85,0.0
1994-02-21,928.56,-0.017240831878076013
1994-02-22,1053.68,0.13474627380029314
1994-02-23,1063.01,0.008854680737984788
1994-02-24,997.95,-0.06120356346600686
1994-02-25,1008.32,0.01039130216944728
1994-02-26,1008.32,0.0
1994-02-27,1008.32,0.0
1994-02-28,1053.85,0.04515431609012999
1994-03-01,1073.32,0.018475115054324753
1994-03-02,1021.48,-0.048298736630268624
1994-03-03,1045.79,0.023798801738653674
1994-03-04,1114.01,0.06523298176498149
1994-03-05,1114.01,0.0
1994-03-06,1114.01,0.0
1994-03-07,1193.94,0.07174980475938275
1994-03-08,1204.52,0.008861416821615675
1994-03-09,1260.24,0.04625909075814438
1994-03-10,1266.9,0.005284707674728661
1994-03-11,1268.74,0.0014523640382033687
1994-03-12,1268.74,0.0
1994-03-13,1268.74,0.0
1994-03-14,1329.65,0.048008260163626915
1994-03-15,1350.93,0.016004211634640608
1994-03-16,1408.4,0.04254106430384996
1994-03-17,1393.77,-0.0103876739562625
1994-03-18,1331.8,-0.044462142247286174
1994-03-19,1331.8,0.0
1994-03-20,1331.8,0.0
1994-03-21,1270.83,-0.04578014716924461
1994-03-22,1353.53,0.06507558052611295
1994-03-23,1415.72,0.04594652501237517
1994-03-24,1376.64,-0.027604328539541645
1994-03-25,1459.07,0.059877673175267265
1994-03-26,1459.07,0.0
1994-03-27,1459.07,0.0
1994-03-28,1469.26,0.006983900703873003
1994-03-29,1440.75,-0.01940432598723163
1994-03-30,1515.58,0.051938226618080785
1994-03-31,1515.58,0.0
1994-04-01,1515.58,0.0
1994-04-02,1515.58,0.0
1994-04-03,1515.58,0.0
1994-04-04,1355.02,-0.10593964026973168
1994-04-05,1427.98,0.05384422370149511
1994-04-06,1435.5,0.005266180198602255
1994-04-07,1474.89,0.02743991640543375
1994-04-08,1537.42,0.04239638210307217
1994-04-09,1537.42,0.0
1994-04-10,1537.42,0.0
1994-04-11,1659.58,0.07945779292581068
1994-04-12,1648.87,-0.006453440026994772
1994-04-13,1552.7,-0.05832479213036801
1994-04-14,1506.22,-0.0299349520190636
1994-04-15,1443.4,-0.04170705474631853
1994-04-16,1443.4,0.0
1994-04-17,1443.4,0.0
1994-04-18,1401.14,-0.029278093390605497
1994-04-19,1345.63,-0.03961773984041561
1994-04-20,1283.84,-0.04591901191263581
1994-04-21,1283.84,0.0
1994-04-22,1420.28,0.10627492522432713
1994-04-23,1420.28,0.0
1994-04-24,1420.28,0.0
1994-04-25,1551.6,0.09246064156363532
1994-04-26,1583.87,0.020797886053106396
1994-04-27,1605.18,0.013454387039340432
1994-04-28,1672.71,0.042070048218891376
1994-04-29,1708.42,0.021348590012614244
1994-04-30,1708.42,0.0
1994-05-01,1708.42,0.0
1994-05-02,1725.66,0.010091195373503004
1994-05-03,1648.35,-0.04480025033900081
1994-05-04,1573.83,-0.04520884520884516
1994-05-05,1447.88,-0.08002770311914231
1994-05-06,1510.33,0.043132027516092464
1994-05-07,1510.33,0.0
1994-05-08,1510.33,0.0
1994-05-09,1421.75,-0.058649434229605446
1994-05-10,1547.96,0.08877088095656771
1994-05-11,1546.05,-0.001233882012455112
1994-05-12,1637.8,0.059344781863458484
1994-05-13,1585.87,-0.0317071681523996
1994-05-14,1585.87,0.0
1994-05-15,1585.87,0.0
1994-05-16,1562.64,-0.014648111131429276
1994-05-17,1648.36,0.05485588491271165
1994-05-18,1790.94,0.08649809507631834
1994-05-19,2008.46,0.12145577182931877
1994-05-20,2031.74,0.011590970196070582
1994-05-21,2031.74,0.0
1994-05-22,2031.74,0.0
1994-05-23,2096.28,0.03176587555494326
1994-05-24,2127.76,0.015017077871276818
1994-05-25,2301.79,0.08179023950069553
1994-05-26,2342.11,0.017516802140942644
1994-05-27,2349.45,0.003133926245991736
1994-05-28,2349.45,0.0
1994-05-29,2349.45,0.0
1994-05-30,2428.44,0.03362063461661258
1994-05-31,2467.21,0.015964981634300157
1994-06-01,2526.45,0.02401092732276533
1994-06-02,2526.45,0.0
1994-06-03,2695.99,0.06710601832610985
1994-06-04,2695.99,0.0
1994-06-05,2695.99,0.0
1994-06-06,2908.69,0.0788949513907693
1994-06-07,2920.51,0.004063685026592712
1994-06-08,2821.81,-0.03379546723003868
1994-06-09,2932.42,0.039198245098004625
1994-06-10,3020.42,0.030009343818416134
1994-06-11,3020.42,0.0
1994-06-12,3020.42,0.0
1994-06-13,2946.94,-0.024327742499387517
1994-06-14,3017.32,0.023882400048864216
1994-06-15,3069.78,0.01738628982010537
1994-06-16,3033.88,-0.011694649127950596
1994-06-17,3237.63,0.06715822642952252
1994-06-18,3237.63,0.0
1994-06-19,3237.63,0.0
1994-06-20,3237.87,7.412829755093497e-05
1994-06-21,3127.62,-0.03405016260689897
1994-06-22,3198.58,0.022688178231370815
1994-06-23,3140.02,-0.018308124230127065
1994-06-24,3109.62,-0.009681466997025545
1994-06-25,3109.62,0.0
1994-06-26,3109.62,0.0
1994-06-27,3372.1,0.08440902746959433
1994-06-28,3563.59,0.05678657216571281
1994-06-29,3828.39,0.07430708919937468
1994-06-30,3623.15,-0.0536100031605975
1994-07-01,3623.15,0.0
1994-07-02,3623.15,0.0
1994-07-03,3623.15,0.0
1994-07-04,3580.89,-0.011663883637166639
1994-07-05,3564.31,-0.004630133849406137
1994-07-06,3753.52,0.05308460824114625
1994-07-07,3904.99,0.04035412093181856
1994-07-08,4051.91,0.037623655886442675
1994-07-09,4051.91,0.0
1994-07-10,4051.91,0.0
1994-07-11,4010.87,-0.010128556655996768
1994-07-12,3919.78,-0.022710783445985427
1994-07-13,3840.89,-0.020126129527677672
1994-07-14,4016.52,0.04572638112520799
1994-07-15,4079.9,0.01577982930497046
1994-07-16,4079.9,0.0
1994-07-17,4079.9,0.0
1994-07-18,4045.31,-0.008478148974239597
1994-07-19,3874.65,-0.04218712533773672
1994-07-20,4038.62,0.04231866104035187
1994-07-21,4018.47,-0.00498932803779506
1994-07-22,3986.64,-0.007920925128220402
1994-07-23,3986.64,0.0
1994-07-24,3986.64,0.0
1994-07-25,3993.93,0.0018286075492144338
1994-07-26,4077.2,0.020849138567776704
1994-07-27,4150.06,0.01787010693613289
1994-07-28,4255.39,0.025380355946660993
1994-07-29,4201.33,-0.012703888480256942
1994-07-30,4201.33,0.0
1994-07-31,4201.33,0.0
1994-08-01,4152.04,-0.01173199915264922
1994-08-02,4310.77,0.038229400487471255
1994-08-03,4392.16,0.018880617615878226
1994-08-04,4354.98,-0.008465083239226345
1994-08-05,4469.51,0.02629862823709872
1994-08-06,4469.51,0.0
1994-08-07,4469.51,0.0
1994-08-08,4580.91,0.024924432432190446
1994-08-09,4558.28,-0.004940066493338668
1994-08-10,4513.23,-0.009883113806084753
1994-08-11,4463.76,-0.010961107676763504
1994-08-12,4547.1,0.018670358621431182
1994-08-13,4547.1,0.0
1994-08-14,4547.1,0.0
1994-08-15,4651.0,0.02284972839831978
1994-08-16,4744.11,0.020019350677273673
1994-08-17,4968.94,0.047391396911117045
1994-08-18,5026.58,0.01160005957004917
1994-08-19,5138.28,0.02222186854680519
1994-08-20,5138.28,0.0
1994-08-21,5138.28,0.0
1994-08-22,5385.81,0.04817370793339415
1994-08-23,5303.95,-0.015199199377623929
1994-08-24,5207.71,-0.01814496742993421
1994-08-25,5354.63,0.028212016414124408
1994-08-26,5214.31,-0.026205358726933414
1994-08-27,5214.31,0.0
1994-08-28,5214.31,0.0
1994-08-29,5323.09,0.020861820643575113
1994-08-30,5379.67,0.010629164639335498
1994-08-31,5329.45,-0.009335145092542851
1994-09-01,5436.9,0.020161555132330644
1994-09-02,5367.48,-0.012768305468189634
1994-09-03,5367.48,0.0
1994-09-04,5367.48,0.0
1994-09-05,4804.03,-0.1049747740094048
1994-09-06,4988.69,0.03843856095819542
1994-09-07,4988.69,0.0
1994-09-08,5272.11,0.05681250989738795
1994-09-09,5351.12,0.014986409615884488
1994-09-10,5351.12,0.0
1994-09-11,5351.12,0.0
1994-09-12,5510.91,0.029861038436813203
1994-09-13,5510.97,1.0887494080069615e-05
1994-09-14,5476.41,-0.0062711283131645645
1994-09-15,5287.48,-0.03449887791454631
1994-09-16,5293.71,0.0011782550477732467
1994-09-17,5293.71,0.0
1994-09-18,5293.71,0.0
1994-09-19,5291.8,-0.0003608055598058879
1994-09-20,5177.39,-0.02162024263955553
1994-09-21,5343.55,0.032093390685268064
1994-09-22,5395.21,0.009667730254231621
1994-09-23,5453.24,0.010755837122187861
1994-09-24,5453.24,0.0
1994-09-25,5453.24,0.0
1994-09-26,5265.06,-0.034507925563518116
1994-09-27,5217.51,-0.009031236111269436
1994-09-28,5277.08,0.01141732358922165
1994-09-29,5442.63,0.0313715160657031
1994-09-30,5484.04,0.0076084540010987745
1994-10-01,5484.04,0.0
1994-10-02,5484.04,0.0
1994-10-03,5484.04,0.0
1994-10-04,5335.11,-0.027156986455241117
1994-10-05,5166.88,-0.031532620695730706
1994-10-06,4979.37,-0.03629075960734529
1994-10-07,4876.74,-0.020611041155808918
1994-10-08,4876.74,0.0
1994-10-09,4876.74,0.0
1994-10-10,5032.1,0.031857347326287755
1994-10-11,4925.98,-0.021088611116631406
1994-10-12,4925.98,0.0
1994-10-13,4944.58,0.0037758983999123252
1994-10-14,4833.79,-0.022406352005630348
1994-10-15,4833.79,0.0
1994-10-16,4833.79,0.0
1994-10-17,4784.37,-0.010223861607558504
1994-10-18,4909.57,0.02616854465687224
1994-10-19,4758.71,-0.030727741940740128
1994-10-20,4724.49,-0.007191024458309103
1994-10-21,4561.9,-0.03441429656957684
1994-10-22,4561.9,0.0
1994-10-23,4561.9,0.0
1994-10-24,4344.06,-0.047752033144084494
1994-10-25,4543.35,0.045876438170743494
1994-10-26,4663.73,0.026495867586692423
1994-10-27,4706.7,0.009213655164428625
1994-10-28,4927.59,0.046930970743833234
1994-10-29,4927.59,0.0
1994-10-30,4927.59,0.0
1994-10-31,4797.92,-0.026315095208814032
1994-11-01,4700.89,-0.020223346783606155
1994-11-02,4700.89,0.0
1994-11-03,4508.03,-0.0410262737481627
1994-11-04,4666.69,0.03519497430141327
1994-11-05,4666.69,0.0
1994-11-06,4666.69,0.0
1994-11-07,4808.76,0.03044341921147553
1994-11-08,4782.1,-0.00554404877764747
1994-11-09,4885.03,0.021524016645406707
1994-11-10,4992.58,0.02201624145604031
1994-11-11,4951.95,-0.008138076906128666
1994-11-12,4951.95,0.0
1994-11-13,4951.95,0.0
1994-11-14,4948.71,-0.000654287704843548
1994-11-15,4948.71,0.0
1994-11-16,4989.56,0.008254676471242117
1994-11-17,4873.72,-0.023216476001892028
1994-11-18,4712.48,-0.03308355834967969
1994-11-19,4712.48,0.0
1994-11-20,4712.48,0.0
1994-11-21,4483.49,-0.04859224866736833
1994-11-22,4494.83,0.0025292796459901457
1994-11-23,4393.0,-0.022654916871160835
1994-11-24,4573.38,0.04106077851126799
1994-11-25,4398.74,-0.03818619926618827
1994-11-26,4398.74,0.0
1994-11-27,4398.74,0.0
1994-11-28,4398.75,2.2733782856221296e-06
1994-11-29,4672.0,0.06211992043194092
1994-11-30,4656.03,-0.003418236301369948
1994-12-01,4652.31,-0.0007989639242014235
1994-12-02,4525.43,-0.027272473244474238
1994-12-03,4525.43,0.0
1994-12-04,4525.43,0.0
1994-12-05,4631.39,0.023414349575620497
1994-12-06,4573.01,-0.012605286965684193
1994-12-07,4597.15,0.005278798865517409
1994-12-08,4768.66,0.03730789728418693
1994-12-09,4731.33,-0.007828194922682719
1994-12-10,4731.33,0.0
1994-12-11,4731.33,0.0
1994-12-12,4813.16,0.017295348242460262
1994-12-13,4835.15,0.004568724081476683
1994-12-14,4976.88,0.02931243084495838
1994-12-15,4842.66,-0.02696870328398515
1994-12-16,4917.66,0.015487356122461549
1994-12-17,4917.66,0.0
1994-12-18,4917.66,0.0
1994-12-19,4922.93,0.0010716478975774102
1994-12-20,4799.06,-0.025161844673802003
1994-12-21,4495.24,-0.06330823119527584
1994-12-22,4221.22,-0.06095781315346893
1994-12-23,4351.4,0.030839425568911283
1994-12-24,4351.4,0.0
1994-12-25,4351.4,0.0
1994-12-26,4278.27,-0.016806085397802817
1994-12-27,4113.72,-0.03846180816077527
1994-12-28,4195.29,0.019828768122283513
1994-12-29,4353.92,0.037811450459920515
1994-12-30,4353.92,0.0
1994-12-31,4353.92,0.0
1995-01-01,4353.92,0.0
1995-01-02,4319.07,-0.008004281199470942
1995-01-03,4097.98,-0.05118926065101981
1995-01-04,3967.91,-0.031740028013801824
1995-01-05,4036.68,0.017331542298086422
1995-01-06,3827.38,-0.05184953972076056
1995-01-07,3827.38,0.0
1995-01-08,3827.38,0.0
1995-01-09,3627.81,-0.052142719040178975
1995-01-10,3270.04,-0.09861872589799359
1995-01-11,3499.13,0.0700572470061529
1995-01-12,3840.62,0.09759283021779686
1995-01-13,4103.84,0.06853580932245329
1995-01-14,4103.84,0.0
1995-01-15,4103.84,0.0
1995-01-16,4056.43,-0.011552594643066127
1995-01-17,4209.79,0.03780664278688417
1995-01-18,4078.52,-0.031182077965884236
1995-01-19,3809.36,-0.06599452742661549
1995-01-20,3862.31,0.013899972698826035
1995-01-21,3862.31,0.0
1995-01-22,3862.31,0.0
1995-01-23,3758.45,-0.02689064316432399
1995-01-24,3840.25,0.02176429113065237
1995-01-25,3840.25,0.0
1995-01-26,3926.89,0.022561031182865676
1995-01-27,3784.33,-0.036303537914227246
1995-01-28,3784.33,0.0
1995-01-29,3784.33,0.0
1995-01-30,3580.73,-0.05380080489809291
1995-01-31,3885.02,0.08497987840468291
1995-02-01,3989.82,0.02697540810600718
1995-02-02,3897.87,-0.023046152458005675
1995-02-03,3944.37,0.01192959231580315
1995-02-04,3944.37,0.0
1995-02-05,3944.37,0.0
1995-02-06,3829.83,-0.029038857916473315
1995-02-07,3637.4,-0.050245050041385575
1995-02-08,3556.27,-0.022304393247924326
1995-02-09,3401.56,-0.04350344602631406
1995-02-10,3307.7,-0.027593221933465806
1995-02-11,3307.7,0.0
1995-02-12,3307.7,0.0
1995-02-13,3294.94,-0.0038576654472896044
1995-02-14,3192.23,-0.031172039551554787
1995-02-15,3069.4,-0.03847780391763744
1995-02-16,2863.82,-0.06697725939923105
1995-02-17,3023.28,0.05568087379793418
1995-02-18,3023.28,0.0
1995-02-19,3023.28,0.0
1995-02-20,2961.61,-0.02039837527453625
1995-02-21,2793.07,-0.05690823572313708
1995-02-22,2872.39,0.02839885860361524
1995-02-23,3217.42,0.1201194823822671
1995-02-24,3270.87,0.016612689670605585
1995-02-25,3270.87,0.0
1995-02-26,3270.87,0.0
1995-02-27,3270.87,0.0
1995-02-28,3270.87,0.0
1995-03-01,3270.87,0.0
1995-03-02,2989.08,-0.08615139091434387
1995-03-03,2988.0,-0.00036131518728166334
1995-03-04,2988.0,0.0
1995-03-05,2988.0,0.0
1995-03-06,2867.16,-0.04044176706827318
1995-03-07,2615.7,-0.08770351148872058
1995-03-08,2363.32,-0.09648660014527644
1995-03-09,2138.27,-0.09522620720004071
1995-03-10,2686.15,0.256225827421233
1995-03-11,2686.15,0.0
1995-03-12,2686.15,0.0
1995-03-13,2670.87,-0.005688438843698296
1995-03-14,3016.9,0.12955703572244248
1995-03-15,2939.43,-0.025678676787430854
1995-03-16,3141.72,0.06881946499831604
1995-03-17,2981.12,-0.05111849560113568
1995-03-18,2981.12,0.0
1995-03-19,2981.12,0.0
1995-03-20,2870.05,-0.03725780914555599
1995-03-21,3006.12,0.04741032386195343
1995-03-22,3003.94,-0.0007251872846060214
1995-03-23,3145.61,0.04716139470162517
1995-03-24,3361.21,0.06853996522137207
1995-03-25,3361.21,0.0
1995-03-26,3361.21,0.0
1995-03-27,3372.26,0.0032875065824509164
1995-03-28,3255.77,-0.03454359984105626
1995-03-29,3198.17,-0.01769166740893857
1995-03-30,3125.52,-0.02271611577871102
1995-03-31,2978.96,-0.04689139727149405
1995-04-01,2978.96,0.0
1995-04-02,2978.96,0.0
1995-04-03,2893.52,-0.028681150468619965
1995-04-04,3125.11,0.08003746302081893
1995-04-05,3180.39,0.017688977347997348
1995-04-06,3254.58,0.02332732778055524
1995-04-07,3192.64,-0.01903164156358117
1995-04-08,3192.64,0.0
1995-04-09,3192.64,0.0
1995-04-10,3114.09,-0.024603462964818967
1995-04-11,3017.76,-0.030933595368149214
1995-04-12,3020.76,0.0009941148401464428
1995-04-13,3020.76,0.0
1995-04-14,3020.76,0.0
1995-04-15,3020.76,0.0
1995-04-16,3020.76,0.0
1995-04-17,3113.13,0.03057839748937341
1995-04-18,3193.91,0.02594816149662882
1995-04-19,3330.68,0.042822120848740264
1995-04-20,3384.26,0.016086805096857226
1995-04-21,3384.26,0.0
1995-04-22,3384.26,0.0
1995-04-23,3384.26,0.0
1995-04-24,3512.87,0.03800239934284
1995-04-25,3699.14,0.05302501942855842
1995-04-26,3825.88,0.034262017658158506
1995-04-27,3851.08,0.006586719918031836
1995-04-28,3813.72,-0.009701174735398888
1995-04-29,3813.72,0.0
1995-04-30,3813.72,0.0
1995-05-01,3813.72,0.0
1995-05-02,3861.51,0.01253107202416559
1995-05-03,3975.96,0.02963866466744869
1995-05-04,4043.94,0.017097757522711587
1995-05-05,4008.23,-0.008830496990558712
1995-05-06,4008.23,0.0
1995-05-07,4008.23,0.0
1995-05-08,3914.21,-0.02345673776205459
1995-05-09,4065.41,0.03862848441958899
1995-05-10,4050.43,-0.00368474520405071
1995-05-11,3951.06,-0.024533197709872723
1995-05-12,3998.32,0.011961347081542728
1995-05-13,3998.32,0.0
1995-05-14,3998.32,0.0
1995-05-15,3894.04,-0.026080954000680334
1995-05-16,3835.11,-0.01513338332425962
1995-05-17,3964.35,0.03369916377887461
1995-05-18,4008.06,0.01102576714972181
1995-05-19,3950.0,-0.014485811090652279
1995-05-20,3950.0,0.0
1995-05-21,3950.0,0.0
1995-05-22,4033.7,0.021189873417721383
1995-05-23,4048.7,0.0037186702035352237
1995-05-24,4099.55,0.012559587027934915
1995-05-25,4018.95,-0.0196606944664659
1995-05-26,3904.97,-0.028360641461078195
1995-05-27,3904.97,0.0
1995-05-28,3904.97,0.0
1995-05-29,3896.3,-0.002220247530710817
1995-05-30,3706.81,-0.04863331878962096
1995-05-31,3720.59,0.003717482147722828
1995-06-01,3773.55,0.014234301548947892
1995-06-02,3966.45,0.05111897285049882
1995-06-03,3966.45,0.0
1995-06-04,3966.45,0.0
1995-06-05,4062.8,0.024291242798976542
1995-06-06,3933.26,-0.03188441468937675
1995-06-07,3808.19,-0.03179805047212747
1995-06-08,3818.49,0.0027046969820307964
1995-06-09,3670.66,-0.03871425615884816
1995-06-10,3670.66,0.0
1995-06-11,3670.66,0.0
1995-06-12,3704.78,0.009295331084873126
1995-06-13,3789.27,0.02280567267152156
1995-06-14,3665.03,-0.03278731787389122
1995-06-15,3665.03,0.0
1995-06-16,3717.85,0.014411887487960406
1995-06-17,3717.85,0.0
1995-06-18,3717.85,0.0
1995-06-19,3696.12,-0.005844775878531938
1995-06-20,3576.93,-0.03224732963215482
1995-06-21,3631.61,0.015286852132974538
1995-06-22,3598.82,-0.009029053229834716
1995-06-23,3585.64,-0.0036623115354478264
1995-06-24,3585.64,0.0
1995-06-25,3585.64,0.0
1995-06-26,3537.04,-0.01355406566191808
1995-06-27,3661.32,0.035136724492796256
1995-06-28,3715.44,0.014781554193569413
1995-06-29,3678.04,-0.010066102534289412
1995-06-30,3603.38,-0.020298854824852275
1995-07-01,3603.38,0.0
1995-07-02,3603.38,0.0
1995-07-03,3594.37,-0.002500430151690991
1995-07-04,3633.6,0.010914290960585493
1995-07-05,3700.3,0.018356450902686117
1995-07-06,3820.96,0.03260816690538593
1995-07-07,3961.73,0.03684152673673635
1995-07-08,3961.73,0.0
1995-07-09,3961.73,0.0
1995-07-10,3958.4,-0.0008405418844797952
1995-07-11,3889.2,-0.01748181083265976
1995-07-12,4026.46,0.03529260516301558
1995-07-13,4007.5,-0.004708850950959409
1995-07-14,4026.81,0.004818465377417258
1995-07-15,4026.81,0.0
1995-07-16,4026.81,0.0
1995-07-17,4016.13,-0.0026522234721776394
1995-07-18,3919.18,-0.02414015482566556
1995-07-19,3829.43,-0.02290019851091296
1995-07-20,3939.02,0.028617836074820602
1995-07-21,3862.37,-0.019459154815157143
1995-07-22,3862.37,0.0
1995-07-23,3862.37,0.0
1995-07-24,3899.69,0.00966246113137803
1995-07-25,3917.93,0.004677294861899162
1995-07-26,3878.81,-0.009984864456485942
1995-07-27,3912.86,0.008778465560313586
1995-07-28,3888.35,-0.006263960376808875
1995-07-29,3888.35,0.0
1995-07-30,3888.35,0.0
1995-07-31,3877.48,-0.0027955302377614677
1995-08-01,3870.8,-0.0017227683959685214
1995-08-02,3918.46,0.012312700217009365
1995-08-03,4025.53,0.027324510139187463
1995-08-04,4200.35,0.04342782192655381
1995-08-05,4200.35,0.0
1995-08-06,4200.35,0.0
1995-08-07,4393.87,0.04607235111359764
1995-08-08,4310.75,-0.018917264279553092
1995-08-09,4279.78,-0.007184364669721055
1995-08-10,4337.01,0.013372182682287459
1995-08-11,4193.0,-0.033204903839280986
1995-08-12,4193.0,0.0
1995-08-13,4193.0,0.0
1995-08-14,4081.23,-0.02665633198187456
1995-08-15,4156.36,0.01840866601490232
1995-08-16,4223.3,0.016105438412457262
1995-08-17,4229.15,0.001385172732223383
1995-08-18,4235.39,0.0014754737949707053
1995-08-19,4235.39,0.0
1995-08-20,4235.39,0.0
1995-08-21,4298.99,0.015016326713714445
1995-08-22,4305.58,0.0015329181970649142
1995-08-23,4471.18,0.03846171712057389
1995-08-24,4445.01,-0.0058530410316739445
1995-08-25,4459.21,0.003194593487978681
1995-08-26,4459.21,0.0
1995-08-27,4459.21,0.0
1995-08-28,4514.95,0.012499971968128909
1995-08-29,4367.8,-0.0325917230534114
1995-08-30,4236.07,-0.030159347955492577
1995-08-31,4310.51,0.01757289185495048
1995-09-01,4449.98,0.03235580012573913
1995-09-02,4449.98,0.0
1995-09-03,4449.98,0.0
1995-09-04,4520.19,0.015777599000444953
1995-09-05,4563.12,0.009497388384116734
1995-09-06,4550.04,-0.0028664597906695732
1995-09-07,4550.04,0.0
1995-09-08,4531.61,-0.004050513841636572
1995-09-09,4531.61,0.0
1995-09-10,4531.61,0.0
1995-09-11,4638.61,0.023611917177338793
1995-09-12,4703.66,0.01402359758634586
1995-09-13,4737.35,0.007162507494164139
1995-09-14,4810.53,0.01544745480067955
1995-09-15,4801.81,-0.0018126900778083765
1995-09-16,4801.81,0.0
1995-09-17,4801.81,0.0
1995-09-18,4851.38,0.010323190630199708
1995-09-19,4861.22,0.0020282888580156477
1995-09-20,4776.63,-0.017400981646582547
1995-09-21,4693.59,-0.017384641473172535
1995-09-22,4673.77,-0.00422278043033153
1995-09-23,4673.77,0.0
1995-09-24,4673.77,0.0
1995-09-25,4579.09,-0.020257736260021364
1995-09-26,4543.95,-0.007674013832442816
1995-09-27,4548.03,0.0008978972039745958
1995-09-28,4566.67,0.004098477802477296
1995-09-29,4670.13,0.022655457915724098
1995-09-30,4670.13,0.0
1995-10-01,4670.13,0.0
1995-10-02,4538.0,-0.028292574296647
1995-10-03,4504.21,-0.007446011458792423
1995-10-04,4426.33,-0.017290490452265828
1995-10-05,4498.68,0.016345369640311525
1995-10-06,4514.63,0.003545484453217451
1995-10-07,4514.63,0.0
1995-10-08,4514.63,0.0
1995-10-09,4456.68,-0.012836046364818388
1995-10-10,4409.54,-0.01057738047156187
1995-10-11,4500.69,0.02067109040852322
1995-10-12,4500.69,0.0
1995-10-13,4513.61,0.0028706709415666776
1995-10-14,4513.61,0.0
1995-10-15,4513.61,0.0
1995-10-16,4549.64,0.007982523966403976
1995-10-17,4620.99,0.015682559499212934
1995-10-18,4601.74,-0.004165774000809308
1995-10-19,4585.01,-0.0036355813235862122
1995-10-20,4668.8,0.0182747693025751
1995-10-21,4668.8,0.0
1995-10-22,4668.8,0.0
1995-10-23,4563.94,-0.02245973269362589
1995-10-24,4528.18,-0.007835335258570275
1995-10-25,4343.78,-0.040722762787698485
1995-10-26,4060.27,-0.06526803843656903
1995-10-27,4140.6,0.019784398574479223
1995-10-28,4140.6,0.0
1995-10-29,4140.6,0.0
1995-10-30,4069.06,-0.017277689223784143
1995-10-31,4128.39,0.014580763124653062
1995-11-01,4099.82,-0.006920373317443551
1995-11-02,4099.82,0.0
1995-11-03,4158.78,0.014381119171085643
1995-11-04,4158.78,0.0
1995-11-05,4158.78,0.0
1995-11-06,4094.31,-0.015502142455239176
1995-11-07,4111.21,0.004127679633442627
1995-11-08,4117.07,0.0014253711194514018
1995-11-09,4112.92,-0.0010079984066337921
1995-11-10,3957.95,-0.03767882672164791
1995-11-11,3957.95,0.0
1995-11-12,3957.95,0.0
1995-11-13,3787.04,-0.043181444939931035
1995-11-14,3797.34,0.0027198022730154925
1995-11-15,3797.34,0.0
1995-11-16,4003.6,0.05431696924689389
1995-11-17,4063.58,0.014981516635028447
1995-11-18,4063.58,0.0
1995-11-19,4063.58,0.0
1995-11-20,3966.06,-0.023998543156527052
1995-11-21,4059.54,0.023569991376832355
1995-11-22,4105.76,0.011385526438956184
1995-11-23,4191.04,0.020770819531584772
1995-11-24,4081.64,-0.026103306100633716
1995-11-25,4081.64,0.0
1995-11-26,4081.64,0.0
1995-11-27,4105.15,0.005759939632108635
1995-11-28,4049.8,-0.013483063956249985
1995-11-29,4182.47,0.03275964245147911
1995-11-30,4378.56,0.04688377920224185
1995-12-01,4345.99,-0.0074385185997224434
1995-12-02,4345.99,0.0
1995-12-03,4345.99,0.0
1995-12-04,4334.16,-0.0027220495215128926
1995-12-05,4281.09,-0.012244587186444389
1995-12-06,4303.6,0.0052580067225871385
1995-12-07,4318.79,0.0035296031229667957
1995-12-08,4299.25,-0.004524415403388438
1995-12-09,4299.25,0.0
1995-12-10,4299.25,0.0
1995-12-11,4306.25,0.0016281909635400549
1995-12-12,4365.6,0.013782293178519645
1995-12-13,4369.79,0.0009597764339379644
1995-12-14,4183.32,-0.04267253117426706
1995-12-15,4158.66,-0.005894839505464544
1995-12-16,4158.66,0.0
1995-12-17,4158.66,0.0
1995-12-18,4056.01,-0.024683431682320678
1995-12-19,4034.99,-0.005182432982167362
1995-12-20,4205.71,0.04230989420048137
1995-12-21,4252.03,0.011013598179617556
1995-12-22,4343.22,0.021446226861052464
1995-12-23,4343.22,0.0
1995-12-24,4343.22,0.0
1995-12-25,4343.22,0.0
1995-12-26,4364.03,0.004791375983717039
1995-12-27,4346.25,-0.0040742158051159105
1995-12-28,4299.0,-0.01087144089732528
1995-12-29,4299.0,0.0
1995-12-30,4299.0,0.0
1995-12-31,4299.0,0.0
1996-01-01,4299.0,0.0
1996-01-02,4390.05,0.021179344033496195
1996-01-03,4681.47,0.0663819318686576
1996-01-04,4684.06,0.0005532450277370149
1996-01-05,4694.34,0.0021946772671570525
1996-01-06,4694.34,0.0
1996-01-07,4694.34,0.0
1996-01-08,4741.01,0.009941759650983872
1996-01-09,4653.88,-0.01837794056540698
1996-01-10,4622.18,-0.0068115207096014485
1996-01-11,4748.67,0.027365874976742477
1996-01-12,4846.59,0.020620510585069196
1996-01-13,4846.59,0.0
1996-01-14,4846.59,0.0
1996-01-15,4895.43,0.010077188291149008
1996-01-16,4846.77,-0.009939882706932801
1996-01-17,4836.22,-0.0021767073741894016
1996-01-18,4833.85,-0.0004900521481653319
1996-01-19,4909.03,0.01555282021576998
1996-01-20,4909.03,0.0
1996-01-21,4909.03,0.0
1996-01-22,4893.8,-0.003102445900717621
1996-01-23,4985.46,0.018729821406677782
1996-01-24,4945.24,-0.00806746017418658
1996-01-25,4945.24,0.0
1996-01-26,4907.7,-0.007591138144963594
1996-01-27,4907.7,0.0
1996-01-28,4907.7,0.0
1996-01-29,4934.8,0.0055219349185973154
1996-01-30,5133.49,0.040263029910026615
1996-01-31,5151.54,0.0035161264558809524
1996-02-01,5269.38,0.02287471319255996
1996-02-02,5410.9,0.026857049595967464
1996-02-03,5410.9,0.0
1996-02-04,5410.9,0.0
1996-02-05,5332.94,-0.01440795431443942
1996-02-06,5354.08,0.003964042348123309
1996-02-07,5283.0,-0.013275856916594386
1996-02-08,5322.63,0.0075014196479272766
1996-02-09,5305.4,-0.003237121498206763
1996-02-10,5305.4,0.0
1996-02-11,5305.4,0.0
1996-02-12,5338.95,0.0063237456176725715
1996-02-13,5385.56,0.008730181028104855
1996-02-14,5330.81,-0.010166073723066882
1996-02-15,5273.71,-0.010711317792230557
1996-02-16,5172.98,-0.019100405596819026
1996-02-17,5172.98,0.0
1996-02-18,5172.98,0.0
1996-02-19,5172.98,0.0
1996-02-20,5172.98,0.0
1996-02-21,5172.98,0.0
1996-02-22,5237.72,0.012515030021380547
1996-02-23,5274.35,0.006993500988979884
1996-02-24,5274.35,0.0
1996-02-25,5274.35,0.0
1996-02-26,5245.23,-0.00552105946704351
1996-02-27,5193.02,-0.00995380564817927
1996-02-28,5199.29,0.0012073899195457205
1996-02-29,4957.74,-0.046458266417145455
1996-03-01,5083.35,0.025336141064275397
1996-03-02,5083.35,0.0
1996-03-03,5083.35,0.0
1996-03-04,5152.65,0.013632742187730473
1996-03-05,5197.98,0.00879741492241859
1996-03-06,4975.3,-0.04283971850603496
1996-03-07,4755.99,-0.044079753984684444
1996-03-08,4721.93,-0.007161495293303677
1996-03-09,4721.93,0.0
1996-03-10,4721.93,0.0
1996-03-11,4771.77,0.010555006109789877
1996-03-12,4739.4,-0.006783646319919234
1996-03-13,4805.58,0.013963792885175463
1996-03-14,4841.27,0.00742678303139277
1996-03-15,4852.53,0.0023258359893167935
1996-03-16,4852.53,0.0
1996-03-17,4852.53,0.0
1996-03-18,4886.97,0.007097328610024212
1996-03-19,4851.53,-0.007251937294479149
1996-03-20,4868.35,0.0034669475402606675
1996-03-21,4979.7,0.02287222570275338
1996-03-22,5051.2,0.014358294676386052
1996-03-23,5051.2,0.0
1996-03-24,5051.2,0.0
1996-03-25,5031.61,-0.0038782863477985208
1996-03-26,4981.7,-0.009919290247058066
1996-03-27,5039.6,0.0116225384908768
1996-03-28,4980.51,-0.011725136915628265
1996-03-29,4954.93,-0.005136020206765957
1996-03-30,4954.93,0.0
1996-03-31,4954.93,0.0
1996-04-01,5009.27,0.010966855233070838
1996-04-02,4985.56,-0.004733224601588648
1996-04-03,4977.59,-0.0015986168053339078
1996-04-04,4977.59,0.0
1996-04-05,4977.59,0.0
1996-04-06,4977.59,0.0
1996-04-07,4977.59,0.0
1996-04-08,4853.69,-0.024891563989802412
1996-04-09,4866.47,0.0026330482581296
1996-04-10,4889.57,0.00474676716387834
1996-04-11,4885.19,-0.0008957842918703163
1996-04-12,5015.56,0.02668678188565865
1996-04-13,5015.56,0.0
1996-04-14,5015.56,0.0
1996-04-15,5022.38,0.001359768400736927
1996-04-16,4989.33,-0.00658054547843856
1996-04-17,5003.9,0.002920231774606874
1996-04-18,5002.02,-0.0003757069485799125
1996-04-19,5075.64,0.01471805390622194
1996-04-20,5075.64,0.0
1996-04-21,5075.64,0.0
1996-04-22,5079.69,0.0007979289311297322
1996-04-23,5061.92,-0.0034982449716418618
1996-04-24,5047.01,-0.0029455226475328944
1996-04-25,5121.87,0.014832544417387572
1996-04-26,5142.6,0.0040473498936912655
1996-04-27,5142.6,0.0
1996-04-28,5142.6,0.0
1996-04-29,5149.31,0.001304787461595236
1996-04-30,5164.1,0.0028722294831735606
1996-05-01,5164.1,0.0
1996-05-02,5146.0,-0.0035049669835983677
1996-05-03,5101.45,-0.008657209483093675
1996-05-04,5101.45,0.0
1996-05-05,5101.45,0.0
1996-05-06,5153.02,0.010108890609532795
1996-05-07,5283.97,0.025412282506180883
1996-05-08,5360.5,0.014483428179947966
1996-05-09,5388.54,0.0052308553306594785
1996-05-10,5345.49,-0.007989177031255235
1996-05-11,5345.49,0.0
1996-05-12,5345.49,0.0
1996-05-13,5480.2,0.025200683192747597
1996-05-14,5428.11,-0.009505127550089476
1996-05-15,5448.33,0.003725053471650419
1996-05-16,5475.63,0.005010709703707317
1996-05-17,5560.36,0.015474018514764376
1996-05-18,5560.36,0.0
1996-05-19,5560.36,0.0
1996-05-20,5655.68,0.017142774928242233
1996-05-21,5601.96,-0.009498415751952094
1996-05-22,5681.52,0.014202172096908994
1996-05-23,5530.87,-0.02651579154874062
1996-05-24,5600.66,0.012618268012084988
1996-05-25,5600.66,0.0
1996-05-26,5600.66,0.0
1996-05-27,5627.98,0.004877996521838401
1996-05-28,5710.84,0.014722866819000924
1996-05-29,5625.72,-0.014904987707587636
1996-05-30,5687.79,0.011033254410102167
1996-05-31,5727.99,0.007067771489453589
1996-06-01,5727.99,0.0
1996-06-02,5727.99,0.0
1996-06-03,5635.07,-0.016222095359803346
1996-06-04,5599.42,-0.006326452022778706
1996-06-05,5567.89,-0.0056309403473930875
1996-06-06,5567.89,0.0
1996-06-07,5530.23,-0.006763783048875038
1996-06-08,5530.23,0.0
1996-06-09,5530.23,0.0
1996-06-10,5457.19,-0.013207407286857875
1996-06-11,5413.42,-0.008020611340268435
1996-06-12,5532.47,0.021991642990937477
1996-06-13,5503.79,-0.005183941349885313
1996-06-14,5634.86,0.02381449873632535
1996-06-15,5634.86,0.0
1996-06-16,5634.86,0.0
1996-06-17,5804.85,0.030167564056604812
1996-06-18,5834.6,0.005125024763775077
1996-06-19,5817.13,-0.0029942069722003195
1996-06-20,5823.03,0.0010142458566337886
1996-06-21,6053.14,0.03951722728545115
1996-06-22,6053.14,0.0
1996-06-23,6053.14,0.0
1996-06-24,6201.8,0.02455915442233292
1996-06-25,6082.4,-0.019252475087877752
1996-06-26,6227.15,0.02379817177429966
1996-06-27,6181.59,-0.007316348570373221
1996-06-28,6043.89,-0.022275822239909093
1996-06-29,6043.89,0.0
1996-06-30,6043.89,0.0
1996-07-01,6156.19,0.018580748491451526
1996-07-02,6245.5,0.014507349513254164
1996-07-03,6355.85,0.0176687214794653
1996-07-04,6432.09,0.01199524847188016
1996-07-05,6286.46,-0.022641163292180355
1996-07-06,6286.46,0.0
1996-07-07,6286.46,0.0
1996-07-08,6338.78,0.008322648994823822
1996-07-09,6487.97,0.023536074765175607
1996-07-10,6444.59,-0.006686220805583232
1996-07-11,6508.52,0.009919948359787156
1996-07-12,6652.19,0.02207414281587816
1996-07-13,6652.19,0.0
1996-07-14,6652.19,0.0
1996-07-15,6432.9,-0.03296508367920936
1996-07-16,6293.44,-0.021679180462932712
1996-07-17,6214.68,-0.012514618396298305
1996-07-18,6188.79,-0.004165942574678061
1996-07-19,6411.65,0.03601027018205483
1996-07-20,6411.65,0.0
1996-07-21,6411.65,0.0
1996-07-22,6299.14,-0.017547745120210734
1996-07-23,6222.58,-0.012154040075311956
1996-07-24,6050.98,-0.027576985751890715
1996-07-25,6096.31,0.007491348508836815
1996-07-26,5968.45,-0.02097334289102759
1996-07-27,5968.45,0.0
1996-07-28,5968.45,0.0
1996-07-29,5909.38,-0.009897041945563734
1996-07-30,6143.34,0.039591293841316766
1996-07-31,6123.28,-0.003265324725637897
1996-08-01,6277.3,0.025153185874237316
1996-08-02,6363.57,0.013743169834164348
1996-08-03,6363.57,0.0
1996-08-04,6363.57,0.0
1996-08-05,6244.14,-0.018767767149571624
1996-08-06,6130.75,-0.018159426278078428
1996-08-07,6165.26,0.005629001345675455
1996-08-08,6257.25,0.014920700830135303
1996-08-09,6222.76,-0.005512006072955322
1996-08-10,6222.76,0.0
1996-08-11,6222.76,0.0
1996-08-12,6304.19,0.013085833295836569
1996-08-13,6227.71,-0.012131614053510376
1996-08-14,6227.1,-9.794932647788634e-05
1996-08-15,6348.41,0.019480978304507568
1996-08-16,6352.86,0.0007009629182739285
1996-08-17,6352.86,0.0
1996-08-18,6352.86,0.0
1996-08-19,6292.14,-0.00955789990649869
1996-08-20,6337.12,0.0071486012707917546
1996-08-21,6314.77,-0.003526838690130485
1996-08-22,6248.94,-0.0104247660643223
1996-08-23,6202.7,-0.007399654981484871
1996-08-24,6202.7,0.0
1996-08-25,6202.7,0.0
1996-08-26,6028.06,-0.028155480677769296
1996-08-27,6126.1,0.01626393897870959
1996-08-28,6294.76,0.027531382119129644
1996-08-29,6270.03,-0.003928664476485322
1996-08-30,6259.4,-0.0016953666888356311
1996-08-31,6259.4,0.0
1996-09-01,6259.4,0.0
1996-09-02,6232.54,-0.004291146116241151
1996-09-03,6270.04,0.006016808556383202
1996-09-04,6276.87,0.001089307245248916
1996-09-05,6254.01,-0.0036419425605436206
1996-09-06,6334.61,0.012887731231641775
1996-09-07,6334.61,0.0
1996-09-08,6334.61,0.0
1996-09-09,6382.76,0.007601099357340102
1996-09-10,6415.78,0.005173310605443238
1996-09-11,6358.06,-0.00899656783742575
1996-09-12,6390.97,0.005176107177346623
1996-09-13,6464.29,0.011472436891426518
1996-09-14,6464.29,0.0
1996-09-15,6464.29,0.0
1996-09-16,6534.27,0.010825628181904134
1996-09-17,6512.41,-0.0033454387406703923
1996-09-18,6489.64,-0.0034964014857785664
1996-09-19,6560.2,0.01087271404885315
1996-09-20,6588.26,0.004277308618639841
1996-09-21,6588.26,0.0
1996-09-22,6588.26,0.0
1996-09-23,6551.73,-0.005544711350189635
1996-09-24,6563.78,0.0018392088807077656
1996-09-25,6513.87,-0.00760385022045218
1996-09-26,6535.91,0.0033835492572003023
1996-09-27,6458.88,-0.011785658003246602
1996-09-28,6458.88,0.0
1996-09-29,6458.88,0.0
1996-09-30,6446.87,-0.0018594555093143228
1996-10-01,6521.77,0.011618041002843249
1996-10-02,6605.8,0.012884539013181984
1996-10-03,6605.8,0.0
1996-10-04,6626.94,0.003200217990250831
1996-10-05,6626.94,0.0
1996-10-06,6626.94,0.0
1996-10-07,6612.66,-0.0021548406957057065
1996-10-08,6651.57,0.00588416764206845
1996-10-09,6631.08,-0.0030804757373070757
1996-10-10,6626.74,-0.0006544936873028595
1996-10-11,6608.67,-0.0027268309908038413
1996-10-12,6608.67,0.0
1996-10-13,6608.67,0.0
1996-10-14,6631.31,0.003425802771208186
1996-10-15,6744.94,0.01713537747443561
1996-10-16,6733.54,-0.0016901558798150251
1996-10-17,6766.04,0.004826584530573719
1996-10-18,6798.14,0.004744281736436706
1996-10-19,6798.14,0.0
1996-10-20,6798.14,0.0
1996-10-21,6798.91,0.00011326627577545878
1996-10-22,6675.62,-0.018133789092663388
1996-10-23,6648.6,-0.004047564121384961
1996-10-24,6588.84,-0.008988358451403333
1996-10-25,6503.35,-0.01297496979741497
1996-10-26,6503.35,0.0
1996-10-27,6503.35,0.0
1996-10-28,6401.08,-0.015725741348689537
1996-10-29,6549.75,0.02322576815162436
1996-10-30,6543.22,-0.000996984617733454
1996-10-31,6533.15,-0.0015389976189094101
1996-11-01,6641.18,0.016535668092727107
1996-11-02,6641.18,0.0
1996-11-03,6641.18,0.0
1996-11-04,6658.53,0.0026124875398647607
1996-11-05,6697.59,0.0058661596478502
1996-11-06,6704.6,0.0010466451365342966
1996-11-07,6666.67,-0.005657309906631269
1996-11-08,6559.59,-0.01606199196900404
1996-11-09,6559.59,0.0
1996-11-10,6559.59,0.0
1996-11-11,6582.9,0.00355357575702131
1996-11-12,6523.32,-0.00905072232602655
1996-11-13,6570.97,0.007304562707333151
1996-11-14,6522.99,-0.007301813887447439
1996-11-15,6522.99,0.0
1996-11-16,6522.99,0.0
1996-11-17,6522.99,0.0
1996-11-18,6556.25,0.005098888699814008
1996-11-19,6556.99,0.00011286939942789509
1996-11-20,6541.3,-0.0023928662389296473
1996-11-21,6625.94,0.01293932398758657
1996-11-22,6645.26,0.002915812699783027
1996-11-23,6645.26,0.0
1996-11-24,6645.26,0.0
1996-11-25,6649.2,0.0005929038141472276
1996-11-26,6631.51,-0.0026604704325331463
1996-11-27,6591.89,-0.005974506560345927
1996-11-28,6644.89,0.008040182709359467
1996-11-29,6666.08,0.00318891659606102
1996-11-30,6666.08,0.0
1996-12-01,6666.08,0.0
1996-12-02,6735.63,0.010433418140796347
1996-12-03,6836.8,0.015020124323931183
1996-12-04,6797.61,-0.005732213901240457
1996-12-05,6947.1,0.021991552913450674
1996-12-06,6872.91,-0.010679276244764058
1996-12-07,6872.91,0.0
1996-12-08,6872.91,0.0
1996-12-09,6836.36,-0.0053179803023756245
1996-12-10,6855.86,0.0028523951342527276
1996-12-11,6677.78,-0.025974859463291256
1996-12-12,6657.45,-0.0030444249436190063
1996-12-13,6680.18,0.003414220159370318
1996-12-14,6680.18,0.0
1996-12-15,6680.18,0.0
1996-12-16,6654.36,-0.0038651653099168737
1996-12-17,6784.57,0.019567621829897908
1996-12-18,6910.41,0.018547969878710102
1996-12-19,6891.64,-0.002716191948089808
1996-12-20,6942.24,0.007342229135590239
1996-12-21,6942.24,0.0
1996-12-22,6942.24,0.0
1996-12-23,6912.57,-0.00427383668671788
1996-12-24,6912.57,0.0
1996-12-25,6912.57,0.0
1996-12-26,6957.76,0.0065373659868905865
1996-12-27,7006.85,0.00705543163316924
1996-12-28,7006.85,0.0
1996-12-29,7006.85,0.0
1996-12-30,7039.94,0.00472252153250019
1996-12-31,7039.94,0.0
1997-01-01,7039.94,0.0
1997-01-02,6955.54,-0.01198873854038529
1997-01-03,6997.75,0.0060685439232612826
1997-01-04,6997.75,0.0
1997-01-05,6997.75,0.0
1997-01-06,7159.5,0.023114572541173883
1997-01-07,7297.46,0.01926950206019984
1997-01-08,7427.02,0.017754122667339
1997-01-09,7454.21,0.0036609568844570006
1997-01-10,7478.34,0.003237096888872193
1997-01-11,7478.34,0.0
1997-01-12,7478.34,0.0
1997-01-13,7411.75,-0.008904382523394205
1997-01-14,7621.13,0.028249738590751194
1997-01-15,7667.57,0.006093584547173458
1997-01-16,7655.81,-0.0015337323297993644
1997-01-17,7816.25,0.020956632936292685
1997-01-18,7816.25,0.0
1997-01-19,7816.25,0.0
1997-01-20,7835.44,0.0024551415320646086
1997-01-21,7904.9,0.008864849963754473
1997-01-22,7817.5,-0.011056433351465556
1997-01-23,7890.67,0.009359769747361746
1997-01-24,7759.78,-0.01658794500340277
1997-01-25,7759.78,0.0
1997-01-26,7759.78,0.0
1997-01-27,7759.06,-9.27861356893045e-05
1997-01-28,7849.78,0.011692137965165772
1997-01-29,7736.9,-0.014380020841348484
1997-01-30,7788.81,0.006709405575876737
1997-01-31,7964.68,0.0225798292678856
1997-02-01,7964.68,0.0
1997-02-02,7964.68,0.0
1997-02-03,8095.94,0.01648026034944272
1997-02-04,8102.25,0.0007794030094097071
1997-02-05,8171.18,0.008507513345058504
1997-02-06,8147.85,-0.002855156782741286
1997-02-07,8316.55,0.02070484851832055
1997-02-08,8316.55,0.0
1997-02-09,8316.55,0.0
1997-02-10,8316.55,0.0
1997-02-11,8316.55,0.0
1997-02-12,8670.62,0.04257414432667406
1997-02-13,8764.92,0.010875808189033664
1997-02-14,8699.99,-0.00740793983287924
1997-02-15,8699.99,0.0
1997-02-16,8699.99,0.0
1997-02-17,8816.07,0.013342544071889728
1997-02-18,8950.24,0.015218799306266906
1997-02-19,8771.34,-0.01998829081678255
1997-02-20,8701.82,-0.007925812931661613
1997-02-21,8719.51,0.0020329080583143533
1997-02-22,8719.51,0.0
1997-02-23,8719.51,0.0
1997-02-24,8959.25,0.027494664264390956
1997-02-25,9149.11,0.021191505985434178
1997-02-26,8927.87,-0.024181587061473664
1997-02-27,8776.78,-0.0169234095030506
1997-02-28,8828.73,0.0059190272514519915
1997-03-01,8828.73,0.0
1997-03-02,8828.73,0.0
1997-03-03,8978.2,0.016929954817963777
1997-03-04,8961.4,-0.0018711991267739148
1997-03-05,9074.4,0.0126096368870936
1997-03-06,9125.5,0.005631226306973547
1997-03-07,9180.5,0.006027067010026865
1997-03-08,9180.5,0.0
1997-03-09,9180.5,0.0
1997-03-10,9419.1,0.02598986983279783
1997-03-11,9565.3,0.015521652811839592
1997-03-12,9317.1,-0.025947957722183168
1997-03-13,9314.1,-0.0003219886016034845
1997-03-14,9499.4,0.019894568449984273
1997-03-15,9499.4,0.0
1997-03-16,9499.4,0.0
1997-03-17,9263.3,-0.024854201317977997
1997-03-18,9172.4,-0.009812917642740615
1997-03-19,9087.9,-0.00921241986830057
1997-03-20,9302.5,0.02361381617315339
1997-03-21,9301.6,-9.674818597149581e-05
1997-03-22,9301.6,0.0
1997-03-23,9301.6,0.0
1997-03-24,9327.7,0.0028059688655714954
1997-03-25,9380.3,0.005639117896158563
1997-03-26,9271.6,-0.01158811551869332
1997-03-27,9271.6,0.0
1997-03-28,9271.6,0.0
1997-03-29,9271.6,0.0
1997-03-30,9271.6,0.0
1997-03-31,9044.3,-0.02451572544113223
1997-04-01,9138.3,0.010393286379266398
1997-04-02,9237.3,0.010833524835034858
1997-04-03,9302.1,0.007015036861420576
1997-04-04,9705.2,0.043334300856795904
1997-04-05,9705.2,0.0
1997-04-06,9705.2,0.0
1997-04-07,9836.5,0.013528829905617545
1997-04-08,9737.7,-0.010044223046815404
1997-04-09,9819.1,0.00835926348110938
1997-04-10,9732.5,-0.008819545579533794
1997-04-11,9517.7,-0.022070382738248018
1997-04-12,9517.7,0.0
1997-04-13,9517.7,0.0
1997-04-14,9455.7,-0.006514178845729579
1997-04-15,9490.1,0.0036380172805821065
1997-04-16,9565.7,0.00796619635198792
1997-04-17,9418.6,-0.015377860480675798
1997-04-18,9422.2,0.0003822224109739647
1997-04-19,9422.2,0.0
1997-04-20,9422.2,0.0
1997-04-21,9422.2,0.0
1997-04-22,9473.7,0.005465814777865008
1997-04-23,9634.1,0.01693108289263967
1997-04-24,9708.9,0.007764087979157397
1997-04-25,9731.7,0.002348360782375103
1997-04-26,9731.7,0.0
1997-04-27,9731.7,0.0
1997-04-28,9761.6,0.0030724333877945043
1997-04-29,9858.1,0.009885674479593431
1997-04-30,9982.3,0.012598776640528886
1997-05-01,9982.3,0.0
1997-05-02,10074.2,0.009206295142402121
1997-05-03,10074.2,0.0
1997-05-04,10074.2,0.0
1997-05-05,9993.5,-0.008010561632685542
1997-05-06,10218.6,0.02252464101666085
1997-05-07,10179.6,-0.003816569784510615
1997-05-08,10437.4,0.025325160124169743
1997-05-09,10491.8,0.005212025983482471
1997-05-10,10491.8,0.0
1997-05-11,10491.8,0.0
1997-05-12,10681.0,0.01803313063535339
1997-05-13,10647.9,-0.0030989607714634326
1997-05-14,10282.9,-0.034279059720696115
1997-05-15,10353.7,0.006885217205263139
1997-05-16,10498.9,0.014023972106589788
1997-05-17,10498.9,0.0
1997-05-18,10498.9,0.0
1997-05-19,10505.6,0.0006381620931716903
1997-05-20,10640.8,0.01286932683521158
1997-05-21,10714.8,0.006954364333508822
1997-05-22,10745.2,0.0028371971478704516
1997-05-23,10764.0,0.0017496184342775667
1997-05-24,10764.0,0.0
1997-05-25,10764.0,0.0
1997-05-26,10960.8,0.01828316610925307
1997-05-27,11133.1,0.01571965549959864
1997-05-28,11300.6,0.015045225498738102
1997-05-29,11300.6,0.0
1997-05-30,11344.8,0.003911296745305437
1997-05-31,11344.8,0.0
1997-06-01,11344.8,0.0
1997-06-02,11360.8,0.0014103377758973856
1997-06-03,11110.4,-0.022040701359059223
1997-06-04,11029.9,-0.00724546370967738
1997-06-05,11106.3,0.006926626714657491
1997-06-06,11333.8,0.020483869515500297
1997-06-07,11333.8,0.0
1997-06-08,11333.8,0.0
1997-06-09,11396.0,0.005488009317263565
1997-06-10,11428.6,0.002860652860652957
1997-06-11,11489.7,0.005346236634408363
1997-06-12,11851.8,0.03151518316405122
1997-06-13,11828.3,-0.0019828211748426083
1997-06-14,11828.3,0.0
1997-06-15,11828.3,0.0
1997-06-16,11953.7,0.010601692550916253
1997-06-17,12118.7,0.013803257568786309
1997-06-18,12205.8,0.007187239555397795
1997-06-19,12205.0,-6.554261088986824e-05
1997-06-20,12121.1,-0.0068742318721835005
1997-06-21,12121.1,0.0
1997-06-22,12121.1,0.0
1997-06-23,12238.9,0.009718589896956509
1997-06-24,12587.3,0.028466610561406647
1997-06-25,13053.3,0.037021442247344494
1997-06-26,12873.9,-0.013743651030773796
1997-06-27,12757.8,-0.009018246219094528
1997-06-28,12757.8,0.0
1997-06-29,12757.8,0.0
1997-06-30,12567.6,-0.014908526548464418
1997-07-01,13002.2,0.03458098602756299
1997-07-02,13259.6,0.01979664979772644
1997-07-03,13284.8,0.0019005098193005665
1997-07-04,13493.8,0.015732265446224192
1997-07-05,13493.8,0.0
1997-07-06,13493.8,0.0
1997-07-07,13502.3,0.000629918925728834
1997-07-08,13617.3,0.008517067462580519
1997-07-09,13617.3,0.0
1997-07-10,13608.7,-0.0006315495729696252
1997-07-11,13153.2,-0.03347123531270435
1997-07-12,13153.2,0.0
1997-07-13,13153.2,0.0
1997-07-14,12698.1,-0.034599945260468945
1997-07-15,11617.0,-0.08513872154101798
1997-07-16,12640.8,0.08812946543858136
1997-07-17,11728.4,-0.07217897601417633
1997-07-18,11181.7,-0.046613348794379394
1997-07-19,11181.7,0.0
1997-07-20,11181.7,0.0
1997-07-21,11291.9,0.00985538871549041
1997-07-22,12235.3,0.08354661305891842
1997-07-23,12426.9,0.01565960785595788
1997-07-24,12524.2,0.007829788603754828
1997-07-25,12522.7,-0.00011976812890246435
1997-07-26,12522.7,0.0
1997-07-27,12522.7,0.0
1997-07-28,12937.8,0.033147803588682745
1997-07-29,13043.8,0.008193046731283626
1997-07-30,13018.6,-0.0019319523451754028
1997-07-31,12872.4,-0.01123008618438237
1997-08-01,12259.1,-0.04764457288462132
1997-08-02,12259.1,0.0
1997-08-03,12259.1,0.0
1997-08-04,12016.9,-0.01975675212699146
1997-08-05,11908.6,-0.00901230766670269
1997-08-06,12523.0,0.05159296642762379
1997-08-07,12322.8,-0.015986584684181127
1997-08-08,12128.9,-0.015735060213587837
1997-08-09,12128.9,0.0
1997-08-10,12128.9,0.0
1997-08-11,11948.5,-0.014873566440485098
1997-08-12,11809.5,-0.011633259404946195
1997-08-13,11850.6,0.0034802489521148505
1997-08-14,11904.8,0.004573608087354186
1997-08-15,11334.8,-0.04787984678449031
1997-08-16,11334.8,0.0
1997-08-17,11334.8,0.0
1997-08-18,11337.8,0.0002646716307301844
1997-08-19,11211.4,-0.011148547337225923
1997-08-20,10848.8,-0.032342080382467886
1997-08-21,11180.4,0.03056559250792712
1997-08-22,11157.9,-0.0020124503595577714
1997-08-23,11157.9,0.0
1997-08-24,11157.9,0.0
1997-08-25,11421.5,0.02362451715824676
1997-08-26,11626.0,0.01790482861270415
1997-08-27,11719.3,0.00802511611904344
1997-08-28,11267.0,-0.0385944553002312
1997-08-29,10609.4,-0.05836513712612057
1997-08-30,10609.4,0.0
1997-08-31,10609.4,0.0
1997-09-01,10109.1,-0.04715629536071775
1997-09-02,11062.9,0.09435063457676729
1997-09-03,11119.4,0.005107159967097319
1997-09-04,11430.6,0.027987121607281118
1997-09-05,11838.3,0.03566741903312143
1997-09-06,11838.3,0.0
1997-09-07,11838.3,0.0
1997-09-08,11684.9,-0.012957941596344003
1997-09-09,11734.5,0.004244794563924348
1997-09-10,11361.1,-0.03182069964634193
1997-09-11,11093.9,-0.023518849407187736
1997-09-12,11292.1,0.017865673928916026
1997-09-13,11292.1,0.0
1997-09-14,11292.1,0.0
1997-09-15,10864.7,-0.03784946998343974
1997-09-16,11204.3,0.031257190718565475
1997-09-17,11524.3,0.028560463393518587
1997-09-18,11713.9,0.01645219232404571
1997-09-19,11649.6,-0.005489205132364061
1997-09-20,11649.6,0.0
1997-09-21,11649.6,0.0
1997-09-22,11697.7,0.004128897129515252
1997-09-23,11516.1,-0.015524419330295691
1997-09-24,11482.4,-0.002926337909535448
1997-09-25,11384.5,-0.008526092106179828
1997-09-26,11533.7,0.01310553823180638
1997-09-27,11533.7,0.0
1997-09-28,11533.7,0.0
1997-09-29,11614.2,0.0069795468930178295
1997-09-30,11797.2,0.015756573849253552
1997-10-01,12173.4,0.03188892279523947
1997-10-02,12396.6,0.01833505840603289
1997-10-03,12540.9,0.011640288466192361
1997-10-04,12540.9,0.0
1997-10-05,12540.9,0.0
1997-10-06,12688.2,0.011745568499868408
1997-10-07,12480.8,-0.016345896187008546
1997-10-08,12432.7,-0.0038539196205370496
1997-10-09,12684.2,0.020228912464709925
1997-10-10,12737.3,0.004186310528058401
1997-10-11,12737.3,0.0
1997-10-12,12737.3,0.0
1997-10-13,12697.5,-0.003124681054854528
1997-10-14,12895.3,0.015577869659381793
1997-10-15,12830.4,-0.005032841422843992
1997-10-16,12578.1,-0.019664234942012637
1997-10-17,12487.7,-0.007187095030250945
1997-10-18,12487.7,0.0
1997-10-19,12487.7,0.0
1997-10-20,12703.9,0.017313036027450934
1997-10-21,13015.7,0.024543644077803073
1997-10-22,12955.6,-0.004617500403359065
1997-10-23,11899.3,-0.08153231035228015
1997-10-24,11545.2,-0.0297580529947139
1997-10-25,11545.2,0.0
1997-10-26,11545.2,0.0
1997-10-27,9816.8,-0.14970723763988514
1997-10-28,10447.3,0.06422663189634092
1997-10-29,9818.1,-0.0602260871229886
1997-10-30,8854.7,-0.09812489178150552
1997-10-31,8986.3,0.014862163596733868
1997-11-01,8986.3,0.0
1997-11-02,8986.3,0.0
1997-11-03,9858.0,0.0970032160065879
1997-11-04,10254.1,0.04018056400892678
1997-11-05,9988.3,-0.025921338781560666
1997-11-06,9434.6,-0.05543485878477805
1997-11-07,8832.6,-0.06380768660038583
1997-11-08,8832.6,0.0
1997-11-09,8832.6,0.0
1997-11-10,9006.0,0.0196318184905917
1997-11-11,8710.8,-0.0327781479013991
1997-11-12,7822.0,-0.10203425632548091
1997-11-13,8072.0,0.031961135259524376
1997-11-14,8731.7,0.08172695738354818
1997-11-15,8731.7,0.0
1997-11-16,8731.7,0.0
1997-11-17,9083.3,0.04026707284950226
1997-11-18,9027.7,-0.006121123380269156
1997-11-19,9332.2,0.03372952136203011
1997-11-20,9188.5,-0.015398298364801555
1997-11-21,9422.0,0.025412200032649546
1997-11-22,9422.0,0.0
1997-11-23,9422.0,0.0
1997-11-24,9070.0,-0.037359371683294396
1997-11-25,9150.7,0.008897464167585634
1997-11-26,9372.7,0.0242604390920913
1997-11-27,9619.1,0.02628911626318997
1997-11-28,9394.7,-0.023328585834433535
1997-11-29,9394.7,0.0
1997-11-30,9394.7,0.0
1997-12-01,9648.4,0.02700458769306091
1997-12-02,9964.3,0.03274117988474767
1997-12-03,9991.7,0.00274981684614084
1997-12-04,10046.3,0.005464535564518425
1997-12-05,10080.0,0.003354468809412481
1997-12-06,10080.0,0.0
1997-12-07,10080.0,0.0
1997-12-08,10078.9,-0.00010912698412701705
1997-12-09,9840.0,-0.023702983460496596
1997-12-10,9461.5,-0.03846544715447153
1997-12-11,9108.6,-0.03729852560376257
1997-12-12,9146.8,0.004193838789715132
1997-12-13,9146.8,0.0
1997-12-14,9146.8,0.0
1997-12-15,9550.8,0.04416845235492195
1997-12-16,9742.7,0.020092557691502533
1997-12-17,9853.6,0.01138288154207756
1997-12-18,9482.8,-0.03763091661930673
1997-12-19,9139.0,-0.03625511452313657
1997-12-20,9139.0,0.0
1997-12-21,9139.0,0.0
1997-12-22,9494.4,0.03888828099354402
1997-12-23,9554.2,0.006298449612403223
1997-12-24,9554.2,0.0
1997-12-25,9554.2,0.0
1997-12-26,9794.8,0.025182642188775528
1997-12-27,9794.8,0.0
1997-12-28,9794.8,0.0
1997-12-29,10051.8,0.026238412218728246
1997-12-30,10196.5,0.014395431663980718
1997-12-31,10196.5,0.0
1998-01-01,10196.5,0.0
1998-01-02,10479.85,0.027788947187760593
1998-01-03,10479.85,0.0
1998-01-04,10479.85,0.0
1998-01-05,10606.92,0.012125173547331336
1998-01-06,10184.6,-0.039815516662706996
1998-01-07,9879.01,-0.030005105747893945
1998-01-08,9657.59,-0.022413177028872355
1998-01-09,9118.23,-0.05584830169845689
1998-01-10,9118.23,0.0
1998-01-11,9118.23,0.0
1998-01-12,9227.37,0.011969428277198713
1998-01-13,9415.57,0.020395844102924165
1998-01-14,9349.44,-0.00702347282214455
1998-01-15,9140.05,-0.022395993770750078
1998-01-16,9448.01,0.03369346994819522
1998-01-17,9448.01,0.0
1998-01-18,9448.01,0.0
1998-01-19,9752.72,0.0322512359745597
1998-01-20,9568.35,-0.01890446972741955
1998-01-21,9385.36,-0.01912450945042765
1998-01-22,9709.04,0.034487755397768494
1998-01-23,9467.68,-0.024859306378385515
1998-01-24,9467.68,0.0
1998-01-25,9467.68,0.0
1998-01-26,9513.38,0.0048269481013298865
1998-01-27,9651.37,0.014504834243980858
1998-01-28,9773.1,0.012612717158289488
1998-01-29,9785.73,0.0012923228044325885
1998-01-30,9720.3,-0.0066862666351923394
1998-01-31,9720.3,0.0
1998-02-01,9720.3,0.0
1998-02-02,9973.05,0.026002283880127264
1998-02-03,10054.86,0.008203107374374019
1998-02-04,9971.21,-0.008319359991089015
1998-02-05,9948.07,-0.0023206812412935873
1998-02-06,10010.76,0.006301724857183499
1998-02-07,10010.76,0.0
1998-02-08,10010.76,0.0
1998-02-09,10239.91,0.022890369961920953
1998-02-10,10278.1,0.0037295249665281194
1998-02-11,10485.27,0.020156449149161926
1998-02-12,10350.27,-0.012875204930345108
1998-02-13,10365.53,0.0014743576737612507
1998-02-14,10365.53,0.0
1998-02-15,10365.53,0.0
1998-02-16,10233.26,-0.012760563135700731
1998-02-17,10420.08,0.018256156884511876
1998-02-18,10322.01,-0.009411635995117074
1998-02-19,10235.82,-0.008350117854952765
1998-02-20,10318.73,0.008099986127149572
1998-02-21,10318.73,0.0
1998-02-22,10318.73,0.0
1998-02-23,10318.73,0.0
1998-02-24,10318.73,0.0
1998-02-25,10545.67,0.021993016582467106
1998-02-26,10556.58,0.0010345478286348797
1998-02-27,10570.85,0.0013517635446329557
1998-02-28,10570.85,0.0
1998-03-01,10570.85,0.0
1998-03-02,10845.34,0.025966691420273635
1998-03-03,10939.12,0.008647031812741846
1998-03-04,10898.67,-0.0036977380264592297
1998-03-05,10947.66,0.004495043890676564
1998-03-06,11159.2,0.019322850727918173
1998-03-07,11159.2,0.0
1998-03-08,11159.2,0.0
1998-03-09,11166.83,0.0006837407699475939
1998-03-10,11180.6,0.0012331162917318395
1998-03-11,11223.21,0.0038110655957639406
1998-03-12,11356.08,0.011838858936079832
1998-03-13,11566.34,0.018515191861980584
1998-03-14,11566.34,0.0
1998-03-15,11566.34,0.0
1998-03-16,11600.81,0.002980199440790976
1998-03-17,11808.28,0.017884096024329388
1998-03-18,11894.33,0.007287259448454764
1998-03-19,11831.7,-0.005265534082205536
1998-03-20,11919.29,0.0074029936526449625
1998-03-21,11919.29,0.0
1998-03-22,11919.29,0.0
1998-03-23,12038.29,0.009983816150123115
1998-03-24,11905.47,-0.011033128459274621
1998-03-25,11756.1,-0.012546333744068772
1998-03-26,11945.39,0.016101428194724265
1998-03-27,11899.71,-0.0038240693690202443
1998-03-28,11899.71,0.0
1998-03-29,11899.71,0.0
1998-03-30,11750.24,-0.01256081030546119
1998-03-31,11946.57,0.016708594888274586
1998-04-01,11836.93,-0.009177529617287572
1998-04-02,11857.62,0.0017479194351914806
1998-04-03,11634.49,-0.01881743553934101
1998-04-04,11634.49,0.0
1998-04-05,11634.49,0.0
1998-04-06,11948.43,0.0269835635253457
1998-04-07,11847.35,-0.008459688846149671
1998-04-08,11974.78,0.010755991846277846
1998-04-09,11974.78,0.0
1998-04-10,11974.78,0.0
1998-04-11,11974.78,0.0
1998-04-12,11974.78,0.0
1998-04-13,12120.66,0.012182269736896956
1998-04-14,12269.99,0.012320286189035912
1998-04-15,12299.06,0.0023691950849185073
1998-04-16,12090.58,-0.016950888929723074
1998-04-17,12108.83,0.0015094395802350835
1998-04-18,12108.83,0.0
1998-04-19,12108.83,0.0
1998-04-20,12028.15,-0.0066629063253840215
1998-04-21,12028.15,0.0
1998-04-22,11703.13,-0.027021611802313772
1998-04-23,11572.4,-0.011170515921808954
1998-04-24,11728.49,0.01348812692267809
1998-04-25,11728.49,0.0
1998-04-26,11728.49,0.0
1998-04-27,11057.26,-0.057230726206016214
1998-04-28,11377.24,0.028938453106827522
1998-04-29,11527.76,0.013229922195541421
1998-04-30,11677.11,0.012955682630450438
1998-05-01,11677.11,0.0
1998-05-02,11677.11,0.0
1998-05-03,11677.11,0.0
1998-05-04,11507.43,-0.014530992685690247
1998-05-05,11554.71,0.004108649802779585
1998-05-06,11164.9,-0.03373602626115235
1998-05-07,11063.46,-0.009085616530376539
1998-05-08,11220.22,0.01416916588481354
1998-05-09,11220.22,0.0
1998-05-10,11220.22,0.0
1998-05-11,10983.26,-0.02111901549167472
1998-05-12,10797.97,-0.01687021886033846
1998-05-13,10779.34,-0.0017253242970668436
1998-05-14,10733.71,-0.004233097759232085
1998-05-15,10906.31,0.016080181037125163
1998-05-16,10906.31,0.0
1998-05-17,10906.31,0.0
1998-05-18,10204.6,-0.06433981795859456
1998-05-19,10343.09,0.013571330576406693
1998-05-20,10408.2,0.006295024020868123
1998-05-21,10268.82,-0.013391364501066594
1998-05-22,10239.82,-0.002824083000773192
1998-05-23,10239.82,0.0
1998-05-24,10239.82,0.0
1998-05-25,10015.47,-0.021909564816569027
1998-05-26,9436.25,-0.05783253307133862
1998-05-27,9747.94,0.03303112995098689
1998-05-28,10152.11,0.041462093529504696
1998-05-29,9846.56,-0.030097191618294272
1998-05-30,9846.56,0.0
1998-05-31,9846.56,0.0
1998-06-01,9605.44,-0.02448773988072983
1998-06-02,10150.15,0.05670849018889279
1998-06-03,9855.5,-0.029029127648359854
1998-06-04,10191.03,0.034044949520572354
1998-06-05,10369.67,0.017529140822860834
1998-06-06,10369.67,0.0
1998-06-07,10369.67,0.0
1998-06-08,10540.03,0.016428680951274366
1998-06-09,10369.59,-0.016170731961863583
1998-06-10,9868.36,-0.048336530181038895
1998-06-11,9868.36,0.0
1998-06-12,9584.99,-0.02871500431682683
1998-06-13,9584.99,0.0
1998-06-14,9584.99,0.0
1998-06-15,9073.77,-0.05333547557170115
1998-06-16,9248.77,0.019286360575593076
1998-06-17,9897.02,0.0700904012101069
1998-06-18,9539.43,-0.03613107783959213
1998-06-19,9686.75,0.015443270719529334
1998-06-20,9686.75,0.0
1998-06-21,9686.75,0.0
1998-06-22,9619.78,-0.0069135675020001175
1998-06-23,9937.11,0.032987240872452306
1998-06-24,9855.64,-0.008198560748547745
1998-06-25,9527.81,-0.03326318737291545
1998-06-26,9464.16,-0.006680443879548359
1998-06-27,9464.16,0.0
1998-06-28,9464.16,0.0
1998-06-29,9603.9,0.014765177258203588
1998-06-30,9678.27,0.007743729110049058
1998-07-01,9914.51,0.02440932108734306
1998-07-02,9900.85,-0.001377778629503612
1998-07-03,10115.51,0.0216809667856801
1998-07-04,10115.51,0.0
1998-07-05,10115.51,0.0
1998-07-06,10018.09,-0.009630755147293613
1998-07-07,10205.13,0.01867022556195841
1998-07-08,10335.8,0.012804344481647911
1998-07-09,10335.8,0.0
1998-07-10,10326.78,-0.0008726949050870125
1998-07-11,10326.78,0.0
1998-07-12,10326.78,0.0
1998-07-13,10419.52,0.008980534106468818
1998-07-14,10641.75,0.021328237769110192
1998-07-15,10648.56,0.0006399323419550296
1998-07-16,10907.85,0.024349771236674256
1998-07-17,11057.09,0.013681889648280876
1998-07-18,11057.09,0.0
1998-07-19,11057.09,0.0
1998-07-20,11041.29,-0.001428947399360836
1998-07-21,10922.89,-0.010723384676971759
1998-07-22,10912.47,-0.0009539599867800508
1998-07-23,10639.96,-0.02497234814849436
1998-07-24,10574.72,-0.006131601998503711
1998-07-25,10574.72,0.0
1998-07-26,10574.72,0.0
1998-07-27,10564.05,-0.0010090101676450969
1998-07-28,10318.49,-0.02324487294172206
1998-07-29,10542.42,0.021701818773871118
1998-07-30,10939.23,0.03763936553466851
1998-07-31,10707.25,-0.021206245777810606
1998-08-01,10707.25,0.0
1998-08-02,10707.25,0.0
1998-08-03,10412.99,-0.02748231338578999
1998-08-04,9859.53,-0.05315092014877565
1998-08-05,9828.05,-0.003192849963436495
1998-08-06,9689.97,-0.014049582572331243
1998-08-07,9319.5,-0.03823231650871972
1998-08-08,9319.5,0.0
1998-08-09,9319.5,0.0
1998-08-10,9182.05,-0.014748645313589881
1998-08-11,8801.65,-0.04142865699925391
1998-08-12,8417.41,-0.04365545096658008
1998-08-13,8710.75,0.03484919945684006
1998-08-14,8743.74,0.0037872743449185453
1998-08-15,8743.74,0.0
1998-08-16,8743.74,0.0
1998-08-17,8609.65,-0.015335542914130529
1998-08-18,8642.66,0.0038340699099266295
1998-08-19,8541.57,-0.011696630435537259
1998-08-20,7991.87,-0.06435585027108592
1998-08-21,7763.89,-0.028526490045508668
1998-08-22,7763.89,0.0
1998-08-23,7763.89,0.0
1998-08-24,7655.42,-0.013971089234906753
1998-08-25,7648.43,-0.0009130785770081751
1998-08-26,7347.75,-0.03931264324835293
1998-08-27,6616.73,-0.09948895920519896
1998-08-28,6746.24,0.01957311239842041
1998-08-29,6746.24,0.0
1998-08-30,6746.24,0.0
1998-08-31,6472.15,-0.0406285575372356
1998-09-01,6917.09,0.06874686155296161
1998-09-02,6804.64,-0.016256836328571667
1998-09-03,6218.51,-0.08613681252792216
1998-09-04,5837.22,-0.061315331164539355
1998-09-05,5837.22,0.0
1998-09-06,5837.22,0.0
1998-09-07,5837.22,0.0
1998-09-08,5817.0,-0.0034639777154193974
1998-09-09,5655.49,-0.027765171050369686
1998-09-10,4760.58,-0.15823739410731874
1998-09-11,5398.18,0.133933260232997
1998-09-12,5398.18,0.0
1998-09-13,5398.18,0.0
1998-09-14,5818.6,0.07788180460821992
1998-09-15,6905.39,0.1867786065376551
1998-09-16,6759.85,-0.021076289680959315
1998-09-17,6432.41,-0.04843894465113874
1998-09-18,6709.57,0.04308804942471012
1998-09-19,6709.57,0.0
1998-09-20,6709.57,0.0
1998-09-21,6449.72,-0.03872826425538445
1998-09-22,6559.76,0.01706120575776926
1998-09-23,7280.33,0.10984700659780233
1998-09-24,6844.35,-0.05988464808600702
1998-09-25,6711.52,-0.01940724831430307
1998-09-26,6711.52,0.0
1998-09-27,6711.52,0.0
1998-09-28,6827.39,0.017264345483586352
1998-09-29,6868.88,0.006076992818631943
1998-09-30,6593.3,-0.040120077800165355
1998-10-01,5960.46,-0.09598228504694162
1998-10-02,6409.52,0.075339822765357
1998-10-03,6409.52,0.0
1998-10-04,6409.52,0.0
1998-10-05,6122.85,-0.04472565808360063
1998-10-06,6336.36,0.03487101594845532
1998-10-07,6156.59,-0.02837117840526726
1998-10-08,6175.21,0.0030244014949833975
1998-10-09,6527.54,0.0570555495278704
1998-10-10,6527.54,0.0
1998-10-11,6527.54,0.0
1998-10-12,6527.54,0.0
1998-10-13,6618.07,0.013868930715093208
1998-10-14,6445.47,-0.02608011096890772
1998-10-15,6874.01,0.0664870056023843
1998-10-16,6707.3,-0.02425221959234858
1998-10-17,6707.3,0.0
1998-10-18,6707.3,0.0
1998-10-19,6844.38,0.020437433840740704
1998-10-20,6973.49,0.0188636516382783
1998-10-21,7350.41,0.054050410913330404
1998-10-22,7603.43,0.03442256962536794
1998-10-23,7272.02,-0.043586907487804805
1998-10-24,7272.02,0.0
1998-10-25,7272.02,0.0
1998-10-26,6971.8,-0.041284264894761
1998-10-27,6869.14,-0.014725035141570308
1998-10-28,6826.51,-0.006206017055992441
1998-10-29,6538.4,-0.04220458184343101
1998-10-30,7047.4,0.07784779150862597
1998-10-31,7047.4,0.0
1998-11-01,7047.4,0.0
1998-11-02,7047.4,0.0
1998-11-03,7509.06,0.06550784686551081
1998-11-04,7655.96,0.019563034520965195
1998-11-05,8092.86,0.05706665134091615
1998-11-06,8214.32,0.015008291259208661
1998-11-07,8214.32,0.0
1998-11-08,8214.32,0.0
1998-11-09,8242.38,0.003415985741972438
1998-11-10,8000.47,-0.029349532537931933
1998-11-11,7762.99,-0.029683256108703704
1998-11-12,7470.72,-0.03764915322575446
1998-11-13,7615.14,0.019331470059110734
1998-11-14,7615.14,0.0
1998-11-15,7615.14,0.0
1998-11-16,8004.0,0.051064064482071236
1998-11-17,8330.37,0.04077586206896555
1998-11-18,8547.08,0.026014450738682582
1998-11-19,8317.6,-0.0268489355428988
1998-11-20,8531.39,0.02570332788304297
1998-11-21,8531.39,0.0
1998-11-22,8531.39,0.0
1998-11-23,8635.89,0.012248883241769537
1998-11-24,8606.56,-0.00339629152293508
1998-11-25,8909.71,0.03522313212247408
1998-11-26,8953.75,0.004942921823493762
1998-11-27,9093.52,0.01561021918190697
1998-11-28,9093.52,0.0
1998-11-29,9093.52,0.0
1998-11-30,8631.15,-0.05084609700094145
1998-12-01,8544.56,-0.010032266847407323
1998-12-02,8448.61,-0.011229366989054856
1998-12-03,7706.29,-0.08786297390931774
1998-12-04,7626.74,-0.01032273636211456
1998-12-05,7626.74,0.0
1998-12-06,7626.74,0.0
1998-12-07,7945.79,0.04183307677985626
1998-12-08,7629.25,-0.03983744851046911
1998-12-09,7572.86,-0.00739129010059969
1998-12-10,7530.49,-0.0055949799679381185
1998-12-11,7195.36,-0.04450308014485116
1998-12-12,7195.36,0.0
1998-12-13,7195.36,0.0
1998-12-14,6583.74,-0.08500200128972002
1998-12-15,6934.26,0.05324025553864531
1998-12-16,6618.69,-0.045508821417137635
1998-12-17,6645.43,0.0040400743953865614
1998-12-18,6781.84,0.020526888403007648
1998-12-19,6781.84,0.0
1998-12-20,6781.84,0.0
1998-12-21,7201.79,0.06192272303681601
1998-12-22,7115.07,-0.01204145080598018
1998-12-23,7176.04,0.008569135651511628
1998-12-24,7176.04,0.0
1998-12-25,7176.04,0.0
1998-12-26,7176.04,0.0
1998-12-27,7176.04,0.0
1998-12-28,6898.98,-0.0386090378537467
1998-12-29,6715.14,-0.026647417444317756
1998-12-30,6784.33,0.01030358265054776
1998-12-31,6784.33,0.0
1999-01-01,6784.33,0.0
1999-01-02,6784.33,0.0
1999-01-03,6784.33,0.0
1999-01-04,6941.99,0.023238845987739287
1999-01-05,7110.84,0.024322996719960743
1999-01-06,7330.72,0.030921803893773525
1999-01-07,6954.17,-0.05136603225876857
1999-01-08,6781.41,-0.024842648367813913
1999-01-09,6781.41,0.0
1999-01-10,6781.41,0.0
1999-01-11,6403.26,-0.055762739607249756
1999-01-12,5915.55,-0.07616589049952682
1999-01-13,5617.06,-0.050458537245057444
1999-01-14,5057.19,-0.09967313861699911
1999-01-15,6746.74,0.3340886935234786
1999-01-16,6746.74,0.0
1999-01-17,6746.74,0.0
1999-01-18,7113.32,0.05433438964596227
1999-01-19,7380.53,0.037564737703351
1999-01-20,7674.1,0.039776276229484875
1999-01-21,7321.32,-0.04597021149059832
1999-01-22,7189.33,-0.018028169783590897
1999-01-23,7189.33,0.0
1999-01-24,7189.33,0.0
1999-01-25,7189.33,0.0
1999-01-26,7645.46,0.06344541146393334
1999-01-27,7687.14,0.005451601342496115
1999-01-28,7987.13,0.03902491693919963
1999-01-29,8171.56,0.02309089748132309
1999-01-30,8171.56,0.0
1999-01-31,8171.56,0.0
1999-02-01,8891.03,0.08804561185379534
1999-02-02,8731.7,-0.017920308445703137
1999-02-03,8676.03,-0.006375619867837856
1999-02-04,8652.94,-0.002661355481712313
1999-02-05,8435.48,-0.02513134264192296
1999-02-06,8435.48,0.0
1999-02-07,8435.48,0.0
1999-02-08,8824.27,0.04608984906608771
1999-02-09,8673.53,-0.017082432881133536
1999-02-10,8853.21,0.020715902291223776
1999-02-11,8990.13,0.015465576892449207
1999-02-12,8952.3,-0.004207948049694488
1999-02-13,8952.3,0.0
1999-02-14,8952.3,0.0
1999-02-15,8952.3,0.0
1999-02-16,8952.3,0.0
1999-02-17,8974.01,0.002425075120360276
1999-02-18,8860.68,-0.012628691075672993
1999-02-19,9013.15,0.017207482947132702
1999-02-20,9013.15,0.0
1999-02-21,9013.15,0.0
1999-02-22,9074.55,0.006812268740673311
1999-02-23,8942.68,-0.014531850064190444
1999-02-24,8953.18,0.001174144663568466
1999-02-25,8674.2,-0.031159878389577678
1999-02-26,8910.72,0.02726706785640154
1999-02-27,8910.72,0.0
1999-02-28,8910.72,0.0
1999-03-01,9198.0,0.032239819004524994
1999-03-02,9070.65,-0.013845401174168326
1999-03-03,9154.8,0.009277174182666048
1999-03-04,9508.09,0.0385906846681523
1999-03-05,9465.09,-0.004522464553869399
1999-03-06,9465.09,0.0
1999-03-07,9465.09,0.0
1999-03-08,9785.84,0.03388768622379712
1999-03-09,9484.01,-0.030843545367592373
1999-03-10,9778.11,0.03101008961399243
1999-03-11,9697.67,-0.008226538666470384
1999-03-12,9574.24,-0.012727799564225206
1999-03-13,9574.24,0.0
1999-03-14,9574.24,0.0
1999-03-15,10413.65,0.08767379969585054
1999-03-16,10658.39,0.02350184613464057
1999-03-17,10634.76,-0.0022170327788717525
1999-03-18,10894.36,0.02441051796185345
1999-03-19,10835.86,-0.005369750953704511
1999-03-20,10835.86,0.0
1999-03-21,10835.86,0.0
1999-03-22,10527.07,-0.028497045919751773
1999-03-23,10416.95,-0.010460650494391932
1999-03-24,10428.54,0.0011126097370151022
1999-03-25,10937.11,0.04876713327081261
1999-03-26,10865.44,-0.006552919372667887
1999-03-27,10865.44,0.0
1999-03-28,10865.44,0.0
1999-03-29,10868.89,0.0003175205053820296
1999-03-30,11027.58,0.014600386976038937
1999-03-31,10696.35,-0.030036508463325506
1999-04-01,10696.35,0.0
1999-04-02,10696.35,0.0
1999-04-03,10696.35,0.0
1999-04-04,10696.35,0.0
1999-04-05,11021.53,0.030401024648595065
1999-04-06,11165.65,0.013076224444337425
1999-04-07,11529.92,0.03262416428958459
1999-04-08,11465.72,-0.005568121895034861
1999-04-09,11328.55,-0.011963487683285479
1999-04-10,11328.55,0.0
1999-04-11,11328.55,0.0
1999-04-12,11429.88,0.008944657524572852
1999-04-13,11217.33,-0.018595995758485584
1999-04-14,11305.8,0.0078869035679614
1999-04-15,11245.55,-0.005329123104954925
1999-04-16,11428.77,0.016292666877120388
1999-04-17,11428.77,0.0
1999-04-18,11428.77,0.0
1999-04-19,11196.56,-0.020318021974368272
1999-04-20,10989.42,-0.018500325099852
1999-04-21,10989.42,0.0
1999-04-22,11083.93,0.008600089904653663
1999-04-23,11031.91,-0.004693281173735353
1999-04-24,11031.91,0.0
1999-04-25,11031.91,0.0
1999-04-26,10797.92,-0.021210289061458942
1999-04-27,10885.36,0.00809785588335532
1999-04-28,11127.21,0.022217914703785535
1999-04-29,11085.25,-0.0037709362904086996
1999-04-30,11350.56,0.02393360546672385
1999-05-01,11350.56,0.0
1999-05-02,11350.56,0.0
1999-05-03,11436.9,0.007606673150928334
1999-05-04,11268.19,-0.014751374935515704
1999-05-05,11578.43,0.027532372102351932
1999-05-06,11888.87,0.026811925278297677
1999-05-07,12233.23,0.028964905832093324
1999-05-08,12233.23,0.0
1999-05-09,12233.23,0.0
1999-05-10,12412.27,0.014635545967827124
1999-05-11,12267.4,-0.011671515363426699
1999-05-12,12147.7,-0.009757568840993103
1999-05-13,12459.16,0.02563942145426701
1999-05-14,12335.14,-0.009954122107750485
1999-05-15,12335.14,0.0
1999-05-16,12335.14,0.0
1999-05-17,12151.11,-0.01491916589515796
1999-05-18,12267.84,0.009606529773823036
1999-05-19,12118.31,-0.012188779768891767
1999-05-20,12088.24,-0.002481369101797193
1999-05-21,11727.81,-0.029816582066537367
1999-05-22,11727.81,0.0
1999-05-23,11727.81,0.0
1999-05-24,11154.61,-0.048875280210030625
1999-05-25,10602.18,-0.04952481530057984
1999-05-26,11245.11,0.060641302071838155
1999-05-27,10936.95,-0.027403911566894368
1999-05-28,10929.67,-0.0006656334718546653
1999-05-29,10929.67,0.0
1999-05-30,10929.67,0.0
1999-05-31,11089.61,0.014633561672035889
1999-06-01,11050.65,-0.003513198390204919
1999-06-02,10996.5,-0.004900164243732186
1999-06-03,10996.5,0.0
1999-06-04,11233.7,0.021570499704451462
1999-06-05,11233.7,0.0
1999-06-06,11233.7,0.0
1999-06-07,11047.47,-0.01657779716389096
1999-06-08,11032.87,-0.0013215695539339212
1999-06-09,10889.9,-0.012958550223106102
1999-06-10,11089.18,0.018299525248165693
1999-06-11,11104.55,0.0013860357573778348
1999-06-12,11104.55,0.0
1999-06-13,11104.55,0.0
1999-06-14,11084.04,-0.0018469906479774423
1999-06-15,11183.13,0.008939881126376115
1999-06-16,11643.51,0.0411673654871223
1999-06-17,11628.73,-0.001269376674216005
1999-06-18,11877.24,0.02137034740681054
1999-06-19,11877.24,0.0
1999-06-20,11877.24,0.0
1999-06-21,12005.36,0.010787017859368087
1999-06-22,11974.44,-0.002575516269399669
1999-06-23,11792.22,-0.01521741308988156
1999-06-24,11430.77,-0.03065156518450296
1999-06-25,11219.58,-0.018475570762074733
1999-06-26,11219.58,0.0
1999-06-27,11219.58,0.0
1999-06-28,11264.01,0.003960041284967852
1999-06-29,11379.29,0.01023436591409288
1999-06-30,11626.94,0.021763220728182375
1999-07-01,11708.12,0.006982060628161868
1999-07-02,11835.58,0.010886461703501382
1999-07-03,11835.58,0.0
1999-07-04,11835.58,0.0
1999-07-05,11936.01,0.008485431216721073
1999-07-06,11674.39,-0.021918547320252002
1999-07-07,11745.0,0.0060482817517661935
1999-07-08,11509.03,-0.020091102596849653
1999-07-09,11509.03,0.0
1999-07-10,11509.03,0.0
1999-07-11,11509.03,0.0
1999-07-12,11273.24,-0.02048739120499299
1999-07-13,11302.88,0.0026292352509127426
1999-07-14,11349.43,0.004118419376300642
1999-07-15,11361.81,0.0010908036791275055
1999-07-16,11407.1,0.003986160655740756
1999-07-17,11407.1,0.0
1999-07-18,11407.1,0.0
1999-07-19,11451.72,0.0039115989164641984
1999-07-20,11274.14,-0.015506840893769636
1999-07-21,11302.59,0.002523474074297427
1999-07-22,11238.59,-0.005662418967687932
1999-07-23,10989.09,-0.022200293809098826
1999-07-24,10989.09,0.0
1999-07-25,10989.09,0.0
1999-07-26,10675.31,-0.028553774698359957
1999-07-27,10734.56,0.005550190111575315
1999-07-28,10691.07,-0.004051400336855915
1999-07-29,10568.34,-0.01147967415796547
1999-07-30,10441.9,-0.011964035979160403
1999-07-31,10441.9,0.0
1999-08-01,10441.9,0.0
1999-08-02,10211.04,-0.02210900315076747
1999-08-03,10264.62,0.005247261787242108
1999-08-04,10172.42,-0.008982310109872604
1999-08-05,10195.71,0.0022895240267311046
1999-08-06,10038.86,-0.015383921276693635
1999-08-07,10038.86,0.0
1999-08-08,10038.86,0.0
1999-08-09,9948.48,-0.009003014286482869
1999-08-10,9834.62,-0.011444964456881701
1999-08-11,10136.98,0.030744451742924284
1999-08-12,10045.98,-0.008977032607344615
1999-08-13,10180.9,0.013430247720978894
1999-08-14,10180.9,0.0
1999-08-15,10180.9,0.0
1999-08-16,10118.57,-0.0061222485241972935
1999-08-17,9924.65,-0.019164763400361884
1999-08-18,9689.35,-0.023708644637342347
1999-08-19,9818.12,0.01328984916428877
1999-08-20,10142.54,0.03304298582620713
1999-08-21,10142.54,0.0
1999-08-22,10142.54,0.0
1999-08-23,10180.8,0.0037722306246756876
1999-08-24,10314.01,0.013084433443344423
1999-08-25,10650.03,0.03257898722223462
1999-08-26,10496.06,-0.014457236270696061
1999-08-27,10545.1,0.004672229388932747
1999-08-28,10545.1,0.0
1999-08-29,10545.1,0.0
1999-08-30,10524.17,-0.001984808109927849
1999-08-31,10564.6,0.003841633116910881
1999-09-01,10902.34,0.031969028642826025
1999-09-02,10998.22,0.008794442294039584
1999-09-03,11156.23,0.014366870275371868
1999-09-04,11156.23,0.0
1999-09-05,11156.23,0.0
1999-09-06,11185.45,0.00261916435928633
1999-09-07,11185.45,0.0
1999-09-08,11090.48,-0.008490494347567656
1999-09-09,11292.04,0.018174145753835802
1999-09-10,11363.36,0.006315953538952979
1999-09-11,11363.36,0.0
1999-09-12,11363.36,0.0
1999-09-13,11477.63,0.010056004562030818
1999-09-14,11459.22,-0.001603989673826356
1999-09-15,11263.11,-0.017113730253891513
1999-09-16,11094.44,-0.014975437512374512
1999-09-17,11290.05,0.017631354083667006
1999-09-18,11290.05,0.0
1999-09-19,11290.05,0.0
1999-09-20,11586.25,0.02623549054255747
1999-09-21,11449.49,-0.01180364656381494
1999-09-22,11531.18,0.0071348156118744566
1999-09-23,11385.04,-0.01267346446764328
1999-09-24,11532.82,0.012980191549612385
1999-09-25,11532.82,0.0
1999-09-26,11532.82,0.0
1999-09-27,11542.17,0.0008107297261208402
1999-09-28,11442.4,-0.008643955166143025
1999-09-29,11433.54,-0.0007743130811717069
1999-09-30,11106.31,-0.02862018237571229
1999-10-01,10959.83,-0.013188898923224723
1999-10-02,10959.83,0.0
1999-10-03,10959.83,0.0
1999-10-04,11055.42,0.008721850612646298
1999-10-05,10923.57,-0.011926276885003029
1999-10-06,11345.37,0.03861374990044464
1999-10-07,11338.06,-0.0006443156988270582
1999-10-08,11459.5,0.010710827072709206
1999-10-09,11459.5,0.0
1999-10-10,11459.5,0.0
1999-10-11,11478.17,0.0016292159343775925
1999-10-12,11478.17,0.0
1999-10-13,11297.7,-0.01572288962439128
1999-10-14,11330.31,0.0028864282110516726
1999-10-15,11146.49,-0.016223739685851446
1999-10-16,11146.49,0.0
1999-10-17,11146.49,0.0
1999-10-18,10978.22,-0.01509623208741051
1999-10-19,11097.65,0.010878812776570435
1999-10-20,11274.85,0.015967344437786357
1999-10-21,11253.59,-0.0018856126689047459
1999-10-22,11460.62,0.018396796044640062
1999-10-23,11460.62,0.0
1999-10-24,11460.62,0.0
1999-10-25,11394.29,-0.005787644996518515
1999-10-26,11469.5,0.006600674548392194
1999-10-27,11530.72,0.005337634596102703
1999-10-28,11700.11,0.014690322893973873
1999-10-29,11700.2,7.692235372225298e-06
1999-10-30,11700.2,0.0
1999-10-31,11700.2,0.0
1999-11-01,11762.6,0.005333242166800645
1999-11-02,11762.6,0.0
1999-11-03,12346.67,0.049654838216040664
1999-11-04,12406.32,0.00483126219458363
1999-11-05,12714.26,0.024821220152309476
1999-11-06,12714.26,0.0
1999-11-07,12714.26,0.0
1999-11-08,12960.1,0.019335769443129314
1999-11-09,12879.89,-0.006188995455282065
1999-11-10,13101.14,0.017177941737080094
1999-11-11,13189.27,0.006726895522069176
1999-11-12,13114.01,-0.005706153562706651
1999-11-13,13114.01,0.0
1999-11-14,13114.01,0.0
1999-11-15,13114.01,0.0
1999-11-16,13128.37,0.0010950121282506942
1999-11-17,12812.53,-0.024057822867576073
1999-11-18,13087.43,0.021455559518689826
1999-11-19,13462.98,0.028695473442837738
1999-11-20,13462.98,0.0
1999-11-21,13462.98,0.0
1999-11-22,13435.52,-0.0020396672950564465
1999-11-23,13565.23,0.00965425975325096
1999-11-24,13392.91,-0.012703065115740708
1999-11-25,13536.08,0.010689984476861314
1999-11-26,13888.26,0.02601787223479768
1999-11-27,13888.26,0.0
1999-11-28,13888.26,0.0
1999-11-29,13854.98,-0.0023962685030378683
1999-11-30,13778.86,-0.005494053401737031
1999-12-01,13874.31,0.006927278454095465
1999-12-02,14213.17,0.02442355691922704
1999-12-03,14408.71,0.013757662787400537
1999-12-04,14408.71,0.0
1999-12-05,14408.71,0.0
1999-12-06,14344.07,-0.004486175375866375
1999-12-07,14299.94,-0.0030765326716893915
1999-12-08,14410.37,0.007722410024098014
1999-12-09,14584.19,0.012062146912258376
1999-12-10,14783.88,0.013692224251055318
1999-12-11,14783.88,0.0
1999-12-12,14783.88,0.0
1999-12-13,14811.9,0.001895307591782469
1999-12-14,14644.42,-0.011307124676780078
1999-12-15,14322.08,-0.022011114130843
1999-12-16,14497.03,0.012215404466390467
1999-12-17,14788.76,0.02012343217886703
1999-12-18,14788.76,0.0
1999-12-19,14788.76,0.0
1999-12-20,15110.21,0.02173610228308509
1999-12-21,15591.97,0.031883077733532605
1999-12-22,15916.48,0.020812636248017435
1999-12-23,15953.63,0.0023340587868674323
1999-12-24,15953.63,0.0
1999-12-25,15953.63,0.0
1999-12-26,15953.63,0.0
1999-12-27,16011.42,0.003622373090011566
1999-12-28,16376.81,0.022820586806167054
1999-12-29,16772.96,0.024189692620235625
1999-12-30,17091.6,0.018997243181883228
1999-12-31,17091.6,0.0
2000-01-01,17091.6,0.0
2000-01-02,17091.6,0.0
2000-01-03,16930.42,-0.00943036345339232
2000-01-04,15851.0,-0.06375624467674157
2000-01-05,16245.14,0.02486530818244903
2000-01-06,16106.89,-0.008510237523345454
2000-01-07,16309.15,0.012557358993573464
2000-01-08,16309.15,0.0
2000-01-09,16309.15,0.0
2000-01-10,17022.13,0.04371656401467905
2000-01-11,16572.72,-0.02640151379410216
2000-01-12,16616.87,0.002664016528366897
2000-01-13,17298.07,0.040994483317255304
2000-01-14,17657.95,0.020804633118030047
2000-01-15,17657.95,0.0
2000-01-16,17657.95,0.0
2000-01-17,18053.22,0.02238481816971971
2000-01-18,17903.23,-0.008308213160865607
2000-01-19,17470.24,-0.024185021362066905
2000-01-20,17176.73,-0.016800570570295603
2000-01-21,17034.21,-0.008297271948735307
2000-01-22,17034.21,0.0
2000-01-23,17034.21,0.0
2000-01-24,16971.73,-0.0036679129821693968
2000-01-25,16971.73,0.0
2000-01-26,17105.26,0.00786778955356926
2000-01-27,17081.16,-0.0014089233370319088
2000-01-28,16734.39,-0.020301314430635875
2000-01-29,16734.39,0.0
2000-01-30,16734.39,0.0
2000-01-31,16388.27,-0.020683156063650898
2000-02-01,16522.2,0.00817230860853524
2000-02-02,16868.46,0.020957257508079863
2000-02-03,17457.12,0.034897080112825885
2000-02-04,17932.47,0.027229577387335446
2000-02-05,17932.47,0.0
2000-02-06,17932.47,0.0
2000-02-07,18125.6,0.010769849329177683
2000-02-08,18685.58,0.030894425563843475
2000-02-09,18361.39,-0.0173497424216964
2000-02-10,18603.81,0.013202704152572409
2000-02-11,18083.46,-0.027970077097110857
2000-02-12,18083.46,0.0
2000-02-13,18083.46,0.0
2000-02-14,17819.01,-0.014623860699224611
2000-02-15,17920.73,0.005708510180980841
2000-02-16,18112.47,0.010699340930866219
2000-02-17,17979.41,-0.0073463199662995304
2000-02-18,17625.02,-0.01971088039040214
2000-02-19,17625.02,0.0
2000-02-20,17625.02,0.0
2000-02-21,17699.76,0.004240562563900596
2000-02-22,17489.33,-0.011888861769876913
2000-02-23,17833.39,0.019672566073142717
2000-02-24,17775.79,-0.003229896278834188
2000-02-25,17786.82,0.0006205068804254754
2000-02-26,17786.82,0.0
2000-02-27,17786.82,0.0
2000-02-28,17542.7,-0.013724769239245593
2000-02-29,17660.2,0.006697942734014806
2000-03-01,17953.01,0.016580219929559048
2000-03-02,18015.5,0.0034807533667058355
2000-03-03,18631.73,0.03420554522494523
2000-03-04,18631.73,0.0
2000-03-05,18631.73,0.0
2000-03-06,18631.73,0.0
2000-03-07,18631.73,0.0
2000-03-08,18282.93,-0.01872075217921254
2000-03-09,18650.46,0.020102357773070123
2000-03-10,18280.35,-0.01984455075102709
2000-03-11,18280.35,0.0
2000-03-12,18280.35,0.0
2000-03-13,17594.82,-0.03750092312236908
2000-03-14,17221.88,-0.021196011098721046
2000-03-15,17381.6,0.009274248804427732
2000-03-16,17642.22,0.014994016661297183
2000-03-17,17511.24,-0.007424235725435935
2000-03-18,17511.24,0.0
2000-03-19,17511.24,0.0
2000-03-20,17525.59,0.0008194736637725519
2000-03-21,18342.79,0.04662895799799038
2000-03-22,18314.0,-0.001569554031856657
2000-03-23,18331.05,0.0009309817625859917
2000-03-24,18674.53,0.018737606410980323
2000-03-25,18674.53,0.0
2000-03-26,18674.53,0.0
2000-03-27,18951.48,0.014830359853768682
2000-03-28,18337.9,-0.03237636321807047
2000-03-29,18053.36,-0.015516498617617058
2000-03-30,17646.77,-0.02252156939206884
2000-03-31,17820.37,0.009837494340323882
2000-04-01,17820.37,0.0
2000-04-02,17820.37,0.0
2000-04-03,17245.47,-0.03226083409042557
2000-04-04,16757.93,-0.028270612514474824
2000-04-05,16714.37,-0.0025993663895242936
2000-04-06,17146.13,0.02583166460955466
2000-04-07,17513.72,0.02143865700306713
2000-04-08,17513.72,0.0
2000-04-09,17513.72,0.0
2000-04-10,16783.32,-0.04170444657103123
2000-04-11,16539.35,-0.014536456434126377
2000-04-12,16323.36,-0.013059158914951241
2000-04-13,15500.81,-0.050390973427039576
2000-04-14,14794.34,-0.04557632794673305
2000-04-15,14794.34,0.0
2000-04-16,14794.34,0.0
2000-04-17,14815.68,0.0014424435290794069
2000-04-18,15408.4,0.04000626363420379
2000-04-19,14926.15,-0.031297863503024326
2000-04-20,15203.21,0.018562053845097237
2000-04-21,15203.21,0.0
2000-04-22,15203.21,0.0
2000-04-23,15203.21,0.0
2000-04-24,14794.23,-0.0269008979024824
2000-04-25,15400.58,0.04098557342964115
2000-04-26,15446.36,0.0029726153170854808
2000-04-27,15440.11,-0.00040462607371571924
2000-04-28,15537.6,0.006314074187295349
2000-04-29,15537.6,0.0
2000-04-30,15537.6,0.0
2000-05-01,15537.6,0.0
2000-05-02,15524.13,-0.000866929255483595
2000-05-03,15108.56,-0.02676929399586314
2000-05-04,14969.59,-0.009198096972841796
2000-05-05,15217.86,0.016584956568616915
2000-05-06,15217.86,0.0
2000-05-07,15217.86,0.0
2000-05-08,14890.96,-0.02148133837477817
2000-05-09,14581.52,-0.02078039293638545
2000-05-10,14433.81,-0.010129945300627163
2000-05-11,14498.54,0.004484609399735939
2000-05-12,14458.94,-0.0027313094973701046
2000-05-13,14458.94,0.0
2000-05-14,14458.94,0.0
2000-05-15,15055.53,0.041260977637364915
2000-05-16,15360.4,0.020249702268867242
2000-05-17,14870.53,-0.03189174761073921
2000-05-18,14626.69,-0.01639753256945109
2000-05-19,14326.63,-0.02051455250641132
2000-05-20,14326.63,0.0
2000-05-21,14326.63,0.0
2000-05-22,13891.24,-0.03039025925845784
2000-05-23,13587.16,-0.02189005445158243
2000-05-24,14166.4,0.04263142555177102
2000-05-25,14185.61,0.0013560255251863218
2000-05-26,14542.26,0.025141675261056706
2000-05-27,14542.26,0.0
2000-05-28,14542.26,0.0
2000-05-29,14772.63,0.015841416671136255
2000-05-30,15248.55,0.03221633520909961
2000-05-31,14956.61,-0.019145426942233756
2000-06-01,15450.04,0.03299076461845307
2000-06-02,16222.48,0.049995987065405645
2000-06-03,16222.48,0.0
2000-06-04,16222.48,0.0
2000-06-05,16022.93,-0.012300831931985723
2000-06-06,15946.63,-0.004761925565424097
2000-06-07,16271.74,0.020387379653255877
2000-06-08,16398.8,0.007808630177227549
2000-06-09,16342.28,-0.0034465936531939967
2000-06-10,16342.28,0.0
2000-06-11,16342.28,0.0
2000-06-12,16096.7,-0.015027278935375032
2000-06-13,16354.47,0.016013841346362856
2000-06-14,16366.1,0.0007111205682606148
2000-06-15,16561.37,0.011931370332577629
2000-06-16,16424.93,-0.008238448872285198
2000-06-17,16424.93,0.0
2000-06-18,16424.93,0.0
2000-06-19,16850.03,0.025881388840013342
2000-06-20,16843.58,-0.00038278863598439905
2000-06-21,17254.26,0.024381990051995928
2000-06-22,17254.26,0.0
2000-06-23,16977.26,-0.016054006372918872
2000-06-24,16977.26,0.0
2000-06-25,16977.26,0.0
2000-06-26,16744.8,-0.013692433290177553
2000-06-27,16512.93,-0.01384728393292245
2000-06-28,16842.29,0.019945582037833365
2000-06-29,16407.16,-0.025835560366197274
2000-06-30,16727.95,0.019551829810887433
2000-07-01,16727.95,0.0
2000-07-02,16727.95,0.0
2000-07-03,17088.54,0.021556138080278897
2000-07-04,17279.21,0.011157770061105188
2000-07-05,17134.93,-0.008349918775221732
2000-07-06,17348.07,0.012438918629956497
2000-07-07,17598.83,0.014454633858406174
2000-07-08,17598.83,0.0
2000-07-09,17598.83,0.0
2000-07-10,17471.63,-0.007227753208594034
2000-07-11,16880.66,-0.03382454871125373
2000-07-12,17053.38,0.010231827428548446
2000-07-13,16444.25,-0.03571901875170791
2000-07-14,16880.95,0.02655639509250962
2000-07-15,16880.95,0.0
2000-07-16,16880.95,0.0
2000-07-17,17387.88,0.030029708043682435
2000-07-18,17368.59,-0.0011093934395682847
2000-07-19,16927.55,-0.025392965116915134
2000-07-20,17203.62,0.016308916529562678
2000-07-21,17318.24,0.006662551253747928
2000-07-22,17318.24,0.0
2000-07-23,17318.24,0.0
2000-07-24,17385.98,0.003911482922051901
2000-07-25,17049.42,-0.01935812649042512
2000-07-26,17121.3,0.00421597919460015
2000-07-27,16948.73,-0.010079258000268654
2000-07-28,16485.69,-0.027320041088624403
2000-07-29,16485.69,0.0
2000-07-30,16485.69,0.0
2000-07-31,16454.6,-0.0018858779947942272
2000-08-01,16289.87,-0.010011182283373499
2000-08-02,16314.47,0.0015101409649063147
2000-08-03,16720.76,0.02490365914430548
2000-08-04,16761.25,0.00242154064767397
2000-08-05,16761.25,0.0
2000-08-06,16761.25,0.0
2000-08-07,16995.8,0.013993586397195834
2000-08-08,16884.77,-0.006532790454112147
2000-08-09,16533.67,-0.020793887035476466
2000-08-10,16834.8,0.018213137192166107
2000-08-11,17395.0,0.033276308598854776
2000-08-12,17395.0,0.0
2000-08-13,17395.0,0.0
2000-08-14,17810.63,0.023893647599884993
2000-08-15,17744.13,-0.003733725308986857
2000-08-16,17330.77,-0.023295591274410166
2000-08-17,17702.52,0.021450287552139846
2000-08-18,17313.69,-0.02196466943689379
2000-08-19,17313.69,0.0
2000-08-20,17313.69,0.0
2000-08-21,17083.38,-0.013302190347638021
2000-08-22,17224.43,0.008256562811340462
2000-08-23,17450.44,0.013121479201343655
2000-08-24,17310.96,-0.007992921668450781
2000-08-25,17642.67,0.019161848909592383
2000-08-26,17642.67,0.0
2000-08-27,17642.67,0.0
2000-08-28,17460.33,-0.010335170356867596
2000-08-29,17354.89,-0.006038832026657115
2000-08-30,17414.28,0.00342209025813478
2000-08-31,17346.7,-0.003880723176611256
2000-09-01,17577.42,0.013300512489407001
2000-09-02,17577.42,0.0
2000-09-03,17577.42,0.0
2000-09-04,17613.17,0.0020338593490967227
2000-09-05,17424.97,-0.010685186141960679
2000-09-06,17589.66,0.009451379256320003
2000-09-07,17589.66,0.0
2000-09-08,17433.17,-0.008896704086378104
2000-09-09,17433.17,0.0
2000-09-10,17433.17,0.0
2000-09-11,17287.65,-0.008347305739575539
2000-09-12,16882.69,-0.023424814824455797
2000-09-13,16998.51,0.006860281151878089
2000-09-14,16768.53,-0.013529421108085304
2000-09-15,16563.18,-0.012246153956250061
2000-09-16,16563.18,0.0
2000-09-17,16563.18,0.0
2000-09-18,15913.13,-0.03924669055096919
2000-09-19,16188.45,0.017301435983995805
2000-09-20,16077.7,-0.006841297344711839
2000-09-21,16146.02,0.004249364025948887
2000-09-22,16353.09,0.01282483237355092
2000-09-23,16353.09,0.0
2000-09-24,16353.09,0.0
2000-09-25,16318.55,-0.002112139051396511
2000-09-26,16254.93,-0.003898630699418648
2000-09-27,15848.12,-0.02502686877150495
2000-09-28,16013.69,0.010447295956870661
2000-09-29,15928.39,-0.0053266923488590745
2000-09-30,15928.39,0.0
2000-10-01,15928.39,0.0
2000-10-02,15559.3,-0.023171833437026557
2000-10-03,15633.27,0.004754069913170955
2000-10-04,15876.39,0.015551448929110645
2000-10-05,16362.05,0.030590077467232746
2000-10-06,15945.91,-0.02543324338942854
2000-10-07,15945.91,0.0
2000-10-08,15945.91,0.0
2000-10-09,15855.31,-0.0056817077231716695
2000-10-10,15747.09,-0.0068254736110489045
2000-10-11,15526.05,-0.014036879194822771
2000-10-12,15526.05,0.0
2000-10-13,15385.08,-0.009079579158897455
2000-10-14,15385.08,0.0
2000-10-15,15385.08,0.0
2000-10-16,15241.85,-0.009309668848000774
2000-10-17,14870.13,-0.024388115615886607
2000-10-18,14420.72,-0.03022233161377874
2000-10-19,14845.14,0.029431262794090696
2000-10-20,14529.41,-0.02126823997618077
2000-10-21,14529.41,0.0
2000-10-22,14529.41,0.0
2000-10-23,13989.84,-0.03713640127162765
2000-10-24,13799.19,-0.01362774699353242
2000-10-25,13665.31,-0.009702018741679863
2000-10-26,14223.13,0.04082014970754422
2000-10-27,14691.68,0.03294281919661857
2000-10-28,14691.68,0.0
2000-10-29,14691.68,0.0
2000-10-30,14891.14,0.013576391535889742
2000-10-31,14867.23,-0.0016056527572770873
2000-11-01,14791.19,-0.005114604401761369
2000-11-02,14791.19,0.0
2000-11-03,14533.96,-0.017390757606386087
2000-11-04,14533.96,0.0
2000-11-05,14533.96,0.0
2000-11-06,14800.91,0.018367327280383483
2000-11-07,14968.75,0.011339843293419083
2000-11-08,14656.3,-0.020873486430062704
2000-11-09,14524.38,-0.009000907459590812
2000-11-10,14625.95,0.006993069583693279
2000-11-11,14625.95,0.0
2000-11-12,14625.95,0.0
2000-11-13,14371.81,-0.01737596532191077
2000-11-14,14540.27,0.011721557688280093
2000-11-15,14540.27,0.0
2000-11-16,14489.96,-0.00346004579007142
2000-11-17,14323.22,-0.01150727814293484
2000-11-18,14323.22,0.0
2000-11-19,14323.22,0.0
2000-11-20,14499.8,0.012328233455884963
2000-11-21,14783.73,0.01958164940206064
2000-11-22,14576.98,-0.01398496861076337
2000-11-23,14314.45,-0.018009903285865714
2000-11-24,14335.5,0.0014705420047573803
2000-11-25,14335.5,0.0
2000-11-26,14335.5,0.0
2000-11-27,14008.2,-0.022831432457884215
2000-11-28,13913.85,-0.006735340729001615
2000-11-29,13787.52,-0.009079442426071838
2000-11-30,13287.39,-0.036274108759225765
2000-12-01,13437.49,0.011296424655255821
2000-12-02,13437.49,0.0
2000-12-03,13437.49,0.0
2000-12-04,13510.0,0.005396097038955938
2000-12-05,14181.62,0.0497128053293856
2000-12-06,13945.41,-0.01665606609118009
2000-12-07,14459.98,0.03689887927282154
2000-12-08,14982.99,0.036169482945342946
2000-12-09,14982.99,0.0
2000-12-10,14982.99,0.0
2000-12-11,15187.95,0.013679512567251306
2000-12-12,14906.02,-0.01856274217389442
2000-12-13,15290.51,0.02579427640644516
2000-12-14,15259.0,-0.002060755331247943
2000-12-15,14987.95,-0.01776328724031717
2000-12-16,14987.95,0.0
2000-12-17,14987.95,0.0
2000-12-18,15082.75,0.006325081148522704
2000-12-19,15336.11,0.016797997712618695
2000-12-20,14622.41,-0.046537224889492856
2000-12-21,14505.45,-0.007998681475898883
2000-12-22,14652.06,0.010107235556290783
2000-12-23,14652.06,0.0
2000-12-24,14652.06,0.0
2000-12-25,14652.06,0.0
2000-12-26,14794.58,0.009726959895059117
2000-12-27,15186.15,0.02646712512284899
2000-12-28,15259.29,0.004816230578520653
2000-12-29,15259.29,0.0
2000-12-30,15259.29,0.0
2000-12-31,15259.29,0.0
2001-01-01,15259.29,0.0
2001-01-02,15425.34,0.010881895553462861
2001-01-03,16599.42,0.07611371937344646
2001-01-04,16675.06,0.004556785719019185
2001-01-05,16409.81,-0.015906989240218605
2001-01-06,16409.81,0.0
2001-01-07,16409.81,0.0
2001-01-08,16562.14,0.009282861897852435
2001-01-09,16975.64,0.024966580405672234
2001-01-10,16918.57,-0.0033618761943584596
2001-01-11,17023.58,0.006206789344489705
2001-01-12,16850.09,-0.010191158381492094
2001-01-13,16850.09,0.0
2001-01-14,16850.09,0.0
2001-01-15,16962.75,0.006686017700795688
2001-01-16,16720.98,-0.014252995534332569
2001-01-17,17191.02,0.028110792549240537
2001-01-18,17521.46,0.019221663403334865
2001-01-19,17530.09,0.0004925388637706529
2001-01-20,17530.09,0.0
2001-01-21,17530.09,0.0
2001-01-22,17391.67,-0.007896137441393725
2001-01-23,17832.13,0.025325917522584174
2001-01-24,17771.76,-0.0033854620844511185
2001-01-25,17771.76,0.0
2001-01-26,17889.05,0.006599796531125746
2001-01-27,17889.05,0.0
2001-01-28,17889.05,0.0
2001-01-29,17883.38,-0.0003169536671874251
2001-01-30,17722.58,-0.008991588838351494
2001-01-31,17672.77,-0.002810538871879875
2001-02-01,17038.74,-0.035876096390096146
2001-02-02,16914.96,-0.007264621679772265
2001-02-03,16914.96,0.0
2001-02-04,16914.96,0.0
2001-02-05,16731.24,-0.010861391336426274
2001-02-06,17006.77,0.016467996394768036
2001-02-07,16812.35,-0.01143191799501031
2001-02-08,17243.3,0.025632942450044105
2001-02-09,17138.4,-0.0060835222956161505
2001-02-10,17138.4,0.0
2001-02-11,17138.4,0.0
2001-02-12,16917.06,-0.01291485786304436
2001-02-13,17095.78,0.010564483426789062
2001-02-14,17120.05,0.0014196485916406765
2001-02-15,16937.19,-0.010681043571718618
2001-02-16,16259.05,-0.04003851878617404
2001-02-17,16259.05,0.0
2001-02-18,16259.05,0.0
2001-02-19,16060.76,-0.012195669488684668
2001-02-20,15910.57,-0.009351363198254692
2001-02-21,15593.86,-0.019905635058957594
2001-02-22,15910.36,0.020296450013018053
2001-02-23,16157.75,0.015548988206426362
2001-02-24,16157.75,0.0
2001-02-25,16157.75,0.0
2001-02-26,16157.75,0.0
2001-02-27,16157.75,0.0
2001-02-28,15891.41,-0.016483730717457568
2001-03-01,16416.58,0.03304741366562203
2001-03-02,16581.0,0.010015484345704095
2001-03-03,16581.0,0.0
2001-03-04,16581.0,0.0
2001-03-05,16537.24,-0.002639165309691771
2001-03-06,16324.33,-0.012874578829357386
2001-03-07,16395.21,0.004341985245336133
2001-03-08,16226.71,-0.010277391994369056
2001-03-09,16123.44,-0.006364198287884482
2001-03-10,16123.44,0.0
2001-03-11,16123.44,0.0
2001-03-12,15527.26,-0.03697598031189375
2001-03-13,15584.14,0.0036632348527685377
2001-03-14,15244.9,-0.0217682849358386
2001-03-15,15060.87,-0.012071578035933284
2001-03-16,15237.03,0.011696535459106983
2001-03-17,15237.03,0.0
2001-03-18,15237.03,0.0
2001-03-19,14835.9,-0.026325996601699986
2001-03-20,14903.36,0.00454707837070889
2001-03-21,14852.68,-0.003400575440706044
2001-03-22,14067.27,-0.05288001895954131
2001-03-23,14435.08,0.026146508881965014
2001-03-24,14435.08,0.0
2001-03-25,14435.08,0.0
2001-03-26,14712.04,0.01918659266176581
2001-03-27,14835.4,0.008384969045761137
2001-03-28,14631.88,-0.013718538091322174
2001-03-29,14282.18,-0.023899867959551235
2001-03-30,14438.45,0.01094160695356039
2001-03-31,14438.45,0.0
2001-04-01,14438.45,0.0
2001-04-02,13981.3,-0.03166198587798563
2001-04-03,13736.61,-0.017501233790849113
2001-04-04,13854.76,0.008601103183391023
2001-04-05,14442.51,0.04242224333009026
2001-04-06,14484.51,0.0029080817669504544
2001-04-07,14484.51,0.0
2001-04-08,14484.51,0.0
2001-04-09,14718.99,0.01618832808289672
2001-04-10,15047.76,0.022336451074428387
2001-04-11,14818.83,-0.015213560024880834
2001-04-12,14969.37,0.01015869673921621
2001-04-13,14969.37,0.0
2001-04-14,14969.37,0.0
2001-04-15,14969.37,0.0
2001-04-16,14444.59,-0.03505691956308121
2001-04-17,14336.9,-0.007455386411106213
2001-04-18,14955.36,0.04313763784360636
2001-04-19,14431.08,-0.03505632763102995
2001-04-20,13696.42,-0.05090817873644937
2001-04-21,13696.42,0.0
2001-04-22,13696.42,0.0
2001-04-23,13892.65,0.014327101534561626
2001-04-24,14068.0,0.012621782021428718
2001-04-25,14162.75,0.006735143588285419
2001-04-26,14757.02,0.041960071313833947
2001-04-27,14927.95,0.011582961871705821
2001-04-28,14927.95,0.0
2001-04-29,14927.95,0.0
2001-04-30,14917.54,-0.0006973496025911574
2001-05-01,14917.54,0.0
2001-05-02,14897.24,-0.001360814182499337
2001-05-03,15141.91,0.016423847638891598
2001-05-04,15092.76,-0.0032459577424511776
2001-05-05,15092.76,0.0
2001-05-06,15092.76,0.0
2001-05-07,14875.0,-0.01442810990170118
2001-05-08,14747.41,-0.008577478991596665
2001-05-09,14778.98,0.0021407148780701046
2001-05-10,14993.46,0.014512503569258373
2001-05-11,14493.2,-0.03336521389992697
2001-05-12,14493.2,0.0
2001-05-13,14493.2,0.0
2001-05-14,14132.76,-0.02486959401650435
2001-05-15,14226.33,0.006620787447037868
2001-05-16,14714.25,0.03429696907073021
2001-05-17,14793.51,0.005386615016055973
2001-05-18,14884.06,0.006120927352602612
2001-05-19,14884.06,0.0
2001-05-20,14884.06,0.0
2001-05-21,15127.91,0.016383298642977717
2001-05-22,14828.87,-0.019767436479989575
2001-05-23,14691.61,-0.009256268346812702
2001-05-24,14523.21,-0.01146232441509143
2001-05-25,14310.06,-0.01467650746632454
2001-05-26,14310.06,0.0
2001-05-27,14310.06,0.0
2001-05-28,14302.02,-0.0005618425079978451
2001-05-29,14453.91,0.010620178128683877
2001-05-30,14489.36,0.0024526235461546086
2001-05-31,14649.98,0.011085375751585858
2001-06-01,14791.97,0.00969216340227086
2001-06-02,14791.97,0.0
2001-06-03,14791.97,0.0
2001-06-04,15103.86,0.021085088733955093
2001-06-05,15394.82,0.019263949745296882
2001-06-06,15328.83,-0.004286506760066033
2001-06-07,15464.06,0.008821938791153672
2001-06-08,15366.25,-0.006324988392440223
2001-06-09,15366.25,0.0
2001-06-10,15366.25,0.0
2001-06-11,15224.19,-0.009244936142520088
2001-06-12,15173.07,-0.0033578141103074444
2001-06-13,15403.4,0.015180184366117011
2001-06-14,15403.4,0.0
2001-06-15,14985.01,-0.02716218497214895
2001-06-16,14985.01,0.0
2001-06-17,14985.01,0.0
2001-06-18,14355.42,-0.04201465331020804
2001-06-19,14400.73,0.0031562991539084706
2001-06-20,14571.24,0.011840371981142628
2001-06-21,14822.98,0.017276498088014458
2001-06-22,14682.1,-0.009504161781234255
2001-06-23,14682.1,0.0
2001-06-24,14682.1,0.0
2001-06-25,14539.6,-0.009705696051654722
2001-06-26,14459.99,-0.0054753913450164005
2001-06-27,14308.0,-0.01051107227598358
2001-06-28,14390.97,0.005798853788090641
2001-06-29,14559.79,0.011730967405255033
2001-06-30,14559.79,0.0
2001-07-01,14559.79,0.0
2001-07-02,14555.0,-0.0003289882615066242
2001-07-03,14352.77,-0.01389419443490203
2001-07-04,14056.0,-0.020676844957454255
2001-07-05,14047.66,-0.0005933409220262309
2001-07-06,13906.76,-0.010030140251116482
2001-07-07,13906.76,0.0
2001-07-08,13906.76,0.0
2001-07-09,13906.76,0.0
2001-07-10,13569.79,-0.024230661922690744
2001-07-11,13811.84,0.017837416791269378
2001-07-12,13912.93,0.007319082757981654
2001-07-13,14078.46,0.011897565789520836
2001-07-14,14078.46,0.0
2001-07-15,14078.46,0.0
2001-07-16,13811.39,-0.018970114629014767
2001-07-17,14168.65,0.02586705610369422
2001-07-18,13790.88,-0.026662384913170967
2001-07-19,13761.51,-0.002129668302530252
2001-07-20,14092.32,0.02403878644131341
2001-07-21,14092.32,0.0
2001-07-22,14092.32,0.0
2001-07-23,14067.72,-0.0017456316632038504
2001-07-24,13737.59,-0.02346720008643899
2001-07-25,13955.89,0.015890705720581266
2001-07-26,13810.29,-0.010432870995687016
2001-07-27,13910.26,0.007238805267666404
2001-07-28,13910.26,0.0
2001-07-29,13910.26,0.0
2001-07-30,13703.61,-0.014855940866669637
2001-07-31,13754.16,0.00368880900726154
2001-08-01,13743.06,-0.0008070285644489195
2001-08-02,13822.72,0.0057963801365925605
2001-08-03,13838.42,0.0011358111862209697
2001-08-04,13838.42,0.0
2001-08-05,13838.42,0.0
2001-08-06,14046.82,0.015059522691174276
2001-08-07,14035.91,-0.0007766882468772662
2001-08-08,13919.18,-0.008316525255576579
2001-08-09,13834.19,-0.006105963138633097
2001-08-10,13915.09,0.005847830628320061
2001-08-11,13915.09,0.0
2001-08-12,13915.09,0.0
2001-08-13,13771.36,-0.010329074407711358
2001-08-14,13829.49,0.004221079109107517
2001-08-15,13658.6,-0.012356927117341265
2001-08-16,13509.47,-0.010918395736019826
2001-08-17,13044.21,-0.03443954500065516
2001-08-18,13044.21,0.0
2001-08-19,13044.21,0.0
2001-08-20,13115.48,0.005463726818258907
2001-08-21,12891.7,-0.017062280602768598
2001-08-22,12952.23,0.004695269049078021
2001-08-23,12750.79,-0.015552534196813905
2001-08-24,13001.12,0.019632509044537727
2001-08-25,13001.12,0.0
2001-08-26,13001.12,0.0
2001-08-27,12995.85,-0.0004053496929495859
2001-08-28,13018.1,0.0017120850117537945
2001-08-29,13076.99,0.004523701615443132
2001-08-30,12892.39,-0.014116398345490833
2001-08-31,12840.6,-0.004017098458858226
2001-09-01,12840.6,0.0
2001-09-02,12840.6,0.0
2001-09-03,12800.03,-0.0031595096802330414
2001-09-04,12766.88,-0.002589837680068041
2001-09-05,12590.92,-0.013782537315303323
2001-09-06,12255.29,-0.02665651120013468
2001-09-07,12255.29,0.0
2001-09-08,12255.29,0.0
2001-09-09,12255.29,0.0
2001-09-10,11922.39,-0.02716377988607377
2001-09-11,10827.96,-0.09179619187092525
2001-09-12,11113.5,0.026370618288209524
2001-09-13,10306.26,-0.07263598326359832
2001-09-14,10034.4,-0.026378142992705467
2001-09-15,10034.4,0.0
2001-09-16,10034.4,0.0
2001-09-17,10544.99,0.050883959180419325
2001-09-18,10554.13,0.0008667623203055808
2001-09-19,10744.53,0.01804033113103598
2001-09-20,10543.12,-0.018745352286233086
2001-09-21,10418.75,-0.01179631835737438
2001-09-22,10418.75,0.0
2001-09-23,10418.75,0.0
2001-09-24,10532.83,0.010949490101979542
2001-09-25,10229.05,-0.028841251591452677
2001-09-26,10005.87,-0.021818252916937397
2001-09-27,10404.72,0.039861601240071876
2001-09-28,10635.74,0.02220338461775051
2001-09-29,10635.74,0.0
2001-09-30,10635.74,0.0
2001-10-01,10501.12,-0.012657323326820569
2001-10-02,10350.83,-0.014311806740614386
2001-10-03,10233.26,-0.011358509414220896
2001-10-04,10061.92,-0.016743442461151226
2001-10-05,10197.07,0.013431830107971443
2001-10-06,10197.07,0.0
2001-10-07,10197.07,0.0
2001-10-08,10094.56,-0.010052887741282546
2001-10-09,10284.45,0.018811122030083727
2001-10-10,10462.25,0.01728823612346786
2001-10-11,10784.72,0.030822241869578715
2001-10-12,10784.72,0.0
2001-10-13,10784.72,0.0
2001-10-14,10784.72,0.0
2001-10-15,11329.32,0.05049737035361135
2001-10-16,11257.85,-0.00630841039003216
2001-10-17,11271.49,0.001211599017574283
2001-10-18,10994.96,-0.02453357985501481
2001-10-19,11331.57,0.03061493629808565
2001-10-20,11331.57,0.0
2001-10-21,11331.57,0.0
2001-10-22,11699.99,0.03251270565332076
2001-10-23,11613.44,-0.007397442220036021
2001-10-24,11467.74,-0.01254580899371771
2001-10-25,11723.75,0.02232436382408398
2001-10-26,11780.57,0.004846572129224791
2001-10-27,11780.57,0.0
2001-10-28,11780.57,0.0
2001-10-29,11377.02,-0.034255558092689875
2001-10-30,11023.95,-0.031033609855656397
2001-10-31,11364.71,0.03091088040130785
2001-11-01,11387.81,0.002032607959200128
2001-11-02,11387.81,0.0
2001-11-03,11387.81,0.0
2001-11-04,11387.81,0.0
2001-11-05,12164.66,0.06821768188966981
2001-11-06,12415.57,0.020626141626646444
2001-11-07,12615.83,0.01612974676152601
2001-11-08,12553.64,-0.004929521085810462
2001-11-09,12730.71,0.014105072313687517
2001-11-10,12730.71,0.0
2001-11-11,12730.71,0.0
2001-11-12,12567.12,-0.012850029574155597
2001-11-13,12918.09,0.027927639745621846
2001-11-14,12825.62,-0.007158178956796157
2001-11-15,12825.62,0.0
2001-11-16,12882.82,0.004459823384756367
2001-11-17,12882.82,0.0
2001-11-18,12882.82,0.0
2001-11-19,12987.23,0.00810459200702951
2001-11-20,12638.13,-0.026880250831008645
2001-11-21,12793.79,0.012316695587084592
2001-11-22,13019.43,0.017636681546281396
2001-11-23,13423.86,0.031063571907525844
2001-11-24,13423.86,0.0
2001-11-25,13423.86,0.0
2001-11-26,13759.53,0.02500547532527908
2001-11-27,13602.88,-0.011384836546015853
2001-11-28,13019.2,-0.04290856054012082
2001-11-29,12736.39,-0.02172253287452386
2001-11-30,12931.71,0.015335585672235252
2001-12-01,12931.71,0.0
2001-12-02,12931.71,0.0
2001-12-03,13336.0,0.031263460130176224
2001-12-04,13146.64,-0.014199160167966407
2001-12-05,13382.13,0.017912561688766093
2001-12-06,13539.03,0.011724590928350098
2001-12-07,13298.72,-0.017749425180386025
2001-12-08,13298.72,0.0
2001-12-09,13298.72,0.0
2001-12-10,13446.18,0.011088285188348923
2001-12-11,13348.12,-0.007292777576977216
2001-12-12,13562.94,0.01609365213977698
2001-12-13,13148.37,-0.03056638162522285
2001-12-14,12959.17,-0.014389616355487411
2001-12-15,12959.17,0.0
2001-12-16,12959.17,0.0
2001-12-17,12912.06,-0.0036352636781522563
2001-12-18,13397.36,0.03758501741782494
2001-12-19,13290.01,-0.008012772665659584
2001-12-20,12918.14,-0.027981167809505103
2001-12-21,13368.53,0.034864926374849725
2001-12-22,13368.53,0.0
2001-12-23,13368.53,0.0
2001-12-24,13368.53,0.0
2001-12-25,13368.53,0.0
2001-12-26,13360.32,-0.0006141288533594302
2001-12-27,13757.59,0.029735066225958784
2001-12-28,13577.57,-0.013085140638731119
2001-12-29,13577.57,0.0
2001-12-30,13577.57,0.0
2001-12-31,13577.57,0.0
2002-01-01,13577.57,0.0
2002-01-02,13872.09,0.02169165763829617
2002-01-03,14265.35,0.028349008692994282
2002-01-04,14331.92,0.004666552170118576
2002-01-05,14331.92,0.0
2002-01-06,14331.92,0.0
2002-01-07,14378.59,0.003256367604619559
2002-01-08,14167.58,-0.014675291527194267
2002-01-09,14020.79,-0.01036097908040745
2002-01-10,13570.18,-0.0321387025980705
2002-01-11,13587.49,0.001275591038585988
2002-01-12,13587.49,0.0
2002-01-13,13587.49,0.0
2002-01-14,13121.72,-0.034279326056541715
2002-01-15,13010.53,-0.008473736674765142
2002-01-16,13083.72,0.005625443390853357
2002-01-17,13336.73,0.01933777243780832
2002-01-18,13372.65,0.002693313878289416
2002-01-19,13372.65,0.0
2002-01-20,13372.65,0.0
2002-01-21,13154.56,-0.016308659839298856
2002-01-22,13003.93,-0.011450782086211864
2002-01-23,13232.14,0.017549310093179393
2002-01-24,13162.26,-0.005281080762446488
2002-01-25,13162.26,0.0
2002-01-26,13162.26,0.0
2002-01-27,13162.26,0.0
2002-01-28,13001.88,-0.012184837558291695
2002-01-29,12501.06,-0.03851904493811664
2002-01-30,12532.33,0.002501387882307693
2002-01-31,12721.45,0.015090569750397576
2002-02-01,12658.66,-0.004935758109335109
2002-02-02,12658.66,0.0
2002-02-03,12658.66,0.0
2002-02-04,12512.55,-0.011542295946016412
2002-02-05,12747.51,0.018777946941270995
2002-02-06,12750.97,0.00027142555683412617
2002-02-07,12683.67,-0.005278029828318931
2002-02-08,12597.86,-0.006765392035585904
2002-02-09,12597.86,0.0
2002-02-10,12597.86,0.0
2002-02-11,12597.86,0.0
2002-02-12,12597.86,0.0
2002-02-13,12960.67,0.02879933576020055
2002-02-14,13245.06,0.021942538464446715
2002-02-15,13229.51,-0.0011740226167340495
2002-02-16,13229.51,0.0
2002-02-17,13229.51,0.0
2002-02-18,13121.71,-0.008148449942590563
2002-02-19,12991.5,-0.009923249332594586
2002-02-20,13302.8,0.02396182119077861
2002-02-21,13530.24,0.017097152479177424
2002-02-22,13562.99,0.0024205039969726894
2002-02-23,13562.99,0.0
2002-02-24,13562.99,0.0
2002-02-25,13977.6,0.030569218144376853
2002-02-26,13963.6,-0.0010016025641025328
2002-02-27,14212.12,0.017797702598183918
2002-02-28,14033.29,-0.01258292218191237
2002-03-01,14414.8,0.02718606969570203
2002-03-02,14414.8,0.0
2002-03-03,14414.8,0.0
2002-03-04,14471.23,0.003914726531065282
2002-03-05,14011.44,-0.03177269658487902
2002-03-06,13838.72,-0.012327069880040953
2002-03-07,13725.98,-0.008146707209915394
2002-03-08,13961.93,0.017190029418664432
2002-03-09,13961.93,0.0
2002-03-10,13961.93,0.0
2002-03-11,13695.77,-0.019063267041161236
2002-03-12,14181.42,0.03545985366284632
2002-03-13,14244.16,0.004424098574049795
2002-03-14,14117.29,-0.008906808123469445
2002-03-15,14365.49,0.017581277993155897
2002-03-16,14365.49,0.0
2002-03-17,14365.49,0.0
2002-03-18,14244.64,-0.008412521953654273
2002-03-19,14117.81,-0.008903699918004215
2002-03-20,14089.77,-0.0019861437432575624
2002-03-21,13717.34,-0.02643265291058694
2002-03-22,13312.38,-0.02952175859168038
2002-03-23,13312.38,0.0
2002-03-24,13312.38,0.0
2002-03-25,13277.58,-0.0026141080708332876
2002-03-26,13569.95,0.022019825902009238
2002-03-27,13424.72,-0.010702323884760223
2002-03-28,13254.55,-0.012675869589831357
2002-03-29,13254.55,0.0
2002-03-30,13254.55,0.0
2002-03-31,13254.55,0.0
2002-04-01,13467.39,0.01605788201032854
2002-04-02,13245.19,-0.01649911378522484
2002-04-03,13084.81,-0.012108546574265855
2002-04-04,13360.32,0.02105571269280948
2002-04-05,13276.32,-0.0062872745562980725
2002-04-06,13276.32,0.0
2002-04-07,13276.32,0.0
2002-04-08,13159.51,-0.008798371837979158
2002-04-09,13195.06,0.0027014683677430984
2002-04-10,13416.12,0.01675323946992302
2002-04-11,13411.47,-0.0003465979731845925
2002-04-12,13750.89,0.025308187693071638
2002-04-13,13750.89,0.0
2002-04-14,13750.89,0.0
2002-04-15,13471.96,-0.020284505221116578
2002-04-16,13622.65,0.01118545482617228
2002-04-17,13732.01,0.00802780663086855
2002-04-18,13573.15,-0.011568590468547635
2002-04-19,13478.34,-0.006985113993435488
2002-04-20,13478.34,0.0
2002-04-21,13478.34,0.0
2002-04-22,13224.18,-0.018856921549686323
2002-04-23,13188.03,-0.002733628852601755
2002-04-24,13380.8,0.01461704287903487
2002-04-25,13272.74,-0.008075750328829345
2002-04-26,13075.54,-0.014857519999638247
2002-04-27,13075.54,0.0
2002-04-28,13075.54,0.0
2002-04-29,13090.29,0.001128060485455995
2002-04-30,13085.12,-0.0003949492333630289
2002-05-01,13085.12,0.0
2002-05-02,12538.24,-0.04179403780783064
2002-05-03,12609.79,0.0057065425450462115
2002-05-04,12609.79,0.0
2002-05-05,12609.79,0.0
2002-05-06,12430.24,-0.014238936572298244
2002-05-07,12342.46,-0.007061810552330461
2002-05-08,12616.85,0.022231386611745174
2002-05-09,12101.93,-0.04081208859580643
2002-05-10,12130.14,0.002331033149257866
2002-05-11,12130.14,0.0
2002-05-12,12130.14,0.0
2002-05-13,12002.32,-0.010537388686363003
2002-05-14,12204.12,0.016813416072892773
2002-05-15,12349.58,0.011918925739831998
2002-05-16,12660.12,0.02514579443187559
2002-05-17,12699.17,0.003084488930594542
2002-05-18,12699.17,0.0
2002-05-19,12699.17,0.0
2002-05-20,12667.75,-0.0024741774462425647
2002-05-21,12701.22,0.0026421424483431544
2002-05-22,12367.98,-0.026236849688455077
2002-05-23,12555.72,0.015179520018628656
2002-05-24,12573.97,0.0014535207857455656
2002-05-25,12573.97,0.0
2002-05-26,12573.97,0.0
2002-05-27,12698.34,0.009891068612379428
2002-05-28,12728.18,0.0023499134532545263
2002-05-29,12985.17,0.020190632124938546
2002-05-30,12985.17,0.0
2002-05-31,12861.43,-0.009529332307547711
2002-06-01,12861.43,0.0
2002-06-02,12861.43,0.0
2002-06-03,12659.48,-0.015701986482063113
2002-06-04,12600.22,-0.004681076947868346
2002-06-05,12589.79,-0.0008277633247671945
2002-06-06,12112.58,-0.03790452422161139
2002-06-07,12282.51,0.014029215906107506
2002-06-08,12282.51,0.0
2002-06-09,12282.51,0.0
2002-06-10,12599.51,0.025809056943572717
2002-06-11,12210.49,-0.030875803900310417
2002-06-12,12132.98,-0.006347820603431975
2002-06-13,11962.19,-0.01407650882141065
2002-06-14,11698.95,-0.022006003917342865
2002-06-15,11698.95,0.0
2002-06-16,11698.95,0.0
2002-06-17,11937.17,0.020362511165531894
2002-06-18,11821.18,-0.00971670839905936
2002-06-19,11493.18,-0.027746807002346663
2002-06-20,10908.68,-0.05085624692208768
2002-06-21,10397.55,-0.04685534821811632
2002-06-22,10397.55,0.0
2002-06-23,10397.55,0.0
2002-06-24,10759.08,0.034770691172439694
2002-06-25,10705.58,-0.004972544120872779
2002-06-26,10690.53,-0.0014058089332852353
2002-06-27,11013.32,0.030194012831917583
2002-06-28,11139.16,0.011426163954193713
2002-06-29,11139.16,0.0
2002-06-30,11139.16,0.0
2002-07-01,10892.46,-0.022147091881255077
2002-07-02,10845.63,-0.004299304289389183
2002-07-03,10635.52,-0.019372779635668858
2002-07-04,10655.47,0.0018757898062340406
2002-07-05,10523.65,-0.012371110800368235
2002-07-06,10523.65,0.0
2002-07-07,10523.65,0.0
2002-07-08,10687.09,0.015530733158172438
2002-07-09,10687.09,0.0
2002-07-10,10555.99,-0.01226713726561679
2002-07-11,10806.45,0.023726812928015262
2002-07-12,10967.0,0.014856867889084802
2002-07-13,10967.0,0.0
2002-07-14,10967.0,0.0
2002-07-15,10633.2,-0.030436764839974373
2002-07-16,10577.81,-0.00520915622766438
2002-07-17,10754.62,0.016715180174346145
2002-07-18,10812.78,0.005407908415174134
2002-07-19,10583.15,-0.021236906697445157
2002-07-20,10583.15,0.0
2002-07-21,10583.15,0.0
2002-07-22,9892.33,-0.06527546146468677
2002-07-23,9745.83,-0.014809453384591942
2002-07-24,9937.38,0.019654559950255557
2002-07-25,9665.9,-0.02731907202904582
2002-07-26,9217.15,-0.04642609586277535
2002-07-27,9217.15,0.0
2002-07-28,9217.15,0.0
2002-07-29,9240.47,0.0025300662352245595
2002-07-30,9341.88,0.010974549995833582
2002-07-31,9762.59,0.04503483238919803
2002-08-01,9759.64,-0.00030217391081677203
2002-08-02,9852.03,0.00946653770016126
2002-08-03,9852.03,0.0
2002-08-04,9852.03,0.0
2002-08-05,9469.84,-0.03879302032170029
2002-08-06,9755.08,0.030120889054091604
2002-08-07,9869.6,0.01173952443239834
2002-08-08,10315.68,0.04519737375374877
2002-08-09,9985.77,-0.031981410823135215
2002-08-10,9985.77,0.0
2002-08-11,9985.77,0.0
2002-08-12,9723.69,-0.026245347128964536
2002-08-13,9444.1,-0.02875348761632679
2002-08-14,9343.04,-0.010700860854925276
2002-08-15,9183.25,-0.017102570469568867
2002-08-16,9526.28,0.03735387798437384
2002-08-17,9526.28,0.0
2002-08-18,9526.28,0.0
2002-08-19,9416.73,-0.01149976696045052
2002-08-20,9263.03,-0.016322014117427064
2002-08-21,9437.66,0.018852362563869463
2002-08-22,9702.58,0.02807051747996847
2002-08-23,9676.39,-0.0026992820466309464
2002-08-24,9676.39,0.0
2002-08-25,9676.39,0.0
2002-08-26,10097.56,0.04352552966550549
2002-08-27,10371.98,0.027176862529165513
2002-08-28,10379.86,0.000759739220476785
2002-08-29,10455.32,0.00726984757019844
2002-08-30,10382.2,-0.006993568824292251
2002-08-31,10382.2,0.0
2002-09-01,10382.2,0.0
2002-09-02,10378.42,-0.0003640846834005451
2002-09-03,10135.8,-0.023377354163735986
2002-09-04,9996.86,-0.013707847431875031
2002-09-05,9723.47,-0.02734758714236285
2002-09-06,9716.97,-0.00066848563321531
2002-09-07,9716.97,0.0
2002-09-08,9716.97,0.0
2002-09-09,9954.36,0.02443045517275455
2002-09-10,9960.18,0.000584668426699464
2002-09-11,10182.22,0.022292769809380886
2002-09-12,10172.54,-0.0009506767679345884
2002-09-13,10180.94,0.0008257524669355032
2002-09-14,10180.94,0.0
2002-09-15,10180.94,0.0
2002-09-16,9831.05,-0.03436716059617295
2002-09-17,9650.08,-0.01840800321430558
2002-09-18,9505.38,-0.014994694344502957
2002-09-19,9372.32,-0.013998388281162844
2002-09-20,9585.48,0.022743568294723238
2002-09-21,9585.48,0.0
2002-09-22,9585.48,0.0
2002-09-23,9264.17,-0.03352049140992408
2002-09-24,9148.43,-0.012493294056564186
2002-09-25,9227.69,0.008663781654338454
2002-09-26,9199.01,-0.003108036789272295
2002-09-27,8715.87,-0.05252086909352194
2002-09-28,8715.87,0.0
2002-09-29,8715.87,0.0
2002-09-30,8622.54,-0.010708053240812476
2002-10-01,8997.53,0.04348950541255814
2002-10-02,8820.05,-0.019725413530157887
2002-10-03,9139.88,0.036261699196716624
2002-10-04,9259.76,0.013116145945023527
2002-10-05,9259.76,0.0
2002-10-06,9259.76,0.0
2002-10-07,8863.13,-0.04283372355223036
2002-10-08,8846.53,-0.0018729275098072762
2002-10-09,8714.9,-0.014879280350600821
2002-10-10,8866.24,0.017365661109134845
2002-10-11,8854.85,-0.0012846482838271278
2002-10-12,8854.85,0.0
2002-10-13,8854.85,0.0
2002-10-14,8450.85,-0.0456247141397087
2002-10-15,8506.91,0.0066336522361656325
2002-10-16,8370.88,-0.015990530051452345
2002-10-17,8901.86,0.06343180167437601
2002-10-18,9022.49,0.013551100556512763
2002-10-19,9022.49,0.0
2002-10-20,9022.49,0.0
2002-10-21,9128.03,0.011697436073633938
2002-10-22,9331.36,0.022275343091554323
2002-10-23,9840.03,0.054511882512302545
2002-10-24,9799.16,-0.0041534426216180975
2002-10-25,10014.82,0.02200800884973808
2002-10-26,10014.82,0.0
2002-10-27,10014.82,0.0
2002-10-28,9573.94,-0.04402275827224045
2002-10-29,9600.76,0.002801354510264309
2002-10-30,10068.64,0.048733641920014614
2002-10-31,10167.71,0.009839461933289773
2002-11-01,10140.05,-0.00272037656463453
2002-11-02,10140.05,0.0
2002-11-03,10140.05,0.0
2002-11-04,9912.76,-0.02241507684873345
2002-11-05,9861.22,-0.005199359209745902
2002-11-06,9702.76,-0.016069005660557134
2002-11-07,9799.3,0.00994974625776579
2002-11-08,9860.29,0.006223913953037563
2002-11-09,9860.29,0.0
2002-11-10,9860.29,0.0
2002-11-11,9885.65,0.0025719324685176126
2002-11-12,9720.55,-0.016700975656633643
2002-11-13,9763.65,0.004433905488886891
2002-11-14,9884.27,0.012353986470223788
2002-11-15,9884.27,0.0
2002-11-16,9884.27,0.0
2002-11-17,9884.27,0.0
2002-11-18,9970.89,0.008763419048649856
2002-11-19,9971.23,3.409926295439014e-05
2002-11-20,10087.57,0.011667567591962191
2002-11-21,10289.47,0.02001473100062756
2002-11-22,10404.12,0.01114245923259416
2002-11-23,10404.12,0.0
2002-11-24,10404.12,0.0
2002-11-25,10245.5,-0.015245883361591495
2002-11-26,10131.69,-0.011108291445024565
2002-11-27,10226.44,0.009351845546004656
2002-11-28,10239.18,0.0012457903239053714
2002-11-29,10508.81,0.02633316339785008
2002-11-30,10508.81,0.0
2002-12-01,10508.81,0.0
2002-12-02,10673.79,0.015699208568810574
2002-12-03,10662.83,-0.0010268142805883729
2002-12-04,10640.11,-0.0021307664100430612
2002-12-05,10413.09,-0.021336245583927327
2002-12-06,10569.02,0.014974421617406586
2002-12-07,10569.02,0.0
2002-12-08,10569.02,0.0
2002-12-09,10338.75,-0.021787261259795132
2002-12-10,10331.33,-0.0007176883085479036
2002-12-11,10613.62,0.0273236843659046
2002-12-12,10586.92,-0.002515635570144892
2002-12-13,10564.35,-0.0021318759374775453
2002-12-14,10564.35,0.0
2002-12-15,10564.35,0.0
2002-12-16,10771.08,0.01956864359851762
2002-12-17,10832.56,0.005707877018831908
2002-12-18,10984.5,0.014026232026409291
2002-12-19,11207.5,0.020301333697482882
2002-12-20,11489.99,0.025205442783850174
2002-12-21,11489.99,0.0
2002-12-22,11489.99,0.0
2002-12-23,11470.15,-0.0017267203887906257
2002-12-24,11470.15,0.0
2002-12-25,11470.15,0.0
2002-12-26,11318.08,-0.013257891134815125
2002-12-27,11234.49,-0.0073855282874834005
2002-12-28,11234.49,0.0
2002-12-29,11234.49,0.0
2002-12-30,11268.47,0.003024614379468993
2002-12-31,11268.47,0.0
2003-01-01,11268.47,0.0
2003-01-02,11602.98,0.029685485252212596
2003-01-03,11600.23,-0.000237008078958989
2003-01-04,11600.23,0.0
2003-01-05,11600.23,0.0
2003-01-06,12019.7,0.03616048992132059
2003-01-07,11876.09,-0.011947885554547955
2003-01-08,11785.54,-0.007624563303242016
2003-01-09,11911.72,0.010706340142242032
2003-01-10,12242.92,0.027804548797319084
2003-01-11,12242.92,0.0
2003-01-12,12242.92,0.0
2003-01-13,12110.27,-0.010834833520107945
2003-01-14,12174.66,0.005316974766045535
2003-01-15,11971.31,-0.016702725168505794
2003-01-16,11951.93,-0.0016188704494327633
2003-01-17,11675.7,-0.0231117484791159
2003-01-18,11675.7,0.0
2003-01-19,11675.7,0.0
2003-01-20,11648.38,-0.002339902532610627
2003-01-21,11434.71,-0.0183433232775716
2003-01-22,11142.48,-0.025556398019713655
2003-01-23,11162.14,0.0017644186931455863
2003-01-24,10783.65,-0.03390837240887501
2003-01-25,10783.65,0.0
2003-01-26,10783.65,0.0
2003-01-27,10529.77,-0.023543048967650027
2003-01-28,10516.84,-0.001227947049175837
2003-01-29,10863.31,0.032944306464679496
2003-01-30,10750.79,-0.010357800707150866
2003-01-31,10941.09,0.017701024761901163
2003-02-01,10941.09,0.0
2003-02-02,10941.09,0.0
2003-02-03,10910.01,-0.002840667611727854
2003-02-04,10577.17,-0.030507763054296033
2003-02-05,10591.81,0.0013841131417948738
2003-02-06,10565.83,-0.0024528385611146675
2003-02-07,10380.59,-0.017531987548540906
2003-02-08,10380.59,0.0
2003-02-09,10380.59,0.0
2003-02-10,10479.61,0.009538956841566915
2003-02-11,10509.42,0.0028445715060005927
2003-02-12,10509.87,4.2818728340998646e-05
2003-02-13,10107.77,-0.03825927437732346
2003-02-14,10080.83,-0.002665276317130316
2003-02-15,10080.83,0.0
2003-02-16,10080.83,0.0
2003-02-17,10188.99,0.010729275268008598
2003-02-18,10449.69,0.02558644183574632
2003-02-19,10251.86,-0.018931662087583456
2003-02-20,10216.84,-0.0034159654930910888
2003-02-21,10330.87,0.011160985196988493
2003-02-22,10330.87,0.0
2003-02-23,10330.87,0.0
2003-02-24,10253.51,-0.00748823671191301
2003-02-25,10191.93,-0.006005748275468625
2003-02-26,9994.89,-0.019332942828296562
2003-02-27,10150.71,0.015589966472867589
2003-02-28,10280.61,0.012797134387644071
2003-03-01,10280.61,0.0
2003-03-02,10280.61,0.0
2003-03-03,10280.61,0.0
2003-03-04,10280.61,0.0
2003-03-05,10305.52,0.0024230079732623366
2003-03-06,10615.31,0.030060588888285
2003-03-07,10723.79,0.01021920226540729
2003-03-08,10723.79,0.0
2003-03-09,10723.79,0.0
2003-03-10,10308.61,-0.038715789846686666
2003-03-11,10339.68,0.003013985396673302
2003-03-12,10582.84,0.02351716880986654
2003-03-13,10783.04,0.01891741725283569
2003-03-14,10817.36,0.0031827759147697865
2003-03-15,10817.36,0.0
2003-03-16,10817.36,0.0
2003-03-17,10874.75,0.005305361012298615
2003-03-18,11150.99,0.025401963263523175
2003-03-19,11006.39,-0.0129674584947167
2003-03-20,11158.98,0.013863764594930883
2003-03-21,11377.42,0.019575265839709477
2003-03-22,11377.42,0.0
2003-03-23,11377.42,0.0
2003-03-24,11052.62,-0.02854777269363351
2003-03-25,11232.26,0.01625315988426279
2003-03-26,11206.3,-0.0023112000612521832
2003-03-27,11233.48,0.0024254214147398923
2003-03-28,11396.2,0.014485270815455253
2003-03-29,11396.2,0.0
2003-03-30,11396.2,0.0
2003-03-31,11273.63,-0.010755339499131433
2003-04-01,11592.1,0.028249108760887154
2003-04-02,11872.0,0.02414575443621092
2003-04-03,12006.2,0.011303908355795311
2003-04-04,12065.51,0.004939947693691549
2003-04-05,12065.51,0.0
2003-04-06,12065.51,0.0
2003-04-07,12135.96,0.00583895749122898
2003-04-08,11778.52,-0.029452964577997842
2003-04-09,11758.9,-0.001665744083297449
2003-04-10,11591.45,-0.014240277576984095
2003-04-11,11718.77,0.010983958003528471
2003-04-12,11718.77,0.0
2003-04-13,11718.77,0.0
2003-04-14,11873.91,0.013238590739471645
2003-04-15,12106.0,0.019546215189436333
2003-04-16,12043.14,-0.00519246654551464
2003-04-17,12395.4,0.029249846800751378
2003-04-18,12395.4,0.0
2003-04-19,12395.4,0.0
2003-04-20,12395.4,0.0
2003-04-21,12395.4,0.0
2003-04-22,12452.48,0.004604934088452195
2003-04-23,12394.36,-0.004667343372565025
2003-04-24,12120.34,-0.022108442872403322
2003-04-25,12126.05,0.00047110889628498853
2003-04-26,12126.05,0.0
2003-04-27,12126.05,0.0
2003-04-28,12462.4,0.027737804148919132
2003-04-29,12677.98,0.01729843368853512
2003-04-30,12556.7,-0.009566192721553346
2003-05-01,12556.7,0.0
2003-05-02,12810.08,0.020178868651795412
2003-05-03,12810.08,0.0
2003-05-04,12810.08,0.0
2003-05-05,12832.76,0.001770480746412284
2003-05-06,12643.57,-0.01474273655862035
2003-05-07,12956.15,0.0247224478529402
2003-05-08,12920.88,-0.002722259313144737
2003-05-09,13214.1,0.022693500752270834
2003-05-10,13214.1,0.0
2003-05-11,13214.1,0.0
2003-05-12,13320.34,0.008039896776927735
2003-05-13,13420.65,0.007530588558550377
2003-05-14,13459.37,0.002885106161027995
2003-05-15,13129.69,-0.024494459993298356
2003-05-16,13224.98,0.007257597094828538
2003-05-17,13224.98,0.0
2003-05-18,13224.98,0.0
2003-05-19,12745.94,-0.036222361016802984
2003-05-20,12745.1,-6.590333863176756e-05
2003-05-21,13033.66,0.022640858055252622
2003-05-22,13100.9,0.005158949980281768
2003-05-23,13142.69,0.003189857185384337
2003-05-24,13142.69,0.0
2003-05-25,13142.69,0.0
2003-05-26,12852.46,-0.02208299822943416
2003-05-27,13246.26,0.030640048675506515
2003-05-28,13294.34,0.00362970378053884
2003-05-29,13405.29,0.00834565687352673
2003-05-30,13421.6,0.0012166838613711928
2003-05-31,13421.6,0.0
2003-06-01,13421.6,0.0
2003-06-02,13228.78,-0.01436639446861776
2003-06-03,13350.11,0.009171669647541236
2003-06-04,13718.08,0.02756306876872161
2003-06-05,13779.88,0.004505003615666192
2003-06-06,13923.11,0.010394139861885643
2003-06-07,13923.11,0.0
2003-06-08,13923.11,0.0
2003-06-09,13845.73,-0.005557666354715329
2003-06-10,13893.73,0.0034667727884336585
2003-06-11,13876.52,-0.0012386882428260249
2003-06-12,13982.72,0.007653215647727141
2003-06-13,13733.7,-0.017809124404979726
2003-06-14,13733.7,0.0
2003-06-15,13733.7,0.0
2003-06-16,13832.86,0.0072201955773025794
2003-06-17,13776.63,-0.004064958367250293
2003-06-18,13510.5,-0.019317496368850717
2003-06-19,13510.5,0.0
2003-06-20,13130.96,-0.028092224566078294
2003-06-21,13130.96,0.0
2003-06-22,13130.96,0.0
2003-06-23,12991.28,-0.010637455296489962
2003-06-24,13108.41,0.009016047687371742
2003-06-25,13025.71,-0.006308926864509123
2003-06-26,13111.71,0.006602327243582007
2003-06-27,13024.12,-0.006680288078366514
2003-06-28,13024.12,0.0
2003-06-29,13024.12,0.0
2003-06-30,12972.58,-0.003957273120947957
2003-07-01,13291.1,0.024553327094533284
2003-07-02,13310.47,0.001457366207461952
2003-07-03,13134.41,-0.013227181309149794
2003-07-04,13273.65,0.010601161376871948
2003-07-05,13273.65,0.0
2003-07-06,13273.65,0.0
2003-07-07,13402.01,0.009670286620484969
2003-07-08,13618.8,0.01617593181918231
2003-07-09,13618.8,0.0
2003-07-10,13501.29,-0.0086285135254206
2003-07-11,13320.58,-0.013384646948550905
2003-07-12,13320.58,0.0
2003-07-13,13320.58,0.0
2003-07-14,13588.14,0.020086212462220088
2003-07-15,13614.1,0.0019104895887149809
2003-07-16,13487.24,-0.00931828031232329
2003-07-17,13622.29,0.01001316800175589
2003-07-18,13794.26,0.012624162310448384
2003-07-19,13794.26,0.0
2003-07-20,13794.26,0.0
2003-07-21,13675.85,-0.008584005231161318
2003-07-22,13835.2,0.01165192657129177
2003-07-23,13798.79,-0.002631693072742025
2003-07-24,13761.1,-0.002731398912513394
2003-07-25,13750.36,-0.0007804608643203759
2003-07-26,13750.36,0.0
2003-07-27,13750.36,0.0
2003-07-28,13643.37,-0.007780887191317198
2003-07-29,13623.34,-0.0014681123505410065
2003-07-30,13474.58,-0.010919495512847766
2003-07-31,13571.73,0.007209872218651769
2003-08-01,13129.81,-0.03256180310100476
2003-08-02,13129.81,0.0
2003-08-03,13129.81,0.0
2003-08-04,12938.85,-0.014544003302408681
2003-08-05,13059.27,0.009306854936876219
2003-08-06,12887.73,-0.013135496853958983
2003-08-07,13328.37,0.03419066041886354
2003-08-08,13499.97,0.012874792641560662
2003-08-09,13499.97,0.0
2003-08-10,13499.97,0.0
2003-08-11,13560.26,0.00446593585022792
2003-08-12,13602.41,0.003108347480063056
2003-08-13,13682.25,0.00586954811684115
2003-08-14,13812.12,0.009491859891465282
2003-08-15,13889.57,0.005607394085773931
2003-08-16,13889.57,0.0
2003-08-17,13889.57,0.0
2003-08-18,14146.29,0.018482933596936535
2003-08-19,14157.94,0.0008235374787310956
2003-08-20,14466.9,0.02182238376486967
2003-08-21,14669.91,0.0140327229745143
2003-08-22,14613.03,-0.00387732440076316
2003-08-23,14613.03,0.0
2003-08-24,14613.03,0.0
2003-08-25,14473.17,-0.009570910345082506
2003-08-26,14877.66,0.02794757471929099
2003-08-27,15142.59,0.01780723581530963
2003-08-28,15064.56,-0.005153015435272357
2003-08-29,15174.49,0.00729725926279956
2003-08-30,15174.49,0.0
2003-08-31,15174.49,0.0
2003-09-01,15352.12,0.011705829981765614
2003-09-02,15454.31,0.006656409668501784
2003-09-03,15633.8,0.01161423576982723
2003-09-04,15704.8,0.004541442259719419
2003-09-05,15899.64,0.012406398043910194
2003-09-06,15899.64,0.0
2003-09-07,15899.64,0.0
2003-09-08,16050.22,0.009470654681489554
2003-09-09,15718.3,-0.020680090366362536
2003-09-10,15983.27,0.016857420967916426
2003-09-11,16292.43,0.01934272523707592
2003-09-12,16421.35,0.00791287733014645
2003-09-13,16421.35,0.0
2003-09-14,16421.35,0.0
2003-09-15,16341.75,-0.004847348116933103
2003-09-16,16269.58,-0.0044162956843667445
2003-09-17,16492.38,0.013694268690402689
2003-09-18,16889.41,0.02407354184174748
2003-09-19,16851.49,-0.002245193881846519
2003-09-20,16851.49,0.0
2003-09-21,16851.49,0.0
2003-09-22,16485.6,-0.021712620070984956
2003-09-23,16443.53,-0.002551924103459946
2003-09-24,16057.85,-0.02345481779155678
2003-09-25,15806.02,-0.015682672337828496
2003-09-26,15810.66,0.0002935590363670748
2003-09-27,15810.66,0.0
2003-09-28,15810.66,0.0
2003-09-29,16108.73,0.018852470421854672
2003-09-30,16010.67,-0.006087382431762101
2003-10-01,16578.74,0.03548071379898543
2003-10-02,16893.61,0.018992396285845592
2003-10-03,17089.3,0.011583669801777052
2003-10-04,17089.3,0.0
2003-10-05,17089.3,0.0
2003-10-06,17273.38,0.01077165243749012
2003-10-07,17470.14,0.011390937963502212
2003-10-08,17804.8,0.01915611437572906
2003-10-09,17708.17,-0.005427188173975583
2003-10-10,17676.14,-0.0018087696244162288
2003-10-11,17676.14,0.0
2003-10-12,17676.14,0.0
2003-10-13,18061.94,0.021826032154078856
2003-10-14,18178.01,0.006426219996301663
2003-10-15,17942.04,-0.012981068884877822
2003-10-16,17955.04,0.0007245552902568342
2003-10-17,17790.71,-0.009152304868159655
2003-10-18,17790.71,0.0
2003-10-19,17790.71,0.0
2003-10-20,18369.59,0.03253833039828091
2003-10-21,18448.72,0.004307662827531811
2003-10-22,18234.83,-0.011593758266156051
2003-10-23,17689.81,-0.029888954270481327
2003-10-24,17813.91,0.007015338208833155
2003-10-25,17813.91,0.0
2003-10-26,17813.91,0.0
2003-10-27,17750.48,-0.00356070059857716
2003-10-28,18227.64,0.026881526584069837
2003-10-29,17944.84,-0.01551489935065642
2003-10-30,18093.83,0.008302665278709709
2003-10-31,17982.49,-0.006153478837813808
2003-11-01,17982.49,0.0
2003-11-02,17982.49,0.0
2003-11-03,18517.16,0.029732812307972756
2003-11-04,18541.18,0.0012971751607697701
2003-11-05,18307.06,-0.012627028053230682
2003-11-06,18612.96,0.016709400635601668
2003-11-07,18672.19,0.0031821913333505147
2003-11-08,18672.19,0.0
2003-11-09,18672.19,0.0
2003-11-10,18572.29,-0.005350202627543821
2003-11-11,18408.62,-0.008812591231345257
2003-11-12,18793.54,0.020909769444966697
2003-11-13,18754.55,-0.0020746490549412577
2003-11-14,18985.87,0.012334073598140094
2003-11-15,18985.87,0.0
2003-11-16,18985.87,0.0
2003-11-17,18668.71,-0.016705054864486035
2003-11-18,18812.97,0.007727368414850444
2003-11-19,18807.34,-0.0002992616264205772
2003-11-20,19199.14,0.020832292073201142
2003-11-21,19248.39,0.002565219067103941
2003-11-22,19248.39,0.0
2003-11-23,19248.39,0.0
2003-11-24,19690.54,0.022970752359028568
2003-11-25,19809.89,0.006061286282651457
2003-11-26,19694.82,-0.005808714737941534
2003-11-27,19960.77,0.013503550679823562
2003-11-28,20183.97,0.01118193336229023
2003-11-29,20183.97,0.0
2003-11-30,20183.97,0.0
2003-12-01,20520.6,0.01667808662022363
2003-12-02,20458.49,-0.003026714618480808
2003-12-03,20539.6,0.003964613224142877
2003-12-04,20414.17,-0.006106740150733203
2003-12-05,20879.81,0.02280964643676442
2003-12-06,20879.81,0.0
2003-12-07,20879.81,0.0
2003-12-08,20888.91,0.00043582772065442477
2003-12-09,21259.75,0.017752960781582283
2003-12-10,20972.6,-0.013506743964533996
2003-12-11,21296.3,0.015434423962694233
2003-12-12,20973.94,-0.015136901715321449
2003-12-13,20973.94,0.0
2003-12-14,20973.94,0.0
2003-12-15,20709.75,-0.012596107359895137
2003-12-16,20759.56,0.0024051473339852247
2003-12-17,21199.27,0.0211810847628755
2003-12-18,21489.27,0.013679716329854763
2003-12-19,21385.54,-0.004827060202603373
2003-12-20,21385.54,0.0
2003-12-21,21385.54,0.0
2003-12-22,21630.23,0.011441843413820596
2003-12-23,21688.4,0.002689291792089321
2003-12-24,21688.4,0.0
2003-12-25,21688.4,0.0
2003-12-26,21806.57,0.005448534700577268
2003-12-27,21806.57,0.0
2003-12-28,21806.57,0.0
2003-12-29,22045.48,0.01095587247329588
2003-12-30,22236.39,0.008659825052573122
2003-12-31,22236.39,0.0
2004-01-01,22236.39,0.0
2004-01-02,22444.71,0.00936842715926467
2004-01-03,22444.71,0.0
2004-01-04,22444.71,0.0
2004-01-05,23531.74,0.04843145667731963
2004-01-06,23576.44,0.0018995620383361889
2004-01-07,23320.12,-0.010871870392646255
2004-01-08,23716.82,0.017011061692649987
2004-01-09,23916.72,0.008428617327280952
2004-01-10,23916.72,0.0
2004-01-11,23916.72,0.0
2004-01-12,24236.98,0.013390632160262816
2004-01-13,23939.63,-0.012268442685516079
2004-01-14,23398.64,-0.02259809362133003
2004-01-15,22961.7,-0.018673734883736803
2004-01-16,23154.58,0.008400074907345845
2004-01-17,23154.58,0.0
2004-01-18,23154.58,0.0
2004-01-19,23385.17,0.009958720909642782
2004-01-20,23678.75,0.012554110147585007
2004-01-21,23301.82,-0.015918492319062505
2004-01-22,22968.78,-0.014292445826120104
2004-01-23,23471.0,0.021865331985416736
2004-01-24,23471.0,0.0
2004-01-25,23471.0,0.0
2004-01-26,24349.78,0.03744109752460467
2004-01-27,24226.04,-0.005081770759325033
2004-01-28,23851.62,-0.01545527044452999
2004-01-29,22386.18,-0.06143985188427448
2004-01-30,21851.44,-0.023887058890797896
2004-01-31,21851.44,0.0
2004-02-01,21851.44,0.0
2004-02-02,21786.95,-0.0029512929125036225
2004-02-03,22280.99,0.02267595969146674
2004-02-04,21684.53,-0.026769905646023884
2004-02-05,21091.68,-0.027339767105858392
2004-02-06,21968.81,0.04158654028507924
2004-02-07,21968.81,0.0
2004-02-08,21968.81,0.0
2004-02-09,21961.58,-0.00032910294185251043
2004-02-10,22171.49,0.00955805547688282
2004-02-11,23197.11,0.04625850585594371
2004-02-12,23063.45,-0.005761924653545192
2004-02-13,22529.8,-0.02313834226882805
2004-02-14,22529.8,0.0
2004-02-15,22529.8,0.0
2004-02-16,22188.88,-0.015131958561549474
2004-02-17,22426.27,0.0106986021827149
2004-02-18,22000.12,-0.019002268321927862
2004-02-19,20950.98,-0.04768792170224523
2004-02-20,21336.91,0.0184206180331421
2004-02-21,21336.91,0.0
2004-02-22,21336.91,0.0
2004-02-23,21336.91,0.0
2004-02-24,21336.91,0.0
2004-02-25,21609.23,0.012762860226715134
2004-02-26,21449.61,-0.007386658386254297
2004-02-27,21755.02,0.014238487319816029
2004-02-28,21755.02,0.0
2004-02-29,21755.02,0.0
2004-03-01,22498.59,0.03417923771157194
2004-03-02,22442.42,-0.002496600898100776
2004-03-03,22550.49,0.004815434342642311
2004-03-04,22392.99,-0.006984327169830884
2004-03-05,22872.94,0.021433046681126333
2004-03-06,22872.94,0.0
2004-03-07,22872.94,0.0
2004-03-08,22993.31,0.005262550419841139
2004-03-09,22673.76,-0.013897520626651949
2004-03-10,21670.28,-0.0442573265307562
2004-03-11,20763.14,-0.041861018870083755
2004-03-12,21775.77,0.04877056167805072
2004-03-13,21775.77,0.0
2004-03-14,21775.77,0.0
2004-03-15,21233.65,-0.02489556052438091
2004-03-16,21612.94,0.017862684936409856
2004-03-17,21900.98,0.013327201204463623
2004-03-18,22369.86,0.021409087629868706
2004-03-19,22260.64,-0.004882462384655173
2004-03-20,22260.64,0.0
2004-03-21,22260.64,0.0
2004-03-22,21663.09,-0.026843343228227012
2004-03-23,21204.93,-0.0211493374213928
2004-03-24,20984.71,-0.010385320772103523
2004-03-25,21000.38,0.0007467341697837693
2004-03-26,21541.01,0.02574381987373542
2004-03-27,21541.01,0.0
2004-03-28,21541.01,0.0
2004-03-29,21530.7,-0.0004786219401967662
2004-03-30,22042.68,0.02377906895734916
2004-03-31,22142.26,0.0045175994933464025
2004-04-01,22647.07,0.022798485791423406
2004-04-02,22948.95,0.013329759655443363
2004-04-03,22948.95,0.0
2004-04-04,22948.95,0.0
2004-04-05,23146.07,0.008589499737460704
2004-04-06,23071.6,-0.0032173928446600497
2004-04-07,22443.38,-0.02722914752336192
2004-04-08,22724.7,0.012534653871208334
2004-04-09,22724.7,0.0
2004-04-10,22724.7,0.0
2004-04-11,22724.7,0.0
2004-04-12,22779.62,0.0024167535765047266
2004-04-13,22619.62,-0.007023822170870275
2004-04-14,22311.96,-0.013601466337630819
2004-04-15,21739.46,-0.025658884293446205
2004-04-16,21768.93,0.0013555994491123435
2004-04-17,21768.93,0.0
2004-04-18,21768.93,0.0
2004-04-19,21626.72,-0.0065327050985050095
2004-04-20,21077.59,-0.025391275237299116
2004-04-21,21077.59,0.0
2004-04-22,21141.61,0.003037349146652879
2004-04-23,21590.47,0.021231117213873496
2004-04-24,21590.47,0.0
2004-04-25,21590.47,0.0
2004-04-26,21323.63,-0.012359156609374367
2004-04-27,21316.64,-0.00032780535021481594
2004-04-28,20473.62,-0.039547508425342826
2004-04-29,19865.21,-0.02971677700377362
2004-04-30,19607.23,-0.012986522669531264
2004-05-01,19607.23,0.0
2004-05-02,19607.23,0.0
2004-05-03,19708.58,0.005169011634993836
2004-05-04,19987.56,0.014155256238653324
2004-05-05,20026.24,0.0019352036966993058
2004-05-06,19190.48,-0.041733245981272704
2004-05-07,18620.01,-0.029726718664671248
2004-05-08,18620.01,0.0
2004-05-09,18620.01,0.0
2004-05-10,17604.12,-0.05455904696076963
2004-05-11,18536.62,0.05297055462016842
2004-05-12,18325.66,-0.011380715578136691
2004-05-13,18401.76,0.004152647162503298
2004-05-14,18611.21,0.011382063454800084
2004-05-15,18611.21,0.0
2004-05-16,18611.21,0.0
2004-05-17,18122.37,-0.02626589028870241
2004-05-18,18556.29,0.023943888133836966
2004-05-19,18688.22,0.007109718591377989
2004-05-20,18240.06,-0.02398088207437621
2004-05-21,18285.49,0.002490671631562691
2004-05-22,18285.49,0.0
2004-05-23,18285.49,0.0
2004-05-24,18669.3,0.020989866828835302
2004-05-25,18859.52,0.010188919777388561
2004-05-26,19069.44,0.011130718067055678
2004-05-27,19734.35,0.03486783041347841
2004-05-28,19667.38,-0.0033935751620903787
2004-05-29,19667.38,0.0
2004-05-30,19667.38,0.0
2004-05-31,19544.67,-0.006239265219871837
2004-06-01,19545.82,5.8839571095425924e-05
2004-06-02,19716.63,0.008738952880974038
2004-06-03,19399.96,-0.016061061144830635
2004-06-04,19818.73,0.021586126981705034
2004-06-05,19818.73,0.0
2004-06-06,19818.73,0.0
2004-06-07,20446.77,0.0316892152019832
2004-06-08,20283.7,-0.00797534280475598
2004-06-09,19864.7,-0.02065698072836808
2004-06-10,19864.7,0.0
2004-06-11,19834.46,-0.0015222983483265118
2004-06-12,19834.46,0.0
2004-06-13,19834.46,0.0
2004-06-14,19487.69,-0.017483208516894333
2004-06-15,20047.46,0.028724286972955815
2004-06-16,20459.75,0.020565697599596255
2004-06-17,20334.6,-0.006116888036266421
2004-06-18,20333.33,-6.245512574609702e-05
2004-06-19,20333.33,0.0
2004-06-20,20333.33,0.0
2004-06-21,20293.04,-0.0019814757346682255
2004-06-22,20199.2,-0.00462424555414076
2004-06-23,20836.11,0.031531446789971884
2004-06-24,20708.33,-0.006132622644053898
2004-06-25,20750.23,0.002023340365929993
2004-06-26,20750.23,0.0
2004-06-27,20750.23,0.0
2004-06-28,20350.91,-0.019244124041034705
2004-06-29,20800.84,0.02210859366976714
2004-06-30,21148.91,0.016733458841085236
2004-07-01,21348.67,0.009445404042099481
2004-07-02,21568.36,0.010290570794339926
2004-07-03,21568.36,0.0
2004-07-04,21568.36,0.0
2004-07-05,21670.29,0.004725904055755681
2004-07-06,21188.05,-0.022253509297752938
2004-07-07,21171.23,-0.0007938436996325349
2004-07-08,20887.39,-0.013406873384305018
2004-07-09,20887.39,0.0
2004-07-10,20887.39,0.0
2004-07-11,20887.39,0.0
2004-07-12,21532.23,0.030872215245657753
2004-07-13,21676.63,0.006706225969163482
2004-07-14,21672.67,-0.00018268522367193007
2004-07-15,22064.66,0.018086834709336808
2004-07-16,22447.13,0.017334053640527536
2004-07-17,22447.13,0.0
2004-07-18,22447.13,0.0
2004-07-19,22102.43,-0.015356083383488262
2004-07-20,22361.24,0.011709572205409247
2004-07-21,21810.32,-0.024637274140432375
2004-07-22,21730.32,-0.0036679883651409284
2004-07-23,21591.09,-0.006407176700573225
2004-07-24,21591.09,0.0
2004-07-25,21591.09,0.0
2004-07-26,21317.7,-0.012662167588574746
2004-07-27,21737.0,0.019669101263269484
2004-07-28,22168.28,0.019840824400791268
2004-07-29,22227.78,0.002684015178444188
2004-07-30,22336.87,0.004907822553579466
2004-07-31,22336.87,0.0
2004-08-01,22336.87,0.0
2004-08-02,22448.01,0.004975629978595908
2004-08-03,22372.9,-0.003345953605687013
2004-08-04,22177.92,-0.008715007889008697
2004-08-05,21330.25,-0.03822134807953126
2004-08-06,21652.71,0.015117497450803485
2004-08-07,21652.71,0.0
2004-08-08,21652.71,0.0
2004-08-09,21260.91,-0.01809473271475026
2004-08-10,21736.72,0.022379568889572488
2004-08-11,21569.71,-0.007683311925626435
2004-08-12,21570.24,2.457149400725278e-05
2004-08-13,21401.26,-0.007833941578767933
2004-08-14,21401.26,0.0
2004-08-15,21401.26,0.0
2004-08-16,21763.76,0.01693825503732027
2004-08-17,22060.5,0.013634592552022262
2004-08-18,22778.77,0.0325590988418214
2004-08-19,22934.83,0.006851116192841067
2004-08-20,23195.63,0.011371350910383882
2004-08-21,23195.63,0.0
2004-08-22,23195.63,0.0
2004-08-23,22852.13,-0.014808823903468049
2004-08-24,22870.14,0.0007881103424494107
2004-08-25,23058.41,0.008232131504223528
2004-08-26,22582.04,-0.020659273557890545
2004-08-27,22596.84,0.0006553880871700279
2004-08-28,22596.84,0.0
2004-08-29,22596.84,0.0
2004-08-30,22869.15,0.012050800023366115
2004-08-31,22803.19,-0.002884234875367153
2004-09-01,22512.87,-0.012731552032851479
2004-09-02,22688.07,0.007782215239549695
2004-09-03,22415.05,-0.012033637061239721
2004-09-04,22415.05,0.0
2004-09-05,22415.05,0.0
2004-09-06,22501.53,0.0038581221099216467
2004-09-07,22501.53,0.0
2004-09-08,22534.32,0.001457234241404981
2004-09-09,22286.49,-0.010997891216597555
2004-09-10,21968.08,-0.014287130903071765
2004-09-11,21968.08,0.0
2004-09-12,21968.08,0.0
2004-09-13,21809.22,-0.007231401196645337
2004-09-14,22309.43,0.022935712510580242
2004-09-15,22343.52,0.0015280533837036536
2004-09-16,22875.77,0.023821224229664706
2004-09-17,23073.59,0.008647577764595349
2004-09-18,23073.59,0.0
2004-09-19,23073.59,0.0
2004-09-20,23078.24,0.00020152910752080366
2004-09-21,23105.76,0.0011924652833144034
2004-09-22,22748.97,-0.015441604171427259
2004-09-23,22943.55,0.008553354283732384
2004-09-24,22972.07,0.001243050879223162
2004-09-25,22972.07,0.0
2004-09-26,22972.07,0.0
2004-09-27,22834.06,-0.006007730256785693
2004-09-28,23230.64,0.017367914422577346
2004-09-29,23208.35,-0.0009595086489223581
2004-09-30,23245.24,0.0015895141188408957
2004-10-01,23777.02,0.022876941687846486
2004-10-02,23777.02,0.0
2004-10-03,23777.02,0.0
2004-10-04,24150.39,0.015702977076185176
2004-10-05,24205.25,0.0022715989265598147
2004-10-06,24027.14,-0.007358321025397352
2004-10-07,24104.18,0.0032063741252601474
2004-10-08,23926.85,-0.0073568152909578854
2004-10-09,23926.85,0.0
2004-10-10,23926.85,0.0
2004-10-11,23953.95,0.0011326187943669908
2004-10-12,23953.95,0.0
2004-10-13,23289.29,-0.027747407003855362
2004-10-14,22959.48,-0.014161445024730268
2004-10-15,23367.84,0.01778611710718181
2004-10-16,23367.84,0.0
2004-10-17,23367.84,0.0
2004-10-18,23411.07,0.0018499784318961598
2004-10-19,22892.99,-0.022129701888892628
2004-10-20,22873.49,-0.0008517891284625101
2004-10-21,23058.95,0.008108076205249004
2004-10-22,22735.47,-0.014028392446316928
2004-10-23,22735.47,0.0
2004-10-24,22735.47,0.0
2004-10-25,22602.6,-0.005844172123998459
2004-10-26,22848.91,0.01089741888101381
2004-10-27,23170.78,0.014086886420402456
2004-10-28,22928.5,-0.010456272943767941
2004-10-29,23052.18,0.0053941601064178
2004-10-30,23052.18,0.0
2004-10-31,23052.18,0.0
2004-11-01,23272.98,0.00957826982090193
2004-11-02,23272.98,0.0
2004-11-03,23660.11,0.016634311549273084
2004-11-04,23879.62,0.009277640721027769
2004-11-05,23541.63,-0.014153910321855978
2004-11-06,23541.63,0.0
2004-11-07,23541.63,0.0
2004-11-08,23211.89,-0.014006676682965513
2004-11-09,23215.87,0.00017146384891542077
2004-11-10,23454.55,0.01028089836822832
2004-11-11,23520.7,0.002820348290630159
2004-11-12,24035.42,0.021883702440828712
2004-11-13,24035.42,0.0
2004-11-14,24035.42,0.0
2004-11-15,24035.42,0.0
2004-11-16,23772.06,-0.0109571623878425
2004-11-17,24169.83,0.016732668519261695
2004-11-18,24143.05,-0.0011079928985848753
2004-11-19,24034.19,-0.004508958064536217
2004-11-20,24034.19,0.0
2004-11-21,24034.19,0.0
2004-11-22,24444.9,0.017088572570991722
2004-11-23,24340.46,-0.004272465831318684
2004-11-24,24368.33,0.001145007119832675
2004-11-25,24866.63,0.020448672518798006
2004-11-26,24997.82,0.005275745044664326
2004-11-27,24997.82,0.0
2004-11-28,24997.82,0.0
2004-11-29,24854.76,-0.005722899036796014
2004-11-30,25128.33,0.011006744784500144
2004-12-01,25234.7,0.004233070800964356
2004-12-02,25200.4,-0.001359239459949979
2004-12-03,25467.97,0.010617688608117293
2004-12-04,25467.97,0.0
2004-12-05,25467.97,0.0
2004-12-06,25632.5,0.006460271470399848
2004-12-07,24988.62,-0.025119672291036843
2004-12-08,24968.39,-0.0008095685155883325
2004-12-09,24526.04,-0.01771640061694002
2004-12-10,24933.32,0.016606023638549017
2004-12-11,24933.32,0.0
2004-12-12,24933.32,0.0
2004-12-13,25225.16,0.011704819093486085
2004-12-14,25563.13,0.01339813107231036
2004-12-15,25575.83,0.0004968092717911876
2004-12-16,25831.13,0.009982080737946708
2004-12-17,25659.14,-0.006658245303244659
2004-12-18,25659.14,0.0
2004-12-19,25659.14,0.0
2004-12-20,25536.63,-0.004774516994723865
2004-12-21,25889.72,0.013826804868144249
2004-12-22,25723.19,-0.006432282774784803
2004-12-23,25878.19,0.006025691214814444
2004-12-24,25878.19,0.0
2004-12-25,25878.19,0.0
2004-12-26,25878.19,0.0
2004-12-27,25936.93,0.0022698650871642023
2004-12-28,26116.61,0.006927573926443831
2004-12-29,26161.31,0.0017115544475336808
2004-12-30,26196.25,0.0013355600312063842
2004-12-31,26196.25,0.0
2005-01-01,26196.25,0.0
2005-01-02,26196.25,0.0
2005-01-03,25722.01,-0.01810335448776068
2005-01-04,24848.04,-0.03397751575401753
2005-01-05,24691.8,-0.006287819884385315
2005-01-06,24366.93,-0.013156999489709054
2005-01-07,24747.22,0.015606808079639212
2005-01-08,24747.22,0.0
2005-01-09,24747.22,0.0
2005-01-10,24291.89,-0.018399238379098848
2005-01-11,24369.87,0.003210124860601571
2005-01-12,24509.6,0.005733719547949878
2005-01-13,24805.74,0.012082612527336334
2005-01-14,24924.13,0.004772685676782906
2005-01-15,24924.13,0.0
2005-01-16,24924.13,0.0
2005-01-17,24515.22,-0.016406189503906488
2005-01-18,24089.19,-0.017378183838448247
2005-01-19,24271.23,0.007556916608653097
2005-01-20,23609.97,-0.027244601942299496
2005-01-21,23818.37,0.008826779534238938
2005-01-22,23818.37,0.0
2005-01-23,23818.37,0.0
2005-01-24,24197.72,0.015926782563206565
2005-01-25,24197.72,0.0
2005-01-26,24530.16,0.013738484452254118
2005-01-27,24029.7,-0.020401823714154332
2005-01-28,23968.09,-0.002563910494096877
2005-01-29,23968.09,0.0
2005-01-30,23968.09,0.0
2005-01-31,24350.62,0.01595997011025907
2005-02-01,24149.46,-0.008260980623902014
2005-02-02,24605.36,0.0188782689136735
2005-02-03,24873.63,0.01090290895967394
2005-02-04,25731.94,0.03450682509951286
2005-02-05,25731.94,0.0
2005-02-06,25731.94,0.0
2005-02-07,25731.94,0.0
2005-02-08,25731.94,0.0
2005-02-09,26313.5,0.02260070558224525
2005-02-10,26415.79,0.0038873582001635043
2005-02-11,26670.52,0.009643096042177834
2005-02-12,26670.52,0.0
2005-02-13,26670.52,0.0
2005-02-14,26531.89,-0.005197873907220485
2005-02-15,26610.12,0.0029485272251619232
2005-02-16,26384.08,-0.008494512613997918
2005-02-17,27090.91,0.026790018829536466
2005-02-18,26756.25,-0.012353221061972453
2005-02-19,26756.25,0.0
2005-02-20,26756.25,0.0
2005-02-21,26853.05,0.003617846297593985
2005-02-22,26740.06,-0.0042077156970995455
2005-02-23,27198.46,0.01714281867729528
2005-02-24,28436.17,0.04550662059543065
2005-02-25,28425.04,-0.00039140292099804075
2005-02-26,28425.04,0.0
2005-02-27,28425.04,0.0
2005-02-28,28139.13,-0.010058385142114101
2005-03-01,27729.98,-0.01454025053368746
2005-03-02,28199.7,0.016939067392042872
2005-03-03,28668.4,0.016620744192314074
2005-03-04,29197.19,0.018445047508755197
2005-03-05,29197.19,0.0
2005-03-06,29197.19,0.0
2005-03-07,29455.42,0.008844344267376458
2005-03-08,29021.2,-0.014741599338933153
2005-03-09,28514.46,-0.017461028489518027
2005-03-10,28567.49,0.001859758171818937
2005-03-11,28074.91,-0.017242676903011178
2005-03-12,28074.91,0.0
2005-03-13,28074.91,0.0
2005-03-14,28098.89,0.0008541434326949648
2005-03-15,27587.71,-0.018192177698122647
2005-03-16,27826.71,0.00866327795964228
2005-03-17,28085.83,0.009311916500369666
2005-03-18,27593.25,-0.017538381454277885
2005-03-19,27593.25,0.0
2005-03-20,27593.25,0.0
2005-03-21,27411.34,-0.006592554338470502
2005-03-22,26618.06,-0.028939847522959417
2005-03-23,26248.27,-0.013892447458605184
2005-03-24,26701.88,0.017281519886834573
2005-03-25,26701.88,0.0
2005-03-26,26701.88,0.0
2005-03-27,26701.88,0.0
2005-03-28,26257.32,-0.016649014975724574
2005-03-29,25842.08,-0.01581425674821335
2005-03-30,26469.78,0.024289840446279687
2005-03-31,26610.65,0.005321918051453434
2005-04-01,26773.83,0.006132131308329569
2005-04-02,26773.83,0.0
2005-04-03,26773.83,0.0
2005-04-04,26406.75,-0.01371040303161708
2005-04-05,26038.44,-0.013947570223522443
2005-04-06,25695.05,-0.013187810022412982
2005-04-07,26307.83,0.023848173091704616
2005-04-08,25884.63,-0.016086465512358927
2005-04-09,25884.63,0.0
2005-04-10,25884.63,0.0
2005-04-11,25899.73,0.0005833577686835678
2005-04-12,26206.21,0.011833327992222253
2005-04-13,26066.11,-0.005346061105363953
2005-04-14,24984.0,-0.041514057908909274
2005-04-15,24655.85,-0.013134406019852718
2005-04-16,24655.85,0.0
2005-04-17,24655.85,0.0
2005-04-18,24877.04,0.008971096109037013
2005-04-19,25566.17,0.027701446795920903
2005-04-20,25062.44,-0.019702990318847147
2005-04-21,25062.44,0.0
2005-04-22,24767.06,-0.01178576387614283
2005-04-23,24767.06,0.0
2005-04-24,24767.06,0.0
2005-04-25,25231.5,0.01875232667906479
2005-04-26,25304.75,0.0029031171353268714
2005-04-27,25241.7,-0.00249162706606465
2005-04-28,24439.71,-0.03177242420280735
2005-04-29,24843.7,0.01653006520944822
2005-04-30,24843.7,0.0
2005-05-01,24843.7,0.0
2005-05-02,24704.6,-0.005599004979129574
2005-05-03,24715.63,0.00044647555515986426
2005-05-04,25474.47,0.03070283864906531
2005-05-05,25435.82,-0.001517205264721988
2005-05-06,25589.2,0.006030078841570807
2005-05-07,25589.2,0.0
2005-05-08,25589.2,0.0
2005-05-09,25464.75,-0.004863379863379924
2005-05-10,24762.71,-0.027569090605641167
2005-05-11,24698.66,-0.0025865505027519164
2005-05-12,24117.27,-0.023539333712841115
2005-05-13,23887.44,-0.009529685573864799
2005-05-14,23887.44,0.0
2005-05-15,23887.44,0.0
2005-05-16,24378.5,0.020557246820923414
2005-05-17,24412.76,0.0014053366696062941
2005-05-18,24898.12,0.019881406280977787
2005-05-19,24829.01,-0.0027757115798301424
2005-05-20,24522.41,-0.01234845851687194
2005-05-21,24522.41,0.0
2005-05-22,24522.41,0.0
2005-05-23,24214.89,-0.012540366138564685
2005-05-24,24545.24,0.013642432404194382
2005-05-25,24478.42,-0.0027223200913906176
2005-05-26,24478.42,0.0
2005-05-27,25255.48,0.03174469594034268
2005-05-28,25255.48,0.0
2005-05-29,25255.48,0.0
2005-05-30,25424.22,0.006681322231848252
2005-05-31,25207.07,-0.00854106831989343
2005-06-01,25948.83,0.029426664820623838
2005-06-02,26639.83,0.02662933165002035
2005-06-03,26365.62,-0.01029323385321912
2005-06-04,26365.62,0.0
2005-06-05,26365.62,0.0
2005-06-06,25556.26,-0.030697552342785817
2005-06-07,25026.1,-0.020744819468889397
2005-06-08,24701.5,-0.012970458840969923
2005-06-09,24483.55,-0.008823350808655372
2005-06-10,24950.95,0.019090368839486116
2005-06-11,24950.95,0.0
2005-06-12,24950.95,0.0
2005-06-13,24901.83,-0.0019686625158560345
2005-06-14,25744.24,0.033829240662232474
2005-06-15,25481.38,-0.010210439306035046
2005-06-16,25750.53,0.010562614740645904
2005-06-17,26092.88,0.013294871989042667
2005-06-18,26092.88,0.0
2005-06-19,26092.88,0.0
2005-06-20,26045.5,-0.001815821020906938
2005-06-21,25721.68,-0.012432857883319604
2005-06-22,25678.25,-0.0016884589187020627
2005-06-23,24815.58,-0.033595357939111836
2005-06-24,24916.91,0.004083321848612709
2005-06-25,24916.91,0.0
2005-06-26,24916.91,0.0
2005-06-27,25225.77,0.012395598009544484
2005-06-28,25261.04,0.0013981733758772208
2005-06-29,25126.36,-0.005331530293289588
2005-06-30,25051.21,-0.0029908828815634614
2005-07-01,25311.44,0.010387921381841414
2005-07-02,25311.44,0.0
2005-07-03,25311.44,0.0
2005-07-04,25044.53,-0.01054503418217212
2005-07-05,24674.77,-0.014764102181194838
2005-07-06,24516.86,-0.00639965438380985
2005-07-07,24449.51,-0.0027470891459999702
2005-07-08,24422.91,-0.0010879563639516476
2005-07-09,24422.91,0.0
2005-07-10,24422.91,0.0
2005-07-11,25015.58,0.0242669690057411
2005-07-12,25536.25,0.02081382882187821
2005-07-13,25855.91,0.012517891233051026
2005-07-14,25919.95,0.0024768031757536058
2005-07-15,25221.53,-0.02694526802713748
2005-07-16,25221.53,0.0
2005-07-17,25221.53,0.0
2005-07-18,25321.08,0.00394702462538965
2005-07-19,25270.6,-0.0019935958497822037
2005-07-20,25704.76,0.017180438929032205
2005-07-21,25842.37,0.005353483168098139
2005-07-22,25391.23,-0.017457377167806154
2005-07-23,25391.23,0.0
2005-07-24,25391.23,0.0
2005-07-25,24530.79,-0.03388729100559518
2005-07-26,24868.47,0.013765557489179958
2005-07-27,25337.82,0.018873296185893063
2005-07-28,26068.37,0.028832393631338382
2005-07-29,26042.36,-0.0009977608880032962
2005-07-30,26042.36,0.0
2005-07-31,26042.36,0.0
2005-08-01,26298.07,0.009819002578875358
2005-08-02,26788.54,0.018650418072504893
2005-08-03,26714.07,-0.0027799200702988136
2005-08-04,26469.9,-0.009140127281241583
2005-08-05,26517.92,0.0018141360564263298
2005-08-06,26517.92,0.0
2005-08-07,26517.92,0.0
2005-08-08,26711.19,0.007288279020375654
2005-08-09,27291.44,0.021723105559879663
2005-08-10,27116.92,-0.006394679064204767
2005-08-11,26633.12,-0.01784125925805735
2005-08-12,26950.74,0.01192575259676687
2005-08-13,26950.74,0.0
2005-08-14,26950.74,0.0
2005-08-15,27375.02,0.015742795930649756
2005-08-16,27080.1,-0.010773325462410721
2005-08-17,27416.12,0.012408373676611184
2005-08-18,26899.74,-0.018834904428489452
2005-08-19,26643.77,-0.009515705356260007
2005-08-20,26643.77,0.0
2005-08-21,26643.77,0.0
2005-08-22,27260.68,0.023154005608065242
2005-08-23,26769.28,-0.018025962668576145
2005-08-24,26712.38,-0.002125570803547916
2005-08-25,27401.63,0.025802642819546584
2005-08-26,27094.61,-0.011204442947372106
2005-08-27,27094.61,0.0
2005-08-28,27094.61,0.0
2005-08-29,27384.83,0.010711355505762965
2005-08-30,27603.74,0.007993841846014815
2005-08-31,28044.83,0.015979356420543045
2005-09-01,27962.19,-0.00294671067715524
2005-09-02,28319.11,0.01276437932794261
2005-09-03,28319.11,0.0
2005-09-04,28319.11,0.0
2005-09-05,28522.0,0.007164420068286104
2005-09-06,28854.92,0.011672393240305778
2005-09-07,28854.92,0.0
2005-09-08,28828.06,-0.0009308637833685962
2005-09-09,29307.91,0.01664524078276508
2005-09-10,29307.91,0.0
2005-09-11,29307.91,0.0
2005-09-12,29086.48,-0.007555298211301964
2005-09-13,28873.3,-0.00732917836740643
2005-09-14,29049.99,0.006119494481060528
2005-09-15,29366.24,0.010886406501344759
2005-09-16,29815.83,0.015309757054358997
2005-09-17,29815.83,0.0
2005-09-18,29815.83,0.0
2005-09-19,30076.02,0.008726572428136237
2005-09-20,30058.99,-0.0005662318351962181
2005-09-21,30837.29,0.02589242020440463
2005-09-22,30678.43,-0.00515155514638288
2005-09-23,31294.11,0.02006882360016471
2005-09-24,31294.11,0.0
2005-09-25,31294.11,0.0
2005-09-26,31141.2,-0.004886222998513157
2005-09-27,30874.94,-0.008550087986333277
2005-09-28,31317.24,0.01432553391196878
2005-09-29,31208.82,-0.003461990903413037
2005-09-30,31583.79,0.012014872718673741
2005-10-01,31583.79,0.0
2005-10-02,31583.79,0.0
2005-10-03,31856.13,0.00862277769704023
2005-10-04,31283.83,-0.01796514516986214
2005-10-05,30163.52,-0.0358111522789889
2005-10-06,29227.4,-0.031034839435185257
2005-10-07,29972.99,0.025509966675106188
2005-10-08,29972.99,0.0
2005-10-09,29972.99,0.0
2005-10-10,30277.22,0.010150138508036699
2005-10-11,30614.23,0.011130810556583492
2005-10-12,30614.23,0.0
2005-10-13,29880.04,-0.02398198484822245
2005-10-14,29770.22,-0.0036753632190585916
2005-10-15,29770.22,0.0
2005-10-16,29770.22,0.0
2005-10-17,30241.61,0.015834280028834247
2005-10-18,29067.91,-0.03881076437398667
2005-10-19,29297.11,0.007884983818926106
2005-10-20,28344.08,-0.032529829734059046
2005-10-21,29175.79,0.029343340831665676
2005-10-22,29175.79,0.0
2005-10-23,29175.79,0.0
2005-10-24,29834.99,0.022594075430348193
2005-10-25,29498.03,-0.011294121432586457
2005-10-26,29729.97,0.007862897963016646
2005-10-27,29132.52,-0.020095883043272478
2005-10-28,29318.18,0.006372946796226353
2005-10-29,29318.18,0.0
2005-10-30,29318.18,0.0
2005-10-31,30193.51,0.029856218905812026
2005-11-01,30899.71,0.02338913230028572
2005-11-02,30899.71,0.0
2005-11-03,31099.97,0.006480966973476443
2005-11-04,30887.5,-0.006831839387626437
2005-11-05,30887.5,0.0
2005-11-06,30887.5,0.0
2005-11-07,30952.24,0.0020959935248887618
2005-11-08,30970.6,0.0005931719319829387
2005-11-09,30666.07,-0.009832873757692706
2005-11-10,30724.6,0.001908624091707889
2005-11-11,30510.89,-0.006955664190908872
2005-11-12,30510.89,0.0
2005-11-13,30510.89,0.0
2005-11-14,30218.88,-0.009570681156793492
2005-11-15,30218.88,0.0
2005-11-16,30482.12,0.008711110405150713
2005-11-17,31087.0,0.01984376414763811
2005-11-18,31102.37,0.0004944188889246526
2005-11-19,31102.37,0.0
2005-11-20,31102.37,0.0
2005-11-21,31110.07,0.0002475695582040416
2005-11-22,31489.01,0.01218062190152569
2005-11-23,31942.56,0.014403437897857252
2005-11-24,31944.73,6.793444232400248e-05
2005-11-25,31919.66,-0.0007847929846331869
2005-11-26,31919.66,0.0
2005-11-27,31919.66,0.0
2005-11-28,31357.55,-0.017610149982800638
2005-11-29,31651.55,0.009375732479099952
2005-11-30,31916.76,0.008379052526653386
2005-12-01,32617.18,0.021945209977453972
2005-12-02,32832.45,0.006599896128359317
2005-12-03,32832.45,0.0
2005-12-04,32832.45,0.0
2005-12-05,32701.17,-0.003998483207923842
2005-12-06,33223.42,0.015970376595088265
2005-12-07,32756.79,-0.014045212684305142
2005-12-08,32480.04,-0.0084486300397566
2005-12-09,32921.76,0.013599736946136698
2005-12-10,32921.76,0.0
2005-12-11,32921.76,0.0
2005-12-12,32970.6,0.0014835172846165978
2005-12-13,33419.65,0.013619709680745995
2005-12-14,33629.47,0.006278342232788114
2005-12-15,33193.27,-0.012970766414100665
2005-12-16,33291.82,0.0029689753374706473
2005-12-17,33291.82,0.0
2005-12-18,33291.82,0.0
2005-12-19,33005.27,-0.00860721943107956
2005-12-20,33066.53,0.001856067228051872
2005-12-21,33517.05,0.013624653085763994
2005-12-22,33512.86,-0.000125011001863351
2005-12-23,33331.26,-0.005418815344318539
2005-12-24,33331.26,0.0
2005-12-25,33331.26,0.0
2005-12-26,33297.52,-0.0010122629627564717
2005-12-27,33370.73,0.0021986622427137004
2005-12-28,33138.48,-0.006959691921633149
2005-12-29,33455.94,0.00957979967699174
2005-12-30,33455.94,0.0
2005-12-31,33455.94,0.0
2006-01-01,33455.94,0.0
2006-01-02,33507.27,0.0015342566970169003
2006-01-03,34540.58,0.0308383822376459
2006-01-04,35002.37,0.013369491768812303
2006-01-05,34936.11,-0.00189301467300651
2006-01-06,35475.02,0.015425586878447417
2006-01-07,35475.02,0.0
2006-01-08,35475.02,0.0
2006-01-09,35337.33,-0.0038813226884719665
2006-01-10,35049.42,-0.008147474639425334
2006-01-11,35952.24,0.025758486160398553
2006-01-12,35779.3,-0.004810270514437942
2006-01-13,35897.12,0.0032929654856299617
2006-01-14,35897.12,0.0
2006-01-15,35897.12,0.0
2006-01-16,36533.68,0.017732898906653194
2006-01-17,36119.37,-0.011340494579248461
2006-01-18,35805.19,-0.00869837984438826
2006-01-19,36858.19,0.02940914431678765
2006-01-20,36694.65,-0.004437005723829657
2006-01-21,36694.65,0.0
2006-01-22,36694.65,0.0
2006-01-23,36631.75,-0.001714146340134115
2006-01-24,37399.67,0.020963235444662054
2006-01-25,37399.67,0.0
2006-01-26,38014.36,0.01643570651826609
2006-01-27,37822.22,-0.005054405756140579
2006-01-28,37822.22,0.0
2006-01-29,37822.22,0.0
2006-01-30,38242.04,0.011099824388943746
2006-01-31,38382.8,0.0036807659842414964
2006-02-01,38484.84,0.0026584824452617895
2006-02-02,37304.19,-0.030678313850336814
2006-02-03,37261.73,-0.0011382099437087234
2006-02-04,37261.73,0.0
2006-02-05,37261.73,0.0
2006-02-06,37321.2,0.001596007485427986
2006-02-07,36561.7,-0.02035036386825717
2006-02-08,36499.41,-0.0017036953970956947
2006-02-09,36882.31,0.010490580532671379
2006-02-10,36975.27,0.0025204495054675924
2006-02-11,36975.27,0.0
2006-02-12,36975.27,0.0
2006-02-13,36113.95,-0.023294488451335194
2006-02-14,36626.88,0.014203098802540337
2006-02-15,37239.3,0.016720506906403365
2006-02-16,38256.39,0.02731227493535049
2006-02-17,38421.83,0.004324506311233378
2006-02-18,38421.83,0.0
2006-02-19,38421.83,0.0
2006-02-20,38539.18,0.003054253272163132
2006-02-21,38165.97,-0.009683911281973323
2006-02-22,38246.4,0.0021073747110318397
2006-02-23,38405.48,0.004159345716198137
2006-02-24,38610.39,0.005335436505415236
2006-02-25,38610.39,0.0
2006-02-26,38610.39,0.0
2006-02-27,38610.39,0.0
2006-02-28,38610.39,0.0
2006-03-01,39177.87,0.014697598237158438
2006-03-02,39125.84,-0.0013280456543453
2006-03-03,39239.75,0.002911375193478394
2006-03-04,39239.75,0.0
2006-03-05,39239.75,0.0
2006-03-06,38353.98,-0.022573283468931282
2006-03-07,37422.58,-0.024284311562972172
2006-03-08,37289.08,-0.003567364943838691
2006-03-09,36312.27,-0.02619560471859339
2006-03-10,36890.69,0.015929050979187176
2006-03-11,36890.69,0.0
2006-03-12,36890.69,0.0
2006-03-13,36792.98,-0.002648635739803118
2006-03-14,37541.49,0.02034382645819921
2006-03-15,38243.99,0.018712629679855652
2006-03-16,38156.64,-0.002284019005339144
2006-03-17,38049.17,-0.0028165477882748924
2006-03-18,38049.17,0.0
2006-03-19,38049.17,0.0
2006-03-20,38203.53,0.0040568559051354924
2006-03-21,37398.01,-0.021084962567595067
2006-03-22,37850.59,0.012101713433415151
2006-03-23,37473.85,-0.0099533455092774
2006-03-24,37577.05,0.0027539204004927154
2006-03-25,37577.05,0.0
2006-03-26,37577.05,0.0
2006-03-27,37641.06,0.0017034333456189543
2006-03-28,36682.21,-0.02547351216995475
2006-03-29,37491.57,0.022064101372300193
2006-03-30,37776.76,0.007606776670062265
2006-03-31,37951.97,0.004638036718871641
2006-04-01,37951.97,0.0
2006-04-02,37951.97,0.0
2006-04-03,38717.07,0.020159691315101647
2006-04-04,38802.26,0.0022003214602759336
2006-04-05,39053.2,0.0064671490784298236
2006-04-06,39285.04,0.0059365173660546056
2006-04-07,38926.49,-0.009126883923244122
2006-04-08,38926.49,0.0
2006-04-09,38926.49,0.0
2006-04-10,38474.73,-0.011605464556398326
2006-04-11,37901.19,-0.014906927222101407
2006-04-12,38427.41,0.013883996782159125
2006-04-13,38082.13,-0.008985252974374469
2006-04-14,38082.13,0.0
2006-04-15,38082.13,0.0
2006-04-16,38082.13,0.0
2006-04-17,38462.48,0.00998762411661347
2006-04-18,39572.47,0.02885903353085917
2006-04-19,39937.74,0.009230406896511667
2006-04-20,39774.59,-0.004085108471335697
2006-04-21,39774.59,0.0
2006-04-22,39774.59,0.0
2006-04-23,39774.59,0.0
2006-04-24,39751.3,-0.0005855497190541126
2006-04-25,39738.07,-0.00033281930402284665
2006-04-26,40410.06,0.01691048407735951
2006-04-27,39751.44,-0.016298416780375913
2006-04-28,40363.42,0.015395165558782065
2006-04-29,40363.42,0.0
2006-04-30,40363.42,0.0
2006-05-01,40363.42,0.0
2006-05-02,41016.58,0.016181978633128757
2006-05-03,40919.76,-0.002360508847885412
2006-05-04,40975.78,0.0013690207371694907
2006-05-05,41417.27,0.010774413568210184
2006-05-06,41417.27,0.0
2006-05-07,41417.27,0.0
2006-05-08,41515.49,0.002371474508097826
2006-05-09,41979.29,0.011171733731192957
2006-05-10,41751.5,-0.005426247085169922
2006-05-11,40847.07,-0.021662215728776246
2006-05-12,40211.97,-0.015548238833287154
2006-05-13,40211.97,0.0
2006-05-14,40211.97,0.0
2006-05-15,39271.45,-0.02338905554739057
2006-05-16,39416.44,0.003691995075302934
2006-05-17,38290.68,-0.028560671638534596
2006-05-18,37807.15,-0.012627877070869431
2006-05-19,37732.86,-0.0019649722340879805
2006-05-20,37732.86,0.0
2006-05-21,37732.86,0.0
2006-05-22,36496.92,-0.03275500452390845
2006-05-23,36110.0,-0.010601442532684913
2006-05-24,35791.96,-0.008807532539462759
2006-05-25,37568.66,0.049639639740321595
2006-05-26,38629.71,0.028242955697647787
2006-05-27,38629.71,0.0
2006-05-28,38629.71,0.0
2006-05-29,38145.15,-0.012543713116148103
2006-05-30,36412.51,-0.045422288285666745
2006-05-31,36530.04,0.0032277368409923124
2006-06-01,37748.3,0.0333495391737868
2006-06-02,37942.18,0.005136125335445607
2006-06-03,37942.18,0.0
2006-06-04,37942.18,0.0
2006-06-05,36739.86,-0.0316882161225317
2006-06-06,36557.8,-0.004955380886045746
2006-06-07,35264.0,-0.03539053225303501
2006-06-08,35437.78,0.0049279718693284735
2006-06-09,35074.63,-0.010247538079417029
2006-06-10,35074.63,0.0
2006-06-11,35074.63,0.0
2006-06-12,33554.52,-0.04333930251010487
2006-06-13,32847.61,-0.02106750446735628
2006-06-14,32941.46,0.002857133289149383
2006-06-15,32941.46,0.0
2006-06-16,34398.92,0.044243940614653976
2006-06-17,34398.92,0.0
2006-06-18,34398.92,0.0
2006-06-19,33897.35,-0.014580981030799745
2006-06-20,33632.14,-0.007823915438817441
2006-06-21,34546.64,0.02719125217723284
2006-06-22,34316.77,-0.006653903245004478
2006-06-23,34661.22,0.010037366570338824
2006-06-24,34661.22,0.0
2006-06-25,34661.22,0.0
2006-06-26,34631.24,-0.0008649435882522871
2006-06-27,34375.73,-0.007378020538681085
2006-06-28,34834.65,0.013350116492071518
2006-06-29,36486.67,0.04742461887804228
2006-06-30,36630.66,0.003946372743799387
2006-07-01,36630.66,0.0
2006-07-02,36630.66,0.0
2006-07-03,37357.2,0.019834204461508298
2006-07-04,37367.34,0.0002714336192219946
2006-07-05,36378.03,-0.026475258875798935
2006-07-06,36533.13,0.0042635623754228025
2006-07-07,36101.98,-0.011801616779071322
2006-07-08,36101.98,0.0
2006-07-09,36101.98,0.0
2006-07-10,36140.64,0.001070855393526804
2006-07-11,36553.56,0.01142536490776025
2006-07-12,36229.71,-0.008859602183754478
2006-07-13,35354.28,-0.02416331789572701
2006-07-14,35349.68,-0.00013011154519337875
2006-07-15,35349.68,0.0
2006-07-16,35349.68,0.0
2006-07-17,34866.31,-0.013673956878817672
2006-07-18,35130.42,0.0075749340839337265
2006-07-19,36785.45,0.04711102229919262
2006-07-20,35846.84,-0.025515794967847394
2006-07-21,35510.4,-0.009385485582550479
2006-07-22,35510.4,0.0
2006-07-23,35510.4,0.0
2006-07-24,36224.39,0.02010650401009273
2006-07-25,36680.83,0.012600350206035227
2006-07-26,36594.3,-0.002358997874366442
2006-07-27,36887.72,0.008018188625004363
2006-07-28,37381.06,0.013374098480469776
2006-07-29,37381.06,0.0
2006-07-30,37381.06,0.0
2006-07-31,37077.12,-0.008130855572313744
2006-08-01,36839.31,-0.006413928589922957
2006-08-02,37288.4,0.012190510625742057
2006-08-03,37451.19,0.004365700861393984
2006-08-04,37847.88,0.010592186790326252
2006-08-05,37847.88,0.0
2006-08-06,37847.88,0.0
2006-08-07,37697.55,-0.0039719529865344105
2006-08-08,37600.44,-0.002576029476716646
2006-08-09,37255.12,-0.00918393508161075
2006-08-10,37353.76,0.002647689767205197
2006-08-11,36944.43,-0.010958200727316347
2006-08-12,36944.43,0.0
2006-08-13,36944.43,0.0
2006-08-14,36556.88,-0.010490079289354415
2006-08-15,37295.93,0.020216440790352008
2006-08-16,37677.81,0.01023918695686099
2006-08-17,37558.89,-0.003156234398973834
2006-08-18,37551.71,-0.00019116645885963734
2006-08-19,37551.71,0.0
2006-08-20,37551.71,0.0
2006-08-21,37160.6,-0.010415238081035505
2006-08-22,36677.51,-0.01300005920248859
2006-08-23,35512.1,-0.031774512500985064
2006-08-24,35797.26,0.008029939091183103
2006-08-25,35957.52,0.004476878956657382
2006-08-26,35957.52,0.0
2006-08-27,35957.52,0.0
2006-08-28,36374.51,0.011596739708411574
2006-08-29,36303.67,-0.0019475176435367336
2006-08-30,36313.43,0.00026884334283572286
2006-08-31,36232.22,-0.0022363626900571143
2006-09-01,37329.15,0.030274987290317856
2006-09-02,37329.15,0.0
2006-09-03,37329.15,0.0
2006-09-04,37693.35,0.009756450387967464
2006-09-05,37367.96,-0.008632557201734503
2006-09-06,36709.87,-0.017611076440886664
2006-09-07,36709.87,0.0
2006-09-08,36558.48,-0.0041239590333607135
2006-09-09,36558.48,0.0
2006-09-10,36558.48,0.0
2006-09-11,35772.49,-0.021499526238508926
2006-09-12,36146.66,0.010459713595559306
2006-09-13,36549.71,0.011150407810845975
2006-09-14,36153.6,-0.010837568889055516
2006-09-15,36169.93,0.00045168392635863697
2006-09-16,36169.93,0.0
2006-09-17,36169.93,0.0
2006-09-18,36482.78,0.008649449971288359
2006-09-19,35885.68,-0.016366625569652293
2006-09-20,35196.59,-0.019202367072325366
2006-09-21,34830.08,-0.010413224690232648
2006-09-22,34798.8,-0.0008980743081841158
2006-09-23,34798.8,0.0
2006-09-24,34798.8,0.0
2006-09-25,34972.74,0.004998448222352403
2006-09-26,35818.97,0.02419684588625315
2006-09-27,36105.64,0.0080033010441114
2006-09-28,36486.19,0.010539904568926062
2006-09-29,36449.4,-0.0010083267121067108
2006-09-30,36449.4,0.0
2006-10-01,36449.4,0.0
2006-10-02,37057.75,0.016690261019385755
2006-10-03,36437.55,-0.016736040369423333
2006-10-04,37749.29,0.03599967615824884
2006-10-05,37976.86,0.0060284577537750295
2006-10-06,37940.44,-0.0009590050362245917
2006-10-07,37940.44,0.0
2006-10-08,37940.44,0.0
2006-10-09,38406.37,0.012280563957613566
2006-10-10,38654.69,0.006465594118892248
2006-10-11,38322.21,-0.008601284863492764
2006-10-12,38322.21,0.0
2006-10-13,38850.16,0.013776606307412953
2006-10-14,38850.16,0.0
2006-10-15,38850.16,0.0
2006-10-16,39229.06,0.00975285558669503
2006-10-17,38897.5,-0.00845189764934462
2006-10-18,38685.99,-0.005437624525997831
2006-10-19,38919.75,0.006042497555316606
2006-10-20,38642.82,-0.007115410556337132
2006-10-21,38642.82,0.0
2006-10-22,38642.82,0.0
2006-10-23,39226.76,0.015111216003387051
2006-10-24,39498.98,0.006939650381525331
2006-10-25,39562.63,0.0016114340167769914
2006-10-26,39644.78,0.002076454472313971
2006-10-27,39328.47,-0.007978603992757627
2006-10-28,39328.47,0.0
2006-10-29,39328.47,0.0
2006-10-30,38900.49,-0.010882192976233274
2006-10-31,39262.79,0.009313507361989659
2006-11-01,39930.05,0.016994716880792238
2006-11-02,39930.05,0.0
2006-11-03,40435.18,0.012650372338627092
2006-11-04,40435.18,0.0
2006-11-05,40435.18,0.0
2006-11-06,41246.61,0.02006742643411008
2006-11-07,41048.31,-0.0048076678301562925
2006-11-08,41334.23,0.006965451196407457
2006-11-09,40815.48,-0.012550130968932982
2006-11-10,40719.92,-0.002341268557910059
2006-11-11,40719.92,0.0
2006-11-12,40719.92,0.0
2006-11-13,40605.79,-0.0028028051135660093
2006-11-14,41290.7,0.016867298973865408
2006-11-15,41290.7,0.0
2006-11-16,41161.87,-0.003120073043082261
2006-11-17,41029.43,-0.0032175408940362527
2006-11-18,41029.43,0.0
2006-11-19,41029.43,0.0
2006-11-20,41029.43,0.0
2006-11-21,41570.4,0.013184926039674583
2006-11-22,41912.92,0.008239516579104267
2006-11-23,42069.83,0.003743714348702021
2006-11-24,41757.72,-0.007418855745316755
2006-11-25,41757.72,0.0
2006-11-26,41757.72,0.0
2006-11-27,40914.63,-0.020190039111330882
2006-11-28,41043.15,0.0031411746849476785
2006-11-29,41970.01,0.022582574680549694
2006-11-30,41931.84,-0.0009094589207866433
2006-12-01,41327.07,-0.014422691682501765
2006-12-02,41327.07,0.0
2006-12-03,41327.07,0.0
2006-12-04,42654.33,0.03211599564159773
2006-12-05,43157.28,0.011791299968842539
2006-12-06,43096.16,-0.001416215294383627
2006-12-07,42909.29,-0.004336117185382737
2006-12-08,42977.58,0.0015914968530124085
2006-12-09,42977.58,0.0
2006-12-10,42977.58,0.0
2006-12-11,43297.06,0.007433643308906612
2006-12-12,43018.45,-0.006434848001226845
2006-12-13,43284.52,0.006185020613248549
2006-12-14,43754.56,0.010859309517582849
2006-12-15,43595.7,-0.003630707290851576
2006-12-16,43595.7,0.0
2006-12-17,43595.7,0.0
2006-12-18,43508.73,-0.0019949215174889234
2006-12-19,43589.72,0.0018614655035897876
2006-12-20,43502.36,-0.002004142261065267
2006-12-21,43385.02,-0.002697324926739686
2006-12-22,43355.73,-0.0006751178171634509
2006-12-23,43355.73,0.0
2006-12-24,43355.73,0.0
2006-12-25,43355.73,0.0
2006-12-26,43603.08,0.005705128249483993
2006-12-27,44526.36,0.021174650965023467
2006-12-28,44473.71,-0.0011824456344511347
2006-12-29,44473.71,0.0
2006-12-30,44473.71,0.0
2006-12-31,44473.71,0.0
2007-01-01,44473.71,0.0
2007-01-02,45382.61,0.02043679288280642
2007-01-03,44445.29,-0.020653726173968434
2007-01-04,44019.77,-0.009574017854310446
2007-01-05,42245.16,-0.04031393167206443
2007-01-06,42245.16,0.0
2007-01-07,42245.16,0.0
2007-01-08,42829.93,0.013842295780155611
2007-01-09,42006.78,-0.019219036781054744
2007-01-10,42335.67,0.007829450388722847
2007-01-11,42670.32,0.007904681796697677
2007-01-12,43094.97,0.00995188224508281
2007-01-13,43094.97,0.0
2007-01-14,43094.97,0.0
2007-01-15,42919.17,-0.00407936239426554
2007-01-16,42624.22,-0.006872220501934145
2007-01-17,42735.48,0.0026102530439267024
2007-01-18,42477.92,-0.00602684233334938
2007-01-19,43427.64,0.02235796856343253
2007-01-20,43427.64,0.0
2007-01-21,43427.64,0.0
2007-01-22,43553.3,0.0028935489011145954
2007-01-23,44177.2,0.014324976523018895
2007-01-24,44686.73,0.011533777604737505
2007-01-25,44686.73,0.0
2007-01-26,44412.35,-0.006140077826236268
2007-01-27,44412.35,0.0
2007-01-28,44412.35,0.0
2007-01-29,43573.49,-0.018887989489410062
2007-01-30,44044.23,0.010803357729665564
2007-01-31,44641.6,0.013562957054760627
2007-02-01,44815.01,0.003884493387333876
2007-02-02,44997.83,0.004079436777990164
2007-02-03,44997.83,0.0
2007-02-04,44997.83,0.0
2007-02-05,45286.17,0.006407864557024023
2007-02-06,45351.8,0.001449228318491258
2007-02-07,44587.96,-0.016842550902059106
2007-02-08,44891.94,0.006817535496129512
2007-02-09,44284.4,-0.01353338706235463
2007-02-10,44284.4,0.0
2007-02-11,44284.4,0.0
2007-02-12,43934.75,-0.007895556900398337
2007-02-13,45197.45,0.028740347902286745
2007-02-14,45995.6,0.017659182099875048
2007-02-15,45955.07,-0.0008811712424666718
2007-02-16,45849.03,-0.002307471188706778
2007-02-17,45849.03,0.0
2007-02-18,45849.03,0.0
2007-02-19,45849.03,0.0
2007-02-20,45849.03,0.0
2007-02-21,46090.24,0.0052609619003936015
2007-02-22,46452.26,0.007854591340813233
2007-02-23,46015.79,-0.009396098273797726
2007-02-24,46015.79,0.0
2007-02-25,46015.79,0.0
2007-02-26,46207.4,0.004164005442479635
2007-02-27,43145.33,-0.06626795708046762
2007-02-28,43892.31,0.017313113609282782
2007-03-01,43516.91,-0.008552751039988427
2007-03-02,42369.84,-0.026359178535424688
2007-03-03,42369.84,0.0
2007-03-04,42369.84,0.0
2007-03-05,41179.16,-0.02810206505382118
2007-03-06,43218.4,0.049521165560443725
2007-03-07,42667.18,-0.012754289839512878
2007-03-08,43465.83,0.018718134172448275
2007-03-09,44133.42,0.015358961280619754
2007-03-10,44133.42,0.0
2007-03-11,44133.42,0.0
2007-03-12,44249.23,0.002624088502545252
2007-03-13,42749.38,-0.033895505074325705
2007-03-14,43288.44,0.012609773521861767
2007-03-15,43278.19,-0.0002367837695237407
2007-03-16,42730.04,-0.012665733017023117
2007-03-17,42730.04,0.0
2007-03-18,42730.04,0.0
2007-03-19,43712.55,0.022993425702386494
2007-03-20,44350.87,0.014602671315217197
2007-03-21,45630.86,0.02886053869969185
2007-03-22,45424.18,-0.004529390855223858
2007-03-23,45532.53,0.002385293471450556
2007-03-24,45532.53,0.0
2007-03-25,45532.53,0.0
2007-03-26,45644.56,0.0024604387236992764
2007-03-27,45206.53,-0.009596543377786926
2007-03-28,44484.1,-0.01598065589196962
2007-03-29,45355.13,0.019580704116751724
2007-03-30,45804.66,0.009911337482662042
2007-03-31,45804.66,0.0
2007-04-01,45804.66,0.0
2007-04-02,45597.48,-0.004523120573321604
2007-04-03,46288.16,0.015147328317266728
2007-04-04,46553.93,0.005741641058966129
2007-04-05,46646.57,0.0019899501502880224
2007-04-06,46646.57,0.0
2007-04-07,46646.57,0.0
2007-04-08,46646.57,0.0
2007-04-09,46854.71,0.004462064413310651
2007-04-10,47174.07,0.0068159636459173
2007-04-11,46939.19,-0.0049790064753792995
2007-04-12,47346.56,0.008678675537434621
2007-04-13,47926.23,0.012243128117438884
2007-04-14,47926.23,0.0
2007-04-15,47926.23,0.0
2007-04-16,48921.21,0.020760656534010602
2007-04-17,48755.48,-0.0033876921686931682
2007-04-18,48709.84,-0.0009360999009753179
2007-04-19,48762.13,0.0010734997281862668
2007-04-20,49408.18,0.013249011066579719
2007-04-21,49408.18,0.0
2007-04-22,49408.18,0.0
2007-04-23,49162.09,-0.004980754199001125
2007-04-24,49070.86,-0.0018556981609202383
2007-04-25,49675.59,0.012323607126510483
2007-04-26,49067.69,-0.012237398690181478
2007-04-27,49229.6,0.0032997273766097734
2007-04-28,49229.6,0.0
2007-04-29,49229.6,0.0
2007-04-30,48956.39,-0.00554970993061088
2007-05-01,48956.39,0.0
2007-05-02,49471.54,0.010522630447220571
2007-05-03,50218.22,0.01509312222744641
2007-05-04,50597.79,0.007558412066377418
2007-05-05,50597.79,0.0
2007-05-06,50597.79,0.0
2007-05-07,50281.73,-0.0062465178815122036
2007-05-08,50277.69,-8.034727524297569e-05
2007-05-09,51300.13,0.020335858707907883
2007-05-10,50234.68,-0.020768953217077613
2007-05-11,50902.38,0.013291614478284641
2007-05-12,50902.38,0.0
2007-05-13,50902.38,0.0
2007-05-14,50510.76,-0.0076935498890228216
2007-05-15,50518.21,0.00014749332617447486
2007-05-16,51737.56,0.024136840952994953
2007-05-17,51631.47,-0.002050541231553904
2007-05-18,52077.68,0.008642209877038232
2007-05-19,52077.68,0.0
2007-05-20,52077.68,0.0
2007-05-21,52423.45,0.006639504678395802
2007-05-22,52208.09,-0.004108085217588653
2007-05-23,51812.5,-0.007577178172961219
2007-05-24,50530.65,-0.024740168878166435
2007-05-25,51617.97,0.021518029156561314
2007-05-26,51617.97,0.0
2007-05-27,51617.97,0.0
2007-05-28,52119.97,0.009725295279918944
2007-05-29,51713.18,-0.007804877861595116
2007-05-30,52527.65,0.015749756638443024
2007-05-31,52268.46,-0.004934353621378507
2007-06-01,53422.67,0.022082341817608597
2007-06-02,53422.67,0.0
2007-06-03,53422.67,0.0
2007-06-04,53242.68,-0.0033691689314666595
2007-06-05,53162.21,-0.0015113814706547712
2007-06-06,52049.31,-0.020934043185939832
2007-06-07,52049.31,0.0
2007-06-08,52329.68,0.005386622800571228
2007-06-09,52329.68,0.0
2007-06-10,52329.68,0.0
2007-06-11,52776.84,0.008545055119771439
2007-06-12,51797.14,-0.018563066678489948
2007-06-13,52993.73,0.023101468536679937
2007-06-14,53712.89,0.013570662038697723
2007-06-15,54518.63,0.015000868506609866
2007-06-16,54518.63,0.0
2007-06-17,54518.63,0.0
2007-06-18,54730.44,0.003885093957790353
2007-06-19,54643.72,-0.0015844930170486604
2007-06-20,54029.24,-0.011245208049525224
2007-06-21,54656.88,0.011616672749792611
2007-06-22,54267.1,-0.007131398645513598
2007-06-23,54267.1,0.0
2007-06-24,54267.1,0.0
2007-06-25,54041.57,-0.004155925044824538
2007-06-26,53851.68,-0.003513776524257106
2007-06-27,54143.07,0.005410973250973727
2007-06-28,54146.59,6.501293702032562e-05
2007-06-29,54392.06,0.00453343414608387
2007-06-30,54392.06,0.0
2007-07-01,54392.06,0.0
2007-07-02,55371.21,0.018001708337577194
2007-07-03,55699.69,0.005932324758660679
2007-07-04,55696.47,-5.7810016536929965e-05
2007-07-05,55932.34,0.004234918299130808
2007-07-06,56443.73,0.009143011002221701
2007-07-07,56443.73,0.0
2007-07-08,56443.73,0.0
2007-07-09,56443.73,0.0
2007-07-10,55882.7,-0.009939633684733606
2007-07-11,56356.13,0.00847185264849415
2007-07-12,57613.05,0.02230316382618902
2007-07-13,57644.16,0.000539981827033964
2007-07-14,57644.16,0.0
2007-07-15,57644.16,0.0
2007-07-16,57374.4,-0.004679745528428203
2007-07-17,57659.65,0.004971729551855875
2007-07-18,57555.85,-0.0018002190439935228
2007-07-19,58124.57,0.009881184970771839
2007-07-20,57442.74,-0.011730495382589523
2007-07-21,57442.74,0.0
2007-07-22,57442.74,0.0
2007-07-23,58036.77,0.010341254612854511
2007-07-24,55794.57,-0.0386341279847241
2007-07-25,56001.3,0.0037051992693912794
2007-07-26,53893.15,-0.037644661820350644
2007-07-27,52922.23,-0.01801564762868746
2007-07-28,52922.23,0.0
2007-07-29,52922.23,0.0
2007-07-30,54572.61,0.03118500486468534
2007-07-31,54182.5,-0.007148457806947506
2007-08-01,54233.87,0.0009480920961566497
2007-08-02,54690.92,0.00842739048494967
2007-08-03,52846.38,-0.03372662226197698
2007-08-04,52846.38,0.0
2007-08-05,52846.38,0.0
2007-08-06,53091.1,0.004630780764926623
2007-08-07,53802.48,0.013399232639745629
2007-08-08,55241.37,0.026743934480343734
2007-08-09,53430.84,-0.03277489316430793
2007-08-10,52638.13,-0.014836188238852355
2007-08-11,52638.13,0.0
2007-08-12,52638.13,0.0
2007-08-13,52434.01,-0.003877797330566146
2007-08-14,50911.75,-0.02903192031278934
2007-08-15,49285.3,-0.031946456368127096
2007-08-16,48015.55,-0.025763260038997426
2007-08-17,48558.76,0.01131320999134644
2007-08-18,48558.76,0.0
2007-08-19,48558.76,0.0
2007-08-20,49206.36,0.013336419628507734
2007-08-21,49815.08,0.012370758576736751
2007-08-22,51744.56,0.03873284957085277
2007-08-23,51848.23,0.002003495633164265
2007-08-24,52997.56,0.02216719837880654
2007-08-25,52997.56,0.0
2007-08-26,52997.56,0.0
2007-08-27,53078.15,0.0015206360443764666
2007-08-28,51645.33,-0.026994535416174026
2007-08-29,52734.64,0.021092129724023412
2007-08-30,52857.84,0.0023362252970722253
2007-08-31,54637.24,0.033663880325037976
2007-09-01,54637.24,0.0
2007-09-02,54637.24,0.0
2007-09-03,54832.51,0.0035739360187301283
2007-09-04,55250.47,0.0076224852737909465
2007-09-05,54407.83,-0.015251272975596364
2007-09-06,54569.0,0.002962257454487638
2007-09-07,54569.0,0.0
2007-09-08,54569.0,0.0
2007-09-09,54569.0,0.0
2007-09-10,52652.57,-0.035119390129927264
2007-09-11,53920.57,0.024082395218315122
2007-09-12,53882.71,-0.0007021439127962159
2007-09-13,54908.18,0.01903152235661487
2007-09-14,54671.0,-0.004319574970432449
2007-09-15,54671.0,0.0
2007-09-16,54671.0,0.0
2007-09-17,54340.54,-0.006044520861151259
2007-09-18,56666.3,0.042799721901917165
2007-09-19,57264.22,0.010551597686808467
2007-09-20,56906.44,-0.006247880439129383
2007-09-21,57798.79,0.01568100200961431
2007-09-22,57798.79,0.0
2007-09-23,57798.79,0.0
2007-09-24,58719.37,0.015927323046036168
2007-09-25,58857.78,0.002357143818130236
2007-09-26,59714.83,0.014561371495832809
2007-09-27,61052.44,0.02239996329220073
2007-09-28,60465.06,-0.00962090950009542
2007-09-29,60465.06,0.0
2007-09-30,60465.06,0.0
2007-10-01,62340.34,0.031014275020978976
2007-10-02,62017.12,-0.005184764792748875
2007-10-03,60098.57,-0.030935812562724707
2007-10-04,60406.72,0.005127409853512344
2007-10-05,62318.72,0.031652107580083744
2007-10-06,62318.72,0.0
2007-10-07,62318.72,0.0
2007-10-08,62660.85,0.005490003645774344
2007-10-09,63548.69,0.01416897472664358
2007-10-10,63197.04,-0.0055335523045400015
2007-10-11,62455.77,-0.011729505052768374
2007-10-12,62455.77,0.0
2007-10-13,62455.77,0.0
2007-10-14,62455.77,0.0
2007-10-15,62969.44,0.008224540342709918
2007-10-16,61717.9,-0.019875355410497564
2007-10-17,63193.67,0.023911539439935625
2007-10-18,63261.33,0.0010706768573498504
2007-10-19,60894.29,-0.03741685481478185
2007-10-20,60894.29,0.0
2007-10-21,60894.29,0.0
2007-10-22,61215.13,0.0052688027071174925
2007-10-23,62697.14,0.024209864456711916
2007-10-24,62624.81,-0.001153641138973871
2007-10-25,62341.49,-0.004524085582056081
2007-10-26,64275.58,0.03102412213760064
2007-10-27,64275.58,0.0
2007-10-28,64275.58,0.0
2007-10-29,65044.31,0.011959907635216815
2007-10-30,64383.13,-0.010165070549599142
2007-10-31,65317.7,0.01451575901948221
2007-11-01,64050.08,-0.019406990754420206
2007-11-02,64050.08,0.0
2007-11-03,64050.08,0.0
2007-11-04,64050.08,0.0
2007-11-05,62959.55,-0.01702620824205059
2007-11-06,64503.43,0.024521776283343844
2007-11-07,63500.62,-0.015546615117986717
2007-11-08,63561.91,0.0009651874265164118
2007-11-09,64320.56,0.011935607347230315
2007-11-10,64320.56,0.0
2007-11-11,64320.56,0.0
2007-11-12,61526.87,-0.04343385691915613
2007-11-13,62927.03,0.02275688654404151
2007-11-14,64630.87,0.027076440760035902
2007-11-15,64630.87,0.0
2007-11-16,64609.38,-0.00033250364725101456
2007-11-17,64609.38,0.0
2007-11-18,64609.38,0.0
2007-11-19,62336.02,-0.035186222186314176
2007-11-20,62336.02,0.0
2007-11-21,60581.54,-0.028145524850640036
2007-11-22,60653.01,0.0011797323078943656
2007-11-23,60970.9,0.0052411248839916436
2007-11-24,60970.9,0.0
2007-11-25,60970.9,0.0
2007-11-26,59069.17,-0.031190781175938098
2007-11-27,59431.5,0.006133995111155199
2007-11-28,61714.64,0.03841632804152684
2007-11-29,62156.34,0.007157134838670309
2007-11-30,63006.16,0.013672297950619416
2007-12-01,63006.16,0.0
2007-12-02,63006.16,0.0
2007-12-03,63199.85,0.003074143861488965
2007-12-04,63481.53,0.004456972603574139
2007-12-05,64927.96,0.022785052597188438
2007-12-06,65790.81,0.013289344066870434
2007-12-07,65638.54,-0.002314456988749658
2007-12-08,65638.54,0.0
2007-12-09,65638.54,0.0
2007-12-10,65445.96,-0.0029339470378224597
2007-12-11,64512.26,-0.014266732430848195
2007-12-12,64741.69,0.003556378276005301
2007-12-13,62860.99,-0.02904928802445539
2007-12-14,62444.97,-0.006618094942507202
2007-12-15,62444.97,0.0
2007-12-16,62444.97,0.0
2007-12-17,59828.21,-0.041905056564203735
2007-12-18,61096.28,0.021195185348182655
2007-12-19,61721.71,0.010236793467621963
2007-12-20,61716.2,-8.927166794314711e-05
2007-12-21,63097.71,0.022384884357753654
2007-12-22,63097.71,0.0
2007-12-23,63097.71,0.0
2007-12-24,63097.71,0.0
2007-12-25,63097.71,0.0
2007-12-26,64288.26,0.018868355127309666
2007-12-27,63774.38,-0.007993372351343897
2007-12-28,63886.1,0.0017518006447103662
2007-12-29,63886.1,0.0
2007-12-30,63886.1,0.0
2007-12-31,63886.1,0.0
2008-01-01,63886.1,0.0
2008-01-02,62815.13,-0.016763740469366573
2008-01-03,62891.97,0.0012232721638880673
2008-01-04,61036.61,-0.02950074548467796
2008-01-05,61036.61,0.0
2008-01-06,61036.61,0.0
2008-01-07,60772.15,-0.0043328094401048345
2008-01-08,62080.73,0.02153256055611008
2008-01-09,62673.69,0.009551434076242371
2008-01-10,63515.48,0.013431313841581805
2008-01-11,61942.36,-0.024767505496297915
2008-01-12,61942.36,0.0
2008-01-13,61942.36,0.0
2008-01-14,62187.78,0.003962070544293095
2008-01-15,59907.06,-0.03667472934393223
2008-01-16,58777.45,-0.018856041341371088
2008-01-17,57036.85,-0.02961339765505311
2008-01-18,57506.47,0.008233624402469664
2008-01-19,57506.47,0.0
2008-01-20,57506.47,0.0
2008-01-21,53709.11,-0.06603361326125567
2008-01-22,56097.18,0.04446303429716103
2008-01-23,54234.82,-0.03319881676761649
2008-01-24,57463.31,0.05952799327074376
2008-01-25,57463.31,0.0
2008-01-26,57463.31,0.0
2008-01-27,57463.31,0.0
2008-01-28,58593.78,0.019672900847514718
2008-01-29,59529.58,0.015970978489525667
2008-01-30,60289.41,0.01276390661583715
2008-01-31,59490.4,-0.013252907931923685
2008-02-01,61079.83,0.026717419953471433
2008-02-02,61079.83,0.0
2008-02-03,61079.83,0.0
2008-02-04,61079.83,0.0
2008-02-05,61079.83,0.0
2008-02-06,58968.53,-0.03456623896955846
2008-02-07,58965.48,-5.172250351159757e-05
2008-02-08,59075.98,0.001873977791752024
2008-02-09,59075.98,0.0
2008-02-10,59075.98,0.0
2008-02-11,60643.22,0.026529225583731275
2008-02-12,61805.47,0.019165374134157087
2008-02-13,62590.65,0.01270405354089199
2008-02-14,61818.99,-0.012328678484725852
2008-02-15,61271.87,-0.008850354882860345
2008-02-16,61271.87,0.0
2008-02-17,61271.87,0.0
2008-02-18,62801.43,0.024963494667291863
2008-02-19,62296.54,-0.008039466617241087
2008-02-20,63747.49,0.023291020657005834
2008-02-21,63792.23,0.0007018315544660148
2008-02-22,64608.78,0.012800148231218778
2008-02-23,64608.78,0.0
2008-02-24,64608.78,0.0
2008-02-25,65000.94,0.006069763273660378
2008-02-26,65182.61,0.002794882658619935
2008-02-27,65494.85,0.004790234696033124
2008-02-28,65555.08,0.0009196142902838655
2008-02-29,63489.3,-0.03151212690153071
2008-03-01,63489.3,0.0
2008-03-02,63489.3,0.0
2008-03-03,64490.46,0.015768956343824803
2008-03-04,63655.54,-0.012946410988539991
2008-03-05,64629.48,0.015300160834390786
2008-03-06,62974.65,-0.02560487876430384
2008-03-07,61867.99,-0.017573102827883935
2008-03-08,61867.99,0.0
2008-03-09,61867.99,0.0
2008-03-10,59999.27,-0.03020495736163409
2008-03-11,62367.72,0.039474646941537905
2008-03-12,62176.58,-0.0030647264321992385
2008-03-13,62279.71,0.0016586631172057498
2008-03-14,61990.99,-0.004635859736662251
2008-03-15,61990.99,0.0
2008-03-16,61990.99,0.0
2008-03-17,60011.84,-0.031926413822395805
2008-03-18,61932.78,0.032009350154902805
2008-03-19,58827.36,-0.05014178275220327
2008-03-20,58987.31,0.0027189729404819563
2008-03-21,58987.31,0.0
2008-03-22,58987.31,0.0
2008-03-23,58987.31,0.0
2008-03-24,59812.53,0.01398978865115219
2008-03-25,61234.06,0.02376642486114533
2008-03-26,61415.28,0.002959464062974204
2008-03-27,60761.68,-0.010642302697309147
2008-03-28,60452.12,-0.005094658343877234
2008-03-29,60452.12,0.0
2008-03-30,60452.12,0.0
2008-03-31,60968.07,0.008534853699092793
2008-04-01,62774.85,0.029634856409264776
2008-04-02,63364.36,0.009390862742005845
2008-04-03,64175.05,0.012794100658477525
2008-04-04,64445.97,0.004221578323663211
2008-04-05,64445.97,0.0
2008-04-06,64445.97,0.0
2008-04-07,64175.58,-0.0041956075763930345
2008-04-08,64539.54,0.0056713160987402755
2008-04-09,63476.92,-0.016464635477724254
2008-04-10,63527.11,0.0007906810853457458
2008-04-11,62585.21,-0.014826740898492008
2008-04-12,62585.21,0.0
2008-04-13,62585.21,0.0
2008-04-14,62153.45,-0.006898754514045757
2008-04-15,62618.39,0.007480517976073742
2008-04-16,64151.94,0.024490409287112103
2008-04-17,64552.42,0.006242679488726255
2008-04-18,64922.67,0.0057356486402833085
2008-04-19,64922.67,0.0
2008-04-20,64922.67,0.0
2008-04-21,64922.67,0.0
2008-04-22,65412.66,0.007547286641168771
2008-04-23,64947.54,-0.007110550159556306
2008-04-24,64576.26,-0.005716613747033361
2008-04-25,65187.34,0.00946292027441653
2008-04-26,65187.34,0.0
2008-04-27,65187.34,0.0
2008-04-28,65677.74,0.00752293313394925
2008-04-29,63825.74,-0.028198290623276723
2008-04-30,67868.46,0.06333996284257748
2008-05-01,67868.46,0.0
2008-05-02,69366.39,0.02207107690376353
2008-05-03,69366.39,0.0
2008-05-04,69366.39,0.0
2008-05-05,70174.88,0.011655356434146391
2008-05-06,70195.27,0.0002905598128561948
2008-05-07,69017.66,-0.01677620158737192
2008-05-08,69722.25,0.010208836405059207
2008-05-09,69645.7,-0.0010979278494311906
2008-05-10,69645.7,0.0
2008-05-11,69645.7,0.0
2008-05-12,70415.82,0.011057681953085652
2008-05-13,70503.25,0.0012416243963357942
2008-05-14,70026.62,-0.006760397570324872
2008-05-15,71492.36,0.020931183027254496
2008-05-16,72766.93,0.01782805883034211
2008-05-17,72766.93,0.0
2008-05-18,72766.93,0.0
2008-05-19,73438.83,0.009233590038771888
2008-05-20,73516.81,0.0010618360886196498
2008-05-21,72294.8,-0.01662218477651567
2008-05-22,72294.8,0.0
2008-05-23,71451.8,-0.011660589696630974
2008-05-24,71451.8,0.0
2008-05-25,71451.8,0.0
2008-05-26,71628.74,0.0024763546894550625
2008-05-27,70992.06,-0.008888610912323847
2008-05-28,73153.23,0.030442418490180367
2008-05-29,71797.54,-0.01853219604930645
2008-05-30,72592.5,0.011072245650756374
2008-05-31,72592.5,0.0
2008-06-01,72592.5,0.0
2008-06-02,71897.25,-0.009577435685504732
2008-06-03,70011.92,-0.026222560668175743
2008-06-04,68673.14,-0.01912217233865321
2008-06-05,71209.12,0.036928266277033384
2008-06-06,69785.87,-0.019986906171569063
2008-06-07,69785.87,0.0
2008-06-08,69785.87,0.0
2008-06-09,69281.2,-0.007231693178002874
2008-06-10,67774.94,-0.021741251594949218
2008-06-11,66794.76,-0.014462277650116762
2008-06-12,67319.63,0.007857951731543134
2008-06-13,67203.52,-0.0017247569542494512
2008-06-14,67203.52,0.0
2008-06-15,67203.52,0.0
2008-06-16,67284.61,0.001206633223973963
2008-06-17,68437.5,0.017134527494474527
2008-06-18,67090.45,-0.019682922374429257
2008-06-19,66590.41,-0.007453221732750204
2008-06-20,64613.79,-0.02968325318916043
2008-06-21,64613.79,0.0
2008-06-22,64613.79,0.0
2008-06-23,64640.45,0.0004126054206075036
2008-06-24,64167.77,-0.007312449093408224
2008-06-25,65853.34,0.026268171700528198
2008-06-26,63946.92,-0.028949480770451452
2008-06-27,64321.11,0.0058515718974425646
2008-06-28,64321.11,0.0
2008-06-29,64321.11,0.0
2008-06-30,65017.58,0.010828015872238472
2008-07-01,63396.19,-0.024937716845197855
2008-07-02,61106.22,-0.03612157134364069
2008-07-03,59273.38,-0.029994327909662943
2008-07-04,59365.35,0.0015516240173920615
2008-07-05,59365.35,0.0
2008-07-06,59365.35,0.0
2008-07-07,59088.2,-0.004668548235629011
2008-07-08,59535.95,0.00757765509864905
2008-07-09,59535.95,0.0
2008-07-10,60252.74,0.012039616399839081
2008-07-11,60148.26,-0.0017340290250700274
2008-07-12,60148.26,0.0
2008-07-13,60148.26,0.0
2008-07-14,60720.9,0.009520474906506093
2008-07-15,61015.09,0.0048449545378936865
2008-07-16,62056.47,0.01706758115082696
2008-07-17,60108.72,-0.03138673533960279
2008-07-18,59988.1,-0.0020066971980106096
2008-07-19,59988.1,0.0
2008-07-20,59988.1,0.0
2008-07-21,60771.79,0.013064091044723947
2008-07-22,59647.32,-0.018503157468292453
2008-07-23,59420.86,-0.0037966500422818017
2008-07-24,57434.37,-0.033430852397626
2008-07-25,57199.14,-0.004095631239621866
2008-07-26,57199.14,0.0
2008-07-27,57199.14,0.0
2008-07-28,56869.02,-0.005771415444358108
2008-07-29,58042.87,0.020641291163449038
2008-07-30,59997.64,0.03367803831891836
2008-07-31,59505.17,-0.008208156187476723
2008-08-01,57630.35,-0.031506842178587124
2008-08-02,57630.35,0.0
2008-08-03,57630.35,0.0
2008-08-04,55609.07,-0.03507318626383493
2008-08-05,56470.59,0.015492436755371042
2008-08-06,57542.49,0.018981561906826316
2008-08-07,57017.55,-0.0091226500625885
2008-08-08,56584.4,-0.0075967837972694685
2008-08-09,56584.4,0.0
2008-08-10,56584.4,0.0
2008-08-11,54720.25,-0.03294459250252724
2008-08-12,54502.97,-0.003970742092735291
2008-08-13,54573.18,0.001288186680469039
2008-08-14,55138.35,0.01035618595068133
2008-08-15,54244.03,-0.01621956406022307
2008-08-16,54244.03,0.0
2008-08-17,54244.03,0.0
2008-08-18,53326.54,-0.0169141193971023
2008-08-19,53638.69,0.00585355809696253
2008-08-20,55377.15,0.03241056036230572
2008-08-21,55934.69,0.010068051533890898
2008-08-22,55850.13,-0.0015117630937081517
2008-08-23,55850.13,0.0
2008-08-24,55850.13,0.0
2008-08-25,54477.25,-0.024581500526498323
2008-08-26,54358.7,-0.0021761377455727926
2008-08-27,55519.24,0.021349664359155085
2008-08-28,56382.22,0.015543800671623087
2008-08-29,55680.41,-0.01244736372565669
2008-08-30,55680.41,0.0
2008-08-31,55680.41,0.0
2008-09-01,55162.14,-0.009307941518390428
2008-09-02,54404.41,-0.013736414142018316
2008-09-03,53527.01,-0.016127369086439858
2008-09-04,51408.54,-0.03957758895929364
2008-09-05,51939.6,0.010330190275779083
2008-09-06,51939.6,0.0
2008-09-07,51939.6,0.0
2008-09-08,50717.97,-0.023520204237229336
2008-09-09,48435.3,-0.04500712469367363
2008-09-10,49633.16,0.0247311361754754
2008-09-11,51270.4,0.032986817683983816
2008-09-12,52392.86,0.02189294407689424
2008-09-13,52392.86,0.0
2008-09-14,52392.86,0.0
2008-09-15,48416.33,-0.07589831896941679
2008-09-16,49228.92,0.016783386927509802
2008-09-17,45908.51,-0.06744836165408452
2008-09-18,48422.75,0.054766316746067245
2008-09-19,53055.38,0.0956705267668605
2008-09-20,53055.38,0.0
2008-09-21,53055.38,0.0
2008-09-22,51540.58,-0.028551298661888658
2008-09-23,49593.17,-0.0377840140720187
2008-09-24,49842.99,0.005037387204730015
2008-09-25,51828.46,0.03983448826003411
2008-09-26,50782.99,-0.0201717357606227
2008-09-27,50782.99,0.0
2008-09-28,50782.99,0.0
2008-09-29,46028.06,-0.09363233633939239
2008-09-30,49541.27,0.07632757061670636
2008-10-01,49798.65,0.005195264473438099
2008-10-02,46145.1,-0.07336644668078363
2008-10-03,44517.32,-0.0352752513267931
2008-10-04,44517.32,0.0
2008-10-05,44517.32,0.0
2008-10-06,42100.79,-0.05428291730050239
2008-10-07,40139.85,-0.046577273253067264
2008-10-08,38593.54,-0.03852306373840453
2008-10-09,37080.3,-0.03920967084128579
2008-10-10,35609.54,-0.0396641882616916
2008-10-11,35609.54,0.0
2008-10-12,35609.54,0.0
2008-10-13,40829.13,0.14657841690737916
2008-10-14,41569.03,0.018121865442638718
2008-10-15,36833.02,-0.1139312127321711
2008-10-16,36441.72,-0.010623619784638771
2008-10-17,36399.09,-0.0011698130604155255
2008-10-18,36399.09,0.0
2008-10-19,36399.09,0.0
2008-10-20,39441.08,0.08357324317723336
2008-10-21,39043.39,-0.010083141739526513
2008-10-22,35069.73,-0.10177548619625487
2008-10-23,33818.49,-0.035678632256364806
2008-10-24,31481.55,-0.06910243479232803
2008-10-25,31481.55,0.0
2008-10-26,31481.55,0.0
2008-10-27,29435.11,-0.06500442322566702
2008-10-28,33386.65,0.1342458037357428
2008-10-29,34845.21,0.04368692276703401
2008-10-30,37448.77,0.07471787370487926
2008-10-31,37256.84,-0.005125134951027732
2008-11-01,37256.84,0.0
2008-11-02,37256.84,0.0
2008-11-03,38249.44,0.0266420877347624
2008-11-04,40254.8,0.052428479998661404
2008-11-05,37785.66,-0.06133777835189835
2008-11-06,36361.91,-0.03767963825430065
2008-11-07,36665.11,0.008338395865343573
2008-11-08,36665.11,0.0
2008-11-09,36665.11,0.0
2008-11-10,36776.27,0.0030317650758444614
2008-11-11,37261.9,0.013204982451999747
2008-11-12,34373.99,-0.07750302587898106
2008-11-13,35993.33,0.047109456888769774
2008-11-14,35789.1,-0.005674106841462079
2008-11-15,35789.1,0.0
2008-11-16,35789.1,0.0
2008-11-17,35717.21,-0.002008712149788594
2008-11-18,34094.66,-0.04542768038153022
2008-11-19,33404.55,-0.020240999616948807
2008-11-20,33404.55,0.0
2008-11-21,31250.6,-0.0644807369056013
2008-11-22,31250.6,0.0
2008-11-23,31250.6,0.0
2008-11-24,34188.83,0.09402155478614826
2008-11-25,34812.86,0.01825245262853392
2008-11-26,36469.61,0.04759017213753758
2008-11-27,36212.65,-0.0070458664076747946
2008-11-28,36595.87,0.010582489820546215
2008-11-29,36595.87,0.0
2008-11-30,36595.87,0.0
2008-12-01,34740.5,-0.05069889033926511
2008-12-02,35000.84,0.0074938472388133
2008-12-03,35296.7,0.008452939986583141
2008-12-04,35127.77,-0.004785999824346243
2008-12-05,35347.39,0.006252033647453414
2008-12-06,35347.39,0.0
2008-12-07,35347.39,0.0
2008-12-08,38284.91,0.08310429709237388
2008-12-09,37968.11,-0.008274800698238605
2008-12-10,39004.4,0.02729369462951947
2008-12-11,38519.07,-0.01244295515377758
2008-12-12,39373.86,0.02219134574121351
2008-12-13,39373.86,0.0
2008-12-14,39373.86,0.0
2008-12-15,38320.19,-0.026760647800342596
2008-12-16,39993.46,0.04366549330783576
2008-12-17,39947.43,-0.0011509381783921802
2008-12-18,39536.27,-0.010292526953548764
2008-12-19,39131.23,-0.010244770181911278
2008-12-20,39131.23,0.0
2008-12-21,39131.23,0.0
2008-12-22,37618.5,-0.03865786994173204
2008-12-23,36470.78,-0.030509456783231692
2008-12-24,36470.78,0.0
2008-12-25,36470.78,0.0
2008-12-26,36864.13,0.010785346515758576
2008-12-27,36864.13,0.0
2008-12-28,36864.13,0.0
2008-12-29,37060.16,0.005317635327349635
2008-12-30,37550.31,0.013225792872993303
2008-12-31,37550.31,0.0
2009-01-01,37550.31,0.0
2009-01-02,40244.22,0.07174135180242192
2009-01-03,40244.22,0.0
2009-01-04,40244.22,0.0
2009-01-05,41518.66,0.03166765314373099
2009-01-06,42312.28,0.019114778752493233
2009-01-07,40820.25,-0.03526233991644978
2009-01-08,41990.55,0.02866959413526371
2009-01-09,41582.94,-0.009707184116426237
2009-01-10,41582.94,0.0
2009-01-11,41582.94,0.0
2009-01-12,39403.47,-0.05241259997489356
2009-01-13,39544.23,0.0035722742184889356
2009-01-14,37981.77,-0.03951170625904221
2009-01-15,39151.08,0.030786085008676745
2009-01-16,39341.54,0.00486474447192764
2009-01-17,39341.54,0.0
2009-01-18,39341.54,0.0
2009-01-19,38828.32,-0.013045244288861113
2009-01-20,37272.07,-0.04008028160888755
2009-01-21,38542.9,0.0340960402789543
2009-01-22,37894.33,-0.01682722369100409
2009-01-23,38132.35,0.006281150768465915
2009-01-24,38132.35,0.0
2009-01-25,38132.35,0.0
2009-01-26,38509.45,0.009889241025008877
2009-01-27,38698.92,0.0049200910425881705
2009-01-28,40227.45,0.039498001494615353
2009-01-29,39638.42,-0.014642489146093007
2009-01-30,39300.79,-0.008517746166471718
2009-01-31,39300.79,0.0
2009-02-01,39300.79,0.0
2009-02-02,38666.44,-0.016140896913268143
2009-02-03,39746.76,0.027939474127951724
2009-02-04,40129.04,0.009617890867079426
2009-02-05,41108.65,0.02441149850582014
2009-02-06,42755.5,0.04006091175458204
2009-02-07,42755.5,0.0
2009-02-08,42755.5,0.0
2009-02-09,42100.12,-0.015328554221094248
2009-02-10,41207.43,-0.021203977565859677
2009-02-11,40845.62,-0.008780212694652345
2009-02-12,40500.79,-0.008442276062892495
2009-02-13,41673.62,0.028958200568433456
2009-02-14,41673.62,0.0
2009-02-15,41673.62,0.0
2009-02-16,41841.32,0.004024128453443687
2009-02-17,39846.97,-0.047664605227559664
2009-02-18,39674.39,-0.0043310695894820395
2009-02-19,39730.33,0.0014099775699134565
2009-02-20,38714.64,-0.025564600143014204
2009-02-21,38714.64,0.0
2009-02-22,38714.64,0.0
2009-02-23,38714.64,0.0
2009-02-24,38714.64,0.0
2009-02-25,38231.58,-0.01247745039085979
2009-02-26,38180.18,-0.001344438288974792
2009-02-27,38183.31,8.197970779599828e-05
2009-02-28,38183.31,0.0
2009-03-01,38183.31,0.0
2009-03-02,36234.69,-0.051033291770671396
2009-03-03,36467.56,0.006426714289538449
2009-03-04,38402.24,0.05305208245355608
2009-03-05,37368.93,-0.02690754497654302
2009-03-06,37105.09,-0.007060410881446266
2009-03-07,37105.09,0.0
2009-03-08,37105.09,0.0
2009-03-09,36741.35,-0.009802967732998269
2009-03-10,38794.55,0.05588254106068513
2009-03-11,38804.8,0.00026421237003648734
2009-03-12,39151.86,0.00894373891889666
2009-03-13,39015.37,-0.003486168984053295
2009-03-14,39015.37,0.0
2009-03-15,39015.37,0.0
2009-03-16,38607.2,-0.010461774423772052
2009-03-17,39510.72,0.02340288858036854
2009-03-18,40142.29,0.015984775777307947
2009-03-19,40453.43,0.007750928011331704
2009-03-20,40076.41,-0.009319852482224555
2009-03-21,40076.41,0.0
2009-03-22,40076.41,0.0
2009-03-23,42438.55,0.05894090813024411
2009-03-24,41475.83,-0.022685035186169156
2009-03-25,41799.3,0.007799000044122151
2009-03-26,42588.66,0.0188845267743718
2009-03-27,41907.29,-0.015998859790376185
2009-03-28,41907.29,0.0
2009-03-29,41907.29,0.0
2009-03-30,40653.13,-0.029927012698745314
2009-03-31,40925.87,0.006708954513465537
2009-04-01,41976.33,0.025667383491175588
2009-04-02,43736.45,0.04193125030225353
2009-04-03,44390.98,0.014965320687893247
2009-04-04,44390.98,0.0
2009-04-05,44390.98,0.0
2009-04-06,44167.26,-0.005039762582398577
2009-04-07,43824.53,-0.007759820283169128
2009-04-08,44181.98,0.008156390952738235
2009-04-09,45538.71,0.030707768189655482
2009-04-10,45538.71,0.0
2009-04-11,45538.71,0.0
2009-04-12,45538.71,0.0
2009-04-13,45991.89,0.009951533541463942
2009-04-14,45418.18,-0.01247415576963673
2009-04-15,45272.65,-0.0032042235069744684
2009-04-16,46024.78,0.016613341609117205
2009-04-17,45778.28,-0.005355810500343505
2009-04-18,45778.28,0.0
2009-04-19,45778.28,0.0
2009-04-20,44433.15,-0.029383585403383372
2009-04-21,44433.15,0.0
2009-04-22,44888.2,0.010241227551951448
2009-04-23,45801.17,0.020338752723432885
2009-04-24,46771.79,0.02119203505063294
2009-04-25,46771.79,0.0
2009-04-26,46771.79,0.0
2009-04-27,45819.71,-0.020355859803526943
2009-04-28,45821.44,3.7756677202960276e-05
2009-04-29,47226.79,0.030670140440806737
2009-04-30,47289.53,0.0013284832613014164
2009-05-01,47289.53,0.0
2009-05-02,47289.53,0.0
2009-05-03,47289.53,0.0
2009-05-04,50404.53,0.06587081749385115
2009-05-05,50669.78,0.005262423833730878
2009-05-06,51499.48,0.016374651715480137
2009-05-07,50058.06,-0.027989020471663073
2009-05-08,51395.99,0.02672756395273801
2009-05-09,51395.99,0.0
2009-05-10,51395.99,0.0
2009-05-11,50976.39,-0.008164061048342441
2009-05-12,50325.78,-0.012762967326638841
2009-05-13,48679.19,-0.03271861856885272
2009-05-14,49446.02,0.015752727192050564
2009-05-15,49007.21,-0.008874526200490895
2009-05-16,49007.21,0.0
2009-05-17,49007.21,0.0
2009-05-18,51463.02,0.050111197923734085
2009-05-19,51348.44,-0.002226453091948244
2009-05-20,51245.09,-0.0020127193737532467
2009-05-21,50087.33,-0.022592603506013886
2009-05-22,50568.49,0.009606421424340095
2009-05-23,50568.49,0.0
2009-05-24,50568.49,0.0
2009-05-25,50816.24,0.004899295984515328
2009-05-26,51840.8,0.020162058428565555
2009-05-27,51791.61,-0.0009488665298374999
2009-05-28,53040.74,0.02411838519791143
2009-05-29,53197.73,0.0029598003346107404
2009-05-30,53197.73,0.0
2009-05-31,53197.73,0.0
2009-06-01,54486.29,0.024222086167962287
2009-06-02,53999.52,-0.008933807018242645
2009-06-03,52086.63,-0.03542420377070021
2009-06-04,53463.9,0.02644191033284371
2009-06-05,53341.01,-0.002298560336975064
2009-06-06,53341.01,0.0
2009-06-07,53341.01,0.0
2009-06-08,53630.39,0.005425094125514285
2009-06-09,53157.13,-0.00882447433255662
2009-06-10,53410.93,0.00477452413251056
2009-06-11,53410.93,0.0
2009-06-12,53558.23,0.002757862482454465
2009-06-13,53558.23,0.0
2009-06-14,53558.23,0.0
2009-06-15,52033.82,-0.028462665775175977
2009-06-16,51205.78,-0.015913496260701265
2009-06-17,51045.84,-0.0031234755138971337
2009-06-18,50903.02,-0.002797877358860168
2009-06-19,51373.77,0.009247977821355224
2009-06-20,51373.77,0.0
2009-06-21,51373.77,0.0
2009-06-22,49494.8,-0.036574500956421785
2009-06-23,49813.58,0.006440676596329187
2009-06-24,49672.12,-0.0028397878650761044
2009-06-25,51514.81,0.03709706773135513
2009-06-26,51485.61,-0.0005668272871431901
2009-06-27,51485.61,0.0
2009-06-28,51485.61,0.0
2009-06-29,52137.58,0.012663149955880915
2009-06-30,51465.46,-0.012891277270636659
2009-07-01,51543.78,0.0015217973374763716
2009-07-02,51024.94,-0.010066006024393226
2009-07-03,50934.69,-0.0017687428931812965
2009-07-04,50934.69,0.0
2009-07-05,50934.69,0.0
2009-07-06,50622.47,-0.006129810547585546
2009-07-07,49456.7,-0.02302870642226673
2009-07-08,49177.55,-0.005644331303948591
2009-07-09,49177.55,0.0
2009-07-10,49220.78,0.0008790596522192384
2009-07-11,49220.78,0.0
2009-07-12,49220.78,0.0
2009-07-13,49186.93,-0.0006877176672128726
2009-07-14,48872.58,-0.006390925394205271
2009-07-15,51296.66,0.04960000065476389
2009-07-16,51918.2,0.012116578350325202
2009-07-17,52072.49,0.002971790239260974
2009-07-18,52072.49,0.0
2009-07-19,52072.49,0.0
2009-07-20,53154.93,0.020787175723688378
2009-07-21,53233.57,0.0014794488488649726
2009-07-22,53072.57,-0.0030244073429605
2009-07-23,54249.36,0.022173224322846963
2009-07-24,54457.29,0.0038328562770142405
2009-07-25,54457.29,0.0
2009-07-26,54457.29,0.0
2009-07-27,54548.99,0.001683888419713897
2009-07-28,54471.54,-0.0014198246383663182
2009-07-29,53734.53,-0.01353018475335932
2009-07-30,54478.43,0.013843984491908712
2009-07-31,54765.72,0.005273463277117196
2009-08-01,54765.72,0.0
2009-08-02,54765.72,0.0
2009-08-03,55997.81,0.022497467393836734
2009-08-04,56038.07,0.0007189566877705555
2009-08-05,56384.08,0.006174552406961853
2009-08-06,55754.88,-0.011159178264503078
2009-08-07,56329.51,0.010306362420652748
2009-08-08,56329.51,0.0
2009-08-09,56329.51,0.0
2009-08-10,56830.01,0.008885218422812535
2009-08-11,55761.16,-0.018807844658130457
2009-08-12,56588.26,0.014832905197811552
2009-08-13,57047.98,0.008123946557112793
2009-08-14,56638.0,-0.007186582241825223
2009-08-15,56638.0,0.0
2009-08-16,56638.0,0.0
2009-08-17,55218.37,-0.025064974045693633
2009-08-18,55748.92,0.009608215526825559
2009-08-19,56156.28,0.007307047383160015
2009-08-20,56831.48,0.0120235884570703
2009-08-21,57728.59,0.015785441448999515
2009-08-22,57728.59,0.0
2009-08-23,57728.59,0.0
2009-08-24,57775.37,0.0008103437135742464
2009-08-25,57421.43,-0.006126139910484385
2009-08-26,57765.69,0.005995322652187607
2009-08-27,57703.85,-0.0010705316598832448
2009-08-28,57700.57,-5.6841961151632425e-05
2009-08-29,57700.57,0.0
2009-08-30,57700.57,0.0
2009-08-31,56488.98,-0.020997886156063905
2009-09-01,55814.96,-0.011931884767613199
2009-09-02,55385.72,-0.007690411316249257
2009-09-03,55707.17,0.0058038425789173065
2009-09-04,56652.28,0.016965679642315434
2009-09-05,56652.28,0.0
2009-09-06,56652.28,0.0
2009-09-07,56652.28,0.0
2009-09-08,57854.8,0.021226330167117835
2009-09-09,57909.95,0.0009532484772221128
2009-09-10,58535.79,0.01080712381896376
2009-09-11,58366.38,-0.0028941268239482953
2009-09-12,58366.38,0.0
2009-09-13,58366.38,0.0
2009-09-14,58867.55,0.008586621270670003
2009-09-15,59263.86,0.0067322319342320025
2009-09-16,60410.66,0.019350747656328826
2009-09-17,60236.03,-0.0028907149830842416
2009-09-18,60703.01,0.007752502945496342
2009-09-19,60703.01,0.0
2009-09-20,60703.01,0.0
2009-09-21,60928.02,0.003706735465012212
2009-09-22,61493.39,0.009279310241823158
2009-09-23,60496.19,-0.01621637707727608
2009-09-24,60046.28,-0.007436997272059709
2009-09-25,60355.73,0.0051535249144494255
2009-09-26,60355.73,0.0
2009-09-27,60355.73,0.0
2009-09-28,61316.62,0.015920443676184615
2009-09-29,61235.26,-0.001326883314833771
2009-09-30,61517.89,0.004615478075866708
2009-10-01,60459.33,-0.017207352202749493
2009-10-02,61171.99,0.011787428011524437
2009-10-03,61171.99,0.0
2009-10-04,61171.99,0.0
2009-10-05,62369.3,0.019572846984379666
2009-10-06,62670.59,0.004830742047770231
2009-10-07,62638.28,-0.0005155528294850109
2009-10-08,63759.87,0.0179058237231291
2009-10-09,64071.01,0.004879871931984692
2009-10-10,64071.01,0.0
2009-10-11,64071.01,0.0
2009-10-12,64071.01,0.0
2009-10-13,64645.59,0.008967862376447533
2009-10-14,66201.13,0.024062584934254838
2009-10-15,66703.32,0.007585822175542933
2009-10-16,66200.49,-0.007538305439669268
2009-10-17,66200.49,0.0
2009-10-18,66200.49,0.0
2009-10-19,67239.45,0.01569414365361932
2009-10-20,65303.11,-0.02879767755387641
2009-10-21,65485.59,0.002794353898305957
2009-10-22,66134.97,0.009916380076899323
2009-10-23,65058.84,-0.016271724323758008
2009-10-24,65058.84,0.0
2009-10-25,65058.84,0.0
2009-10-26,65085.55,0.0004105514331336213
2009-10-27,63161.04,-0.02956892889435525
2009-10-28,60162.31,-0.0474775272858079
2009-10-29,63720.58,0.05914450425856321
2009-10-30,61545.5,-0.03413465476930688
2009-10-31,61545.5,0.0
2009-11-01,61545.5,0.0
2009-11-02,61545.5,0.0
2009-11-03,62643.23,0.017836072499207933
2009-11-04,63912.57,0.02026300367972711
2009-11-05,64815.72,0.014131023052272873
2009-11-06,64466.13,-0.005393598960252266
2009-11-07,64466.13,0.0
2009-11-08,64466.13,0.0
2009-11-09,66214.35,0.02711842637366324
2009-11-10,66303.49,0.0013462338601828439
2009-11-11,66431.24,0.0019267462391496792
2009-11-12,64447.93,-0.02985508023032546
2009-11-13,65325.63,0.013618746172297413
2009-11-14,65325.63,0.0
2009-11-15,65325.63,0.0
2009-11-16,66627.1,0.019922808245400825
2009-11-17,67405.98,0.01169013809696029
2009-11-18,66515.66,-0.01320832365318314
2009-11-19,66327.28,-0.002832115023740367
2009-11-20,66327.28,0.0
2009-11-21,66327.28,0.0
2009-11-22,66327.28,0.0
2009-11-23,66809.4,0.007268804027543263
2009-11-24,67317.0,0.007597733253105199
2009-11-25,67917.08,0.00891424157345111
2009-11-26,66391.8,-0.022457973752699645
2009-11-27,67082.15,0.010398121454757936
2009-11-28,67082.15,0.0
2009-11-29,67082.15,0.0
2009-11-30,67044.44,-0.0005621465620883059
2009-12-01,68408.4,0.020344118020823032
2009-12-02,68614.79,0.0030170271487126588
2009-12-03,68314.82,-0.004371797975334268
2009-12-04,67603.52,-0.010412089206997877
2009-12-05,67603.52,0.0
2009-12-06,67603.52,0.0
2009-12-07,68512.19,0.013441164010394635
2009-12-08,67728.51,-0.011438548380952485
2009-12-09,68011.99,0.0041855342750047875
2009-12-10,68728.29,0.010531966495907374
2009-12-11,69267.47,0.007845095520345513
2009-12-12,69267.47,0.0
2009-12-13,69267.47,0.0
2009-12-14,69349.4,0.0011828063014283074
2009-12-15,69310.81,-0.0005564575901161328
2009-12-16,68622.4,-0.009932216922583947
2009-12-17,67067.96,-0.022652078621557825
2009-12-18,66794.21,-0.004081680731007786
2009-12-19,66794.21,0.0
2009-12-20,66794.21,0.0
2009-12-21,65925.19,-0.013010409135762013
2009-12-22,67417.93,0.02264293815459606
2009-12-23,67588.86,0.002535378941477484
2009-12-24,67588.86,0.0
2009-12-25,67588.86,0.0
2009-12-26,67588.86,0.0
2009-12-27,67588.86,0.0
2009-12-28,67901.7,0.004628573406919356
2009-12-29,68296.04,0.005807512919411284
2009-12-30,68588.41,0.004280921704977514
2009-12-31,68588.41,0.0
2010-01-01,68588.41,0.0
2010-01-02,68588.41,0.0
2010-01-03,68588.41,0.0
2010-01-04,70045.08,0.021237844702916897
2010-01-05,70239.82,0.0027802095450530917
2010-01-06,70729.34,0.006969266151308329
2010-01-07,70451.12,-0.003933586825495605
2010-01-08,70262.7,-0.002674478418511983
2010-01-09,70262.7,0.0
2010-01-10,70262.7,0.0
2010-01-11,70433.49,0.0024307349418681845
2010-01-12,70075.78,-0.005078691968834814
2010-01-13,70385.47,0.004419358585805222
2010-01-14,69801.42,-0.008297877388614427
2010-01-15,68978.3,-0.011792310242399018
2010-01-16,68978.3,0.0
2010-01-17,68978.3,0.0
2010-01-18,69400.93,0.006126999360668295
2010-01-19,69908.59,0.007314887567068773
2010-01-20,68200.07,-0.024439342861871327
2010-01-21,66270.14,-0.028298064796707822
2010-01-22,66220.04,-0.0007559965921304368
2010-01-23,66220.04,0.0
2010-01-24,66220.04,0.0
2010-01-25,66220.04,0.0
2010-01-26,65523.73,-0.010515094826278992
2010-01-27,65069.79,-0.006927871780193273
2010-01-28,65587.81,0.007960990806947343
2010-01-29,65401.77,-0.002836502697681209
2010-01-30,65401.77,0.0
2010-01-31,65401.77,0.0
2010-02-01,66571.74,0.017888965390386424
2010-02-02,67163.21,0.008884700925648081
2010-02-03,67108.56,-0.0008136895184135406
2010-02-04,63934.01,-0.04730469555597672
2010-02-05,62762.7,-0.018320609015452072
2010-02-06,62762.7,0.0
2010-02-07,62762.7,0.0
2010-02-08,63153.09,0.0062200956937799035
2010-02-09,64718.17,0.024782318648224555
2010-02-10,65051.42,0.005149249430260516
2010-02-11,66128.94,0.016564127270396245
2010-02-12,65854.97,-0.00414296675555359
2010-02-13,65854.97,0.0
2010-02-14,65854.97,0.0
2010-02-15,65854.97,0.0
2010-02-16,65854.97,0.0
2010-02-17,67284.57,0.02170830842379856
2010-02-18,67836.08,0.008196678673877189
2010-02-19,67597.43,-0.0035180393678410082
2010-02-20,67597.43,0.0
2010-02-21,67597.43,0.0
2010-02-22,67184.16,-0.006113693967359279
2010-02-23,66108.33,-0.016013149528103066
2010-02-24,65794.77,-0.0047431238998171255
2010-02-25,66121.04,0.004958904788328722
2010-02-26,66503.27,0.0057807620690784045
2010-02-27,66503.27,0.0
2010-02-28,66503.27,0.0
2010-03-01,67227.93,0.010896607039022177
2010-03-02,67779.16,0.008199419497223914
2010-03-03,67641.34,-0.002033368368684507
2010-03-04,67814.71,0.0025630775499125846
2010-03-05,68846.5,0.015214840555979547
2010-03-06,68846.5,0.0
2010-03-07,68846.5,0.0
2010-03-08,68575.47,-0.003936728809743384
2010-03-09,69576.38,0.014595743930008842
2010-03-10,69979.28,0.005790758300446175
2010-03-11,69884.61,-0.0013528290088151707
2010-03-12,69341.38,-0.0077732422059735296
2010-03-13,69341.38,0.0
2010-03-14,69341.38,0.0
2010-03-15,69023.75,-0.004580670301052581
2010-03-16,69942.21,0.013306434379470877
2010-03-17,69723.24,-0.0031307274963144893
2010-03-18,69697.33,-0.00037161210523206645
2010-03-19,68828.98,-0.012458870375665843
2010-03-20,68828.98,0.0
2010-03-21,68828.98,0.0
2010-03-22,69041.73,0.0030909945200408018
2010-03-23,69386.72,0.004996833074721652
2010-03-24,68913.4,-0.0068214782309929944
2010-03-25,68441.66,-0.0068454030711007086
2010-03-26,68682.66,0.0035212471468399897
2010-03-27,68682.66,0.0
2010-03-28,68682.66,0.0
2010-03-29,69939.12,0.018293700331349916
2010-03-30,69959.58,0.000292540140625297
2010-03-31,70371.54,0.005888543070155627
2010-04-01,71136.34,0.01086802988821911
2010-04-02,71136.34,0.0
2010-04-03,71136.34,0.0
2010-04-04,71136.34,0.0
2010-04-05,71289.68,0.0021555789909910583
2010-04-06,71095.65,-0.0027217123151626055
2010-04-07,70792.94,-0.0042577851106220255
2010-04-08,71784.78,0.01401043663393553
2010-04-09,71417.27,-0.005119608919885166
2010-04-10,71417.27,0.0
2010-04-11,71417.27,0.0
2010-04-12,70614.36,-0.011242518791323208
2010-04-13,70792.4,0.002521300200129195
2010-04-14,71034.85,0.0034248026624328354
2010-04-15,70524.35,-0.007186613331343739
2010-04-16,69421.35,-0.015639988174297237
2010-04-17,69421.35,0.0
2010-04-18,69421.35,0.0
2010-04-19,69097.58,-0.0046638390062999635
2010-04-20,69318.44,0.003196349278802524
2010-04-21,69318.44,0.0
2010-04-22,69386.41,0.0009805471675357058
2010-04-23,69509.49,0.0017738343863014094
2010-04-24,69509.49,0.0
2010-04-25,69509.49,0.0
2010-04-26,68871.94,-0.009172128870460705
2010-04-27,66511.1,-0.034278691728445554
2010-04-28,66655.71,0.002174223550655441
2010-04-29,67978.05,0.01983836043453735
2010-04-30,67529.73,-0.0065950700262806805
2010-05-01,67529.73,0.0
2010-05-02,67529.73,0.0
2010-05-03,67119.41,-0.006076138613318793
2010-05-04,64869.32,-0.03352368562238561
2010-05-05,64914.17,0.0006913900130292028
2010-05-06,63414.22,-0.023106665308976426
2010-05-07,62870.88,-0.008568109802501778
2010-05-08,62870.88,0.0
2010-05-09,62870.88,0.0
2010-05-10,65452.68,0.0410651163145801
2010-05-11,64424.89,-0.01570279475187264
2010-05-12,65223.63,0.012398003318282669
2010-05-13,64788.22,-0.006675648074171869
2010-05-14,63412.47,-0.021234570111665407
2010-05-15,63412.47,0.0
2010-05-16,63412.47,0.0
2010-05-17,62866.26,-0.00861360549431367
2010-05-18,60841.08,-0.032214100218463826
2010-05-19,59689.32,-0.01893063042273413
2010-05-20,58192.08,-0.025083884353180763
2010-05-21,60259.33,0.035524593724781894
2010-05-22,60259.33,0.0
2010-05-23,60259.33,0.0
2010-05-24,59915.14,-0.005711812593999999
2010-05-25,59184.08,-0.012201590449425592
2010-05-26,60190.36,0.017002545279068304
2010-05-27,62091.77,0.031589942309698804
2010-05-28,61946.99,-0.002331709983464769
2010-05-29,61946.99,0.0
2010-05-30,61946.99,0.0
2010-05-31,63046.51,0.017749369259103753
2010-06-01,61840.99,-0.01912112185115411
2010-06-02,62942.91,0.017818602192494204
2010-06-03,62942.91,0.0
2010-06-04,61675.75,-0.020131894124373995
2010-06-05,61675.75,0.0
2010-06-06,61675.75,0.0
2010-06-07,61182.92,-0.007990660835093255
2010-06-08,61793.64,0.009981870757394429
2010-06-09,61478.61,-0.005098097474108942
2010-06-10,63048.8,0.025540427800823773
2010-06-11,63605.38,0.008827765159685752
2010-06-12,63605.38,0.0
2010-06-13,63605.38,0.0
2010-06-14,63532.85,-0.0011403123446475094
2010-06-15,64442.27,0.014314169756275641
2010-06-16,64750.71,0.0047862994273790704
2010-06-17,64540.91,-0.003240118911437384
2010-06-18,64437.58,-0.0016010000478766662
2010-06-19,64437.58,0.0
2010-06-20,64437.58,0.0
2010-06-21,64829.03,0.006074871216454669
2010-06-22,64810.62,-0.0002839777180068115
2010-06-23,65160.33,0.005395874935311573
2010-06-24,63936.7,-0.0187787569522746
2010-06-25,64823.83,0.01387512962039028
2010-06-26,64823.83,0.0
2010-06-27,64823.83,0.0
2010-06-28,64225.22,-0.009234412715200535
2010-06-29,61977.91,-0.03499108294218378
2010-06-30,60935.9,-0.01681260307099741
2010-07-01,61236.2,0.004928129394987213
2010-07-02,61429.79,0.0031613653361901584
2010-07-03,61429.79,0.0
2010-07-04,61429.79,0.0
2010-07-05,60865.27,-0.009189678167547122
2010-07-06,62064.75,0.019707133476940086
2010-07-07,63283.8,0.01964158399091276
2010-07-08,63476.32,0.0030421687698904964
2010-07-09,63476.32,0.0
2010-07-10,63476.32,0.0
2010-07-11,63476.32,0.0
2010-07-12,62960.1,-0.00813248153012025
2010-07-13,63685.56,0.011522535701182113
2010-07-14,63479.46,-0.0032362124161269268
2010-07-15,63489.37,0.00015611348930821833
2010-07-16,62339.27,-0.018114843476947473
2010-07-17,62339.27,0.0
2010-07-18,62339.27,0.0
2010-07-19,63297.04,0.015363830856537142
2010-07-20,64462.5,0.018412551361011387
2010-07-21,64476.84,0.00022245491564865105
2010-07-22,65748.1,0.019716536976688293
2010-07-23,66322.99,0.008743826817809275
2010-07-24,66322.99,0.0
2010-07-25,66322.99,0.0
2010-07-26,66443.26,0.001813398340454686
2010-07-27,66674.44,0.003479359682231342
2010-07-28,66808.25,0.0020069159935951486
2010-07-29,66953.83,0.0021790721954249026
2010-07-30,67515.4,0.008387421600825506
2010-07-31,67515.4,0.0
2010-08-01,67515.4,0.0
2010-08-02,68517.46,0.014841947170571634
2010-08-03,67997.36,-0.0075907659157243845
2010-08-04,68272.0,0.004038980336883657
2010-08-05,68411.72,0.002046519803140301
2010-08-06,68094.76,-0.004633124265842281
2010-08-07,68094.76,0.0
2010-08-08,68094.76,0.0
2010-08-09,67862.28,-0.003414065928127208
2010-08-10,67223.23,-0.009416866041046745
2010-08-11,65790.29,-0.02131614324393516
2010-08-12,65966.17,0.0026733428291623174
2010-08-13,66264.43,0.004521408473464383
2010-08-14,66264.43,0.0
2010-08-15,66264.43,0.0
2010-08-16,66701.89,0.0066017318793809565
2010-08-17,67583.77,0.013221214571281337
2010-08-18,67638.38,0.0008080342366221238
2010-08-19,66887.13,-0.011106859744423159
2010-08-20,66677.16,-0.0031391689253223998
2010-08-21,66677.16,0.0
2010-08-22,66677.16,0.0
2010-08-23,65981.86,-0.010427858655047695
2010-08-24,65156.36,-0.012511014390925057
2010-08-25,64803.43,-0.005416662318152854
2010-08-26,63867.48,-0.014442908346055106
2010-08-27,65585.14,0.02689412514788425
2010-08-28,65585.14,0.0
2010-08-29,65585.14,0.0
2010-08-30,64260.79,-0.020192836365066857
2010-08-31,65145.45,0.013766715286257725
2010-09-01,67072.53,0.02958119101180512
2010-09-02,66808.08,-0.003942746754893478
2010-09-03,66678.62,-0.0019377895607837203
2010-09-04,66678.62,0.0
2010-09-05,66678.62,0.0
2010-09-06,66747.3,0.001030015318253641
2010-09-07,66747.3,0.0
2010-09-08,66407.28,-0.005094138639315848
2010-09-09,66624.1,0.00326500347552261
2010-09-10,66806.79,0.0027421008313806006
2010-09-11,66806.79,0.0
2010-09-12,66806.79,0.0
2010-09-13,68030.58,0.018318347581136818
2010-09-14,67691.85,-0.004979084405865697
2010-09-15,68106.85,0.006130723270231231
2010-09-16,67662.99,-0.006517112449041518
2010-09-17,67089.12,-0.008481298269556348
2010-09-18,67089.12,0.0
2010-09-19,67089.12,0.0
2010-09-20,68190.46,0.01641607461835859
2010-09-21,67719.13,-0.006911963931611531
2010-09-22,68325.18,0.0089494652397335
2010-09-23,68794.32,0.00686628267938727
2010-09-24,68196.48,-0.00869025233478593
2010-09-25,68196.48,0.0
2010-09-26,68196.48,0.0
2010-09-27,68815.97,0.009083899931492168
2010-09-28,69227.63,0.005982041668525451
2010-09-29,69228.24,8.811510664230582e-06
2010-09-30,69429.78,0.002911239690623235
2010-10-01,70229.35,0.011516239861339095
2010-10-02,70229.35,0.0
2010-10-03,70229.35,0.0
2010-10-04,70384.92,0.0022151707227817674
2010-10-05,71283.11,0.012761114170478649
2010-10-06,70541.37,-0.010405550487345483
2010-10-07,69918.4,-0.008831271635353799
2010-10-08,70808.8,0.012734845190965682
2010-10-09,70808.8,0.0
2010-10-10,70808.8,0.0
2010-10-11,70946.49,0.001944532318016945
2010-10-12,70946.49,0.0
2010-10-13,71674.9,0.01026703364747128
2010-10-14,71692.29,0.00024262328932445065
2010-10-15,71830.18,0.0019233588437472804
2010-10-16,71830.18,0.0
2010-10-17,71830.18,0.0
2010-10-18,71735.53,-0.0013176912545672659
2010-10-19,69863.58,-0.026095158145482356
2010-10-20,70404.68,0.007745094081923476
2010-10-21,69652.1,-0.010689346219597717
2010-10-22,69529.73,-0.0017568745235249095
2010-10-23,69529.73,0.0
2010-10-24,69529.73,0.0
2010-10-25,69580.28,0.0007270271292583175
2010-10-26,70740.39,0.01667297113492494
2010-10-27,70568.94,-0.0024236507601951285
2010-10-28,70320.13,-0.0035257721031376477
2010-10-29,70673.3,0.005022317222678652
2010-10-30,70673.3,0.0
2010-10-31,70673.3,0.0
2010-11-01,71560.93,0.01255962294105406
2010-11-02,71560.93,0.0
2010-11-03,71904.77,0.0048048565047995595
2010-11-04,72995.69,0.015171733391261766
2010-11-05,72606.58,-0.005330588696401128
2010-11-06,72606.58,0.0
2010-11-07,72606.58,0.0
2010-11-08,72657.37,0.0006995233765314524
2010-11-09,71679.47,-0.013459061345049927
2010-11-10,71638.38,-0.0005732464260687076
2010-11-11,71195.16,-0.006186907074113068
2010-11-12,70367.15,-0.01163014452106026
2010-11-13,70367.15,0.0
2010-11-14,70367.15,0.0
2010-11-15,70367.15,0.0
2010-11-16,69192.41,-0.0166944376743976
2010-11-17,69708.63,0.007460644888651835
2010-11-18,70781.4,0.015389342754261515
2010-11-19,70897.9,0.0016459126267636126
2010-11-20,70897.9,0.0
2010-11-21,70897.9,0.0
2010-11-22,69632.5,-0.017848201427686727
2010-11-23,67952.55,-0.02412594693569814
2010-11-24,69629.36,0.024676189488106015
2010-11-25,69361.63,-0.0038450734000714526
2010-11-26,68226.1,-0.016371155060802334
2010-11-27,68226.1,0.0
2010-11-28,68226.1,0.0
2010-11-29,67908.18,-0.0046598002817105355
2010-11-30,67705.4,-0.0029860909245396083
2010-12-01,69345.85,0.024229234300366276
2010-12-02,69527.07,0.00261327822789692
2010-12-03,69766.09,0.0034377976808168675
2010-12-04,69766.09,0.0
2010-12-05,69766.09,0.0
2010-12-06,69551.81,-0.003071406180280456
2010-12-07,69337.64,-0.0030792872248759373
2010-12-08,68174.92,-0.01676895838970005
2010-12-09,67879.46,-0.00433385180356638
2010-12-10,68341.83,0.00681163344552238
2010-12-11,68341.83,0.0
2010-12-12,68341.83,0.0
2010-12-13,69126.32,0.011478914158429943
2010-12-14,68742.97,-0.005545644553333728
2010-12-15,67870.14,-0.012697007417631245
2010-12-16,67306.39,-0.008306303773647716
2010-12-17,67981.22,0.01002623970770089
2010-12-18,67981.22,0.0
2010-12-19,67981.22,0.0
2010-12-20,67263.6,-0.010556150654548402
2010-12-21,68214.86,0.01414227011340441
2010-12-22,68470.76,0.003751382030249717
2010-12-23,68485.96,0.00022199257025934394
2010-12-24,68485.96,0.0
2010-12-25,68485.96,0.0
2010-12-26,68485.96,0.0
2010-12-27,67803.16,-0.009969926682782959
2010-12-28,68040.94,0.003506916196826193
2010-12-29,68952.42,0.01339605243548947
2010-12-30,69304.81,0.005110625558899962
2010-12-31,69304.81,0.0
2011-01-01,69304.81,0.0
2011-01-02,69304.81,0.0
2011-01-03,69962.32,0.009487220295387955
2011-01-04,70317.79,0.005080877821089791
2011-01-05,71091.03,0.010996363793572161
2011-01-06,70578.83,-0.007204847081270227
2011-01-07,70057.2,-0.007390743088260376
2011-01-08,70057.2,0.0
2011-01-09,70057.2,0.0
2011-01-10,70127.04,0.0009968996762645954
2011-01-11,70423.44,0.004226615011841517
2011-01-12,71632.9,0.017174111347017407
2011-01-13,70721.44,-0.012724041606580139
2011-01-14,70940.22,0.0030935456065375178
2011-01-15,70940.22,0.0
2011-01-16,70940.22,0.0
2011-01-17,70609.07,-0.004668014844047441
2011-01-18,70919.75,0.004400001302948597
2011-01-19,70058.08,-0.012149930026544076
2011-01-20,69561.53,-0.0070876906703695175
2011-01-21,69133.09,-0.006159151473522861
2011-01-22,69133.09,0.0
2011-01-23,69133.09,0.0
2011-01-24,69426.57,0.0042451451251492855
2011-01-25,69426.57,0.0
2011-01-26,68709.22,-0.01033249950271209
2011-01-27,68050.71,-0.009584012160231081
2011-01-28,66697.57,-0.019884289230781005
2011-01-29,66697.57,0.0
2011-01-30,66697.57,0.0
2011-01-31,66574.88,-0.0018394973010261717
2011-02-01,67847.34,0.019113215074514578
2011-02-02,66688.48,-0.01708040433125313
2011-02-03,66764.84,0.00114502534770633
2011-02-04,65269.15,-0.02240236028424536
2011-02-05,65269.15,0.0
2011-02-06,65269.15,0.0
2011-02-07,65362.04,0.001423183847192755
2011-02-08,65771.33,0.006261891458712032
2011-02-09,64217.52,-0.02362442723904179
2011-02-10,64577.83,0.005610774131420859
2011-02-11,65755.66,0.018238921933425134
2011-02-12,65755.66,0.0
2011-02-13,65755.66,0.0
2011-02-14,66557.55,0.012194995837620626
2011-02-15,66341.39,-0.003247715698669884
2011-02-16,67576.62,0.018619296339736024
2011-02-17,67684.99,0.0016036611478942309
2011-02-18,68066.82,0.005641280289765849
2011-02-19,68066.82,0.0
2011-02-20,68066.82,0.0
2011-02-21,67258.66,-0.011873038875622521
2011-02-22,66439.83,-0.01217434305114018
2011-02-23,66910.48,0.007083853164585152
2011-02-24,66948.99,0.0005755451164004555
2011-02-25,66902.53,-0.0006939611785032884
2011-02-26,66902.53,0.0
2011-02-27,66902.53,0.0
2011-02-28,67383.22,0.007184930076635343
2011-03-01,66242.63,-0.01692691444546579
2011-03-02,67281.51,0.015682952201625966
2011-03-03,68145.53,0.012841863983136026
2011-03-04,68012.1,-0.0019580154413648687
2011-03-05,68012.1,0.0
2011-03-06,68012.1,0.0
2011-03-07,68012.1,0.0
2011-03-08,68012.1,0.0
2011-03-09,67263.75,-0.011003189138403369
2011-03-10,66040.66,-0.01818349408113573
2011-03-11,66684.6,0.009750659669361283
2011-03-12,66684.6,0.0
2011-03-13,66684.6,0.0
2011-03-14,67169.25,0.007267794963154772
2011-03-15,67005.22,-0.002442040070419149
2011-03-16,66002.57,-0.014963759539928345
2011-03-17,66215.93,0.0032326013971877288
2011-03-18,66879.89,0.01002719436244437
2011-03-19,66879.89,0.0
2011-03-20,66879.89,0.0
2011-03-21,66689.61,-0.0028451003732212765
2011-03-22,67578.33,0.013326213783526386
2011-03-23,67795.51,0.0032137521007102876
2011-03-24,67532.97,-0.003872527841445428
2011-03-25,67765.94,0.00344972240966146
2011-03-26,67765.94,0.0
2011-03-27,67765.94,0.0
2011-03-28,67192.82,-0.00845734597645953
2011-03-29,67418.76,0.0033625616546528736
2011-03-30,67997.06,0.008577731183427417
2011-03-31,68586.7,0.008671551387662957
2011-04-01,69268.29,0.009937640971208639
2011-04-02,69268.29,0.0
2011-04-03,69268.29,0.0
2011-04-04,69703.8,0.006287292497043184
2011-04-05,69837.52,0.0019184033008243784
2011-04-06,69036.91,-0.01146389505240164
2011-04-07,69176.12,0.002016457573202457
2011-04-08,68718.01,-0.006622371997735632
2011-04-09,68718.01,0.0
2011-04-10,68718.01,0.0
2011-04-11,68164.36,-0.00805683982990768
2011-04-12,66896.23,-0.018604003617139542
2011-04-13,66486.49,-0.006125008838315571
2011-04-14,66278.89,-0.0031224388593833474
2011-04-15,66684.21,0.006115370972567646
2011-04-16,66684.21,0.0
2011-04-17,66684.21,0.0
2011-04-18,65415.49,-0.019025793362476784
2011-04-19,66158.09,0.011352051326069645
2011-04-20,67058.02,0.013602720392925649
2011-04-21,67058.02,0.0
2011-04-22,67058.02,0.0
2011-04-23,67058.02,0.0
2011-04-24,67058.02,0.0
2011-04-25,66972.37,-0.0012772521467232512
2011-04-26,67144.26,0.002566580815342112
2011-04-27,66264.47,-0.013102981550470516
2011-04-28,65673.21,-0.008922730386283884
2011-04-29,66132.86,0.00699904877498736
2011-04-30,66132.86,0.0
2011-05-01,66132.86,0.0
2011-05-02,65462.75,-0.01013278421649999
2011-05-03,64318.18,-0.01748429450336264
2011-05-04,63615.5,-0.010925060379507023
2011-05-05,63407.01,-0.0032773459298440777
2011-05-06,64417.34,0.015934042623993783
2011-05-07,64417.34,0.0
2011-05-08,64417.34,0.0
2011-05-09,64621.97,0.003176629149853172
2011-05-10,64876.88,0.003944633690368793
2011-05-11,63775.82,-0.016971531306684273
2011-05-12,64003.16,0.0035646738842400882
2011-05-13,63235.3,-0.011997220137255682
2011-05-14,63235.3,0.0
2011-05-15,63235.3,0.0
2011-05-16,62829.68,-0.006414455217260029
2011-05-17,63673.34,0.013427730333816612
2011-05-18,62840.61,-0.013078157985744077
2011-05-19,62367.36,-0.007530958085862016
2011-05-20,62596.52,0.0036743578692444157
2011-05-21,62596.52,0.0
2011-05-22,62596.52,0.0
2011-05-23,62345.18,-0.004015239185820474
2011-05-24,63336.75,0.015904517398137363
2011-05-25,63388.44,0.0008161138675413238
2011-05-26,64098.57,0.01120283130488775
2011-05-27,64294.96,0.003063874903917574
2011-05-28,64294.96,0.0
2011-05-29,64294.96,0.0
2011-05-30,63953.93,-0.0053041482567217635
2011-05-31,64620.08,0.010416091708515873
2011-06-01,63411.48,-0.01870316471288802
2011-06-02,64218.08,0.012720094216378541
2011-06-03,64340.5,0.001906316725756918
2011-06-04,64340.5,0.0
2011-06-05,64340.5,0.0
2011-06-06,63067.73,-0.01978178596684821
2011-06-07,63217.85,0.0023802981334510864
2011-06-08,63032.97,-0.0029244904722320886
2011-06-09,63468.82,0.006914635309108741
2011-06-10,62697.16,-0.01215809589653627
2011-06-11,62697.16,0.0
2011-06-12,62697.16,0.0
2011-06-13,62022.92,-0.010753916126344576
2011-06-14,62204.83,0.002932948013411929
2011-06-15,61603.74,-0.009663076002297655
2011-06-16,60880.62,-0.011738248359596248
2011-06-17,61059.98,0.00294609351875863
2011-06-18,61059.98,0.0
2011-06-19,61059.98,0.0
2011-06-20,61168.24,0.0017730107346907165
2011-06-21,61423.61,0.004174878989488651
2011-06-22,61194.09,-0.0037366738946148503
2011-06-23,61194.09,0.0
2011-06-24,61016.72,-0.0028984825168573147
2011-06-25,61016.72,0.0
2011-06-26,61016.72,0.0
2011-06-27,61216.98,0.0032820512148146186
2011-06-28,62303.37,0.017746546791429507
2011-06-29,62333.97,0.0004911451820341917
2011-06-30,62403.64,0.0011176891187902882
2011-07-01,63394.34,0.015875676482974388
2011-07-02,63394.34,0.0
2011-07-03,63394.34,0.0
2011-07-04,63891.31,0.00783934338617609
2011-07-05,63038.81,-0.013342972620220217
2011-07-06,62565.46,-0.007508866363435507
2011-07-07,62207.33,-0.005724084822520292
2011-07-08,61513.24,-0.011157688330298066
2011-07-09,61513.24,0.0
2011-07-10,61513.24,0.0
2011-07-11,60223.63,-0.020964754904797767
2011-07-12,59704.75,-0.008615887152600976
2011-07-13,60669.89,0.0161652129855665
2011-07-14,59679.35,-0.016326714948716736
2011-07-15,59478.01,-0.0033736962617721966
2011-07-16,59478.01,0.0
2011-07-17,59478.01,0.0
2011-07-18,58837.61,-0.010767004477789333
2011-07-19,59082.13,0.004155845215330745
2011-07-20,59119.71,0.0006360637302684768
2011-07-21,60262.95,0.01933771326009537
2011-07-22,60270.47,0.00012478645668689836
2011-07-23,60270.47,0.0
2011-07-24,60270.47,0.0
2011-07-25,59970.54,-0.004976400549058235
2011-07-26,59339.9,-0.010515829939166776
2011-07-27,58288.46,-0.017718937847889915
2011-07-28,58708.25,0.007201940143898078
2011-07-29,58823.45,0.0019622455106393932
2011-07-30,58823.45,0.0
2011-07-31,58823.45,0.0
2011-08-01,58535.74,-0.004891076602953404
2011-08-02,57310.78,-0.02092670221645787
2011-08-03,56017.22,-0.02257097181367973
2011-08-04,52811.36,-0.05722990180519494
2011-08-05,52949.22,0.0026104232119756876
2011-08-06,52949.22,0.0
2011-08-07,52949.22,0.0
2011-08-08,48668.29,-0.08084972734253693
2011-08-09,51150.9,0.05101083272085383
2011-08-10,51395.29,0.004777824046106716
2011-08-11,53343.11,0.0378988035674086
2011-08-12,53473.35,0.002441552432919547
2011-08-13,53473.35,0.0
2011-08-14,53473.35,0.0
2011-08-15,54651.83,0.022038641678518323
2011-08-16,54323.61,-0.006005654339479638
2011-08-17,55073.02,0.013795290850515896
2011-08-18,53134.1,-0.03520634967902614
2011-08-19,52447.63,-0.012919575188061971
2011-08-20,52447.63,0.0
2011-08-21,52447.63,0.0
2011-08-22,52440.23,-0.00014109312470356183
2011-08-23,53786.63,0.025674944598831795
2011-08-24,53795.7,0.00016862926716165738
2011-08-25,52953.3,-0.01565924414033082
2011-08-26,53350.79,0.007506425473011058
2011-08-27,53350.79,0.0
2011-08-28,53350.79,0.0
2011-08-29,54860.73,0.0283021113651738
2011-08-30,55385.03,0.009556927149893868
2011-08-31,56495.12,0.020043141621481464
2011-09-01,58118.2,0.028729561066513254
2011-09-02,56531.62,-0.027299193712124525
2011-09-03,56531.62,0.0
2011-09-04,56531.62,0.0
2011-09-05,54998.41,-0.027121281859603497
2011-09-06,56607.3,0.02925339114348935
2011-09-07,56607.3,0.0
2011-09-08,57623.63,0.01795404479634244
2011-09-09,55778.39,-0.032022279748776694
2011-09-10,55778.39,0.0
2011-09-11,55778.39,0.0
2011-09-12,55685.47,-0.0016658781295049163
2011-09-13,55543.97,-0.002541057837888383
2011-09-14,56286.04,0.013360046104014422
2011-09-15,56381.46,0.0016952693776288719
2011-09-16,57210.11,0.014697207202509555
2011-09-17,57210.11,0.0
2011-09-18,57210.11,0.0
2011-09-19,57102.78,-0.0018760670098344479
2011-09-20,56378.63,-0.012681519183479373
2011-09-21,55981.9,-0.007036886139304865
2011-09-22,53280.28,-0.04825881222323647
2011-09-23,53230.36,-0.000936932013120062
2011-09-24,53230.36,0.0
2011-09-25,53230.36,0.0
2011-09-26,53747.52,0.009715508217490898
2011-09-27,53920.36,0.0032157762813986857
2011-09-28,53270.36,-0.01205481565775901
2011-09-29,53384.67,0.0021458462079100293
2011-09-30,52324.42,-0.019860570459646953
2011-10-01,52324.42,0.0
2011-10-02,52324.42,0.0
2011-10-03,50791.53,-0.02929588134947314
2011-10-04,50686.34,-0.002071014596331411
2011-10-05,51013.85,0.0064615042238205245
2011-10-06,52290.37,0.025023008457507157
2011-10-07,51243.62,-0.02001802626372695
2011-10-08,51243.62,0.0
2011-10-09,51243.62,0.0
2011-10-10,53273.11,0.03960473518459473
2011-10-11,53838.47,0.010612483483693813
2011-10-12,53838.47,0.0
2011-10-13,54601.07,0.01416459271595194
2011-10-14,55030.45,0.007863948453757263
2011-10-15,55030.45,0.0
2011-10-16,55030.45,0.0
2011-10-17,53911.33,-0.020336377405599904
2011-10-18,55031.93,0.020785983206127456
2011-10-19,54966.13,-0.0011956694958726866
2011-10-20,54009.98,-0.017395257770557837
2011-10-21,55255.23,0.02305592410884061
2011-10-22,55255.23,0.0
2011-10-23,55255.23,0.0
2011-10-24,56891.97,0.029621449408499423
2011-10-25,56285.99,-0.010651415305182876
2011-10-26,57143.79,0.015240026869919099
2011-10-27,59270.13,0.03721034254115785
2011-10-28,59513.13,0.004099872903939872
2011-10-29,59513.13,0.0
2011-10-30,59513.13,0.0
2011-10-31,58338.39,-0.01973917352355692
2011-11-01,57322.75,-0.017409462276898657
2011-11-02,57322.75,0.0
2011-11-03,58196.3,0.015239150250118794
2011-11-04,58669.92,0.008138318071767348
2011-11-05,58669.92,0.0
2011-11-06,58669.92,0.0
2011-11-07,59198.77,0.009013988769713599
2011-11-08,59026.13,-0.002916276807778284
2011-11-09,57549.74,-0.02501248176019666
2011-11-10,57321.81,-0.0039605739313505195
2011-11-11,58546.97,0.021373365565393154
2011-11-12,58546.97,0.0
2011-11-13,58546.97,0.0
2011-11-14,58258.23,-0.004931766750696065
2011-11-15,58258.23,0.0
2011-11-16,58559.99,0.005179697357780899
2011-11-17,56988.9,-0.02682872725900387
2011-11-18,56731.34,-0.004519476599829209
2011-11-19,56731.34,0.0
2011-11-20,56731.34,0.0
2011-11-21,56284.59,-0.007874836025378529
2011-11-22,55878.44,-0.00721600708115655
2011-11-23,54972.08,-0.01622020944034941
2011-11-24,55279.88,0.005599205996935197
2011-11-25,54894.49,-0.006971614265443349
2011-11-26,54894.49,0.0
2011-11-27,54894.49,0.0
2011-11-28,56017.35,0.02045487625442921
2011-11-29,55299.76,-0.012810138287512651
2011-11-30,56874.98,0.028485114582775806
2011-12-01,58143.42,0.02230224960079097
2011-12-02,57885.85,-0.004429907975829428
2011-12-03,57885.85,0.0
2011-12-04,57885.85,0.0
2011-12-05,58910.48,0.017700871629249715
2011-12-06,59536.16,0.010620860668594023
2011-12-07,58662.83,-0.014668900379198102
2011-12-08,57455.02,-0.02058901692945947
2011-12-09,58236.46,0.013600900321677711
2011-12-10,58236.46,0.0
2011-12-11,58236.46,0.0
2011-12-12,57346.86,-0.01527565377428497
2011-12-13,57494.85,0.002580612085822942
2011-12-14,56646.87,-0.01474879924027972
2011-12-15,56331.15,-0.005573476522180321
2011-12-16,56096.93,-0.0041579126291581
2011-12-17,56096.93,0.0
2011-12-18,56096.93,0.0
2011-12-19,55298.33,-0.014236073168353403
2011-12-20,56864.85,0.028328522760090458
2011-12-21,56653.37,-0.0037189933676075038
2011-12-22,57347.87,0.012258758834646555
2011-12-23,57701.07,0.006158903547768935
2011-12-24,57701.07,0.0
2011-12-25,57701.07,0.0
2011-12-26,57669.48,-0.0005474768492160775
2011-12-27,58005.2,0.005821450098041359
2011-12-28,56533.76,-0.02536738085550938
2011-12-29,56754.08,0.003897140398940291
2011-12-30,56754.08,0.0
2011-12-31,56754.08,0.0
2012-01-01,56754.08,0.0
2012-01-02,57829.27,0.018944717278475798
2012-01-03,59264.87,0.02482479892967704
2012-01-04,59364.95,0.0016886901127091125
2012-01-05,58546.08,-0.013793829523986667
2012-01-06,58600.37,0.0009273037579971
2012-01-07,58600.37,0.0
2012-01-08,58600.37,0.0
2012-01-09,59082.88,0.008233907055535505
2012-01-10,59805.96,0.012238401377861141
2012-01-11,59962.4,0.002615792807272088
2012-01-12,59920.78,-0.000694101637025879
2012-01-13,59146.58,-0.012920392558307792
2012-01-14,59146.58,0.0
2012-01-15,59146.58,0.0
2012-01-16,59956.46,0.0136927612720803
2012-01-17,60645.9,0.011499011115732927
2012-01-18,61722.86,0.017758166669139985
2012-01-19,61926.69,0.003302342114412715
2012-01-20,62312.13,0.006224133729737513
2012-01-21,62312.13,0.0
2012-01-22,62312.13,0.0
2012-01-23,62386.24,0.001189335046001494
2012-01-24,62486.22,0.0016025969829245312
2012-01-25,62486.22,0.0
2012-01-26,62953.06,0.0074710872253114236
2012-01-27,62904.2,-0.0007761338368619253
2012-01-28,62904.2,0.0
2012-01-29,62904.2,0.0
2012-01-30,62770.01,-0.002133243885145908
2012-01-31,63072.31,0.004815994134778734
2012-02-01,64567.18,0.0237008918810806
2012-02-02,64593.1,0.0004014423426885738
2012-02-03,65217.37,0.009664654583848797
2012-02-04,65217.37,0.0
2012-02-05,65217.37,0.0
2012-02-06,65223.72,9.736669847315582e-05
2012-02-07,65917.02,0.010629568506672182
2012-02-08,65831.16,-0.0013025467474105934
2012-02-09,65530.49,-0.0045672900188907795
2012-02-10,63997.86,-0.023388044252377727
2012-02-11,63997.86,0.0
2012-02-12,63997.86,0.0
2012-02-13,65691.53,0.026464478656005097
2012-02-14,65038.53,-0.009940398708935483
2012-02-15,65368.49,0.005073300395934455
2012-02-16,66141.7,0.011828481887833142
2012-02-17,66203.5,0.000934357598912694
2012-02-18,66203.5,0.0
2012-02-19,66203.5,0.0
2012-02-20,66203.5,0.0
2012-02-21,66203.5,0.0
2012-02-22,66092.77,-0.0016725701813347094
2012-02-23,65819.62,-0.004132827236625225
2012-02-24,65942.73,0.0018704149309887175
2012-02-25,65942.73,0.0
2012-02-26,65942.73,0.0
2012-02-27,65241.49,-0.01063407596258148
2012-02-28,65958.78,0.010994384095151633
2012-02-29,65811.73,-0.0022294226788306393
2012-03-01,66809.8,0.01516553356065864
2012-03-02,67781.6,0.014545770231313426
2012-03-03,67781.6,0.0
2012-03-04,67781.6,0.0
2012-03-05,66964.03,-0.0120618279887168
2012-03-06,65114.15,-0.02762498015725756
2012-03-07,66016.76,0.013861963950999812
2012-03-08,66908.39,0.01350611571970517
2012-03-09,66703.96,-0.0030553716805917785
2012-03-10,66703.96,0.0
2012-03-11,66703.96,0.0
2012-03-12,66384.76,-0.004785323090263471
2012-03-13,68394.33,0.03027155630298295
2012-03-14,68257.22,-0.0020046983426842413
2012-03-15,67749.49,-0.007438480500670752
2012-03-16,67684.13,-0.000964730509410483
2012-03-17,67684.13,0.0
2012-03-18,67684.13,0.0
2012-03-19,67730.31,0.0006822869703724255
2012-03-20,67295.56,-0.006418839659821485
2012-03-21,66860.05,-0.00647160080100373
2012-03-22,65828.19,-0.015433132341360789
2012-03-23,65812.95,-0.00023151175810853797
2012-03-24,65812.95,0.0
2012-03-25,65812.95,0.0
2012-03-26,66684.59,0.013244201938980016
2012-03-27,66037.35,-0.00970599054444199
2012-03-28,65079.34,-0.014507093334302668
2012-03-29,64871.99,-0.0031861109839159685
2012-03-30,64510.97,-0.0055651136954484315
2012-03-31,64510.97,0.0
2012-04-01,64510.97,0.0
2012-04-02,65216.25,0.010932714234493712
2012-04-03,64284.26,-0.01429076342169322
2012-04-04,63528.65,-0.011754199239440544
2012-04-05,63691.18,0.0025583732693832406
2012-04-06,63691.18,0.0
2012-04-07,63691.18,0.0
2012-04-08,63691.18,0.0
2012-04-09,62923.21,-0.012057713485603472
2012-04-10,61738.28,-0.018831366041243025
2012-04-11,61293.14,-0.007210113401280416
2012-04-12,63058.0,0.028793760606815155
2012-04-13,62105.6,-0.015103555456881024
2012-04-14,62105.6,0.0
2012-04-15,62105.6,0.0
2012-04-16,61954.55,-0.0024321478256388307
2012-04-17,62698.87,0.01201396830418422
2012-04-18,63010.48,0.00496994602933043
2012-04-19,62618.41,-0.00622229825895626
2012-04-20,62494.08,-0.0019855183164184664
2012-04-21,62494.08,0.0
2012-04-22,62494.08,0.0
2012-04-23,61539.38,-0.015276647004004329
2012-04-24,61971.14,0.007015995286270282
2012-04-25,61750.38,-0.003562303356046126
2012-04-26,62198.06,0.007249833928147487
2012-04-27,61691.21,-0.008148967990319944
2012-04-28,61691.21,0.0
2012-04-29,61691.21,0.0
2012-04-30,61820.26,0.0020918701383876304
2012-05-01,61820.26,0.0
2012-05-02,62423.56,0.009758936633394777
2012-05-03,62104.15,-0.00511681807317621
2012-05-04,60820.93,-0.020662387296179086
2012-05-05,60820.93,0.0
2012-05-06,60820.93,0.0
2012-05-07,61220.43,0.0065684625341966285
2012-05-08,60365.48,-0.01396510935973494
2012-05-09,59786.12,-0.009597538195670774
2012-05-10,59702.05,-0.00140617922688413
2012-05-11,59445.21,-0.00430202982979655
2012-05-12,59445.21,0.0
2012-05-13,59445.21,0.0
2012-05-14,57539.61,-0.03205640959128575
2012-05-15,56237.97,-0.0226216340361014
2012-05-16,55887.57,-0.006230665865073037
2012-05-17,54038.2,-0.033090900176908744
2012-05-18,54513.16,0.008789337912809891
2012-05-19,54513.16,0.0
2012-05-20,54513.16,0.0
2012-05-21,56590.24,0.038102359136766184
2012-05-22,55038.75,-0.02741621170010944
2012-05-23,54619.48,-0.007617723876359728
2012-05-24,54063.0,-0.010188306443049355
2012-05-25,54463.16,0.007401735012855459
2012-05-26,54463.16,0.0
2012-05-27,54463.16,0.0
2012-05-28,55212.69,0.01376214674286258
2012-05-29,54633.06,-0.01049813004945066
2012-05-30,53797.91,-0.015286531634874478
2012-05-31,54490.41,0.012872247267598391
2012-06-01,53402.9,-0.01995782377119204
2012-06-02,53402.9,0.0
2012-06-03,53402.9,0.0
2012-06-04,53416.75,0.0002593492113724949
2012-06-05,52481.44,-0.017509676271955876
2012-06-06,54156.04,0.031908423244484174
2012-06-07,54156.04,0.0
2012-06-08,54429.85,0.005055945744925072
2012-06-09,54429.85,0.0
2012-06-10,54429.85,0.0
2012-06-11,54001.45,-0.007870681253025702
2012-06-12,55049.03,0.01939910872763595
2012-06-13,55650.51,0.010926259736093513
2012-06-14,55351.67,-0.005369941802869427
2012-06-15,56104.69,0.013604286916727215
2012-06-16,56104.69,0.0
2012-06-17,56104.69,0.0
2012-06-18,56195.21,0.0016134123546533985
2012-06-19,57195.49,0.01780009363787416
2012-06-20,57166.55,-0.000505983950832456
2012-06-21,55505.17,-0.029062100126735047
2012-06-22,55439.5,-0.0011831330306708576
2012-06-23,55439.5,0.0
2012-06-24,55439.5,0.0
2012-06-25,53805.38,-0.029475734810018195
2012-06-26,53836.57,0.0005796818087708822
2012-06-27,53108.93,-0.013515719890773159
2012-06-28,52652.25,-0.008598930537670357
2012-06-29,54354.63,0.032332521402219205
2012-06-30,54354.63,0.0
2012-07-01,54354.63,0.0
2012-07-02,54692.79,0.0062213651348561605
2012-07-03,55780.32,0.01988433941658485
2012-07-04,56076.82,0.005315494783823427
2012-07-05,56379.06,0.005389749276082378
2012-07-06,55394.05,-0.0174712029608155
2012-07-07,55394.05,0.0
2012-07-08,55394.05,0.0
2012-07-09,55394.05,0.0
2012-07-10,53705.82,-0.030476738927736835
2012-07-11,53569.14,-0.0025449755724799017
2012-07-12,53420.87,-0.0027678249081466433
2012-07-13,54330.51,0.017027802055638475
2012-07-14,54330.51,0.0
2012-07-15,54330.51,0.0
2012-07-16,53401.8,-0.01709371032961038
2012-07-17,53909.47,0.009506608391477434
2012-07-18,54583.13,0.012496134723639418
2012-07-19,55346.65,0.013988204780488012
2012-07-20,54194.79,-0.020811738379829636
2012-07-21,54194.79,0.0
2012-07-22,54194.79,0.0
2012-07-23,53033.96,-0.02141958664292276
2012-07-24,52638.63,-0.007454280238549105
2012-07-25,52607.54,-0.0005906308731818966
2012-07-26,54002.72,0.026520532988236978
2012-07-27,56553.12,0.04722725077551648
2012-07-28,56553.12,0.0
2012-07-29,56553.12,0.0
2012-07-30,57240.92,0.012162016878997983
2012-07-31,56097.05,-0.019983431433317156
2012-08-01,56291.93,0.00347397946950867
2012-08-02,55520.4,-0.013705872227155802
2012-08-03,57255.22,0.03124653280595968
2012-08-04,57255.22,0.0
2012-08-05,57255.22,0.0
2012-08-06,58344.61,0.019026911432704186
2012-08-07,57725.66,-0.010608520649979414
2012-08-08,58950.98,0.02122660875596738
2012-08-09,58797.13,-0.002609795460567499
2012-08-10,59280.93,0.008228292775514845
2012-08-11,59280.93,0.0
2012-08-12,59280.93,0.0
2012-08-13,59122.74,-0.002668480403394513
2012-08-14,58082.92,-0.017587479876609247
2012-08-15,58189.28,0.0018311751544171084
2012-08-16,59445.79,0.021593496259104894
2012-08-17,59082.37,-0.0061134690951201165
2012-08-18,59082.37,0.0
2012-08-19,59082.37,0.0
2012-08-20,59283.09,0.003397290934672892
2012-08-21,58917.73,-0.006162971599489753
2012-08-22,59380.76,0.007858924639493114
2012-08-23,58511.55,-0.014637906284796665
2012-08-24,58425.76,-0.0014662062447500235
2012-08-25,58425.76,0.0
2012-08-26,58425.76,0.0
2012-08-27,58111.46,-0.005379476450113829
2012-08-28,58406.4,0.00507541885886198
2012-08-29,57369.19,-0.017758499068595168
2012-08-30,57256.43,-0.001965514939290647
2012-08-31,57061.45,-0.0034053817186996405
2012-09-01,57061.45,0.0
2012-09-02,57061.45,0.0
2012-09-03,57281.45,0.003855492631189783
2012-09-04,56233.9,-0.018287770299110773
2012-09-05,56863.91,0.011203384435367392
2012-09-06,58321.24,0.025628381868218142
2012-09-07,58321.24,0.0
2012-09-08,58321.24,0.0
2012-09-09,58321.24,0.0
2012-09-10,58404.1,0.0014207516849777946
2012-09-11,59422.55,0.017437988086452805
2012-09-12,59921.8,0.008401692623423163
2012-09-13,61958.12,0.0339829577883175
2012-09-14,62105.47,0.0023782193520396344
2012-09-15,62105.47,0.0
2012-09-16,62105.47,0.0
2012-09-17,61805.98,-0.004822280549523272
2012-09-18,61804.33,-2.6696445877938402e-05
2012-09-19,61651.83,-0.002467464658220564
2012-09-20,61687.97,0.0005861950894239243
2012-09-21,61320.07,-0.005963885665227764
2012-09-22,61320.07,0.0
2012-09-23,61320.07,0.0
2012-09-24,61909.99,0.009620341268364418
2012-09-25,60501.1,-0.022757070385571065
2012-09-26,60478.05,-0.000380984808540652
2012-09-27,60239.79,-0.00393961114817698
2012-09-28,59175.8,-0.01766257817299821
2012-09-29,59175.8,0.0
2012-09-30,59175.8,0.0
2012-10-01,59570.8,0.006675025939657742
2012-10-02,59222.08,-0.00585387471714327
2012-10-03,58627.33,-0.01004270704439969
2012-10-04,58458.0,-0.0028882434182146977
2012-10-05,58571.59,0.0019431044510587192
2012-10-06,58571.59,0.0
2012-10-07,58571.59,0.0
2012-10-08,59317.15,0.01272903808826098
2012-10-09,58939.46,-0.006367298496303353
2012-10-10,58456.28,-0.008197903408005414
2012-10-11,59161.72,0.012067822310964704
2012-10-12,59161.72,0.0
2012-10-13,59161.72,0.0
2012-10-14,59161.72,0.0
2012-10-15,59601.71,0.007437072485384055
2012-10-16,59743.87,0.002385166465861621
2012-10-17,60087.29,0.005748204794902012
2012-10-18,59733.9,-0.005881277055430512
2012-10-19,58922.04,-0.013591277314891514
2012-10-20,58922.04,0.0
2012-10-21,58922.04,0.0
2012-10-22,58700.3,-0.003763277714077806
2012-10-23,57690.24,-0.017207067084836103
2012-10-24,57160.74,-0.009178328951309656
2012-10-25,57836.78,0.011826998740744
2012-10-26,57276.81,-0.00968190137832714
2012-10-27,57276.81,0.0
2012-10-28,57276.81,0.0
2012-10-29,57176.58,-0.001749922874545451
2012-10-30,57683.76,0.008870415124514253
2012-10-31,57068.18,-0.010671634442692368
2012-11-01,58382.68,0.023033851789210802
2012-11-02,58382.68,0.0
2012-11-03,58382.68,0.0
2012-11-04,58382.68,0.0
2012-11-05,58209.76,-0.0029618373120247066
2012-11-06,59458.59,0.02145396235957664
2012-11-07,58517.35,-0.015830176934905404
2012-11-08,57524.45,-0.01696761729640872
2012-11-09,57357.71,-0.0028985935545667862
2012-11-10,57357.71,0.0
2012-11-11,57357.71,0.0
2012-11-12,57064.31,-0.005115266979801025
2012-11-13,57486.07,0.007390959428055899
2012-11-14,56279.36,-0.020991346251361453
2012-11-15,56279.36,0.0
2012-11-16,55402.33,-0.015583510544540657
2012-11-17,55402.33,0.0
2012-11-18,55402.33,0.0
2012-11-19,56450.86,0.018925738321835972
2012-11-20,56450.86,0.0
2012-11-21,56242.12,-0.0036977293171440717
2012-11-22,56436.97,0.0034644853359011574
2012-11-23,57574.03,0.02014743172781941
2012-11-24,57574.03,0.0
2012-11-25,57574.03,0.0
2012-11-26,56737.1,-0.014536588805751482
2012-11-27,56248.09,-0.008618875480065125
2012-11-28,56539.4,0.005179020300956072
2012-11-29,57852.53,0.023225043067312212
2012-11-30,57474.57,-0.0065331628538976005
2012-12-01,57474.57,0.0
2012-12-02,57474.57,0.0
2012-12-03,58202.35,0.012662643670061424
2012-12-04,57563.23,-0.010980999908079214
2012-12-05,57678.62,0.00200457826984346
2012-12-06,57656.42,-0.000384891316747904
2012-12-07,58487.32,0.014411231221085119
2012-12-08,58487.32,0.0
2012-12-09,58487.32,0.0
2012-12-10,59248.23,0.013009828455124994
2012-12-11,59623.34,0.006331159597510183
2012-12-12,59474.18,-0.002501704869267596
2012-12-13,59316.75,-0.0026470310309448797
2012-12-14,59604.92,0.004858155580000467
2012-12-15,59604.92,0.0
2012-12-16,59604.92,0.0
2012-12-17,59566.52,-0.0006442421196103387
2012-12-18,60460.73,0.015011956380866387
2012-12-19,60998.34,0.008891887345719995
2012-12-20,61276.12,0.004553894417454796
2012-12-21,61007.03,-0.004391433400156575
2012-12-22,61007.03,0.0
2012-12-23,61007.03,0.0
2012-12-24,61007.03,0.0
2012-12-25,61007.03,0.0
2012-12-26,60959.79,-0.0007743369903435715
2012-12-27,60415.95,-0.008921290575312102
2012-12-28,60952.08,0.008873981125845143
2012-12-29,60952.08,0.0
2012-12-30,60952.08,0.0
2012-12-31,60952.08,0.0
2013-01-01,60952.08,0.0
2013-01-02,62550.1,0.026217645074622542
2013-01-03,63312.46,0.012187990107130231
2013-01-04,62523.06,-0.01246831982203822
2013-01-05,62523.06,0.0
2013-01-06,62523.06,0.0
2013-01-07,61932.54,-0.009444835233592186
2013-01-08,61127.84,-0.012993169664929027
2013-01-09,61578.58,0.00737372693031535
2013-01-10,61678.31,0.0016195566705174969
2013-01-11,61497.43,-0.0029326354759071638
2013-01-12,61497.43,0.0
2013-01-13,61497.43,0.0
2013-01-14,62080.79,0.009485924858973815
2013-01-15,61727.61,-0.005689038428795756
2013-01-16,61787.35,0.0009678003084843123
2013-01-17,62194.06,0.006582415332588187
2013-01-18,61956.14,-0.0038254457097670613
2013-01-19,61956.14,0.0
2013-01-20,61956.14,0.0
2013-01-21,61899.71,-0.0009108056118408703
2013-01-22,61692.29,-0.0033509042287920288
2013-01-23,61966.26,0.004440911498017064
2013-01-24,61169.83,-0.012852639484777661
2013-01-25,61169.83,0.0
2013-01-26,61169.83,0.0
2013-01-27,61169.83,0.0
2013-01-28,60027.07,-0.018681758638204538
2013-01-29,60406.33,0.006318149461568057
2013-01-30,59336.7,-0.017707250216988935
2013-01-31,59761.49,0.007158975810923174
2013-02-01,60351.16,0.00986705652753983
2013-02-02,60351.16,0.0
2013-02-03,60351.16,0.0
2013-02-04,59575.66,-0.012849794436428419
2013-02-05,59444.97,-0.002193681110708723
2013-02-06,58951.07,-0.008308524674165096
2013-02-07,58372.46,-0.009815089022133128
2013-02-08,58497.83,0.0021477594057197624
2013-02-09,58497.83,0.0
2013-02-10,58497.83,0.0
2013-02-11,58497.83,0.0
2013-02-12,58497.83,0.0
2013-02-13,58405.74,-0.0015742464293120317
2013-02-14,58077.31,-0.005623248673846115
2013-02-15,57903.3,-0.002996178714199993
2013-02-16,57903.3,0.0
2013-02-17,57903.3,0.0
2013-02-18,57613.9,-0.004997988024862177
2013-02-19,57314.4,-0.005198398303187246
2013-02-20,56177.6,-0.01983445696020547
2013-02-21,56154.68,-0.00040799179744233083
2013-02-22,56697.06,0.009658678493048134
2013-02-23,56697.06,0.0
2013-02-24,56697.06,0.0
2013-02-25,56617.56,-0.0014021891082183213
2013-02-26,56948.87,0.005851718088875746
2013-02-27,57273.88,0.005707049147770427
2013-02-28,57424.29,0.002626153492656824
2013-03-01,56883.99,-0.009408910410559801
2013-03-02,56883.99,0.0
2013-03-03,56883.99,0.0
2013-03-04,56499.17,-0.006764996618556451
2013-03-05,55950.73,-0.009707045253939062
2013-03-06,57940.14,0.03555646190853978
2013-03-07,58846.81,0.01564839159863962
2013-03-08,58432.75,-0.007036235269167523
2013-03-09,58432.75,0.0
2013-03-10,58432.75,0.0
2013-03-11,58544.79,0.0019174178863736735
2013-03-12,58208.61,-0.005742270149060258
2013-03-13,57385.9,-0.014133819721859009
2013-03-14,57281.02,-0.001827626646963898
2013-03-15,56869.28,-0.007188070324166684
2013-03-16,56869.28,0.0
2013-03-17,56869.28,0.0
2013-03-18,56972.96,0.001823128409573771
2013-03-19,56361.24,-0.0107370233177283
2013-03-20,56030.03,-0.005876556300038804
2013-03-21,55576.67,-0.00809137528571735
2013-03-22,55243.4,-0.005996580939448104
2013-03-23,55243.4,0.0
2013-03-24,55243.4,0.0
2013-03-25,54873.12,-0.006702701137149436
2013-03-26,55671.39,0.014547559898179685
2013-03-27,56034.29,0.006518608570757811
2013-03-28,56352.09,0.005671527202361082
2013-03-29,56352.09,0.0
2013-03-30,56352.09,0.0
2013-03-31,56352.09,0.0
2013-04-01,55902.18,-0.007983909736089534
2013-04-02,54889.1,-0.018122370183059067
2013-04-03,55562.74,0.012272746319396788
2013-04-04,54648.15,-0.016460491329261195
2013-04-05,55050.6,0.007364384704697136
2013-04-06,55050.6,0.0
2013-04-07,55050.6,0.0
2013-04-08,55092.31,0.0007576665831070528
2013-04-09,55912.04,0.01487920909469942
2013-04-10,56186.56,0.0049098548362749295
2013-04-11,55400.91,-0.013982881315389162
2013-04-12,54962.65,-0.007910700383802372
2013-04-13,54962.65,0.0
2013-04-14,54962.65,0.0
2013-04-15,52949.93,-0.036619777248731666
2013-04-16,53990.83,0.01965819407126701
2013-04-17,52881.96,-0.020538117306216686
2013-04-18,53165.91,0.005369505971412725
2013-04-19,53928.92,0.014351489516496452
2013-04-20,53928.92,0.0
2013-04-21,53928.92,0.0
2013-04-22,54297.73,0.006838816723939711
2013-04-23,54884.75,0.010811133356771974
2013-04-24,54984.23,0.0018125253371839012
2013-04-25,54963.32,-0.00038029085794244466
2013-04-26,54252.04,-0.012940994102976333
2013-04-27,54252.04,0.0
2013-04-28,54252.04,0.0
2013-04-29,54887.25,0.011708499809408135
2013-04-30,55910.37,0.0186403946271676
2013-05-01,55910.37,0.0
2013-05-02,55321.93,-0.0105247023047782
2013-05-03,55488.08,0.003003329782601538
2013-05-04,55488.08,0.0
2013-05-05,55488.08,0.0
2013-05-06,55429.88,-0.0010488739203087238
2013-05-07,56274.66,0.015240516486775935
2013-05-08,55804.8,-0.008349406286950467
2013-05-09,55447.56,-0.006401599862377538
2013-05-10,55107.8,-0.006127591547761435
2013-05-11,55107.8,0.0
2013-05-12,55107.8,0.0
2013-05-13,54447.77,-0.011977070396568257
2013-05-14,54666.82,0.004023121608102587
2013-05-15,54936.41,0.004931510557958152
2013-05-16,54772.62,-0.0029814470949229843
2013-05-17,55164.27,0.007150470435776102
2013-05-18,55164.27,0.0
2013-05-19,55164.27,0.0
2013-05-20,55700.77,0.009725498044295788
2013-05-21,56265.32,0.010135407463846668
2013-05-22,56429.27,0.002913873057151406
2013-05-23,56349.91,-0.0014063623364256594
2013-05-24,56406.21,0.0009991142842995515
2013-05-25,56406.21,0.0
2013-05-26,56406.21,0.0
2013-05-27,56395.94,-0.00018207215127552523
2013-05-28,56036.26,-0.006377764073087544
2013-05-29,54634.69,-0.02501184054753114
2013-05-30,54634.69,0.0
2013-05-31,53506.08,-0.020657388190543413
2013-06-01,53506.08,0.0
2013-06-02,53506.08,0.0
2013-06-03,53944.36,0.008191218642815912
2013-06-04,54017.9,0.001363256510968025
2013-06-05,52798.63,-0.022571592009315466
2013-06-06,52884.83,0.001632618119068674
2013-06-07,51618.63,-0.02394259374569241
2013-06-08,51618.63,0.0
2013-06-09,51618.63,0.0
2013-06-10,51316.65,-0.005850213382261327
2013-06-11,49769.93,-0.03014070481997555
2013-06-12,49180.58,-0.011841487420215402
2013-06-13,50414.89,0.025097508000109015
2013-06-14,49332.34,-0.02147282281087992
2013-06-15,49332.34,0.0
2013-06-16,49332.34,0.0
2013-06-17,49088.65,-0.004939761624929928
2013-06-18,49464.94,0.007665519422514144
2013-06-19,47893.06,-0.031777659085404864
2013-06-20,48214.43,0.006710158006191458
2013-06-21,47056.04,-0.024025794767251196
2013-06-22,47056.04,0.0
2013-06-23,47056.04,0.0
2013-06-24,45965.05,-0.02318490888736069
2013-06-25,46893.04,0.020189034929799954
2013-06-26,47171.98,0.00594843072660689
2013-06-27,47609.46,0.009274149611697258
2013-06-28,47457.13,-0.003199574202269906
2013-06-29,47457.13,0.0
2013-06-30,47457.13,0.0
2013-07-01,47229.59,-0.004794643081029171
2013-07-02,45228.95,-0.04235988497888721
2013-07-03,45044.03,-0.004088531792137529
2013-07-04,45763.16,0.015965045756341167
2013-07-05,45210.49,-0.012076744700322384
2013-07-06,45210.49,0.0
2013-07-07,45210.49,0.0
2013-07-08,45075.5,-0.0029858114787076895
2013-07-09,45075.5,0.0
2013-07-10,45483.43,0.009049927344122688
2013-07-11,46626.26,0.025126293245694153
2013-07-12,45533.24,-0.023442154699948148
2013-07-13,45533.24,0.0
2013-07-14,45533.24,0.0
2013-07-15,46738.9,0.026478677994361988
2013-07-16,46869.29,0.002789753289016206
2013-07-17,47407.31,0.011479158314538163
2013-07-18,47656.92,0.005265221755885285
2013-07-19,47400.23,-0.005386206242451119
2013-07-20,47400.23,0.0
2013-07-21,47400.23,0.0
2013-07-22,48574.09,0.024764858735917272
2013-07-23,48819.52,0.005052693730340563
2013-07-24,48374.23,-0.009121146623317755
2013-07-25,49066.75,0.014315886785174703
2013-07-26,49422.05,0.007241156180101571
2013-07-27,49422.05,0.0
2013-07-28,49422.05,0.0
2013-07-29,49212.33,-0.00424345003900084
2013-07-30,48561.78,-0.01321924810306696
2013-07-31,48234.49,-0.006739662343513753
2013-08-01,49140.78,0.01878925225497352
2013-08-02,48474.04,-0.013567957203772463
2013-08-03,48474.04,0.0
2013-08-04,48474.04,0.0
2013-08-05,48436.44,-0.0007756729168849619
2013-08-06,47421.85,-0.020946832591330122
2013-08-07,47446.71,0.0005242309188697725
2013-08-08,48928.82,0.03123736082017059
2013-08-09,49874.9,0.01933584337410954
2013-08-10,49874.9,0.0
2013-08-11,49874.9,0.0
2013-08-12,50299.49,0.008513099775638633
2013-08-13,50600.55,0.005985348956818459
2013-08-14,50895.92,0.00583728832986985
2013-08-15,50908.34,0.00024402741909357317
2013-08-16,51538.78,0.012383825518569314
2013-08-17,51538.78,0.0
2013-08-18,51538.78,0.0
2013-08-19,51574.09,0.000685115169586803
2013-08-20,50507.02,-0.020690040289610523
2013-08-21,50405.2,-0.0020159573857257973
2013-08-22,51397.66,0.019689635196368682
2013-08-23,52197.06,0.01555323724854385
2013-08-24,52197.06,0.0
2013-08-25,52197.06,0.0
2013-08-26,51429.48,-0.014705425937782568
2013-08-27,50091.55,-0.026014845959943633
2013-08-28,49866.92,-0.004484389083588058
2013-08-29,49921.88,0.0011021334383594095
2013-08-30,50011.75,0.0018002126522478346
2013-08-31,50011.75,0.0
2013-09-01,50011.75,0.0
2013-09-02,51835.15,0.03645943203347213
2013-09-03,51625.5,-0.004044552779339905
2013-09-04,51716.16,0.0017561088996718155
2013-09-05,52351.86,0.012292095932876723
2013-09-06,53749.42,0.026695517599565566
2013-09-07,53749.42,0.0
2013-09-08,53749.42,0.0
2013-09-09,54251.85,0.00934763575123232
2013-09-10,53979.03,-0.0050287686042043145
2013-09-11,53570.46,-0.0075690504256931135
2013-09-12,53307.09,-0.004916328887226373
2013-09-13,53797.51,0.009199901926741916
2013-09-14,53797.51,0.0
2013-09-15,53797.51,0.0
2013-09-16,53821.63,0.00044834788822001315
2013-09-17,54271.25,0.008353890434013245
2013-09-18,55702.9,0.026379528756017345
2013-09-19,55095.69,-0.010900868715991385
2013-09-20,54110.03,-0.017889965621630366
2013-09-21,54110.03,0.0
2013-09-22,54110.03,0.0
2013-09-23,54602.38,0.009099052430760146
2013-09-24,54431.05,-0.003137775313090674
2013-09-25,54261.11,-0.0031221150427926947
2013-09-26,53782.97,-0.008811835953964064
2013-09-27,53738.92,-0.0008190324929991943
2013-09-28,53738.92,0.0
2013-09-29,53738.92,0.0
2013-09-30,52338.19,-0.026065466146323657
2013-10-01,53179.46,0.016073731246724288
2013-10-02,53100.18,-0.0014908011476610916
2013-10-03,52489.86,-0.01149374634888245
2013-10-04,52848.97,0.0068415118653393225
2013-10-05,52848.97,0.0
2013-10-06,52848.97,0.0
2013-10-07,52417.1,-0.00817177704693206
2013-10-08,52312.44,-0.00199667665704506
2013-10-09,52547.71,0.0044974006182849635
2013-10-10,52996.64,0.008543283808181146
2013-10-11,53149.62,0.002886598093766013
2013-10-12,53149.62,0.0
2013-10-13,53149.62,0.0
2013-10-14,54170.6,0.019209544677835755
2013-10-15,54980.64,0.014953498761320683
2013-10-16,55973.03,0.01804980807789791
2013-10-17,55358.13,-0.010985647909359186
2013-10-18,55378.46,0.000367245064094579
2013-10-19,55378.46,0.0
2013-10-20,55378.46,0.0
2013-10-21,56077.43,0.012621694427761287
2013-10-22,56460.38,0.006828950613464224
2013-10-23,55440.03,-0.01807196480080364
2013-10-24,54877.15,-0.01015295265893612
2013-10-25,54154.15,-0.01317488244196352
2013-10-26,54154.15,0.0
2013-10-27,54154.15,0.0
2013-10-28,55073.37,0.016974137716130766
2013-10-29,54538.8,-0.00970650606636203
2013-10-30,54172.82,-0.006710452008478418
2013-10-31,54256.2,0.0015391482296840397
2013-11-01,54013.24,-0.004478013572642325
2013-11-02,54013.24,0.0
2013-11-03,54013.24,0.0
2013-11-04,54436.92,0.007844002692673158
2013-11-05,53831.85,-0.011115066759838754
2013-11-06,53384.6,-0.008308278463400431
2013-11-07,52740.79,-0.012059844974018685
2013-11-08,52248.86,-0.009327315726594176
2013-11-09,52248.86,0.0
2013-11-10,52248.86,0.0
2013-11-11,52623.87,0.007177381477796896
2013-11-12,51804.33,-0.015573541056558615
2013-11-13,52230.29,0.00822247870013948
2013-11-14,53451.6,0.0233831747822959
2013-11-15,53451.6,0.0
2013-11-16,53451.6,0.0
2013-11-17,53451.6,0.0
2013-11-18,54307.04,0.01600401110537386
2013-11-19,53032.91,-0.023461599085496054
2013-11-20,53032.91,0.0
2013-11-21,52688.02,-0.006503320296774362
2013-11-22,52800.74,0.002139385765492774
2013-11-23,52800.74,0.0
2013-11-24,52800.74,0.0
2013-11-25,52263.51,-0.010174668006546761
2013-11-26,51446.91,-0.015624668148006116
2013-11-27,51861.21,0.008052961781378043
2013-11-28,51846.83,-0.0002772785285958257
2013-11-29,52482.49,0.012260344557227354
2013-11-30,52482.49,0.0
2013-12-01,52482.49,0.0
2013-12-02,51244.87,-0.023581579303878164
2013-12-03,50348.89,-0.01748428671982194
2013-12-04,50215.79,-0.002643553810222965
2013-12-05,50787.63,0.011387653166464062
2013-12-06,50944.27,0.0030842155855668185
2013-12-07,50944.27,0.0
2013-12-08,50944.27,0.0
2013-12-09,51165.38,0.004340232964374691
2013-12-10,50993.02,-0.0033686840594167045
2013-12-11,50067.99,-0.018140325872050722
2013-12-12,50121.61,0.001070943730715035
2013-12-13,50051.18,-0.0014051823155720733
2013-12-14,50051.18,0.0
2013-12-15,50051.18,0.0
2013-12-16,50279.61,0.004563928362927738
2013-12-17,50090.35,-0.00376415011970066
2013-12-18,50563.43,0.009444533727554383
2013-12-19,51633.43,0.021161539080715164
2013-12-20,51185.74,-0.008670545419895648
2013-12-21,51185.74,0.0
2013-12-22,51185.74,0.0
2013-12-23,51356.1,0.0033282707254012056
2013-12-24,51356.1,0.0
2013-12-25,51356.1,0.0
2013-12-26,51221.01,-0.0026304567519729316
2013-12-27,51266.56,0.0008892835186185
2013-12-28,51266.56,0.0
2013-12-29,51266.56,0.0
2013-12-30,51507.16,0.004693117696993987
2013-12-31,51507.16,0.0
2014-01-01,51507.16,0.0
2014-01-02,50341.25,-0.022635882079307112
2014-01-03,50981.09,0.012710053882253547
2014-01-04,50981.09,0.0
2014-01-05,50981.09,0.0
2014-01-06,50973.62,-0.00014652491737610074
2014-01-07,50430.02,-0.010664339711403792
2014-01-08,50576.64,0.002907395237995214
2014-01-09,49321.68,-0.024813036215928896
2014-01-10,49696.45,0.007598484074346157
2014-01-11,49696.45,0.0
2014-01-12,49696.45,0.0
2014-01-13,49426.9,-0.005423928670961309
2014-01-14,49703.1,0.005588050231756236
2014-01-15,50105.37,0.00809345895930047
2014-01-16,49696.28,-0.008164593934742004
2014-01-17,49181.86,-0.010351277801879721
2014-01-18,49181.86,0.0
2014-01-19,49181.86,0.0
2014-01-20,48708.41,-0.00962651676858084
2014-01-21,48542.07,-0.0034150160105822502
2014-01-22,49299.66,0.015606874614123356
2014-01-23,48320.64,-0.01985855480544907
2014-01-24,47787.38,-0.011035863763393938
2014-01-25,47787.38,0.0
2014-01-26,47787.38,0.0
2014-01-27,47701.05,-0.0018065439034321562
2014-01-28,47840.93,0.002932430208559378
2014-01-29,47556.78,-0.005939474838804415
2014-01-30,47244.26,-0.0065715130418837475
2014-01-31,47638.99,0.008355089062671128
2014-02-01,47638.99,0.0
2014-02-02,47638.99,0.0
2014-02-03,46147.52,-0.031307758623766
2014-02-04,46964.22,0.01769759241666735
2014-02-05,46624.39,-0.007235934079177775
2014-02-06,47738.09,0.02388663958927939
2014-02-07,48073.6,0.007028140422040474
2014-02-08,48073.6,0.0
2014-02-09,48073.6,0.0
2014-02-10,47710.82,-0.007546345603408056
2014-02-11,48462.79,0.015760995095033037
2014-02-12,48216.89,-0.005073995946168197
2014-02-13,47812.83,-0.008380051056797733
2014-02-14,48201.11,0.00812083283921905
2014-02-15,48201.11,0.0
2014-02-16,48201.11,0.0
2014-02-17,47576.33,-0.012961942162742712
2014-02-18,46599.76,-0.02052638360293868
2014-02-19,47150.83,0.011825597385050957
2014-02-20,47288.61,0.00292211186950464
2014-02-21,47380.24,0.001937675901237057
2014-02-22,47380.24,0.0
2014-02-23,47380.24,0.0
2014-02-24,47393.5,0.00027986350427955387
2014-02-25,46715.91,-0.014297108253241375
2014-02-26,46599.21,-0.0024980782778287747
2014-02-27,47606.75,0.02162139658590778
2014-02-28,47094.4,-0.01076212931989684
2014-03-01,47094.4,0.0
2014-03-02,47094.4,0.0
2014-03-03,47094.4,0.0
2014-03-04,47094.4,0.0
2014-03-05,46589.0,-0.010731636882516882
2014-03-06,47093.13,0.010820794608169315
2014-03-07,46244.07,-0.018029381355624485
2014-03-08,46244.07,0.0
2014-03-09,46244.07,0.0
2014-03-10,45533.2,-0.01537213311890595
2014-03-11,45697.62,0.003610991540238917
2014-03-12,45861.81,0.003592966110707696
2014-03-13,45443.83,-0.009113901086764686
2014-03-14,44965.66,-0.01052222050826257
2014-03-15,44965.66,0.0
2014-03-16,44965.66,0.0
2014-03-17,45117.8,0.0033834708530910973
2014-03-18,46150.96,0.022899166182748232
2014-03-19,46567.23,0.009019747368202102
2014-03-20,47278.48,0.015273616231843645
2014-03-21,47380.94,0.0021671593503005404
2014-03-22,47380.94,0.0
2014-03-23,47380.94,0.0
2014-03-24,47993.42,0.012926716945674599
2014-03-25,48180.14,0.003890533327276957
2014-03-26,47965.61,-0.004452664521107597
2014-03-27,49646.79,0.03504969497938215
2014-03-28,49768.06,0.00244265540632127
2014-03-29,49768.06,0.0
2014-03-30,49768.06,0.0
2014-03-31,50414.92,0.01299749276945894
2014-04-01,50270.37,-0.0028672067713286786
2014-04-02,51701.05,0.02845970698047373
2014-04-03,51408.21,-0.0056641015994840505
2014-04-04,51081.78,-0.006349763977388068
2014-04-05,51081.78,0.0
2014-04-06,51081.78,0.0
2014-04-07,52155.28,0.02101532092264602
2014-04-08,51629.07,-0.010089294890181733
2014-04-09,51185.4,-0.008593414524026843
2014-04-10,51127.48,-0.00113157267502062
2014-04-11,51867.29,0.014469909332515352
2014-04-12,51867.29,0.0
2014-04-13,51867.29,0.0
2014-04-14,51596.55,-0.005219860146924882
2014-04-15,50454.35,-0.022137139014139606
2014-04-16,51200.56,0.014789805041587112
2014-04-17,52111.85,0.017798438142082817
2014-04-18,52111.85,0.0
2014-04-19,52111.85,0.0
2014-04-20,52111.85,0.0
2014-04-21,52111.85,0.0
2014-04-22,51976.86,-0.0025903897098260575
2014-04-23,51569.69,-0.007833678294533297
2014-04-24,51817.45,0.00480437249089527
2014-04-25,51399.35,-0.008068710444068539
2014-04-26,51399.35,0.0
2014-04-27,51399.35,0.0
2014-04-28,51383.68,-0.0003048676685599716
2014-04-29,51838.61,0.008853589310847232
2014-04-30,51626.69,-0.004088072577563273
2014-05-01,51626.69,0.0
2014-05-02,52980.31,0.026219383810970553
2014-05-03,52980.31,0.0
2014-05-04,52980.31,0.0
2014-05-05,53446.17,0.008793078032197199
2014-05-06,53779.74,0.006241233001354374
2014-05-07,54052.74,0.005076261060391829
2014-05-08,53422.37,-0.01166212850634385
2014-05-09,53100.34,-0.006027999132198869
2014-05-10,53100.34,0.0
2014-05-11,53100.34,0.0
2014-05-12,54052.9,0.017938868188038137
2014-05-13,53907.46,-0.0026906974463905
2014-05-14,54412.54,0.009369389691148422
2014-05-15,53855.54,-0.010236610898884724
2014-05-16,53975.76,0.0022322680266506634
2014-05-17,53975.76,0.0
2014-05-18,53975.76,0.0
2014-05-19,53353.1,-0.011535919086641866
2014-05-20,52366.19,-0.018497706787421797
2014-05-21,52203.37,-0.0031092580919100943
2014-05-22,52806.22,0.011548105036130796
2014-05-23,52626.41,-0.003405091294169438
2014-05-24,52626.41,0.0
2014-05-25,52626.41,0.0
2014-05-26,52932.91,0.0058240719821094356
2014-05-27,52173.98,-0.0143375831784045
2014-05-28,52639.75,0.00892724687669988
2014-05-29,52239.34,-0.007606609073941284
2014-05-30,51239.34,-0.019142661450163856
2014-05-31,51239.34,0.0
2014-06-01,51239.34,0.0
2014-06-02,51605.83,0.007152512112763354
2014-06-03,52032.38,0.008265538990458898
2014-06-04,51832.98,-0.00383222908504266
2014-06-05,51558.79,-0.005289875287895929
2014-06-06,53128.66,0.030448154427208385
2014-06-07,53128.66,0.0
2014-06-08,53128.66,0.0
2014-06-09,54273.16,0.021542045291562006
2014-06-10,54604.34,0.006102095400378316
2014-06-11,55102.44,0.009121985541808764
2014-06-12,55102.44,0.0
2014-06-13,54806.64,-0.005368183332716381
2014-06-14,54806.64,0.0
2014-06-15,54806.64,0.0
2014-06-16,54629.55,-0.0032311778280879055
2014-06-17,54299.95,-0.006033364726599544
2014-06-18,55202.54,0.016622298915560663
2014-06-19,55202.54,0.0
2014-06-20,54638.19,-0.010223261465867273
2014-06-21,54638.19,0.0
2014-06-22,54638.19,0.0
2014-06-23,54210.05,-0.007835911109061233
2014-06-24,54280.78,0.0013047396193139882
2014-06-25,53425.74,-0.015752168631327668
2014-06-26,53506.75,0.0015163103028614788
2014-06-27,53157.3,-0.006530951702355292
2014-06-28,53157.3,0.0
2014-06-29,53157.3,0.0
2014-06-30,53168.22,0.00020542804092760214
2014-07-01,53171.49,6.150290530682057e-05
2014-07-02,53028.78,-0.0026839571356754854
2014-07-03,53874.58,0.015949829507674984
2014-07-04,54055.9,0.003365594683058415
2014-07-05,54055.9,0.0
2014-07-06,54055.9,0.0
2014-07-07,53801.83,-0.004700134490407182
2014-07-08,53634.69,-0.0031065857797030194
2014-07-09,53634.69,0.0
2014-07-10,54592.75,0.017862692969792482
2014-07-11,54785.93,0.0035385651025090503
2014-07-12,54785.93,0.0
2014-07-13,54785.93,0.0
2014-07-14,55743.98,0.017487154092300727
2014-07-15,55973.61,0.004119368584733163
2014-07-16,55717.36,-0.0045780502633294695
2014-07-17,55637.51,-0.001433126049044664
2014-07-18,57012.9,0.024720552735016277
2014-07-19,57012.9,0.0
2014-07-20,57012.9,0.0
2014-07-21,57633.92,0.010892622546827102
2014-07-22,57983.32,0.0060624021409614315
2014-07-23,57419.96,-0.009715897606415114
2014-07-24,57977.56,0.009710908889521974
2014-07-25,57821.08,-0.00269897525870344
2014-07-26,57821.08,0.0
2014-07-27,57821.08,0.0
2014-07-28,57695.72,-0.002168067424544784
2014-07-29,57118.81,-0.009999181915053779
2014-07-30,56877.97,-0.0042164743978384545
2014-07-31,55829.41,-0.01843525709514593
2014-08-01,55902.87,0.0013157939516108552
2014-08-02,55902.87,0.0
2014-08-03,55902.87,0.0
2014-08-04,56616.33,0.012762493231563976
2014-08-05,56202.1,-0.007316440327375551
2014-08-06,56487.18,0.005072408326379341
2014-08-07,56188.05,-0.005295537854783983
2014-08-08,55572.93,-0.010947523539257986
2014-08-09,55572.93,0.0
2014-08-10,55572.93,0.0
2014-08-11,56613.32,0.01872116514281319
2014-08-12,56442.34,-0.0030201373104421503
2014-08-13,55581.19,-0.015257163328097234
2014-08-14,55780.41,0.0035843061294658085
2014-08-15,56963.65,0.02121246509303165
2014-08-16,56963.65,0.0
2014-08-17,56963.65,0.0
2014-08-18,57560.72,0.010481596597128107
2014-08-19,58449.29,0.015437089737584841
2014-08-20,58878.24,0.00733884021516773
2014-08-21,58992.11,0.0019339912334337406
2014-08-22,58407.32,-0.009913020571734155
2014-08-23,58407.32,0.0
2014-08-24,58407.32,0.0
2014-08-25,59735.17,0.02273430796002973
2014-08-26,59821.45,0.0014443752315427272
2014-08-27,60950.57,0.018874835029909942
2014-08-28,60290.87,-0.010823524702065934
2014-08-29,61288.15,0.016541144621067705
2014-08-30,61288.15,0.0
2014-08-31,61288.15,0.0
2014-09-01,61141.27,-0.0023965481092186325
2014-09-02,61895.98,0.012343708267754439
2014-09-03,61837.04,-0.0009522427789333543
2014-09-04,60800.02,-0.01677020762960202
2014-09-05,60681.98,-0.001941446729787133
2014-09-06,60681.98,0.0
2014-09-07,60681.98,0.0
2014-09-08,59192.75,-0.024541552533388078
2014-09-09,58676.34,-0.008724210312918479
2014-09-10,58198.66,-0.008140930398862545
2014-09-11,58337.29,0.0023820136064987008
2014-09-12,56927.81,-0.024160875488045574
2014-09-13,56927.81,0.0
2014-09-14,56927.81,0.0
2014-09-15,57948.76,0.01793411691052227
2014-09-16,59114.66,0.020119498674346037
2014-09-17,59108.19,-0.000109448316204519
2014-09-18,58374.48,-0.012413000634937332
2014-09-19,57788.7,-0.01003486455039948
2014-09-20,57788.7,0.0
2014-09-21,57788.7,0.0
2014-09-22,56818.11,-0.016795498081804916
2014-09-23,56540.5,-0.004885942175830937
2014-09-24,56824.42,0.005021533237236975
2014-09-25,55962.08,-0.015175517849544184
2014-09-26,57212.38,0.022341914382024264
2014-09-27,57212.38,0.0
2014-09-28,57212.38,0.0
2014-09-29,54625.35,-0.04521801050751606
2014-09-30,54115.98,-0.009324791511633235
2014-10-01,52858.43,-0.023238052789582686
2014-10-02,53518.57,0.012488831015223134
2014-10-03,54539.55,0.019077116597098875
2014-10-04,54539.55,0.0
2014-10-05,54539.55,0.0
2014-10-06,57115.9,0.047238196868144344
2014-10-07,57436.33,0.005610171598451563
2014-10-08,57058.48,-0.00657858884785989
2014-10-09,57267.53,0.003663784944849535
2014-10-10,55311.59,-0.03415443271256857
2014-10-11,55311.59,0.0
2014-10-12,55311.59,0.0
2014-10-13,57956.53,0.0478189110094287
2014-10-14,58015.46,0.0010167965542451363
2014-10-15,56135.27,-0.032408430442506186
2014-10-16,54298.33,-0.032723455324967676
2014-10-17,55723.79,0.02625237277094894
2014-10-18,55723.79,0.0
2014-10-19,55723.79,0.0
2014-10-20,54302.57,-0.025504726078394935
2014-10-21,52432.43,-0.0344392539800602
2014-10-22,52411.03,-0.0004081443488315184
2014-10-23,50713.26,-0.03239337215849403
2014-10-24,51940.73,0.024204123339734096
2014-10-25,51940.73,0.0
2014-10-26,51940.73,0.0
2014-10-27,50503.66,-0.02766749716455663
2014-10-28,52330.03,0.0361631216430649
2014-10-29,51049.32,-0.02447371041063806
2014-10-30,52336.83,0.0252209040198772
2014-10-31,54628.6,0.04378885767441387
2014-11-01,54628.6,0.0
2014-11-02,54628.6,0.0
2014-11-03,53947.21,-0.012473136781832261
2014-11-04,54383.59,0.008089018876045628
2014-11-05,53698.42,-0.012598837259548246
2014-11-06,52637.06,-0.019765199795450217
2014-11-07,53222.85,0.01112885104145267
2014-11-08,53222.85,0.0
2014-11-09,53222.85,0.0
2014-11-10,52725.38,-0.009346925239817172
2014-11-11,52474.27,-0.004762601995471627
2014-11-12,52978.89,0.009616522535711436
2014-11-13,51846.03,-0.02138323396356545
2014-11-14,51772.4,-0.0014201665971338429
2014-11-15,51772.4,0.0
2014-11-16,51772.4,0.0
2014-11-17,51256.99,-0.009955304370668605
2014-11-18,52061.86,0.015702638801069035
2014-11-19,53402.81,0.025756859243983854
2014-11-20,53402.81,0.0
2014-11-21,56084.04,0.0502076576120245
2014-11-22,56084.04,0.0
2014-11-23,56084.04,0.0
2014-11-24,55406.91,-0.012073488286507117
2014-11-25,55560.81,0.0027776318874306316
2014-11-26,55098.47,-0.008321332968327821
2014-11-27,54721.32,-0.006845017656570196
2014-11-28,54724.0,4.8975426762298824e-05
2014-11-29,54724.0,0.0
2014-11-30,54724.0,0.0
2014-12-01,52276.58,-0.044722973466851834
2014-12-02,51612.47,-0.012703776719900195
2014-12-03,52320.48,0.01371780889385854
2014-12-04,51426.87,-0.017079545141787666
2014-12-05,51992.89,0.011006308569819545
2014-12-06,51992.89,0.0
2014-12-07,51992.89,0.0
2014-12-08,50274.07,-0.03305875091767352
2014-12-09,50193.47,-0.0016032121529050425
2014-12-10,49548.08,-0.01285804707265703
2014-12-11,49861.81,0.006331829608735573
2014-12-12,48001.98,-0.0372996888801268
2014-12-13,48001.98,0.0
2014-12-14,48001.98,0.0
2014-12-15,47018.68,-0.02048457167808504
2014-12-16,47007.51,-0.0002375651549554325
2014-12-17,48713.64,0.03629483884596296
2014-12-18,48495.7,-0.0044739009443761635
2014-12-19,49650.98,0.023822318267392895
2014-12-20,49650.98,0.0
2014-12-21,49650.98,0.0
2014-12-22,50120.86,0.009463660133193663
2014-12-23,50889.81,0.015341915521800642
2014-12-24,50889.81,0.0
2014-12-25,50889.81,0.0
2014-12-26,50144.63,-0.014643010064293804
2014-12-27,50144.63,0.0
2014-12-28,50144.63,0.0
2014-12-29,50593.82,0.008957888411979642
2014-12-30,50007.41,-0.011590546039022098
2014-12-31,50007.41,0.0
2015-01-01,50007.41,0.0
2015-01-02,48512.22,-0.02989936891352707
2015-01-03,48512.22,0.0
2015-01-04,48512.22,0.0
2015-01-05,47516.82,-0.020518541513870114
2015-01-06,48000.92,0.010187971333098345
2015-01-07,49462.91,0.03045754123045996
2015-01-08,49943.3,0.009712125711972774
2015-01-09,48840.25,-0.022086045575682833
2015-01-10,48840.25,0.0
2015-01-11,48840.25,0.0
2015-01-12,48139.74,-0.01434288317525001
2015-01-13,48041.67,-0.002037194218331928
2015-01-14,47645.87,-0.008238681128278746
2015-01-15,48026.31,0.007984742434129055
2015-01-16,49016.52,0.02061807371834301
2015-01-17,49016.52,0.0
2015-01-18,49016.52,0.0
2015-01-19,47758.01,-0.025675221333542164
2015-01-20,47876.66,0.002484399999078679
2015-01-21,49224.08,0.02814356724132372
2015-01-22,49442.62,0.0044396969938289566
2015-01-23,48775.3,-0.013496857569441079
2015-01-24,48775.3,0.0
2015-01-25,48775.3,0.0
2015-01-26,48576.55,-0.004074808355868598
2015-01-27,48591.23,0.00030220342943243494
2015-01-28,47694.54,-0.018453741549658287
2015-01-29,47762.24,0.0014194496896289266
2015-01-30,46907.68,-0.017891958166116106
2015-01-31,46907.68,0.0
2015-02-01,46907.68,0.0
2015-02-02,47650.73,0.01584068962694385
2015-02-03,48963.66,0.027553198030754178
2015-02-04,49301.05,0.006890620513254175
2015-02-05,49233.85,-0.0013630541337356084
2015-02-06,48792.27,-0.008969032484764106
2015-02-07,48792.27,0.0
2015-02-08,48792.27,0.0
2015-02-09,49382.58,0.012098432805032644
2015-02-10,48510.28,-0.017664123664660747
2015-02-11,48239.67,-0.005578405236993045
2015-02-12,49532.72,0.026804702436811878
2015-02-13,50635.92,0.022272146573012686
2015-02-14,50635.92,0.0
2015-02-15,50635.92,0.0
2015-02-16,50635.92,0.0
2015-02-17,50635.92,0.0
2015-02-18,51280.36,0.01272693376559575
2015-02-19,51294.03,0.0002665737916036637
2015-02-20,51237.7,-0.0010981784819793505
2015-02-21,51237.7,0.0
2015-02-22,51237.7,0.0
2015-02-23,51280.64,0.0008380547916866377
2015-02-24,51874.17,0.011574153520704789
2015-02-25,51811.02,-0.0012173688754923973
2015-02-26,51760.54,-0.0009743100985079023
2015-02-27,51583.09,-0.0034282872628454975
2015-02-28,51583.09,0.0
2015-03-01,51583.09,0.0
2015-03-02,51020.81,-0.010900471452950922
2015-03-03,51304.1,0.005552440268980385
2015-03-04,50468.05,-0.016295968548322604
2015-03-05,50365.2,-0.0020379230027711692
2015-03-06,49981.19,-0.007624510574761878
2015-03-07,49981.19,0.0
2015-03-08,49981.19,0.0
2015-03-09,49181.01,-0.016009622820104874
2015-03-10,48293.4,-0.018047819676741073
2015-03-11,48905.58,0.012676266322106056
2015-03-12,48880.4,-0.0005148696733583424
2015-03-13,48595.81,-0.005822170031341889
2015-03-14,48595.81,0.0
2015-03-15,48595.81,0.0
2015-03-16,48848.21,0.005193863421558476
2015-03-17,50285.12,0.02941581687435435
2015-03-18,51526.19,0.024680660998720905
2015-03-19,50953.53,-0.011113959716408384
2015-03-20,51966.58,0.019881841356231833
2015-03-21,51966.58,0.0
2015-03-22,51966.58,0.0
2015-03-23,51908.46,-0.0011184111019043597
2015-03-24,51506.07,-0.007751915583702584
2015-03-25,51858.3,0.006838611449097254
2015-03-26,50579.85,-0.02465275568231129
2015-03-27,50094.66,-0.009592555138063785
2015-03-28,50094.66,0.0
2015-03-29,50094.66,0.0
2015-03-30,51243.45,0.02293238440983525
2015-03-31,51150.16,-0.0018205253549476996
2015-04-01,52321.76,0.02290510919222921
2015-04-02,53123.02,0.01531408729369943
2015-04-03,53123.02,0.0
2015-04-04,53123.02,0.0
2015-04-05,53123.02,0.0
2015-04-06,53737.26,0.011562595650623786
2015-04-07,53729.16,-0.00015073340174021066
2015-04-08,53661.11,-0.0012665375747545893
2015-04-09,53802.66,0.0026378507638027404
2015-04-10,54214.11,0.007647391411502724
2015-04-11,54214.11,0.0
2015-04-12,54214.11,0.0
2015-04-13,54239.77,0.000473308516915516
2015-04-14,53981.92,-0.0047538918398805086
2015-04-15,54918.74,0.01735432900497047
2015-04-16,54674.21,-0.004452578482317726
2015-04-17,53954.79,-0.013158306265422026
2015-04-18,53954.79,0.0
2015-04-19,53954.79,0.0
2015-04-20,53761.27,-0.0035867065741522763
2015-04-21,53761.27,0.0
2015-04-22,54617.36,0.015923916975919772
2015-04-23,55684.85,0.0195448846300883
2015-04-24,56594.22,0.016330653669714534
2015-04-25,56594.22,0.0
2015-04-26,56594.22,0.0
2015-04-27,55534.5,-0.018724880385311504
2015-04-28,55812.03,0.004997434027496306
2015-04-29,55325.29,-0.008721058882825039
2015-04-30,56229.38,0.0163413513060664
2015-05-01,56229.38,0.0
2015-05-02,56229.38,0.0
2015-05-03,56229.38,0.0
2015-05-04,57353.98,0.020000220525284274
2015-05-05,58051.61,0.012163584811376582
2015-05-06,57103.14,-0.016338392681960134
2015-05-07,56921.39,-0.0031828372310174213
2015-05-08,57149.33,0.004004470024361773
2015-05-09,57149.33,0.0
2015-05-10,57149.33,0.0
2015-05-11,57197.1,0.0008358803156571781
2015-05-12,56792.05,-0.007081652741135369
2015-05-13,56372.04,-0.007395577373945805
2015-05-14,56656.57,0.00504736035807829
2015-05-15,57248.63,0.01044997958753946
2015-05-16,57248.63,0.0
2015-05-17,57248.63,0.0
2015-05-18,56204.23,-0.01824323132274075
2015-05-19,55498.82,-0.0125508346969615
2015-05-20,54901.02,-0.010771400184724667
2015-05-21,55112.05,0.0038438265809999095
2015-05-22,54377.29,-0.013332111579953954
2015-05-23,54377.29,0.0
2015-05-24,54377.29,0.0
2015-05-25,54609.25,0.004265751382608318
2015-05-26,53629.78,-0.017935972385630716
2015-05-27,54236.25,0.01130845586165008
2015-05-28,53976.27,-0.0047934730000691594
2015-05-29,52760.47,-0.02252471317488214
2015-05-30,52760.47,0.0
2015-05-31,52760.47,0.0
2015-06-01,53031.31,0.005133388690434337
2015-06-02,54236.43,0.022724688490629363
2015-06-03,53522.9,-0.013155917526282535
2015-06-04,53522.9,0.0
2015-06-05,52973.37,-0.010267194042176353
2015-06-06,52973.37,0.0
2015-06-07,52973.37,0.0
2015-06-08,52809.63,-0.0030909870374492554
2015-06-09,52815.99,0.00012043258019422964
2015-06-10,53876.44,0.020078199802749275
2015-06-11,53688.51,-0.003488166627193645
2015-06-12,53347.53,-0.006351079588537756
2015-06-13,53347.53,0.0
2015-06-14,53347.53,0.0
2015-06-15,53137.53,-0.003936452165639204
2015-06-16,53702.15,0.010625635026694003
2015-06-17,53248.54,-0.008446775408433416
2015-06-18,54238.59,0.018592998042763265
2015-06-19,53749.41,-0.00901903976486107
2015-06-20,53749.41,0.0
2015-06-21,53749.41,0.0
2015-06-22,53863.67,0.0021257907761218497
2015-06-23,53772.43,-0.0016939061151978185
2015-06-24,53842.53,0.0013036420336591803
2015-06-25,53175.66,-0.012385562119759164
2015-06-26,54016.97,0.015821336303113
2015-06-27,54016.97,0.0
2015-06-28,54016.97,0.0
2015-06-29,53014.21,-0.018563795784917292
2015-06-30,53080.88,0.0012575873525229042
2015-07-01,52757.53,-0.0060916473125539605
2015-07-02,53106.18,0.00660853531239991
2015-07-03,52519.4,-0.0110491848594646
2015-07-04,52519.4,0.0
2015-07-05,52519.4,0.0
2015-07-06,52149.37,-0.007045586964055217
2015-07-07,52343.71,0.0037266030251179583
2015-07-08,51781.74,-0.010736151487924728
2015-07-09,51781.74,0.0
2015-07-10,52590.72,0.01562288173398585
2015-07-11,52590.72,0.0
2015-07-12,52590.72,0.0
2015-07-13,53119.47,0.010054055164105069
2015-07-14,53239.17,0.0022534110374217153
2015-07-15,52902.28,-0.006327859731847796
2015-07-16,53069.75,0.0031656480590249725
2015-07-17,52341.8,-0.013716853763207748
2015-07-18,52341.8,0.0
2015-07-19,52341.8,0.0
2015-07-20,51600.07,-0.014170892097711607
2015-07-21,51474.28,-0.0024377873905985226
2015-07-22,50915.78,-0.010850078913197003
2015-07-23,49806.62,-0.02178420913909196
2015-07-24,49245.84,-0.011259145872576926
2015-07-25,49245.84,0.0
2015-07-26,49245.84,0.0
2015-07-27,48735.54,-0.010362296591955644
2015-07-28,49601.59,0.01777039917891532
2015-07-29,50245.14,0.012974382474432833
2015-07-30,49897.4,-0.0069208683665723525
2015-07-31,50864.77,0.01938718249848681
2015-08-01,50864.77,0.0
2015-08-02,50864.77,0.0
2015-08-03,50138.04,-0.014287492108978284
2015-08-04,50058.48,-0.0015868191098016293
2015-08-05,50287.27,0.004570454396537693
2015-08-06,50011.32,-0.005487472276780925
2015-08-07,48577.32,-0.028673508317716867
2015-08-08,48577.32,0.0
2015-08-09,48577.32,0.0
2015-08-10,49353.0,0.015967945535076966
2015-08-11,49072.34,-0.005686787024091866
2015-08-12,48388.04,-0.01394471916358575
2015-08-13,48009.56,-0.00782176752767838
2015-08-14,47508.4,-0.010438754281438922
2015-08-15,47508.4,0.0
2015-08-16,47508.4,0.0
2015-08-17,47217.42,-0.006124811612262304
2015-08-18,47450.58,0.004938008048724463
2015-08-19,46588.39,-0.018170273155776018
2015-08-20,46649.23,0.0013059047543819702
2015-08-21,45719.64,-0.01992723138195429
2015-08-22,45719.64,0.0
2015-08-23,45719.64,0.0
2015-08-24,44336.47,-0.03025330033219853
2015-08-25,44544.85,0.0046999682202935045
2015-08-26,46038.07,0.03352172024375433
2015-08-27,47715.27,0.036430719185230664
2015-08-28,47153.86,-0.011765835129927904
2015-08-29,47153.86,0.0
2015-08-30,47153.86,0.0
2015-08-31,46625.52,-0.011204597036170605
2015-09-01,45477.06,-0.0246315751545505
2015-09-02,46463.96,0.02170105103540121
2015-09-03,47365.87,0.019410958514943788
2015-09-04,46497.72,-0.018328598207950186
2015-09-05,46497.72,0.0
2015-09-06,46497.72,0.0
2015-09-07,46497.72,0.0
2015-09-08,46762.07,0.005685224995978233
2015-09-09,46657.09,-0.0022449818838217173
2015-09-10,46503.99,-0.00328138767334174
2015-09-11,46400.5,-0.002225400444133885
2015-09-12,46400.5,0.0
2015-09-13,46400.5,0.0
2015-09-14,47281.51,0.018987079880604885
2015-09-15,47364.06,0.0017459256271636914
2015-09-16,48553.09,0.02510405569117169
2015-09-17,48551.07,-4.1603943229939766e-05
2015-09-18,47264.08,-0.026507963676186685
2015-09-19,47264.08,0.0
2015-09-20,47264.08,0.0
2015-09-21,46590.19,-0.014257973496998089
2015-09-22,46264.6,-0.006988381030427315
2015-09-23,45340.11,-0.019982664931718852
2015-09-24,45291.96,-0.0010619736035047955
2015-09-25,44831.46,-0.010167367453296383
2015-09-26,44831.46,0.0
2015-09-27,44831.46,0.0
2015-09-28,43956.62,-0.019513975230786462
2015-09-29,44131.82,0.003985747766775516
2015-09-30,45059.34,0.021017034874156515
2015-10-01,45313.27,0.005635457598802018
2015-10-02,47033.46,0.037962168698043586
2015-10-03,47033.46,0.0
2015-10-04,47033.46,0.0
2015-10-05,47598.06,0.012004219974460772
2015-10-06,47735.11,0.00287931903106986
2015-10-07,48914.32,0.02470320064204312
2015-10-08,49106.55,0.003929932993037788
2015-10-09,49338.41,0.004721569729496444
2015-10-10,49338.41,0.0
2015-10-11,49338.41,0.0
2015-10-12,49338.41,0.0
2015-10-13,47362.63,-0.04004547369888911
2015-10-14,46710.43,-0.013770350168476608
2015-10-15,47161.15,0.009649236797862892
2015-10-16,47236.1,0.001589231814745684
2015-10-17,47236.1,0.0
2015-10-18,47236.1,0.0
2015-10-19,47447.31,0.004471368296705247
2015-10-20,47076.55,-0.007814141623624038
2015-10-21,47025.86,-0.0010767568991355558
2015-10-22,47772.14,0.01586956623440794
2015-10-23,47596.58,-0.0036749452714489594
2015-10-24,47596.58,0.0
2015-10-25,47596.58,0.0
2015-10-26,47209.32,-0.008136298868532177
2015-10-27,47042.94,-0.0035243040992752883
2015-10-28,46740.84,-0.006421792515518887
2015-10-29,45628.35,-0.023801241056001565
2015-10-30,45868.81,0.005269969218698378
2015-10-31,45868.81,0.0
2015-11-01,45868.81,0.0
2015-11-02,45868.81,0.0
2015-11-03,48053.66,0.04763258519242175
2015-11-04,47710.09,-0.007149715547161373
2015-11-05,48046.75,0.007056368998675122
2015-11-06,46918.51,-0.02348212938440164
2015-11-07,46918.51,0.0
2015-11-08,46918.51,0.0
2015-11-09,46194.92,-0.015422271508622187
2015-11-10,46206.56,0.000251975758373435
2015-11-11,47065.01,0.018578530840642538
2015-11-12,46883.57,-0.0038550931998102556
2015-11-13,46517.03,-0.007818090644547748
2015-11-14,46517.03,0.0
2015-11-15,46517.03,0.0
2015-11-16,46846.87,0.0070907364464154465
2015-11-17,47247.8,0.00855830923175871
2015-11-18,47435.57,0.003974153293909932
2015-11-19,48138.88,0.014826637479005589
2015-11-20,48138.88,0.0
2015-11-21,48138.88,0.0
2015-11-22,48138.88,0.0
2015-11-23,48150.27,0.00023660708350514703
2015-11-24,48284.18,0.0027810851320253516
2015-11-25,46866.63,-0.029358477248655812
2015-11-26,47145.63,0.005953062978925505
2015-11-27,45872.91,-0.02699550308268217
2015-11-28,45872.91,0.0
2015-11-29,45872.91,0.0
2015-11-30,45120.36,-0.016405107066458258
2015-12-01,45046.75,-0.0016314142883612215
2015-12-02,44914.53,-0.0029351729037055962
2015-12-03,46393.26,0.032923198795579145
2015-12-04,45360.75,-0.022255603507923438
2015-12-05,45360.75,0.0
2015-12-06,45360.75,0.0
2015-12-07,45222.69,-0.0030436004695688634
2015-12-08,44443.25,-0.017235595671111215
2015-12-09,46108.02,0.037458331692664215
2015-12-10,45630.7,-0.010352212044672515
2015-12-11,45262.72,-0.00806430758239507
2015-12-12,45262.72,0.0
2015-12-13,45262.72,0.0
2015-12-14,44747.31,-0.011387075279612136
2015-12-15,44872.46,0.002796816166156235
2015-12-16,45015.84,0.0031952783511310923
2015-12-17,45261.47,0.005456523748085251
2015-12-18,43910.59,-0.029846136239057297
2015-12-19,43910.59,0.0
2015-12-20,43910.59,0.0
2015-12-21,43199.95,-0.016183795298582826
2015-12-22,43469.51,0.006239822036831155
2015-12-23,44014.93,0.012547185371999836
2015-12-24,44014.93,0.0
2015-12-25,44014.93,0.0
2015-12-26,44014.93,0.0
2015-12-27,44014.93,0.0
2015-12-28,43764.33,-0.005693522629707681
2015-12-29,43653.96,-0.0025219168213017618
2015-12-30,43349.96,-0.006963858490730335
2015-12-31,43349.96,0.0
2016-01-01,43349.96,0.0
2016-01-02,43349.96,0.0
2016-01-03,43349.96,0.0
2016-01-04,42141.03,-0.02788768432542965
2016-01-05,42419.32,0.0066037778383680745
2016-01-06,41773.14,-0.015233153195289284
2016-01-07,40694.72,-0.025816110543760873
2016-01-08,40612.2,-0.0020277814910633074
2016-01-09,40612.2,0.0
2016-01-10,40612.2,0.0
2016-01-11,39950.49,-0.01629337982182688
2016-01-12,39513.82,-0.010930278952773764
2016-01-13,38944.44,-0.014409641993611277
2016-01-14,39500.1,0.014268018746706801
2016-01-15,38569.12,-0.023569054255558775
2016-01-16,38569.12,0.0
2016-01-17,38569.12,0.0
2016-01-18,37937.27,-0.016382276805900875
2016-01-19,38057.01,0.0031562629572450263
2016-01-20,37645.47,-0.010813776489535076
2016-01-21,37717.1,0.0019027521770877964
2016-01-22,38031.22,0.008328317924761075
2016-01-23,38031.22,0.0
2016-01-24,38031.22,0.0
2016-01-25,38031.22,0.0
2016-01-26,37497.47,-0.014034522163632879
2016-01-27,38376.36,0.02343864799411799
2016-01-28,38630.19,0.00661422813419521
2016-01-29,40405.99,0.04596922769471212
2016-01-30,40405.99,0.0
2016-01-31,40405.99,0.0
2016-02-01,40570.03,0.004059794104785075
2016-02-02,38596.16,-0.048653402523981204
2016-02-03,39588.81,0.025718879805659345
2016-02-04,40821.73,0.031143143731776846
2016-02-05,40592.09,-0.0056254352767510785
2016-02-06,40592.09,0.0
2016-02-07,40592.09,0.0
2016-02-08,40592.09,0.0
2016-02-09,40592.09,0.0
2016-02-10,40376.58,-0.005309162450122584
2016-02-11,39318.3,-0.026210243661052957
2016-02-12,39808.04,0.012455777589570172
2016-02-13,39808.04,0.0
2016-02-14,39808.04,0.0
2016-02-15,40092.89,0.007155589674849638
2016-02-16,40947.69,0.021320488495591094
2016-02-17,41630.81,0.016682748159908334
2016-02-18,41477.63,-0.003679486418832645
2016-02-19,41543.4,0.0015856740127149216
2016-02-20,41543.4,0.0
2016-02-21,41543.4,0.0
2016-02-22,43234.85,0.04071525200152126
2016-02-23,42520.94,-0.016512373698532423
2016-02-24,42084.55,-0.01026294338742273
2016-02-25,41887.9,-0.004672736194161531
2016-02-26,41593.07,-0.007038548124876254
2016-02-27,41593.07,0.0
2016-02-28,41593.07,0.0
2016-02-29,42793.86,0.028869953576400986
2016-03-01,44121.79,0.031030853491599064
2016-03-02,44893.48,0.017489997572627924
2016-03-03,47193.39,0.05123037911073047
2016-03-04,49084.86,0.04007912972558225
2016-03-05,49084.86,0.0
2016-03-06,49084.86,0.0
2016-03-07,49246.1,0.0032849232940665996
2016-03-08,49102.13,-0.0029234802349831224
2016-03-09,48665.09,-0.00890063221289994
2016-03-10,49571.1,0.018617246983412494
2016-03-11,49638.67,0.0013630926083947337
2016-03-12,49638.67,0.0
2016-03-13,49638.67,0.0
2016-03-14,48867.33,-0.01553909482264526
2016-03-15,47130.02,-0.03555156379528013
2016-03-16,47763.43,0.013439629348767523
2016-03-17,50913.78,0.06595736528972052
2016-03-18,50814.65,-0.0019470170943897136
2016-03-19,50814.65,0.0
2016-03-20,50814.65,0.0
2016-03-21,51171.54,0.007023368260924645
2016-03-22,51010.19,-0.0031531198787451142
2016-03-23,49690.04,-0.02588012316754751
2016-03-24,49657.39,-0.0006570733289810171
2016-03-25,49657.39,0.0
2016-03-26,49657.39,0.0
2016-03-27,49657.39,0.0
2016-03-28,50838.22,0.023779542178918422
2016-03-29,51154.99,0.0062309419960020485
2016-03-30,51248.92,0.0018361845051675374
2016-03-31,50055.27,-0.02329122252722593
2016-04-01,50561.52,0.01011382018316942
2016-04-02,50561.52,0.0
2016-04-03,50561.52,0.0
2016-04-04,48779.98,-0.035235095780348225
2016-04-05,49053.61,0.005609473394617925
2016-04-06,48096.24,-0.01951681028164909
2016-04-07,48513.1,0.008667205586133209
2016-04-08,50292.92,0.03668741020466637
2016-04-09,50292.92,0.0
2016-04-10,50292.92,0.0
2016-04-11,50165.47,-0.002534153912717718
2016-04-12,52001.86,0.03660665393945273
2016-04-13,53149.84,0.02207574882898422
2016-04-14,52411.01,-0.01390088850690796
2016-04-15,53227.74,0.015583176130358867
2016-04-16,53227.74,0.0
2016-04-17,53227.74,0.0
2016-04-18,52894.07,-0.006268723789512709
2016-04-19,53710.04,0.015426492988722673
2016-04-20,53630.93,-0.0014729089756775338
2016-04-21,53630.93,0.0
2016-04-22,52907.87,-0.013482145470906426
2016-04-23,52907.87,0.0
2016-04-24,52907.87,0.0
2016-04-25,51861.71,-0.01977323978455381
2016-04-26,53082.5,0.023539331811465614
2016-04-27,54477.78,0.026285122215419454
2016-04-28,54311.96,-0.0030438097881374526
2016-04-29,53910.5,-0.007391742076699126
2016-04-30,53910.5,0.0
2016-05-01,53910.5,0.0
2016-05-02,53561.53,-0.006473136031014404
2016-05-03,52260.18,-0.02429635598534996
2016-05-04,52552.79,0.005599100500610632
2016-05-05,51671.04,-0.01677836704768676
2016-05-06,51717.82,0.000905342721957858
2016-05-07,51717.82,0.0
2016-05-08,51717.82,0.0
2016-05-09,50990.06,-0.014071745483471676
2016-05-10,53070.9,0.04080873801678209
2016-05-11,52764.46,-0.005774162488293988
2016-05-12,53241.31,0.009037333083670385
2016-05-13,51804.3,-0.02699050793453417
2016-05-14,51804.3,0.0
2016-05-15,51804.3,0.0
2016-05-16,51802.92,-2.663871531904949e-05
2016-05-17,50839.44,-0.01859895156489244
2016-05-18,50561.7,-0.0054630814186782395
2016-05-19,50132.53,-0.008488045299109737
2016-05-20,49722.74,-0.008174133641370207
2016-05-21,49722.74,0.0
2016-05-22,49722.74,0.0
2016-05-23,49330.42,-0.007890152473496004
2016-05-24,49345.18,0.00029920685856721363
2016-05-25,49482.85,0.002789938145934423
2016-05-26,49482.85,0.0
2016-05-27,49051.49,-0.008717363692673286
2016-05-28,49051.49,0.0
2016-05-29,49051.49,0.0
2016-05-30,48964.34,-0.0017767044385400554
2016-05-31,48471.7,-0.010061199640391316
2016-06-01,49012.65,0.011160120235106374
2016-06-02,49887.24,0.01784416880131956
2016-06-03,50619.49,0.014678102055756037
2016-06-04,50619.49,0.0
2016-06-05,50619.49,0.0
2016-06-06,50431.8,-0.0037078603518130304
2016-06-07,50487.85,0.0011114019329072633
2016-06-08,51629.29,0.022608211678651458
2016-06-09,51118.46,-0.009894189906543338
2016-06-10,49422.15,-0.03318390264495441
2016-06-11,49422.15,0.0
2016-06-12,49422.15,0.0
2016-06-13,49660.79,0.004828604178490847
2016-06-14,48648.29,-0.020388318429892083
2016-06-15,48914.74,0.005477068155941289
2016-06-16,49411.61,0.010157878790728603
2016-06-17,49533.84,0.0024737101260208227
2016-06-18,49533.84,0.0
2016-06-19,49533.84,0.0
2016-06-20,50329.36,0.01606013182099364
2016-06-21,50837.8,0.010102254429621205
2016-06-22,50156.3,-0.013405379461739142
2016-06-23,51559.81,0.02798272599852858
2016-06-24,50105.26,-0.028210926300930805
2016-06-25,50105.26,0.0
2016-06-26,50105.26,0.0
2016-06-27,49245.53,-0.01715847797217307
2016-06-28,50006.56,0.015453788394601542
2016-06-29,51001.9,0.019904188570459613
2016-06-30,51526.92,0.010294126297255568
2016-07-01,52233.04,0.013703904677399681
2016-07-02,52233.04,0.0
2016-07-03,52233.04,0.0
2016-07-04,52568.65,0.006425243485732368
2016-07-05,51842.27,-0.013817741182244658
2016-07-06,51901.8,0.0011482907673603382
2016-07-07,52014.65,0.002174298386568463
2016-07-08,53140.74,0.02164947759909941
2016-07-09,53140.74,0.0
2016-07-10,53140.74,0.0
2016-07-11,53960.11,0.015418866955936306
2016-07-12,54256.4,0.005490908005932438
2016-07-13,54598.28,0.006301192117427634
2016-07-14,55480.86,0.016164978090885018
2016-07-15,55578.23,0.001755019659031909
2016-07-16,55578.23,0.0
2016-07-17,55578.23,0.0
2016-07-18,56484.21,0.016300986915200433
2016-07-19,56698.06,0.0037860138258107856
2016-07-20,56578.04,-0.002116827277688138
2016-07-21,56641.48,0.0011212830985307676
2016-07-22,57002.08,0.006366359071126038
2016-07-23,57002.08,0.0
2016-07-24,57002.08,0.0
2016-07-25,56872.72,-0.002269390871350696
2016-07-26,56782.75,-0.0015819535271041074
2016-07-27,56852.84,0.0012343537429939655
2016-07-28,56667.11,-0.0032668552705545917
2016-07-29,57308.2,0.011313264431519476
2016-07-30,57308.2,0.0
2016-07-31,57308.2,0.0
2016-08-01,56755.76,-0.00963980721781521
2016-08-02,56162.38,-0.010454974085449709
2016-08-03,57076.91,0.01628367601230596
2016-08-04,57593.89,0.009057603153359128
2016-08-05,57661.14,0.0011676585832280928
2016-08-06,57661.14,0.0
2016-08-07,57661.14,0.0
2016-08-08,57635.42,-0.00044605430971367266
2016-08-09,57689.41,0.0009367503524744247
2016-08-10,56919.77,-0.013341096745486003
2016-08-11,58299.57,0.024241138008815
2016-08-12,58298.4,-2.006875865456781e-05
2016-08-13,58298.4,0.0
2016-08-14,58298.4,0.0
2016-08-15,59145.97,0.014538477899908031
2016-08-16,58855.43,-0.004912253531390243
2016-08-17,59323.83,0.007958484034523261
2016-08-18,59166.01,-0.0026603137390152076
2016-08-19,59098.92,-0.0011339280779624206
2016-08-20,59098.92,0.0
2016-08-21,59098.92,0.0
2016-08-22,57781.24,-0.022296177324391042
2016-08-23,58020.03,0.004132656204678176
2016-08-24,57717.88,-0.005207684311779981
2016-08-25,57722.13,7.363402813820308e-05
2016-08-26,57716.24,-0.00010204058651330783
2016-08-27,57716.24,0.0
2016-08-28,57716.24,0.0
2016-08-29,58610.39,0.01549217343333531
2016-08-30,58575.42,-0.0005966518905606844
2016-08-31,57901.1,-0.011511995987395385
2016-09-01,58236.26,0.005788491064936618
2016-09-02,59616.39,0.02369880895510801
2016-09-03,59616.39,0.0
2016-09-04,59616.39,0.0
2016-09-05,59566.34,-0.0008395342287582652
2016-09-06,60129.43,0.009453157605453066
2016-09-07,60129.43,0.0
2016-09-08,60231.65,0.0016999994844455468
2016-09-09,57999.72,-0.037055767192165634
2016-09-10,57999.72,0.0
2016-09-11,57999.72,0.0
2016-09-12,58586.11,0.010110221221757643
2016-09-13,56820.77,-0.03013239827665648
2016-09-14,57059.46,0.004200752647315342
2016-09-15,57909.48,0.014897091560277742
2016-09-16,57079.75,-0.014328051296609856
2016-09-17,57079.75,0.0
2016-09-18,57079.75,0.0
2016-09-19,57350.37,0.004741085936781575
2016-09-20,57736.45,0.006731953080686193
2016-09-21,58393.92,0.01138743376151452
2016-09-22,58994.16,0.01027915235010779
2016-09-23,58697.0,-0.005037108757883879
2016-09-24,58697.0,0.0
2016-09-25,58697.0,0.0
2016-09-26,58053.53,-0.010962570489122081
2016-09-27,58382.48,0.005666322099620924
2016-09-28,59355.76,0.01667075465105272
2016-09-29,58350.56,-0.01693517191928806
2016-09-30,58367.04,0.0002824308798408115
2016-10-01,58367.04,0.0
2016-10-02,58367.04,0.0
2016-10-03,59461.22,0.01874653914263935
2016-10-04,59339.22,-0.0020517574311458286
2016-10-05,60254.34,0.015421840731981273
2016-10-06,60644.24,0.006470903174775389
2016-10-07,61108.98,0.007663382375638683
2016-10-08,61108.98,0.0
2016-10-09,61108.98,0.0
2016-10-10,61668.33,0.009153319201204102
2016-10-11,61021.84,-0.010483338854806123
2016-10-12,61021.84,0.0
2016-10-13,61118.58,0.0015853340377807168
2016-10-14,61767.21,0.010612648395954105
2016-10-15,61767.21,0.0
2016-10-16,61767.21,0.0
2016-10-17,62696.1,0.015038561722311883
2016-10-18,63782.2,0.017323246581525842
2016-10-19,63505.6,-0.004336633104533805
2016-10-20,63837.85,0.00523182207553341
2016-10-21,64108.08,0.004233068626214642
2016-10-22,64108.08,0.0
2016-10-23,64108.08,0.0
2016-10-24,64059.89,-0.000751699317777188
2016-10-25,63866.2,-0.0030235768434819787
2016-10-26,63825.68,-0.0006344513999579915
2016-10-27,64249.5,0.006640273946160846
2016-10-28,64307.63,0.0009047541226001599
2016-10-29,64307.63,0.0
2016-10-30,64307.63,0.0
2016-10-31,64924.51,0.009592640873252511
2016-11-01,63326.41,-0.02461474102769512
2016-11-02,63326.41,0.0
2016-11-03,61750.17,-0.024890720948811174
2016-11-04,61598.39,-0.002457968941623978
2016-11-05,61598.39,0.0
2016-11-06,61598.39,0.0
2016-11-07,64051.65,0.03982669027550889
2016-11-08,64157.67,0.0016552266803431248
2016-11-09,63258.26,-0.01401874475803122
2016-11-10,61200.95,-0.03252239312304839
2016-11-11,59183.5,-0.032964357579416625
2016-11-12,59183.5,0.0
2016-11-13,59183.5,0.0
2016-11-14,59657.46,0.00800831312781436
2016-11-15,59657.46,0.0
2016-11-16,60759.31,0.018469609668262832
2016-11-17,59770.47,-0.01627470753041793
2016-11-18,59961.76,0.003200409834488438
2016-11-19,59961.76,0.0
2016-11-20,59961.76,0.0
2016-11-21,61070.27,0.018486949015505738
2016-11-22,61954.47,0.014478403321288802
2016-11-23,61985.9,0.00050730802797605
2016-11-24,61395.53,-0.009524262775889358
2016-11-25,61559.07,0.0026637118370018698
2016-11-26,61559.07,0.0
2016-11-27,61559.07,0.0
2016-11-28,62855.49,0.021059772345488614
2016-11-29,60986.51,-0.02973455461090191
2016-11-30,61906.35,0.015082679759835349
2016-12-01,59506.54,-0.03876516706282951
2016-12-02,60316.12,0.01360489115986252
2016-12-03,60316.12,0.0
2016-12-04,60316.12,0.0
2016-12-05,59831.72,-0.008031020562993763
2016-12-06,61088.24,0.021000900525674382
2016-12-07,61414.4,0.005339161841952045
2016-12-08,60676.56,-0.012014120466861233
2016-12-09,60500.61,-0.002899801834513993
2016-12-10,60500.61,0.0
2016-12-11,60500.61,0.0
2016-12-12,59178.61,-0.021851019353358536
2016-12-13,59280.57,0.00172291981849515
2016-12-14,58212.11,-0.01802378081047462
2016-12-15,58396.16,0.0031617132586330143
2016-12-16,58389.04,-0.00012192582525982765
2016-12-17,58389.04,0.0
2016-12-18,58389.04,0.0
2016-12-19,57110.99,-0.021888525654814694
2016-12-20,57582.89,0.008262857989329131
2016-12-21,57646.52,0.001105015743391835
2016-12-22,57255.22,-0.006787920589135243
2016-12-23,57937.1,0.011909481790481236
2016-12-24,57937.1,0.0
2016-12-25,57937.1,0.0
2016-12-26,58620.26,0.01179140826862235
2016-12-27,58696.69,0.0013038154385531797
2016-12-28,59781.63,0.018483836141356402
2016-12-29,60227.28,0.007454631129997669
2016-12-30,60227.28,0.0
2016-12-31,60227.28,0.0
2017-01-01,60227.28,0.0
2017-01-02,59588.7,-0.010602836455506526
2017-01-03,61813.83,0.037341475816723646
2017-01-04,61589.05,-0.003636403050902959
2017-01-05,62070.98,0.007824929918548884
2017-01-06,61665.36,-0.006534776799077435
2017-01-07,61665.36,0.0
2017-01-08,61665.36,0.0
2017-01-09,61700.29,0.0005664444349307018
2017-01-10,62131.8,0.00699364622111176
2017-01-11,62446.26,0.005061176402421985
2017-01-12,63953.93,0.024143479529438627
2017-01-13,63651.51,-0.004728716436972702
2017-01-14,63651.51,0.0
2017-01-15,63651.51,0.0
2017-01-16,63831.27,0.002824127817234734
2017-01-17,64354.33,0.008194416310375763
2017-01-18,64149.57,-0.0031817594868908117
2017-01-19,63950.86,-0.00309760455136332
2017-01-20,64521.18,0.008918097426680482
2017-01-21,64521.18,0.0
2017-01-22,64521.18,0.0
2017-01-23,65748.62,0.019023830624300242
2017-01-24,65840.09,0.0013912079067210925
2017-01-25,65840.09,0.0
2017-01-26,66190.62,0.0053239599156076345
2017-01-27,66033.98,-0.002366498455521282
2017-01-28,66033.98,0.0
2017-01-29,66033.98,0.0
2017-01-30,64301.73,-0.026232706252144578
2017-01-31,64670.78,0.0057393479149006055
2017-02-01,64836.12,0.0025566415002262755
2017-02-02,64578.21,-0.00397787529543725
2017-02-03,64953.93,0.005818061541191799
2017-02-04,64953.93,0.0
2017-02-05,64953.93,0.0
2017-02-06,63992.93,-0.014795101697464674
2017-02-07,64198.89,0.003218480541522295
2017-02-08,64835.4,0.009914657402955163
2017-02-09,64964.88,0.001997057163216409
2017-02-10,66124.52,0.017850260017412634
2017-02-11,66124.52,0.0
2017-02-12,66124.52,0.0
2017-02-13,66967.64,0.012750489530963582
2017-02-14,66712.88,-0.0038042254438113154
2017-02-15,67975.58,0.018927379540502498
2017-02-16,67814.24,-0.0023734994243520546
2017-02-17,67748.41,-0.0009707400687525292
2017-02-18,67748.41,0.0
2017-02-19,67748.41,0.0
2017-02-20,68532.85,0.01157872192129683
2017-02-21,69052.02,0.007575491169563131
2017-02-22,68589.54,-0.006697559318322721
2017-02-23,67461.39,-0.016447843213411195
2017-02-24,66662.1,-0.011848110452512106
2017-02-25,66662.1,0.0
2017-02-26,66662.1,0.0
2017-02-27,66662.1,0.0
2017-02-28,66662.1,0.0
2017-03-01,66988.87,0.004901885779175608
2017-03-02,65854.93,-0.016927289563176684
2017-03-03,66785.53,0.014131060499191328
2017-03-04,66785.53,0.0
2017-03-05,66785.53,0.0
2017-03-06,66341.36,-0.006650692148433945
2017-03-07,65742.32,-0.009029661134471678
2017-03-08,64718.01,-0.015580679233711314
2017-03-09,64585.23,-0.002051670006540718
2017-03-10,64675.46,0.001397068648667732
2017-03-11,64675.46,0.0
2017-03-12,64675.46,0.0
2017-03-13,65534.3,0.013279225227002645
2017-03-14,64699.46,-0.012738977909278137
2017-03-15,66234.87,0.023731419087578143
2017-03-16,65782.85,-0.006824501957956475
2017-03-17,64209.93,-0.02391079133847207
2017-03-18,64209.93,0.0
2017-03-19,64209.93,0.0
2017-03-20,64884.26,0.010501958186218241
2017-03-21,62980.37,-0.029342863739218128
2017-03-22,63521.33,0.008589342996873528
2017-03-23,63530.78,0.00014876892533566277
2017-03-24,63853.77,0.0050839923577201684
2017-03-25,63853.77,0.0
2017-03-26,63853.77,0.0
2017-03-27,64308.38,0.007119548305448475
2017-03-28,64640.45,0.0051637127229764435
2017-03-29,65528.28,0.013734898194551537
2017-03-30,65265.98,-0.0040028518984474015
2017-03-31,64984.06,-0.00431955514955884
2017-04-01,64984.06,0.0
2017-04-02,64984.06,0.0
2017-04-03,65211.47,0.003499473563209232
2017-04-04,65768.91,0.008548189451947685
2017-04-05,64774.76,-0.015115804716848702
2017-04-06,64222.72,-0.008522455351436253
2017-04-07,64593.1,0.005767117929604826
2017-04-08,64593.1,0.0
2017-04-09,64593.1,0.0
2017-04-10,64649.81,0.0008779575527417816
2017-04-11,64359.79,-0.004486014730747057
2017-04-12,63891.67,-0.007273485510129851
2017-04-13,62826.28,-0.0166749436976682
2017-04-14,62826.28,0.0
2017-04-15,62826.28,0.0
2017-04-16,62826.28,0.0
2017-04-17,64334.92,0.02401288123377676
2017-04-18,64158.84,-0.0027369273172330733
2017-04-19,63406.97,-0.011718883944909164
2017-04-20,63760.62,0.005577462540790057
2017-04-21,63760.62,0.0
2017-04-22,63760.62,0.0
2017-04-23,63760.62,0.0
2017-04-24,64389.01,0.009855456236153248
2017-04-25,65148.34,0.011792850984973846
2017-04-26,64861.92,-0.004396428212906089
2017-04-27,64676.55,-0.002857917249443065
2017-04-28,65403.24,0.01123575700930246
2017-04-29,65403.24,0.0
2017-04-30,65403.24,0.0
2017-05-01,65403.24,0.0
2017-05-02,66721.74,0.020159551728630154
2017-05-03,66093.78,-0.009411625056540918
2017-05-04,64862.6,-0.018627774050750334
2017-05-05,65709.73,0.013060376858158529
2017-05-06,65709.73,0.0
2017-05-07,65709.73,0.0
2017-05-08,65526.04,-0.002795476408136155
2017-05-09,66277.67,0.011470706912854789
2017-05-10,67349.72,0.0161751310811018
2017-05-11,67537.61,0.0027897666092746576
2017-05-12,68221.94,0.010132576500708312
2017-05-13,68221.94,0.0
2017-05-14,68221.94,0.0
2017-05-15,68474.18,0.0036973442854306704
2017-05-16,68684.49,0.0030713766853434077
2017-05-17,67540.25,-0.01665936516380928
2017-05-18,61597.05,-0.08799493635276734
2017-05-19,62639.3,0.01692045317105273
2017-05-20,62639.3,0.0
2017-05-21,62639.3,0.0
2017-05-22,61673.49,-0.01541859503538523
2017-05-23,62662.48,0.01603590132486432
2017-05-24,63257.35,0.00949324061224499
2017-05-25,63226.78,-0.00048326400015175075
2017-05-26,64085.41,0.01358016334217882
2017-05-27,64085.41,0.0
2017-05-28,64085.41,0.0
2017-05-29,63760.94,-0.00506308690230739
2017-05-30,63962.26,0.00315741894645849
2017-05-31,62711.47,-0.019555125162869502
2017-06-01,62288.52,-0.006744380254521287
2017-06-02,62510.69,0.0035667888721711005
2017-06-03,62510.69,0.0
2017-06-04,62510.69,0.0
2017-06-05,62450.45,-0.0009636751729984461
2017-06-06,62954.69,0.008074241258469783
2017-06-07,63170.73,0.0034316744312457015
2017-06-08,62755.57,-0.006572031065653405
2017-06-09,62210.55,-0.008684806782887855
2017-06-10,62210.55,0.0
2017-06-11,62210.55,0.0
2017-06-12,61700.23,-0.008203110244162759
2017-06-13,61828.99,0.0020868641818676537
2017-06-14,61922.92,0.0015191902698070692
2017-06-15,61922.92,0.0
2017-06-16,61626.41,-0.004788372382956041
2017-06-17,61626.41,0.0
2017-06-18,61626.41,0.0
2017-06-19,62014.03,0.006289835802539834
2017-06-20,60766.15,-0.020122543237393153
2017-06-21,60761.74,-7.25732994438788e-05
2017-06-22,61272.21,0.00840117481823266
2017-06-23,61087.13,-0.0030206189722877808
2017-06-24,61087.13,0.0
2017-06-25,61087.13,0.0
2017-06-26,62188.08,0.01802261785747672
2017-06-27,61675.46,-0.008243058798406477
2017-06-28,62017.97,0.005553424327925605
2017-06-29,62238.95,0.003563160806456578
2017-06-30,62899.97,0.010620680458137688
2017-07-01,62899.97,0.0
2017-07-02,62899.97,0.0
2017-07-03,63279.58,0.006035138013579244
2017-07-04,63231.59,-0.000758380507582479
2017-07-05,63154.17,-0.001224387999732346
2017-07-06,62470.33,-0.010828105254173992
2017-07-07,62322.4,-0.0023680041389247952
2017-07-08,62322.4,0.0
2017-07-09,62322.4,0.0
2017-07-10,63025.46,0.011281016135450406
2017-07-11,63832.15,0.012799430579324644
2017-07-12,64835.55,0.015719351455340425
2017-07-13,65178.34,0.005287068591228072
2017-07-14,65436.17,0.00395576199087011
2017-07-15,65436.17,0.0
2017-07-16,65436.17,0.0
2017-07-17,65212.31,-0.003421043743849883
2017-07-18,65337.66,0.0019221830970257425
2017-07-19,65179.92,-0.0024142278740929557
2017-07-20,64938.01,-0.003711419099624469
2017-07-21,64684.18,-0.003908804720070713
2017-07-22,64684.18,0.0
2017-07-23,64684.18,0.0
2017-07-24,65099.55,0.0064215083193448486
2017-07-25,65667.62,0.008726173990449837
2017-07-26,65010.57,-0.010005692303147184
2017-07-27,65277.38,0.004104101840669783
2017-07-28,65497.12,0.0033662502998741406
2017-07-29,65497.12,0.0
2017-07-30,65497.12,0.0
2017-07-31,65920.36,0.006461963518395786
2017-08-01,66516.23,0.009039240683758276
2017-08-02,67135.99,0.009317425235916277
2017-08-03,66777.13,-0.005345270100284516
2017-08-04,66897.98,0.0018097513325294745
2017-08-05,66897.98,0.0
2017-08-06,66897.98,0.0
2017-08-07,67939.65,0.015571023220730895
2017-08-08,67898.93,-0.0005993554573802129
2017-08-09,67671.06,-0.00335601753959891
2017-08-10,66992.08,-0.010033535753688483
2017-08-11,67358.58,0.0054707959508049075
2017-08-12,67358.58,0.0
2017-08-13,67358.58,0.0
2017-08-14,68284.66,0.013748508356322242
2017-08-15,68355.12,0.0010318569353642282
2017-08-16,68594.29,0.003498933218170075
2017-08-17,67976.79,-0.009002207035017085
2017-08-18,68714.65,0.010854587278981587
2017-08-19,68714.65,0.0
2017-08-20,68714.65,0.0
2017-08-21,68634.64,-0.0011643805214753833
2017-08-22,70011.25,0.02005707322133543
2017-08-23,70477.63,0.0066615008302237655
2017-08-24,71132.79,0.009295999312121994
2017-08-25,71073.65,-0.0008314027890653497
2017-08-26,71073.65,0.0
2017-08-27,71073.65,0.0
2017-08-28,71016.59,-0.0008028291779020869
2017-08-29,71329.85,0.004411081973944464
2017-08-30,70886.25,-0.006218995273367445
2017-08-31,70835.05,-0.0007222839408206339
2017-09-01,71923.11,0.01536047479319902
2017-09-02,71923.11,0.0
2017-09-03,71923.11,0.0
2017-09-04,72128.83,0.002860276759445002
2017-09-05,72150.87,0.0003055643630984761
2017-09-06,73412.41,0.017484751050126146
2017-09-07,73412.41,0.0
2017-09-08,73078.85,-0.004543645958496656
2017-09-09,73078.85,0.0
2017-09-10,73078.85,0.0
2017-09-11,74319.21,0.016972899819852172
2017-09-12,74538.55,0.002951323083224322
2017-09-13,74787.56,0.003340687469772341
2017-09-14,74656.68,-0.0017500236670376923
2017-09-15,75756.51,0.014731836454554337
2017-09-16,75756.51,0.0
2017-09-17,75756.51,0.0
2017-09-18,75990.4,0.003087391433422626
2017-09-19,75974.18,-0.00021344801448608397
2017-09-20,76004.15,0.00039447612333565196
2017-09-21,75604.34,-0.005260370650813084
2017-09-22,75389.75,-0.0028383291223756935
2017-09-23,75389.75,0.0
2017-09-24,75389.75,0.0
2017-09-25,74443.47,-0.012551838943622995
2017-09-26,74318.72,-0.0016757682037121802
2017-09-27,73796.71,-0.007023936903111316
2017-09-28,73567.24,-0.003109488214312006
2017-09-29,74293.5,0.009872057181973926
2017-09-30,74293.5,0.0
2017-10-01,74293.5,0.0
2017-10-02,74359.82,0.0008926756714922046
2017-10-03,76762.91,0.03231704971851723
2017-10-04,76591.44,-0.002233761070287721
2017-10-05,76617.52,0.00034050802543994507
2017-10-06,76054.71,-0.0073457089187956015
2017-10-07,76054.71,0.0
2017-10-08,76054.71,0.0
2017-10-09,75726.8,-0.004311501549345231
2017-10-10,76897.2,0.015455558666152447
2017-10-11,76659.8,-0.0030872385470471775
2017-10-12,76659.8,0.0
2017-10-13,76989.78,0.004304472487535849
2017-10-14,76989.78,0.0
2017-10-15,76989.78,0.0
2017-10-16,76891.83,-0.0012722467839237916
2017-10-17,76201.25,-0.008981188248478489
2017-10-18,76591.09,0.005115926576007457
2017-10-19,76283.16,-0.0040204415422210316
2017-10-20,76390.51,0.001407256857214545
2017-10-21,76390.51,0.0
2017-10-22,76390.51,0.0
2017-10-23,75413.13,-0.012794521204269826
2017-10-24,76350.19,0.012425687675342356
2017-10-25,76671.13,0.004203525885135395
2017-10-26,75896.35,-0.010105237786374066
2017-10-27,75975.71,0.001045636581996412
2017-10-28,75975.71,0.0
2017-10-29,75975.71,0.0
2017-10-30,74800.33,-0.015470470759667898
2017-10-31,74308.49,-0.006575372060524276
2017-11-01,73823.74,-0.0065234806951399715
2017-11-02,73823.74,0.0
2017-11-03,73915.42,0.0012418769355222459
2017-11-04,73915.42,0.0
2017-11-05,73915.42,0.0
2017-11-06,74310.79,0.005348951544887237
2017-11-07,72414.87,-0.02551338775970491
2017-11-08,74363.13,0.026904142754105687
2017-11-09,72930.69,-0.019262771752614483
2017-11-10,72165.63,-0.010490233946778726
2017-11-11,72165.63,0.0
2017-11-12,72165.63,0.0
2017-11-13,72475.17,0.004289299490630061
2017-11-14,70826.59,-0.022746824878092764
2017-11-15,70826.59,0.0
2017-11-16,72511.79,0.02379332394796929
2017-11-17,73437.28,0.012763303733089648
2017-11-18,73437.28,0.0
2017-11-19,73437.28,0.0
2017-11-20,73437.28,0.0
2017-11-21,74594.61,0.015759434445284493
2017-11-22,74518.79,-0.0010164273263176815
2017-11-23,74486.58,-0.00043223997598451636
2017-11-24,74157.37,-0.004419722317765218
2017-11-25,74157.37,0.0
2017-11-26,74157.37,0.0
2017-11-27,74058.92,-0.0013275821405208665
2017-11-28,74139.72,0.001091023201526653
2017-11-29,72700.45,-0.019412940863547945
2017-11-30,71970.99,-0.010033775581856696
2017-12-01,72264.45,0.00407747621645882
2017-12-02,72264.45,0.0
2017-12-03,72264.45,0.0
2017-12-04,73090.17,0.011426365245982062
2017-12-05,72546.17,-0.007442861331421136
2017-12-06,73268.35,0.009954763979959314
2017-12-07,72487.46,-0.010657944392087448
2017-12-08,72731.84,0.0033713417465583984
2017-12-09,72731.84,0.0
2017-12-10,72731.84,0.0
2017-12-11,72800.04,0.0009376911129981291
2017-12-12,73813.53,0.013921558284858193
2017-12-13,72914.33,-0.012182048467266005
2017-12-14,72428.93,-0.006657127618123981
2017-12-15,72607.7,0.0024682126327146836
2017-12-16,72607.7,0.0
2017-12-17,72607.7,0.0
2017-12-18,73115.45,0.006993059964714554
2017-12-19,72680.37,-0.005950589102576842
2017-12-20,73367.03,0.00944766791913687
2017-12-21,75133.43,0.024076209708911334
2017-12-22,75186.53,0.0007067426576958802
2017-12-23,75186.53,0.0
2017-12-24,75186.53,0.0
2017-12-25,75186.53,0.0
2017-12-26,75707.73,0.006932092756508412
2017-12-27,76072.54,0.004818662506457461
2017-12-28,76402.08,0.004331917929912832
2017-12-29,76402.08,0.0
2017-12-30,76402.08,0.0
2017-12-31,76402.08,0.0
2018-01-01,76402.08,0.0
2018-01-02,77891.04,0.01948847465932846
2018-01-03,77995.16,0.001336739116591712
2018-01-04,78647.42,0.008362826616420849
2018-01-05,79071.47,0.0053917852613600825
2018-01-06,79071.47,0.0
2018-01-07,79071.47,0.0
2018-01-08,79378.54,0.0038834487331522727
2018-01-09,78863.54,-0.006487899626271831
2018-01-10,78200.57,-0.00840654629503046
2018-01-11,79365.44,0.014895927229174877
2018-01-12,79349.12,-0.00020563106561255484
2018-01-13,79349.12,0.0
2018-01-14,79349.12,0.0
2018-01-15,79752.37,0.005081971923570183
2018-01-16,79831.76,0.0009954563105774028
2018-01-17,81189.16,0.017003257851261333
2018-01-18,80962.65,-0.002789904465078985
2018-01-19,81219.5,0.0031724505064989472
2018-01-20,81219.5,0.0
2018-01-21,81219.5,0.0
2018-01-22,81675.42,0.005613430272286779
2018-01-23,80678.35,-0.012207711940752652
2018-01-24,83680.0,0.03720514859314794
2018-01-25,83680.0,0.0
2018-01-26,85530.84,0.02211806883365197
2018-01-27,85530.84,0.0
2018-01-28,85530.84,0.0
2018-01-29,84698.01,-0.009737189533038593
2018-01-30,84482.46,-0.0025449240188758493
2018-01-31,84912.7,0.005092654735669333
2018-02-01,85495.24,0.006860457858482993
2018-02-02,84041.34,-0.01700562510848569
2018-02-03,84041.34,0.0
2018-02-04,84041.34,0.0
2018-02-05,81861.09,-0.025942589682649064
2018-02-06,83894.04,0.02483414281436991
2018-02-07,82766.73,-0.013437307346266802
2018-02-08,81532.53,-0.014911788831091899
2018-02-09,80898.7,-0.007773952310813903
2018-02-10,80898.7,0.0
2018-02-11,80898.7,0.0
2018-02-12,80898.7,0.0
2018-02-13,80898.7,0.0
2018-02-14,83542.84,0.03268457960387505
2018-02-15,84290.57,0.00895025833452645
2018-02-16,84524.58,0.002776229891433779
2018-02-17,84524.58,0.0
2018-02-18,84524.58,0.0
2018-02-19,84792.71,0.003172213337232943
2018-02-20,85803.96,0.01192614317905405
2018-02-21,86051.82,0.002888677865217515
2018-02-22,86686.45,0.007374974753584507
2018-02-23,87293.24,0.006999825232201884
2018-02-24,87293.24,0.0
2018-02-25,87293.24,0.0
2018-02-26,87652.64,0.004117157296487095
2018-02-27,86935.44,-0.008182297760797597
2018-02-28,85353.6,-0.018195571334314264
2018-03-01,85377.79,0.00028340925280234686
2018-03-02,85761.34,0.0044923861346142235
2018-03-03,85761.34,0.0
2018-03-04,85761.34,0.0
2018-03-05,86022.83,0.0030490428437801587
2018-03-06,85653.02,-0.004298975051157949
2018-03-07,85483.55,-0.0019785642117464697
2018-03-08,84984.61,-0.005836678518849614
2018-03-09,86371.41,0.016318248680555314
2018-03-10,86371.41,0.0
2018-03-11,86371.41,0.0
2018-03-12,86900.43,0.006124943427460394
2018-03-13,86383.85,-0.005944504532370942
2018-03-14,86050.96,-0.003853613841013126
2018-03-15,84928.2,-0.013047617365337993
2018-03-16,84886.49,-0.0004911207349266311
2018-03-17,84886.49,0.0
2018-03-18,84886.49,0.0
2018-03-19,83913.06,-0.011467431389847849
2018-03-20,84163.8,0.002988092675919596
2018-03-21,84976.59,0.009657239810940021
2018-03-22,84767.88,-0.0024560882002913065
2018-03-23,84377.19,-0.004608939140627322
2018-03-24,84377.19,0.0
2018-03-25,84377.19,0.0
2018-03-26,85087.86,0.008422536943929915
2018-03-27,83808.06,-0.01504092358181297
2018-03-28,83874.14,0.0007884683167704853
2018-03-29,85365.56,0.017781642828170963
2018-03-30,85365.56,0.0
2018-03-31,85365.56,0.0
2018-04-01,85365.56,0.0
2018-04-02,84666.44,-0.008189719601206846
2018-04-03,84623.46,-0.0005076391543095138
2018-04-04,84359.69,-0.00311698434453056
2018-04-05,85209.66,0.01007554674513389
2018-04-06,84820.42,-0.004568026676787684
2018-04-07,84820.42,0.0
2018-04-08,84820.42,0.0
2018-04-09,83307.23,-0.017839925810317903
2018-04-10,84510.36,0.014442083838341668
2018-04-11,85245.59,0.008699880109373614
2018-04-12,85443.53,0.002321996950223504
2018-04-13,84334.41,-0.012980737102036843
2018-04-14,84334.41,0.0
2018-04-15,84334.41,0.0
2018-04-16,82861.58,-0.017464164390312398
2018-04-17,84086.13,0.014778260322817927
2018-04-18,85776.46,0.02010236408787036
2018-04-19,85824.26,0.0005572624470628895
2018-04-20,85550.09,-0.0031945512842173063
2018-04-21,85550.09,0.0
2018-04-22,85550.09,0.0
2018-04-23,85602.5,0.0006126235518864043
2018-04-24,85469.08,-0.0015585993399724885
2018-04-25,85044.39,-0.004968931454509606
2018-04-26,86383.2,0.01574248460127703
2018-04-27,86444.66,0.0007114809361079555
2018-04-28,86444.66,0.0
2018-04-29,86444.66,0.0
2018-04-30,86115.5,-0.0038077540012304567
2018-05-01,86115.5,0.0
2018-05-02,84547.09,-0.01821286527976962
2018-05-03,83288.14,-0.014890518408143927
2018-05-04,83118.03,-0.002042427649362799
2018-05-05,83118.03,0.0
2018-05-06,83118.03,0.0
2018-05-07,82714.43,-0.004855745498299258
2018-05-08,82956.05,0.002921134800784042
2018-05-09,84265.49,0.015784743849303284
2018-05-10,85861.2,0.018936696386622653
2018-05-11,85220.24,-0.007465071534057177
2018-05-12,85220.24,0.0
2018-05-13,85220.24,0.0
2018-05-14,85232.18,0.00014010756130211632
2018-05-15,85130.42,-0.001193915255951361
2018-05-16,86536.97,0.01652229602532218
2018-05-17,83621.95,-0.033685256139659225
2018-05-18,83081.88,-0.006458471729013593
2018-05-19,83081.88,0.0
2018-05-20,83081.88,0.0
2018-05-21,81815.32,-0.015244720028001257
2018-05-22,82738.88,0.011288350396967184
2018-05-23,80867.29,-0.022620441562660853
2018-05-24,80122.31,-0.009212377464361654
2018-05-25,78897.66,-0.01528475651787864
2018-05-26,78897.66,0.0
2018-05-27,78897.66,0.0
2018-05-28,75355.84,-0.0448913187032417
2018-05-29,76071.97,0.009503311223124866
2018-05-30,76753.61,0.008960462046664563
2018-05-31,76753.61,0.0
2018-06-01,77239.75,0.0063337737469286726
2018-06-02,77239.75,0.0
2018-06-03,77239.75,0.0
2018-06-04,78596.06,0.01755974093649959
2018-06-05,76641.72,-0.0248656230350478
2018-06-06,76117.22,-0.006843531173360895
2018-06-07,73851.46,-0.029766720329512775
2018-06-08,72942.07,-0.01231377145421364
2018-06-09,72942.07,0.0
2018-06-10,72942.07,0.0
2018-06-11,72307.77,-0.008695941861808998
2018-06-12,72754.13,0.006173057197034204
2018-06-13,72122.14,-0.008686654627029444
2018-06-14,71421.19,-0.009718929582510971
2018-06-15,70757.73,-0.009289399966592615
2018-06-16,70757.73,0.0
2018-06-17,70757.73,0.0
2018-06-18,69814.74,-0.013327024481989302
2018-06-19,71394.34,0.022625594537772242
2018-06-20,72123.41,0.010211873938466454
2018-06-21,70074.9,-0.028402844513314207
2018-06-22,70640.65,0.008073504207640747
2018-06-23,70640.65,0.0
2018-06-24,70640.65,0.0
2018-06-25,70952.97,0.004421250370714391
2018-06-26,71404.59,0.006365061251135673
2018-06-27,70609.01,-0.011141860768334344
2018-06-28,71766.53,0.016393375293039858
2018-06-29,72762.52,0.01387819642387611
2018-06-30,72762.52,0.0
2018-07-01,72762.52,0.0
2018-07-02,72839.74,0.0010612606600211016
2018-07-03,73667.76,0.011367695711159698
2018-07-04,74743.12,0.014597430409177603
2018-07-05,74553.06,-0.0025428427392379938
2018-07-06,75010.39,0.006134288787073228
2018-07-07,75010.39,0.0
2018-07-08,75010.39,0.0
2018-07-09,75010.39,0.0
2018-07-10,74862.38,-0.001973193313619559
2018-07-11,74398.55,-0.006195768822738534
2018-07-12,75856.23,0.019592854968275564
2018-07-13,76594.36,0.00973064440455329
2018-07-14,76594.36,0.0
2018-07-15,76594.36,0.0
2018-07-16,76652.59,0.0007602387434268998
2018-07-17,78130.3,0.019278017872585984
2018-07-18,77362.64,-0.009825381446122772
2018-07-19,77486.84,0.0016054260816331656
2018-07-20,78571.29,0.013995279714594133
2018-07-21,78571.29,0.0
2018-07-22,78571.29,0.0
2018-07-23,77996.12,-0.007320358364995672
2018-07-24,79154.99,0.014858046784891554
2018-07-25,80218.05,0.013430107185914641
2018-07-26,79405.34,-0.010131260981786627
2018-07-27,79866.11,0.00580275835353139
2018-07-28,79866.11,0.0
2018-07-29,79866.11,0.0
2018-07-30,80275.6,0.00512720602017569
2018-07-31,79220.44,-0.013144218168409827
2018-08-01,79301.65,0.0010251142255710555
2018-08-02,79636.69,0.004224880566797928
2018-08-03,81434.98,0.022581174581715935
2018-08-04,81434.98,0.0
2018-08-05,81434.98,0.0
2018-08-06,81050.76,-0.004718119903756368
2018-08-07,80346.53,-0.008688752579247838
2018-08-08,79151.7,-0.014870959579710519
2018-08-09,78767.99,-0.004847779643393557
2018-08-10,76514.36,-0.028610987788313613
2018-08-11,76514.36,0.0
2018-08-12,76514.36,0.0
2018-08-13,77496.46,0.01283549911415327
2018-08-14,78602.12,0.014267232335515523
2018-08-15,77077.5,-0.01939667785041921
2018-08-16,76818.72,-0.0033574000194609432
2018-08-17,76028.51,-0.010286685328784517
2018-08-18,76028.51,0.0
2018-08-19,76028.51,0.0
2018-08-20,76327.89,0.003937733358183815
2018-08-21,75180.4,-0.015033692140579369
2018-08-22,76902.31,0.022903708945416712
2018-08-23,75633.77,-0.016495473282922113
2018-08-24,76262.24,0.008309383493643185
2018-08-25,76262.24,0.0
2018-08-26,76262.24,0.0
2018-08-27,77929.69,0.021864686901407415
2018-08-28,77473.18,-0.005857972744406026
2018-08-29,78388.84,0.01181905789848825
2018-08-30,76404.1,-0.02531916533016676
2018-08-31,76677.53,0.0035787346490567806
2018-09-01,76677.53,0.0
2018-09-02,76677.53,0.0
2018-09-03,76192.74,-0.006322451962132769
2018-09-04,74711.8,-0.019436759985268948
2018-09-05,75092.27,0.005092502121485598
2018-09-06,76416.02,0.0176283124747727
2018-09-07,76416.02,0.0
2018-09-08,76416.02,0.0
2018-09-09,76416.02,0.0
2018-09-10,76436.36,0.00026617455345090413
2018-09-11,74656.51,-0.02328538407637415
2018-09-12,75124.81,0.0062727282590628874
2018-09-13,74686.68,-0.00583202806103611
2018-09-14,75429.1,0.009940460601542522
2018-09-15,75429.1,0.0
2018-09-16,75429.1,0.0
2018-09-17,76788.86,0.018026994886588765
2018-09-18,78313.97,0.019861084016613795
2018-09-19,78168.66,-0.0018554799354444373
2018-09-20,78116.02,-0.000673415663003607
2018-09-21,79444.29,0.01700381048599242
2018-09-22,79444.29,0.0
2018-09-23,79444.29,0.0
2018-09-24,77984.19,-0.018378916848523552
2018-09-25,78630.15,0.008283217405989474
2018-09-26,78656.16,0.0003307891438590893
2018-09-27,80000.09,0.017086137945203417
2018-09-28,79342.43,-0.008220740751666678
2018-09-29,79342.43,0.0
2018-09-30,79342.43,0.0
2018-10-01,78623.66,-0.009059087300451796
2018-10-02,81612.28,0.03801171301361439
2018-10-03,83273.4,0.020353799697790498
2018-10-04,82952.81,-0.003849848811265044
2018-10-05,82321.52,-0.007610230443067523
2018-10-06,82321.52,0.0
2018-10-07,82321.52,0.0
2018-10-08,86083.92,0.04570372364358666
2018-10-09,86087.55,4.216815405255758e-05
2018-10-10,83679.12,-0.027976519252783993
2018-10-11,82921.08,-0.009058890676670539
2018-10-12,82921.08,0.0
2018-10-13,82921.08,0.0
2018-10-14,82921.08,0.0
2018-10-15,83359.77,0.0052904520780481246
2018-10-16,85717.57,0.02828462698493528
2018-10-17,85763.96,0.0005411959298426972
2018-10-18,83847.12,-0.02235018065863581
2018-10-19,84219.75,0.0044441597994064885
2018-10-20,84219.75,0.0
2018-10-21,84219.75,0.0
2018-10-22,85596.7,0.016349490469871997
2018-10-23,85300.04,-0.003465787816586463
2018-10-24,83063.56,-0.026218979498719985
2018-10-25,84083.51,0.012279151050111459
2018-10-26,85719.88,0.019461247514524604
2018-10-27,85719.88,0.0
2018-10-28,85719.88,0.0
2018-10-29,83796.71,-0.02243551904179053
2018-10-30,86885.71,0.03686302242653672
2018-10-31,87423.55,0.006190200897247644
2018-11-01,88419.05,0.011387091922027803
2018-11-02,88419.05,0.0
2018-11-03,88419.05,0.0
2018-11-04,88419.05,0.0
2018-11-05,89598.16,0.013335474651672952
2018-11-06,88668.92,-0.010371195122757082
2018-11-07,87714.35,-0.010765553476911549
2018-11-08,85620.14,-0.023875340807975043
2018-11-09,85641.22,0.00024620375533146444
2018-11-10,85641.22,0.0
2018-11-11,85641.22,0.0
2018-11-12,85524.7,-0.0013605597865140595
2018-11-13,84914.11,-0.007139341032473601
2018-11-14,85973.06,0.012470836707821453
2018-11-15,85973.06,0.0
2018-11-16,88515.27,0.029569844321000183
2018-11-17,88515.27,0.0
2018-11-18,88515.27,0.0
2018-11-19,87900.84,-0.006941514159082507
2018-11-20,87900.84,0.0
2018-11-21,87268.8,-0.007190374972525837
2018-11-22,87477.44,0.00239077425150791
2018-11-23,86230.23,-0.01425750456346242
2018-11-24,86230.23,0.0
2018-11-25,86230.23,0.0
2018-11-26,85546.51,-0.007929005871838646
2018-11-27,87891.18,0.027408131553233517
2018-11-28,89250.83,0.015469697869570087
2018-11-29,89709.57,0.005139896177996484
2018-11-30,89504.03,-0.0022911713878464024
2018-12-01,89504.03,0.0
2018-12-02,89504.03,0.0
2018-12-03,89820.09,0.003531237643712881
2018-12-04,88624.45,-0.013311498574539393
2018-12-05,89039.8,0.004686629931130781
2018-12-06,88846.49,-0.0021710515971509192
2018-12-07,88115.08,-0.008232289199044396
2018-12-08,88115.08,0.0
2018-12-09,88115.08,0.0
2018-12-10,85914.71,-0.02497154857034678
2018-12-11,86419.58,0.00587640929009714
2018-12-12,86977.46,0.006455481500835969
2018-12-13,87837.59,0.009889113800287896
2018-12-14,87449.51,-0.004418154004453001
2018-12-15,87449.51,0.0
2018-12-16,87449.51,0.0
2018-12-17,86399.68,-0.012004984361833504
2018-12-18,86610.5,0.0024400553335384156
2018-12-19,85673.53,-0.010818203335623333
2018-12-20,85269.3,-0.0047182601207163
2018-12-21,85697.16,0.005017749647293845
2018-12-22,85697.16,0.0
2018-12-23,85697.16,0.0
2018-12-24,85697.16,0.0
2018-12-25,85697.16,0.0
2018-12-26,85136.11,-0.006546891402235522
2018-12-27,85460.21,0.003806845297489092
2018-12-28,87887.27,0.028399883407728588
2018-12-29,87887.27,0.0
2018-12-30,87887.27,0.0
2018-12-31,87887.27,0.0
2019-01-01,87887.27,0.0
2019-01-02,91012.32,0.0355574817604416
2019-01-03,91564.26,0.006064453691543958
2019-01-04,91840.8,0.003020174028600442
2019-01-05,91840.8,0.0
2019-01-06,91840.8,0.0
2019-01-07,91699.05,-0.0015434316774244339
2019-01-08,92031.86,0.00362937238717298
2019-01-09,93613.05,0.017180898006407874
2019-01-10,93805.94,0.002060503316578144
2019-01-11,93658.31,-0.0015737809354077203
2019-01-12,93658.31,0.0
2019-01-13,93658.31,0.0
2019-01-14,94474.13,0.008710599198298752
2019-01-15,94055.72,-0.004428831469525107
2019-01-16,94393.08,0.003586810031330323
2019-01-17,95351.09,0.010149155001616617
2019-01-18,96096.75,0.007820151819974086
2019-01-19,96096.75,0.0
2019-01-20,96096.75,0.0
2019-01-21,96009.78,-0.0009050254040849914
2019-01-22,95103.38,-0.00944070489485549
2019-01-23,96558.43,0.01529966653130499
2019-01-24,97677.2,0.011586455993536804
2019-01-25,97677.2,0.0
2019-01-26,97677.2,0.0
2019-01-27,97677.2,0.0
2019-01-28,95443.88,-0.022864291769215228
2019-01-29,95639.33,0.002047800236117725
2019-01-30,96996.21,0.014187468690966432
2019-01-31,97393.75,0.004098510653148146
2019-02-01,97861.28,0.004800410703972302
2019-02-02,97861.28,0.0
2019-02-03,97861.28,0.0
2019-02-04,98588.64,0.007432561683231587
2019-02-05,98311.21,-0.002814015894731847
2019-02-06,94635.57,-0.0373878014521436
2019-02-07,94405.6,-0.0024300588034710247
2019-02-08,95343.11,0.009930660892997878
2019-02-09,95343.11,0.0
2019-02-10,95343.11,0.0
2019-02-11,94412.92,-0.009756237236230314
2019-02-12,96168.4,0.018593641632945968
2019-02-13,95842.41,-0.00338978292245673
2019-02-14,98015.1,0.02266940073814916
2019-02-15,97525.91,-0.00499096567773738
2019-02-16,97525.91,0.0
2019-02-17,97525.91,0.0
2019-02-18,96509.89,-0.010417949445434616
2019-02-19,97659.16,0.011908313230903023
2019-02-20,96544.82,-0.01141050158530954
2019-02-21,96932.28,0.004013265548581391
2019-02-22,97885.6,0.009834907421965244
2019-02-23,97885.6,0.0
2019-02-24,97885.6,0.0
2019-02-25,97239.9,-0.0065964758861365436
2019-02-26,97602.5,0.003728921975444388
2019-02-27,97307.32,-0.003024307779001534
2019-02-28,95584.35,-0.017706478813721338
2019-03-01,94603.76,-0.010258896984705279
2019-03-02,94603.76,0.0
2019-03-03,94603.76,0.0
2019-03-04,94603.76,0.0
2019-03-05,94603.76,0.0
2019-03-06,94216.88,-0.0040894780503437644
2019-03-07,94340.18,0.001308682690405183
2019-03-08,95364.86,0.010861543829999043
2019-03-09,95364.86,0.0
2019-03-10,95364.86,0.0
2019-03-11,98026.62,0.02791132918351691
2019-03-12,97828.04,-0.002025776263631318
2019-03-13,98903.89,0.010997358221630504
2019-03-14,98604.67,-0.0030253612876096625
2019-03-15,99136.74,0.005395991893690333
2019-03-16,99136.74,0.0
2019-03-17,99136.74,0.0
2019-03-18,99993.93,0.008646542139674862
2019-03-19,99588.38,-0.00405574618379323
2019-03-20,98041.38,-0.015533940807150426
2019-03-21,96729.08,-0.013385164509108316
2019-03-22,93735.16,-0.030951602144877244
2019-03-23,93735.16,0.0
2019-03-24,93735.16,0.0
2019-03-25,93662.01,-0.0007803901972324168
2019-03-26,95306.82,0.01756112216682104
2019-03-27,91903.41,-0.03571003628071956
2019-03-28,94388.94,0.02704502477111559
2019-03-29,95414.56,0.010865891702989794
2019-03-30,95414.56,0.0
2019-03-31,95414.56,0.0
2019-04-01,96054.46,0.006706523616521576
2019-04-02,95386.76,-0.006951264938660939
2019-04-03,94491.48,-0.009385788971131848
2019-04-04,96313.07,0.019277822720101367
2019-04-05,97108.17,0.008255369702159676
2019-04-06,97108.17,0.0
2019-04-07,97108.17,0.0
2019-04-08,97369.29,0.0026889601564934473
2019-04-09,96291.79,-0.011066117458594982
2019-04-10,95953.45,-0.0035136951966516783
2019-04-11,94754.7,-0.012493036988247996
2019-04-12,92875.0,-0.019837538401789034
2019-04-13,92875.0,0.0
2019-04-14,92875.0,0.0
2019-04-15,93082.97,0.0022392462987887995
2019-04-16,94333.31,0.013432532288129684
2019-04-17,93284.75,-0.011115479781214077
2019-04-18,94578.26,0.013866253594504885
2019-04-19,94578.26,0.0
2019-04-20,94578.26,0.0
2019-04-21,94578.26,0.0
2019-04-22,94588.06,0.0001036178927378284
2019-04-23,95923.24,0.014115735114981875
2019-04-24,95045.43,-0.009151171290711302
2019-04-25,96552.03,0.01585136707782797
2019-04-26,96236.04,-0.0032727432038457405
2019-04-27,96236.04,0.0
2019-04-28,96236.04,0.0
2019-04-29,96187.75,-0.0005017870643887479
2019-04-30,96353.33,0.0017214250255359609
2019-05-01,96353.33,0.0
2019-05-02,95527.62,-0.008569605222777499
2019-05-03,96007.89,0.005027551194094482
2019-05-04,96007.89,0.0
2019-05-05,96007.89,0.0
2019-05-06,95008.66,-0.010407790443056286
2019-05-07,94388.73,-0.006524984143550738
2019-05-08,95596.61,0.012796866744578583
2019-05-09,94807.85,-0.008250920194764144
2019-05-10,94257.56,-0.005804266207914299
2019-05-11,94257.56,0.0
2019-05-12,94257.56,0.0
2019-05-13,91726.54,-0.02685216973577509
2019-05-14,92092.44,0.003989030873725374
2019-05-15,91623.44,-0.005092709021500608
2019-05-16,90024.47,-0.017451538601912397
2019-05-17,89992.73,-0.00035257080658190887
2019-05-18,89992.73,0.0
2019-05-19,89992.73,0.0
2019-05-20,91946.19,0.021706864543391546
2019-05-21,94484.63,0.027607886743322485
2019-05-22,94360.66,-0.0013120652533644694
2019-05-23,93910.03,-0.004775613057390715
2019-05-24,93627.8,-0.003005323286554118
2019-05-25,93627.8,0.0
2019-05-26,93627.8,0.0
2019-05-27,94864.25,0.013206013598525246
2019-05-28,96392.76,0.016112603009036608
2019-05-29,96566.55,0.001802936237119912
2019-05-30,97457.36,0.009224829922990896
2019-05-31,97030.32,-0.004381813749110286
2019-06-01,97030.32,0.0
2019-06-02,97030.32,0.0
2019-06-03,97020.48,-0.00010141160000309846
2019-06-04,97380.28,0.0037084953609793914
2019-06-05,95998.75,-0.014186958591616228
2019-06-06,97204.85,0.012563705256579016
2019-06-07,97821.26,0.006341350251556355
2019-06-08,97821.26,0.0
2019-06-09,97821.26,0.0
2019-06-10,97466.69,-0.003624672182713562
2019-06-11,98960.0,0.015321234362221547
2019-06-12,98320.88,-0.006458367016976552
2019-06-13,98773.7,0.004605532415901781
2019-06-14,98040.06,-0.007427483226810416
2019-06-15,98040.06,0.0
2019-06-16,98040.06,0.0
2019-06-17,97623.25,-0.004251425386724517
2019-06-18,99404.39,0.018245038963566662
2019-06-19,100303.41,0.009044067369660569
2019-06-20,100303.41,0.0
2019-06-21,102012.64,0.01704059712426531
2019-06-22,102012.64,0.0
2019-06-23,102012.64,0.0
2019-06-24,102062.33,0.00048709650098266444
2019-06-25,100092.95,-0.019295855777543003
2019-06-26,100688.63,0.005951268296118917
2019-06-27,100723.97,0.00035098302559077865
2019-06-28,100967.2,0.0024148174461351424
2019-06-29,100967.2,0.0
2019-06-30,100967.2,0.0
2019-07-01,101339.68,0.0036891188425547394
2019-07-02,100605.17,-0.0072479999936845285
2019-07-03,102043.11,0.01429290363507163
2019-07-04,103636.17,0.015611637081621721
2019-07-05,104089.47,0.004373955540811769
2019-07-06,104089.47,0.0
2019-07-07,104089.47,0.0
2019-07-08,104530.22,0.004234338017092387
2019-07-09,104530.22,0.0
2019-07-10,105817.06,0.012310698284189847
2019-07-11,105146.44,-0.0063375414134544394
2019-07-12,103905.99,-0.011797356144439997
2019-07-13,103905.99,0.0
2019-07-14,103905.99,0.0
2019-07-15,103802.69,-0.000994167901196108
2019-07-16,103775.41,-0.0002628062914361573
2019-07-17,103855.53,0.000772051876258395
2019-07-18,104716.59,0.008290940309100492
2019-07-19,103451.93,-0.012076978442479902
2019-07-20,103451.93,0.0
2019-07-21,103451.93,0.0
2019-07-22,103949.46,0.00480928678662651
2019-07-23,103704.28,-0.0023586462113416307
2019-07-24,104119.54,0.0040042706048391
2019-07-25,102654.58,-0.014069981484743366
2019-07-26,102818.93,0.0016010001696951104
2019-07-27,102818.93,0.0
2019-07-28,102818.93,0.0
2019-07-29,103482.63,0.006455037024797106
2019-07-30,102932.76,-0.005313645391502031
2019-07-31,101812.13,-0.010887010121947482
2019-08-01,102125.94,0.003082245700978925
2019-08-02,102673.68,0.005363377805873704
2019-08-03,102673.68,0.0
2019-08-04,102673.68,0.0
2019-08-05,100097.75,-0.0250885134340173
2019-08-06,102163.69,0.02063922515740857
2019-08-07,102782.37,0.006055771869633908
2019-08-08,104115.23,0.012967788152773663
2019-08-09,103996.16,-0.0011436367186624663
2019-08-10,103996.16,0.0
2019-08-11,103996.16,0.0
2019-08-12,101915.22,-0.020009777284084374
2019-08-13,103299.47,0.013582367775882842
2019-08-14,100258.01,-0.02944313267047749
2019-08-15,99056.91,-0.011980090169353974
2019-08-16,99805.78,0.007559997581188416
2019-08-17,99805.78,0.0
2019-08-18,99805.78,0.0
2019-08-19,99468.67,-0.0033776600914295907
2019-08-20,99222.25,-0.0024773629726827506
2019-08-21,101201.9,0.019951674145667786
2019-08-22,100011.28,-0.011764798882234362
2019-08-23,97667.49,-0.023435256503066437
2019-08-24,97667.49,0.0
2019-08-25,97667.49,0.0
2019-08-26,96429.6,-0.012674534791464409
2019-08-27,97276.19,0.008779358205364352
2019-08-28,98193.53,0.009430262431125103
2019-08-29,100524.43,0.023737816534348033
2019-08-30,101134.61,0.006069967270642573
2019-08-31,101134.61,0.0
2019-09-01,101134.61,0.0
2019-09-02,100625.74,-0.005031610840245393
2019-09-03,99680.83,-0.00939034088097146
2019-09-04,101200.89,0.01524927109856522
2019-09-05,102243.0,0.010297439083786664
2019-09-06,102935.43,0.006772395176197765
2019-09-07,102935.43,0.0
2019-09-08,102935.43,0.0
2019-09-09,103180.59,0.002381687238300678
2019-09-10,103031.5,-0.001444942309401398
2019-09-11,103445.6,0.004019159189180055
2019-09-12,104370.91,0.00894489470794313
2019-09-13,103501.18,-0.008333069051520314
2019-09-14,103501.18,0.0
2019-09-15,103501.18,0.0
2019-09-16,103680.41,0.0017316710785326705
2019-09-17,104616.86,0.009032082338408909
2019-09-18,104531.93,-0.0008118194333113227
2019-09-19,104339.16,-0.0018441255222206854
2019-09-20,104817.4,0.004583513994170563
2019-09-21,104817.4,0.0
2019-09-22,104817.4,0.0
2019-09-23,104637.82,-0.001713265163989841
2019-09-24,103875.66,-0.007283790889374475
2019-09-25,104480.98,0.0058273516625548805
2019-09-26,105319.4,0.008024618452085797
2019-09-27,105077.63,-0.0022955884670818882
2019-09-28,105077.63,0.0
2019-09-29,105077.63,0.0
2019-09-30,104745.32,-0.003162518987152585
2019-10-01,104053.4,-0.006605736657256056
2019-10-02,101031.44,-0.029042395539213395
2019-10-03,101516.04,0.00479652670495434
2019-10-04,102551.32,0.0101981913400091
2019-10-05,102551.32,0.0
2019-10-06,102551.32,0.0
2019-10-07,100572.77,-0.019293267019868665
2019-10-08,99981.4,-0.005880021003697222
2019-10-09,101248.78,0.012676157765344476
2019-10-10,101817.13,0.005613400971349991
2019-10-11,103831.92,0.019788320491846534
2019-10-12,103831.92,0.0
2019-10-13,103831.92,0.0
2019-10-14,104301.58,0.004523271841645693
2019-10-15,104489.56,0.001802273752708139
2019-10-16,105422.8,0.008931418602968533
2019-10-17,105015.77,-0.0038609295142986166
2019-10-18,104728.89,-0.0027317801888231408
2019-10-19,104728.89,0.0
2019-10-20,104728.89,0.0
2019-10-21,106022.28,0.012349887409290883
2019-10-22,107381.11,0.012816457069212195
2019-10-23,107543.59,0.0015131152956044946
2019-10-24,106986.15,-0.005183386569111215
2019-10-25,107363.77,0.0035296157493283076
2019-10-26,107363.77,0.0
2019-10-27,107363.77,0.0
2019-10-28,108187.06,0.007668229235988866
2019-10-29,107556.26,-0.005830641853101448
2019-10-30,108407.54,0.007914741550143045
2019-10-31,107219.83,-0.010955972250638601
2019-11-01,108195.63,0.00910092843833099
2019-11-02,108195.63,0.0
2019-11-03,108195.63,0.0
2019-11-04,108779.33,0.005394857444797063
2019-11-05,108719.02,-0.0005544251835344349
2019-11-06,108360.22,-0.0033002504989467774
2019-11-07,109580.57,0.011261974182038337
2019-11-08,107628.98,-0.017809635412555425
2019-11-09,107628.98,0.0
2019-11-10,107628.98,0.0
2019-11-11,108367.44,0.006861163229457512
2019-11-12,106751.11,-0.014915273443757648
2019-11-13,106059.95,-0.006474499422066904
2019-11-14,106556.88,0.0046853689823538325
2019-11-15,106556.88,0.0
2019-11-16,106556.88,0.0
2019-11-17,106556.88,0.0
2019-11-18,106269.25,-0.002699309514317627
2019-11-19,105864.18,-0.0038117329330922267
2019-11-20,105864.18,0.0
2019-11-21,107496.73,0.015421174565372286
2019-11-22,108692.28,0.011121733656456412
2019-11-23,108692.28,0.0
2019-11-24,108692.28,0.0
2019-11-25,108423.93,-0.002468896595048009
2019-11-26,107059.4,-0.012585136878915937
2019-11-27,107707.75,0.006055983874372561
2019-11-28,108290.09,0.0054066675796309305
2019-11-29,108233.28,-0.0005246094079337515
2019-11-30,108233.28,0.0
2019-12-01,108233.28,0.0
2019-12-02,108927.83,0.006417157458408429
2019-12-03,108956.02,0.0002587952041273045
2019-12-04,110300.93,0.012343604327690993
2019-12-05,110622.27,0.002913302725552791
2019-12-06,111125.75,0.004551343956329834
2019-12-07,111125.75,0.0
2019-12-08,111125.75,0.0
2019-12-09,110977.23,-0.001336503915609133
2019-12-10,110672.01,-0.0027502939116429426
2019-12-11,110963.87,0.0026371618261924468
2019-12-12,112199.74,0.011137589199079034
2019-12-13,112564.86,0.003254196489225425
2019-12-14,112564.86,0.0
2019-12-15,112564.86,0.0
2019-12-16,111896.04,-0.0059416411125106094
2019-12-17,112615.66,0.0064311480549268385
2019-12-18,114314.65,0.015086622943913719
2019-12-19,115131.25,0.007143441369938275
2019-12-20,115121.08,-8.833396666840798e-05
2019-12-21,115121.08,0.0
2019-12-22,115121.08,0.0
2019-12-23,115863.29,0.006447211926781771
2019-12-24,115863.29,0.0
2019-12-25,115863.29,0.0
2019-12-26,117203.2,0.011564577529258768
2019-12-27,116533.98,-0.005709912357341751
2019-12-28,116533.98,0.0
2019-12-29,116533.98,0.0
2019-12-30,115645.34,-0.007625586974717602
2019-12-31,115645.34,0.0
2020-01-01,115645.34,0.0
2020-01-02,118573.1,0.025316714015454655
2020-01-03,117706.66,-0.007307222295782068
2020-01-04,117706.66,0.0
2020-01-05,117706.66,0.0
2020-01-06,116877.92,-0.007040723099270729
2020-01-07,116661.94,-0.0018479110511206986
2020-01-08,116247.03,-0.0035565155182573083
2020-01-09,115947.11,-0.0025800229046711864
2020-01-10,115503.42,-0.0038266585514723506
2020-01-11,115503.42,0.0
2020-01-12,115503.42,0.0
2020-01-13,117325.28,0.01577321260270903
2020-01-14,117632.4,0.0026176796680135173
2020-01-15,116414.35,-0.01035471519751352
2020-01-16,116704.21,0.00248989922634113
2020-01-17,118478.3,0.015201593841387417
2020-01-18,118478.3,0.0
2020-01-19,118478.3,0.0
2020-01-20,118861.63,0.0032354448029723315
2020-01-21,117026.04,-0.015443082851884227
2020-01-22,118391.36,0.011666805097395372
2020-01-23,119527.63,0.009597575363607724
2020-01-24,118376.36,-0.009631831568985394
2020-01-25,118376.36,0.0
2020-01-26,118376.36,0.0
2020-01-27,114481.84,-0.03289947418555528
2020-01-28,116478.98,0.017445037571024447
2020-01-29,115384.84,-0.00939345450998974
2020-01-30,115528.04,0.001241064250728341
2020-01-31,113760.57,-0.015299056402237832
2020-02-01,113760.57,0.0
2020-02-02,113760.57,0.0
2020-02-03,114629.21,0.0076356860729511755
2020-02-04,115556.71,0.008091305872211851
2020-02-05,116028.27,0.004080766923876489
2020-02-06,115189.97,-0.007224963364531822
2020-02-07,113770.29,-0.012324684171720945
2020-02-08,113770.29,0.0
2020-02-09,113770.29,0.0
2020-02-10,112570.3,-0.010547481244883805
2020-02-11,115370.61,0.02487609964617654
2020-02-12,116674.13,0.01129854475069525
2020-02-13,115662.4,-0.008671416705657076
2020-02-14,114380.71,-0.01108130213448788
2020-02-15,114380.71,0.0
2020-02-16,114380.71,0.0
2020-02-17,115309.08,0.008116490971248558
2020-02-18,114977.29,-0.0028773969925005582
2020-02-19,116517.59,0.01339655857256683
2020-02-20,114586.24,-0.01657560888446108
2020-02-21,113681.42,-0.00789641059868973
2020-02-22,113681.42,0.0
2020-02-23,113681.42,0.0
2020-02-24,113681.42,0.0
2020-02-25,113681.42,0.0
2020-02-26,105718.29,-0.07004777033925158
2020-02-27,102983.54,-0.02586827690837601
2020-02-28,104171.57,0.011536115383099288
2020-02-29,104171.57,0.0
2020-03-01,104171.57,0.0
2020-03-02,106625.41,0.023555755183491955
2020-03-03,105537.14,-0.010206478924676632
2020-03-04,107224.22,0.015985652065235056
2020-03-05,102233.24,-0.04654713272803468
2020-03-06,97996.77,-0.04143926182912716
2020-03-07,97996.77,0.0
2020-03-08,97996.77,0.0
2020-03-09,86067.2,-0.12173431838620807
2020-03-10,92214.47,0.0714240732822724
2020-03-11,85171.13,-0.07637998678515423
2020-03-12,72582.53,-0.14780360434339668
2020-03-13,82677.91,0.13908829025386704
2020-03-14,82677.91,0.0
2020-03-15,82677.91,0.0
2020-03-16,71168.05,-0.13921324329557916
2020-03-17,74617.24,0.04846542795538178
2020-03-18,66894.95,-0.10349203481661884
2020-03-19,68331.8,0.021479199849913977
2020-03-20,67069.36,-0.01847514627157487
2020-03-21,67069.36,0.0
2020-03-22,67069.36,0.0
2020-03-23,63569.62,-0.05218090645266327
2020-03-24,69729.3,0.09689659935044448
2020-03-25,74955.57,0.07495084562730447
2020-03-26,77709.66,0.03674296653337428
2020-03-27,73428.78,-0.05508813190020401
2020-03-28,73428.78,0.0
2020-03-29,73428.78,0.0
2020-03-30,74639.48,0.016488085461858315
2020-03-31,73019.76,-0.021700579907577122
2020-04-01,70966.7,-0.0281164988764685
2020-04-02,72253.46,0.01813188439084823
2020-04-03,69537.56,-0.03758851133219099
2020-04-04,69537.56,0.0
2020-04-05,69537.56,0.0
2020-04-06,74072.98,0.06522259337256009
2020-04-07,76358.09,0.03084944064623829
2020-04-08,78624.62,0.02968290589772482
2020-04-09,77681.94,-0.011989628693912846
2020-04-10,77681.94,0.0
2020-04-11,77681.94,0.0
2020-04-12,77681.94,0.0
2020-04-13,78835.82,0.014853902979251155
2020-04-14,79918.36,0.013731575316905387
2020-04-15,78831.46,-0.013600128931574584
2020-04-16,77811.85,-0.012934049426459926
2020-04-17,78990.29,0.015144736952019455
2020-04-18,78990.29,0.0
2020-04-19,78990.29,0.0
2020-04-20,78972.76,-0.00022192601141224344
2020-04-21,78972.76,0.0
2020-04-22,80687.15,0.0217086245941005
2020-04-23,79673.3,-0.01256519780411125
2020-04-24,75330.61,-0.05450621475450368
2020-04-25,75330.61,0.0
2020-04-26,75330.61,0.0
2020-04-27,78238.6,0.0386030326848541
2020-04-28,81312.23,0.03928533997285211
2020-04-29,83170.8,0.0228572011860948
2020-04-30,80505.89,-0.03204141357303292
2020-05-01,80505.89,0.0
2020-05-02,80505.89,0.0
2020-05-03,80505.89,0.0
2020-05-04,78876.22,-0.02024286670205122
2020-05-05,79470.78,0.007537886577221764
2020-05-06,79063.68,-0.005122637527906537
2020-05-07,78118.57,-0.011953782065291962
2020-05-08,80263.35,0.02745544369283759
2020-05-09,80263.35,0.0
2020-05-10,80263.35,0.0
2020-05-11,79064.6,-0.014935210155070822
2020-05-12,77871.95,-0.015084500522357769
2020-05-13,77772.2,-0.0012809490451953787
2020-05-14,79010.81,0.015926127845168336
2020-05-15,77556.62,-0.018404949904956114
2020-05-16,77556.62,0.0
2020-05-17,77556.62,0.0
2020-05-18,81194.29,0.04690341069530879
2020-05-19,80742.35,-0.005566154959911418
2020-05-20,81319.45,0.007147426350607722
2020-05-21,83027.09,0.02099915825795673
2020-05-22,82173.21,-0.010284354178858868
2020-05-23,82173.21,0.0
2020-05-24,82173.21,0.0
2020-05-25,85663.48,0.04247454857854516
2020-05-26,85468.91,-0.0022713296261136495
2020-05-27,87946.25,0.02898527663450956
2020-05-28,86949.09,-0.011338289011754377
2020-05-29,87402.59,0.005215695759438033
2020-05-30,87402.59,0.0
2020-05-31,87402.59,0.0
2020-06-01,88620.1,0.013929907569100841
2020-06-02,91046.38,0.02737843897716208
2020-06-03,93002.14,0.021480919944318444
2020-06-04,93828.61,0.008886569706890723
2020-06-05,94637.06,0.00861624189039989
2020-06-06,94637.06,0.0
2020-06-07,94637.06,0.0
2020-06-08,97644.67,0.03178046739828977
2020-06-09,96746.55,-0.009197839472446345
2020-06-10,94685.98,-0.021298640623360843
2020-06-11,94685.98,0.0
2020-06-12,92795.27,-0.019968214935304984
2020-06-13,92795.27,0.0
2020-06-14,92795.27,0.0
2020-06-15,92375.52,-0.00452339866029805
2020-06-16,93531.17,0.01251034906217563
2020-06-17,95547.29,0.02155559478193192
2020-06-18,96125.24,0.006048837177904387
2020-06-19,96572.1,0.004648727014881837
2020-06-20,96572.1,0.0
2020-06-21,96572.1,0.0
2020-06-22,95335.96,-0.012800177276873992
2020-06-23,95975.16,0.006704710373714118
2020-06-24,94377.36,-0.016648057684926054
2020-06-25,95983.09,0.01701393215491498
2020-06-26,93834.49,-0.02238519305848552
2020-06-27,93834.49,0.0
2020-06-28,93834.49,0.0
2020-06-29,95735.35,0.020257583325704598
2020-06-30,95055.82,-0.007098005073361113
2020-07-01,96203.2,0.0120705917849111
2020-07-02,96234.96,0.00033013454853891844
2020-07-03,96764.85,0.005506211048458942
2020-07-04,96764.85,0.0
2020-07-05,96764.85,0.0
2020-07-06,98937.16,0.022449370820085912
2020-07-07,97761.04,-0.011887545589543969
2020-07-08,99769.88,0.020548472070264445
2020-07-09,99160.33,-0.006109559317902358
2020-07-10,100031.83,0.008788796890853323
2020-07-11,100031.83,0.0
2020-07-12,100031.83,0.0
2020-07-13,98697.06,-0.013343452778980525
2020-07-14,100440.23,0.017661822956023254
2020-07-15,101790.54,0.013443915849256749
2020-07-16,100553.27,-0.012155058809983577
2020-07-17,102888.25,0.023221323384112758
2020-07-18,102888.25,0.0
2020-07-19,102888.25,0.0
2020-07-20,104426.37,0.014949423282055951
2020-07-21,104309.74,-0.001116863489557196
2020-07-22,104289.57,-0.0001933664104617483
2020-07-23,102293.31,-0.01914151146658294
2020-07-24,102381.58,0.0008629107807733849
2020-07-25,102381.58,0.0
2020-07-26,102381.58,0.0
2020-07-27,104477.08,0.020467548947769698
2020-07-28,104109.07,-0.003522399362616113
2020-07-29,105605.17,0.014370505855061388
2020-07-30,105008.7,-0.005648113629285412
2020-07-31,102912.24,-0.01996463150196115
2020-08-01,102912.24,0.0
2020-08-02,102912.24,0.0
2020-08-03,102829.96,-0.0007995161702825104
2020-08-04,101215.87,-0.015696689953005993
2020-08-05,102801.76,0.015668392713514168
2020-08-06,104125.64,0.012877989637531506
2020-08-07,102775.55,-0.012965970725365983
2020-08-08,102775.55,0.0
2020-08-09,102775.55,0.0
2020-08-10,103444.48,0.006508649187476845
2020-08-11,102174.4,-0.01227789051672934
2020-08-12,102117.79,-0.0005540526785574595
2020-08-13,100460.6,-0.01622822037178817
2020-08-14,101353.45,0.00888756388076506
2020-08-15,101353.45,0.0
2020-08-16,101353.45,0.0
2020-08-17,99595.41,-0.017345635496374245
2020-08-18,102065.35,0.024799737256967935
2020-08-19,100853.72,-0.011871119826660115
2020-08-20,101467.87,0.006089512612921011
2020-08-21,101521.29,0.0005264720743620721
2020-08-22,101521.29,0.0
2020-08-23,101521.29,0.0
2020-08-24,102297.95,0.007650217998609099
2020-08-25,102117.64,-0.0017625964156662288
2020-08-26,100627.33,-0.014594050547975801
2020-08-27,100623.64,-3.66699583502772e-05
2020-08-28,102142.93,0.01509873822890917
2020-08-29,102142.93,0.0
2020-08-30,102142.93,0.0
2020-08-31,99369.15,-0.027155868741967737
2020-09-01,102167.65,0.028162664166896834
2020-09-02,101911.13,-0.002510775181772229
2020-09-03,100721.36,-0.01167458353174966
2020-09-04,101241.73,0.005166431430234875
2020-09-05,101241.73,0.0
2020-09-06,101241.73,0.0
2020-09-07,101241.73,0.0
2020-09-08,100050.43,-0.011766887033637263
2020-09-09,101292.05,0.012409941666417623
2020-09-10,98834.59,-0.024261134017921515
2020-09-11,98363.22,-0.0047692816856932385
2020-09-12,98363.22,0.0
2020-09-13,98363.22,0.0
2020-09-14,100274.52,0.019431043432697637
2020-09-15,100297.91,0.00023325965559339856
2020-09-16,99675.68,-0.006203818205185008
2020-09-17,100097.83,0.0042352357164756604
2020-09-18,98289.71,-0.01806352845011716
2020-09-19,98289.71,0.0
2020-09-20,98289.71,0.0
2020-09-21,96990.72,-0.013215930741885429
2020-09-22,97293.54,0.003122154366933083
2020-09-23,95734.82,-0.016020796447533736
2020-09-24,97012.07,0.013341540726770074
2020-09-25,96999.38,-0.000130808465379606
2020-09-26,96999.38,0.0
2020-09-27,96999.38,0.0
2020-09-28,94666.37,-0.024051803217711387
2020-09-29,93580.35,-0.011472078204752045
2020-09-30,94603.38,0.010932102733105742
2020-10-01,95478.52,0.00925062085519568
2020-10-02,94015.68,-0.015321142388885045
2020-10-03,94015.68,0.0
2020-10-04,94015.68,0.0
2020-10-05,96089.19,0.022054938069905106
2020-10-06,95615.03,-0.004934582131455145
2020-10-07,95526.26,-0.0009284105229063755
2020-10-08,97919.73,0.02505562344846335
2020-10-09,97483.31,-0.004456915884061385
2020-10-10,97483.31,0.0
2020-10-11,97483.31,0.0
2020-10-12,97483.31,0.0
2020-10-13,98502.82,0.010458303067468755
2020-10-14,99334.43,0.008442499412707027
2020-10-15,99054.06,-0.002822485617524517
2020-10-16,98309.12,-0.007520539794128589
2020-10-17,98309.12,0.0
2020-10-18,98309.12,0.0
2020-10-19,98657.65,0.00354524585308047
2020-10-20,100539.83,0.01907789208439503
2020-10-21,100552.44,0.00012542292940032063
2020-10-22,101917.73,0.01357789030281098
2020-10-23,101259.75,-0.006455991513939718
2020-10-24,101259.75,0.0
2020-10-25,101259.75,0.0
2020-10-26,101016.96,-0.002397695036774228
2020-10-27,99605.54,-0.013972109237894381
2020-10-28,95368.76,-0.04253558587203077
2020-10-29,96582.16,0.0127232439637468
2020-10-30,93952.4,-0.027228216888087964
2020-10-31,93952.4,0.0
2020-11-01,93952.4,0.0
2020-11-02,93952.4,0.0
2020-11-03,95979.71,0.021578054419046477
2020-11-04,97866.81,0.01966144719545393
2020-11-05,100751.4,0.029474650292576232
2020-11-06,100925.11,0.0017241447761520146
2020-11-07,100925.11,0.0
2020-11-08,100925.11,0.0
2020-11-09,103515.16,0.025663088204709528
2020-11-10,105066.96,0.014991040925792953
2020-11-11,104808.83,-0.0024568142068639442
2020-11-12,102507.01,-0.02196208086665985
2020-11-13,104723.0,0.0216179361782185
2020-11-14,104723.0,0.0
2020-11-15,104723.0,0.0
2020-11-16,106429.92,0.01629938026985478
2020-11-17,107248.63,0.007692479708713451
2020-11-18,106119.09,-0.010531976026174061
2020-11-19,106669.9,0.005190489288967592
2020-11-20,106042.48,-0.005881884205385046
2020-11-21,106042.48,0.0
2020-11-22,106042.48,0.0
2020-11-23,107378.92,0.012602873867152198
2020-11-24,109786.3,0.022419484196712025
2020-11-25,110132.53,0.0031536721794978018
2020-11-26,110227.09,0.000858601904450973
2020-11-27,110575.47,0.0031605660641136346
2020-11-28,110575.47,0.0
2020-11-29,110575.47,0.0
2020-11-30,108893.32,-0.015212686864455538
2020-12-01,111399.91,0.023018767358732317
2020-12-02,111878.53,0.004296412806796601
2020-12-03,112291.59,0.0036920399293769446
2020-12-04,113750.22,0.012989663785150762
2020-12-05,113750.22,0.0
2020-12-06,113750.22,0.0
2020-12-07,113589.77,-0.001410546722459105
2020-12-08,113793.06,0.0017896858141361882
2020-12-09,113001.16,-0.006959123869241135
2020-12-10,115128.63,0.018826974873532354
2020-12-11,115128.0,-5.472140161888461e-06
2020-12-12,115128.0,0.0
2020-12-13,115128.0,0.0
2020-12-14,114611.12,-0.004489611562782381
2020-12-15,116148.63,0.013415015925156482
2020-12-16,117857.35,0.014711495090385496
2020-12-17,118400.57,0.004609131293042079
2020-12-18,118023.67,-0.0031832617022030663
2020-12-19,118023.67,0.0
2020-12-20,118023.67,0.0
2020-12-21,115822.57,-0.018649648837389954
2020-12-22,116636.18,0.007024623957144094
2020-12-23,117806.85,0.010036937080758479
2020-12-24,117806.85,0.0
2020-12-25,117806.85,0.0
2020-12-26,117806.85,0.0
2020-12-27,117806.85,0.0
2020-12-28,119123.7,0.011178042702949753
2020-12-29,119409.15,0.002396248605441187
2020-12-30,119017.24,-0.003282076792272548
2020-12-31,119017.24,0.0
2021-01-01,119017.24,0.0
2021-01-02,119017.24,0.0
2021-01-03,119017.24,0.0
2021-01-04,118854.71,-0.0013656004793927146
2021-01-05,119376.21,0.004387710003246781
2021-01-06,119100.08,-0.002313107444104734
2021-01-07,122385.92,0.027588898344988566
2021-01-08,125076.63,0.021985453882276795
2021-01-09,125076.63,0.0
2021-01-10,125076.63,0.0
2021-01-11,123255.13,-0.014563072254185294
2021-01-12,123998.0,0.006027091935240314
2021-01-13,121933.08,-0.01665284923950383
2021-01-14,123480.52,0.012690895694589255
2021-01-15,120348.8,-0.0253620571082791
2021-01-16,120348.8,0.0
2021-01-17,120348.8,0.0
2021-01-18,121241.63,0.0074186863516712
2021-01-19,120636.39,-0.004992014706499792
2021-01-20,119646.4,-0.008206396096567592
2021-01-21,118328.99,-0.011010862006712974
2021-01-22,117380.49,-0.008015787171005151
2021-01-23,117380.49,0.0
2021-01-24,117380.49,0.0
2021-01-25,117380.49,0.0
2021-01-26,116464.06,-0.007807345155911416
2021-01-27,115882.3,-0.0049951890737794935
2021-01-28,118883.25,0.025896534673543803
2021-01-29,115067.55,-0.03209619521673568
2021-01-30,115067.55,0.0
2021-01-31,115067.55,0.0
2021-02-01,117517.57,0.021292014994670483
2021-02-02,118233.81,0.00609474821509659
2021-02-03,119724.72,0.012609844848948004
2021-02-04,119260.82,-0.0038747219454762227
2021-02-05,120240.26,0.008212588174389523
2021-02-06,120240.26,0.0
2021-02-07,120240.26,0.0
2021-02-08,119696.36,-0.0045234433125809215
2021-02-09,119471.62,-0.0018775842473405246
2021-02-10,118435.33,-0.008673942815875413
2021-02-11,119299.83,0.007299342181087409
2021-02-12,119428.72,0.0010803871220939065
2021-02-13,119428.72,0.0
2021-02-14,119428.72,0.0
2021-02-15,119428.72,0.0
2021-02-16,119428.72,0.0
2021-02-17,120355.79,0.007762538190143831
2021-02-18,119198.97,-0.009611668869441092
2021-02-19,118430.53,-0.00644670000084735
2021-02-20,118430.53,0.0
2021-02-21,118430.53,0.0
2021-02-22,112667.7,-0.04866000346363397
2021-02-23,115227.46,0.022719554938993136
2021-02-24,115667.78,0.0038213113436675883
2021-02-25,112256.36,-0.029493260785328435
2021-02-26,110035.17,-0.019786763084069348
2021-02-27,110035.17,0.0
2021-02-28,110035.17,0.0
2021-03-01,110334.83,0.0027233111013507116
2021-03-02,111539.8,0.010921030104455776
2021-03-03,111183.95,-0.0031903410262525966
2021-03-04,112690.17,0.013547099199120005
2021-03-05,115202.23,0.02229174026447911
2021-03-06,115202.23,0.0
2021-03-07,115202.23,0.0
2021-03-08,110611.58,-0.03984862098589581
2021-03-09,111330.62,0.00650058520093455
2021-03-10,112776.49,0.012987172801157687
2021-03-11,114983.76,0.019572075704785474
2021-03-12,114160.4,-0.007160663384116139
2021-03-13,114160.4,0.0
2021-03-14,114160.4,0.0
2021-03-15,114850.74,0.006047105651346696
2021-03-16,114018.78,-0.007243836652685132
2021-03-17,116549.44,0.022195115576574276
2021-03-18,114835.43,-0.014706291167079
2021-03-19,116221.58,0.012070752031842602
2021-03-20,116221.58,0.0
2021-03-21,116221.58,0.0
2021-03-22,114978.86,-0.010692678588606341
2021-03-23,113261.8,-0.014933701725691084
2021-03-24,112064.19,-0.010573821005846584
2021-03-25,113749.9,0.015042360989714787
2021-03-26,114780.62,0.009061282691237516
2021-03-27,114780.62,0.0
2021-03-28,114780.62,0.0
2021-03-29,115418.72,0.005559300864553585
2021-03-30,116849.67,0.012397902177393672
2021-03-31,116633.72,-0.0018481010686636212
2021-04-01,115253.31,-0.011835428039164042
2021-04-02,115253.31,0.0
2021-04-03,115253.31,0.0
2021-04-04,115253.31,0.0
2021-04-05,117518.44,0.019653491947433155
2021-04-06,117498.87,-0.0001665270573707467
2021-04-07,117623.58,0.0010613719093639506
2021-04-08,118313.23,0.005863195117849607
2021-04-09,117669.9,-0.0054375153142214305
2021-04-10,117669.9,0.0
2021-04-11,117669.9,0.0
2021-04-12,118811.74,0.00970375601576956
2021-04-13,119297.13,0.004085370688115431
2021-04-14,120294.68,0.008361894372479695
2021-04-15,120700.67,0.0033749622177805527
2021-04-16,121113.93,0.0034238418063461395
2021-04-17,121113.93,0.0
2021-04-18,121113.93,0.0
2021-04-19,120933.78,-0.0014874424436560618
2021-04-20,120061.99,-0.007208821224309658
2021-04-21,120061.99,0.0
2021-04-22,119371.48,-0.005751278985131059
2021-04-23,120530.06,0.009705668389132782
2021-04-24,120530.06,0.0
2021-04-25,120530.06,0.0
2021-04-26,120594.61,0.0005355510484272852
2021-04-27,119388.37,-0.010002437090679273
2021-04-28,121052.52,0.013938962396421006
2021-04-29,120065.75,-0.008151585774505143
2021-04-30,118893.84,-0.009760568688406135
2021-05-01,118893.84,0.0
2021-05-02,118893.84,0.0
2021-05-03,119209.48,0.002654805328854648
2021-05-04,117712.0,-0.012561752639135726
2021-05-05,119564.44,0.01573705314666296
2021-05-06,119920.61,0.00297889573187482
2021-05-07,122038.11,0.017657515251131572
2021-05-08,122038.11,0.0
2021-05-09,122038.11,0.0
2021-05-10,121909.03,-0.0010577023849352996
2021-05-11,122964.01,0.00865382982704399
2021-05-12,119710.03,-0.026462865028555882
2021-05-13,120705.91,0.008319102417734037
2021-05-14,121880.82,0.009733657614610536
2021-05-15,121880.82,0.0
2021-05-16,121880.82,0.0
2021-05-17,122937.87,0.00867281660888053
2021-05-18,122979.96,0.0003423680595735501
2021-05-19,122636.3,-0.002794439028927953
2021-05-20,122700.79,0.0005258638755407663
2021-05-21,122592.47,-0.0008827979021160948
2021-05-22,122592.47,0.0
2021-05-23,122592.47,0.0
2021-05-24,124031.62,0.0117393017695131
2021-05-25,122987.71,-0.00841648282913654
2021-05-26,123989.17,0.008142764833982019
2021-05-27,124366.57,0.003043814229904074
2021-05-28,125561.37,0.00960708331829041
2021-05-29,125561.37,0.0
2021-05-30,125561.37,0.0
2021-05-31,126215.73,0.005211475472113758
2021-06-01,128267.05,0.01625249087415659
2021-06-02,129601.44,0.010403217350052119
2021-06-03,129601.44,0.0
2021-06-04,130125.78,0.004045788380129034
2021-06-05,130125.78,0.0
2021-06-06,130125.78,0.0
2021-06-07,130776.27,0.004998932571240067
2021-06-08,129787.11,-0.007563757553262551
2021-06-09,129906.8,0.0009222025207280549
2021-06-10,130076.17,0.0013037808644351667
2021-06-11,129441.03,-0.0048828313441270366
2021-06-12,129441.03,0.0
2021-06-13,129441.03,0.0
2021-06-14,130207.96,0.005924937401996955
2021-06-15,130091.08,-0.0008976409737162516
2021-06-16,129259.49,-0.006392367562787493
2021-06-17,128057.22,-0.009301212622763733
2021-06-18,128405.35,0.0027185503480398054
2021-06-19,128405.35,0.0
2021-06-20,128405.35,0.0
2021-06-21,129264.96,0.006694502993839446
2021-06-22,128767.45,-0.0038487614895793554
2021-06-23,128427.98,-0.002636302885550612
2021-06-24,129513.62,0.008453298105288276
2021-06-25,127255.61,-0.017434537000818873
2021-06-26,127255.61,0.0
2021-06-27,127255.61,0.0
2021-06-28,127429.17,0.0013638691449437967
2021-06-29,127327.44,-0.0007983258464290266
2021-06-30,126801.66,-0.00412935342138343
2021-07-01,125666.19,-0.008954693495337507
2021-07-02,127621.65,0.015560748678701719
2021-07-03,127621.65,0.0
2021-07-04,127621.65,0.0
2021-07-05,126920.05,-0.005497499836430553
2021-07-06,125094.88,-0.014380470225153541
2021-07-07,127018.71,0.015378966749078682
2021-07-08,125427.77,-0.012525241360111461
2021-07-09,125427.77,0.0
2021-07-10,125427.77,0.0
2021-07-11,125427.77,0.0
2021-07-12,127593.83,0.017269381413701268
2021-07-13,128167.74,0.00449794476739207
2021-07-14,128406.51,0.0018629492881749865
2021-07-15,127467.88,-0.007309831876904038
2021-07-16,125960.26,-0.011827450178037102
2021-07-17,125960.26,0.0
2021-07-18,125960.26,0.0
2021-07-19,124394.57,-0.012430031503586791
2021-07-20,125401.36,0.008093520480837668
2021-07-21,125929.25,0.004209603468415368
2021-07-22,126146.66,0.00172644560338453
2021-07-23,125052.78,-0.008671493957905896
2021-07-24,125052.78,0.0
2021-07-25,125052.78,0.0
2021-07-26,126003.86,0.007605428683792548
2021-07-27,124612.03,-0.011045931450036517
2021-07-28,126285.59,0.013430164005834744
2021-07-29,125675.33,-0.004832380321460272
2021-07-30,121800.79,-0.03082975791668907
2021-07-31,121800.79,0.0
2021-08-01,121800.79,0.0
2021-08-02,122515.74,0.005869830565138567
2021-08-03,123576.56,0.008658642554825846
2021-08-04,121801.21,-0.01436639764045855
2021-08-05,121632.92,-0.0013816775711834595
2021-08-06,122810.36,0.009680274057385141
2021-08-07,122810.36,0.0
2021-08-08,122810.36,0.0
2021-08-09,123019.38,0.0017019736771393124
2021-08-10,122202.47,-0.006640498432035735
2021-08-11,122056.34,-0.0011958023434387455
2021-08-12,120700.98,-0.01110438015755677
2021-08-13,121193.75,0.004082568343687143
2021-08-14,121193.75,0.0
2021-08-15,121193.75,0.0
2021-08-16,119180.03,-0.016615708318291955
2021-08-17,117903.81,-0.010708337630054299
2021-08-18,116642.62,-0.010696770528450306
2021-08-19,117164.69,0.004475808242304646
2021-08-20,118052.77,0.00757975803119515
2021-08-21,118052.77,0.0
2021-08-22,118052.77,0.0
2021-08-23,117471.67,-0.004922374968414633
2021-08-24,120210.75,0.023316941012245795
2021-08-25,120817.71,0.005049132461115269
2021-08-26,118723.97,-0.017329744124433444
2021-08-27,120677.6,0.016455228038617653
2021-08-28,120677.6,0.0
2021-08-29,120677.6,0.0
2021-08-30,119739.96,-0.007769793234204236
2021-08-31,118781.03,-0.008008437617650799
2021-09-01,119395.6,0.005173974329065967
2021-09-02,116677.08,-0.02276901326347036
2021-09-03,116933.24,0.0021954611822647685
2021-09-04,116933.24,0.0
2021-09-05,116933.24,0.0
2021-09-06,117868.63,0.00799935074064484
2021-09-07,117868.63,0.0
2021-09-08,113412.84,-0.03780301849610035
2021-09-09,115360.86,0.0171763620415466
2021-09-10,114285.93,-0.009317978385390058
2021-09-11,114285.93,0.0
2021-09-12,114285.93,0.0
2021-09-13,116403.72,0.0185306275234407
2021-09-14,116180.55,-0.0019172067696805462
2021-09-15,115062.54,-0.0096230393125184
2021-09-16,113794.28,-0.011022353582669009
2021-09-17,111439.37,-0.020694449668296144
2021-09-18,111439.37,0.0
2021-09-19,111439.37,0.0
2021-09-20,108843.74,-0.023291858164668278
2021-09-21,110249.73,0.012917509082286172
2021-09-22,112282.28,0.018435872813475473
2021-09-23,114064.36,0.015871426907255515
2021-09-24,113282.67,-0.006853060850909087
2021-09-25,113282.67,0.0
2021-09-26,113282.67,0.0
2021-09-27,113583.01,0.002651244007578546
2021-09-28,110123.85,-0.03045490694426911
2021-09-29,111106.83,0.008926131805235604
2021-09-30,110979.1,-0.0011496142946387788
2021-10-01,112899.64,0.017305420570179475
2021-10-02,112899.64,0.0
2021-10-03,112899.64,0.0
2021-10-04,110393.09,-0.0222015765506427
2021-10-05,110457.64,0.0005847286274893726
2021-10-06,110559.57,0.0009227971917560307
2021-10-07,110585.43,0.00023390105442699927
2021-10-08,112833.2,0.020326095399728628
2021-10-09,112833.2,0.0
2021-10-10,112833.2,0.0
2021-10-11,112180.48,-0.005784822197721917
2021-10-12,112180.48,0.0
2021-10-13,113455.92,0.011369535947787002
2021-10-14,113185.48,-0.0023836570185143957
2021-10-15,114647.99,0.012921357050392102
2021-10-16,114647.99,0.0
2021-10-17,114647.99,0.0
2021-10-18,114428.18,-0.0019172599537070623
2021-10-19,110672.76,-0.03281901363807416
2021-10-20,110786.43,0.0010270820028341898
2021-10-21,107735.01,-0.027543265000957273
2021-10-22,106296.18,-0.013355268635515949
2021-10-23,106296.18,0.0
2021-10-24,106296.18,0.0
2021-10-25,108714.55,0.022751240919476112
2021-10-26,106419.53,-0.021110513726083635
2021-10-27,106363.1,-0.0005302598122730595
2021-10-28,105704.96,-0.006187672228432639
2021-10-29,103500.71,-0.020852853073308975
2021-10-30,103500.71,0.0
2021-10-31,103500.71,0.0
2021-11-01,105550.86,0.01980807667889417
2021-11-02,105550.86,0.0
2021-11-03,105616.88,0.0006254804555831939
2021-11-04,103412.09,-0.02087535628774495
2021-11-05,104824.23,0.013655463302211457
2021-11-06,104824.23,0.0
2021-11-07,104824.23,0.0
2021-11-08,104781.13,-0.0004111644798153735
2021-11-09,105535.08,0.007195474986765316
2021-11-10,105967.51,0.004097500091912565
2021-11-11,107594.67,0.015355272573640777
2021-11-12,106334.54,-0.011711825502136897
2021-11-13,106334.54,0.0
2021-11-14,106334.54,0.0
2021-11-15,106334.54,0.0
2021-11-16,104403.66,-0.018158540019075575
2021-11-17,102948.45,-0.013938304461740159
2021-11-18,102426.0,-0.00507486999561424
2021-11-19,103035.02,0.005945951223322199
2021-11-20,103035.02,0.0
2021-11-21,103035.02,0.0
2021-11-22,102122.37,-0.008857668004529029
2021-11-23,103653.82,0.014996224627376042
2021-11-24,104514.19,0.008300417678769545
2021-11-25,105811.25,0.01241037221835617
2021-11-26,102224.26,-0.03389989249725345
2021-11-27,102224.26,0.0
2021-11-28,102224.26,0.0
2021-11-29,102814.03,0.005769374119215964
2021-11-30,101915.45,-0.008739857780110327
2021-12-01,100774.57,-0.011194377300006941
2021-12-02,104466.24,0.036632952142589215
2021-12-03,105069.69,0.005776507319493751
2021-12-04,105069.69,0.0
2021-12-05,105069.69,0.0
2021-12-06,106858.87,0.017028507460143727
2021-12-07,107557.67,0.006539466494452029
2021-12-08,108095.53,0.0050006661542594255
2021-12-09,106291.24,-0.01669162452878481
2021-12-10,107758.34,0.013802642626052686
2021-12-11,107758.34,0.0
2021-12-12,107758.34,0.0
2021-12-13,107383.32,-0.0034801946652109894
2021-12-14,106759.92,-0.005805370890004213
2021-12-15,107431.18,0.006287565595777922
2021-12-16,108326.33,0.008332310973406587
2021-12-17,107200.56,-0.010392394905282987
2021-12-18,107200.56,0.0
2021-12-19,107200.56,0.0
2021-12-20,105019.78,-0.020342990745570777
2021-12-21,105499.88,0.0045715197651339246
2021-12-22,105243.72,-0.0024280596338119853
2021-12-23,104891.32,-0.003348418318926738
2021-12-24,104891.32,0.0
2021-12-25,104891.32,0.0
2021-12-26,104891.32,0.0
2021-12-27,105554.4,0.0063215907665190585
2021-12-28,104864.17,-0.006539092638487842
2021-12-29,104107.24,-0.007218194737058314
2021-12-30,104822.44,0.006869839215793316
2021-12-31,104822.44,0.0
2022-01-01,104822.44,0.0
2022-01-02,104822.44,0.0
2022-01-03,103921.59,-0.008594056768760683
2022-01-04,103513.64,-0.0039255557964422705
2022-01-05,101005.64,-0.02422869102081615
2022-01-06,101561.05,0.005498801849084911
2022-01-07,102719.47,0.011406144383107497
2022-01-08,102719.47,0.0
2022-01-09,102719.47,0.0
2022-01-10,101945.2,-0.007537714125666728
2022-01-11,103778.98,0.017987899381236128
2022-01-12,105685.66,0.01837250664826362
2022-01-13,105529.5,-0.0014775892964097315
2022-01-14,106927.79,0.013250228609061887
2022-01-15,106927.79,0.0
2022-01-16,106927.79,0.0
2022-01-17,106373.87,-0.005180318418626206
2022-01-18,106667.66,0.0027618624761889254
2022-01-19,108013.47,0.012616851255572659
2022-01-20,109101.99,0.01007763198423306
2022-01-21,108941.68,-0.0014693590831845738
2022-01-22,108941.68,0.0
2022-01-23,108941.68,0.0
2022-01-24,107937.11,-0.009221172282270595
2022-01-25,110203.77,0.02099982109952725
2022-01-26,111289.18,0.009849118591859218
2022-01-27,112611.65,0.011883185768823079
2022-01-28,111910.1,-0.006229817252477732
2022-01-29,111910.1,0.0
2022-01-30,111910.1,0.0
2022-01-31,112143.51,0.002085691997415706
2022-02-01,113228.31,0.009673319481439568
2022-02-02,111894.36,-0.011781064293903132
2022-02-03,111695.94,-0.0017732797256269084
2022-02-04,112244.94,0.004915129412940145
2022-02-05,112244.94,0.0
2022-02-06,112244.94,0.0
2022-02-07,111996.4,-0.0022142646252027998
2022-02-08,112234.46,0.002125604037272799
2022-02-09,112461.39,0.002021928024601216
2022-02-10,113367.77,0.008059477123659953
2022-02-11,113572.35,0.0018045693233623705
2022-02-12,113572.35,0.0
2022-02-13,113572.35,0.0
2022-02-14,113899.19,0.0028778131296922638
2022-02-15,114828.18,0.008156247643200887
2022-02-16,115180.95,0.003072155284530309
2022-02-17,113528.48,-0.014346730079930814
2022-02-18,112879.85,-0.0057133681345860055
2022-02-19,112879.85,0.0
2022-02-20,112879.85,0.0
2022-02-21,111725.3,-0.010228131947375929
2022-02-22,112891.8,0.010440786464659402
2022-02-23,112007.61,-0.007832189760460961
2022-02-24,111591.87,-0.0037117120881340337
2022-02-25,113141.94,0.013890528046532458
2022-02-26,113141.94,0.0
2022-02-27,113141.94,0.0
2022-02-28,113141.94,0.0
2022-03-01,113141.94,0.0
2022-03-02,115173.61,0.017956824852039865
2022-03-03,115165.55,-6.998130908630884e-05
2022-03-04,114473.78,-0.006006744204321568
2022-03-05,114473.78,0.0
2022-03-06,114473.78,0.0
2022-03-07,111593.46,-0.025161395037361367
2022-03-08,111203.45,-0.0034949180713638173
2022-03-09,113900.34,0.02425185549549047
2022-03-10,113663.13,-0.0020826101133674113
2022-03-11,111713.07,-0.017156486892451417
2022-03-12,111713.07,0.0
2022-03-13,111713.07,0.0
2022-03-14,109927.62,-0.01598246292936012
2022-03-15,108959.3,-0.008808705218943058
2022-03-16,111112.43,0.01976086483668671
2022-03-17,113076.33,0.017674890199053328
2022-03-18,115310.91,0.019761695484810993
2022-03-19,115310.91,0.0
2022-03-20,115310.91,0.0
2022-03-21,116154.53,0.007316046677630084
2022-03-22,117272.44,0.009624334066006712
2022-03-23,117457.34,0.0015766705288982052
2022-03-24,119052.91,0.013584251099165057
2022-03-25,119081.13,0.00023703746510683743
2022-03-26,119081.13,0.0
2022-03-27,119081.13,0.0
2022-03-28,118737.78,-0.002883328366131588
2022-03-29,120014.17,0.01074965356434987
2022-03-30,120259.76,0.002046341694484921
2022-03-31,119999.23,-0.002166393812859768
2022-04-01,121570.15,0.013091084001122244
2022-04-02,121570.15,0.0
2022-04-03,121570.15,0.0
2022-04-04,121279.51,-0.002390718445276274
2022-04-05,118885.15,-0.019742494012385148
2022-04-06,118227.75,-0.005529706611801299
2022-04-07,118862.12,0.005365660769151015
2022-04-08,118322.26,-0.004541901154043071
2022-04-09,118322.26,0.0
2022-04-10,118322.26,0.0
2022-04-11,116952.85,-0.011573561897820328
2022-04-12,116146.86,-0.006891580666909869
2022-04-13,116781.96,0.005468077225677881
2022-04-14,116181.61,-0.005140776880264819
2022-04-15,116181.61,0.0
2022-04-16,116181.61,0.0
2022-04-17,116181.61,0.0
2022-04-18,115687.25,-0.004255062397568787
2022-04-19,115056.66,-0.005450816749468901
2022-04-20,114343.78,-0.0061959038268624145
2022-04-21,114343.78,0.0
2022-04-22,111077.51,-0.02856534916022546
2022-04-23,111077.51,0.0
2022-04-24,111077.51,0.0
2022-04-25,110684.95,-0.0035341087498270696
2022-04-26,108212.86,-0.022334472753522516
2022-04-27,109349.37,0.010502541010375177
2022-04-28,109918.97,0.005208992059122064
2022-04-29,107876.16,-0.018584690158577666
2022-04-30,107876.16,0.0
2022-05-01,107876.16,0.0
2022-05-02,106638.64,-0.01147167270321825
2022-05-03,106528.09,-0.0010366786373119385
2022-05-04,108343.74,0.017043861389047787
2022-05-05,105304.19,-0.028054689638736918
2022-05-06,105134.73,-0.0016092427091458639
2022-05-07,105134.73,0.0
2022-05-08,105134.73,0.0
2022-05-09,103250.02,-0.017926616637527815
2022-05-10,103109.94,-0.001356706758991466
2022-05-11,104396.9,0.012481434864572538
2022-05-12,105687.64,0.01236377708533487
2022-05-13,106924.18,0.0116999490195826
2022-05-14,106924.18,0.0
2022-05-15,106924.18,0.0
2022-05-16,108232.74,0.012238204679241083
2022-05-17,108789.33,0.0051425289611997105
2022-05-18,106247.15,-0.02336791668815319
2022-05-19,107005.22,0.0071349678556085205
2022-05-20,108487.88,0.013855959550384656
2022-05-21,108487.88,0.0
2022-05-22,108487.88,0.0
2022-05-23,110345.82,0.017125784004627942
2022-05-24,110580.79,0.0021293964737403304
2022-05-25,110579.81,-8.862298777168043e-06
2022-05-26,111889.88,0.011847280258484805
2022-05-27,111941.68,0.0004629551841506263
2022-05-28,111941.68,0.0
2022-05-29,111941.68,0.0
2022-05-30,111032.11,-0.008125391721832242
2022-05-31,111350.51,0.0028676389199484564
2022-06-01,111359.94,8.468753308821242e-05
2022-06-02,112392.91,0.009275956865637758
2022-06-03,111102.32,-0.011482841755765527
2022-06-04,111102.32,0.0
2022-06-05,111102.32,0.0
2022-06-06,110185.91,-0.008248342608867198
2022-06-07,110069.76,-0.0010541275195713462
2022-06-08,108367.67,-0.015463738632663482
2022-06-09,107093.71,-0.011755904690024188
2022-06-10,105481.23,-0.015056719951153208
2022-06-11,105481.23,0.0
2022-06-12,105481.23,0.0
2022-06-13,102598.18,-0.027332350978463205
2022-06-14,102063.25,-0.0052138351771930935
2022-06-15,102806.82,0.007285384308259868
2022-06-16,102806.82,0.0
2022-06-17,99824.94,-0.02900469054484911
2022-06-18,99824.94,0.0
2022-06-19,99824.94,0.0
2022-06-20,99852.67,0.00027778629268393473
2022-06-21,99684.5,-0.0016841813043155796
2022-06-22,99522.32,-0.0016269329735314475
2022-06-23,98080.34,-0.014489011108262062
2022-06-24,98672.26,0.006035052488602588
2022-06-25,98672.26,0.0
2022-06-26,98672.26,0.0
2022-06-27,100763.6,0.021194811996806617
2022-06-28,100591.41,-0.0017088512121440358
2022-06-29,99621.58,-0.009641280502977412
2022-06-30,98541.95,-0.010837310550585566
2022-07-01,98953.9,0.004180453096371606
2022-07-02,98953.9,0.0
2022-07-03,98953.9,0.0
2022-07-04,98608.76,-0.0034878867836436456
2022-07-05,98294.64,-0.0031855182034536966
2022-07-06,98718.98,0.00431702074497653
2022-07-07,100729.72,0.020368322282098283
2022-07-08,100288.94,-0.004375868413016515
2022-07-09,100288.94,0.0
2022-07-10,100288.94,0.0
2022-07-11,98212.46,-0.0207049750451046
2022-07-12,98271.21,0.0005981929380447504
2022-07-13,97881.16,-0.003969117710059811
2022-07-14,96120.85,-0.017984155479971786
2022-07-15,96551.0,0.004475095673831309
2022-07-16,96551.0,0.0
2022-07-17,96551.0,0.0
2022-07-18,96916.13,0.00378173193441822
2022-07-19,98244.8,0.013709482621726554
2022-07-20,98286.83,0.0004278089018452391
2022-07-21,99033.17,0.007593489382046403
2022-07-22,98924.82,-0.001094077873100452
2022-07-23,98924.82,0.0
2022-07-24,98924.82,0.0
2022-07-25,100269.85,0.013596486705762967
2022-07-26,99771.69,-0.004968193330298187
2022-07-27,101437.96,0.016700829664206385
2022-07-28,102596.66,0.011422745488966823
2022-07-29,103164.69,0.005536535010009169
2022-07-30,103164.69,0.0
2022-07-31,103164.69,0.0
2022-08-01,102225.08,-0.009107864328386062
2022-08-02,103361.7,0.011118797852738282
2022-08-03,103774.68,0.003995483820409262
2022-08-04,105892.22,0.02040517012435017
2022-08-05,106471.92,0.005474434287995766
2022-08-06,106471.92,0.0
2022-08-07,106471.92,0.0
2022-08-08,108402.27,0.01813013233911831
2022-08-09,108651.05,0.0022949703913026642
2022-08-10,110235.76,0.014585316938952708
2022-08-11,109717.94,-0.00469738676451259
2022-08-12,112764.26,0.027765012722622995
2022-08-13,112764.26,0.0
2022-08-14,112764.26,0.0
2022-08-15,113031.98,0.002374156492491508
2022-08-16,113512.38,0.004250124610751804
2022-08-17,113707.76,0.0017212219495352787
2022-08-18,113812.87,0.0009243872186031066
2022-08-19,111496.21,-0.02035499148734221
2022-08-20,111496.21,0.0
2022-08-21,111496.21,0.0
2022-08-22,110500.53,-0.00893016901650745
2022-08-23,112857.1,0.0213263230502152
2022-08-24,112897.84,0.0003609874788559342
2022-08-25,113531.72,0.005614633548347792
2022-08-26,112298.86,-0.010859167816712367
2022-08-27,112298.86,0.0
2022-08-28,112298.86,0.0
2022-08-29,112323.12,0.0002160306881120455
2022-08-30,110430.64,-0.016848534834146278
2022-08-31,109522.88,-0.008220182369675588
2022-09-01,110405.3,0.00805694663982548
2022-09-02,110864.24,0.004156865657717557
2022-09-03,110864.24,0.0
2022-09-04,110864.24,0.0
2022-09-05,112203.35,0.012078827221473798
2022-09-06,109763.77,-0.0217424880807926
2022-09-07,109763.77,0.0
2022-09-08,109915.64,0.0013836077241151656
2022-09-09,112300.41,0.02169636641336936
2022-09-10,112300.41,0.0
2022-09-11,112300.41,0.0
2022-09-12,113406.55,0.009849830468116716
2022-09-13,110793.96,-0.023037381879618013
2022-09-14,110546.67,-0.0022319808769359906
2022-09-15,109953.65,-0.005364431149305626
2022-09-16,109280.37,-0.00612330741180489
2022-09-17,109280.37,0.0
2022-09-18,109280.37,0.0
2022-09-19,111823.89,0.023275177417499737
2022-09-20,112516.91,0.006197423466488328
2022-09-21,111935.86,-0.005164112665376308
2022-09-22,114070.48,0.01907002813932901
2022-09-23,111716.0,-0.02064057238998207
2022-09-24,111716.0,0.0
2022-09-25,111716.0,0.0
2022-09-26,109114.16,-0.023289770489455353
2022-09-27,108376.35,-0.006761817164701589
2022-09-28,108451.2,0.0006906488362081742
2022-09-29,107664.35,-0.007255336962615377
2022-09-30,110036.79,0.022035520578538748
2022-10-01,110036.79,0.0
2022-10-02,110036.79,0.0
2022-10-03,116134.46,0.05541482989461999
2022-10-04,116230.12,0.0008237003900477546
2022-10-05,117197.82,0.0083257248637445
2022-10-06,117560.83,0.003097412562793389
2022-10-07,116375.25,-0.010084821619582018
2022-10-08,116375.25,0.0
2022-10-09,116375.25,0.0
2022-10-10,115940.64,-0.003734556961209501
2022-10-11,114827.12,-0.009604225058616245
2022-10-12,114827.12,0.0
2022-10-13,114300.09,-0.004589769385490161
2022-10-14,112072.34,-0.01949036085623379
2022-10-15,112072.34,0.0
2022-10-16,112072.34,0.0
2022-10-17,113623.98,0.013844986193738862
2022-10-18,115743.07,0.018650024405059584
2022-10-19,116274.24,0.004589216442936861
2022-10-20,117171.11,0.007713402383881407
2022-10-21,119928.79,0.023535494372290078
2022-10-22,119928.79,0.0
2022-10-23,119928.79,0.0
2022-10-24,116012.7,-0.03265346044098327
2022-10-25,114625.59,-0.011956535793063994
2022-10-26,112763.79,-0.01624244638566308
2022-10-27,114640.76,0.01664514823419827
2022-10-28,114539.05,-0.0008872062606701814
2022-10-29,114539.05,0.0
2022-10-30,114539.05,0.0
2022-10-31,116037.08,0.013078770951915564
2022-11-01,116928.66,0.007683578387184475
2022-11-02,116928.66,0.0
2022-11-03,116896.36,-0.000276236809692354
2022-11-04,118155.46,0.010771079612744261
2022-11-05,118155.46,0.0
2022-11-06,118155.46,0.0
2022-11-07,115342.4,-0.023808125329121577
2022-11-08,116160.35,0.007091494541469734
2022-11-09,113580.09,-0.02221291516425361
2022-11-10,109775.46,-0.03349733214685768
2022-11-11,112253.49,0.02257362437834476
2022-11-12,112253.49,0.0
2022-11-13,112253.49,0.0
2022-11-14,113161.28,0.008086964601278668
2022-11-15,113161.28,0.0
2022-11-16,110243.33,-0.02578576346962491
2022-11-17,109702.78,-0.004903244486537228
2022-11-18,108870.17,-0.007589689158287505
2022-11-19,108870.17,0.0
2022-11-20,108870.17,0.0
2022-11-21,109748.18,0.008064743538106045
2022-11-22,109036.54,-0.006484298874022354
2022-11-23,108841.15,-0.0017919680870284171
2022-11-24,111831.16,0.027471319441222386
2022-11-25,108976.7,-0.02552472852825638
2022-11-26,108976.7,0.0
2022-11-27,108976.7,0.0
2022-11-28,108782.15,-0.0017852440016994375
2022-11-29,110909.61,0.019557068875730055
2022-11-30,112486.01,0.014213376099690533
2022-12-01,110925.6,-0.013872036175876401
2022-12-02,111923.93,0.008999996393979304
2022-12-03,111923.93,0.0
2022-12-04,111923.93,0.0
2022-12-05,109401.41,-0.022537807598428605
2022-12-06,110188.57,0.007195154066113041
2022-12-07,109068.55,-0.010164575146042854
2022-12-08,107249.04,-0.01668226083504376
2022-12-09,107519.56,0.002522353580041381
2022-12-10,107519.56,0.0
2022-12-11,107519.56,0.0
2022-12-12,105343.33,-0.020240317203679026
2022-12-13,103539.67,-0.017121729491558768
2022-12-14,103745.77,0.001990541403116275
2022-12-15,103737.69,-7.788269343411702e-05
2022-12-16,102855.7,-0.008502117215064331
2022-12-17,102855.7,0.0
2022-12-18,102855.7,0.0
2022-12-19,104739.75,0.018317409730330914
2022-12-20,106864.11,0.020282271057549872
2022-12-21,107433.14,0.005324799879024011
2022-12-22,107551.52,0.0011018946295342502
2022-12-23,109697.57,0.019953692890625874
2022-12-24,109697.57,0.0
2022-12-25,109697.57,0.0
2022-12-26,108737.75,-0.008749692449887547
2022-12-27,108578.2,-0.001467291717917707
2022-12-28,110236.71,0.015274797335008472
2022-12-29,109734.6,-0.004554834773280114
2022-12-30,109734.6,0.0
2022-12-31,109734.6,0.0
2023-01-01,109734.6,0.0
2023-01-02,106376.02,-0.03060639032720769
2023-01-03,104165.74,-0.02077799112995582
2023-01-04,105334.46,0.011219811811445934
2023-01-05,107641.32,0.021900335369830604
2023-01-06,108963.7,0.012285059306221813
2023-01-07,108963.7,0.0
2023-01-08,108963.7,0.0
2023-01-09,109129.57,0.0015222500704363817
2023-01-10,110816.71,0.015459971115069804
2023-01-11,112517.08,0.015343985577626285
2023-01-12,111850.22,-0.005926744632903769
2023-01-13,110916.08,-0.008351704627849621
2023-01-14,110916.08,0.0
2023-01-15,110916.08,0.0
2023-01-16,109212.66,-0.015357737128827487
2023-01-17,111439.12,0.0203864643531253
2023-01-18,112228.39,0.007082521828959187
2023-01-19,112921.88,0.006179274246026489
2023-01-20,112040.64,-0.007803979175692088
2023-01-21,112040.64,0.0
2023-01-22,112040.64,0.0
2023-01-23,111737.28,-0.002707588960577212
2023-01-24,113028.15,0.011552724390641922
2023-01-25,114270.07,0.01098770527519033
2023-01-26,114177.55,-0.0008096608324472676
2023-01-27,112316.16,-0.016302591884306494
2023-01-28,112316.16,0.0
2023-01-29,112316.16,0.0
2023-01-30,112273.01,-0.00038418336239420814
2023-01-31,113430.54,0.010309957842940198
2023-02-01,112073.55,-0.011963180286367225
2023-02-02,110140.64,-0.017246799088634246
2023-02-03,108523.47,-0.014682772862042559
2023-02-04,108523.47,0.0
2023-02-05,108523.47,0.0
2023-02-06,108721.58,0.0018255037366572413
2023-02-07,107829.73,-0.00820306327409892
2023-02-08,109951.49,0.01967694809214504
2023-02-09,108008.05,-0.017675431228808325
2023-02-10,108078.27,0.0006501367259199586
2023-02-11,108078.27,0.0
2023-02-12,108078.27,0.0
2023-02-13,108836.47,0.007015286236539575
2023-02-14,107848.81,-0.009074715488291751
2023-02-15,109600.14,0.016238751266703932
2023-02-16,109941.46,0.0031142295986119617
2023-02-17,109176.92,-0.0069540644630333714
2023-02-18,109176.92,0.0
2023-02-19,109176.92,0.0
2023-02-20,109176.92,0.0
2023-02-21,109176.92,0.0
2023-02-22,107152.05,-0.018546685508255778
2023-02-23,107592.87,0.004113967021629472
2023-02-24,105798.43,-0.01667805682662804
2023-02-25,105798.43,0.0
2023-02-26,105798.43,0.0
2023-02-27,105711.05,-0.0008259101765497601
2023-02-28,104931.93,-0.0073702796443703145
2023-03-01,104384.67,-0.0052153810570337855
2023-03-02,103325.61,-0.010145742665086721
2023-03-03,103865.99,0.005229874761929931
2023-03-04,103865.99,0.0
2023-03-05,103865.99,0.0
2023-03-06,104700.32,0.008032754513773055
2023-03-07,104227.93,-0.004511829572249715
2023-03-08,106540.32,0.02218589585344355
2023-03-09,105071.19,-0.013789427326668435
2023-03-10,103618.2,-0.01382862419279729
2023-03-11,103618.2,0.0
2023-03-12,103618.2,0.0
2023-03-13,103121.36,-0.004794910546602749
2023-03-14,102932.38,-0.001832598018490006
2023-03-15,102675.45,-0.0024961047242860745
2023-03-16,103434.66,0.007394270003199477
2023-03-17,101981.53,-0.014048772432760925
2023-03-18,101981.53,0.0
2023-03-19,101981.53,0.0
2023-03-20,100922.89,-0.010380703250872925
2023-03-21,100998.13,0.0007455196734853509
2023-03-22,100220.63,-0.007698162332312464
2023-03-23,97926.34,-0.022892392514395565
2023-03-24,98829.27,0.009220501858846264
2023-03-25,98829.27,0.0
2023-03-26,98829.27,0.0
2023-03-27,99670.47,0.00851164842156571
2023-03-28,101185.09,0.015196276289255906
2023-03-29,101792.52,0.0060031571845220455
2023-03-30,103713.45,0.01887103295998549
2023-03-31,101882.2,-0.017656822716822118
2023-04-01,101882.2,0.0
2023-04-02,101882.2,0.0
2023-04-03,101506.18,-0.003690733023040349
2023-04-04,101869.45,0.0035787968771952006
2023-04-05,100977.85,-0.008752378657193027
2023-04-06,100821.73,-0.0015460816406767108
2023-04-07,100821.73,0.0
2023-04-08,100821.73,0.0
2023-04-09,100821.73,0.0
2023-04-10,101846.64,0.01016556649047784
2023-04-11,106213.76,0.042879372358282986
2023-04-12,106889.71,0.006364053019119353
2023-04-13,106457.85,-0.004040239233505272
2023-04-14,106279.37,-0.0016765320734920541
2023-04-15,106279.37,0.0
2023-04-16,106279.37,0.0
2023-04-17,106015.67,-0.0024811964918497464
2023-04-18,106163.23,0.0013918697113359801
2023-04-19,103912.94,-0.021196510317178507
2023-04-20,104366.82,0.004367887194799858
2023-04-21,104366.82,0.0
2023-04-22,104366.82,0.0
2023-04-23,104366.82,0.0
2023-04-24,103946.58,-0.004026567064130182
2023-04-25,103220.09,-0.00698907073229349
2023-04-26,102312.1,-0.008796640266444111
2023-04-27,102923.31,0.005973975707663115
2023-04-28,104431.63,0.014654794914776836
2023-04-29,104431.63,0.0
2023-04-30,104431.63,0.0
2023-05-01,104431.63,0.0
2023-05-02,101926.95,-0.02398392134643501
2023-05-03,101797.09,-0.001274049699318991
2023-05-04,102174.34,0.003705901612708118
2023-05-05,105148.48,0.029108482619021547
2023-05-06,105148.48,0.0
2023-05-07,105148.48,0.0
2023-05-08,106042.15,0.008499124285962001
2023-05-09,107113.66,0.010104566910422053
2023-05-10,107448.21,0.0031233177915870325
2023-05-11,108256.4,0.007521670207442099
2023-05-12,108463.84,0.0019161915600371948
2023-05-13,108463.84,0.0
2023-05-14,108463.84,0.0
2023-05-15,109029.12,0.005211690827099602
2023-05-16,108193.68,-0.007662540062691514
2023-05-17,109459.95,0.011703733526764237
2023-05-18,110108.46,0.005924632708127486
2023-05-19,110744.51,0.005776577022328588
2023-05-20,110744.51,0.0
2023-05-21,110744.51,0.0
2023-05-22,110213.12,-0.004798341696577113
2023-05-23,109928.53,-0.002582178963811188
2023-05-24,108799.54,-0.010270218295468925
2023-05-25,110054.38,0.011533504645332204
2023-05-26,110905.51,0.007733722183524083
2023-05-27,110905.51,0.0
2023-05-28,110905.51,0.0
2023-05-29,110333.4,-0.005158535405499709
2023-05-30,108967.03,-0.012384010644102328
2023-05-31,108335.07,-0.005799552396720253
2023-06-01,110564.66,0.020580500847970917
2023-06-02,112558.15,0.018030083030147193
2023-06-03,112558.15,0.0
2023-06-04,112558.15,0.0
2023-06-05,112696.32,0.001227543274298748
2023-06-06,114610.1,0.016981743503248437
2023-06-07,115488.16,0.007661279416037559
2023-06-08,115488.16,0.0
2023-06-09,117019.48,0.013259541064642333
2023-06-10,117019.48,0.0
2023-06-11,117019.48,0.0
2023-06-12,117336.34,0.0027077542986859715
2023-06-13,116742.71,-0.005059216948474665
2023-06-14,119068.77,0.019924670242792875
2023-06-15,119221.0,0.001278504850600104
2023-06-16,118758.42,-0.00388002113721575
2023-06-17,118758.42,0.0
2023-06-18,118758.42,0.0
2023-06-19,119857.76,0.009256943633975556
2023-06-20,119622.4,-0.001963660926084354
2023-06-21,120420.26,0.006669821036862755
2023-06-22,118934.2,-0.01234061444477863
2023-06-23,118977.1,0.0003607036495811844
2023-06-24,118977.1,0.0
2023-06-25,118977.1,0.0
2023-06-26,118242.95,-0.006170515166364021
2023-06-27,117522.87,-0.006089834531361027
2023-06-28,116681.32,-0.007160733906515282
2023-06-29,118382.65,0.01458099719818029
2023-06-30,118087.0,-0.0024974098822757584
2023-07-01,118087.0,0.0
2023-07-02,118087.0,0.0
2023-07-03,119672.78,0.013428912581401775
2023-07-04,119076.37,-0.004983672978934761
2023-07-05,119549.21,0.003970896996608131
2023-07-06,117425.7,-0.017762643517259646
2023-07-07,118897.99,0.012538055979227858
2023-07-08,118897.99,0.0
2023-07-09,118897.99,0.0
2023-07-10,117942.44,-0.008036721226321819
2023-07-11,117555.52,-0.0032805833082646396
2023-07-12,117666.49,0.0009439794915628852
2023-07-13,119263.89,0.013575657776483396
2023-07-14,117710.54,-0.013024478742056811
2023-07-15,117710.54,0.0
2023-07-16,117710.54,0.0
2023-07-17,118219.46,0.004323487089601397
2023-07-18,117841.19,-0.003199727016178211
2023-07-19,117552.07,-0.0024534714898923893
2023-07-20,118082.9,0.004515700999565553
2023-07-21,120216.77,0.01807094846078483
2023-07-22,120216.77,0.0
2023-07-23,120216.77,0.0
2023-07-24,121341.69,0.00935742991597599
2023-07-25,122007.77,0.005489292262206069
2023-07-26,122560.38,0.004529301699391697
2023-07-27,119989.64,-0.020975293973468423
2023-07-28,120187.11,0.0016457254142940858
2023-07-29,120187.11,0.0
2023-07-30,120187.11,0.0
2023-07-31,121942.98,0.014609470183616136
2023-08-01,121248.39,-0.005696022846087501
2023-08-02,120858.72,-0.0032138158700498742
2023-08-03,120585.77,-0.0022584220650359033
2023-08-04,119507.68,-0.008940441314095438
2023-08-05,119507.68,0.0
2023-08-06,119507.68,0.0
2023-08-07,119379.5,-0.0010725670517576225
2023-08-08,119090.24,-0.0024230290795320686
2023-08-09,118408.77,-0.005722299325284785
2023-08-10,118349.6,-0.0004997096076582164
2023-08-11,118065.14,-0.002403556919499561
2023-08-12,118065.14,0.0
2023-08-13,118065.14,0.0
2023-08-14,116809.55,-0.010634722493023774
2023-08-15,116171.42,-0.005462995106136459
2023-08-16,115591.52,-0.004991761312722165
2023-08-17,114982.3,-0.005270455825825304
2023-08-18,115408.52,0.0037068313992676405
2023-08-19,115408.52,0.0
2023-08-20,115408.52,0.0
2023-08-21,114429.35,-0.00848438226224546
2023-08-22,116156.01,0.015089310565864267
2023-08-23,118134.59,0.017033815125020224
2023-08-24,117025.6,-0.00938751300529328
2023-08-25,115837.2,-0.01015504299913872
2023-08-26,115837.2,0.0
2023-08-27,115837.2,0.0
2023-08-28,117120.98,0.01108262285345285
2023-08-29,118403.61,0.01095132571465851
2023-08-30,117535.1,-0.0073351648653279256
2023-08-31,115741.81,-0.015257484785396125
2023-09-01,117892.96,0.018585764297275098
2023-09-02,117892.96,0.0
2023-09-03,117892.96,0.0
2023-09-04,117776.62,-0.0009868273728983468
2023-09-05,117331.3,-0.0037810560364187618
2023-09-06,115985.34,-0.0114714487949934
2023-09-07,115985.34,0.0
2023-09-08,115313.4,-0.005793318362475874
2023-09-09,115313.4,0.0
2023-09-10,115313.4,0.0
2023-09-11,116883.34,0.013614549566659306
2023-09-12,117968.12,0.00928087783939091
2023-09-13,118175.97,0.001761916694103416
2023-09-14,119391.55,0.010286185931031477
2023-09-15,118757.53,-0.005310426072867025
2023-09-16,118757.53,0.0
2023-09-17,118757.53,0.0
2023-09-18,118288.21,-0.003951917827863194
2023-09-19,117845.78,-0.003740271325434752
2023-09-20,118695.32,0.00720891320843231
2023-09-21,116145.05,-0.021485851337693873
2023-09-22,116008.64,-0.0011744796700333682
2023-09-23,116008.64,0.0
2023-09-24,116008.64,0.0
2023-09-25,115924.61,-0.0007243426006889875
2023-09-26,114193.43,-0.01493367111608146
2023-09-27,114327.05,0.0011701198571583138
2023-09-28,115730.76,0.01227802169302894
2023-09-29,116565.17,0.007209924137714152
2023-09-30,116565.17,0.0
2023-10-01,116565.17,0.0
2023-10-02,115056.86,-0.012939628535693748
2023-10-03,113419.04,-0.014234874826238197
2023-10-04,113607.45,0.0016611849297967218
2023-10-05,113284.08,-0.002846380232986445
2023-10-06,114169.63,0.007817073678843434
2023-10-07,114169.63,0.0
2023-10-08,114169.63,0.0
2023-10-09,115156.07,0.008640126100084577
2023-10-10,116736.95,0.013728151716188242
2023-10-11,117050.74,0.002688009237863387
2023-10-12,117050.74,0.0
2023-10-13,115754.08,-0.01107775995264959
2023-10-14,115754.08,0.0
2023-10-15,115754.08,0.0
2023-10-16,116533.85,0.006736436417619229
2023-10-17,115908.43,-0.005366852635521946
2023-10-18,114059.64,-0.01595043604680002
2023-10-19,114004.3,-0.0004851847682493249
2023-10-20,113155.28,-0.007447262954116685
2023-10-21,113155.28,0.0
2023-10-22,113155.28,0.0
2023-10-23,112784.52,-0.0032765594323127534
2023-10-24,113761.9,0.00866590556931035
2023-10-25,112829.97,-0.008191934206443374
2023-10-26,114776.86,0.017255078593036988
2023-10-27,113301.35,-0.012855465814276434
2023-10-28,113301.35,0.0
2023-10-29,113301.35,0.0
2023-10-30,112531.52,-0.006794535104833299
2023-10-31,113143.67,0.005439809219674574
2023-11-01,115052.96,0.01687491664359131
2023-11-02,115052.96,0.0
2023-11-03,118159.97,0.027005041852030454
2023-11-04,118159.97,0.0
2023-11-05,118159.97,0.0
2023-11-06,118431.25,0.0022958705896760634
2023-11-07,119268.06,0.007065787112776389
2023-11-08,119176.67,-0.0007662571186284328
2023-11-09,119034.14,-0.0011959555506962927
2023-11-10,120568.14,0.012887059124382372
2023-11-11,120568.14,0.0
2023-11-12,120568.14,0.0
2023-11-13,120410.17,-0.0013102134610354366
2023-11-14,123165.76,0.022885027070387753
2023-11-15,123165.76,0.0
2023-11-16,124639.24,0.011963389825224269
2023-11-17,124773.21,0.001074862138119581
2023-11-18,124773.21,0.0
2023-11-19,124773.21,0.0
2023-11-20,125957.06,0.009488014294094071
2023-11-21,125626.03,-0.0026281178681052397
2023-11-22,126035.3,0.003257843935687621
2023-11-23,126575.75,0.004288084370013712
2023-11-24,125517.27,-0.008362423291981225
2023-11-25,125517.27,0.0
2023-11-26,125517.27,0.0
2023-11-27,125731.45,0.0017063787317872503
2023-11-28,126538.32,0.006417407895956018
2023-11-29,126165.64,-0.002945194783682936
2023-11-30,127331.12,0.00923769736356106
2023-12-01,128184.91,0.006705273620462915
2023-12-02,128184.91,0.0
2023-12-03,128184.91,0.0
2023-12-04,126802.79,-0.010782236380241672
2023-12-05,126903.25,0.0007922538612912255
2023-12-06,125622.65,-0.010091152117853608
2023-12-07,126009.57,0.0030800178152587954
2023-12-08,127093.57,0.00860252122120575
2023-12-09,127093.57,0.0
2023-12-10,127093.57,0.0
2023-12-11,126916.41,-0.0013939336191437501
2023-12-12,126403.03,-0.0040450245953223
2023-12-13,129465.08,0.024224498415900353
2023-12-14,130842.09,0.010636149917800264
2023-12-15,130197.1,-0.004929529939486477
2023-12-16,130197.1,0.0
2023-12-17,130197.1,0.0
2023-12-18,131083.82,0.006810597163838583
2023-12-19,131850.9,0.005851828242417589
2023-12-20,130804.17,-0.007938739894835734
2023-12-21,132182.01,0.010533609134938171
2023-12-22,132752.93,0.004319195932941167
2023-12-23,132752.93,0.0
2023-12-24,132752.93,0.0
2023-12-25,132752.93,0.0
2023-12-26,133532.92,0.00587550120362712
2023-12-27,134193.72,0.004948592451958556
2023-12-28,134185.24,-6.319222687922732e-05
2023-12-29,134185.24,0.0
2023-12-30,134185.24,0.0
2023-12-31,134185.24,0.0
2024-01-01,134185.24,0.0
2024-01-02,132696.63,-0.01109369406053895
2024-01-03,132833.95,0.0010348416534768923
2024-01-04,131225.91,-0.012105640162021869
2024-01-05,132022.92,0.006073571903597363
2024-01-06,132022.92,0.0
2024-01-07,132022.92,0.0
2024-01-08,132426.54,0.003057196432255882
2024-01-09,131446.59,-0.007399951701524521
2024-01-10,130841.09,-0.004606433685347078
2024-01-11,130648.75,-0.001470027496713766
2024-01-12,130987.67,0.0025941312105932646
2024-01-13,130987.67,0.0
2024-01-14,130987.67,0.0
2024-01-15,131520.91,0.0040709175146027565
2024-01-16,129294.04,-0.016931680293270523
2024-01-17,128523.83,-0.005957041794037776
2024-01-18,127315.74,-0.009399735442057633
2024-01-19,127635.65,0.0025127293765876413
2024-01-20,127635.65,0.0
2024-01-21,127635.65,0.0
2024-01-22,126601.55,-0.0081019683763901
2024-01-23,128262.52,0.013119665596511343
2024-01-24,127815.7,-0.0034836365292059135
2024-01-25,128168.73,0.0027620237576448936
2024-01-26,128967.32,0.006230770953258302
2024-01-27,128967.32,0.0
2024-01-28,128967.32,0.0
2024-01-29,128502.66,-0.0036029282456981893
2024-01-30,127401.81,-0.008566748735006735
2024-01-31,127752.28,0.0027509028325420903
2024-02-01,128481.02,0.0057043208935292355
2024-02-02,127182.25,-0.010108652624333136
2024-02-03,127182.25,0.0
2024-02-04,127182.25,0.0
2024-02-05,127593.49,0.0032334700793545945
2024-02-06,130416.31,0.02212354250988824
2024-02-07,129949.9,-0.003576316489862341
2024-02-08,128216.92,-0.013335754779341902
2024-02-09,128025.7,-0.0014913788289407925
2024-02-10,128025.7,0.0
2024-02-11,128025.7,0.0
2024-02-12,128025.7,0.0
2024-02-13,128025.7,0.0
2024-02-14,127018.29,-0.007868810715348618
2024-02-15,127804.13,0.0061868255351258394
2024-02-16,128725.88,0.007212208243974505
2024-02-17,128725.88,0.0
2024-02-18,128725.88,0.0
2024-02-19,129035.74,0.0024071305630226636
2024-02-20,129916.11,0.006822683389888784
2024-02-21,130031.58,0.0008888043214962948
2024-02-22,130240.55,0.0016070711437945473
2024-02-23,129418.73,-0.006310016350514536
2024-02-24,129418.73,0.0
2024-02-25,129418.73,0.0
2024-02-26,129609.05,0.0014705753950761125
2024-02-27,131689.37,0.016050731025341047
2024-02-28,130155.43,-0.011648168717034668
2024-02-29,129020.02,-0.008723493134323967
2024-03-01,129180.37,0.0012428303762470616
2024-03-02,129180.37,0.0
2024-03-03,129180.37,0.0
2024-03-04,128340.54,-0.006501219960896587
2024-03-05,128098.11,-0.0018889588589855455
2024-03-06,128890.23,0.006183697792262466
2024-03-07,128339.76,-0.00427084349217155
2024-03-08,127070.79,-0.009887582772478365
2024-03-09,127070.79,0.0
2024-03-10,127070.79,0.0
2024-03-11,126123.56,-0.007454348871207883
2024-03-12,127667.84,0.012244183402371434
2024-03-13,128006.05,0.00264914014367279
2024-03-14,127689.97,-0.002469258288963716
2024-03-15,126741.81,-0.007425485337650306
2024-03-16,126741.81,0.0
2024-03-17,126741.81,0.0
2024-03-18,126954.18,0.001675611228843854
2024-03-19,127528.85,0.004526593767924858
2024-03-20,129124.83,0.012514658447872806
2024-03-21,128158.57,-0.0074831463476079385
2024-03-22,127027.1,-0.008828672167612406
2024-03-23,127027.1,0.0
2024-03-24,127027.1,0.0
2024-03-25,126931.47,-0.0007528314824160054
2024-03-26,126863.02,-0.0005392673700225226
2024-03-27,127690.62,0.006523571644439841
2024-03-28,128106.1,0.003253802041214948
2024-03-29,128106.1,0.0
2024-03-30,128106.1,0.0
2024-03-31,128106.1,0.0
2024-04-01,126990.45,-0.008708796848862055
2024-04-02,127548.52,0.004394582427261318
2024-04-03,127318.39,-0.0018042545691632217
2024-04-04,127427.53,0.0008572210188959595
2024-04-05,126795.41,-0.004960623501059747
2024-04-06,126795.41,0.0
2024-04-07,126795.41,0.0
2024-04-08,128857.16,0.01626044665181503
2024-04-09,129890.37,0.008018258356772723
2024-04-10,128053.74,-0.01413984731893514
2024-04-11,127396.35,-0.00513370402145219
2024-04-12,125946.09,-0.011383842629714369
2024-04-13,125946.09,0.0
2024-04-14,125946.09,0.0
2024-04-15,125333.89,-0.004860809890962048
2024-04-16,124388.62,-0.00754201437456381
2024-04-17,124171.15,-0.001748311059323604
2024-04-18,124196.18,0.0002015766142136055
2024-04-19,125124.3,0.007473015675683481
2024-04-20,125124.3,0.0
2024-04-21,125124.3,0.0
2024-04-22,125573.16,0.003587312776175411
2024-04-23,125148.07,-0.0033851979196828363
2024-04-24,124740.69,-0.0032551840391945586
2024-04-25,124645.58,-0.0007624617115714605
2024-04-26,126526.27,0.015088300764455553
2024-04-27,126526.27,0.0
2024-04-28,126526.27,0.0
2024-04-29,127351.79,0.006524494873673126
2024-04-30,125924.19,-0.011209893476958555
2024-05-01,125924.19,0.0
2024-05-02,127122.25,0.009514137037530235
2024-05-03,128508.67,0.010906194627612331
2024-05-04,128508.67,0.0
2024-05-05,128508.67,0.0
2024-05-06,128465.69,-0.00033445214241178967
2024-05-07,129210.48,0.005797579104584116
2024-05-08,129480.89,0.0020927869008768862
2024-05-09,128188.34,-0.009982554182319858
2024-05-10,127599.57,-0.004593007445138797
2024-05-11,127599.57,0.0
2024-05-12,127599.57,0.0
2024-05-13,128154.79,0.00435126858186119
2024-05-14,128515.49,0.0028145651052138287
2024-05-15,128027.59,-0.0037964295198968934
2024-05-16,128283.62,0.0019998033236430235
2024-05-17,128150.71,-0.0010360636845139215
2024-05-18,128150.71,0.0
2024-05-19,128150.71,0.0
2024-05-20,127750.92,-0.0031196861882388793
2024-05-21,127411.55,-0.0026564975031099225
2024-05-22,125650.03,-0.013825434193367903
2024-05-23,124729.4,-0.007326938163086827
2024-05-24,124305.57,-0.0033979959817010963
2024-05-25,124305.57,0.0
2024-05-26,124305.57,0.0
2024-05-27,124495.68,0.0015293763585975118
2024-05-28,123779.54,-0.005752328112911265
2024-05-29,122707.28,-0.00866265943466904
2024-05-30,122707.28,0.0
2024-05-31,122098.09,-0.0049645791186961885
2024-06-01,122098.09,0.0
2024-06-02,122098.09,0.0
2024-06-03,122031.58,-0.0005447259658197812
2024-06-04,121802.06,-0.0018808246193321443
2024-06-05,121407.33,-0.0032407497869904045
2024-06-06,122898.8,0.012284843098023801
2024-06-07,120767.19,-0.017344432980631264
2024-06-08,120767.19,0.0
2024-06-09,120767.19,0.0
2024-06-10,120759.51,-6.359343129547224e-05
2024-06-11,121635.06,0.007250360654825538
2024-06-12,119936.02,-0.013968341035882181
2024-06-13,119567.53,-0.003072388094919276
2024-06-14,119662.38,0.0007932755656991919
2024-06-15,119662.38,0.0
2024-06-16,119662.38,0.0
2024-06-17,119137.86,-0.004383332506005644
2024-06-18,119630.44,0.004134537921026915
2024-06-19,120261.34,0.0052737413654919685
2024-06-20,120445.91,0.0015347409233923415
2024-06-21,121341.13,0.007432547937908485
2024-06-22,121341.13,0.0
2024-06-23,121341.13,0.0
2024-06-24,122636.96,0.010679231353787566
2024-06-25,122331.39,-0.002491663198435523
2024-06-26,122641.3,0.0025333644945912948
2024-06-27,124307.83,0.013588652436006488
2024-06-28,123906.55,-0.00322811523618427
2024-06-29,123906.55,0.0
2024-06-30,123906.55,0.0
2024-07-01,124718.07,0.006549451986194388
2024-07-02,124787.08,0.0005533279981000394
2024-07-03,125661.89,0.007010421271176348
2024-07-04,126163.98,0.003995563014371317
2024-07-05,126267.05,0.0008169526674730587
2024-07-06,126267.05,0.0
2024-07-07,126267.05,0.0
2024-07-08,126548.34,0.0022277387489451073
2024-07-09,127108.22,0.004424238200200881
2024-07-10,127218.24,0.000865561645029711
2024-07-11,128293.61,0.008452954544882818
2024-07-12,128896.98,0.004703040159209859
2024-07-13,128896.98,0.0
2024-07-14,128896.98,0.0
2024-07-15,129320.96,0.003289293511764324
2024-07-16,129110.38,-0.0016283516608599502
2024-07-17,129450.32,0.002632940899097269
2024-07-18,127652.06,-0.013891506795811748
2024-07-19,127616.46,-0.0002788830826544464
2024-07-20,127616.46,0.0
2024-07-21,127616.46,0.0
2024-07-22,127859.63,0.0019054752028069277
2024-07-23,126589.84,-0.009931125250401629
2024-07-24,126422.73,-0.0013200901430951983
2024-07-25,125954.09,-0.0037069283348017956
2024-07-26,127492.49,0.012213974155186325
2024-07-27,127492.49,0.0
2024-07-28,127492.49,0.0
2024-07-29,126953.86,-0.004224797868486285
2024-07-30,126139.21,-0.006416898233736257
2024-07-31,127651.81,0.011991513186105918
2024-08-01,127395.1,-0.002011017313424679
2024-08-02,125854.09,-0.01209630511691584
2024-08-03,125854.09,0.0
2024-08-04,125854.09,0.0
2024-08-05,125269.54,-0.004644664309280677
2024-08-06,126266.7,0.007960115443866211
2024-08-07,127513.88,0.00987734691727904
2024-08-08,128660.88,0.008995099200181267
2024-08-09,130614.59,0.015184957541095612
2024-08-10,130614.59,0.0
2024-08-11,130614.59,0.0
2024-08-12,131115.9,0.0038380857758693043
2024-08-13,132397.97,0.009778142849189209
2024-08-14,133317.66,0.0069464055982126904
2024-08-15,134153.42,0.006268936913534251
2024-08-16,133953.25,-0.0014920976297139177
2024-08-17,133953.25,0.0
2024-08-18,133953.25,0.0
2024-08-19,135777.98,0.01362214056023281
2024-08-20,136087.41,0.0022789409593513277
2024-08-21,136463.65,0.002764693662697937
2024-08-22,135173.39,-0.009454972074981027
2024-08-23,135608.47,0.003218680836516663
2024-08-24,135608.47,0.0
2024-08-25,135608.47,0.0
2024-08-26,136888.71,0.009440708238946938
2024-08-27,136775.91,-0.0008240270508794723
2024-08-28,137343.96,0.0041531436347233
2024-08-29,136041.35,-0.009484290390345373
2024-08-30,136004.01,-0.00027447537090741214
2024-08-31,136004.01,0.0
2024-09-01,136004.01,0.0
2024-09-02,134906.07,-0.008072850204931425
2024-09-03,134353.48,-0.004096109241044532
2024-09-04,136110.73,0.013079303937642672
2024-09-05,136502.49,0.0028782447937791833
2024-09-06,134572.45,-0.014139229255085262
2024-09-07,134572.45,0.0
2024-09-08,134572.45,0.0
2024-09-09,134737.21,0.0012243219173015962
2024-09-10,134319.58,-0.003099589192918639
2024-09-11,134676.75,0.0026591059918443793
2024-09-12,134029.43,-0.004806471792644262
2024-09-13,134881.95,0.006360692573265547
2024-09-14,134881.95,0.0
2024-09-15,134881.95,0.0
2024-09-16,135118.22,0.0017516798949006596
2024-09-17,134960.19,-0.0011695683972153814
2024-09-18,133747.69,-0.008984130801831247
2024-09-19,133122.67,-0.004673127438686864
2024-09-20,131065.44,-0.015453641367018878
2024-09-21,131065.44,0.0
2024-09-22,131065.44,0.0
2024-09-23,130568.37,-0.0037925329514783
2024-09-24,132155.76,0.012157538613678076
2024-09-25,131586.45,-0.0043078712573708655
2024-09-26,133009.78,0.010816691232265807
2024-09-27,132730.36,-0.0021007477795994545
2024-09-28,132730.36,0.0
2024-09-29,132730.36,0.0
2024-09-30,131816.44,-0.006885538470625563
2024-10-01,132495.16,0.005148978382362612
2024-10-02,133514.94,0.007696733978810988
2024-10-03,131671.51,-0.013806919285586972
2024-10-04,131791.55,0.0009116626671934469
2024-10-05,131791.55,0.0
2024-10-06,131791.55,0.0
2024-10-07,132017.84,0.0017170296578195021
2024-10-08,131511.73,-0.0038336485432574063
2024-10-09,129962.06,-0.011783511630483523
2024-10-10,130352.86,0.0030070314367132145
2024-10-11,129992.29,-0.0027661073182437823
2024-10-12,129992.29,0.0
2024-10-13,129992.29,0.0
2024-10-14,131005.25,0.00779246215294771
2024-10-15,131043.27,0.000290217376784474
2024-10-16,131749.72,0.005390967426255333
2024-10-17,130793.41,-0.007258535350207929
2024-10-18,130499.26,-0.0022489665190318364
2024-10-19,130499.26,0.0
2024-10-20,130499.26,0.0
2024-10-21,130361.56,-0.0010551783971801676
2024-10-22,129951.37,-0.0031465563928507745
2024-10-23,129233.11,-0.0055271445002849084
2024-10-24,130066.95,0.00645221646372196
2024-10-25,129893.32,-0.0013349278967484945
2024-10-26,129893.32,0.0
2024-10-27,129893.32,0.0
2024-10-28,131212.58,0.010156488416802167
2024-10-29,130729.93,-0.003678382057573981
2024-10-30,130639.33,-0.0006930318099305222
2024-10-31,129713.33,-0.00708821761409828
2024-11-01,128120.75,-0.01227768957901243
2024-11-02,128120.75,0.0
2024-11-03,128120.75,0.0
2024-11-04,130514.79,0.01868581006589487
2024-11-05,130660.75,0.001118340687672248
2024-11-06,130340.92,-0.0024477894088316132
2024-11-07,129681.7,-0.005057659559254302
2024-11-08,127829.8,-0.014280349501895717
2024-11-09,127829.8,0.0
2024-11-10,127829.8,0.0
2024-11-11,127873.7,0.00034342539845955145
2024-11-12,127698.32,-0.0013715095441829694
2024-11-13,127733.88,0.0002784688161912019
2024-11-14,127791.6,0.00045187698048465563
2024-11-15,127791.6,0.0
2024-11-16,127791.6,0.0
2024-11-17,127791.6,0.0
2024-11-18,127768.19,-0.0001831888793942804
2024-11-19,128197.25,0.0033581128448325614
2024-11-20,128197.25,0.0
2024-11-21,126922.11,-0.0099467032249132
2024-11-22,129125.51,0.01736025346568848
2024-11-23,129125.51,0.0
2024-11-24,129125.51,0.0
2024-11-25,129036.1,-0.0006924270812173061
2024-11-26,129922.38,0.006868465491439935
2024-11-27,127668.61,-0.017347049830829797
2024-11-28,124610.41,-0.0239542045613248
2024-11-29,125667.83,0.008485807887158137
2024-11-30,125667.83,0.0
2024-12-01,125667.83,0.0
2024-12-02,125235.54,-0.003439941630248633
2024-12-03,126139.2,0.0072156833435621515
2024-12-04,126087.02,-0.00041366997729486155
2024-12-05,127857.58,0.014042365344188568
2024-12-06,125945.67,-0.014953434907809204
2024-12-07,125945.67,0.0
2024-12-08,125945.67,0.0
2024-12-09,127210.19,0.010040202255464648
2024-12-10,128228.49,0.00800486187466598
2024-12-11,129593.31,0.010643656491626796
2024-12-12,126042.21,-0.027401877458026136
2024-12-13,124612.22,-0.01134532629981655
2024-12-14,124612.22,0.0
2024-12-15,124612.22,0.0
2024-12-16,123560.06,-0.008443473681794655
2024-12-17,124698.04,0.00920993401913206
2024-12-18,120771.88,-0.03148533850251367
2024-12-19,121187.91,0.003444758829621586
2024-12-20,122102.15,0.007543986854794182
2024-12-21,122102.15,0.0
2024-12-22,122102.15,0.0
2024-12-23,120766.57,-0.010938218532597355
2024-12-24,120766.57,0.0
2024-12-25,120766.57,0.0
2024-12-26,121077.5,0.00257463634182864
2024-12-27,120269.31,-0.006674980900662764
2024-12-28,120269.31,0.0
2024-12-29,120269.31,0.0
2024-12-30,120283.4,0.00011715374437581971
2024-12-31,120283.4,0.0
2025-01-01,120283.4,0.0
2025-01-02,120125.39,-0.0013136476022459487
2025-01-03,118532.68,-0.01325872906635317
2025-01-04,118532.68,0.0
2025-01-05,118532.68,0.0
2025-01-06,120021.52,0.012560586666900742
2025-01-07,121162.66,0.009507794935441627
2025-01-08,119624.51,-0.012694917724652255
2025-01-09,119780.56,0.0013044985513419594
2025-01-10,118856.48,-0.007714774417484804
2025-01-11,118856.48,0.0
2025-01-12,118856.48,0.0
2025-01-13,119006.93,0.0012658123477995442
2025-01-14,119298.67,0.002451453877517995
2025-01-15,122650.2,0.028093607414064303
2025-01-16,121234.14,-0.011545517251500548
2025-01-17,122350.38,0.009207307446565727
2025-01-18,122350.38,0.0
2025-01-19,122350.38,0.0
2025-01-20,122855.15,0.0041256103985944925
2025-01-21,123338.34,0.003933005657475563
2025-01-22,122971.77,-0.0029720685392716772
2025-01-23,122483.32,-0.003972049845261227
2025-01-24,122446.94,-0.00029702003505460706
2025-01-25,122446.94,0.0
2025-01-26,122446.94,0.0
2025-01-27,124861.5,0.01971923512339302
2025-01-28,124055.5,-0.00645515230875815
2025-01-29,123432.12,-0.00502500896776048
2025-01-30,126912.78,0.028198980945964403
2025-01-31,126134.94,-0.006128933587303043
2025-02-01,126134.94,0.0
2025-02-02,126134.94,0.0
2025-02-03,125970.46,-0.001304000303167352
2025-02-04,125147.42,-0.0065335952571738964
2025-02-05,125534.07,0.0030895563008810356
2025-02-06,126224.74,0.005501853002933821
2025-02-07,124619.4,-0.012718108985607768
2025-02-08,124619.4,0.0
2025-02-09,124619.4,0.0
2025-02-10,125571.81,0.007642550036350615
2025-02-11,126521.66,0.007564197728773703
2025-02-12,124380.21,-0.016925560413924345
2025-02-13,124850.18,0.003778494987265235
2025-02-14,128218.59,0.026979616689379204
2025-02-15,128218.59,0.0
2025-02-16,128218.59,0.0
2025-02-17,128552.13,0.0026013388542176497
2025-02-18,128531.71,-0.00015884606501659349
2025-02-19,127308.8,-0.00951446145079693
2025-02-20,127600.58,0.0022919075507741304
2025-02-21,127128.06,-0.003703117963883895
2025-02-22,127128.06,0.0
2025-02-23,127128.06,0.0
2025-02-24,125401.38,-0.01358220993854542
2025-02-25,125979.5,0.004610156602742332
2025-02-26,124768.71,-0.009611008140213206
2025-02-27,124798.96,0.00024244860750743946
2025-02-28,122799.09,-0.016024732898415217
2025-03-01,122799.09,0.0
2025-03-02,122799.09,0.0
2025-03-03,122799.09,0.0
2025-03-04,122799.09,0.0
2025-03-05,123046.85,0.002017604527851269
2025-03-06,123357.55,0.0025250544812809306
2025-03-07,125034.63,0.013595276495034225
2025-03-08,125034.63,0.0
2025-03-09,125034.63,0.0
2025-03-10,124519.38,-0.004120858357400614
2025-03-11,123507.35,-0.0081274898734639
2025-03-12,123863.5,0.0028836340509288405
2025-03-13,125637.11,0.014319068975121807
2025-03-14,128957.09,0.026425154160263586
2025-03-15,128957.09,0.0
2025-03-16,128957.09,0.0
2025-03-17,130833.96,0.014554221097886177
2025-03-18,131474.73,0.004897581637061332
2025-03-19,132508.45,0.00786249950846063
2025-03-20,131954.9,-0.00417746943685493
2025-03-21,132344.88,0.0029554037023256097
2025-03-22,132344.88,0.0
2025-03-23,132344.88,0.0
2025-03-24,131321.44,-0.007733128776874487
2025-03-25,132067.69,0.005682621207930616
2025-03-26,132519.63,0.00342203304987021
2025-03-27,133148.75,0.00474737214403631
2025-03-28,131902.18,-0.009362235845248312
2025-03-29,131902.18,0.0
2025-03-30,131902.18,0.0
2025-03-31,130259.54,-0.012453471201158361
2025-04-01,131147.29,0.006815239789730754
2025-04-02,131190.34,0.00032825687820148275
2025-04-03,131140.65,-0.0003787626436519975
2025-04-04,127256.0,-0.029622012701629896
2025-04-05,127256.0,0.0
2025-04-06,127256.0,0.0
2025-04-07,125588.09,-0.013106729741623191
2025-04-08,123931.89,-0.013187556240404574
2025-04-09,127795.93,0.031178738579715093
2025-04-10,126354.75,-0.011277197951452655
2025-04-11,127682.4,0.010507321647979184
2025-04-12,127682.4,0.0
2025-04-13,127682.4,0.0
2025-04-14,129453.91,0.013874347599982517
2025-04-15,129245.39,-0.0016107663337476819
2025-04-16,128316.89,-0.007184008652068696
2025-04-17,129650.03,0.010389435093073107
2025-04-18,129650.03,0.0
2025-04-19,129650.03,0.0
2025-04-20,129650.03,0.0
2025-04-21,129650.03,0.0
2025-04-22,130464.38,0.006281140081494829
2025-04-23,132216.07,0.013426576664067325
2025-04-24,134580.43,0.01788254635007669
2025-04-25,134739.28,0.0011803350606027774
2025-04-26,134739.28,0.0
2025-04-27,134739.28,0.0
2025-04-28,135015.89,0.0020529276985896683
2025-04-29,135092.99,0.0005710438971293641
2025-04-30,135066.97,-0.00019260806944898512
2025-05-01,135066.97,0.0
2025-05-02,135133.88,0.0004953838825287882
2025-05-03,135133.88,0.0
2025-05-04,135133.88,0.0
2025-05-05,133491.23,-0.012155722902354227
2025-05-06,133515.82,0.00018420685763409494
2025-05-07,133397.52,-0.0008860373250152431
2025-05-08,136231.9,0.021247621395060534
2025-05-09,136511.88,0.002055172099926672
2025-05-10,136511.88,0.0
2025-05-11,136511.88,0.0
2025-05-12,136563.18,0.0003757914695774467
2025-05-13,138963.11,0.017573770616647888
2025-05-14,138422.84,-0.0038878663553225667
2025-05-15,139334.38,0.006585184930463894
2025-05-16,139187.39,-0.001054944228409349
2025-05-17,139187.39,0.0
2025-05-18,139187.39,0.0
2025-05-19,139636.41,0.0032260106321413407
2025-05-20,140109.63,0.003388944187264542
2025-05-21,137881.27,-0.015904402859389544
2025-05-22,137272.59,-0.0044145227266908504
2025-05-23,137824.29,0.00401901064152721
2025-05-24,137824.29,0.0
2025-05-25,137824.29,0.0
2025-05-26,138136.14,0.002262663569679857
2025-05-27,139541.23,0.010171776915150588
2025-05-28,138887.81,-0.004682630359500339
2025-05-29,138533.7,-0.0025496118053843775
2025-05-30,137026.62,-0.010878797000296814
2025-05-31,137026.62,0.0
2025-06-01,137026.62,0.0
2025-06-02,136786.65,-0.0017512655570136593
2025-06-03,137546.26,0.005553246607033824
2025-06-04,137001.58,-0.003959976810710919
2025-06-05,136236.37,-0.005585410036876848
2025-06-06,136102.1,-0.0009855664827240762
2025-06-07,136102.1,0.0
2025-06-08,136102.1,0.0
2025-06-09,135699.38,-0.002958955078577019
2025-06-10,136436.07,0.005428838363152444
2025-06-11,137128.04,0.005071752653092343
2025-06-12,137799.74,0.0048983417250036965
2025-06-13,137212.63,-0.004260603104185745
2025-06-14,137212.63,0.0
2025-06-15,137212.63,0.0
2025-06-16,139255.91,0.01489134054204766
2025-06-17,138840.02,-0.0029865159762341165
2025-06-18,138716.64,-0.0008886486763685086
2025-06-19,138716.64,0.0
2025-06-20,137115.83,-0.011540143994260732
2025-06-21,137115.83,0.0
2025-06-22,137115.83,0.0
2025-06-23,136550.5,-0.004123010450361453
2025-06-24,137164.61,0.004497310518818853
2025-06-25,135767.29,-0.01018717583201656
2025-06-26,137113.89,0.009918442063622246
2025-06-27,136865.79,-0.0018094446886454119
2025-06-28,136865.79,0.0
2025-06-29,136865.79,0.0
2025-06-30,138854.6,0.0145310964851042
2025-07-01,139549.43,0.005004011390332019
2025-07-02,139050.93,-0.0035722109362968935
2025-07-03,140927.86,0.013498147764995139
2025-07-04,141263.56,0.00238206980507627
2025-07-05,141263.56,0.0
2025-07-06,141263.56,0.0
2025-07-07,139489.7,-0.012557095403796903
2025-07-08,139302.85,-0.0013395254273255164
2025-07-09,137480.79,-0.013079847253663512
2025-07-10,136743.26,-0.005364604029406528
2025-07-11,136187.31,-0.004065648281312062
2025-07-12,136187.31,0.0
2025-07-13,136187.31,0.0
2025-07-14,135298.99,-0.006522781013884482
2025-07-15,135250.1,-0.00036134785632901956
2025-07-16,135510.99,0.001928944969356694
2025-07-17,135564.74,0.0003966467959535258
2025-07-18,133381.58,-0.016104187563816375
2025-07-19,133381.58,0.0
2025-07-20,133381.58,0.0
2025-07-21,134166.72,0.0058864199989234756
2025-07-22,134035.72,-0.0009763971273949457
2025-07-23,135368.27,0.009941752840213036
2025-07-24,133807.59,-0.011529141947370647
2025-07-25,133524.18,-0.002118041285998795
2025-07-26,133524.18,0.0
2025-07-27,133524.18,0.0
2025-07-28,132129.26,-0.010446946762751042
2025-07-29,132725.68,0.00451391311810867
2025-07-30,133989.74,0.009523854012275512
2025-07-31,133071.05,-0.006856420499062099
2025-08-01,132437.39,-0.0047618170894419
2025-08-02,132437.39,0.0
2025-08-03,132437.39,0.0
2025-08-04,132971.2,0.00403065931758384
2025-08-05,133151.3,0.0013544286281539364
2025-08-06,134537.62,0.010411614456637075
2025-08-07,136527.61,0.014791327511219476
2025-08-08,135913.25,-0.004499895662130049
2025-08-09,135913.25,0.0
2025-08-10,135913.25,0.0
2025-08-11,135623.15,-0.0021344497317222766
2025-08-12,137913.68,0.01688893083518561
2025-08-13,136687.32,-0.008892228820230108
2025-08-14,136355.78,-0.0024255358873084276
2025-08-15,136340.77,-0.00011007967539045094
2025-08-16,136340.77,0.0
2025-08-17,136340.77,0.0
2025-08-18,137321.64,0.007194253046979515
2025-08-19,134432.26,-0.021040966303635833
2025-08-20,134666.46,0.0017421413580340772
2025-08-21,134510.85,-0.001155521575305296
2025-08-22,137968.15,0.025702759294138566
2025-08-23,137968.15,0.0
2025-08-24,137968.15,0.0
2025-08-25,138025.17,0.00041328379049820896
2025-08-26,137771.39,-0.0018386501534466415
2025-08-27,139205.81,0.010411595615025693
2025-08-28,141049.2,0.013242191543585857
2025-08-29,141422.26,0.002644892704106061
2025-08-30,141422.26,0.0
2025-08-31,141422.26,0.0
2025-09-01,141283.01,-0.0009846399003947681
2025-09-02,140335.16,-0.006708874619814509
2025-09-03,139863.63,-0.003360027522682163
2025-09-04,140993.25,0.008076581452948206
2025-09-05,142640.14,0.011680630101086553
2025-09-06,142640.14,0.0
2025-09-07,142640.14,0.0
2025-09-08,141791.58,-0.005948956584030496
2025-09-09,141618.29,-0.0012221459130364876
2025-09-10,142348.7,0.005157596522313623
2025-09-11,143150.84,0.005635035655401133
2025-09-12,142271.58,-0.006142192389510304
2025-09-13,142271.58,0.0
2025-09-14,142271.58,0.0
2025-09-15,143546.58,0.008961733608356726
2025-09-16,144061.74,0.0035888002347390646
2025-09-17,145593.63,0.010633565858638283
2025-09-18,145499.49,-0.0006465942225633015
2025-09-19,145865.11,0.0025128610416433883
2025-09-20,145865.11,0.0
2025-09-21,145865.11,0.0
2025-09-22,145109.25,-0.0051819108764253885
2025-09-23,146424.94,0.009066892703256446
2025-09-24,146491.75,0.00045627473024745235
2025-09-25,145306.23,-0.008092742424061328
2025-09-26,145446.66,0.0009664417004004999
2025-09-27,145446.66,0.0
2025-09-28,145446.66,0.0
2025-09-29,146336.8,0.006120044282900583
2025-09-30,146237.02,-0.0006818517283417869
2025-10-01,145517.35,-0.004921257284919989
2025-10-02,143949.64,-0.010773354517519707
2025-10-03,144200.65,0.001743734822817089
2025-10-04,144200.65,0.0
2025-10-05,144200.65,0.0
2025-10-06,143608.08,-0.0041093434738331824
2025-10-07,141356.43,-0.01567913170345281
2025-10-08,142145.38,0.00558128130428881
2025-10-09,141708.19,-0.0030756539537197813
2025-10-10,140680.34,-0.0072532857839762155
2025-10-11,140680.34,0.0
2025-10-12,140680.34,0.0
2025-10-13,141783.36,0.007840612270342717
2025-10-14,141682.99,-0.0007079109988646914
2025-10-15,142603.66,0.006498098325000257
2025-10-16,142200.02,-0.002830502386825251
2025-10-17,143398.63,0.008429042415043275
2025-10-18,143398.63,0.0
2025-10-19,143398.63,0.0
2025-10-20,144509.32,0.007745471487419442
2025-10-21,144085.15,-0.002935243207842997
2025-10-22,144872.79,0.005466489780522332
2025-10-23,145720.98,0.0058547226156133725
2025-10-24,146172.21,0.003096534212163382
2025-10-25,146172.21,0.0
2025-10-26,146172.21,0.0
2025-10-27,146969.1,0.005451720268852878
2025-10-28,147428.9,0.0031285487901877573
2025-10-29,148632.93,0.008166851953721466
2025-10-30,148780.22,0.00099096478822025
2025-10-31,149540.43,0.005109617394032595
2025-11-01,149540.43,0.0
2025-11-02,149540.43,0.0
2025-11-03,150454.24,0.006110788901703801
2025-11-04,150704.2,0.001661368931842766
2025-11-05,153294.44,0.01718757672314375
2025-11-06,153338.63,0.00028826877217458247
2025-11-07,154063.53,0.004727445393244878
2025-11-08,154063.53,0.0
2025-11-09,154063.53,0.0
2025-11-10,155257.31,0.007748621623819618
2025-11-11,157748.6,0.016046200980810443
2025-11-12,157632.9,-0.0007334454949204927
2025-11-13,157162.43,-0.0029845926833801384
2025-11-14,157738.69,0.003666652392686931
2025-11-15,157738.69,0.0
2025-11-16,157738.69,0.0
2025-11-17,156992.93,-0.0047278191545777615
2025-11-18,156522.13,-0.002998861158906907
2025-11-19,155380.66,-0.007292706788490588
2025-11-20,155380.66,0.0
2025-11-21,154770.1,-0.003929446560466343
2025-11-22,154770.1,0.0
2025-11-23,154770.1,0.0
2025-11-24,155277.56,0.0032787986826912086
2025-11-25,155910.18,0.004074123781955263
2025-11-26,158554.94,0.016963356722441203
2025-11-27,158359.76,-0.0012309928659428593
2025-11-28,159072.13,0.004498428136036514
2025-11-29,159072.13,0.0
2025-11-30,159072.13,0.0
2025-12-01,158611.01,-0.0028988107470491187
2025-12-02,161092.25,0.01564355463091749
2025-12-03,161755.18,0.004115219695547179
2025-12-04,164455.61,0.016694550369267924
2025-12-05,157369.36,-0.04308913511676493
2025-12-06,157369.36,0.0
2025-12-07,157369.36,0.0
2025-12-08,158187.43,0.0051984071105073415
2025-12-09,157981.13,-0.0013041491349848888
2025-12-10,159074.97,0.006923864894497145
2025-12-11,159189.1,0.0007174604527664386
2025-12-12,160766.37,0.009908153259236885
2025-12-13,160766.37,0.0
2025-12-14,160766.37,0.0
2025-12-15,162481.74,0.010669955414182697
2025-12-16,158577.88,-0.024026453680271898
2025-12-17,157327.26,-0.007886471934168804
2025-12-18,157923.34,0.003788790321524571
2025-12-19,158473.02,0.0034806761305832268
2025-12-20,158473.02,0.0
2025-12-21,158473.02,0.0
2025-12-22,158141.65,-0.00209101839543413
2025-12-23,160455.83,0.014633589569857053
2025-12-24,160455.83,0.0
2025-12-25,160455.83,0.0
2025-12-26,160896.64,0.002747235796916936
2025-12-27,160896.64,0.0
2025-12-28,160896.64,0.0
2025-12-29,160490.3,-0.002525472253491645
2025-12-30,161125.37,0.0039570615794226605
2025-12-31,161125.37,0.0
2026-01-01,161125.37,0.0
2026-01-02,160538.69,-0.003641139815536154
2026-01-03,160538.69,0.0
2026-01-04,160538.69,0.0
2026-01-05,161869.76,0.008291272340642752
2026-01-06,163663.88,0.011083725582838877
2026-01-07,161975.24,-0.010317731682763509
2026-01-08,162936.48,0.005934487271017641
2026-01-09,163370.31,0.0026625713284096353
2026-01-10,163370.31,0.0
2026-01-11,163370.31,0.0
2026-01-12,163150.35,-0.0013463890715516014
2026-01-13,161973.05,-0.00721604336123105
2026-01-14,165145.98,0.01958924648267124
2026-01-15,165568.32,0.002557373785301964
2026-01-16,164799.98,-0.004640622070695599
2026-01-17,164799.98,0.0
2026-01-18,164799.98,0.0
2026-01-19,164849.27,0.0002990898421224575
2026-01-20,166276.9,0.00866021426725161
2026-01-21,171816.67,0.03331653404652135
2026-01-22,175589.35,0.021957590028953478
2026-01-23,178858.54,0.01861838431544971
2026-01-24,178858.54,0.0
2026-01-25,178858.54,0.0
2026-01-26,178720.68,-0.0007707767266802446
2026-01-27,181919.13,0.01789636207740486
2026-01-28,184691.05,0.015237100133449255
2026-01-29,183133.75,-0.008431919142806277
2026-01-30,181363.9,-0.009664248124663044
2026-01-31,181363.9,0.0
2026-02-01,181363.9,0.0
2026-02-02,182793.4,0.007881943429756344
2026-02-03,185674.43,0.01576112704288013
2026-02-04,181708.23,-0.021361045783202304
2026-02-05,182127.25,0.0023060045216443115
2026-02-06,182949.78,0.004516237959997671
2026-02-07,182949.78,0.0
2026-02-08,182949.78,0.0
2026-02-09,186241.15,0.01799056549835698
2026-02-10,185929.33,-0.0016742808987165736
2026-02-11,189699.12,0.020275391730826042
2026-02-12,187766.42,-0.010188239144177325
2026-02-13,186464.3,-0.00693478631589195
2026-02-14,186464.3,0.0
2026-02-15,186464.3,0.0
2026-02-16,186464.3,0.0
2026-02-17,186464.3,0.0
2026-02-18,186016.31,-0.0024025510513272508
2026-02-19,188534.42,0.013537038768267173
2026-02-20,190534.42,0.010608142534397791
2026-02-21,190534.42,0.0
2026-02-22,190534.42,0.0
2026-02-23,188853.49,-0.00882218551377767
2026-02-24,191490.4,0.013962728462153295
2026-02-25,191247.46,-0.001268679787602922
2026-02-26,191005.02,-0.0012676769667947507
2026-02-27,188786.98,-0.01161246966179208
2026-02-28,188786.98,0.0
2026-03-01,188786.98,0.0
2026-03-02,189307.02,0.002754639117591662
2026-03-03,183104.87,-0.03276238778678142
2026-03-04,185366.44,0.012351228014853
2026-03-05,180463.84,-0.026448153182420775
2026-03-06,179364.82,-0.006089973481668065
2026-03-07,179364.82,0.0
2026-03-08,179364.82,0.0
2026-03-09,180915.36,0.008644616040090591
2026-03-10,183447.0,0.013993505029092246
2026-03-11,183969.35,0.002847416420001414
2026-03-12,179284.49,-0.025465437585119544
2026-03-13,177653.31,-0.009098277268714039
2026-03-14,177653.31,0.0
2026-03-15,177653.31,0.0
2026-03-16,179875.44,0.012508238658767379
2026-03-17,180409.73,0.0029703332483856926
2026-03-18,179639.91,-0.004267064753104011
2026-03-19,180270.62,0.003510968136200887
2026-03-20,176219.4,-0.022472990884482513
2026-03-21,176219.4,0.0
2026-03-22,176219.4,0.0
2026-03-23,181931.93,0.03241714589880562
2026-03-24,182509.14,0.0031726701299767956
2026-03-25,185424.28,0.015972569921703483
2026-03-26,182732.67,-0.014515952279820055
2026-03-27,181556.76,-0.006435138281512542
2026-03-28,181556.76,0.0
2026-03-29,181556.76,0.0
2026-03-30,182514.2,0.005273502347144854
2026-03-31,187461.84,0.027108246919965495
2026-04-01,187952.91,0.002619573135524522
2026-04-02,188052.02,0.0005273129317338032
2026-04-03,188052.02,0.0
2026-04-04,188052.02,0.0
2026-04-05,188052.02,0.0
2026-04-06,188161.97,0.0005846786437073703
2026-04-07,188258.91,0.000515194435942723
2026-04-08,192201.16,0.02094057593343135
2026-04-09,195129.25,0.015234507429611854
2026-04-10,197323.87,0.011247006791652137
2026-04-11,197323.87,0.0
2026-04-12,197323.87,0.0
2026-04-13,198000.71,0.003430096926438697
2026-04-14,198657.33,0.0033162507346564674
2026-04-15,197737.61,-0.004629680666703773
2026-04-16,196818.59,-0.0046476742588321684
2026-04-17,195733.51,-0.005513097111405907
2026-04-18,195733.51,0.0
2026-04-19,195733.51,0.0
2026-04-20,196132.06,0.0020361868542591033
2026-04-21,196132.06,0.0
2026-04-22,192888.96,-0.01653528749965716
2026-04-23,191378.43,-0.007831085822641137
2026-04-24,190745.02,-0.003309725134645558
2026-04-25,190745.02,0.0
2026-04-26,190745.02,0.0
2026-04-27,189578.79,-0.006114078364929165
2026-04-28,188618.69,-0.005064385103418001
2026-04-29,184750.42,-0.020508413031603556
2026-04-30,187317.64,0.013895611171005795
2026-05-01,187317.64,0.0
2026-05-02,187317.64,0.0
2026-05-03,187317.64,0.0
2026-05-04,185600.12,-0.009169024337483789
2026-05-05,186753.82,0.006216052015483697
2026-05-06,187690.86,0.005017514501175713
2026-05-07,183218.26,-0.023829610030024817
2026-05-08,184108.29,0.004857758173230087
2026-05-09,184108.29,0.0
2026-05-10,184108.29,0.0
2026-05-11,181908.87,-0.011946338755305486
2026-05-12,180342.33,-0.008611674625871757
2026-05-13,177098.29,-0.017988233821754296
2026-05-14,178365.86,0.007157437827321589
2026-05-15,177283.83,-0.0060663514867699275
2026-05-16,177283.83,0.0
2026-05-17,177283.83,0.0
2026-05-18,176975.82,-0.0017373834940275223
2026-05-19,174278.86,-0.015239143968933222
2026-05-20,177355.73,0.017654866459420493
2026-05-21,177649.86,0.0016584183662968766
2026-05-22,176209.61,-0.008107239712994985
