data,valor
1968-01-01,
1968-01-02,100.0
1968-01-03,100.0
1968-01-04,99.0
1968-01-05,97.0
1968-01-06,
1968-01-07,
1968-01-08,97.0
1968-01-09,98.0
1968-01-10,97.0
1968-01-11,100.0
1968-01-12,101.0
1968-01-13,
1968-01-14,
1968-01-15,103.0
1968-01-16,103.0
1968-01-17,102.0
1968-01-18,103.0
1968-01-19,104.0
1968-01-20,
1968-01-21,
1968-01-22,105.0
1968-01-23,106.0
1968-01-24,107.0
1968-01-25,
1968-01-26,108.0
1968-01-27,
1968-01-28,
1968-01-29,108.0
1968-01-30,108.0
1968-01-31,107.0
1968-02-01,107.0
1968-02-02,108.0
1968-02-03,
1968-02-04,
1968-02-05,108.0
1968-02-06,109.0
1968-02-07,109.0
1968-02-08,109.0
1968-02-09,110.0
1968-02-10,
1968-02-11,
1968-02-12,110.0
1968-02-13,111.0
1968-02-14,111.0
1968-02-15,113.0
1968-02-16,114.0
1968-02-17,
1968-02-18,
1968-02-19,116.0
1968-02-20,117.00000000000001
1968-02-21,120.0
1968-02-22,121.99999999999999
1968-02-23,122.99999999999999
1968-02-24,
1968-02-25,
1968-02-26,
1968-02-27,
1968-02-28,
1968-02-29,122.99999999999999
1968-03-01,124.00000000000001
1968-03-02,
1968-03-03,
1968-03-04,127.0
1968-03-05,128.0
1968-03-06,126.0
1968-03-07,127.0
1968-03-08,127.0
1968-03-09,
1968-03-10,
1968-03-11,128.0
1968-03-12,128.0
1968-03-13,
1968-03-14,
1968-03-15,
1968-03-16,
1968-03-17,
1968-03-18,129.0
1968-03-19,129.0
1968-03-20,130.0
1968-03-21,128.0
1968-03-22,129.0
1968-03-23,
1968-03-24,
1968-03-25,128.0
1968-03-26,126.0
1968-03-27,128.0
1968-03-28,131.0
1968-03-29,134.0
1968-03-30,
1968-03-31,
1968-04-01,134.0
1968-04-02,133.0
1968-04-03,135.0
1968-04-04,140.0
1968-04-05,142.0
1968-04-06,
1968-04-07,
1968-04-08,144.0
1968-04-09,151.0
1968-04-10,151.0
1968-04-11,149.0
1968-04-12,
1968-04-13,
1968-04-14,
1968-04-15,147.0
1968-04-16,148.0
1968-04-17,147.0
1968-04-18,146.0
1968-04-19,147.0
1968-04-20,
1968-04-21,
1968-04-22,148.0
1968-04-23,150.0
1968-04-24,152.0
1968-04-25,157.0
1968-04-26,159.0
1968-04-27,
1968-04-28,
1968-04-29,161.0
1968-04-30,164.0
1968-05-01,
1968-05-02,169.0
1968-05-03,171.0
1968-05-04,
1968-05-05,
1968-05-06,172.0
1968-05-07,174.0
1968-05-08,178.0
1968-05-09,177.0
1968-05-10,179.0
1968-05-11,
1968-05-12,
1968-05-13,179.0
1968-05-14,182.0
1968-05-15,184.0
1968-05-16,186.0
1968-05-17,185.0
1968-05-18,
1968-05-19,
1968-05-20,183.0
1968-05-21,185.0
1968-05-22,180.0
1968-05-23,175.0
1968-05-24,172.0
1968-05-25,
1968-05-26,
1968-05-27,171.0
1968-05-28,169.0
1968-05-29,177.0
1968-05-30,179.0
1968-05-31,178.0
1968-06-01,
1968-06-02,
1968-06-03,173.0
1968-06-04,166.0
1968-06-05,168.0
1968-06-06,166.0
1968-06-07,168.0
1968-06-08,
1968-06-09,
1968-06-10,168.0
1968-06-11,165.0
1968-06-12,162.0
1968-06-13,
1968-06-14,161.0
1968-06-15,
1968-06-16,
1968-06-17,161.0
1968-06-18,160.0
1968-06-19,160.0
1968-06-20,161.0
1968-06-21,159.0
1968-06-22,
1968-06-23,
1968-06-24,158.0
1968-06-25,157.0
1968-06-26,156.0
1968-06-27,159.0
1968-06-28,163.0
1968-06-29,
1968-06-30,
1968-07-01,166.0
1968-07-02,166.0
1968-07-03,163.0
1968-07-04,160.0
1968-07-05,161.0
1968-07-06,
1968-07-07,
1968-07-08,162.0
1968-07-09,164.0
1968-07-10,164.0
1968-07-11,161.0
1968-07-12,164.0
1968-07-13,
1968-07-14,
1968-07-15,166.0
1968-07-16,165.0
1968-07-17,164.0
1968-07-18,164.0
1968-07-19,163.0
1968-07-20,
1968-07-21,
1968-07-22,164.0
1968-07-23,163.0
1968-07-24,163.0
1968-07-25,163.0
1968-07-26,163.0
1968-07-27,
1968-07-28,
1968-07-29,163.0
1968-07-30,162.0
1968-07-31,162.0
1968-08-01,164.0
1968-08-02,164.0
1968-08-03,
1968-08-04,
1968-08-05,165.0
1968-08-06,165.0
1968-08-07,166.0
1968-08-08,165.0
1968-08-09,164.0
1968-08-10,
1968-08-11,
1968-08-12,163.0
1968-08-13,162.0
1968-08-14,161.0
1968-08-15,160.0
1968-08-16,159.0
1968-08-17,
1968-08-18,
1968-08-19,159.0
1968-08-20,160.0
1968-08-21,161.0
1968-08-22,165.0
1968-08-23,166.0
1968-08-24,
1968-08-25,
1968-08-26,167.0
1968-08-27,168.0
1968-08-28,167.0
1968-08-29,167.0
1968-08-30,167.0
1968-08-31,
1968-09-01,
1968-09-02,167.0
1968-09-03,170.0
1968-09-04,172.0
1968-09-05,176.0
1968-09-06,175.0
1968-09-07,
1968-09-08,
1968-09-09,175.0
1968-09-10,177.0
1968-09-11,178.0
1968-09-12,178.0
1968-09-13,179.0
1968-09-14,
1968-09-15,
1968-09-16,180.0
1968-09-17,181.0
1968-09-18,186.0
1968-09-19,190.0
1968-09-20,190.0
1968-09-21,
1968-09-22,
1968-09-23,188.0
1968-09-24,188.0
1968-09-25,185.0
1968-09-26,185.0
1968-09-27,185.0
1968-09-28,
1968-09-29,
1968-09-30,186.0
1968-10-01,186.0
1968-10-02,186.0
1968-10-03,185.0
1968-10-04,183.0
1968-10-05,
1968-10-06,
1968-10-07,183.0
1968-10-08,181.0
1968-10-09,179.0
1968-10-10,178.0
1968-10-11,177.0
1968-10-12,
1968-10-13,
1968-10-14,179.0
1968-10-15,178.0
1968-10-16,178.0
1968-10-17,177.0
1968-10-18,177.0
1968-10-19,
1968-10-20,
1968-10-21,177.0
1968-10-22,178.0
1968-10-23,179.0
1968-10-24,179.0
1968-10-25,180.0
1968-10-26,
1968-10-27,
1968-10-28,181.0
1968-10-29,182.0
1968-10-30,181.0
1968-10-31,180.0
1968-11-01,177.0
1968-11-02,
1968-11-03,
1968-11-04,177.0
1968-11-05,174.0
1968-11-06,173.0
1968-11-07,176.0
1968-11-08,179.0
1968-11-09,
1968-11-10,
1968-11-11,181.0
1968-11-12,181.0
1968-11-13,180.0
1968-11-14,181.0
1968-11-15,
1968-11-16,
1968-11-17,
1968-11-18,182.0
1968-11-19,183.0
1968-11-20,184.0
1968-11-21,184.0
1968-11-22,184.0
1968-11-23,
1968-11-24,
1968-11-25,183.0
1968-11-26,183.0
1968-11-27,183.0
1968-11-28,181.0
1968-11-29,181.0
1968-11-30,
1968-12-01,
1968-12-02,180.0
1968-12-03,180.0
1968-12-04,179.0
1968-12-05,179.0
1968-12-06,179.0
1968-12-07,
1968-12-08,
1968-12-09,179.0
1968-12-10,180.0
1968-12-11,179.0
1968-12-12,180.0
1968-12-13,181.0
1968-12-14,
1968-12-15,
1968-12-16,181.0
1968-12-17,182.0
1968-12-18,186.0
1968-12-19,185.0
1968-12-20,185.0
1968-12-21,
1968-12-22,
1968-12-23,187.0
1968-12-24,
1968-12-25,
1968-12-26,192.0
1968-12-27,195.0
1968-12-28,
1968-12-29,
1968-12-30,
1968-12-31,
1969-01-01,
1969-01-02,210.0
1969-01-03,216.0
1969-01-04,
1969-01-05,
1969-01-06,230.0
1969-01-07,234.00000000000003
1969-01-08,228.0
1969-01-09,223.0
1969-01-10,224.0
1969-01-11,
1969-01-12,
1969-01-13,225.0
1969-01-14,223.0
1969-01-15,219.0
1969-01-16,213.0
1969-01-17,216.0
1969-01-18,
1969-01-19,
1969-01-20,222.0
1969-01-21,227.0
1969-01-22,231.0
1969-01-23,234.00000000000003
1969-01-24,233.00000000000003
1969-01-25,
1969-01-26,
1969-01-27,233.00000000000003
1969-01-28,231.0
1969-01-29,231.0
1969-01-30,231.0
1969-01-31,232.0
1969-02-01,
1969-02-02,
1969-02-03,236.0
1969-02-04,239.0
1969-02-05,242.0
1969-02-06,242.0
1969-02-07,243.99999999999997
1969-02-08,
1969-02-09,
1969-02-10,249.00000000000003
1969-02-11,254.0
1969-02-12,255.0
1969-02-13,259.0
1969-02-14,264.0
1969-02-15,
1969-02-16,
1969-02-17,
1969-02-18,
1969-02-19,
1969-02-20,275.0
1969-02-21,283.0
1969-02-22,
1969-02-23,
1969-02-24,283.0
1969-02-25,281.0
1969-02-26,278.0
1969-02-27,284.0
1969-02-28,287.0
1969-03-01,
1969-03-02,
1969-03-03,299.0
1969-03-04,307.0
1969-03-05,304.0
1969-03-06,301.0
1969-03-07,302.0
1969-03-08,
1969-03-09,
1969-03-10,302.0
1969-03-11,307.0
1969-03-12,309.0
1969-03-13,311.0
1969-03-14,311.0
1969-03-15,
1969-03-16,
1969-03-17,313.0
1969-03-18,312.0
1969-03-19,312.0
1969-03-20,310.0
1969-03-21,309.0
1969-03-22,
1969-03-23,
1969-03-24,309.0
1969-03-25,303.0
1969-03-26,296.0
1969-03-27,295.0
1969-03-28,297.0
1969-03-29,
1969-03-30,
1969-03-31,297.0
1969-04-01,296.0
1969-04-02,301.0
1969-04-03,
1969-04-04,
1969-04-05,
1969-04-06,
1969-04-07,303.0
1969-04-08,304.0
1969-04-09,301.0
1969-04-10,301.0
1969-04-11,305.0
1969-04-12,
1969-04-13,
1969-04-14,311.0
1969-04-15,319.0
1969-04-16,331.0
1969-04-17,342.0
1969-04-18,334.0
1969-04-19,
1969-04-20,
1969-04-21,
1969-04-22,334.0
1969-04-23,333.0
1969-04-24,334.0
1969-04-25,333.0
1969-04-26,
1969-04-27,
1969-04-28,331.0
1969-04-29,326.0
1969-04-30,326.0
1969-05-01,
1969-05-02,338.0
1969-05-03,
1969-05-04,
1969-05-05,341.0
1969-05-06,341.0
1969-05-07,341.0
1969-05-08,341.0
1969-05-09,343.0
1969-05-10,
1969-05-11,
1969-05-12,345.0
1969-05-13,345.0
1969-05-14,345.0
1969-05-15,345.0
1969-05-16,349.0
1969-05-17,
1969-05-18,
1969-05-19,352.0
1969-05-20,354.0
1969-05-21,357.0
1969-05-22,371.0
1969-05-23,377.0
1969-05-24,
1969-05-25,
1969-05-26,382.0
1969-05-27,392.0
1969-05-28,398.0
1969-05-29,413.0
1969-05-30,424.0
1969-05-31,
1969-06-01,
1969-06-02,408.0
1969-06-03,402.0
1969-06-04,407.0
1969-06-05,
1969-06-06,414.0
1969-06-07,
1969-06-08,
1969-06-09,404.0
1969-06-10,391.0
1969-06-11,377.0
1969-06-12,388.0
1969-06-13,396.0
1969-06-14,
1969-06-15,
1969-06-16,401.0
1969-06-17,408.0
1969-06-18,407.0
1969-06-19,409.0
1969-06-20,408.0
1969-06-21,
1969-06-22,
1969-06-23,409.0
1969-06-24,407.0
1969-06-25,400.0
1969-06-26,398.0
1969-06-27,403.0
1969-06-28,
1969-06-29,
1969-06-30,405.0
1969-07-01,419.0
1969-07-02,427.0
1969-07-03,433.0
1969-07-04,444.0
1969-07-05,
1969-07-06,
1969-07-07,462.0
1969-07-08,465.0
1969-07-09,480.0
1969-07-10,481.0
1969-07-11,480.0
1969-07-12,
1969-07-13,
1969-07-14,478.0
1969-07-15,480.0
1969-07-16,476.0
1969-07-17,477.0
1969-07-18,476.0
1969-07-19,
1969-07-20,
1969-07-21,486.0
1969-07-22,479.0
1969-07-23,483.0
1969-07-24,488.99999999999994
1969-07-25,498.00000000000006
1969-07-26,
1969-07-27,
1969-07-28,509.0
1969-07-29,512.0
1969-07-30,527.0
1969-07-31,535.0
1969-08-01,542.0
1969-08-02,
1969-08-03,
1969-08-04,558.0
1969-08-05,569.0
1969-08-06,569.0
1969-08-07,589.0
1969-08-08,616.0
1969-08-09,
1969-08-10,
1969-08-11,627.0
1969-08-12,603.0
1969-08-13,606.0
1969-08-14,617.0
1969-08-15,
1969-08-16,
1969-08-17,
1969-08-18,616.0
1969-08-19,603.0
1969-08-20,585.0
1969-08-21,562.0
1969-08-22,609.0
1969-08-23,
1969-08-24,
1969-08-25,614.0
1969-08-26,626.0
1969-08-27,624.0
1969-08-28,606.0
1969-08-29,608.0
1969-08-30,
1969-08-31,
1969-09-01,
1969-09-02,580.0
1969-09-03,578.0
1969-09-04,562.0
1969-09-05,519.0
1969-09-06,
1969-09-07,
1969-09-08,578.0
1969-09-09,583.0
1969-09-10,561.0
1969-09-11,558.0
1969-09-12,548.0
1969-09-13,
1969-09-14,
1969-09-15,541.0
1969-09-16,543.0
1969-09-17,558.0
1969-09-18,574.0
1969-09-19,566.0
1969-09-20,
1969-09-21,
1969-09-22,564.0
1969-09-23,554.0
1969-09-24,550.0
1969-09-25,553.0
1969-09-26,561.0
1969-09-27,
1969-09-28,
1969-09-29,568.0
1969-09-30,565.0
1969-10-01,561.0
1969-10-02,561.0
1969-10-03,554.0
1969-10-04,
1969-10-05,
1969-10-06,557.0
1969-10-07,561.0
1969-10-08,565.0
1969-10-09,573.0
1969-10-10,580.0
1969-10-11,
1969-10-12,
1969-10-13,594.0
1969-10-14,603.0
1969-10-15,605.0
1969-10-16,605.0
1969-10-17,594.0
1969-10-18,
1969-10-19,
1969-10-20,595.0
1969-10-21,584.0
1969-10-22,563.0
1969-10-23,560.0
1969-10-24,559.0
1969-10-25,
1969-10-26,
1969-10-27,559.0
1969-10-28,560.0
1969-10-29,554.0
1969-10-30,553.0
1969-10-31,556.0
1969-11-01,
1969-11-02,
1969-11-03,559.0
1969-11-04,552.0
1969-11-05,543.0
1969-11-06,537.0
1969-11-07,520.0
1969-11-08,
1969-11-09,
1969-11-10,501.0
1969-11-11,502.0
1969-11-12,520.0
1969-11-13,525.0
1969-11-14,527.0
1969-11-15,
1969-11-16,
1969-11-17,524.0
1969-11-18,522.0
1969-11-19,516.0
1969-11-20,517.0
1969-11-21,515.0
1969-11-22,
1969-11-23,
1969-11-24,507.0
1969-11-25,503.0
1969-11-26,498.00000000000006
1969-11-27,497.00000000000006
1969-11-28,495.00000000000006
1969-11-29,
1969-11-30,
1969-12-01,487.99999999999994
1969-12-02,482.0
1969-12-03,467.00000000000006
1969-12-04,473.0
1969-12-05,487.0
1969-12-06,
1969-12-07,
1969-12-08,483.0
1969-12-09,485.0
1969-12-10,484.0
1969-12-11,495.00000000000006
1969-12-12,505.0
1969-12-13,
1969-12-14,
1969-12-15,511.0
1969-12-16,530.0
1969-12-17,541.0
1969-12-18,
1969-12-19,549.0
1969-12-20,
1969-12-21,
1969-12-22,560.0
1969-12-23,545.0
1969-12-24,
1969-12-25,
1969-12-26,
1969-12-27,
1969-12-28,
1969-12-29,543.0
1969-12-30,549.0
1969-12-31,
1970-01-01,
1970-01-02,
1970-01-03,
1970-01-04,
1970-01-05,549.0
1970-01-06,555.0
1970-01-07,570.0
1970-01-08,578.0
1970-01-09,581.0
1970-01-10,
1970-01-11,
1970-01-12,572.0
1970-01-13,574.0
1970-01-14,578.0
1970-01-15,575.0
1970-01-16,569.0
1970-01-17,
1970-01-18,
1970-01-19,557.0
1970-01-20,557.0
1970-01-21,561.0
1970-01-22,559.0
1970-01-23,558.0
1970-01-24,
1970-01-25,
1970-01-26,558.0
1970-01-27,556.0
1970-01-28,556.0
1970-01-29,557.0
1970-01-30,562.0
1970-01-31,
1970-02-01,
1970-02-02,569.0
1970-02-03,569.0
1970-02-04,570.0
1970-02-05,579.0
1970-02-06,583.0
1970-02-07,
1970-02-08,
1970-02-09,
1970-02-10,
1970-02-11,
1970-02-12,590.0
1970-02-13,592.0
1970-02-14,
1970-02-15,
1970-02-16,597.0
1970-02-17,598.0
1970-02-18,602.0
1970-02-19,602.0
1970-02-20,604.0
1970-02-21,
1970-02-22,
1970-02-23,603.0
1970-02-24,606.0
1970-02-25,604.0
1970-02-26,598.0
1970-02-27,609.0
1970-02-28,
1970-03-01,
1970-03-02,609.0
1970-03-03,621.0
1970-03-04,619.0
1970-03-05,618.0
1970-03-06,618.0
1970-03-07,
1970-03-08,
1970-03-09,624.0
1970-03-10,632.0
1970-03-11,625.0
1970-03-12,621.0
1970-03-13,614.0
1970-03-14,
1970-03-15,
1970-03-16,613.0
1970-03-17,613.0
1970-03-18,614.0
1970-03-19,614.0
1970-03-20,612.0
1970-03-21,
1970-03-22,
1970-03-23,609.0
1970-03-24,600.0
1970-03-25,600.0
1970-03-26,
1970-03-27,
1970-03-28,
1970-03-29,
1970-03-30,597.0
1970-03-31,601.0
1970-04-01,606.0
1970-04-02,602.0
1970-04-03,604.0
1970-04-04,
1970-04-05,
1970-04-06,598.0
1970-04-07,593.0
1970-04-08,593.0
1970-04-09,599.0
1970-04-10,596.0
1970-04-11,
1970-04-12,
1970-04-13,605.0
1970-04-14,598.0
1970-04-15,599.0
1970-04-16,594.0
1970-04-17,594.0
1970-04-18,
1970-04-19,
1970-04-20,603.0
1970-04-21,
1970-04-22,606.0
1970-04-23,604.0
1970-04-24,607.0
1970-04-25,
1970-04-26,
1970-04-27,613.0
1970-04-28,605.0
1970-04-29,596.0
1970-04-30,586.0
1970-05-01,
1970-05-02,
1970-05-03,
1970-05-04,579.0
1970-05-05,574.0
1970-05-06,568.0
1970-05-07,569.0
1970-05-08,582.0
1970-05-09,
1970-05-10,
1970-05-11,608.0
1970-05-12,611.0
1970-05-13,598.0
1970-05-14,599.0
1970-05-15,604.0
1970-05-16,
1970-05-17,
1970-05-18,599.0
1970-05-19,596.0
1970-05-20,598.0
1970-05-21,602.0
1970-05-22,611.0
1970-05-23,
1970-05-24,
1970-05-25,613.0
1970-05-26,607.0
1970-05-27,600.0
1970-05-28,
1970-05-29,596.0
1970-05-30,
1970-05-31,
1970-06-01,594.0
1970-06-02,588.0
1970-06-03,586.0
1970-06-04,584.0
1970-06-05,579.0
1970-06-06,
1970-06-07,
1970-06-08,576.0
1970-06-09,572.0
1970-06-10,560.0
1970-06-11,558.0
1970-06-12,560.0
1970-06-13,
1970-06-14,
1970-06-15,555.0
1970-06-16,551.0
1970-06-17,551.0
1970-06-18,561.0
1970-06-19,565.0
1970-06-20,
1970-06-21,
1970-06-22,568.0
1970-06-23,
1970-06-24,
1970-06-25,564.0
1970-06-26,560.0
1970-06-27,
1970-06-28,
1970-06-29,562.0
1970-06-30,563.0
1970-07-01,563.0
1970-07-02,566.0
1970-07-03,587.0
1970-07-04,
1970-07-05,
1970-07-06,591.0
1970-07-07,585.0
1970-07-08,574.0
1970-07-09,571.0
1970-07-10,573.0
1970-07-11,
1970-07-12,
1970-07-13,588.0
1970-07-14,596.0
1970-07-15,597.0
1970-07-16,597.0
1970-07-17,615.0
1970-07-18,
1970-07-19,
1970-07-20,625.0
1970-07-21,628.0
1970-07-22,639.0
1970-07-23,628.0
1970-07-24,623.0
1970-07-25,
1970-07-26,
1970-07-27,622.0
1970-07-28,624.0
1970-07-29,631.0
1970-07-30,645.0
1970-07-31,651.0
1970-08-01,
1970-08-02,
1970-08-03,646.0
1970-08-04,646.0
1970-08-05,650.0
1970-08-06,653.0
1970-08-07,657.0
1970-08-08,
1970-08-09,
1970-08-10,651.0
1970-08-11,640.0
1970-08-12,634.0
1970-08-13,635.0
1970-08-14,640.0
1970-08-15,
1970-08-16,
1970-08-17,642.0
1970-08-18,641.0
1970-08-19,643.0
1970-08-20,644.0
1970-08-21,635.0
1970-08-22,
1970-08-23,
1970-08-24,631.0
1970-08-25,631.0
1970-08-26,632.0
1970-08-27,634.0
1970-08-28,639.0
1970-08-29,
1970-08-30,
1970-08-31,640.0
1970-09-01,651.0
1970-09-02,662.0
1970-09-03,681.0
1970-09-04,685.0
1970-09-05,
1970-09-06,
1970-09-07,
1970-09-08,682.0
1970-09-09,682.0
1970-09-10,688.0
1970-09-11,696.0
1970-09-12,
1970-09-13,
1970-09-14,698.0
1970-09-15,696.0
1970-09-16,699.0
1970-09-17,703.0
1970-09-18,700.0
1970-09-19,
1970-09-20,
1970-09-21,700.0
1970-09-22,695.0
1970-09-23,689.0
1970-09-24,701.0
1970-09-25,716.0
1970-09-26,
1970-09-27,
1970-09-28,717.0
1970-09-29,727.0
1970-09-30,739.0
1970-10-01,743.0
1970-10-02,751.0
1970-10-03,
1970-10-04,
1970-10-05,736.0
1970-10-06,727.0
1970-10-07,727.0
1970-10-08,732.0
1970-10-09,732.0
1970-10-10,
1970-10-11,
1970-10-12,720.0
1970-10-13,715.0
1970-10-14,708.0
1970-10-15,721.0
1970-10-16,732.0
1970-10-17,
1970-10-18,
1970-10-19,722.0
1970-10-20,722.0
1970-10-21,724.0
1970-10-22,720.0
1970-10-23,715.0
1970-10-24,
1970-10-25,
1970-10-26,701.0
1970-10-27,691.0
1970-10-28,685.0
1970-10-29,692.0
1970-10-30,692.0
1970-10-31,
1970-11-01,
1970-11-02,
1970-11-03,688.0
1970-11-04,681.0
1970-11-05,683.0
1970-11-06,682.0
1970-11-07,
1970-11-08,
1970-11-09,680.0
1970-11-10,674.0
1970-11-11,669.0
1970-11-12,676.0
1970-11-13,686.0
1970-11-14,
1970-11-15,
1970-11-16,699.0
1970-11-17,709.0
1970-11-18,713.0
1970-11-19,721.0
1970-11-20,730.0
1970-11-21,
1970-11-22,
1970-11-23,747.0
1970-11-24,749.0
1970-11-25,739.0
1970-11-26,742.0
1970-11-27,754.0
1970-11-28,
1970-11-29,
1970-11-30,762.0
1970-12-01,776.0
1970-12-02,784.0
1970-12-03,774.0
1970-12-04,784.0
1970-12-05,
1970-12-06,
1970-12-07,775.0
1970-12-08,782.0
1970-12-09,802.0
1970-12-10,808.0
1970-12-11,798.0
1970-12-12,
1970-12-13,
1970-12-14,775.0
1970-12-15,777.0
1970-12-16,796.0
1970-12-17,796.0
1970-12-18,790.0
1970-12-19,
1970-12-20,
1970-12-21,782.0
1970-12-22,788.0
1970-12-23,804.0
1970-12-24,
1970-12-25,
1970-12-26,
1970-12-27,
1970-12-28,813.0
1970-12-29,846.0
1970-12-30,850.0
1970-12-31,
1971-01-01,
1971-01-02,
1971-01-03,
1971-01-04,886.0
1971-01-05,935.0
1971-01-06,944.9999999999999
1971-01-07,924.0
1971-01-08,928.0
1971-01-09,
1971-01-10,
1971-01-11,932.0000000000001
1971-01-12,936.0000000000001
1971-01-13,950.9999999999999
1971-01-14,961.0000000000001
1971-01-15,972.0
1971-01-16,
1971-01-17,
1971-01-18,995.0
1971-01-19,1038.0
1971-01-20,1055.0
1971-01-21,1064.0
1971-01-22,1059.0
1971-01-23,
1971-01-24,
1971-01-25,
1971-01-26,1068.0
1971-01-27,1054.0
1971-01-28,1069.0
1971-01-29,1075.0
1971-01-30,
1971-01-31,
1971-02-01,1069.0
1971-02-02,1080.0
1971-02-03,1085.0
1971-02-04,1078.0
1971-02-05,1088.0
1971-02-06,
1971-02-07,
1971-02-08,1091.0
1971-02-09,1103.0
1971-02-10,1108.0
1971-02-11,1111.0
1971-02-12,1108.0
1971-02-13,
1971-02-14,
1971-02-15,1101.0
1971-02-16,1097.0
1971-02-17,1089.0
1971-02-18,1088.0
1971-02-19,1080.0
1971-02-20,
1971-02-21,
1971-02-22,
1971-02-23,
1971-02-24,
1971-02-25,1097.0
1971-02-26,1096.0
1971-02-27,
1971-02-28,
1971-03-01,1076.0
1971-03-02,1061.0
1971-03-03,1043.0
1971-03-04,1066.0
1971-03-05,1086.0
1971-03-06,
1971-03-07,
1971-03-08,1105.0
1971-03-09,1121.0
1971-03-10,1150.0
1971-03-11,1146.0
1971-03-12,1155.0
1971-03-13,
1971-03-14,
1971-03-15,1174.0
1971-03-16,1172.0
1971-03-17,1190.0
1971-03-18,1186.0
1971-03-19,1200.0
1971-03-20,
1971-03-21,
1971-03-22,1211.0
1971-03-23,1210.0
1971-03-24,1209.0
1971-03-25,1211.0
1971-03-26,1222.0
1971-03-27,
1971-03-28,
1971-03-29,1248.0
1971-03-30,1250.0
1971-03-31,1254.0
1971-04-01,1293.0
1971-04-02,1296.0
1971-04-03,
1971-04-04,
1971-04-05,1294.0
1971-04-06,1303.0
1971-04-07,1324.0
1971-04-08,
1971-04-09,
1971-04-10,
1971-04-11,
1971-04-12,1321.0
1971-04-13,1324.0
1971-04-14,1323.0
1971-04-15,1343.0
1971-04-16,1363.0
1971-04-17,
1971-04-18,
1971-04-19,1385.0
1971-04-20,1414.0
1971-04-21,
1971-04-22,1461.0
1971-04-23,1472.0
1971-04-24,
1971-04-25,
1971-04-26,1482.0
1971-04-27,1493.0
1971-04-28,1503.0
1971-04-29,1508.0
1971-04-30,1499.0
1971-05-01,
1971-05-02,
1971-05-03,1489.0
1971-05-04,1506.0
1971-05-05,1524.0
1971-05-06,1531.0
1971-05-07,1546.0
1971-05-08,
1971-05-09,
1971-05-10,1585.0
1971-05-11,1657.0
1971-05-12,1665.0
1971-05-13,1687.0
1971-05-14,1702.0
1971-05-15,
1971-05-16,
1971-05-17,1778.0
1971-05-18,1847.0
1971-05-19,1907.0000000000002
1971-05-20,1870.9999999999998
1971-05-21,1823.0
1971-05-22,
1971-05-23,
1971-05-24,1885.0
1971-05-25,1951.9999999999998
1971-05-26,2033.9999999999998
1971-05-27,2150.0
1971-05-28,2221.0
1971-05-29,
1971-05-30,
1971-05-31,2335.0
1971-06-01,2446.0
1971-06-02,2483.0
1971-06-03,2349.0
1971-06-04,2354.0
1971-06-05,
1971-06-06,
1971-06-07,2462.0
1971-06-08,2521.0
1971-06-09,2518.0
1971-06-10,
1971-06-11,2558.0
1971-06-12,
1971-06-13,
1971-06-14,2562.0
1971-06-15,2511.0
1971-06-16,
1971-06-17,2413.0
1971-06-18,2355.0
1971-06-19,
1971-06-20,
1971-06-21,2449.0
1971-06-22,2391.0
1971-06-23,
1971-06-24,2346.0
1971-06-25,2334.0
1971-06-26,
1971-06-27,
1971-06-28,2274.0
1971-06-29,2113.0
1971-06-30,
1971-07-01,2227.0
1971-07-02,2322.0
1971-07-03,
1971-07-04,
1971-07-05,2369.0
1971-07-06,2299.0
1971-07-07,
1971-07-08,2248.0
1971-07-09,2220.0
1971-07-10,
1971-07-11,
1971-07-12,2180.0
1971-07-13,2098.0
1971-07-14,
1971-07-15,2095.0
1971-07-16,2146.0
1971-07-17,
1971-07-18,
1971-07-19,2207.0
1971-07-20,2233.0
1971-07-21,
1971-07-22,2273.0
1971-07-23,2317.0
1971-07-24,
1971-07-25,
1971-07-26,2379.0
1971-07-27,2395.0
1971-07-28,
1971-07-29,2375.0
1971-07-30,2353.0
1971-07-31,
1971-08-01,
1971-08-02,2352.0
1971-08-03,2258.0
1971-08-04,2202.0
1971-08-05,2250.0
1971-08-06,2239.0
1971-08-07,
1971-08-08,
1971-08-09,2243.0
1971-08-10,2233.0
1971-08-11,2200.0
1971-08-12,2137.0
1971-08-13,2099.0
1971-08-14,
1971-08-15,
1971-08-16,2086.0
1971-08-17,1948.0
1971-08-18,2021.0
1971-08-19,2049.0
1971-08-20,2070.0
1971-08-21,
1971-08-22,
1971-08-23,2004.0
1971-08-24,1942.0000000000002
1971-08-25,1896.0
1971-08-26,1939.0
1971-08-27,1946.0
1971-08-28,
1971-08-29,
1971-08-30,1959.0
1971-08-31,1971.0
1971-09-01,1981.0
1971-09-02,2009.0
1971-09-03,2044.9999999999998
1971-09-04,
1971-09-05,
1971-09-06,2098.0
1971-09-07,
1971-09-08,2148.0
1971-09-09,2096.0
1971-09-10,2097.0
1971-09-11,
1971-09-12,
1971-09-13,2097.0
1971-09-14,2104.0
1971-09-15,2088.0
1971-09-16,2068.0
1971-09-17,2061.0
1971-09-18,
1971-09-19,
1971-09-20,2040.9999999999998
1971-09-21,2021.0
1971-09-22,1990.0
1971-09-23,1966.0
1971-09-24,1971.9999999999998
1971-09-25,
1971-09-26,
1971-09-27,1942.0000000000002
1971-09-28,1888.0
1971-09-29,1899.0000000000002
1971-09-30,1911.0000000000002
1971-10-01,1891.0000000000002
1971-10-02,
1971-10-03,
1971-10-04,1897.0
1971-10-05,1939.0
1971-10-06,1980.0000000000002
1971-10-07,1943.0
1971-10-08,1940.0
1971-10-09,
1971-10-10,
1971-10-11,1947.0
1971-10-12,1935.0
1971-10-13,1936.9999999999998
1971-10-14,1847.0
1971-10-15,1854.0
1971-10-16,
1971-10-17,
1971-10-18,1866.9999999999998
1971-10-19,1868.0000000000002
1971-10-20,1874.9999999999998
1971-10-21,1882.9999999999998
1971-10-22,1862.0
1971-10-23,
1971-10-24,
1971-10-25,1837.0
1971-10-26,1804.0
1971-10-27,1771.0
1971-10-28,1748.0
1971-10-29,1735.0
1971-10-30,
1971-10-31,
1971-11-01,
1971-11-02,
1971-11-03,1709.0
1971-11-04,1610.0
1971-11-05,1640.0
1971-11-06,
1971-11-07,
1971-11-08,1787.0
1971-11-09,1837.0
1971-11-10,1805.0
1971-11-11,1780.0
1971-11-12,1782.0
1971-11-13,
1971-11-14,
1971-11-15,
1971-11-16,1746.0
1971-11-17,1709.0
1971-11-18,1693.0
1971-11-19,1728.0
1971-11-20,
1971-11-21,
1971-11-22,1696.0
1971-11-23,1662.0
1971-11-24,1642.0
1971-11-25,1617.0
1971-11-26,1573.0
1971-11-27,
1971-11-28,
1971-11-29,1491.0
1971-11-30,1513.0
1971-12-01,1559.0
1971-12-02,1612.0
1971-12-03,1618.0
1971-12-04,
1971-12-05,
1971-12-06,1675.0
1971-12-07,1686.0
1971-12-08,1682.0
1971-12-09,1695.0
1971-12-10,1735.0
1971-12-11,
1971-12-12,
1971-12-13,1788.0
1971-12-14,1831.0
1971-12-15,1878.0
1971-12-16,1855.0
1971-12-17,1841.0
1971-12-18,
1971-12-19,
1971-12-20,1794.0
1971-12-21,1779.0
1971-12-22,1773.0
1971-12-23,1774.0
1971-12-24,
1971-12-25,
1971-12-26,
1971-12-27,1775.0
1971-12-28,1768.0
1971-12-29,1789.0
1971-12-30,1810.0
1971-12-31,
1972-01-01,
1972-01-02,
1972-01-03,1827.0
1972-01-04,1860.0
1972-01-05,1848.0
1972-01-06,1832.0
1972-01-07,1835.0
1972-01-08,
1972-01-09,
1972-01-10,1818.0
1972-01-11,1809.0
1972-01-12,1788.0
1972-01-13,1760.0
1972-01-14,1755.0
1972-01-15,
1972-01-16,
1972-01-17,1724.0
1972-01-18,1694.0
1972-01-19,1712.0
1972-01-20,1723.0
1972-01-21,1711.0
1972-01-22,
1972-01-23,
1972-01-24,1696.0
1972-01-25,
1972-01-26,1656.0
1972-01-27,1607.0
1972-01-28,1564.0
1972-01-29,
1972-01-30,
1972-01-31,1564.0
1972-02-01,1514.0
1972-02-02,1537.0
1972-02-03,1570.0
1972-02-04,1606.0
1972-02-05,
1972-02-06,
1972-02-07,1652.0
1972-02-08,1687.0
1972-02-09,1660.0
1972-02-10,1660.0
1972-02-11,1708.0
1972-02-12,
1972-02-13,
1972-02-14,
1972-02-15,
1972-02-16,
1972-02-17,1747.0
1972-02-18,1774.0
1972-02-19,
1972-02-20,
1972-02-21,1717.0
1972-02-22,1718.0
1972-02-23,1704.0
1972-02-24,1686.0
1972-02-25,1672.0
1972-02-26,
1972-02-27,
1972-02-28,1649.0
1972-02-29,1642.0
1972-03-01,1634.0
1972-03-02,1616.0
1972-03-03,1643.0
1972-03-04,
1972-03-05,
1972-03-06,1618.0
1972-03-07,1594.0
1972-03-08,1582.0
1972-03-09,1558.0
1972-03-10,1560.0
1972-03-11,
1972-03-12,
1972-03-13,1546.0
1972-03-14,1506.0
1972-03-15,1470.0
1972-03-16,1455.0
1972-03-17,1477.0
1972-03-18,
1972-03-19,
1972-03-20,1466.0
1972-03-21,1441.0
1972-03-22,1462.0
1972-03-23,1505.0
1972-03-24,1535.0
1972-03-25,
1972-03-26,
1972-03-27,1508.0
1972-03-28,1495.0
1972-03-29,1488.0
1972-03-30,
1972-03-31,
1972-04-01,
1972-04-02,
1972-04-03,1452.0
1972-04-04,1439.0
1972-04-05,1446.0
1972-04-06,1432.0
1972-04-07,1419.0
1972-04-08,
1972-04-09,
1972-04-10,1374.0
1972-04-11,1333.0
1972-04-12,1393.0
1972-04-13,1371.0
1972-04-14,1377.0
1972-04-15,
1972-04-16,
1972-04-17,1373.0
1972-04-18,1362.0
1972-04-19,1348.0
1972-04-20,1328.0
1972-04-21,
1972-04-22,
1972-04-23,
1972-04-24,1349.0
1972-04-25,1335.0
1972-04-26,1327.0
1972-04-27,1364.0
1972-04-28,1393.0
1972-04-29,
1972-04-30,
1972-05-01,
1972-05-02,1401.0
1972-05-03,1394.0
1972-05-04,1386.0
1972-05-05,1392.0
1972-05-06,
1972-05-07,
1972-05-08,1387.0
1972-05-09,1376.0
1972-05-10,1387.0
1972-05-11,1369.0
1972-05-12,1351.0
1972-05-13,
1972-05-14,
1972-05-15,1305.0
1972-05-16,1341.0
1972-05-17,1399.0
1972-05-18,1451.0
1972-05-19,1483.0
1972-05-20,
1972-05-21,
1972-05-22,1457.0
1972-05-23,1455.0
1972-05-24,1470.0
1972-05-25,1476.0
1972-05-26,1449.0
1972-05-27,
1972-05-28,
1972-05-29,1453.0
1972-05-30,1453.0
1972-05-31,1447.0
1972-06-01,
1972-06-02,
1972-06-03,
1972-06-04,
1972-06-05,1431.0
1972-06-06,1402.0
1972-06-07,1411.0
1972-06-08,1440.0
1972-06-09,1486.0
1972-06-10,
1972-06-11,
1972-06-12,1458.0
1972-06-13,1453.0
1972-06-14,1454.0
1972-06-15,1427.0
1972-06-16,1377.0
1972-06-17,
1972-06-18,
1972-06-19,1365.0
1972-06-20,1351.0
1972-06-21,1316.0
1972-06-22,1248.0
1972-06-23,1301.0
1972-06-24,
1972-06-25,
1972-06-26,1283.0
1972-06-27,1236.0
1972-06-28,1201.0
1972-06-29,1246.0
1972-06-30,1241.0
1972-07-01,
1972-07-02,
1972-07-03,1250.0
1972-07-04,1264.0
1972-07-05,1237.0
1972-07-06,1211.0
1972-07-07,1192.0
1972-07-08,
1972-07-09,
1972-07-10,1109.0
1972-07-11,1057.0
1972-07-12,1120.0
1972-07-13,1113.0
1972-07-14,1108.0
1972-07-15,
1972-07-16,
1972-07-17,1122.0
1972-07-18,1098.0
1972-07-19,1099.0
1972-07-20,1088.0
1972-07-21,1064.0
1972-07-22,
1972-07-23,
1972-07-24,999.0
1972-07-25,964.0
1972-07-26,959.0000000000001
1972-07-27,1006.0
1972-07-28,1038.0
1972-07-29,
1972-07-30,
1972-07-31,1064.0
1972-08-01,1029.0
1972-08-02,1000.0000000000001
1972-08-03,969.0000000000001
1972-08-04,970.0
1972-08-05,
1972-08-06,
1972-08-07,987.0
1972-08-08,973.0
1972-08-09,979.9999999999999
1972-08-10,1003.0
1972-08-11,1033.0
1972-08-12,
1972-08-13,
1972-08-14,1063.0
1972-08-15,1087.0
1972-08-16,1089.0
1972-08-17,1124.0
1972-08-18,1138.0
1972-08-19,
1972-08-20,
1972-08-21,1153.0
1972-08-22,1199.0
1972-08-23,1238.0
1972-08-24,1282.0
1972-08-25,1338.0
1972-08-26,
1972-08-27,
1972-08-28,1428.0
1972-08-29,1423.0
1972-08-30,1321.0
1972-08-31,1301.0
1972-09-01,1332.0
1972-09-02,
1972-09-03,
1972-09-04,1329.0
1972-09-05,1257.0
1972-09-06,1283.0
1972-09-07,
1972-09-08,
1972-09-09,
1972-09-10,
1972-09-11,1251.0
1972-09-12,1200.0
1972-09-13,1177.0
1972-09-14,1238.0
1972-09-15,1274.0
1972-09-16,
1972-09-17,
1972-09-18,1266.0
1972-09-19,1243.0
1972-09-20,1247.0
1972-09-21,1236.0
1972-09-22,1217.0
1972-09-23,
1972-09-24,
1972-09-25,1189.0
1972-09-26,1200.0
1972-09-27,1210.0
1972-09-28,1185.0
1972-09-29,1182.0
1972-09-30,
1972-10-01,
1972-10-02,1177.0
1972-10-03,1182.0
1972-10-04,1177.0
1972-10-05,1137.0
1972-10-06,1133.0
1972-10-07,
1972-10-08,
1972-10-09,1116.0
1972-10-10,1121.0
1972-10-11,1129.0
1972-10-12,1131.0
1972-10-13,1110.0
1972-10-14,
1972-10-15,
1972-10-16,1082.0
1972-10-17,1055.0
1972-10-18,1022.0
1972-10-19,1076.0
1972-10-20,1055.0
1972-10-21,
1972-10-22,
1972-10-23,1034.0
1972-10-24,1038.0
1972-10-25,1040.0
1972-10-26,1034.0
1972-10-27,1014.0
1972-10-28,
1972-10-29,
1972-10-30,998.0000000000001
1972-10-31,997.0
1972-11-01,1006.9999999999999
1972-11-02,
1972-11-03,
1972-11-04,
1972-11-05,
1972-11-06,1054.0
1972-11-07,1058.0
1972-11-08,1016.0
1972-11-09,1004.9999999999999
1972-11-10,1014.0
1972-11-11,
1972-11-12,
1972-11-13,1012.0
1972-11-14,998.0000000000001
1972-11-15,
1972-11-16,998.0000000000001
1972-11-17,991.0
1972-11-18,
1972-11-19,
1972-11-20,985.0
1972-11-21,960.0
1972-11-22,970.0
1972-11-23,964.0
1972-11-24,983.0
1972-11-25,
1972-11-26,
1972-11-27,1008.0
1972-11-28,1053.0
1972-11-29,1059.0
1972-11-30,1059.0
1972-12-01,1058.0
1972-12-02,
1972-12-03,
1972-12-04,1048.0
1972-12-05,1050.0
1972-12-06,1056.0
1972-12-07,1050.0
1972-12-08,1036.0
1972-12-09,
1972-12-10,
1972-12-11,1019.0000000000001
1972-12-12,1006.9999999999999
1972-12-13,1016.9999999999999
1972-12-14,1016.0
1972-12-15,1018.0
1972-12-16,
1972-12-17,
1972-12-18,1003.0
1972-12-19,987.0
1972-12-20,968.0
1972-12-21,967.0000000000001
1972-12-22,995.0
1972-12-23,
1972-12-24,
1972-12-25,
1972-12-26,990.0000000000001
1972-12-27,994.0000000000001
1972-12-28,1003.0
1972-12-29,1006.0
1972-12-30,
1972-12-31,
1973-01-01,
1973-01-02,
1973-01-03,1006.0
1973-01-04,985.9999999999999
1973-01-05,977.9999999999999
1973-01-06,
1973-01-07,
1973-01-08,971.0000000000001
1973-01-09,981.0
1973-01-10,985.0
1973-01-11,1004.9999999999999
1973-01-12,1035.0
1973-01-13,
1973-01-14,
1973-01-15,1020.0
1973-01-16,1006.0
1973-01-17,1006.0
1973-01-18,1004.0
1973-01-19,1010.0
1973-01-20,
1973-01-21,
1973-01-22,1003.0
1973-01-23,998.0000000000001
1973-01-24,1006.0
1973-01-25,
1973-01-26,1006.0
1973-01-27,
1973-01-28,
1973-01-29,1000.0000000000001
1973-01-30,993.0
1973-01-31,993.0
1973-02-01,994.0000000000001
1973-02-02,995.0
1973-02-03,
1973-02-04,
1973-02-05,985.0
1973-02-06,968.0
1973-02-07,958.0
1973-02-08,1001.0
1973-02-09,1004.9999999999999
1973-02-10,
1973-02-11,
1973-02-12,995.0
1973-02-13,992.0000000000001
1973-02-14,993.0
1973-02-15,992.0000000000001
1973-02-16,990.0000000000001
1973-02-17,
1973-02-18,
1973-02-19,977.0
1973-02-20,963.0000000000001
1973-02-21,968.0
1973-02-22,965.0000000000001
1973-02-23,948.0
1973-02-24,
1973-02-25,
1973-02-26,940.0000000000001
1973-02-27,946.9999999999999
1973-02-28,944.9999999999999
1973-03-01,946.0
1973-03-02,952.9999999999999
1973-03-03,
1973-03-04,
1973-03-05,
1973-03-06,
1973-03-07,
1973-03-08,972.0
1973-03-09,959.0000000000001
1973-03-10,
1973-03-11,
1973-03-12,952.9999999999999
1973-03-13,943.0
1973-03-14,933.0
1973-03-15,921.0
1973-03-16,913.0
1973-03-17,
1973-03-18,
1973-03-19,900.0
1973-03-20,906.0
1973-03-21,979.9999999999999
1973-03-22,959.0000000000001
1973-03-23,950.0
1973-03-24,
1973-03-25,
1973-03-26,977.9999999999999
1973-03-27,1033.0
1973-03-28,1096.0
1973-03-29,1080.0
1973-03-30,1051.0
1973-03-31,
1973-04-01,
1973-04-02,1036.0
1973-04-03,1061.0
1973-04-04,1078.0
1973-04-05,1071.0
1973-04-06,1070.0
1973-04-07,
1973-04-08,
1973-04-09,1082.0
1973-04-10,1114.0
1973-04-11,1133.0
1973-04-12,1162.0
1973-04-13,1164.0
1973-04-14,
1973-04-15,
1973-04-16,1165.0
1973-04-17,1198.0
1973-04-18,1215.0
1973-04-19,
1973-04-20,
1973-04-21,
1973-04-22,
1973-04-23,1226.0
1973-04-24,1257.0
1973-04-25,1298.0
1973-04-26,1322.0
1973-04-27,1303.0
1973-04-28,
1973-04-29,
1973-04-30,1346.0
1973-05-01,
1973-05-02,1395.0
1973-05-03,1407.0
1973-05-04,1439.0
1973-05-05,
1973-05-06,
1973-05-07,1438.0
1973-05-08,1335.0
1973-05-09,1345.0
1973-05-10,1329.0
1973-05-11,1265.0
1973-05-12,
1973-05-13,
1973-05-14,1176.0
1973-05-15,1270.0
1973-05-16,1242.0
1973-05-17,1243.0
1973-05-18,1231.0
1973-05-19,
1973-05-20,
1973-05-21,1226.0
1973-05-22,1194.0
1973-05-23,1219.0
1973-05-24,1254.0
1973-05-25,1240.0
1973-05-26,
1973-05-27,
1973-05-28,1229.0
1973-05-29,1233.0
1973-05-30,1235.0
1973-05-31,1230.0
1973-06-01,1222.0
1973-06-02,
1973-06-03,
1973-06-04,1211.0
1973-06-05,1216.0
1973-06-06,1251.0
1973-06-07,1248.0
1973-06-08,1239.0
1973-06-09,
1973-06-10,
1973-06-11,1231.0
1973-06-12,1230.0
1973-06-13,1226.0
1973-06-14,1216.0
1973-06-15,1218.0
1973-06-16,
1973-06-17,
1973-06-18,1201.0
1973-06-19,1183.0
1973-06-20,1202.0
1973-06-21,
1973-06-22,1228.0
1973-06-23,
1973-06-24,
1973-06-25,1224.0
1973-06-26,1209.0
1973-06-27,1210.0
1973-06-28,1224.0
1973-06-29,1218.0
1973-06-30,
1973-07-01,
1973-07-02,1199.0
1973-07-03,1189.0
1973-07-04,1198.0
1973-07-05,1206.0
1973-07-06,1210.0
1973-07-07,
1973-07-08,
1973-07-09,1210.0
1973-07-10,1217.0
1973-07-11,1219.0
1973-07-12,1216.0
1973-07-13,1206.0
1973-07-14,
1973-07-15,
1973-07-16,1191.0
1973-07-17,1216.0
1973-07-18,1202.0
1973-07-19,1205.0
1973-07-20,1200.0
1973-07-21,
1973-07-22,
1973-07-23,1229.0
1973-07-24,1231.0
1973-07-25,1236.0
1973-07-26,1249.0
1973-07-27,1274.0
1973-07-28,
1973-07-29,
1973-07-30,1256.0
1973-07-31,1257.0
1973-08-01,1263.0
1973-08-02,1289.0
1973-08-03,1308.0
1973-08-04,
1973-08-05,
1973-08-06,1305.0
1973-08-07,1300.0
1973-08-08,1294.0
1973-08-09,1283.0
1973-08-10,1288.0
1973-08-11,
1973-08-12,
1973-08-13,1285.0
1973-08-14,1291.0
1973-08-15,1286.0
1973-08-16,1284.0
1973-08-17,1281.0
1973-08-18,
1973-08-19,
1973-08-20,1274.0
1973-08-21,1371.0
1973-08-22,1382.0
1973-08-23,1370.0
1973-08-24,1361.0
1973-08-25,
1973-08-26,
1973-08-27,1345.0
1973-08-28,1346.0
1973-08-29,1357.0
1973-08-30,1361.0
1973-08-31,1370.0
1973-09-01,
1973-09-02,
1973-09-03,1324.0
1973-09-04,1317.0
1973-09-05,1312.0
1973-09-06,1328.0
1973-09-07,
1973-09-08,
1973-09-09,
1973-09-10,1325.0
1973-09-11,1320.0
1973-09-12,1311.0
1973-09-13,1308.0
1973-09-14,1302.0
1973-09-15,
1973-09-16,
1973-09-17,1304.0
1973-09-18,1321.0
1973-09-19,1323.0
1973-09-20,1313.0
1973-09-21,1322.0
1973-09-22,
1973-09-23,
1973-09-24,1323.0
1973-09-25,1320.0
1973-09-26,1315.0
1973-09-27,1318.0
1973-09-28,1332.0
1973-09-29,
1973-09-30,
1973-10-01,1338.0
1973-10-02,1326.0
1973-10-03,1313.0
1973-10-04,1302.0
1973-10-05,1295.0
1973-10-06,
1973-10-07,
1973-10-08,1284.0
1973-10-09,1256.0
1973-10-10,1210.0
1973-10-11,1231.0
1973-10-12,1248.0
1973-10-13,
1973-10-14,
1973-10-15,1215.0
1973-10-16,1184.0
1973-10-17,1200.0
1973-10-18,1215.0
1973-10-19,1220.0
1973-10-20,
1973-10-21,
1973-10-22,1261.0
1973-10-23,1242.0
1973-10-24,1253.0
1973-10-25,1230.0
1973-10-26,1225.0
1973-10-27,
1973-10-28,
1973-10-29,1217.0
1973-10-30,1217.0
1973-10-31,1232.0
1973-11-01,1239.0
1973-11-02,
1973-11-03,
1973-11-04,
1973-11-05,1226.0
1973-11-06,1211.0
1973-11-07,1218.0
1973-11-08,1208.0
1973-11-09,1212.0
1973-11-10,
1973-11-11,
1973-11-12,1201.0
1973-11-13,1186.0
1973-11-14,1206.0
1973-11-15,
1973-11-16,1214.0
1973-11-17,
1973-11-18,
1973-11-19,1210.0
1973-11-20,1212.0
1973-11-21,1205.0
1973-11-22,1218.0
1973-11-23,1210.0
1973-11-24,
1973-11-25,
1973-11-26,1203.0
1973-11-27,1189.0
1973-11-28,1153.0
1973-11-29,1136.0
1973-11-30,1180.0
1973-12-01,
1973-12-02,
1973-12-03,1146.0
1973-12-04,1117.0
1973-12-05,1113.0
1973-12-06,1106.0
1973-12-07,1101.0
1973-12-08,
1973-12-09,
1973-12-10,1078.0
1973-12-11,1072.0
1973-12-12,1074.0
1973-12-13,1064.0
1973-12-14,1063.0
1973-12-15,
1973-12-16,
1973-12-17,1047.0
1973-12-18,1034.0
1973-12-19,991.0
1973-12-20,997.0
1973-12-21,1016.0
1973-12-22,
1973-12-23,
1973-12-24,
1973-12-25,
1973-12-26,1073.0
1973-12-27,1087.0
1973-12-28,1054.0
1973-12-29,
1973-12-30,
1973-12-31,
1974-01-01,
1974-01-02,1062.0
1974-01-03,1061.0
1974-01-04,1108.0
1974-01-05,
1974-01-06,
1974-01-07,1189.0
1974-01-08,1256.0
1974-01-09,1193.0
1974-01-10,1219.0
1974-01-11,1220.0
1974-01-12,
1974-01-13,
1974-01-14,1266.0
1974-01-15,1260.0
1974-01-16,1234.0
1974-01-17,1233.0
1974-01-18,1245.0
1974-01-19,
1974-01-20,
1974-01-21,1234.0
1974-01-22,1197.0
1974-01-23,1187.0
1974-01-24,1192.0
1974-01-25,
1974-01-26,
1974-01-27,
1974-01-28,1143.0
1974-01-29,1127.0
1974-01-30,1162.0
1974-01-31,1163.0
1974-02-01,
1974-02-02,
1974-02-03,
1974-02-04,1156.0
1974-02-05,1128.0
1974-02-06,1133.0
1974-02-07,1122.0
1974-02-08,1166.0
1974-02-09,
1974-02-10,
1974-02-11,1148.0
1974-02-12,1156.0
1974-02-13,1192.0
1974-02-14,1221.0
1974-02-15,1224.0
1974-02-16,
1974-02-17,
1974-02-18,1218.0
1974-02-19,1239.0
1974-02-20,1272.0
1974-02-21,1302.0
1974-02-22,1312.0
1974-02-23,
1974-02-24,
1974-02-25,
1974-02-26,
1974-02-27,
1974-02-28,1273.0
1974-03-01,1301.0
1974-03-02,
1974-03-03,
1974-03-04,1343.0
1974-03-05,1342.0
1974-03-06,1326.0
1974-03-07,1356.0
1974-03-08,1381.0
1974-03-09,
1974-03-10,
1974-03-11,1388.0
1974-03-12,1398.0
1974-03-13,1350.0
1974-03-14,1370.0
1974-03-15,1354.0
1974-03-16,
1974-03-17,
1974-03-18,1312.0
1974-03-19,1315.0
1974-03-20,1435.0
1974-03-21,1403.0
1974-03-22,1393.0
1974-03-23,
1974-03-24,
1974-03-25,1427.0
1974-03-26,1415.0
1974-03-27,1424.0
1974-03-28,1418.0
1974-03-29,1421.0
1974-03-30,
1974-03-31,
1974-04-01,1380.0
1974-04-02,1371.0
1974-04-03,1316.0
1974-04-04,1333.0
1974-04-05,1318.0
1974-04-06,
1974-04-07,
1974-04-08,1284.0
1974-04-09,1263.0
1974-04-10,1276.0
1974-04-11,
1974-04-12,
1974-04-13,
1974-04-14,
1974-04-15,1209.0
1974-04-16,1189.0
1974-04-17,1141.0
1974-04-18,1206.0
1974-04-19,1169.0
1974-04-20,
1974-04-21,
1974-04-22,1123.0
1974-04-23,1125.0
1974-04-24,1131.0
1974-04-25,1114.0
1974-04-26,1119.0
1974-04-27,
1974-04-28,
1974-04-29,1131.0
1974-04-30,1134.0
1974-05-01,
1974-05-02,1138.0
1974-05-03,1163.0
1974-05-04,
1974-05-05,
1974-05-06,1163.0
1974-05-07,1168.0
1974-05-08,1195.0
1974-05-09,1182.0
1974-05-10,1155.0
1974-05-11,
1974-05-12,
1974-05-13,1145.0
1974-05-14,1136.0
1974-05-15,1154.0
1974-05-16,1150.0
1974-05-17,1132.0
1974-05-18,
1974-05-19,
1974-05-20,1129.0
1974-05-21,1127.0
1974-05-22,1114.0
1974-05-23,1102.0
1974-05-24,1094.0
1974-05-25,
1974-05-26,
1974-05-27,1089.0
1974-05-28,1091.0
1974-05-29,1078.0
1974-05-30,1075.0
1974-05-31,1082.0
1974-06-01,
1974-06-02,
1974-06-03,1124.0
1974-06-04,1110.0
1974-06-05,1125.0
1974-06-06,1127.0
1974-06-07,1136.0
1974-06-08,
1974-06-09,
1974-06-10,1134.0
1974-06-11,1119.0
1974-06-12,1117.0
1974-06-13,
1974-06-14,1125.0
1974-06-15,
1974-06-16,
1974-06-17,1116.0
1974-06-18,1117.0
1974-06-19,1108.0
1974-06-20,1104.0
1974-06-21,1100.0
1974-06-22,
1974-06-23,
1974-06-24,1094.0
1974-06-25,1072.0
1974-06-26,1065.0
1974-06-27,1087.0
1974-06-28,1079.0
1974-06-29,
1974-06-30,
1974-07-01,1072.0
1974-07-02,1076.0
1974-07-03,
1974-07-04,1107.0
1974-07-05,1086.0
1974-07-06,
1974-07-07,
1974-07-08,1091.0
1974-07-09,1081.0
1974-07-10,1085.0
1974-07-11,1109.0
1974-07-12,1131.0
1974-07-13,
1974-07-14,
1974-07-15,1154.0
1974-07-16,1196.0
1974-07-17,1187.0
1974-07-18,1208.0
1974-07-19,1224.0
1974-07-20,
1974-07-21,
1974-07-22,1271.0
1974-07-23,1234.0
1974-07-24,1224.0
1974-07-25,1192.0
1974-07-26,1174.0
1974-07-27,
1974-07-28,
1974-07-29,1156.0
1974-07-30,1192.0
1974-07-31,1231.0
1974-08-01,1224.0
1974-08-02,1233.0
1974-08-03,
1974-08-04,
1974-08-05,1230.0
1974-08-06,1230.0
1974-08-07,1243.0
1974-08-08,1249.0
1974-08-09,1231.0
1974-08-10,
1974-08-11,
1974-08-12,1220.0
1974-08-13,1231.0
1974-08-14,1234.0
1974-08-15,1227.0
1974-08-16,1233.0
1974-08-17,
1974-08-18,
1974-08-19,1231.0
1974-08-20,1222.0
1974-08-21,1246.0
1974-08-22,1246.0
1974-08-23,1237.0
1974-08-24,
1974-08-25,
1974-08-26,1233.0
1974-08-27,1228.0
1974-08-28,1209.0
1974-08-29,1217.0
1974-08-30,1225.0
1974-08-31,
1974-09-01,
1974-09-02,1211.0
1974-09-03,1200.0
1974-09-04,1191.0
1974-09-05,1173.0
1974-09-06,1163.0
1974-09-07,
1974-09-08,
1974-09-09,1098.0
1974-09-10,1114.0
1974-09-11,1089.0
1974-09-12,1040.0
1974-09-13,1063.0
1974-09-14,
1974-09-15,
1974-09-16,1111.0
1974-09-17,1130.0
1974-09-18,1109.0
1974-09-19,1114.0
1974-09-20,1093.0
1974-09-21,
1974-09-22,
1974-09-23,1068.0
1974-09-24,1045.0
1974-09-25,1052.0
1974-09-26,1058.0
1974-09-27,1065.0
1974-09-28,
1974-09-29,
1974-09-30,1072.0
1974-10-01,1058.0
1974-10-02,1035.0
1974-10-03,1025.0
1974-10-04,1021.0000000000001
1974-10-05,
1974-10-06,
1974-10-07,991.0
1974-10-08,987.9999999999999
1974-10-09,999.0
1974-10-10,1004.9999999999999
1974-10-11,1001.0
1974-10-12,
1974-10-13,
1974-10-14,994.0000000000001
1974-10-15,999.0
1974-10-16,1003.0
1974-10-17,1004.0
1974-10-18,1001.0
1974-10-19,
1974-10-20,
1974-10-21,987.9999999999999
1974-10-22,975.0
1974-10-23,973.0
1974-10-24,974.0
1974-10-25,1023.0000000000001
1974-10-26,
1974-10-27,
1974-10-28,1014.0
1974-10-29,1000.0000000000001
1974-10-30,1006.9999999999999
1974-10-31,1028.0
1974-11-01,1020.0
1974-11-02,
1974-11-03,
1974-11-04,1019.0000000000001
1974-11-05,1042.0
1974-11-06,1043.0
1974-11-07,1038.0
1974-11-08,1081.0
1974-11-09,
1974-11-10,
1974-11-11,1096.0
1974-11-12,1071.0
1974-11-13,1068.0
1974-11-14,1072.0
1974-11-15,
1974-11-16,
1974-11-17,
1974-11-18,1074.0
1974-11-19,1083.0
1974-11-20,1099.0
1974-11-21,1109.0
1974-11-22,1105.0
1974-11-23,
1974-11-24,
1974-11-25,1119.0
1974-11-26,1112.0
1974-11-27,1154.0
1974-11-28,1178.0
1974-11-29,1205.0
1974-11-30,
1974-12-01,
1974-12-02,1437.0
1974-12-03,1459.0
1974-12-04,1530.0
1974-12-05,1501.0
1974-12-06,1496.0
1974-12-07,
1974-12-08,
1974-12-09,1367.0
1974-12-10,1349.0
1974-12-11,1404.0
1974-12-12,1346.0
1974-12-13,1386.0
1974-12-14,
1974-12-15,
1974-12-16,1414.0
1974-12-17,1405.0
1974-12-18,1382.0
1974-12-19,1339.0
1974-12-20,1365.0
1974-12-21,
1974-12-22,
1974-12-23,1373.0
1974-12-24,
1974-12-25,
1974-12-26,1446.0
1974-12-27,1453.0
1974-12-28,
1974-12-29,
1974-12-30,1441.0
1974-12-31,
1975-01-01,
1975-01-02,1412.0
1975-01-03,1450.0
1975-01-04,
1975-01-05,
1975-01-06,1482.0
1975-01-07,1483.0
1975-01-08,1512.0
1975-01-09,1563.0
1975-01-10,1544.0
1975-01-11,
1975-01-12,
1975-01-13,1537.0
1975-01-14,1557.0
1975-01-15,1526.0
1975-01-16,1505.0
1975-01-17,1508.0
1975-01-18,
1975-01-19,
1975-01-20,1513.0
1975-01-21,1491.0
1975-01-22,1462.0
1975-01-23,1434.0
1975-01-24,1439.0
1975-01-25,
1975-01-26,
1975-01-27,1413.0
1975-01-28,1430.0
1975-01-29,1460.0
1975-01-30,1473.0
1975-01-31,1471.0
1975-02-01,
1975-02-02,
1975-02-03,1454.0
1975-02-04,1459.0
1975-02-05,1436.0
1975-02-06,1448.0
1975-02-07,1467.0
1975-02-08,
1975-02-09,
1975-02-10,
1975-02-11,
1975-02-12,
1975-02-13,1452.0
1975-02-14,1481.0
1975-02-15,
1975-02-16,
1975-02-17,1474.0
1975-02-18,1462.0
1975-02-19,1470.0
1975-02-20,1484.0
1975-02-21,1480.0
1975-02-22,
1975-02-23,
1975-02-24,1465.0
1975-02-25,1452.0
1975-02-26,1440.0
1975-02-27,1437.0
1975-02-28,1451.0
1975-03-01,
1975-03-02,
1975-03-03,1454.0
1975-03-04,1441.0
1975-03-05,1435.0
1975-03-06,1451.0
1975-03-07,1469.0
1975-03-08,
1975-03-09,
1975-03-10,1495.0
1975-03-11,1510.0
1975-03-12,1487.0
1975-03-13,1508.0
1975-03-14,1491.0
1975-03-15,
1975-03-16,
1975-03-17,1481.0
1975-03-18,1471.0
1975-03-19,1466.0
1975-03-20,1458.0
1975-03-21,1457.0
1975-03-22,
1975-03-23,
1975-03-24,1446.0
1975-03-25,1448.0
1975-03-26,1456.0
1975-03-27,
1975-03-28,
1975-03-29,
1975-03-30,
1975-03-31,1455.0
1975-04-01,1442.0
1975-04-02,1434.0
1975-04-03,1427.0
1975-04-04,1410.0
1975-04-05,
1975-04-06,
1975-04-07,1412.0
1975-04-08,1429.0
1975-04-09,1433.0
1975-04-10,1415.0
1975-04-11,1417.0
1975-04-12,
1975-04-13,
1975-04-14,1398.0
1975-04-15,1379.0
1975-04-16,1384.0
1975-04-17,1390.0
1975-04-18,1392.0
1975-04-19,
1975-04-20,
1975-04-21,
1975-04-22,1406.0
1975-04-23,1419.0
1975-04-24,1421.0
1975-04-25,1422.0
1975-04-26,
1975-04-27,
1975-04-28,1453.0
1975-04-29,1481.0
1975-04-30,1468.0
1975-05-01,
1975-05-02,1467.0
1975-05-03,
1975-05-04,
1975-05-05,1444.0
1975-05-06,1489.0
1975-05-07,1509.0
1975-05-08,1550.0
1975-05-09,1566.0
1975-05-10,
1975-05-11,
1975-05-12,1653.0
1975-05-13,1619.0
1975-05-14,1593.0
1975-05-15,1575.0
1975-05-16,1565.0
1975-05-17,
1975-05-18,
1975-05-19,1533.0
1975-05-20,1540.0
1975-05-21,1557.0
1975-05-22,1595.0
1975-05-23,1588.0
1975-05-24,
1975-05-25,
1975-05-26,1588.0
1975-05-27,1610.0
1975-05-28,1629.0
1975-05-29,
1975-05-30,1676.0
1975-05-31,
1975-06-01,
1975-06-02,1658.0
1975-06-03,1696.0
1975-06-04,1747.0
1975-06-05,1762.0
1975-06-06,1818.0
1975-06-07,
1975-06-08,
1975-06-09,1850.0
1975-06-10,1801.0
1975-06-11,1815.0
1975-06-12,1809.0
1975-06-13,1817.0
1975-06-14,
1975-06-15,
1975-06-16,1882.0
1975-06-17,1926.0000000000002
1975-06-18,1978.0
1975-06-19,1932.9999999999998
1975-06-20,1979.0
1975-06-21,
1975-06-22,
1975-06-23,2049.0
1975-06-24,2102.0
1975-06-25,2074.0
1975-06-26,2105.0
1975-06-27,2156.0
1975-06-28,
1975-06-29,
1975-06-30,2186.0
1975-07-01,2222.0
1975-07-02,2346.0
1975-07-03,2407.0
1975-07-04,2229.0
1975-07-05,
1975-07-06,
1975-07-07,2202.0
1975-07-08,2267.0
1975-07-09,2247.0
1975-07-10,2236.0
1975-07-11,2302.0
1975-07-12,
1975-07-13,
1975-07-14,2345.0
1975-07-15,2361.0
1975-07-16,2388.0
1975-07-17,2447.0
1975-07-18,2491.0
1975-07-19,
1975-07-20,
1975-07-21,2431.0
1975-07-22,2476.0
1975-07-23,2473.0
1975-07-24,2510.0
1975-07-25,2482.0
1975-07-26,
1975-07-27,
1975-07-28,2441.0
1975-07-29,2404.0
1975-07-30,2372.0
1975-07-31,2399.0
1975-08-01,2395.0
1975-08-02,
1975-08-03,
1975-08-04,2298.0
1975-08-05,2334.0
1975-08-06,2332.0
1975-08-07,2305.0
1975-08-08,2299.0
1975-08-09,
1975-08-10,
1975-08-11,2244.0
1975-08-12,2216.0
1975-08-13,2264.0
1975-08-14,2311.0
1975-08-15,2322.0
1975-08-16,
1975-08-17,
1975-08-18,2314.0
1975-08-19,2337.0
1975-08-20,2338.0
1975-08-21,2304.0
1975-08-22,2272.0
1975-08-23,
1975-08-24,
1975-08-25,2237.0
1975-08-26,2193.0
1975-08-27,2141.0
1975-08-28,2170.0
1975-08-29,2106.0
1975-08-30,
1975-08-31,
1975-09-01,2039.0
1975-09-02,2012.0
1975-09-03,2124.0
1975-09-04,2125.0
1975-09-05,2075.0
1975-09-06,
1975-09-07,
1975-09-08,2039.0
1975-09-09,2008.0
1975-09-10,2060.0
1975-09-11,2044.0
1975-09-12,2059.0
1975-09-13,
1975-09-14,
1975-09-15,2061.0
1975-09-16,2075.0
1975-09-17,2095.0
1975-09-18,2063.0
1975-09-19,2070.0
1975-09-20,
1975-09-21,
1975-09-22,2090.0
1975-09-23,2124.0
1975-09-24,2118.0
1975-09-25,2118.0
1975-09-26,2176.0
1975-09-27,
1975-09-28,
1975-09-29,2265.0
1975-09-30,2282.0
1975-10-01,2328.0
1975-10-02,2326.0
1975-10-03,2286.0
1975-10-04,
1975-10-05,
1975-10-06,2262.0
1975-10-07,2249.0
1975-10-08,2257.0
1975-10-09,2254.0
1975-10-10,2182.0
1975-10-11,
1975-10-12,
1975-10-13,2132.0
1975-10-14,2159.0
1975-10-15,2109.0
1975-10-16,2114.0
1975-10-17,2099.0
1975-10-18,
1975-10-19,
1975-10-20,2108.0
1975-10-21,2111.0
1975-10-22,2095.0
1975-10-23,2094.0
1975-10-24,2103.0
1975-10-25,
1975-10-26,
1975-10-27,2079.0
1975-10-28,2078.0
1975-10-29,2116.0
1975-10-30,2116.0
1975-10-31,2124.0
1975-11-01,
1975-11-02,
1975-11-03,2101.0
1975-11-04,2090.0
1975-11-05,2121.0
1975-11-06,2149.0
1975-11-07,2174.0
1975-11-08,
1975-11-09,
1975-11-10,2145.0
1975-11-11,2194.0
1975-11-12,2173.0
1975-11-13,2164.0
1975-11-14,2139.0
1975-11-15,
1975-11-16,
1975-11-17,2144.0
1975-11-18,2156.0
1975-11-19,2132.0
1975-11-20,2119.0
1975-11-21,2102.0
1975-11-22,
1975-11-23,
1975-11-24,2074.0
1975-11-25,2044.0
1975-11-26,2066.0
1975-11-27,2050.0
1975-11-28,2039.0
1975-11-29,
1975-11-30,
1975-12-01,2000.0000000000002
1975-12-02,2013.0
1975-12-03,1971.9999999999998
1975-12-04,1967.0
1975-12-05,1978.0
1975-12-06,
1975-12-07,
1975-12-08,1971.0
1975-12-09,1940.0
1975-12-10,1909.9999999999998
1975-12-11,1869.0
1975-12-12,1870.9999999999998
1975-12-13,
1975-12-14,
1975-12-15,1852.0
1975-12-16,1826.0
1975-12-17,1835.0
1975-12-18,1865.0
1975-12-19,1905.9999999999998
1975-12-20,
1975-12-21,
1975-12-22,1949.0000000000002
1975-12-23,1915.0
1975-12-24,
1975-12-25,
1975-12-26,
1975-12-27,
1975-12-28,
1975-12-29,1958.0
1975-12-30,1943.0
1975-12-31,
1976-01-01,
1976-01-02,
1976-01-03,
1976-01-04,
1976-01-05,1971.0
1976-01-06,2006.0
1976-01-07,2074.0
1976-01-08,2051.0
1976-01-09,2087.0
1976-01-10,
1976-01-11,
1976-01-12,2065.0
1976-01-13,2044.9999999999998
1976-01-14,2075.0
1976-01-15,2095.0
1976-01-16,2187.0
1976-01-17,
1976-01-18,
1976-01-19,2211.0
1976-01-20,2245.0
1976-01-21,2279.0
1976-01-22,2245.0
1976-01-23,2216.0
1976-01-24,
1976-01-25,
1976-01-26,2280.0
1976-01-27,2298.0
1976-01-28,2288.0
1976-01-29,2322.0
1976-01-30,2340.0
1976-01-31,
1976-02-01,
1976-02-02,2349.0
1976-02-03,2294.0
1976-02-04,2242.0
1976-02-05,2266.0
1976-02-06,2289.0
1976-02-07,
1976-02-08,
1976-02-09,2263.0
1976-02-10,2251.0
1976-02-11,2248.0
1976-02-12,2294.0
1976-02-13,2280.0
1976-02-14,
1976-02-15,
1976-02-16,2271.0
1976-02-17,2258.0
1976-02-18,2286.0
1976-02-19,2323.0
1976-02-20,2335.0
1976-02-21,
1976-02-22,
1976-02-23,2334.0
1976-02-24,2370.0
1976-02-25,2418.0
1976-02-26,2389.0
1976-02-27,2426.0
1976-02-28,
1976-02-29,
1976-03-01,
1976-03-02,
1976-03-03,
1976-03-04,2461.0
1976-03-05,2462.0
1976-03-06,
1976-03-07,
1976-03-08,2448.0
1976-03-09,2435.0
1976-03-10,2432.0
1976-03-11,2379.0
1976-03-12,2345.0
1976-03-13,
1976-03-14,
1976-03-15,2254.0
1976-03-16,2278.0
1976-03-17,2238.0
1976-03-18,2147.0
1976-03-19,2223.0
1976-03-20,
1976-03-21,
1976-03-22,2183.0
1976-03-23,2198.0
1976-03-24,2196.0
1976-03-25,2211.0
1976-03-26,2224.0
1976-03-27,
1976-03-28,
1976-03-29,2194.0
1976-03-30,2160.0
1976-03-31,2154.0
1976-04-01,2159.0
1976-04-02,2125.0
1976-04-03,
1976-04-04,
1976-04-05,2133.0
1976-04-06,2134.0
1976-04-07,2168.0
1976-04-08,2169.0
1976-04-09,2151.0
1976-04-10,
1976-04-11,
1976-04-12,2126.0
1976-04-13,2116.0
1976-04-14,2134.0
1976-04-15,
1976-04-16,
1976-04-17,
1976-04-18,
1976-04-19,2129.0
1976-04-20,2154.0
1976-04-21,
1976-04-22,2172.0
1976-04-23,2171.0
1976-04-24,
1976-04-25,
1976-04-26,2177.0
1976-04-27,2159.0
1976-04-28,2155.0
1976-04-29,2152.0
1976-04-30,2161.0
1976-05-01,
1976-05-02,
1976-05-03,2131.0
1976-05-04,2132.0
1976-05-05,2154.0
1976-05-06,2190.0
1976-05-07,2220.0
1976-05-08,
1976-05-09,
1976-05-10,2217.0
1976-05-11,2258.0
1976-05-12,2332.0
1976-05-13,2292.0
1976-05-14,2320.0
1976-05-15,
1976-05-16,
1976-05-17,2328.0
1976-05-18,2292.0
1976-05-19,2302.0
1976-05-20,2310.0
1976-05-21,2357.0
1976-05-22,
1976-05-23,
1976-05-24,2379.0
1976-05-25,2368.0
1976-05-26,2404.0
1976-05-27,2408.0
1976-05-28,2421.0
1976-05-29,
1976-05-30,
1976-05-31,2457.0
1976-06-01,2538.0
1976-06-02,2511.0
1976-06-03,2515.0
1976-06-04,2500.0
1976-06-05,
1976-06-06,
1976-06-07,2453.0
1976-06-08,2390.0
1976-06-09,2467.0
1976-06-10,2479.0
1976-06-11,2477.0
1976-06-12,
1976-06-13,
1976-06-14,2510.0
1976-06-15,2553.0
1976-06-16,2575.0
1976-06-17,
1976-06-18,2627.0
1976-06-19,
1976-06-20,
1976-06-21,2702.0
1976-06-22,2736.0
1976-06-23,2723.0
1976-06-24,2664.0
1976-06-25,2699.0
1976-06-26,
1976-06-27,
1976-06-28,2787.0
1976-06-29,2800.0
1976-06-30,2814.0
1976-07-01,2827.0
1976-07-02,2888.0
1976-07-03,
1976-07-04,
1976-07-05,2944.0
1976-07-06,2879.0
1976-07-07,2912.0
1976-07-08,2919.0
1976-07-09,2970.0
1976-07-10,
1976-07-11,
1976-07-12,2966.0
1976-07-13,2883.0
1976-07-14,2822.0
1976-07-15,2813.0
1976-07-16,2777.0
1976-07-17,
1976-07-18,
1976-07-19,2738.0
1976-07-20,2669.0
1976-07-21,2576.0
1976-07-22,2717.0
1976-07-23,2667.0
1976-07-24,
1976-07-25,
1976-07-26,2650.0
1976-07-27,2616.0
1976-07-28,2561.0
1976-07-29,2622.0
1976-07-30,2632.0
1976-07-31,
1976-08-01,
1976-08-02,2605.0
1976-08-03,2636.0
1976-08-04,2690.0
1976-08-05,2775.0
1976-08-06,2771.0
1976-08-07,
1976-08-08,
1976-08-09,2686.0
1976-08-10,2718.0
1976-08-11,2715.0
1976-08-12,2704.0
1976-08-13,2693.0
1976-08-14,
1976-08-15,
1976-08-16,2668.0
1976-08-17,2690.0
1976-08-18,2695.0
1976-08-19,2695.0
1976-08-20,2661.0
1976-08-21,
1976-08-22,
1976-08-23,2658.0
1976-08-24,2644.0
1976-08-25,2628.0
1976-08-26,2638.0
1976-08-27,2639.0
1976-08-28,
1976-08-29,
1976-08-30,2684.0
1976-08-31,2708.0
1976-09-01,2675.0
1976-09-02,2660.0
1976-09-03,2699.0
1976-09-04,
1976-09-05,
1976-09-06,2705.0
1976-09-07,
1976-09-08,2710.0
1976-09-09,2700.0
1976-09-10,2690.0
1976-09-11,
1976-09-12,
1976-09-13,2664.0
1976-09-14,2625.0
1976-09-15,2591.0
1976-09-16,2594.0
1976-09-17,2601.0
1976-09-18,
1976-09-19,
1976-09-20,2584.0
1976-09-21,2547.0
1976-09-22,2554.0
1976-09-23,2580.0
1976-09-24,2584.0
1976-09-25,
1976-09-26,
1976-09-27,2553.0
1976-09-28,2541.0
1976-09-29,2531.0
1976-09-30,2511.0
1976-10-01,2534.0
1976-10-02,
1976-10-03,
1976-10-04,2511.0
1976-10-05,2477.0
1976-10-06,2396.0
1976-10-07,2342.0
1976-10-08,2353.0
1976-10-09,
1976-10-10,
1976-10-11,2320.0
1976-10-12,2268.0
1976-10-13,2229.0
1976-10-14,2309.0
1976-10-15,2228.0
1976-10-16,
1976-10-17,
1976-10-18,2132.0
1976-10-19,2097.0
1976-10-20,2006.0
1976-10-21,2100.0
1976-10-22,2116.0
1976-10-23,
1976-10-24,
1976-10-25,2136.0
1976-10-26,2118.0
1976-10-27,2099.0
1976-10-28,2121.0
1976-10-29,2125.0
1976-10-30,
1976-10-31,
1976-11-01,2129.0
1976-11-02,
1976-11-03,2065.0
1976-11-04,2056.0
1976-11-05,2055.0
1976-11-06,
1976-11-07,
1976-11-08,2069.0
1976-11-09,2120.0
1976-11-10,2154.0
1976-11-11,2122.0
1976-11-12,2111.0
1976-11-13,
1976-11-14,
1976-11-15,
1976-11-16,2079.0
1976-11-17,2089.0
1976-11-18,2101.0
1976-11-19,2105.0
1976-11-20,
1976-11-21,
1976-11-22,2101.0
1976-11-23,2160.0
1976-11-24,2199.0
1976-11-25,2209.0
1976-11-26,2225.0
1976-11-27,
1976-11-28,
1976-11-29,2309.0
1976-11-30,2301.0
1976-12-01,2329.0
1976-12-02,2383.0
1976-12-03,2371.0
1976-12-04,
1976-12-05,
1976-12-06,2321.0
1976-12-07,2286.0
1976-12-08,2331.0
1976-12-09,2388.0
1976-12-10,2447.0
1976-12-11,
1976-12-12,
1976-12-13,2387.0
1976-12-14,2428.0
1976-12-15,2400.0
1976-12-16,2382.0
1976-12-17,2359.0
1976-12-18,
1976-12-19,
1976-12-20,2339.0
1976-12-21,2303.0
1976-12-22,2302.0
1976-12-23,2301.0
1976-12-24,
1976-12-25,
1976-12-26,
1976-12-27,2304.0
1976-12-28,2388.0
1976-12-29,2397.0
1976-12-30,2410.0
1976-12-31,
1977-01-01,
1977-01-02,
1977-01-03,2498.0
1977-01-04,2516.0
1977-01-05,2519.0
1977-01-06,2637.0
1977-01-07,2643.0
1977-01-08,
1977-01-09,
1977-01-10,2626.0
1977-01-11,2570.0
1977-01-12,2630.0
1977-01-13,2662.0
1977-01-14,2608.0
1977-01-15,
1977-01-16,
1977-01-17,2598.0
1977-01-18,2656.0
1977-01-19,2681.0
1977-01-20,2698.0
1977-01-21,2677.0
1977-01-22,
1977-01-23,
1977-01-24,2655.0
1977-01-25,
1977-01-26,2619.0
1977-01-27,2617.0
1977-01-28,2641.0
1977-01-29,
1977-01-30,
1977-01-31,2668.0
1977-02-01,2644.0
1977-02-02,2590.0
1977-02-03,2570.0
1977-02-04,2580.0
1977-02-05,
1977-02-06,
1977-02-07,2551.0
1977-02-08,2495.0
1977-02-09,2548.0
1977-02-10,2562.0
1977-02-11,2529.0
1977-02-12,
1977-02-13,
1977-02-14,2530.0
1977-02-15,2532.0
1977-02-16,2555.0
1977-02-17,2570.0
1977-02-18,2576.0
1977-02-19,
1977-02-20,
1977-02-21,
1977-02-22,
1977-02-23,
1977-02-24,2587.0
1977-02-25,2633.0
1977-02-26,
1977-02-27,
1977-02-28,2621.0
1977-03-01,2591.0
1977-03-02,2584.0
1977-03-03,2587.0
1977-03-04,2601.0
1977-03-05,
1977-03-06,
1977-03-07,2593.0
1977-03-08,2631.0
1977-03-09,2657.0
1977-03-10,2695.0
1977-03-11,2681.0
1977-03-12,
1977-03-13,
1977-03-14,2711.0
1977-03-15,2763.0
1977-03-16,2754.0
1977-03-17,2790.0
1977-03-18,2853.0
1977-03-19,
1977-03-20,
1977-03-21,2832.0
1977-03-22,2885.0
1977-03-23,2899.0
1977-03-24,2938.0
1977-03-25,2985.0
1977-03-26,
1977-03-27,
1977-03-28,2994.0
1977-03-29,2916.0
1977-03-30,2886.0
1977-03-31,2840.0
1977-04-01,2845.0
1977-04-02,
1977-04-03,
1977-04-04,2893.0
1977-04-05,2863.0
1977-04-06,2900.0
1977-04-07,
1977-04-08,
1977-04-09,
1977-04-10,
1977-04-11,2916.0
1977-04-12,2896.0
1977-04-13,2877.0
1977-04-14,2906.0
1977-04-15,2888.0
1977-04-16,
1977-04-17,
1977-04-18,2864.0
1977-04-19,2862.0
1977-04-20,2827.0
1977-04-21,
1977-04-22,2823.0
1977-04-23,
1977-04-24,
1977-04-25,2815.0
1977-04-26,2782.0
1977-04-27,2775.0
1977-04-28,2810.0
1977-04-29,2821.0
1977-04-30,
1977-05-01,
1977-05-02,2846.0
1977-05-03,2858.0
1977-05-04,2862.0
1977-05-05,2861.0
1977-05-06,2867.0
1977-05-07,
1977-05-08,
1977-05-09,2858.0
1977-05-10,2876.0
1977-05-11,2945.0
1977-05-12,2935.0
1977-05-13,2928.0
1977-05-14,
1977-05-15,
1977-05-16,2895.0
1977-05-17,2865.0
1977-05-18,2811.0
1977-05-19,2803.0
1977-05-20,2840.0
1977-05-21,
1977-05-22,
1977-05-23,2846.0
1977-05-24,2846.0
1977-05-25,2833.0
1977-05-26,2824.0
1977-05-27,2812.0
1977-05-28,
1977-05-29,
1977-05-30,2795.0
1977-05-31,2791.0
1977-06-01,2800.0
1977-06-02,2813.0
1977-06-03,2820.0
1977-06-04,
1977-06-05,
1977-06-06,2800.0
1977-06-07,2738.0
1977-06-08,2758.0
1977-06-09,
1977-06-10,2762.0
1977-06-11,
1977-06-12,
1977-06-13,2731.0
1977-06-14,2650.0
1977-06-15,2653.0
1977-06-16,2688.0
1977-06-17,2724.0
1977-06-18,
1977-06-19,
1977-06-20,2736.0
1977-06-21,2745.0
1977-06-22,2742.0
1977-06-23,2742.0
1977-06-24,2720.0
1977-06-25,
1977-06-26,
1977-06-27,2713.0
1977-06-28,2771.0
1977-06-29,2792.0
1977-06-30,2767.0
1977-07-01,2750.0
1977-07-02,
1977-07-03,
1977-07-04,2785.0
1977-07-05,2789.0
1977-07-06,2777.0
1977-07-07,2869.0
1977-07-08,2859.0
1977-07-09,
1977-07-10,
1977-07-11,2839.0
1977-07-12,2859.0
1977-07-13,2902.0
1977-07-14,2896.0
1977-07-15,2906.0
1977-07-16,
1977-07-17,
1977-07-18,2887.0
1977-07-19,2880.0
1977-07-20,2859.0
1977-07-21,2869.0
1977-07-22,2848.0
1977-07-23,
1977-07-24,
1977-07-25,2834.0
1977-07-26,2867.0
1977-07-27,2841.0
1977-07-28,2841.0
1977-07-29,2824.0
1977-07-30,
1977-07-31,
1977-08-01,2800.0
1977-08-02,2839.0
1977-08-03,2837.0
1977-08-04,2863.0
1977-08-05,2866.0
1977-08-06,
1977-08-07,
1977-08-08,2880.0
1977-08-09,2895.0
1977-08-10,2930.0
1977-08-11,2961.0
1977-08-12,2973.0
1977-08-13,
1977-08-14,
1977-08-15,2988.0
1977-08-16,2987.0
1977-08-17,2979.0
1977-08-18,2961.0
1977-08-19,2982.0
1977-08-20,
1977-08-21,
1977-08-22,3015.0
1977-08-23,3064.0
1977-08-24,3102.0
1977-08-25,3120.0
1977-08-26,3107.0
1977-08-27,
1977-08-28,
1977-08-29,3105.0
1977-08-30,3119.0
1977-08-31,3148.0
1977-09-01,3202.0
1977-09-02,3264.0
1977-09-03,
1977-09-04,
1977-09-05,3281.0
1977-09-06,3238.0
1977-09-07,
1977-09-08,3282.0
1977-09-09,3317.0
1977-09-10,
1977-09-11,
1977-09-12,3346.0
1977-09-13,3408.0
1977-09-14,3382.0
1977-09-15,3357.0
1977-09-16,3364.0
1977-09-17,
1977-09-18,
1977-09-19,3466.0
1977-09-20,3510.0
1977-09-21,3538.0
1977-09-22,3623.0
1977-09-23,3584.0
1977-09-24,
1977-09-25,
1977-09-26,3592.0
1977-09-27,3534.0
1977-09-28,3483.0
1977-09-29,3415.0
1977-09-30,3455.0
1977-10-01,
1977-10-02,
1977-10-03,3446.0
1977-10-04,3414.0
1977-10-05,3393.0
1977-10-06,3337.0
1977-10-07,3342.0
1977-10-08,
1977-10-09,
1977-10-10,3291.0
1977-10-11,3321.0
1977-10-12,3328.0
1977-10-13,3307.0
1977-10-14,3357.0
1977-10-15,
1977-10-16,
1977-10-17,3380.0
1977-10-18,3332.0
1977-10-19,3301.0
1977-10-20,3342.0
1977-10-21,3348.0
1977-10-22,
1977-10-23,
1977-10-24,3330.0
1977-10-25,3353.0
1977-10-26,3392.0
1977-10-27,3463.0
1977-10-28,3484.0
1977-10-29,
1977-10-30,
1977-10-31,3436.0
1977-11-01,3446.0
1977-11-02,
1977-11-03,3377.0
1977-11-04,3413.0
1977-11-05,
1977-11-06,
1977-11-07,3420.0
1977-11-08,3443.0
1977-11-09,3439.0
1977-11-10,3425.0
1977-11-11,3378.0
1977-11-12,
1977-11-13,
1977-11-14,3391.0
1977-11-15,
1977-11-16,3351.0
1977-11-17,3266.0
1977-11-18,3269.0
1977-11-19,
1977-11-20,
1977-11-21,3229.0
1977-11-22,3210.0
1977-11-23,3247.0
1977-11-24,3292.0
1977-11-25,3296.0
1977-11-26,
1977-11-27,
1977-11-28,3297.0
1977-11-29,3276.0
1977-11-30,3276.0
1977-12-01,3253.0
1977-12-02,3289.0
1977-12-03,
1977-12-04,
1977-12-05,3283.0
1977-12-06,3271.0
1977-12-07,3297.0
1977-12-08,3306.0
1977-12-09,3331.0
1977-12-10,
1977-12-11,
1977-12-12,3387.0
1977-12-13,3372.0
1977-12-14,3367.0
1977-12-15,3373.0
1977-12-16,3356.0
1977-12-17,
1977-12-18,
1977-12-19,3368.0
1977-12-20,3377.0
1977-12-21,3369.0
1977-12-22,3363.0
1977-12-23,3384.0
1977-12-24,
1977-12-25,
1977-12-26,3345.0
1977-12-27,3361.0
1977-12-28,3394.0
1977-12-29,3397.0
1977-12-30,
1977-12-31,
1978-01-01,
1978-01-02,3435.0
1978-01-03,3506.0
1978-01-04,3582.0
1978-01-05,3558.0
1978-01-06,3660.0
1978-01-07,
1978-01-08,
1978-01-09,3641.0
1978-01-10,3614.0
1978-01-11,3616.0
1978-01-12,3693.0
1978-01-13,3701.0
1978-01-14,
1978-01-15,
1978-01-16,3746.0
1978-01-17,3685.0
1978-01-18,3662.0
1978-01-19,3699.0
1978-01-20,3713.0
1978-01-21,
1978-01-22,
1978-01-23,3705.0
1978-01-24,3642.0
1978-01-25,
1978-01-26,3689.0
1978-01-27,3744.0000000000005
1978-01-28,
1978-01-29,
1978-01-30,3775.0
1978-01-31,3771.0000000000005
1978-02-01,3808.0
1978-02-02,3838.0
1978-02-03,3846.0
1978-02-04,
1978-02-05,
1978-02-06,
1978-02-07,
1978-02-08,
1978-02-09,3870.0
1978-02-10,3927.9999999999995
1978-02-11,
1978-02-12,
1978-02-13,3911.9999999999995
1978-02-14,3888.0
1978-02-15,3921.0
1978-02-16,4016.0
1978-02-17,4053.0
1978-02-18,
1978-02-19,
1978-02-20,4105.0
1978-02-21,4164.0
1978-02-22,4153.0
1978-02-23,4099.0
1978-02-24,4074.0
1978-02-25,
1978-02-26,
1978-02-27,4085.0
1978-02-28,4103.0
1978-03-01,4224.0
1978-03-02,4311.0
1978-03-03,4306.0
1978-03-04,
1978-03-05,
1978-03-06,4253.0
1978-03-07,4266.0
1978-03-08,4348.0
1978-03-09,4340.0
1978-03-10,4435.0
1978-03-11,
1978-03-12,
1978-03-13,4457.0
1978-03-14,4475.0
1978-03-15,4451.0
1978-03-16,4433.0
1978-03-17,4458.0
1978-03-18,
1978-03-19,
1978-03-20,4347.0
1978-03-21,4285.0
1978-03-22,4225.0
1978-03-23,
1978-03-24,
1978-03-25,
1978-03-26,
1978-03-27,4121.0
1978-03-28,4083.0
1978-03-29,4059.9999999999995
1978-03-30,4059.9999999999995
1978-03-31,4035.0000000000005
1978-04-01,
1978-04-02,
1978-04-03,4000.9999999999995
1978-04-04,3986.0
1978-04-05,3996.0
1978-04-06,3965.9999999999995
1978-04-07,3871.0000000000005
1978-04-08,
1978-04-09,
1978-04-10,3818.0
1978-04-11,3738.0
1978-04-12,3757.9999999999995
1978-04-13,3781.0
1978-04-14,3727.0
1978-04-15,
1978-04-16,
1978-04-17,3691.0
1978-04-18,3703.0
1978-04-19,3712.0
1978-04-20,3673.0
1978-04-21,
1978-04-22,
1978-04-23,
1978-04-24,3644.0
1978-04-25,3659.0
1978-04-26,3725.9999999999995
1978-04-27,3768.0
1978-04-28,3760.9999999999995
1978-04-29,
1978-04-30,
1978-05-01,
1978-05-02,3784.9999999999995
1978-05-03,3857.9999999999995
1978-05-04,3945.0
1978-05-05,3949.0000000000005
1978-05-06,
1978-05-07,
1978-05-08,3961.0
1978-05-09,3844.0000000000005
1978-05-10,3816.0
1978-05-11,3819.0
1978-05-12,3806.0000000000005
1978-05-13,
1978-05-14,
1978-05-15,3738.9999999999995
1978-05-16,3723.0
1978-05-17,3741.0
1978-05-18,3716.0
1978-05-19,3700.0
1978-05-20,
1978-05-21,
1978-05-22,3682.0
1978-05-23,3729.0
1978-05-24,3782.0000000000005
1978-05-25,
1978-05-26,3873.0
1978-05-27,
1978-05-28,
1978-05-29,3934.0
1978-05-30,4005.9999999999995
1978-05-31,3914.0000000000005
1978-06-01,3977.0
1978-06-02,3968.0000000000005
1978-06-03,
1978-06-04,
1978-06-05,3943.9999999999995
1978-06-06,3972.0
1978-06-07,4000.9999999999995
1978-06-08,4008.9999999999995
1978-06-09,4059.0
1978-06-10,
1978-06-11,
1978-06-12,4067.0
1978-06-13,4012.0
1978-06-14,3964.0
1978-06-15,3929.0
1978-06-16,4034.0
1978-06-17,
1978-06-18,
1978-06-19,4022.0000000000005
1978-06-20,4016.9999999999995
1978-06-21,3977.0
1978-06-22,3945.0
1978-06-23,3921.0
1978-06-24,
1978-06-25,
1978-06-26,3864.0
1978-06-27,3895.0000000000005
1978-06-28,3913.0
1978-06-29,3892.9999999999995
1978-06-30,3887.0000000000005
1978-07-01,
1978-07-02,
1978-07-03,3856.0
1978-07-04,3883.0
1978-07-05,3903.0000000000005
1978-07-06,3937.0
1978-07-07,3975.0
1978-07-08,
1978-07-09,
1978-07-10,3950.0
1978-07-11,3916.0
1978-07-12,3935.0
1978-07-13,3932.0
1978-07-14,3925.0000000000005
1978-07-15,
1978-07-16,
1978-07-17,3949.0000000000005
1978-07-18,3956.0
1978-07-19,3978.0
1978-07-20,3991.0
1978-07-21,3976.0000000000005
1978-07-22,
1978-07-23,
1978-07-24,4049.0000000000005
1978-07-25,4061.0
1978-07-26,4081.0000000000005
1978-07-27,4114.0
1978-07-28,4097.0
1978-07-29,
1978-07-30,
1978-07-31,4089.0000000000005
1978-08-01,4015.0
1978-08-02,3958.0
1978-08-03,3895.0000000000005
1978-08-04,3973.0000000000005
1978-08-05,
1978-08-06,
1978-08-07,3999.0
1978-08-08,3981.9999999999995
1978-08-09,3929.0
1978-08-10,3911.0000000000005
1978-08-11,3894.0
1978-08-12,
1978-08-13,
1978-08-14,3870.0
1978-08-15,3892.9999999999995
1978-08-16,3908.9999999999995
1978-08-17,3949.0000000000005
1978-08-18,4013.0
1978-08-19,
1978-08-20,
1978-08-21,4058.0
1978-08-22,4039.0
1978-08-23,4065.0000000000005
1978-08-24,4062.9999999999995
1978-08-25,4069.0
1978-08-26,
1978-08-27,
1978-08-28,4051.0
1978-08-29,4043.9999999999995
1978-08-30,4040.0
1978-08-31,4003.0000000000005
1978-09-01,4023.0
1978-09-02,
1978-09-03,
1978-09-04,4023.0
1978-09-05,3997.9999999999995
1978-09-06,3989.0
1978-09-07,
1978-09-08,4056.0
1978-09-09,
1978-09-10,
1978-09-11,4056.0
1978-09-12,4035.9999999999995
1978-09-13,4015.0
1978-09-14,3983.0
1978-09-15,3978.9999999999995
1978-09-16,
1978-09-17,
1978-09-18,3910.0
1978-09-19,3902.0
1978-09-20,3911.9999999999995
1978-09-21,3925.0000000000005
1978-09-22,3954.0
1978-09-23,
1978-09-24,
1978-09-25,3946.9999999999995
1978-09-26,3954.0
1978-09-27,3956.0
1978-09-28,3946.9999999999995
1978-09-29,4013.0
1978-09-30,
1978-10-01,
1978-10-02,4021.0
1978-10-03,3969.0
1978-10-04,3995.0000000000005
1978-10-05,3991.0
1978-10-06,4074.0
1978-10-07,
1978-10-08,
1978-10-09,4120.0
1978-10-10,4143.0
1978-10-11,4119.0
1978-10-12,4057.0000000000005
1978-10-13,4007.0
1978-10-14,
1978-10-15,
1978-10-16,4005.9999999999995
1978-10-17,3965.9999999999995
1978-10-18,3965.9999999999995
1978-10-19,3957.0000000000005
1978-10-20,3969.0
1978-10-21,
1978-10-22,
1978-10-23,3932.0
1978-10-24,3891.0
1978-10-25,3840.0
1978-10-26,3822.9999999999995
1978-10-27,3837.0
1978-10-28,
1978-10-29,
1978-10-30,3808.0
1978-10-31,3744.0000000000005
1978-11-01,3752.9999999999995
1978-11-02,
1978-11-03,3792.0
1978-11-04,
1978-11-05,
1978-11-06,3857.0
1978-11-07,3881.0
1978-11-08,3910.0
1978-11-09,3976.0000000000005
1978-11-10,3943.9999999999995
1978-11-11,
1978-11-12,
1978-11-13,3916.0
1978-11-14,3908.9999999999995
1978-11-15,
1978-11-16,3933.0000000000005
1978-11-17,3903.0000000000005
1978-11-18,
1978-11-19,
1978-11-20,3792.0
1978-11-21,3741.9999999999995
1978-11-22,3817.0000000000005
1978-11-23,3775.0
1978-11-24,3760.0000000000005
1978-11-25,
1978-11-26,
1978-11-27,3681.0
1978-11-28,3598.0
1978-11-29,3598.0
1978-11-30,3587.0
1978-12-01,3633.0
1978-12-02,
1978-12-03,
1978-12-04,3620.0
1978-12-05,3608.0
1978-12-06,3542.0
1978-12-07,3540.0
1978-12-08,3518.0
1978-12-09,
1978-12-10,
1978-12-11,3552.0
1978-12-12,3587.0
1978-12-13,3563.0
1978-12-14,3602.0
1978-12-15,3585.0
1978-12-16,
1978-12-17,
1978-12-18,3535.0
1978-12-19,3505.0
1978-12-20,3499.0
1978-12-21,3472.0
1978-12-22,3451.0
1978-12-23,
1978-12-24,
1978-12-25,
1978-12-26,3496.0
1978-12-27,3560.0
1978-12-28,3549.0
1978-12-29,
1978-12-30,
1978-12-31,
1979-01-01,
1979-01-02,3516.0
1979-01-03,3569.0
1979-01-04,3586.0
1979-01-05,3654.0
1979-01-06,
1979-01-07,
1979-01-08,3691.0
1979-01-09,3667.0
1979-01-10,3602.0
1979-01-11,3594.0
1979-01-12,3636.0
1979-01-13,
1979-01-14,
1979-01-15,3632.0
1979-01-16,3623.0
1979-01-17,3631.0
1979-01-18,3697.0
1979-01-19,3709.0
1979-01-20,
1979-01-21,
1979-01-22,3685.0
1979-01-23,3656.0
1979-01-24,3590.0
1979-01-25,
1979-01-26,3595.0
1979-01-27,
1979-01-28,
1979-01-29,3604.0
1979-01-30,3570.0
1979-01-31,3614.0
1979-02-01,3598.0
1979-02-02,3588.0
1979-02-03,
1979-02-04,
1979-02-05,3550.0
1979-02-06,3534.0
1979-02-07,3550.0
1979-02-08,3539.0
1979-02-09,3510.0
1979-02-10,
1979-02-11,
1979-02-12,3466.0
1979-02-13,3399.0
1979-02-14,3349.0
1979-02-15,3381.0
1979-02-16,3469.0
1979-02-17,
1979-02-18,
1979-02-19,3466.0
1979-02-20,3417.0
1979-02-21,3357.0
1979-02-22,3462.0
1979-02-23,3480.0
1979-02-24,
1979-02-25,
1979-02-26,
1979-02-27,
1979-02-28,
1979-03-01,3467.0
1979-03-02,3499.0
1979-03-03,
1979-03-04,
1979-03-05,3506.0
1979-03-06,3518.0
1979-03-07,3532.0
1979-03-08,3534.0
1979-03-09,3515.0
1979-03-10,
1979-03-11,
1979-03-12,3511.0
1979-03-13,3473.0
1979-03-14,3415.0
1979-03-15,3456.0
1979-03-16,3491.0
1979-03-17,
1979-03-18,
1979-03-19,3483.0
1979-03-20,3493.0
1979-03-21,3523.0
1979-03-22,3580.0
1979-03-23,3605.0
1979-03-24,
1979-03-25,
1979-03-26,3547.0
1979-03-27,3486.0
1979-03-28,3520.0
1979-03-29,3543.0
1979-03-30,3592.0
1979-03-31,
1979-04-01,
1979-04-02,3583.0
1979-04-03,3631.0
1979-04-04,3642.0
1979-04-05,3667.0
1979-04-06,3691.0
1979-04-07,
1979-04-08,
1979-04-09,3722.0
1979-04-10,3738.0
1979-04-11,3784.0
1979-04-12,
1979-04-13,
1979-04-14,
1979-04-15,
1979-04-16,3830.9999999999995
1979-04-17,3905.0
1979-04-18,3973.0000000000005
1979-04-19,3929.0
1979-04-20,4008.0
1979-04-21,
1979-04-22,
1979-04-23,4032.9999999999995
1979-04-24,4142.0
1979-04-25,4186.0
1979-04-26,4127.0
1979-04-27,4118.0
1979-04-28,
1979-04-29,
1979-04-30,4148.0
1979-05-01,
1979-05-02,4131.0
1979-05-03,4064.0
1979-05-04,4029.0
1979-05-05,
1979-05-06,
1979-05-07,4088.0
1979-05-08,4173.0
1979-05-09,4212.0
1979-05-10,4178.0
1979-05-11,4177.0
1979-05-12,
1979-05-13,
1979-05-14,4279.0
1979-05-15,4340.0
1979-05-16,4305.0
1979-05-17,4330.0
1979-05-18,4326.0
1979-05-19,
1979-05-20,
1979-05-21,4319.0
1979-05-22,4378.0
1979-05-23,4378.0
1979-05-24,4375.0
1979-05-25,4380.0
1979-05-26,
1979-05-27,
1979-05-28,4437.0
1979-05-29,4547.0
1979-05-30,4503.0
1979-05-31,4489.0
1979-06-01,4429.0
1979-06-02,
1979-06-03,
1979-06-04,4416.0
1979-06-05,4396.0
1979-06-06,4449.0
1979-06-07,4402.0
1979-06-08,4337.0
1979-06-09,
1979-06-10,
1979-06-11,4319.0
1979-06-12,4305.0
1979-06-13,4356.0
1979-06-14,
1979-06-15,4376.0
1979-06-16,
1979-06-17,
1979-06-18,4343.0
1979-06-19,4350.0
1979-06-20,4383.0
1979-06-21,4371.0
1979-06-22,4334.0
1979-06-23,
1979-06-24,
1979-06-25,4262.0
1979-06-26,4195.0
1979-06-27,4204.0
1979-06-28,4233.0
1979-06-29,4167.0
1979-06-30,
1979-07-01,
1979-07-02,4092.0000000000005
1979-07-03,4011.0000000000005
1979-07-04,3970.9999999999995
1979-07-05,4008.0
1979-07-06,3946.9999999999995
1979-07-07,
1979-07-08,
1979-07-09,3935.9999999999995
1979-07-10,3899.0
1979-07-11,3992.9999999999995
1979-07-12,3977.0
1979-07-13,4019.9999999999995
1979-07-14,
1979-07-15,
1979-07-16,4054.9999999999995
1979-07-17,4127.0
1979-07-18,4109.0
1979-07-19,4169.0
1979-07-20,4132.0
1979-07-21,
1979-07-22,
1979-07-23,4103.0
1979-07-24,4070.0
1979-07-25,4103.0
1979-07-26,4104.0
1979-07-27,4130.0
1979-07-28,
1979-07-29,
1979-07-30,4162.0
1979-07-31,4163.0
1979-08-01,4148.0
1979-08-02,4161.0
1979-08-03,4144.0
1979-08-04,
1979-08-05,
1979-08-06,4153.0
1979-08-07,4161.0
1979-08-08,4182.0
1979-08-09,4214.0
1979-08-10,4215.0
1979-08-11,
1979-08-12,
1979-08-13,4228.0
1979-08-14,4253.0
1979-08-15,4291.0
1979-08-16,4327.0
1979-08-17,4320.0
1979-08-18,
1979-08-19,
1979-08-20,4300.0
1979-08-21,4308.0
1979-08-22,4272.0
1979-08-23,4330.0
1979-08-24,4410.0
1979-08-25,
1979-08-26,
1979-08-27,4432.0
1979-08-28,4469.0
1979-08-29,4466.0
1979-08-30,4491.0
1979-08-31,4505.0
1979-09-01,
1979-09-02,
1979-09-03,4506.0
1979-09-04,4556.0
1979-09-05,4629.0
1979-09-06,4673.0
1979-09-07,
1979-09-08,
1979-09-09,
1979-09-10,4675.0
1979-09-11,4722.0
1979-09-12,4836.0
1979-09-13,4885.0
1979-09-14,4953.0
1979-09-15,
1979-09-16,
1979-09-17,5085.0
1979-09-18,5083.0
1979-09-19,4983.0
1979-09-20,5026.0
1979-09-21,5116.0
1979-09-22,
1979-09-23,
1979-09-24,5182.0
1979-09-25,5319.0
1979-09-26,5427.0
1979-09-27,5429.0
1979-09-28,5455.0
1979-09-29,
1979-09-30,
1979-10-01,5591.0
1979-10-02,5769.0
1979-10-03,5747.0
1979-10-04,5610.0
1979-10-05,5777.0
1979-10-06,
1979-10-07,
1979-10-08,6016.0
1979-10-09,6234.0
1979-10-10,6250.0
1979-10-11,6192.0
1979-10-12,6294.0
1979-10-13,
1979-10-14,
1979-10-15,6269.0
1979-10-16,6455.0
1979-10-17,6672.0
1979-10-18,6615.0
1979-10-19,6594.0
1979-10-20,
1979-10-21,
1979-10-22,6845.0
1979-10-23,6905.0
1979-10-24,6711.0
1979-10-25,6544.0
1979-10-26,6355.0
1979-10-27,
1979-10-28,
1979-10-29,6068.0
1979-10-30,6218.0
1979-10-31,6328.0
1979-11-01,6198.0
1979-11-02,
1979-11-03,
1979-11-04,
1979-11-05,5935.0
1979-11-06,5933.0
1979-11-07,5756.0
1979-11-08,5802.0
1979-11-09,5742.0
1979-11-10,
1979-11-11,
1979-11-12,5732.0
1979-11-13,5835.0
1979-11-14,5907.0
1979-11-15,
1979-11-16,6004.0
1979-11-17,
1979-11-18,
1979-11-19,5953.0
1979-11-20,5876.0
1979-11-21,5808.0
1979-11-22,5760.0
1979-11-23,5566.0
1979-11-24,
1979-11-25,
1979-11-26,5417.0
1979-11-27,5429.0
1979-11-28,5494.0
1979-11-29,5523.0
1979-11-30,5445.0
1979-12-01,
1979-12-02,
1979-12-03,5389.0
1979-12-04,5521.0
1979-12-05,5630.0
1979-12-06,5584.0
1979-12-07,5572.0
1979-12-08,
1979-12-09,
1979-12-10,5596.0
1979-12-11,5502.0
1979-12-12,5502.0
1979-12-13,5457.0
1979-12-14,5487.0
1979-12-15,
1979-12-16,
1979-12-17,5520.0
1979-12-18,5558.0
1979-12-19,5642.0
1979-12-20,5566.0
1979-12-21,5529.0
1979-12-22,
1979-12-23,
1979-12-24,
1979-12-25,
1979-12-26,5560.0
1979-12-27,5579.0
1979-12-28,5558.0
1979-12-29,
1979-12-30,
1979-12-31,
1980-01-01,
1980-01-02,5614.0
1980-01-03,5716.0
1980-01-04,5858.0
1980-01-05,
1980-01-06,
1980-01-07,5919.0
1980-01-08,5972.0
1980-01-09,6048.0
1980-01-10,6124.0
1980-01-11,6127.0
1980-01-12,
1980-01-13,
1980-01-14,6187.0
1980-01-15,6256.0
1980-01-16,6289.0
1980-01-17,6555.0
1980-01-18,6789.0
1980-01-19,
1980-01-20,
1980-01-21,6837.0
1980-01-22,6748.0
1980-01-23,6887.0
1980-01-24,6898.0
1980-01-25,
1980-01-26,
1980-01-27,
1980-01-28,6812.0
1980-01-29,6939.0
1980-01-30,7068.0
1980-01-31,7091.0
1980-02-01,6961.0
1980-02-02,
1980-02-03,
1980-02-04,6894.0
1980-02-05,6868.0
1980-02-06,6896.0
1980-02-07,6941.0
1980-02-08,6956.0
1980-02-09,
1980-02-10,
1980-02-11,6944.0
1980-02-12,6880.0
1980-02-13,6862.0
1980-02-14,7007.0
1980-02-15,7075.0
1980-02-16,
1980-02-17,
1980-02-18,
1980-02-19,
1980-02-20,
1980-02-21,7155.0
1980-02-22,7301.0
1980-02-23,
1980-02-24,
1980-02-25,7326.0
1980-02-26,7401.0
1980-02-27,7647.000000000001
1980-02-28,7661.0
1980-02-29,7752.000000000001
1980-03-01,
1980-03-02,
1980-03-03,7590.000000000001
1980-03-04,7480.0
1980-03-05,7422.0
1980-03-06,7263.0
1980-03-07,7370.0
1980-03-08,
1980-03-09,
1980-03-10,7350.0
1980-03-11,7461.999999999999
1980-03-12,7650.000000000001
1980-03-13,7801.0
1980-03-14,7712.0
1980-03-15,
1980-03-16,
1980-03-17,7733.000000000001
1980-03-18,7890.0
1980-03-19,7985.0
1980-03-20,8068.0
1980-03-21,8141.999999999999
1980-03-22,
1980-03-23,
1980-03-24,8245.0
1980-03-25,8332.0
1980-03-26,8365.0
1980-03-27,8439.0
1980-03-28,8303.0
1980-03-29,
1980-03-30,
1980-03-31,8210.0
1980-04-01,8325.0
1980-04-02,8520.0
1980-04-03,
1980-04-04,
1980-04-05,
1980-04-06,
1980-04-07,8548.0
1980-04-08,8649.0
1980-04-09,8723.0
1980-04-10,8577.0
1980-04-11,8353.0
1980-04-12,
1980-04-13,
1980-04-14,8252.0
1980-04-15,8301.0
1980-04-16,8090.999999999999
1980-04-17,8305.0
1980-04-18,8235.0
1980-04-19,
1980-04-20,
1980-04-21,
1980-04-22,8141.999999999999
1980-04-23,8022.000000000001
1980-04-24,7998.999999999999
1980-04-25,7761.000000000001
1980-04-26,
1980-04-27,
1980-04-28,7772.999999999999
1980-04-29,7782.0
1980-04-30,7935.0
1980-05-01,
1980-05-02,8032.0
1980-05-03,
1980-05-04,
1980-05-05,8216.0
1980-05-06,8334.0
1980-05-07,8559.0
1980-05-08,8737.0
1980-05-09,8892.0
1980-05-10,
1980-05-11,
1980-05-12,8948.0
1980-05-13,9178.0
1980-05-14,9544.0
1980-05-15,9440.0
1980-05-16,9569.0
1980-05-17,
1980-05-18,
1980-05-19,9743.0
1980-05-20,9829.0
1980-05-21,10354.0
1980-05-22,9570.0
1980-05-23,9579.0
1980-05-24,
1980-05-25,
1980-05-26,9522.0
1980-05-27,9747.0
1980-05-28,9563.0
1980-05-29,9324.0
1980-05-30,9331.0
1980-05-31,
1980-06-01,
1980-06-02,9220.0
1980-06-03,9446.0
1980-06-04,9540.0
1980-06-05,
1980-06-06,9681.0
1980-06-07,
1980-06-08,
1980-06-09,9629.0
1980-06-10,9586.0
1980-06-11,9782.0
1980-06-12,9681.0
1980-06-13,9710.0
1980-06-14,
1980-06-15,
1980-06-16,9709.0
1980-06-17,9837.0
1980-06-18,10008.0
1980-06-19,10041.0
1980-06-20,10132.0
1980-06-21,
1980-06-22,
1980-06-23,10171.0
1980-06-24,10288.0
1980-06-25,10322.0
1980-06-26,10592.0
1980-06-27,10669.0
1980-06-28,
1980-06-29,
1980-06-30,10604.0
1980-07-01,10688.0
1980-07-02,10934.0
1980-07-03,
1980-07-04,11214.0
1980-07-05,
1980-07-06,
1980-07-07,11407.0
1980-07-08,11408.0
1980-07-09,11395.0
1980-07-10,11226.0
1980-07-11,11319.0
1980-07-12,
1980-07-13,
1980-07-14,11389.0
1980-07-15,11262.0
1980-07-16,11358.0
1980-07-17,11314.0
1980-07-18,11336.0
1980-07-19,
1980-07-20,
1980-07-21,11214.0
1980-07-22,11101.0
1980-07-23,11099.0
1980-07-24,11227.0
1980-07-25,11211.0
1980-07-26,
1980-07-27,
1980-07-28,11114.0
1980-07-29,11066.0
1980-07-30,10979.0
1980-07-31,10854.0
1980-08-01,10784.0
1980-08-02,
1980-08-03,
1980-08-04,10806.0
1980-08-05,10926.0
1980-08-06,11098.0
1980-08-07,11153.0
1980-08-08,11154.0
1980-08-09,
1980-08-10,
1980-08-11,11110.0
1980-08-12,10935.0
1980-08-13,10939.0
1980-08-14,11024.0
1980-08-15,10903.0
1980-08-16,
1980-08-17,
1980-08-18,10795.0
1980-08-19,10491.0
1980-08-20,10602.0
1980-08-21,10719.0
1980-08-22,10755.0
1980-08-23,
1980-08-24,
1980-08-25,10721.0
1980-08-26,10766.0
1980-08-27,10811.0
1980-08-28,10848.0
1980-08-29,10949.0
1980-08-30,
1980-08-31,
1980-09-01,11036.0
1980-09-02,11121.0
1980-09-03,11181.0
1980-09-04,11167.0
1980-09-05,11162.0
1980-09-06,
1980-09-07,
1980-09-08,11015.0
1980-09-09,11000.0
1980-09-10,11019.0
1980-09-11,11123.0
1980-09-12,11170.0
1980-09-13,
1980-09-14,
1980-09-15,11163.0
1980-09-16,11107.0
1980-09-17,11098.0
1980-09-18,11084.0
1980-09-19,11024.0
1980-09-20,
1980-09-21,
1980-09-22,10971.0
1980-09-23,10787.0
1980-09-24,10582.0
1980-09-25,10606.0
1980-09-26,10635.0
1980-09-27,
1980-09-28,
1980-09-29,10238.0
1980-09-30,9965.0
1980-10-01,9822.0
1980-10-02,10175.0
1980-10-03,10200.0
1980-10-04,
1980-10-05,
1980-10-06,10092.0
1980-10-07,10210.0
1980-10-08,10172.0
1980-10-09,10243.0
1980-10-10,10271.0
1980-10-11,
1980-10-12,
1980-10-13,10255.0
1980-10-14,10261.0
1980-10-15,10113.0
1980-10-16,10034.0
1980-10-17,9987.0
1980-10-18,
1980-10-19,
1980-10-20,9890.0
1980-10-21,9827.0
1980-10-22,9644.0
1980-10-23,9423.0
1980-10-24,9514.0
1980-10-25,
1980-10-26,
1980-10-27,9540.0
1980-10-28,9510.0
1980-10-29,9422.0
1980-10-30,9400.0
1980-10-31,9451.0
1980-11-01,
1980-11-02,
1980-11-03,9360.0
1980-11-04,9367.0
1980-11-05,8921.0
1980-11-06,8813.0
1980-11-07,9043.0
1980-11-08,
1980-11-09,
1980-11-10,9094.0
1980-11-11,9262.0
1980-11-12,9303.0
1980-11-13,9205.0
1980-11-14,9320.0
1980-11-15,
1980-11-16,
1980-11-17,9162.0
1980-11-18,9209.0
1980-11-19,9181.0
1980-11-20,9149.0
1980-11-21,8976.0
1980-11-22,
1980-11-23,
1980-11-24,8660.0
1980-11-25,8677.0
1980-11-26,8559.0
1980-11-27,8720.0
1980-11-28,8730.0
1980-11-29,
1980-11-30,
1980-12-01,8773.0
1980-12-02,8723.0
1980-12-03,8627.0
1980-12-04,8371.0
1980-12-05,8231.0
1980-12-06,
1980-12-07,
1980-12-08,8176.0
1980-12-09,7823.999999999999
1980-12-10,7918.0
1980-12-11,7966.0
1980-12-12,7968.000000000001
1980-12-13,
1980-12-14,
1980-12-15,7839.999999999999
1980-12-16,7648.999999999999
1980-12-17,7689.0
1980-12-18,7804.0
1980-12-19,7920.000000000001
1980-12-20,
1980-12-21,
1980-12-22,7880.0
1980-12-23,7776.0
1980-12-24,
1980-12-25,
1980-12-26,7868.0
1980-12-27,
1980-12-28,
1980-12-29,8001.0
1980-12-30,8014.0
1980-12-31,
1981-01-01,
1981-01-02,8138.0
1981-01-03,
1981-01-04,
1981-01-05,8305.0
1981-01-06,8433.0
1981-01-07,8515.0
1981-01-08,8576.0
1981-01-09,8783.0
1981-01-10,
1981-01-11,
1981-01-12,8941.0
1981-01-13,9070.0
1981-01-14,9066.0
1981-01-15,8959.0
1981-01-16,8975.0
1981-01-17,
1981-01-18,
1981-01-19,9138.0
1981-01-20,9189.0
1981-01-21,9045.0
1981-01-22,8852.0
1981-01-23,8852.0
1981-01-24,
1981-01-25,
1981-01-26,8759.0
1981-01-27,8713.0
1981-01-28,8833.0
1981-01-29,8838.0
1981-01-30,8831.0
1981-01-31,
1981-02-01,
1981-02-02,8683.0
1981-02-03,8560.0
1981-02-04,8627.0
1981-02-05,8700.0
1981-02-06,8709.0
1981-02-07,
1981-02-08,
1981-02-09,8698.0
1981-02-10,8702.0
1981-02-11,8750.0
1981-02-12,8842.0
1981-02-13,8939.0
1981-02-14,
1981-02-15,
1981-02-16,8945.0
1981-02-17,8993.0
1981-02-18,9005.0
1981-02-19,9023.0
1981-02-20,9147.0
1981-02-21,
1981-02-22,
1981-02-23,9037.0
1981-02-24,8922.0
1981-02-25,8794.0
1981-02-26,8777.0
1981-02-27,8700.0
1981-02-28,
1981-03-01,
1981-03-02,
1981-03-03,
1981-03-04,
1981-03-05,8594.0
1981-03-06,8593.0
1981-03-07,
1981-03-08,
1981-03-09,8630.0
1981-03-10,8470.0
1981-03-11,8315.0
1981-03-12,8269.0
1981-03-13,8122.999999999999
1981-03-14,
1981-03-15,
1981-03-16,8010.0
1981-03-17,7950.999999999999
1981-03-18,7911.000000000001
1981-03-19,7841.000000000001
1981-03-20,7819.0
1981-03-21,
1981-03-22,
1981-03-23,7828.000000000001
1981-03-24,7928.0
1981-03-25,8013.0
1981-03-26,7957.999999999999
1981-03-27,7877.999999999999
1981-03-28,
1981-03-29,
1981-03-30,7833.0
1981-03-31,7795.0
1981-04-01,7731.0
1981-04-02,7683.0
1981-04-03,7661.0
1981-04-04,
1981-04-05,
1981-04-06,7654.0
1981-04-07,7666.000000000001
1981-04-08,7715.999999999999
1981-04-09,7744.999999999999
1981-04-10,7836.0
1981-04-11,
1981-04-12,
1981-04-13,7971.000000000001
1981-04-14,7972.0
1981-04-15,7963.0
1981-04-16,
1981-04-17,
1981-04-18,
1981-04-19,
1981-04-20,8020.999999999999
1981-04-21,
1981-04-22,8073.000000000001
1981-04-23,8178.000000000001
1981-04-24,8335.0
1981-04-25,
1981-04-26,
1981-04-27,8277.0
1981-04-28,8173.0
1981-04-29,8157.999999999999
1981-04-30,8300.0
1981-05-01,
1981-05-02,
1981-05-03,
1981-05-04,8232.0
1981-05-05,8282.0
1981-05-06,8327.0
1981-05-07,8484.0
1981-05-08,8708.0
1981-05-09,
1981-05-10,
1981-05-11,8795.0
1981-05-12,8681.0
1981-05-13,8700.0
1981-05-14,8930.0
1981-05-15,8963.0
1981-05-16,
1981-05-17,
1981-05-18,9023.0
1981-05-19,9130.0
1981-05-20,9083.0
1981-05-21,9135.0
1981-05-22,9258.0
1981-05-23,
1981-05-24,
1981-05-25,9196.0
1981-05-26,9214.0
1981-05-27,9397.0
1981-05-28,9630.0
1981-05-29,9674.0
1981-05-30,
1981-05-31,
1981-06-01,9616.0
1981-06-02,9488.0
1981-06-03,9576.0
1981-06-04,9665.0
1981-06-05,9842.0
1981-06-06,
1981-06-07,
1981-06-08,9860.0
1981-06-09,9868.0
1981-06-10,10015.0
1981-06-11,10190.0
1981-06-12,10424.0
1981-06-13,
1981-06-14,
1981-06-15,10662.0
1981-06-16,10506.0
1981-06-17,10567.0
1981-06-18,
1981-06-19,10644.0
1981-06-20,
1981-06-21,
1981-06-22,10618.0
1981-06-23,10460.0
1981-06-24,10285.0
1981-06-25,10254.0
1981-06-26,10440.0
1981-06-27,
1981-06-28,
1981-06-29,10629.0
1981-06-30,10589.0
1981-07-01,10740.0
1981-07-02,10796.0
1981-07-03,10767.0
1981-07-04,
1981-07-05,
1981-07-06,10773.0
1981-07-07,10769.0
1981-07-08,10665.0
1981-07-09,10559.0
1981-07-10,10540.0
1981-07-11,
1981-07-12,
1981-07-13,10596.0
1981-07-14,10511.0
1981-07-15,10278.0
1981-07-16,10152.0
1981-07-17,10183.0
1981-07-18,
1981-07-19,
1981-07-20,10181.0
1981-07-21,10114.0
1981-07-22,10184.0
1981-07-23,10249.0
1981-07-24,10394.0
1981-07-25,
1981-07-26,
1981-07-27,10482.0
1981-07-28,10659.0
1981-07-29,10760.0
1981-07-30,10781.0
1981-07-31,10801.0
1981-08-01,
1981-08-02,
1981-08-03,10881.0
1981-08-04,11023.0
1981-08-05,11121.0
1981-08-06,11121.0
1981-08-07,10909.0
1981-08-08,
1981-08-09,
1981-08-10,11183.0
1981-08-11,11206.0
1981-08-12,11092.0
1981-08-13,11194.0
1981-08-14,11303.0
1981-08-15,
1981-08-16,
1981-08-17,11403.0
1981-08-18,11621.0
1981-08-19,12004.0
1981-08-20,12006.0
1981-08-21,12090.0
1981-08-22,
1981-08-23,
1981-08-24,12106.0
1981-08-25,11943.0
1981-08-26,11988.0
1981-08-27,12247.0
1981-08-28,12243.0
1981-08-29,
1981-08-30,
1981-08-31,12261.0
1981-09-01,12341.0
1981-09-02,12332.0
1981-09-03,12337.0
1981-09-04,12467.0
1981-09-05,
1981-09-06,
1981-09-07,
1981-09-08,12843.0
1981-09-09,12960.0
1981-09-10,13072.0
1981-09-11,13301.0
1981-09-12,
1981-09-13,
1981-09-14,13404.0
1981-09-15,13647.0
1981-09-16,13692.0
1981-09-17,13694.0
1981-09-18,13767.0
1981-09-19,
1981-09-20,
1981-09-21,13535.0
1981-09-22,13594.0
1981-09-23,13636.0
1981-09-24,13349.0
1981-09-25,13248.0
1981-09-26,
1981-09-27,
1981-09-28,13306.0
1981-09-29,13416.0
1981-09-30,13563.0
1981-10-01,13792.0
1981-10-02,13936.0
1981-10-03,
1981-10-04,
1981-10-05,14127.0
1981-10-06,14193.0
1981-10-07,14361.0
1981-10-08,14611.0
1981-10-09,14866.0
1981-10-10,
1981-10-11,
1981-10-12,
1981-10-13,15060.0
1981-10-14,15300.000000000002
1981-10-15,15568.0
1981-10-16,15752.999999999998
1981-10-17,
1981-10-18,
1981-10-19,15838.0
1981-10-20,15457.0
1981-10-21,15456.0
1981-10-22,15816.999999999998
1981-10-23,16221.0
1981-10-24,
1981-10-25,
1981-10-26,16776.0
1981-10-27,16701.0
1981-10-28,16327.000000000002
1981-10-29,16056.000000000002
1981-10-30,16668.0
1981-10-31,
1981-11-01,
1981-11-02,
1981-11-03,16930.0
1981-11-04,16819.0
1981-11-05,16853.0
1981-11-06,17373.0
1981-11-07,
1981-11-08,
1981-11-09,17364.0
1981-11-10,17603.0
1981-11-11,17914.0
1981-11-12,18348.0
1981-11-13,18624.0
1981-11-14,
1981-11-15,
1981-11-16,18895.0
1981-11-17,19250.0
1981-11-18,19829.0
1981-11-19,20417.0
1981-11-20,20752.0
1981-11-21,
1981-11-22,
1981-11-23,20648.0
1981-11-24,20871.0
1981-11-25,21147.0
1981-11-26,20643.0
1981-11-27,20346.0
1981-11-28,
1981-11-29,
1981-11-30,19165.0
1981-12-01,18319.0
1981-12-02,18647.0
1981-12-03,18547.0
1981-12-04,17412.0
1981-12-05,
1981-12-06,
1981-12-07,17270.0
1981-12-08,18011.0
1981-12-09,17969.0
1981-12-10,17641.0
1981-12-11,16739.0
1981-12-12,
1981-12-13,
1981-12-14,15743.999999999998
1981-12-15,16009.000000000002
1981-12-16,16621.0
1981-12-17,17064.0
1981-12-18,16571.0
1981-12-19,
1981-12-20,
1981-12-21,15943.0
1981-12-22,16061.0
1981-12-23,16151.0
1981-12-24,
1981-12-25,
1981-12-26,
1981-12-27,
1981-12-28,16733.0
1981-12-29,17240.0
1981-12-30,17135.0
1981-12-31,
1982-01-01,
1982-01-02,
1982-01-03,
1982-01-04,17220.0
1982-01-05,17919.0
1982-01-06,18775.0
1982-01-07,19397.0
1982-01-08,19234.0
1982-01-09,
1982-01-10,
1982-01-11,19138.0
1982-01-12,19501.0
1982-01-13,19933.0
1982-01-14,20288.0
1982-01-15,20745.0
1982-01-16,
1982-01-17,
1982-01-18,21177.0
1982-01-19,21060.0
1982-01-20,21082.0
1982-01-21,21133.0
1982-01-22,21001.0
1982-01-23,
1982-01-24,
1982-01-25,
1982-01-26,20762.0
1982-01-27,20906.0
1982-01-28,21225.0
1982-01-29,21744.0
1982-01-30,
1982-01-31,
1982-02-01,22185.0
1982-02-02,22265.0
1982-02-03,22204.0
1982-02-04,22603.0
1982-02-05,22757.0
1982-02-06,
1982-02-07,
1982-02-08,22735.0
1982-02-09,22947.0
1982-02-10,23263.0
1982-02-11,23674.0
1982-02-12,23793.0
1982-02-13,
1982-02-14,
1982-02-15,23927.0
1982-02-16,24099.0
1982-02-17,24004.0
1982-02-18,23527.0
1982-02-19,23779.0
1982-02-20,
1982-02-21,
1982-02-22,
1982-02-23,
1982-02-24,
1982-02-25,24235.0
1982-02-26,24618.0
1982-02-27,
1982-02-28,
1982-03-01,24774.0
1982-03-02,24911.0
1982-03-03,25246.0
1982-03-04,25415.0
1982-03-05,25551.0
1982-03-06,
1982-03-07,
1982-03-08,25561.0
1982-03-09,25169.0
1982-03-10,25230.0
1982-03-11,25612.0
1982-03-12,25544.0
1982-03-13,
1982-03-14,
1982-03-15,25981.0
1982-03-16,26309.0
1982-03-17,26742.0
1982-03-18,26976.0
1982-03-19,27206.0
1982-03-20,
1982-03-21,
1982-03-22,27373.0
1982-03-23,26909.0
1982-03-24,26286.0
1982-03-25,25144.0
1982-03-26,24878.0
1982-03-27,
1982-03-28,
1982-03-29,25080.0
1982-03-30,24565.0
1982-03-31,24799.0
1982-04-01,25333.0
1982-04-02,25480.0
1982-04-03,
1982-04-04,
1982-04-05,25254.0
1982-04-06,24970.0
1982-04-07,24956.0
1982-04-08,
1982-04-09,
1982-04-10,
1982-04-11,
1982-04-12,24557.0
1982-04-13,24139.0
1982-04-14,24207.0
1982-04-15,24198.0
1982-04-16,24433.0
1982-04-17,
1982-04-18,
1982-04-19,24764.0
1982-04-20,24995.0
1982-04-21,
1982-04-22,24959.0
1982-04-23,24932.0
1982-04-24,
1982-04-25,
1982-04-26,24629.0
1982-04-27,24909.0
1982-04-28,25287.0
1982-04-29,25546.0
1982-04-30,25627.0
1982-05-01,
1982-05-02,
1982-05-03,25608.0
1982-05-04,26268.0
1982-05-05,26618.0
1982-05-06,27448.0
1982-05-07,27735.0
1982-05-08,
1982-05-09,
1982-05-10,28654.0
1982-05-11,28996.0
1982-05-12,29289.0
1982-05-13,29818.000000000004
1982-05-14,30049.0
1982-05-15,
1982-05-16,
1982-05-17,30271.0
1982-05-18,30092.999999999996
1982-05-19,30040.999999999996
1982-05-20,30408.999999999996
1982-05-21,30232.000000000004
1982-05-22,
1982-05-23,
1982-05-24,30526.0
1982-05-25,30697.0
1982-05-26,30623.999999999996
1982-05-27,31050.999999999996
1982-05-28,31610.999999999996
1982-05-29,
1982-05-30,
1982-05-31,32035.000000000004
1982-06-01,32442.0
1982-06-02,32441.0
1982-06-03,32629.0
1982-06-04,32693.0
1982-06-05,
1982-06-06,
1982-06-07,32695.000000000004
1982-06-08,32414.0
1982-06-09,32987.0
1982-06-10,
1982-06-11,33051.0
1982-06-12,
1982-06-13,
1982-06-14,32773.0
1982-06-15,32528.0
1982-06-16,32262.0
1982-06-17,32378.0
1982-06-18,32730.999999999996
1982-06-19,
1982-06-20,
1982-06-21,32806.0
1982-06-22,32710.0
1982-06-23,32967.0
1982-06-24,32997.0
1982-06-25,32921.0
1982-06-26,
1982-06-27,
1982-06-28,32833.0
1982-06-29,32843.0
1982-06-30,33115.0
1982-07-01,33343.0
1982-07-02,33476.0
1982-07-03,
1982-07-04,
1982-07-05,33575.0
1982-07-06,33218.0
1982-07-07,32780.0
1982-07-08,32552.0
1982-07-09,32444.000000000004
1982-07-10,
1982-07-11,
1982-07-12,31801.0
1982-07-13,31561.0
1982-07-14,31627.000000000004
1982-07-15,31513.0
1982-07-16,31633.000000000004
1982-07-17,
1982-07-18,
1982-07-19,30962.000000000004
1982-07-20,30243.0
1982-07-21,29988.999999999996
1982-07-22,30086.000000000004
1982-07-23,30104.000000000004
1982-07-24,
1982-07-25,
1982-07-26,30821.000000000004
1982-07-27,30653.000000000004
1982-07-28,30855.0
1982-07-29,30361.000000000004
1982-07-30,30475.0
1982-07-31,
1982-08-01,
1982-08-02,30703.0
1982-08-03,30664.000000000004
1982-08-04,30609.0
1982-08-05,30204.999999999996
1982-08-06,30219.0
1982-08-07,
1982-08-08,
1982-08-09,30594.000000000004
1982-08-10,30524.000000000004
1982-08-11,30553.999999999996
1982-08-12,30552.0
1982-08-13,31018.0
1982-08-14,
1982-08-15,
1982-08-16,30611.000000000004
1982-08-17,30388.0
1982-08-18,30279.000000000004
1982-08-19,30322.0
1982-08-20,30285.000000000004
1982-08-21,
1982-08-22,
1982-08-23,30495.000000000004
1982-08-24,30673.0
1982-08-25,31164.0
1982-08-26,31306.000000000004
1982-08-27,31058.0
1982-08-28,
1982-08-29,
1982-08-30,31073.999999999996
1982-08-31,31005.0
1982-09-01,31152.0
1982-09-02,31265.000000000004
1982-09-03,31405.999999999996
1982-09-04,
1982-09-05,
1982-09-06,31701.0
1982-09-07,
1982-09-08,31768.999999999996
1982-09-09,31788.0
1982-09-10,31968.0
1982-09-11,
1982-09-12,
1982-09-13,32134.0
1982-09-14,32333.000000000004
1982-09-15,32052.0
1982-09-16,31715.999999999996
1982-09-17,31019.0
1982-09-18,
1982-09-19,
1982-09-20,30516.0
1982-09-21,30452.0
1982-09-22,29559.0
1982-09-23,28005.0
1982-09-24,26214.0
1982-09-25,
1982-09-26,
1982-09-27,25647.0
1982-09-28,26402.0
1982-09-29,27672.0
1982-09-30,27428.0
1982-10-01,27520.0
1982-10-02,
1982-10-03,
1982-10-04,28220.0
1982-10-05,28258.0
1982-10-06,28363.0
1982-10-07,27900.0
1982-10-08,26907.0
1982-10-09,
1982-10-10,
1982-10-11,26931.0
1982-10-12,
1982-10-13,26661.0
1982-10-14,26927.0
1982-10-15,26998.0
1982-10-16,
1982-10-17,
1982-10-18,27179.0
1982-10-19,27487.0
1982-10-20,28207.0
1982-10-21,28426.0
1982-10-22,28032.0
1982-10-23,
1982-10-24,
1982-10-25,28167.0
1982-10-26,28417.0
1982-10-27,28575.0
1982-10-28,28919.0
1982-10-29,29552.0
1982-10-30,
1982-10-31,
1982-11-01,29657.0
1982-11-02,
1982-11-03,29822.0
1982-11-04,29786.0
1982-11-05,29892.0
1982-11-06,
1982-11-07,
1982-11-08,29590.0
1982-11-09,29352.0
1982-11-10,28972.0
1982-11-11,28574.0
1982-11-12,28026.0
1982-11-13,
1982-11-14,
1982-11-15,
1982-11-16,27960.0
1982-11-17,27757.0
1982-11-18,27599.0
1982-11-19,27515.0
1982-11-20,
1982-11-21,
1982-11-22,27823.0
1982-11-23,28048.0
1982-11-24,27345.0
1982-11-25,26477.0
1982-11-26,26359.0
1982-11-27,
1982-11-28,
1982-11-29,26479.0
1982-11-30,27098.0
1982-12-01,27057.0
1982-12-02,26919.0
1982-12-03,26807.0
1982-12-04,
1982-12-05,
1982-12-06,26462.0
1982-12-07,25688.0
1982-12-08,25729.0
1982-12-09,25672.0
1982-12-10,25106.0
1982-12-11,
1982-12-12,
1982-12-13,24932.0
1982-12-14,24920.0
1982-12-15,25012.0
1982-12-16,25495.0
1982-12-17,25709.0
1982-12-18,
1982-12-19,
1982-12-20,26089.0
1982-12-21,26182.0
1982-12-22,26492.0
1982-12-23,26505.0
1982-12-24,
1982-12-25,
1982-12-26,
1982-12-27,27039.0
1982-12-28,27603.0
1982-12-29,28170.0
1982-12-30,28084.0
1982-12-31,
1983-01-01,
1983-01-02,
1983-01-03,28445.0
1983-01-04,28961.0
1983-01-05,28618.0
1983-01-06,28689.0
1983-01-07,29632.0
1983-01-08,
1983-01-09,
1983-01-10,30261.000000000004
1983-01-11,30548.999999999996
1983-01-12,31982.0
1983-01-13,33794.0
1983-01-14,34848.0
1983-01-15,
1983-01-16,
1983-01-17,34549.0
1983-01-18,34224.0
1983-01-19,34420.0
1983-01-20,34397.0
1983-01-21,34552.0
1983-01-22,
1983-01-23,
1983-01-24,35339.0
1983-01-25,
1983-01-26,38718.0
1983-01-27,39209.0
1983-01-28,39425.0
1983-01-29,
1983-01-30,
1983-01-31,40167.0
1983-02-01,40205.0
1983-02-02,40672.0
1983-02-03,41146.0
1983-02-04,41398.0
1983-02-05,
1983-02-06,
1983-02-07,41128.0
1983-02-08,40615.0
1983-02-09,40053.0
1983-02-10,40962.0
1983-02-11,42120.0
1983-02-12,
1983-02-13,
1983-02-14,
1983-02-15,
1983-02-16,
1983-02-17,42642.0
1983-02-18,42752.0
1983-02-19,
1983-02-20,
1983-02-21,42171.0
1983-02-22,43890.0
1983-02-23,45240.0
1983-02-24,46389.0
1983-02-25,45362.0
1983-02-26,
1983-02-27,
1983-02-28,46963.0
1983-03-01,48193.0
1983-03-02,48609.0
1983-03-03,48815.0
1983-03-04,47419.0
1983-03-05,
1983-03-06,
1983-03-07,47014.0
1983-03-08,47618.0
1983-03-09,49069.0
1983-03-10,48478.0
1983-03-11,47632.0
1983-03-12,
1983-03-13,
1983-03-14,46427.0
1983-03-15,45731.0
1983-03-16,47225.0
1983-03-17,46561.0
1983-03-18,46791.0
1983-03-19,
1983-03-20,
1983-03-21,46468.0
1983-03-22,45419.0
1983-03-23,46174.0
1983-03-24,46336.0
1983-03-25,46722.0
1983-03-26,
1983-03-27,
1983-03-28,47067.0
1983-03-29,47985.0
1983-03-30,49213.0
1983-03-31,
1983-04-01,
1983-04-02,
1983-04-03,
1983-04-04,49859.0
1983-04-05,49316.0
1983-04-06,48805.0
1983-04-07,50011.0
1983-04-08,49813.0
1983-04-09,
1983-04-10,
1983-04-11,49834.0
1983-04-12,50253.0
1983-04-13,50762.0
1983-04-14,51210.0
1983-04-15,51504.0
1983-04-16,
1983-04-17,
1983-04-18,51235.0
1983-04-19,51301.0
1983-04-20,52140.0
1983-04-21,
1983-04-22,52485.0
1983-04-23,
1983-04-24,
1983-04-25,52461.0
1983-04-26,52196.0
1983-04-27,52928.0
1983-04-28,54274.0
1983-04-29,55192.0
1983-04-30,
1983-05-01,
1983-05-02,54900.0
1983-05-03,54483.0
1983-05-04,53976.0
1983-05-05,53853.0
1983-05-06,53862.0
1983-05-07,
1983-05-08,
1983-05-09,53240.0
1983-05-10,52773.0
1983-05-11,52900.0
1983-05-12,52824.0
1983-05-13,52788.0
1983-05-14,
1983-05-15,
1983-05-16,52690.0
1983-05-17,52512.0
1983-05-18,52164.0
1983-05-19,51232.0
1983-05-20,51775.0
1983-05-21,
1983-05-22,
1983-05-23,52033.0
1983-05-24,52051.0
1983-05-25,52309.0
1983-05-26,53056.0
1983-05-27,54367.0
1983-05-28,
1983-05-29,
1983-05-30,54731.0
1983-05-31,55492.0
1983-06-01,56376.0
1983-06-02,
1983-06-03,57018.0
1983-06-04,
1983-06-05,
1983-06-06,57915.0
1983-06-07,57256.0
1983-06-08,57150.0
1983-06-09,56130.0
1983-06-10,57343.0
1983-06-11,
1983-06-12,
1983-06-13,57599.0
1983-06-14,58052.0
1983-06-15,59751.0
1983-06-16,61966.0
1983-06-17,64099.0
1983-06-18,
1983-06-19,
1983-06-20,65293.0
1983-06-21,65134.00000000001
1983-06-22,63042.0
1983-06-23,63663.00000000001
1983-06-24,64222.00000000001
1983-06-25,
1983-06-26,
1983-06-27,64026.99999999999
1983-06-28,63873.00000000001
1983-06-29,64889.00000000001
1983-06-30,64815.0
1983-07-01,64568.0
1983-07-02,
1983-07-03,
1983-07-04,64504.00000000001
1983-07-05,64583.0
1983-07-06,65134.00000000001
1983-07-07,65408.0
1983-07-08,64697.0
1983-07-09,
1983-07-10,
1983-07-11,64523.0
1983-07-12,62846.00000000001
1983-07-13,61528.99999999999
1983-07-14,63072.0
1983-07-15,62827.0
1983-07-16,
1983-07-17,
1983-07-18,61849.0
1983-07-19,61229.0
1983-07-20,60948.0
1983-07-21,61688.0
1983-07-22,62741.99999999999
1983-07-23,
1983-07-24,
1983-07-25,63122.0
1983-07-26,62379.99999999999
1983-07-27,61275.0
1983-07-28,61702.00000000001
1983-07-29,62063.00000000001
1983-07-30,
1983-07-31,
1983-08-01,60413.0
1983-08-02,60407.99999999999
1983-08-03,60403.0
1983-08-04,60626.0
1983-08-05,61329.00000000001
1983-08-06,
1983-08-07,
1983-08-08,60814.00000000001
1983-08-09,59832.0
1983-08-10,58982.0
1983-08-11,58788.0
1983-08-12,58377.0
1983-08-13,
1983-08-14,
1983-08-15,58299.0
1983-08-16,59184.0
1983-08-17,58739.0
1983-08-18,59555.0
1983-08-19,61108.99999999999
1983-08-20,
1983-08-21,
1983-08-22,61896.0
1983-08-23,63501.99999999999
1983-08-24,65438.99999999999
1983-08-25,65410.0
1983-08-26,66372.0
1983-08-27,
1983-08-28,
1983-08-29,66094.0
1983-08-30,66476.0
1983-08-31,67535.0
1983-09-01,68056.0
1983-09-02,68506.0
1983-09-03,
1983-09-04,
1983-09-05,69319.0
1983-09-06,71190.0
1983-09-07,
1983-09-08,74339.0
1983-09-09,75381.0
1983-09-10,
1983-09-11,
1983-09-12,75915.0
1983-09-13,75395.0
1983-09-14,74782.0
1983-09-15,74846.0
1983-09-16,75737.0
1983-09-17,
1983-09-18,
1983-09-19,77275.0
1983-09-20,78809.0
1983-09-21,80774.0
1983-09-22,81575.0
1983-09-23,82257.0
1983-09-24,
1983-09-25,
1983-09-26,84833.0
1983-09-27,84341.0
1983-09-28,86216.0
1983-09-29,89624.0
1983-09-30,90405.0
1983-10-01,
1983-10-02,
1983-10-03,91640.0
1983-10-04,90330.0
1983-10-05,91950.0
1983-10-06,94220.0
1983-10-07,97300.0
1983-10-08,
1983-10-09,
1983-10-10,95040.0
1983-10-11,90910.0
1983-10-12,
1983-10-13,94980.0
1983-10-14,100200.0
1983-10-15,
1983-10-16,
1983-10-17,108620.0
1983-10-18,108700.0
1983-10-19,108400.0
1983-10-20,112070.0
1983-10-21,118650.0
1983-10-22,
1983-10-23,
1983-10-24,122709.99999999999
1983-10-25,117210.0
1983-10-26,118860.0
1983-10-27,123610.0
1983-10-28,123110.0
1983-10-29,
1983-10-30,
1983-10-31,125800.0
1983-11-01,127189.99999999999
1983-11-02,
1983-11-03,129919.99999999999
1983-11-04,135010.0
1983-11-05,
1983-11-06,
1983-11-07,138670.0
1983-11-08,144210.0
1983-11-09,150960.0
1983-11-10,155760.0
1983-11-11,158320.0
1983-11-12,
1983-11-13,
1983-11-14,158200.0
1983-11-15,
1983-11-16,158430.0
1983-11-17,154530.0
1983-11-18,153480.0
1983-11-19,
1983-11-20,
1983-11-21,143760.0
1983-11-22,141880.0
1983-11-23,148410.0
1983-11-24,153840.0
1983-11-25,160360.0
1983-11-26,
1983-11-27,
1983-11-28,165840.0
1983-11-29,164030.0
1983-11-30,167780.0
1983-12-01,172070.0
1983-12-02,176740.0
1983-12-03,
1983-12-04,
1983-12-05,180060.0
1983-12-06,188260.0
1983-12-07,192890.0
1983-12-08,190470.0
1983-12-09,195240.0
1983-12-10,
1983-12-11,
1983-12-12,199610.0
1983-12-13,195270.0
1983-12-14,197250.0
1983-12-15,204910.0
1983-12-16,211030.0
1983-12-17,
1983-12-18,
1983-12-19,214530.0
1983-12-20,215510.0
1983-12-21,213000.0
1983-12-22,214520.0
1983-12-23,214800.0
1983-12-24,
1983-12-25,
1983-12-26,217450.0
1983-12-27,224990.0
1983-12-28,234070.0
1983-12-29,241100.0
1983-12-30,
1983-12-31,
1984-01-01,
1984-01-02,250000.0
1984-01-03,270660.0
1984-01-04,287350.0
1984-01-05,289600.0
1984-01-06,287000.0
1984-01-07,
1984-01-08,
1984-01-09,296050.0
1984-01-10,293620.0
1984-01-11,293120.0
1984-01-12,290710.0
1984-01-13,309110.0
1984-01-14,
1984-01-15,
1984-01-16,300850.0
1984-01-17,296650.0
1984-01-18,306360.0
1984-01-19,305540.0
1984-01-20,306880.0
1984-01-21,
1984-01-22,
1984-01-23,298670.0
1984-01-24,282480.0
1984-01-25,
1984-01-26,281770.0
1984-01-27,278410.0
1984-01-28,
1984-01-29,
1984-01-30,265090.0
1984-01-31,256310.0
1984-02-01,255820.00000000003
1984-02-02,253600.0
1984-02-03,247650.00000000003
1984-02-04,
1984-02-05,
1984-02-06,222090.0
1984-02-07,215610.0
1984-02-08,221310.0
1984-02-09,235740.0
1984-02-10,239750.0
1984-02-11,
1984-02-12,
1984-02-13,227210.0
1984-02-14,216450.0
1984-02-15,216400.0
1984-02-16,217010.0
1984-02-17,216720.0
1984-02-18,
1984-02-19,
1984-02-20,209110.0
1984-02-21,210480.0
1984-02-22,214020.0
1984-02-23,222400.0
1984-02-24,224170.0
1984-02-25,
1984-02-26,
1984-02-27,225560.0
1984-02-28,228300.0
1984-02-29,227780.0
1984-03-01,234800.0
1984-03-02,242650.00000000003
1984-03-03,
1984-03-04,
1984-03-05,
1984-03-06,
1984-03-07,
1984-03-08,247450.0
1984-03-09,253200.00000000003
1984-03-10,
1984-03-11,
1984-03-12,251030.0
1984-03-13,244030.0
1984-03-14,246069.99999999997
1984-03-15,248219.99999999997
1984-03-16,246230.0
1984-03-17,
1984-03-18,
1984-03-19,245820.0
1984-03-20,248100.0
1984-03-21,254180.00000000003
1984-03-22,258489.99999999997
1984-03-23,263210.0
1984-03-24,
1984-03-25,
1984-03-26,266930.0
1984-03-27,267080.0
1984-03-28,265280.0
1984-03-29,267370.0
1984-03-30,269300.0
1984-03-31,
1984-04-01,
1984-04-02,280340.0
1984-04-03,293790.0
1984-04-04,294950.0
1984-04-05,295460.0
1984-04-06,299720.0
1984-04-07,
1984-04-08,
1984-04-09,301700.0
1984-04-10,302030.0
1984-04-11,303010.0
1984-04-12,305760.0
1984-04-13,305400.0
1984-04-14,
1984-04-15,
1984-04-16,302540.0
1984-04-17,305950.0
1984-04-18,320460.0
1984-04-19,
1984-04-20,
1984-04-21,
1984-04-22,
1984-04-23,320140.0
1984-04-24,331670.0
1984-04-25,341650.0
1984-04-26,354480.0
1984-04-27,365100.0
1984-04-28,
1984-04-29,
1984-04-30,380450.0
1984-05-01,
1984-05-02,388670.0
1984-05-03,387560.0
1984-05-04,391600.0
1984-05-05,
1984-05-06,
1984-05-07,410480.0
1984-05-08,417800.0
1984-05-09,424920.0
1984-05-10,410690.0
1984-05-11,411200.0
1984-05-12,
1984-05-13,
1984-05-14,401440.0
1984-05-15,420890.0
1984-05-16,421040.0
1984-05-17,420300.0
1984-05-18,415110.0
1984-05-19,
1984-05-20,
1984-05-21,411390.0
1984-05-22,413070.0
1984-05-23,419470.0
1984-05-24,426830.0
1984-05-25,426700.0
1984-05-26,
1984-05-27,
1984-05-28,419800.0
1984-05-29,414520.0
1984-05-30,413070.0
1984-05-31,415200.0
1984-06-01,413260.0
1984-06-02,
1984-06-03,
1984-06-04,413010.0
1984-06-05,405520.0
1984-06-06,401250.0
1984-06-07,407800.0
1984-06-08,410900.0
1984-06-09,
1984-06-10,
1984-06-11,414230.0
1984-06-12,412000.0
1984-06-13,409820.0
1984-06-14,410350.0
1984-06-15,412570.0
1984-06-16,
1984-06-17,
1984-06-18,408720.0
1984-06-19,401500.0
1984-06-20,396940.0
1984-06-21,
1984-06-22,399560.0
1984-06-23,
1984-06-24,
1984-06-25,391000.0
1984-06-26,381700.0
1984-06-27,386850.0
1984-06-28,387390.0
1984-06-29,394000.0
1984-06-30,
1984-07-01,
1984-07-02,391200.0
1984-07-03,393250.0
1984-07-04,390630.0
1984-07-05,383630.0
1984-07-06,384350.0
1984-07-07,
1984-07-08,
1984-07-09,383330.0
1984-07-10,384100.0
1984-07-11,387030.0
1984-07-12,388800.0
1984-07-13,391580.0
1984-07-14,
1984-07-15,
1984-07-16,393870.0
1984-07-17,387050.0
1984-07-18,378280.0
1984-07-19,369860.0
1984-07-20,368400.0
1984-07-21,
1984-07-22,
1984-07-23,367600.0
1984-07-24,359820.0
1984-07-25,358990.0
1984-07-26,361200.0
1984-07-27,373470.0
1984-07-28,
1984-07-29,
1984-07-30,387690.0
1984-07-31,394150.0
1984-08-01,393550.0
1984-08-02,388830.0
1984-08-03,390330.0
1984-08-04,
1984-08-05,
1984-08-06,390110.0
1984-08-07,382630.0
1984-08-08,385470.0
1984-08-09,387790.0
1984-08-10,394360.0
1984-08-11,
1984-08-12,
1984-08-13,408190.0
1984-08-14,417860.0
1984-08-15,414530.0
1984-08-16,416500.0
1984-08-17,432770.0
1984-08-18,
1984-08-19,
1984-08-20,456110.0
1984-08-21,468670.0
1984-08-22,489180.0
1984-08-23,490260.00000000006
1984-08-24,487370.0
1984-08-25,
1984-08-26,
1984-08-27,495950.0
1984-08-28,483660.0
1984-08-29,491660.00000000006
1984-08-30,500470.00000000006
1984-08-31,517630.0
1984-09-01,
1984-09-02,
1984-09-03,527970.0
1984-09-04,535920.0
1984-09-05,529400.0
1984-09-06,550100.0
1984-09-07,
1984-09-08,
1984-09-09,
1984-09-10,563100.0
1984-09-11,560100.0
1984-09-12,551900.0
1984-09-13,517900.00000000006
1984-09-14,498629.99999999994
1984-09-15,
1984-09-16,
1984-09-17,501010.0
1984-09-18,494529.99999999994
1984-09-19,491650.0
1984-09-20,475740.0
1984-09-21,467100.0
1984-09-22,
1984-09-23,
1984-09-24,481000.00000000006
1984-09-25,500700.00000000006
1984-09-26,507720.00000000006
1984-09-27,518700.0
1984-09-28,520300.0
1984-09-29,
1984-09-30,
1984-10-01,514819.99999999994
1984-10-02,505470.0
1984-10-03,512240.0
1984-10-04,513410.0
1984-10-05,518160.0
1984-10-06,
1984-10-07,
1984-10-08,519750.0
1984-10-09,524420.0
1984-10-10,539070.0
1984-10-11,545500.0
1984-10-12,
1984-10-13,
1984-10-14,
1984-10-15,546100.0
1984-10-16,546100.0
1984-10-17,559700.0
1984-10-18,581100.0
1984-10-19,599700.0
1984-10-20,
1984-10-21,
1984-10-22,601900.0
1984-10-23,606900.0
1984-10-24,630900.0
1984-10-25,643900.0
1984-10-26,634600.0
1984-10-27,
1984-10-28,
1984-10-29,645100.0
1984-10-30,676680.0
1984-10-31,711210.0
1984-11-01,752700.0
1984-11-02,
1984-11-03,
1984-11-04,
1984-11-05,787700.0
1984-11-06,778930.0
1984-11-07,813800.0
1984-11-08,817900.0
1984-11-09,841400.0
1984-11-10,
1984-11-11,
1984-11-12,854800.0
1984-11-13,874100.0
1984-11-14,917600.0
1984-11-15,
1984-11-16,947300.0
1984-11-17,
1984-11-18,
1984-11-19,946900.0
1984-11-20,936800.0
1984-11-21,984100.0
1984-11-22,1005399.9999999999
1984-11-23,977800.0
1984-11-24,
1984-11-25,
1984-11-26,933300.0
1984-11-27,992500.0
1984-11-28,1047100.0000000001
1984-11-29,1066100.0
1984-11-30,1067300.0
1984-12-01,
1984-12-02,
1984-12-03,1058200.0
1984-12-04,1050500.0
1984-12-05,1086800.0
1984-12-06,1101000.0
1984-12-07,1128000.0
1984-12-08,
1984-12-09,
1984-12-10,1129600.0
1984-12-11,1109800.0
1984-12-12,1120000.0
1984-12-13,1155590.0
1984-12-14,1169810.0
1984-12-15,
1984-12-16,
1984-12-17,1167930.0
1984-12-18,1158690.0
1984-12-19,1145150.0
1984-12-20,1162990.0
1984-12-21,1212440.0
1984-12-22,
1984-12-23,
1984-12-24,
1984-12-25,
1984-12-26,1262950.0
1984-12-27,1282280.0
1984-12-28,1306840.0
1984-12-29,
1984-12-30,
1984-12-31,
1985-01-01,
1985-01-02,1380690.0
1985-01-03,1439600.0
1985-01-04,1440180.0
1985-01-05,
1985-01-06,
1985-01-07,1391380.0
1985-01-08,1369740.0
1985-01-09,1415020.0
1985-01-10,1399110.0
1985-01-11,1349530.0
1985-01-12,
1985-01-13,
1985-01-14,1349320.0
1985-01-15,1342900.0
1985-01-16,1263410.0
1985-01-17,1219210.0
1985-01-18,1283830.0
1985-01-19,
1985-01-20,
1985-01-21,1297620.0
1985-01-22,1277070.0
1985-01-23,1224910.0
1985-01-24,1267280.0
1985-01-25,
1985-01-26,
1985-01-27,
1985-01-28,1273010.0
1985-01-29,1248530.0
1985-01-30,1264670.0
1985-01-31,1248610.0
1985-02-01,1230410.0
1985-02-02,
1985-02-03,
1985-02-04,1187440.0
1985-02-05,1160770.0
1985-02-06,1155570.0
1985-02-07,1173480.0
1985-02-08,1195320.0
1985-02-09,
1985-02-10,
1985-02-11,1164160.0
1985-02-12,1132560.0
1985-02-13,1128850.0
1985-02-14,1172600.0
1985-02-15,1234130.0
1985-02-16,
1985-02-17,
1985-02-18,
1985-02-19,
1985-02-20,
1985-02-21,1276400.0
1985-02-22,1307890.0
1985-02-23,
1985-02-24,
1985-02-25,1345510.0
1985-02-26,1354190.0
1985-02-27,1340480.0
1985-02-28,1353910.0
1985-03-01,1328150.0
1985-03-02,
1985-03-03,
1985-03-04,1271680.0
1985-03-05,1259930.0
1985-03-06,1266990.0
1985-03-07,1273980.0
1985-03-08,1267350.0
1985-03-09,
1985-03-10,
1985-03-11,1255550.0
1985-03-12,1273710.0
1985-03-13,1289730.0
1985-03-14,1317630.0
1985-03-15,1342340.0
1985-03-16,
1985-03-17,
1985-03-18,1357360.0
1985-03-19,1300140.0
1985-03-20,1310710.0
1985-03-21,1268430.0
1985-03-22,1324740.0
1985-03-23,
1985-03-24,
1985-03-25,1334140.0
1985-03-26,1265450.0
1985-03-27,1254350.0
1985-03-28,1274670.0
1985-03-29,1283800.0
1985-03-30,
1985-03-31,
1985-04-01,1273480.0
1985-04-02,1229380.0
1985-04-03,1229140.0
1985-04-04,
1985-04-05,
1985-04-06,
1985-04-07,
1985-04-08,1188840.0
1985-04-09,1173880.0
1985-04-10,1103710.0
1985-04-11,1131830.0
1985-04-12,1124430.0
1985-04-13,
1985-04-14,
1985-04-15,1112490.0
1985-04-16,1152250.0
1985-04-17,1177960.0
1985-04-18,1184190.0
1985-04-19,1182040.0
1985-04-20,
1985-04-21,
1985-04-22,
1985-04-23,1235810.0
1985-04-24,1280950.0
1985-04-25,1277240.0
1985-04-26,1289860.0
1985-04-27,
1985-04-28,
1985-04-29,1294200.0
1985-04-30,1280980.0
1985-05-01,
1985-05-02,1296980.0
1985-05-03,1306500.0
1985-05-04,
1985-05-05,
1985-05-06,1357130.0
1985-05-07,1375060.0
1985-05-08,1421050.0
1985-05-09,1546440.0
1985-05-10,1601480.0
1985-05-11,
1985-05-12,
1985-05-13,1633550.0
1985-05-14,1655630.0
1985-05-15,1655870.0
1985-05-16,1684600.0
1985-05-17,1739840.0
1985-05-18,
1985-05-19,
1985-05-20,1839120.0
1985-05-21,1837350.0
1985-05-22,1914250.0
1985-05-23,1929180.0
1985-05-24,1927089.9999999998
1985-05-25,
1985-05-26,
1985-05-27,1874970.0
1985-05-28,1874440.0
1985-05-29,1916030.0
1985-05-30,1893220.0
1985-05-31,1862590.0
1985-06-01,
1985-06-02,
1985-06-03,1834210.0
1985-06-04,1888280.0
1985-06-05,2006000.0
1985-06-06,
1985-06-07,2208630.0
1985-06-08,
1985-06-09,
1985-06-10,2211220.0
1985-06-11,2227110.0
1985-06-12,2255420.0
1985-06-13,2384550.0
1985-06-14,2438150.0
1985-06-15,
1985-06-16,
1985-06-17,2449440.0
1985-06-18,2506430.0
1985-06-19,2659610.0
1985-06-20,2679950.0
1985-06-21,2705130.0
1985-06-22,
1985-06-23,
1985-06-24,2768410.0
1985-06-25,2782350.0
1985-06-26,2717860.0
1985-06-27,2644450.0
1985-06-28,2832030.0
1985-06-29,
1985-06-30,
1985-07-01,3019180.0
1985-07-02,2965390.0
1985-07-03,2880480.0
1985-07-04,2895740.0
1985-07-05,2915290.0
1985-07-06,
1985-07-07,
1985-07-08,2798950.0
1985-07-09,2703640.0
1985-07-10,2627060.0
1985-07-11,2710740.0
1985-07-12,2751580.0
1985-07-13,
1985-07-14,
1985-07-15,2749310.0
1985-07-16,2677350.0
1985-07-17,2755170.0
1985-07-18,2887180.0
1985-07-19,2901340.0
1985-07-20,
1985-07-21,
1985-07-22,2953300.0
1985-07-23,2937580.0
1985-07-24,2954420.0
1985-07-25,2962780.0
1985-07-26,3055850.0
1985-07-27,
1985-07-28,
1985-07-29,3197580.0
1985-07-30,3283250.0
1985-07-31,3351760.0
1985-08-01,3534440.0
1985-08-02,3583780.0
1985-08-03,
1985-08-04,
1985-08-05,3591310.0
1985-08-06,3743740.0
1985-08-07,3819110.0000000005
1985-08-08,3817019.9999999995
1985-08-09,3840979.9999999995
1985-08-10,
1985-08-11,
1985-08-12,3936850.0000000005
1985-08-13,4083780.0
1985-08-14,4263120.0
1985-08-15,4458360.0
1985-08-16,4356520.0
1985-08-17,
1985-08-18,
1985-08-19,4306870.0
1985-08-20,4223930.0
1985-08-21,4205700.0
1985-08-22,4433300.0
1985-08-23,4398420.0
1985-08-24,
1985-08-25,
1985-08-26,4211100.0
1985-08-27,4319820.0
1985-08-28,4277620.0
1985-08-29,4157560.0000000005
1985-08-30,4155510.0
1985-08-31,
1985-09-01,
1985-09-02,4097410.0
1985-09-03,3921640.0
1985-09-04,3983809.9999999995
1985-09-05,4045899.9999999995
1985-09-06,4079290.0
1985-09-07,
1985-09-08,
1985-09-09,4069969.9999999995
1985-09-10,4014110.0
1985-09-11,
1985-09-12,
1985-09-13,4179800.0
1985-09-14,
1985-09-15,
1985-09-16,4320990.0
1985-09-17,4418190.0
1985-09-18,4551050.0
1985-09-19,4762440.0
1985-09-20,4824700.0
1985-09-21,
1985-09-22,
1985-09-23,4947750.0
1985-09-24,5091430.0
1985-09-25,5234500.0
1985-09-26,5255330.0
1985-09-27,5203250.0
1985-09-28,
1985-09-29,
1985-09-30,5447810.0
1985-10-01,5736380.0
1985-10-02,5877780.0
1985-10-03,5824620.0
1985-10-04,5888110.0
1985-10-05,
1985-10-06,
1985-10-07,6059730.0
1985-10-08,6131240.0
1985-10-09,6209340.0
1985-10-10,6197680.0
1985-10-11,6174760.0
1985-10-12,
1985-10-13,
1985-10-14,6200660.0
1985-10-15,6386030.0
1985-10-16,6535160.0
1985-10-17,6844790.0
1985-10-18,7225390.0
1985-10-19,
1985-10-20,
1985-10-21,7263800.0
1985-10-22,7227400.0
1985-10-23,7597470.0
1985-10-24,7517360.0
1985-10-25,7306680.0
1985-10-26,
1985-10-27,
1985-10-28,6676550.0
1985-10-29,6935880.0
1985-10-30,7006080.0
1985-10-31,6763640.0
1985-11-01,6498820.0
1985-11-02,
1985-11-03,
1985-11-04,6186740.0
1985-11-05,6730410.0
1985-11-06,6846460.0
1985-11-07,7143410.0
1985-11-08,7550090.0
1985-11-09,
1985-11-10,
1985-11-11,7884119.999999999
1985-11-12,7822380.0
1985-11-13,7742860.000000001
1985-11-14,8089209.999999999
1985-11-15,
1985-11-16,
1985-11-17,
1985-11-18,7766340.0
1985-11-19,7594140.0
1985-11-20,7407790.0
1985-11-21,7370460.0
1985-11-22,7237620.0
1985-11-23,
1985-11-24,
1985-11-25,6680670.0
1985-11-26,6686380.0
1985-11-27,7289270.0
1985-11-28,7730440.000000001
1985-11-29,7584270.0
1985-11-30,
1985-12-01,
1985-12-02,7258500.0
1985-12-03,7081400.0
1985-12-04,6933500.0
1985-12-05,7015900.0
1985-12-06,7062700.0
1985-12-07,
1985-12-08,
1985-12-09,6744500.0
1985-12-10,6476400.0
1985-12-11,6664500.0
1985-12-12,6686400.0
1985-12-13,6620100.0
1985-12-14,
1985-12-15,
1985-12-16,6245300.0
1985-12-17,5974800.0
1985-12-18,5998700.0
1985-12-19,6194900.0
1985-12-20,6268200.0
1985-12-21,
1985-12-22,
1985-12-23,6124100.0
1985-12-24,
1985-12-25,
1985-12-26,6121700.0
1985-12-27,6375500.0
1985-12-28,
1985-12-29,
1985-12-30,6554800.0
1985-12-31,
1986-01-01,
1986-01-02,7037800.0
1986-01-03,7352500.0
1986-01-04,
1986-01-05,
1986-01-06,7616500.0
1986-01-07,7389600.0
1986-01-08,7477900.0
1986-01-09,7486600.0
1986-01-10,7378300.0
1986-01-11,
1986-01-12,
1986-01-13,7179500.0
1986-01-14,7167800.0
1986-01-15,7240100.0
1986-01-16,7172300.0
1986-01-17,7002400.0
1986-01-18,
1986-01-19,
1986-01-20,7026800.0
1986-01-21,6977900.0
1986-01-22,6839100.0
1986-01-23,6885800.0
1986-01-24,6898600.0
1986-01-25,
1986-01-26,
1986-01-27,6781600.0
1986-01-28,6525400.0
1986-01-29,6318200.0
1986-01-30,6349500.0
1986-01-31,6646900.0
1986-02-01,
1986-02-02,
1986-02-03,6910300.0
1986-02-04,6808600.0
1986-02-05,6746200.0
1986-02-06,7058400.0
1986-02-07,7377000.0
1986-02-08,
1986-02-09,
1986-02-10,
1986-02-11,
1986-02-12,
1986-02-13,7639300.0
1986-02-14,7929400.000000001
1986-02-15,
1986-02-16,
1986-02-17,8354300.000000001
1986-02-18,8310200.000000001
1986-02-19,8511600.0
1986-02-20,8642900.0
1986-02-21,8504600.0
1986-02-22,
1986-02-23,
1986-02-24,8164600.0
1986-02-25,8215300.000000001
1986-02-26,8634200.0
1986-02-27,8242600.0
1986-02-28,
1986-03-01,
1986-03-02,
1986-03-03,
1986-03-04,10159100.0
1986-03-05,10073000.0
1986-03-06,9760700.0
1986-03-07,9465400.0
1986-03-08,
1986-03-09,
1986-03-10,9657000.0
1986-03-11,10106800.0
1986-03-12,10795500.0
1986-03-13,11179500.0
1986-03-14,11338100.0
1986-03-15,
1986-03-16,
1986-03-17,12330100.0
1986-03-18,12804500.0
1986-03-19,13182900.0
1986-03-20,13355200.0
1986-03-21,13554400.0
1986-03-22,
1986-03-23,
1986-03-24,14356500.0
1986-03-25,14690100.0
1986-03-26,15481700.000000002
1986-03-27,
1986-03-28,
1986-03-29,
1986-03-30,
1986-03-31,15735700.0
1986-04-01,14694700.0
1986-04-02,15289700.0
1986-04-03,14732600.0
1986-04-04,16100400.0
1986-04-05,
1986-04-06,
1986-04-07,16997400.0
1986-04-08,17545000.0
1986-04-09,17543300.0
1986-04-10,17604500.0
1986-04-11,18528300.0
1986-04-12,
1986-04-13,
1986-04-14,19225300.0
1986-04-15,19098300.0
1986-04-16,17815200.0
1986-04-17,19013100.0
1986-04-18,19951700.0
1986-04-19,
1986-04-20,
1986-04-21,
1986-04-22,20211500.0
1986-04-23,19758200.0
1986-04-24,20094100.0
1986-04-25,20384500.0
1986-04-26,
1986-04-27,
1986-04-28,19427400.0
1986-04-29,19305100.0
1986-04-30,19426600.0
1986-05-01,
1986-05-02,19666400.0
1986-05-03,
1986-05-04,
1986-05-05,18703800.0
1986-05-06,17892400.0
1986-05-07,18312400.0
1986-05-08,18531100.0
1986-05-09,18259800.0
1986-05-10,
1986-05-11,
1986-05-12,17294600.0
1986-05-13,17017300.0
1986-05-14,17560500.0
1986-05-15,17741500.0
1986-05-16,17015900.0
1986-05-17,
1986-05-18,
1986-05-19,15838800.000000002
1986-05-20,15575800.0
1986-05-21,14806900.0
1986-05-22,15028700.0
1986-05-23,16450999.999999998
1986-05-24,
1986-05-25,
1986-05-26,
1986-05-27,16772399.999999998
1986-05-28,16690100.000000002
1986-05-29,16970000.0
1986-05-30,17288500.0
1986-05-31,
1986-06-01,
1986-06-02,16957100.0
1986-06-03,16989400.0
1986-06-04,16939000.0
1986-06-05,16980700.0
1986-06-06,17242600.0
1986-06-07,
1986-06-08,
1986-06-09,17384500.0
1986-06-10,17127200.0
1986-06-11,17318000.0
1986-06-12,17024500.0
1986-06-13,16545000.000000002
1986-06-14,
1986-06-15,
1986-06-16,15995800.0
1986-06-17,15742500.0
1986-06-18,15527700.0
1986-06-19,15551499.999999998
1986-06-20,15596700.0
1986-06-21,
1986-06-22,
1986-06-23,15462900.0
1986-06-24,15197500.0
1986-06-25,15621800.0
1986-06-26,15998199.999999998
1986-06-27,15967000.000000002
1986-06-28,
1986-06-29,
1986-06-30,15636200.000000002
1986-07-01,15293100.000000002
1986-07-02,14959600.0
1986-07-03,14980000.0
1986-07-04,15455699.999999998
1986-07-05,
1986-07-06,
1986-07-07,15510200.0
1986-07-08,15180900.0
1986-07-09,15141700.0
1986-07-10,15386199.999999998
1986-07-11,15684599.999999998
1986-07-12,
1986-07-13,
1986-07-14,16037400.0
1986-07-15,16462400.0
1986-07-16,16749299.999999998
1986-07-17,16213900.0
1986-07-18,16001199.999999998
1986-07-19,
1986-07-20,
1986-07-21,15933399.999999998
1986-07-22,15991400.0
1986-07-23,16582500.0
1986-07-24,16427599.999999998
1986-07-25,16257500.000000002
1986-07-26,
1986-07-27,
1986-07-28,15623500.0
1986-07-29,15997400.0
1986-07-30,16217100.000000002
1986-07-31,15906800.000000002
1986-08-01,16096200.0
1986-08-02,
1986-08-03,
1986-08-04,15822400.0
1986-08-05,15625799.999999998
1986-08-06,15342500.0
1986-08-07,14891000.0
1986-08-08,14793300.0
1986-08-09,
1986-08-10,
1986-08-11,15555300.0
1986-08-12,15287499.999999998
1986-08-13,14789100.0
1986-08-14,13914400.0
1986-08-15,13707000.0
1986-08-16,
1986-08-17,
1986-08-18,12844200.0
1986-08-19,13075500.0
1986-08-20,13582600.0
1986-08-21,13085400.0
1986-08-22,12451700.0
1986-08-23,
1986-08-24,
1986-08-25,11968600.0
1986-08-26,12534900.0
1986-08-27,12680100.0
1986-08-28,13184200.0
1986-08-29,13095000.0
1986-08-30,
1986-08-31,
1986-09-01,13113700.0
1986-09-02,13086100.0
1986-09-03,13190300.0
1986-09-04,12829600.0
1986-09-05,12461600.0
1986-09-06,
1986-09-07,
1986-09-08,11717300.0
1986-09-09,11090400.0
1986-09-10,11592100.0
1986-09-11,11733100.0
1986-09-12,12445200.0
1986-09-13,
1986-09-14,
1986-09-15,12599400.0
1986-09-16,12271300.0
1986-09-17,12090300.0
1986-09-18,11730200.0
1986-09-19,11242900.0
1986-09-20,
1986-09-21,
1986-09-22,10408700.0
1986-09-23,10217700.0
1986-09-24,9939000.0
1986-09-25,9619500.0
1986-09-26,10328600.0
1986-09-27,
1986-09-28,
1986-09-29,9975300.0
1986-09-30,9973500.0
1986-10-01,10454800.0
1986-10-02,10462800.0
1986-10-03,10275700.0
1986-10-04,
1986-10-05,
1986-10-06,9887100.0
1986-10-07,9761600.0
1986-10-08,9767900.0
1986-10-09,9517300.0
1986-10-10,9159400.0
1986-10-11,
1986-10-12,
1986-10-13,8795800.0
1986-10-14,8873500.0
1986-10-15,8960000.0
1986-10-16,9330400.0
1986-10-17,9597800.0
1986-10-18,
1986-10-19,
1986-10-20,9501400.0
1986-10-21,9740000.0
1986-10-22,10532200.0
1986-10-23,10894000.0
1986-10-24,11599700.0
1986-10-25,
1986-10-26,
1986-10-27,12288500.0
1986-10-28,12224400.0
1986-10-29,11963900.0
1986-10-30,11895900.0
1986-10-31,12004900.0
1986-11-01,
1986-11-02,
1986-11-03,11402700.0
1986-11-04,11090800.0
1986-11-05,10997500.0
1986-11-06,10839000.0
1986-11-07,10989500.0
1986-11-08,
1986-11-09,
1986-11-10,11477100.0
1986-11-11,11612600.0
1986-11-12,12213800.0
1986-11-13,12679700.0
1986-11-14,12437500.0
1986-11-15,
1986-11-16,
1986-11-17,11841900.0
1986-11-18,11424100.0
1986-11-19,11546700.0
1986-11-20,11596900.0
1986-11-21,11731800.0
1986-11-22,
1986-11-23,
1986-11-24,11367800.0
1986-11-25,10513800.0
1986-11-26,9818700.0
1986-11-27,9850100.0
1986-11-28,9473800.0
1986-11-29,
1986-11-30,
1986-12-01,8737600.0
1986-12-02,9114100.0
1986-12-03,9060600.0
1986-12-04,9136100.0
1986-12-05,8899500.0
1986-12-06,
1986-12-07,
1986-12-08,8371800.0
1986-12-09,8092000.0
1986-12-10,7949599.999999999
1986-12-11,8195800.0
1986-12-12,8515700.0
1986-12-13,
1986-12-14,
1986-12-15,8875900.0
1986-12-16,9139700.0
1986-12-17,10059200.0
1986-12-18,9661400.0
1986-12-19,9193000.0
1986-12-20,
1986-12-21,
1986-12-22,8778800.0
1986-12-23,9103000.0
1986-12-24,
1986-12-25,
1986-12-26,9381700.0
1986-12-27,
1986-12-28,
1986-12-29,9290400.0
1986-12-30,9258100.0
1986-12-31,
1987-01-01,
1987-01-02,9382100.0
1987-01-03,
1987-01-04,
1987-01-05,8696700.0
1987-01-06,8455800.0
1987-01-07,8330599.999999999
1987-01-08,8148700.0
1987-01-09,8096300.000000001
1987-01-10,
1987-01-11,
1987-01-12,7796800.0
1987-01-13,7283400.0
1987-01-14,7545500.0
1987-01-15,7349400.0
1987-01-16,7545000.0
1987-01-17,
1987-01-18,
1987-01-19,7505900.0
1987-01-20,7220200.0
1987-01-21,7065900.0
1987-01-22,7464600.0
1987-01-23,7730000.000000001
1987-01-24,
1987-01-25,
1987-01-26,7426200.0
1987-01-27,7412100.0
1987-01-28,7397100.0
1987-01-29,7139600.0
1987-01-30,7103500.0
1987-01-31,
1987-02-01,
1987-02-02,6596700.0
1987-02-03,6272500.0
1987-02-04,6061200.0
1987-02-05,6218400.0
1987-02-06,6288300.0
1987-02-07,
1987-02-08,
1987-02-09,5706800.0
1987-02-10,5535400.0
1987-02-11,6197800.0
1987-02-12,5796800.0
1987-02-13,6141900.0
1987-02-14,
1987-02-15,
1987-02-16,6322200.0
1987-02-17,6181000.0
1987-02-18,6148800.0
1987-02-19,5831800.0
1987-02-20,5751000.0
1987-02-21,
1987-02-22,
1987-02-23,6086100.0
1987-02-24,6341700.0
1987-02-25,6204700.0
1987-02-26,6804200.0
1987-02-27,6838500.0
1987-02-28,
1987-03-01,
1987-03-02,
1987-03-03,
1987-03-04,
1987-03-05,6890300.0
1987-03-06,7157700.0
1987-03-07,
1987-03-08,
1987-03-09,6904900.0
1987-03-10,6606800.0
1987-03-11,6240000.0
1987-03-12,6000400.0
1987-03-13,6254200.0
1987-03-14,
1987-03-15,
1987-03-16,6061500.0
1987-03-17,6013100.0
1987-03-18,6170800.0
1987-03-19,6334600.0
1987-03-20,6596000.0
1987-03-21,
1987-03-22,
1987-03-23,6620100.0
1987-03-24,6634800.0
1987-03-25,
1987-03-26,
1987-03-27,
1987-03-28,
1987-03-29,
1987-03-30,
1987-03-31,
1987-04-01,
1987-04-02,6681400.0
1987-04-03,6922800.0
1987-04-04,
1987-04-05,
1987-04-06,7087000.0
1987-04-07,6805100.0
1987-04-08,6684800.0
1987-04-09,6601700.0
1987-04-10,6654500.0
1987-04-11,
1987-04-12,
1987-04-13,6919100.0
1987-04-14,7253300.0
1987-04-15,7363200.0
1987-04-16,
1987-04-17,
1987-04-18,
1987-04-19,
1987-04-20,
1987-04-21,7850200.0
1987-04-22,7883999.999999999
1987-04-23,8184700.0
1987-04-24,8425800.0
1987-04-25,
1987-04-26,
1987-04-27,8272000.0
1987-04-28,8509300.0
1987-04-29,8766300.0
1987-04-30,8577900.0
1987-05-01,
1987-05-02,
1987-05-03,
1987-05-04,8150800.0
1987-05-05,7508300.0
1987-05-06,7051300.0
1987-05-07,7160500.0
1987-05-08,7316600.0
1987-05-09,
1987-05-10,
1987-05-11,6966900.0
1987-05-12,7136200.0
1987-05-13,7388200.0
1987-05-14,7360900.0
1987-05-15,7447500.0
1987-05-16,
1987-05-17,
1987-05-18,7231000.0
1987-05-19,7207500.0
1987-05-20,6842200.0
1987-05-21,6848900.0
1987-05-22,7058500.0
1987-05-23,
1987-05-24,
1987-05-25,7330300.0
1987-05-26,7300700.0
1987-05-27,7571100.0
1987-05-28,7458400.0
1987-05-29,7673600.000000001
1987-05-30,
1987-05-31,
1987-06-01,7634399.999999999
1987-06-02,7536400.0
1987-06-03,7207600.0
1987-06-04,6739300.0
1987-06-05,6496500.0
1987-06-06,
1987-06-07,
1987-06-08,6125500.0
1987-06-09,6062000.0
1987-06-10,6208000.0
1987-06-11,6974300.0
1987-06-12,7400100.0
1987-06-13,
1987-06-14,
1987-06-15,
1987-06-16,8995000.0
1987-06-17,8822000.0
1987-06-18,9767900.0
1987-06-19,10027400.0
1987-06-20,
1987-06-21,
1987-06-22,10347000.0
1987-06-23,10665100.0
1987-06-24,11355700.0
1987-06-25,11681400.0
1987-06-26,11242700.0
1987-06-27,
1987-06-28,
1987-06-29,11274000.0
1987-06-30,11126300.0
1987-07-01,10978300.0
1987-07-02,10031500.0
1987-07-03,9892500.0
1987-07-04,
1987-07-05,
1987-07-06,9439900.0
1987-07-07,9742800.0
1987-07-08,10164400.0
1987-07-09,10265500.0
1987-07-10,10248500.0
1987-07-11,
1987-07-12,
1987-07-13,10361500.0
1987-07-14,11000300.0
1987-07-15,11623000.0
1987-07-16,11949600.0
1987-07-17,12162400.0
1987-07-18,
1987-07-19,
1987-07-20,11916900.0
1987-07-21,12451900.0
1987-07-22,13144100.0
1987-07-23,13210000.0
1987-07-24,12899600.0
1987-07-25,
1987-07-26,
1987-07-27,12385300.0
1987-07-28,13110400.0
1987-07-29,13047200.0
1987-07-30,13354400.0
1987-07-31,13701700.0
1987-08-01,
1987-08-02,
1987-08-03,14329900.0
1987-08-04,14411600.0
1987-08-05,15277100.0
1987-08-06,15676600.000000002
1987-08-07,15237500.0
1987-08-08,
1987-08-09,
1987-08-10,14600600.0
1987-08-11,14203000.0
1987-08-12,14529600.0
1987-08-13,14079000.0
1987-08-14,13963800.0
1987-08-15,
1987-08-16,
1987-08-17,13089700.0
1987-08-18,13307800.0
1987-08-19,13326600.0
1987-08-20,13198000.0
1987-08-21,13545000.0
1987-08-22,
1987-08-23,
1987-08-24,13577200.0
1987-08-25,12778400.0
1987-08-26,12771300.0
1987-08-27,12782600.0
1987-08-28,12335600.0
1987-08-29,
1987-08-30,
1987-08-31,11477400.0
1987-09-01,11246500.0
1987-09-02,11514000.0
1987-09-03,11637200.0
1987-09-04,11785200.0
1987-09-05,
1987-09-06,
1987-09-07,
1987-09-08,11292500.0
1987-09-09,11304500.0
1987-09-10,11604000.0
1987-09-11,12083900.0
1987-09-12,
1987-09-13,
1987-09-14,12719100.0
1987-09-15,12250600.0
1987-09-16,12267000.0
1987-09-17,12533500.0
1987-09-18,13020100.0
1987-09-19,
1987-09-20,
1987-09-21,13219400.0
1987-09-22,13272500.0
1987-09-23,13677900.0
1987-09-24,13831100.0
1987-09-25,14476300.0
1987-09-26,
1987-09-27,
1987-09-28,14364500.0
1987-09-29,14618400.0
1987-09-30,14808000.0
1987-10-01,14512700.0
1987-10-02,13866200.0
1987-10-03,
1987-10-04,
1987-10-05,13990700.0
1987-10-06,13984500.0
1987-10-07,14504500.0
1987-10-08,14791800.0
1987-10-09,15499400.0
1987-10-10,
1987-10-11,
1987-10-12,
1987-10-13,15889400.0
1987-10-14,15585499.999999998
1987-10-15,16203200.000000002
1987-10-16,16350000.000000002
1987-10-17,
1987-10-18,
1987-10-19,15397900.0
1987-10-20,12913600.0
1987-10-21,13191500.0
1987-10-22,12068100.0
1987-10-23,12064000.0
1987-10-24,
1987-10-25,
1987-10-26,11007600.0
1987-10-27,11207800.0
1987-10-28,11312100.0
1987-10-29,11943600.0
1987-10-30,11954400.0
1987-10-31,
1987-11-01,
1987-11-02,
1987-11-03,11810100.0
1987-11-04,11544900.0
1987-11-05,11642200.0
1987-11-06,12162700.0
1987-11-07,
1987-11-08,
1987-11-09,12135100.0
1987-11-10,12617900.0
1987-11-11,12522000.0
1987-11-12,12592000.0
1987-11-13,12678300.0
1987-11-14,
1987-11-15,
1987-11-16,12094600.0
1987-11-17,11944600.0
1987-11-18,11692800.0
1987-11-19,11636900.0
1987-11-20,11225000.0
1987-11-21,
1987-11-22,
1987-11-23,10821800.0
1987-11-24,11393900.0
1987-11-25,11335000.0
1987-11-26,11803900.0
1987-11-27,12142500.0
1987-11-28,
1987-11-29,
1987-11-30,12398700.0
1987-12-01,12665900.0
1987-12-02,12286600.0
1987-12-03,12503600.0
1987-12-04,13101200.0
1987-12-05,
1987-12-06,
1987-12-07,13136100.0
1987-12-08,13008900.0
1987-12-09,13081700.0
1987-12-10,13178600.0
1987-12-11,12987000.0
1987-12-12,
1987-12-13,
1987-12-14,12648600.0
1987-12-15,12365800.0
1987-12-16,12447100.0
1987-12-17,12743900.0
1987-12-18,12970400.0
1987-12-19,
1987-12-20,
1987-12-21,12718900.0
1987-12-22,12463000.0
1987-12-23,12103300.0
1987-12-24,
1987-12-25,
1987-12-26,
1987-12-27,
1987-12-28,12237700.0
1987-12-29,12534100.0
1987-12-30,12486200.0
1987-12-31,
1988-01-01,
1988-01-02,
1988-01-03,
1988-01-04,12531400.0
1988-01-05,13502600.0
1988-01-06,14390700.0
1988-01-07,14583300.0
1988-01-08,15056400.0
1988-01-09,
1988-01-10,
1988-01-11,15242500.0
1988-01-12,16068400.0
1988-01-13,15855100.0
1988-01-14,16077800.0
1988-01-15,17009800.0
1988-01-16,
1988-01-17,
1988-01-18,17388000.0
1988-01-19,18032400.0
1988-01-20,17979300.0
1988-01-21,18032100.0
1988-01-22,17521200.0
1988-01-23,
1988-01-24,
1988-01-25,
1988-01-26,17338300.0
1988-01-27,17325800.0
1988-01-28,18421400.0
1988-01-29,19089100.0
1988-01-30,
1988-01-31,
1988-02-01,19563300.0
1988-02-02,20981700.0
1988-02-03,21684200.0
1988-02-04,21306500.0
1988-02-05,21329100.0
1988-02-06,
1988-02-07,
1988-02-08,23304900.0
1988-02-09,23252700.0
1988-02-10,23614200.0
1988-02-11,22482200.0
1988-02-12,22808600.0
1988-02-13,
1988-02-14,
1988-02-15,
1988-02-16,
1988-02-17,
1988-02-18,23412100.0
1988-02-19,23476600.0
1988-02-20,
1988-02-21,
1988-02-22,23933200.0
1988-02-23,24055200.0
1988-02-24,24263400.0
1988-02-25,23596800.0
1988-02-26,22340500.0
1988-02-27,
1988-02-28,
1988-02-29,21596900.0
1988-03-01,22345300.0
1988-03-02,22510000.0
1988-03-03,22663300.0
1988-03-04,23642300.0
1988-03-05,
1988-03-06,
1988-03-07,25296500.0
1988-03-08,26262600.0
1988-03-09,26926100.0
1988-03-10,26930800.0
1988-03-11,28186200.0
1988-03-12,
1988-03-13,
1988-03-14,28623200.0
1988-03-15,29412000.0
1988-03-16,28907600.0
1988-03-17,30829300.0
1988-03-18,32196500.000000004
1988-03-19,
1988-03-20,
1988-03-21,32386700.0
1988-03-22,33329700.0
1988-03-23,36529900.0
1988-03-24,36755400.0
1988-03-25,39094800.0
1988-03-26,
1988-03-27,
1988-03-28,38872200.0
1988-03-29,37884500.0
1988-03-30,39647700.0
1988-03-31,
1988-04-01,
1988-04-02,
1988-04-03,
1988-04-04,37518100.0
1988-04-05,39484100.0
1988-04-06,40260000.0
1988-04-07,40903200.0
1988-04-08,42061900.0
1988-04-09,
1988-04-10,
1988-04-11,42814600.0
1988-04-12,44307400.0
1988-04-13,44514900.0
1988-04-14,43356400.0
1988-04-15,41872500.0
1988-04-16,
1988-04-17,
1988-04-18,
1988-04-19,40431500.0
1988-04-20,43316800.0
1988-04-21,46584400.0
1988-04-22,49753600.0
1988-04-23,
1988-04-24,
1988-04-25,50328100.0
1988-04-26,49194700.0
1988-04-27,51404600.0
1988-04-28,52324600.0
1988-04-29,52043400.0
1988-04-30,
1988-05-01,
1988-05-02,50487000.0
1988-05-03,49164300.0
1988-05-04,48136800.0
1988-05-05,44822300.0
1988-05-06,46190000.0
1988-05-07,
1988-05-08,
1988-05-09,47291700.0
1988-05-10,48910400.0
1988-05-11,52812700.0
1988-05-12,52741800.0
1988-05-13,
1988-05-14,
1988-05-15,
1988-05-16,53904400.0
1988-05-17,55888500.0
1988-05-18,55297500.0
1988-05-19,56207600.0
1988-05-20,58838100.0
1988-05-21,
1988-05-22,
1988-05-23,60686200.0
1988-05-24,60457400.0
1988-05-25,61296900.0
1988-05-26,61618999.99999999
1988-05-27,61430100.00000001
1988-05-28,
1988-05-29,
1988-05-30,
1988-05-31,61457300.0
1988-06-01,62179900.0
1988-06-02,61207899.99999999
1988-06-03,59361800.0
1988-06-04,
1988-06-05,
1988-06-06,56775300.0
1988-06-07,58981100.0
1988-06-08,59838200.0
1988-06-09,62028400.0
1988-06-10,62008900.0
1988-06-11,
1988-06-12,
1988-06-13,62235300.0
1988-06-14,63156300.0
1988-06-15,64469199.99999999
1988-06-16,66129900.0
1988-06-17,67505400.0
1988-06-18,
1988-06-19,
1988-06-20,68020000.0
1988-06-21,65640400.0
1988-06-22,68679400.0
1988-06-23,69036600.0
1988-06-24,67757700.0
1988-06-25,
1988-06-26,
1988-06-27,66845499.99999999
1988-06-28,69222800.0
1988-06-29,71010800.0
1988-06-30,70372600.0
1988-07-01,72771500.0
1988-07-02,
1988-07-03,
1988-07-04,75035800.0
1988-07-05,74130800.0
1988-07-06,75654900.0
1988-07-07,78419000.0
1988-07-08,77967100.0
1988-07-09,
1988-07-10,
1988-07-11,76117600.0
1988-07-12,75970700.0
1988-07-13,76575000.0
1988-07-14,72911200.0
1988-07-15,71100100.0
1988-07-16,
1988-07-17,
1988-07-18,67191600.0
1988-07-19,67503700.0
1988-07-20,66549300.0
1988-07-21,69286400.0
1988-07-22,70691100.0
1988-07-23,
1988-07-24,
1988-07-25,66831800.0
1988-07-26,64028100.0
1988-07-27,67168400.0
1988-07-28,72747400.0
1988-07-29,72933700.0
1988-07-30,
1988-07-31,
1988-08-01,72885500.0
1988-08-02,70142500.0
1988-08-03,68657200.0
1988-08-04,68177200.0
1988-08-05,71286000.0
1988-08-06,
1988-08-07,
1988-08-08,70398300.0
1988-08-09,71112200.0
1988-08-10,73408300.0
1988-08-11,76757000.0
1988-08-12,79560300.0
1988-08-13,
1988-08-14,
1988-08-15,80626900.0
1988-08-16,79706200.0
1988-08-17,81912500.0
1988-08-18,84952200.0
1988-08-19,86820300.0
1988-08-20,
1988-08-21,
1988-08-22,88970500.0
1988-08-23,88547400.0
1988-08-24,92505700.0
1988-08-25,91259500.0
1988-08-26,91313800.0
1988-08-27,
1988-08-28,
1988-08-29,90089000.0
1988-08-30,93036000.0
1988-08-31,94202000.0
1988-09-01,94292000.0
1988-09-02,97959000.0
1988-09-03,
1988-09-04,
1988-09-05,101449000.0
1988-09-06,103065000.0
1988-09-07,
1988-09-08,109762000.0
1988-09-09,107615000.0
1988-09-10,
1988-09-11,
1988-09-12,108511000.0
1988-09-13,109181000.0
1988-09-14,114066000.0
1988-09-15,118312000.0
1988-09-16,121043000.0
1988-09-17,
1988-09-18,
1988-09-19,125265000.0
1988-09-20,131006000.0
1988-09-21,130424000.0
1988-09-22,128066000.0
1988-09-23,131774999.99999999
1988-09-24,
1988-09-25,
1988-09-26,135823000.0
1988-09-27,137725000.0
1988-09-28,131840000.00000001
1988-09-29,133612000.0
1988-09-30,136927000.0
1988-10-01,
1988-10-02,
1988-10-03,145078000.0
1988-10-04,151109000.0
1988-10-05,150732000.0
1988-10-06,157754000.0
1988-10-07,159551000.0
1988-10-08,
1988-10-09,
1988-10-10,
1988-10-11,164924000.0
1988-10-12,165570000.0
1988-10-13,157869000.0
1988-10-14,163013000.0
1988-10-15,
1988-10-16,
1988-10-17,161132000.0
1988-10-18,166295000.0
1988-10-19,168316000.0
1988-10-20,161548000.0
1988-10-21,160049000.0
1988-10-22,
1988-10-23,
1988-10-24,165455000.0
1988-10-25,166150000.0
1988-10-26,163732000.0
1988-10-27,173911000.0
1988-10-28,180518000.0
1988-10-29,
1988-10-30,
1988-10-31,
1988-11-01,182900000.0
1988-11-02,190036000.0
1988-11-03,197894000.0
1988-11-04,209335000.0
1988-11-05,
1988-11-06,
1988-11-07,225693000.0
1988-11-08,231655000.0
1988-11-09,236959000.0
1988-11-10,229529000.0
1988-11-11,230157000.0
1988-11-12,
1988-11-13,
1988-11-14,234599000.0
1988-11-15,
1988-11-16,219737000.0
1988-11-17,227183000.0
1988-11-18,234569000.0
1988-11-19,
1988-11-20,
1988-11-21,226603000.0
1988-11-22,219505000.0
1988-11-23,214823000.0
1988-11-24,214989000.0
1988-11-25,206815000.0
1988-11-26,
1988-11-27,
1988-11-28,199353000.0
1988-11-29,202352000.0
1988-11-30,213911000.0
1988-12-01,208535000.0
1988-12-02,207006000.0
1988-12-03,
1988-12-04,
1988-12-05,195493000.0
1988-12-06,188178000.0
1988-12-07,191590000.0
1988-12-08,197184000.0
1988-12-09,205502000.0
1988-12-10,
1988-12-11,
1988-12-12,212235000.0
1988-12-13,213414000.0
1988-12-14,214402000.0
1988-12-15,217669000.0
1988-12-16,232530000.0
1988-12-17,
1988-12-18,
1988-12-19,241110000.0
1988-12-20,258291000.0
1988-12-21,272861000.0
1988-12-22,287751000.0
1988-12-23,295515000.0
1988-12-24,
1988-12-25,
1988-12-26,319181000.0
1988-12-27,310561000.0
1988-12-28,321956000.0
1988-12-29,330821000.0
1988-12-30,
1988-12-31,
1989-01-01,
1989-01-02,323798000.0
1989-01-03,319190000.0
1989-01-04,339194000.0
1989-01-05,340252000.0
1989-01-06,341889000.0
1989-01-07,
1989-01-08,
1989-01-09,340869000.0
1989-01-10,356782000.0
1989-01-11,371488000.0
1989-01-12,384647000.0
1989-01-13,363698000.0
1989-01-14,
1989-01-15,
1989-01-16,
1989-01-17,
1989-01-18,350892000.0
1989-01-19,331248000.0
1989-01-20,345454000.0
1989-01-21,
1989-01-22,
1989-01-23,
1989-01-24,334357000.0
1989-01-25,319058000.0
1989-01-26,316106000.0
1989-01-27,330779000.0
1989-01-28,
1989-01-29,
1989-01-30,322966000.0
1989-01-31,324007000.0
1989-02-01,338544000.0
1989-02-02,356664000.0
1989-02-03,378121000.0
1989-02-04,
1989-02-05,
1989-02-06,
1989-02-07,
1989-02-08,
1989-02-09,397056000.0
1989-02-10,398417000.0
1989-02-11,
1989-02-12,
1989-02-13,400289000.0
1989-02-14,409304000.0
1989-02-15,412838000.0
1989-02-16,420039000.0
1989-02-17,421584000.0
1989-02-18,
1989-02-19,
1989-02-20,417284000.0
1989-02-21,443710000.0
1989-02-22,458538000.0
1989-02-23,469920000.0
1989-02-24,482610000.0
1989-02-25,
1989-02-26,
1989-02-27,494946000.0
1989-02-28,497928000.0
1989-03-01,498885000.0
1989-03-02,513670000.00000006
1989-03-03,539618000.0
1989-03-04,
1989-03-05,
1989-03-06,553454000.0
1989-03-07,526155000.00000006
1989-03-08,549830000.0
1989-03-09,571123000.0
1989-03-10,556152000.0
1989-03-11,
1989-03-12,
1989-03-13,552721000.0
1989-03-14,583158000.0
1989-03-15,606778000.0
1989-03-16,613516000.0
1989-03-17,640709000.0
1989-03-18,
1989-03-19,
1989-03-20,621876000.0
1989-03-21,635633000.0
1989-03-22,655294000.0
1989-03-23,
1989-03-24,
1989-03-25,
1989-03-26,
1989-03-27,654318000.0
1989-03-28,651966000.0
1989-03-29,673011000.0
1989-03-30,700697000.0
1989-03-31,729297000.0
1989-04-01,
1989-04-02,
1989-04-03,763971000.0
1989-04-04,792602000.0
1989-04-05,810037000.0
1989-04-06,762363000.0
1989-04-07,800915000.0
1989-04-08,
1989-04-09,
1989-04-10,828532000.0
1989-04-11,825159000.0
1989-04-12,881250000.0
1989-04-13,933183000.0
1989-04-14,890770000.0
1989-04-15,
1989-04-16,
1989-04-17,
1989-04-18,905150000.0
1989-04-19,1004770000.0000001
1989-04-20,1073000000.0
1989-04-21,1086800000.0
1989-04-22,
1989-04-23,
1989-04-24,1082630000.0
1989-04-25,1110600000.0
1989-04-26,1193040000.0
1989-04-27,1143600000.0
1989-04-28,1166040000.0
1989-04-29,
1989-04-30,
1989-05-01,
1989-05-02,1167330000.0
1989-05-03,1106860000.0
1989-05-04,1021170000.0000001
1989-05-05,1130770000.0
1989-05-06,
1989-05-07,
1989-05-08,1149150000.0
1989-05-09,1069200000.0
1989-05-10,1031030000.0
1989-05-11,1069580000.0000001
1989-05-12,1135110000.0
1989-05-13,
1989-05-14,
1989-05-15,1167400000.0
1989-05-16,1227470000.0
1989-05-17,1244510000.0
1989-05-18,1243440000.0
1989-05-19,1238370000.0
1989-05-20,
1989-05-21,
1989-05-22,1193670000.0
1989-05-23,1136950000.0
1989-05-24,1202090000.0
1989-05-25,
1989-05-26,1222480000.0
1989-05-27,
1989-05-28,
1989-05-29,1211200000.0
1989-05-30,1226180000.0
1989-05-31,1253020000.0
1989-06-01,1292760000.0
1989-06-02,1316230000.0
1989-06-03,
1989-06-04,
1989-06-05,1306080000.0
1989-06-06,1275030000.0
1989-06-07,1205880000.0
1989-06-08,1207380000.0
1989-06-09,1138790000.0
1989-06-10,
1989-06-11,
1989-06-12,
1989-06-13,1026309999.9999999
1989-06-14,927550000.0
1989-06-15,887700000.0
1989-06-16,772260000.0
1989-06-17,
1989-06-18,
1989-06-19,698390000.0
1989-06-20,805940000.0
1989-06-21,805080000.0
1989-06-22,824280000.0
1989-06-23,766110000.0
1989-06-24,
1989-06-25,
1989-06-26,683020000.0
1989-06-27,710690000.0
1989-06-28,704920000.0
1989-06-29,759210000.0
1989-06-30,727020000.0
1989-07-01,
1989-07-02,
1989-07-03,711240000.0
1989-07-04,721990000.0
1989-07-05,762210000.0
1989-07-06,832300000.0
1989-07-07,886030000.0
1989-07-08,
1989-07-09,
1989-07-10,918550000.0
1989-07-11,948300000.0
1989-07-12,1005089999.9999999
1989-07-13,1026530000.0000001
1989-07-14,1071280000.0
1989-07-15,
1989-07-16,
1989-07-17,1061290000.0000001
1989-07-18,1101400000.0
1989-07-19,1133080000.0
1989-07-20,1099240000.0
1989-07-21,1088290000.0
1989-07-22,
1989-07-23,
1989-07-24,1093820000.0
1989-07-25,1171600000.0
1989-07-26,1198200000.0
1989-07-27,1216490000.0
1989-07-28,1236150000.0
1989-07-29,
1989-07-30,
1989-07-31,1232330000.0
1989-08-01,1222520000.0
1989-08-02,1196530000.0
1989-08-03,1247050000.0
1989-08-04,1297610000.0
1989-08-05,
1989-08-06,
1989-08-07,1349500000.0
1989-08-08,1374380000.0
1989-08-09,1352420000.0
1989-08-10,1357360000.0
1989-08-11,1396240000.0
1989-08-12,
1989-08-13,
1989-08-14,1399160000.0
1989-08-15,1374070000.0
1989-08-16,1413320000.0
1989-08-17,1476700000.0
1989-08-18,1524730000.0
1989-08-19,
1989-08-20,
1989-08-21,1583530000.0
1989-08-22,1548870000.0
1989-08-23,1583620000.0
1989-08-24,1638600000.0
1989-08-25,1595330000.0
1989-08-26,
1989-08-27,
1989-08-28,1559800000.0
1989-08-29,1561470000.0
1989-08-30,1493530000.0
1989-08-31,1528630000.0
1989-09-01,1541350000.0
1989-09-02,
1989-09-03,
1989-09-04,1488520000.0
1989-09-05,1468250000.0
1989-09-06,1535110000.0
1989-09-07,
1989-09-08,1589780000.0
1989-09-09,
1989-09-10,
1989-09-11,1629620000.0
1989-09-12,1612100000.0
1989-09-13,1598860000.0
1989-09-14,1610340000.0
1989-09-15,1575960000.0
1989-09-16,
1989-09-17,
1989-09-18,1650720000.0
1989-09-19,1762620000.0
1989-09-20,1856910000.0
1989-09-21,1860080000.0
1989-09-22,1914260000.0
1989-09-23,
1989-09-24,
1989-09-25,1950970000.0
1989-09-26,2015940000.0
1989-09-27,2181510000.0
1989-09-28,2200240000.0
1989-09-29,2254440000.0
1989-09-30,
1989-10-01,
1989-10-02,2149060000.0
1989-10-03,2170430000.0
1989-10-04,2271240000.0
1989-10-05,2463600000.0
1989-10-06,2668110000.0
1989-10-07,
1989-10-08,
1989-10-09,
1989-10-10,2782890000.0
1989-10-11,2830900000.0
1989-10-12,2970090000.0
1989-10-13,2935720000.0
1989-10-14,
1989-10-15,
1989-10-16,2832000000.0
1989-10-17,2951560000.0
1989-10-18,2938530000.0
1989-10-19,3130150000.0
1989-10-20,3245230000.0
1989-10-21,
1989-10-22,
1989-10-23,3352950000.0
1989-10-24,3388540000.0
1989-10-25,3458080000.0
1989-10-26,3549920000.0
1989-10-27,3538460000.0
1989-10-28,
1989-10-29,
1989-10-30,3432620000.0
1989-10-31,3413430000.0
1989-11-01,3375140000.0
1989-11-02,
1989-11-03,3353760000.0
1989-11-04,
1989-11-05,
1989-11-06,3163980000.0
1989-11-07,3081080000.0
1989-11-08,3045730000.0
1989-11-09,3186940000.0
1989-11-10,3057890000.0
1989-11-11,
1989-11-12,
1989-11-13,2908360000.0
1989-11-14,3163590000.0
1989-11-15,
1989-11-16,2996870000.0
1989-11-17,3006220000.0
1989-11-18,
1989-11-19,
1989-11-20,3194190000.0
1989-11-21,3382920000.0
1989-11-22,3429690000.0
1989-11-23,3404860000.0
1989-11-24,3254700000.0
1989-11-25,
1989-11-26,
1989-11-27,3041870000.0
1989-11-28,3053920000.0
1989-11-29,3070290000.0
1989-11-30,3101810000.0
1989-12-01,3274220000.0
1989-12-02,
1989-12-03,
1989-12-04,3317540000.0
1989-12-05,3168780000.0
1989-12-06,3257520000.0
1989-12-07,3359650000.0
1989-12-08,3206110000.0
1989-12-09,
1989-12-10,
1989-12-11,3334970000.0
1989-12-12,3852600000.0
1989-12-13,4337490000.0
1989-12-14,4634770000.0
1989-12-15,4611050000.0
1989-12-16,
1989-12-17,
1989-12-18,4913850000.0
1989-12-19,4738150000.0
1989-12-20,4691730000.0
1989-12-21,5115580000.0
1989-12-22,5473460000.0
1989-12-23,
1989-12-24,
1989-12-25,
1989-12-26,6165040000.0
1989-12-27,6385100000.0
1989-12-28,6161540000.0
1989-12-29,
1989-12-30,
1989-12-31,
1990-01-01,
1990-01-02,6373610000.0
1990-01-03,6734190000.0
1990-01-04,7162270000.0
1990-01-05,7563860000.0
1990-01-06,
1990-01-07,
1990-01-08,8231509999.999999
1990-01-09,8679670000.0
1990-01-10,8965950000.0
1990-01-11,8889120000.0
1990-01-12,8779200000.0
1990-01-13,
1990-01-14,
1990-01-15,8699400000.0
1990-01-16,8810400000.0
1990-01-17,8926600000.0
1990-01-18,9643100000.0
1990-01-19,10194200000.0
1990-01-20,
1990-01-21,
1990-01-22,10637500000.0
1990-01-23,10591300000.0
1990-01-24,10368700000.0
1990-01-25,
1990-01-26,10489200000.0
1990-01-27,
1990-01-28,
1990-01-29,10045500000.0
1990-01-30,10185900000.0
1990-01-31,10049400000.0
1990-02-01,10403800000.0
1990-02-02,11155400000.0
1990-02-03,
1990-02-04,
1990-02-05,11644800000.0
1990-02-06,11946500000.0
1990-02-07,12771900000.0
1990-02-08,13682400000.0
1990-02-09,14535900000.0
1990-02-10,
1990-02-11,
1990-02-12,15608000000.0
1990-02-13,15069900000.0
1990-02-14,15250500000.0
1990-02-15,16792000000.000002
1990-02-16,17393900000.0
1990-02-17,
1990-02-18,
1990-02-19,17930300000.0
1990-02-20,17645100000.0
1990-02-21,17722100000.0
1990-02-22,16946800000.000002
1990-02-23,16597000000.0
1990-02-24,
1990-02-25,
1990-02-26,
1990-02-27,
1990-02-28,
1990-03-01,17208800000.0
1990-03-02,18100800000.0
1990-03-03,
1990-03-04,
1990-03-05,20055300000.0
1990-03-06,21904600000.0
1990-03-07,20455100000.0
1990-03-08,20325600000.0
1990-03-09,18841200000.0
1990-03-10,
1990-03-11,
1990-03-12,18657700000.0
1990-03-13,18653200000.0
1990-03-14,
1990-03-15,
1990-03-16,
1990-03-17,
1990-03-18,
1990-03-19,16384600000.0
1990-03-20,12952400000.0
1990-03-21,10067900000.0
1990-03-22,9333200000.0
1990-03-23,9436500000.0
1990-03-24,
1990-03-25,
1990-03-26,8809400000.0
1990-03-27,8206000000.0
1990-03-28,7390700000.0
1990-03-29,6856200000.0
1990-03-30,7275300000.0
1990-03-31,
1990-04-01,
1990-04-02,7664600000.0
1990-04-03,9464800000.0
1990-04-04,9833800000.0
1990-04-05,11315000000.0
1990-04-06,10435900000.0
1990-04-07,
1990-04-08,
1990-04-09,9281100000.0
1990-04-10,10082700000.0
1990-04-11,10615900000.0
1990-04-12,
1990-04-13,
1990-04-14,
1990-04-15,
1990-04-16,11404500000.0
1990-04-17,13722900000.0
1990-04-18,13902500000.0
1990-04-19,14669500000.0
1990-04-20,14698700000.0
1990-04-21,
1990-04-22,
1990-04-23,14811900000.0
1990-04-24,15272700000.0
1990-04-25,15777300000.000002
1990-04-26,16915199999.999998
1990-04-27,16092100000.000002
1990-04-28,
1990-04-29,
1990-04-30,15587700000.0
1990-05-01,
1990-05-02,15364300000.0
1990-05-03,16779100000.000002
1990-05-04,15926000000.0
1990-05-05,
1990-05-06,
1990-05-07,15186200000.0
1990-05-08,14636900000.0
1990-05-09,14644400000.0
1990-05-10,14934500000.0
1990-05-11,14177500000.0
1990-05-12,
1990-05-13,
1990-05-14,13831200000.0
1990-05-15,12376400000.0
1990-05-16,13000600000.0
1990-05-17,13100300000.0
1990-05-18,13064900000.0
1990-05-19,
1990-05-20,
1990-05-21,13688800000.0
1990-05-22,14441800000.0
1990-05-23,14782900000.0
1990-05-24,15011200000.0
1990-05-25,14916600000.0
1990-05-26,
1990-05-27,
1990-05-28,14549200000.0
1990-05-29,14569500000.0
1990-05-30,14874400000.0
1990-05-31,14643500000.0
1990-06-01,14831800000.0
1990-06-02,
1990-06-03,
1990-06-04,14240100000.0
1990-06-05,14299200000.0
1990-06-06,14959300000.0
1990-06-07,15300300000.0
1990-06-08,15188900000.0
1990-06-09,
1990-06-10,
1990-06-11,14614200000.0
1990-06-12,14400300000.0
1990-06-13,14045300000.0
1990-06-14,
1990-06-15,14065400000.0
1990-06-16,
1990-06-17,
1990-06-18,13773500000.0
1990-06-19,14415000000.0
1990-06-20,14930100000.0
1990-06-21,15789900000.0
1990-06-22,15996300000.000002
1990-06-23,
1990-06-24,
1990-06-25,16639700000.0
1990-06-26,17454500000.0
1990-06-27,17414900000.0
1990-06-28,17265100000.0
1990-06-29,17618600000.0
1990-06-30,
1990-07-01,
1990-07-02,18557200000.0
1990-07-03,19959500000.0
1990-07-04,19895600000.0
1990-07-05,20699400000.0
1990-07-06,20297800000.0
1990-07-07,
1990-07-08,
1990-07-09,20357800000.0
1990-07-10,21370100000.0
1990-07-11,22241600000.0
1990-07-12,23364200000.0
1990-07-13,22907200000.0
1990-07-14,
1990-07-15,
1990-07-16,23735600000.0
1990-07-17,24523000000.0
1990-07-18,25348000000.0
1990-07-19,26017400000.0
1990-07-20,27358400000.0
1990-07-21,
1990-07-22,
1990-07-23,26797200000.0
1990-07-24,28022200000.0
1990-07-25,27862000000.0
1990-07-26,27168000000.0
1990-07-27,27011800000.0
1990-07-28,
1990-07-29,
1990-07-30,27157800000.0
1990-07-31,29822800000.0
1990-08-01,30261900000.0
1990-08-02,32088500000.0
1990-08-03,30315300000.0
1990-08-04,
1990-08-05,
1990-08-06,29926800000.0
1990-08-07,29039700000.0
1990-08-08,31158400000.0
1990-08-09,29356400000.0
1990-08-10,28258100000.0
1990-08-11,
1990-08-12,
1990-08-13,28391400000.0
1990-08-14,29562500000.0
1990-08-15,29445400000.0
1990-08-16,28905800000.0
1990-08-17,28258100000.0
1990-08-18,
1990-08-19,
1990-08-20,27054800000.0
1990-08-21,26678400000.0
1990-08-22,24616300000.0
1990-08-23,25297900000.0
1990-08-24,25079000000.0
1990-08-25,
1990-08-26,
1990-08-27,27842000000.0
1990-08-28,27166400000.0
1990-08-29,26794600000.0
1990-08-30,26069200000.0
1990-08-31,25071100000.0
1990-09-01,
1990-09-02,
1990-09-03,22899200000.0
1990-09-04,23305300000.0
1990-09-05,23178500000.0
1990-09-06,22007400000.0
1990-09-07,
1990-09-08,
1990-09-09,
1990-09-10,22520500000.0
1990-09-11,22301200000.0
1990-09-12,24764700000.0
1990-09-13,25083600000.0
1990-09-14,24477500000.0
1990-09-15,
1990-09-16,
1990-09-17,23331900000.0
1990-09-18,23874300000.0
1990-09-19,23880600000.0
1990-09-20,25167700000.0
1990-09-21,25132900000.0
1990-09-22,
1990-09-23,
1990-09-24,24131300000.0
1990-09-25,24141600000.0
1990-09-26,22820800000.0
1990-09-27,22332900000.0
1990-09-28,23099400000.0
1990-09-29,
1990-09-30,
1990-10-01,23650400000.0
1990-10-02,23025800000.0
1990-10-03,
1990-10-04,23183100000.0
1990-10-05,22562300000.0
1990-10-06,
1990-10-07,
1990-10-08,
1990-10-09,21289100000.0
1990-10-10,20666800000.0
1990-10-11,21145900000.0
1990-10-12,20582800000.0
1990-10-13,
1990-10-14,
1990-10-15,20604100000.0
1990-10-16,20967200000.0
1990-10-17,20515500000.0
1990-10-18,19643100000.0
1990-10-19,19392000000.0
1990-10-20,
1990-10-21,
1990-10-22,19141300000.0
1990-10-23,18483700000.0
1990-10-24,18575300000.0
1990-10-25,19473200000.0
1990-10-26,19159100000.0
1990-10-27,
1990-10-28,
1990-10-29,18095700000.0
1990-10-30,18060200000.0
1990-10-31,17848100000.0
1990-11-01,18964900000.0
1990-11-02,
1990-11-03,
1990-11-04,
1990-11-05,17795500000.0
1990-11-06,18384900000.0
1990-11-07,20442500000.0
1990-11-08,21696600000.0
1990-11-09,21995800000.0
1990-11-10,
1990-11-11,
1990-11-12,22699900000.0
1990-11-13,23555400000.0
1990-11-14,23612100000.0
1990-11-15,
1990-11-16,23935500000.0
1990-11-17,
1990-11-18,
1990-11-19,23996200000.0
1990-11-20,25647800000.0
1990-11-21,26485700000.0
1990-11-22,26636700000.0
1990-11-23,26110800000.0
1990-11-24,
1990-11-25,
1990-11-26,24756500000.0
1990-11-27,26301300000.0
1990-11-28,25735100000.0
1990-11-29,26479200000.0
1990-11-30,26510700000.0
1990-12-01,
1990-12-02,
1990-12-03,27149000000.0
1990-12-04,26401900000.0
1990-12-05,25994100000.0
1990-12-06,25824400000.0
1990-12-07,24978700000.0
1990-12-08,
1990-12-09,
1990-12-10,25193900000.0
1990-12-11,24814600000.0
1990-12-12,23485300000.0
1990-12-13,24366200000.0
1990-12-14,24351300000.0
1990-12-15,
1990-12-16,
1990-12-17,23800500000.0
1990-12-18,23246700000.0
1990-12-19,23572300000.0
1990-12-20,25189400000.0
1990-12-21,24972200000.0
1990-12-22,
1990-12-23,
1990-12-24,
1990-12-25,
1990-12-26,24152100000.0
1990-12-27,25526600000.0
1990-12-28,25156600000.0
1990-12-29,
1990-12-30,
1990-12-31,
1991-01-01,
1991-01-02,25321800000.0
1991-01-03,28221100000.0
1991-01-04,29853300000.0
1991-01-05,
1991-01-06,
1991-01-07,30140100000.0
1991-01-08,28238700000.0
1991-01-09,30383300000.0
1991-01-10,28105000000.0
1991-01-11,28234800000.0
1991-01-12,
1991-01-13,
1991-01-14,26485000000.0
1991-01-15,27622700000.0
1991-01-16,28341200000.0
1991-01-17,31932200000.0
1991-01-18,32735800000.000004
1991-01-19,
1991-01-20,
1991-01-21,34845200000.0
1991-01-22,33840099999.999996
1991-01-23,33704300000.0
1991-01-24,37734900000.0
1991-01-25,
1991-01-26,
1991-01-27,
1991-01-28,40065500000.0
1991-01-29,42515000000.0
1991-01-30,45918600000.0
1991-01-31,47480200000.0
1991-02-01,
1991-02-02,
1991-02-03,
1991-02-04,64601000000.00001
1991-02-05,61931600000.0
1991-02-06,62487200000.0
1991-02-07,59613800000.0
1991-02-08,53900400000.0
1991-02-09,
1991-02-10,
1991-02-11,
1991-02-12,
1991-02-13,
1991-02-14,58559100000.0
1991-02-15,61985800000.0
1991-02-16,
1991-02-17,
1991-02-18,63049900000.00001
1991-02-19,62275100000.0
1991-02-20,59447100000.0
1991-02-21,58247700000.0
1991-02-22,62944000000.0
1991-02-23,
1991-02-24,
1991-02-25,60346500000.0
1991-02-26,62335800000.0
1991-02-27,67262699999.99999
1991-02-28,72597700000.0
1991-03-01,70194400000.0
1991-03-02,
1991-03-03,
1991-03-04,69793900000.0
1991-03-05,72695400000.0
1991-03-06,68906800000.0
1991-03-07,69703500000.0
1991-03-08,64516599999.99999
1991-03-09,
1991-03-10,
1991-03-11,61850800000.0
1991-03-12,63626600000.00001
1991-03-13,63866000000.00001
1991-03-14,60119300000.0
1991-03-15,60215300000.0
1991-03-16,
1991-03-17,
1991-03-18,59473200000.0
1991-03-19,62607399999.99999
1991-03-20,60461800000.0
1991-03-21,60973000000.0
1991-03-22,59268100000.0
1991-03-23,
1991-03-24,
1991-03-25,59948200000.0
1991-03-26,63173499999.99999
1991-03-27,64241900000.00001
1991-03-28,
1991-03-29,
1991-03-30,
1991-03-31,
1991-04-01,67070500000.00001
1991-04-02,68144300000.00001
1991-04-03,70694300000.0
1991-04-04,69100200000.0
1991-04-05,70685500000.0
1991-04-06,
1991-04-07,
1991-04-08,70046100000.0
1991-04-09,67969300000.0
1991-04-10,66699100000.0
1991-04-11,64052500000.0
1991-04-12,66999600000.00001
1991-04-13,
1991-04-14,
1991-04-15,65129700000.0
1991-04-16,68820600000.0
1991-04-17,69550600000.0
1991-04-18,69197700000.0
1991-04-19,69098900000.0
1991-04-20,
1991-04-21,
1991-04-22,70525700000.0
1991-04-23,69348500000.0
1991-04-24,71900200000.0
1991-04-25,70893600000.0
1991-04-26,70102700000.0
1991-04-27,
1991-04-28,
1991-04-29,68232500000.0
1991-04-30,66753499999.99999
1991-05-01,
1991-05-02,67240600000.0
1991-05-03,68278900000.0
1991-05-04,
1991-05-05,
1991-05-06,66353600000.0
1991-05-07,68373500000.0
1991-05-08,70213300000.0
1991-05-09,74301500000.0
1991-05-10,73447100000.0
1991-05-11,
1991-05-12,
1991-05-13,70890700000.0
1991-05-14,74170800000.0
1991-05-15,74303200000.0
1991-05-16,79660000000.0
1991-05-17,80593000000.0
1991-05-18,
1991-05-19,
1991-05-20,81025600000.0
1991-05-21,83870900000.0
1991-05-22,85833100000.0
1991-05-23,87633300000.0
1991-05-24,90988900000.0
1991-05-25,
1991-05-26,
1991-05-27,96677300000.0
1991-05-28,94629000000.0
1991-05-29,103963000000.0
1991-05-30,
1991-05-31,111682000000.0
1991-06-01,
1991-06-02,
1991-06-03,112517000000.0
1991-06-04,114473000000.0
1991-06-05,112466000000.0
1991-06-06,107272000000.0
1991-06-07,115370000000.0
1991-06-08,
1991-06-09,
1991-06-10,115433000000.0
1991-06-11,123230000000.0
1991-06-12,122600000000.0
1991-06-13,121947000000.0
1991-06-14,125995000000.0
1991-06-15,
1991-06-16,
1991-06-17,121839000000.0
1991-06-18,119900000000.0
1991-06-19,128994000000.0
1991-06-20,134568000000.0
1991-06-21,140418000000.0
1991-06-22,
1991-06-23,
1991-06-24,136079000000.0
1991-06-25,141686000000.0
1991-06-26,141111000000.0
1991-06-27,141509000000.0
1991-06-28,135319000000.0
1991-06-29,
1991-06-30,
1991-07-01,129067999999.99998
1991-07-02,131444000000.0
1991-07-03,133161000000.0
1991-07-04,132610000000.0
1991-07-05,130014999999.99998
1991-07-06,
1991-07-07,
1991-07-08,135835000000.00002
1991-07-09,134246000000.0
1991-07-10,138928000000.0
1991-07-11,142631000000.0
1991-07-12,143860000000.0
1991-07-13,
1991-07-14,
1991-07-15,137061999999.99998
1991-07-16,142343000000.0
1991-07-17,141640000000.0
1991-07-18,142090000000.0
1991-07-19,151835000000.0
1991-07-20,
1991-07-21,
1991-07-22,158072000000.0
1991-07-23,158101000000.0
1991-07-24,157011000000.0
1991-07-25,168030000000.0
1991-07-26,165584000000.0
1991-07-27,
1991-07-28,
1991-07-29,165243000000.0
1991-07-30,173315000000.0
1991-07-31,180146000000.0
1991-08-01,192505000000.0
1991-08-02,190726000000.0
1991-08-03,
1991-08-04,
1991-08-05,190864000000.0
1991-08-06,183710000000.0
1991-08-07,174443000000.0
1991-08-08,168296000000.0
1991-08-09,173478000000.0
1991-08-10,
1991-08-11,
1991-08-12,167450000000.0
1991-08-13,162405000000.0
1991-08-14,170091000000.0
1991-08-15,183862000000.0
1991-08-16,189064000000.0
1991-08-17,
1991-08-18,
1991-08-19,176023000000.0
1991-08-20,188492000000.0
1991-08-21,202496000000.0
1991-08-22,199818000000.0
1991-08-23,205095000000.0
1991-08-24,
1991-08-25,
1991-08-26,204926000000.0
1991-08-27,219223000000.0
1991-08-28,209667000000.0
1991-08-29,205039000000.0
1991-08-30,208693000000.0
1991-08-31,
1991-09-01,
1991-09-02,213115000000.0
1991-09-03,211835000000.0
1991-09-04,214269000000.0
1991-09-05,219442000000.0
1991-09-06,235156000000.0
1991-09-07,
1991-09-08,
1991-09-09,247179000000.0
1991-09-10,247590000000.0
1991-09-11,258487000000.00003
1991-09-12,273830000000.00003
1991-09-13,269509000000.0
1991-09-14,
1991-09-15,
1991-09-16,261228000000.00003
1991-09-17,266143000000.00003
1991-09-18,266222000000.0
1991-09-19,273138000000.0
1991-09-20,271650000000.0
1991-09-21,
1991-09-22,
1991-09-23,267436999999.99997
1991-09-24,252450000000.0
1991-09-25,258004999999.99997
1991-09-26,239162000000.0
1991-09-27,241343000000.0
1991-09-28,
1991-09-29,
1991-09-30,244738000000.0
1991-10-01,269922000000.0
1991-10-02,250222000000.0
1991-10-03,253067000000.0
1991-10-04,268558000000.00003
1991-10-05,
1991-10-06,
1991-10-07,271268000000.0
1991-10-08,267144000000.0
1991-10-09,257817000000.00003
1991-10-10,241020000000.0
1991-10-11,262644000000.0
1991-10-12,
1991-10-13,
1991-10-14,253594000000.0
1991-10-15,278980000000.0
1991-10-16,275433000000.0
1991-10-17,291047000000.0
1991-10-18,284295000000.0
1991-10-19,
1991-10-20,
1991-10-21,285074000000.0
1991-10-22,300381000000.0
1991-10-23,325874000000.0
1991-10-24,334372000000.0
1991-10-25,314666000000.0
1991-10-26,
1991-10-27,
1991-10-28,290926000000.0
1991-10-29,312232000000.0
1991-10-30,309421000000.0
1991-10-31,320929000000.0
1991-11-01,311609000000.0
1991-11-02,
1991-11-03,
1991-11-04,301547000000.0
1991-11-05,299841000000.0
1991-11-06,300852000000.0
1991-11-07,311515000000.0
1991-11-08,313093000000.0
1991-11-09,
1991-11-10,
1991-11-11,319897000000.0
1991-11-12,338268000000.0
1991-11-13,337847000000.0
1991-11-14,350378000000.0
1991-11-15,
1991-11-16,
1991-11-17,
1991-11-18,338739000000.0
1991-11-19,329724000000.0
1991-11-20,322900000000.0
1991-11-21,308940000000.0
1991-11-22,306281000000.0
1991-11-23,
1991-11-24,
1991-11-25,313319000000.0
1991-11-26,302198000000.0
1991-11-27,309684000000.0
1991-11-28,323510000000.0
1991-11-29,323081000000.0
1991-11-30,
1991-12-01,
1991-12-02,311773000000.0
1991-12-03,331233000000.0
1991-12-04,358206000000.0
1991-12-05,366702000000.0
1991-12-06,376288000000.0
1991-12-07,
1991-12-08,
1991-12-09,405756000000.0
1991-12-10,401724000000.0
1991-12-11,391657000000.0
1991-12-12,436177000000.0
1991-12-13,434709000000.0
1991-12-14,
1991-12-15,
1991-12-16,433963000000.0
1991-12-17,469072000000.0
1991-12-18,470048000000.0
1991-12-19,486922000000.0
1991-12-20,513279999999.99994
1991-12-21,
1991-12-22,
1991-12-23,536508000000.0
1991-12-24,
1991-12-25,
1991-12-26,526769000000.00006
1991-12-27,575432000000.0
1991-12-28,
1991-12-29,
1991-12-30,607768000000.0
1991-12-31,
1992-01-01,
1992-01-02,675970000000.0
1992-01-03,709245000000.0
1992-01-04,
1992-01-05,
1992-01-06,793806000000.0
1992-01-07,752892000000.0
1992-01-08,707613000000.0
1992-01-09,730089000000.0
1992-01-10,789991000000.0
1992-01-11,
1992-01-12,
1992-01-13,824624000000.0
1992-01-14,812912000000.0
1992-01-15,760815000000.0
1992-01-16,831836000000.0
1992-01-17,817940000000.0
1992-01-18,
1992-01-19,
1992-01-20,899198000000.0
1992-01-21,903610000000.0
1992-01-22,920400000000.0
1992-01-23,1008210000000.0
1992-01-24,1074349999999.9999
1992-01-25,
1992-01-26,
1992-01-27,1143380000000.0
1992-01-28,1213350000000.0
1992-01-29,1184400000000.0
1992-01-30,1099480000000.0
1992-01-31,1120750000000.0
1992-02-01,
1992-02-02,
1992-02-03,1050380000000.0001
1992-02-04,1073880000000.0
1992-02-05,1013439999999.9999
1992-02-06,978790000000.0
1992-02-07,1074400000000.0
1992-02-08,
1992-02-09,
1992-02-10,1055490000000.0
1992-02-11,1120100000000.0
1992-02-12,1115970000000.0
1992-02-13,1042360000000.0
1992-02-14,1090700000000.0
1992-02-15,
1992-02-16,
1992-02-17,1077520000000.0
1992-02-18,1154370000000.0
1992-02-19,1257580000000.0
1992-02-20,1314870000000.0
1992-02-21,1382250000000.0
1992-02-22,
1992-02-23,
1992-02-24,1362650000000.0
1992-02-25,1376720000000.0
1992-02-26,1365630000000.0
1992-02-27,1416540000000.0
1992-02-28,1449870000000.0
1992-02-29,
1992-03-01,
1992-03-02,
1992-03-03,
1992-03-04,
1992-03-05,1514810000000.0
1992-03-06,1534300000000.0
1992-03-07,
1992-03-08,
1992-03-09,1474240000000.0
1992-03-10,1460770000000.0
1992-03-11,1513220000000.0
1992-03-12,1542470000000.0
1992-03-13,1591640000000.0
1992-03-14,
1992-03-15,
1992-03-16,1549130000000.0
1992-03-17,1538680000000.0
1992-03-18,1587090000000.0
1992-03-19,1620850000000.0
1992-03-20,1663240000000.0
1992-03-21,
1992-03-22,
1992-03-23,1637480000000.0
1992-03-24,1637510000000.0
1992-03-25,1535690000000.0
1992-03-26,1543000000000.0
1992-03-27,1597440000000.0
1992-03-28,
1992-03-29,
1992-03-30,1640020000000.0
1992-03-31,1755500000000.0
1992-04-01,1758630000000.0
1992-04-02,1821920000000.0
1992-04-03,1899150000000.0
1992-04-04,
1992-04-05,
1992-04-06,2011380000000.0
1992-04-07,2064830000000.0002
1992-04-08,1960090000000.0
1992-04-09,2026900000000.0
1992-04-10,2125980000000.0002
1992-04-11,
1992-04-12,
1992-04-13,2203260000000.0
1992-04-14,2239870000000.0
1992-04-15,2367580000000.0
1992-04-16,
1992-04-17,
1992-04-18,
1992-04-19,
1992-04-20,2382860000000.0
1992-04-21,
1992-04-22,2472120000000.0
1992-04-23,2365400000000.0
1992-04-24,2281030000000.0
1992-04-25,
1992-04-26,
1992-04-27,2212610000000.0
1992-04-28,2347300000000.0
1992-04-29,2224300000000.0
1992-04-30,2257570000000.0
1992-05-01,
1992-05-02,
1992-05-03,
1992-05-04,2229930000000.0
1992-05-05,2296940000000.0
1992-05-06,2374090000000.0
1992-05-07,2413630000000.0
1992-05-08,2512610000000.0
1992-05-09,
1992-05-10,
1992-05-11,2619640000000.0
1992-05-12,2684480000000.0
1992-05-13,2673370000000.0
1992-05-14,2697590000000.0
1992-05-15,2728670000000.0
1992-05-16,
1992-05-17,
1992-05-18,2604320000000.0
1992-05-19,2696000000000.0
1992-05-20,2718340000000.0
1992-05-21,2592110000000.0
1992-05-22,2552090000000.0
1992-05-23,
1992-05-24,
1992-05-25,2363080000000.0
1992-05-26,2362300000000.0
1992-05-27,2538890000000.0
1992-05-28,2495030000000.0
1992-05-29,2591280000000.0
1992-05-30,
1992-05-31,
1992-06-01,2749410000000.0
1992-06-02,2732590000000.0
1992-06-03,2706380000000.0
1992-06-04,2624730000000.0
1992-06-05,2566910000000.0
1992-06-06,
1992-06-07,
1992-06-08,2472000000000.0
1992-06-09,2532560000000.0
1992-06-10,2542830000000.0
1992-06-11,2650130000000.0
1992-06-12,2509480000000.0
1992-06-13,
1992-06-14,
1992-06-15,2361750000000.0
1992-06-16,2186560000000.0
1992-06-17,1992820000000.0
1992-06-18,
1992-06-19,2204910000000.0
1992-06-20,
1992-06-21,
1992-06-22,2057330000000.0
1992-06-23,2056130000000.0
1992-06-24,1978510000000.0
1992-06-25,2100390000000.0
1992-06-26,2215910000000.0
1992-06-27,
1992-06-28,
1992-06-29,1888190000000.0
1992-06-30,2006940000000.0002
1992-07-01,2022330000000.0002
1992-07-02,2163300000000.0
1992-07-03,2028430000000.0002
1992-07-04,
1992-07-05,
1992-07-06,2137800000000.0
1992-07-07,2261290000000.0
1992-07-08,2408150000000.0
1992-07-09,2379040000000.0
1992-07-10,2595760000000.0
1992-07-11,
1992-07-12,
1992-07-13,2779830000000.0
1992-07-14,2963700000000.0
1992-07-15,2927990000000.0
1992-07-16,3045920000000.0
1992-07-17,2909800000000.0
1992-07-18,
1992-07-19,
1992-07-20,2710600000000.0
1992-07-21,2603380000000.0
1992-07-22,2464190000000.0
1992-07-23,2522760000000.0
1992-07-24,2674600000000.0
1992-07-25,
1992-07-26,
1992-07-27,2765560000000.0
1992-07-28,2840220000000.0
1992-07-29,2577040000000.0
1992-07-30,2677010000000.0
1992-07-31,2680080000000.0
1992-08-01,
1992-08-02,
1992-08-03,2484020000000.0
1992-08-04,2519920000000.0
1992-08-05,2502870000000.0
1992-08-06,2665840000000.0
1992-08-07,2868930000000.0
1992-08-08,
1992-08-09,
1992-08-10,2908280000000.0
1992-08-11,3028490000000.0
1992-08-12,2961020000000.0
1992-08-13,2761120000000.0
1992-08-14,2764260000000.0
1992-08-15,
1992-08-16,
1992-08-17,2748470000000.0
1992-08-18,2739320000000.0
1992-08-19,2921440000000.0
1992-08-20,2805250000000.0
1992-08-21,2747360000000.0
1992-08-22,
1992-08-23,
1992-08-24,2821270000000.0
1992-08-25,2967490000000.0
1992-08-26,3136600000000.0
1992-08-27,3323520000000.0
1992-08-28,3501630000000.0
1992-08-29,
1992-08-30,
1992-08-31,3267130000000.0
1992-09-01,3427000000000.0
1992-09-02,3282460000000.0
1992-09-03,3077900000000.0
1992-09-04,3143010000000.0
1992-09-05,
1992-09-06,
1992-09-07,
1992-09-08,3378930000000.0
1992-09-09,3407350000000.0
1992-09-10,3405890000000.0
1992-09-11,3438310000000.0
1992-09-12,
1992-09-13,
1992-09-14,3575640000000.0
1992-09-15,3500900000000.0
1992-09-16,3576650000000.0
1992-09-17,3605870000000.0
1992-09-18,3600690000000.0
1992-09-19,
1992-09-20,
1992-09-21,3787580000000.0
1992-09-22,3773490000000.0
1992-09-23,3750880000000.0
1992-09-24,4200710000000.0
1992-09-25,4377080000000.0005
1992-09-26,
1992-09-27,
1992-09-28,4206530000000.0
1992-09-29,4531620000000.0
1992-09-30,4449400000000.0
1992-10-01,4662840000000.0
1992-10-02,4291699999999.9995
1992-10-03,
1992-10-04,
1992-10-05,4072110000000.0005
1992-10-06,3959970000000.0
1992-10-07,3829140000000.0
1992-10-08,3875830000000.0
1992-10-09,3975760000000.0
1992-10-10,
1992-10-11,
1992-10-12,
1992-10-13,3822270000000.0
1992-10-14,3843660000000.0
1992-10-15,3688130000000.0
1992-10-16,3690780000000.0
1992-10-17,
1992-10-18,
1992-10-19,3964240000000.0
1992-10-20,3837800000000.0
1992-10-21,3794050000000.0
1992-10-22,3919430000000.0
1992-10-23,4226170000000.0
1992-10-24,
1992-10-25,
1992-10-26,4453600000000.0
1992-10-27,4326019999999.9995
1992-10-28,4345340000000.0
1992-10-29,4507260000000.0
1992-10-30,4617350000000.0
1992-10-31,
1992-11-01,
1992-11-02,
1992-11-03,4451020000000.0
1992-11-04,4462700000000.0
1992-11-05,4313390000000.0
1992-11-06,4304389999999.9995
1992-11-07,
1992-11-08,
1992-11-09,4019720000000.0005
1992-11-10,4096290000000.0
1992-11-11,4132600000000.0
1992-11-12,4141280000000.0
1992-11-13,3895500000000.0
1992-11-14,
1992-11-15,
1992-11-16,3818430000000.0
1992-11-17,4075220000000.0
1992-11-18,4016949999999.9995
1992-11-19,3867820000000.0
1992-11-20,4061210000000.0
1992-11-21,
1992-11-22,
1992-11-23,4028390000000.0
1992-11-24,4181739999999.9995
1992-11-25,4459940000000.0
1992-11-26,4522730000000.0
1992-11-27,4508350000000.0
1992-11-28,
1992-11-29,
1992-11-30,4574330000000.0
1992-12-01,4770440000000.0
1992-12-02,4632330000000.0
1992-12-03,4461080000000.0
1992-12-04,4578700000000.0
1992-12-05,
1992-12-06,
1992-12-07,4771820000000.0
1992-12-08,4662420000000.0
1992-12-09,4674660000000.0
1992-12-10,4801430000000.0
1992-12-11,4937970000000.0
1992-12-12,
1992-12-13,
1992-12-14,5216930000000.0
1992-12-15,4990720000000.0
1992-12-16,5009220000000.0
1992-12-17,5086200000000.0
1992-12-18,5137860000000.0
1992-12-19,
1992-12-20,
1992-12-21,5170820000000.0
1992-12-22,5253560000000.0
1992-12-23,5955650000000.0
1992-12-24,
1992-12-25,
1992-12-26,
1992-12-27,
1992-12-28,6735120000000.0
1992-12-29,6634840000000.0
1992-12-30,6780500000000.0
1992-12-31,
1993-01-01,
1993-01-02,
1993-01-03,
1993-01-04,7147240000000.0
1993-01-05,7723850000000.0
1993-01-06,7557520000000.0
1993-01-07,7977570000000.0
1993-01-08,8438020000000.0
1993-01-09,
1993-01-10,
1993-01-11,8607450000000.0
1993-01-12,8788420000000.0
1993-01-13,8325210000000.0
1993-01-14,8868300000000.0
1993-01-15,8899750000000.0
1993-01-16,
1993-01-17,
1993-01-18,8783340000000.001
1993-01-19,8607320000000.0
1993-01-20,8582450000000.0
1993-01-21,8585699999999.999
1993-01-22,9386630000000.0
1993-01-23,
1993-01-24,
1993-01-25,
1993-01-26,9417300000000.0
1993-01-27,9444700000000.0
1993-01-28,9335800000000.0
1993-01-29,9285600000000.0
1993-01-30,
1993-01-31,
1993-02-01,8830600000000.0
1993-02-02,9027600000000.0
1993-02-03,9135000000000.0
1993-02-04,9616000000000.0
1993-02-05,9572800000000.0
1993-02-06,
1993-02-07,
1993-02-08,9871700000000.0
1993-02-09,10299100000000.0
1993-02-10,10464800000000.0
1993-02-11,11074700000000.0
1993-02-12,10610600000000.0
1993-02-13,
1993-02-14,
1993-02-15,11357200000000.0
1993-02-16,11406400000000.0
1993-02-17,12084500000000.0
1993-02-18,12328700000000.0
1993-02-19,13463600000000.0
1993-02-20,
1993-02-21,
1993-02-22,
1993-02-23,
1993-02-24,
1993-02-25,14289800000000.0
1993-02-26,14044000000000.0
1993-02-27,
1993-02-28,
1993-03-01,13267800000000.0
1993-03-02,13118800000000.0
1993-03-03,13814300000000.0
1993-03-04,14392200000000.0
1993-03-05,13850600000000.0
1993-03-06,
1993-03-07,
1993-03-08,14974100000000.0
1993-03-09,15449200000000.0
1993-03-10,15019100000000.0
1993-03-11,15118800000000.0
1993-03-12,15624700000000.0
1993-03-13,
1993-03-14,
1993-03-15,16688900000000.0
1993-03-16,17405200000000.0
1993-03-17,17108600000000.0
1993-03-18,18224000000000.0
1993-03-19,18324400000000.0
1993-03-20,
1993-03-21,
1993-03-22,18666400000000.0
1993-03-23,18309600000000.0
1993-03-24,18848300000000.0
1993-03-25,18074000000000.0
1993-03-26,18112300000000.0
1993-03-27,
1993-03-28,
1993-03-29,18789800000000.0
1993-03-30,18787800000000.0
1993-03-31,19176500000000.0
1993-04-01,18948300000000.0
1993-04-02,19131900000000.0
1993-04-03,
1993-04-04,
1993-04-05,18284800000000.0
1993-04-06,18029300000000.0
1993-04-07,18723800000000.0
1993-04-08,
1993-04-09,
1993-04-10,
1993-04-11,
1993-04-12,19155200000000.0
1993-04-13,19747300000000.0
1993-04-14,21555300000000.0
1993-04-15,21241900000000.0
1993-04-16,21582600000000.0
1993-04-17,
1993-04-18,
1993-04-19,21847100000000.0
1993-04-20,23291700000000.0
1993-04-21,
1993-04-22,23591300000000.0
1993-04-23,23338700000000.0
1993-04-24,
1993-04-25,
1993-04-26,24821900000000.0
1993-04-27,24548100000000.0
1993-04-28,24311500000000.0
1993-04-29,23669900000000.0
1993-04-30,24084100000000.0
1993-05-01,
1993-05-02,
1993-05-03,24054900000000.0
1993-05-04,24922900000000.0
1993-05-05,24615200000000.0
1993-05-06,25553900000000.0
1993-05-07,25848200000000.0
1993-05-08,
1993-05-09,
1993-05-10,25242300000000.0
1993-05-11,26283900000000.0
1993-05-12,26689300000000.0
1993-05-13,27413800000000.0
1993-05-14,27848700000000.0
1993-05-15,
1993-05-16,
1993-05-17,29269000000000.0
1993-05-18,29482100000000.0
1993-05-19,29876300000000.0
1993-05-20,32011899999999.996
1993-05-21,33168599999999.996
1993-05-22,
1993-05-23,
1993-05-24,33751900000000.0
1993-05-25,34436300000000.004
1993-05-26,35003600000000.0
1993-05-27,34574000000000.0
1993-05-28,34893200000000.0
1993-05-29,
1993-05-30,
1993-05-31,35406000000000.0
1993-06-01,37174000000000.0
1993-06-02,39252200000000.0
1993-06-03,40764600000000.0
1993-06-04,41171200000000.0
1993-06-05,
1993-06-06,
1993-06-07,42195300000000.0
1993-06-08,42201600000000.0
1993-06-09,41461700000000.0
1993-06-10,
1993-06-11,44851900000000.0
1993-06-12,
1993-06-13,
1993-06-14,45163300000000.0
1993-06-15,45893500000000.0
1993-06-16,49373300000000.0
1993-06-17,47067700000000.0
1993-06-18,47379200000000.0
1993-06-19,
1993-06-20,
1993-06-21,47931900000000.0
1993-06-22,49475100000000.0
1993-06-23,48128900000000.0
1993-06-24,48730100000000.0
1993-06-25,52231700000000.0
1993-06-26,
1993-06-27,
1993-06-28,53572800000000.0
1993-06-29,52863800000000.0
1993-06-30,53745900000000.0
1993-07-01,52265400000000.0
1993-07-02,52329900000000.0
1993-07-03,
1993-07-04,
1993-07-05,54860500000000.0
1993-07-06,56103200000000.0
1993-07-07,57546200000000.0
1993-07-08,57101600000000.0
1993-07-09,58766600000000.0
1993-07-10,
1993-07-11,
1993-07-12,59715700000000.0
1993-07-13,60420800000000.0
1993-07-14,58024100000000.0
1993-07-15,57104400000000.0
1993-07-16,58269900000000.0
1993-07-17,
1993-07-18,
1993-07-19,59179900000000.0
1993-07-20,62336800000000.0
1993-07-21,62272800000000.0
1993-07-22,61742400000000.0
1993-07-23,63489600000000.0
1993-07-24,
1993-07-25,
1993-07-26,61775700000000.0
1993-07-27,62141900000000.0
1993-07-28,63788600000000.0
1993-07-29,66148600000000.0
1993-07-30,65575300000000.0
1993-07-31,
1993-08-01,
1993-08-02,62677200000000.0
1993-08-03,62563500000000.0
1993-08-04,61820700000000.0
1993-08-05,62708800000000.0
1993-08-06,64213700000000.0
1993-08-07,
1993-08-08,
1993-08-09,64295300000000.0
1993-08-10,67499700000000.01
1993-08-11,69944100000000.01
1993-08-12,73984800000000.0
1993-08-13,72740600000000.0
1993-08-14,
1993-08-15,
1993-08-16,77278300000000.0
1993-08-17,80236400000000.0
1993-08-18,79534000000000.0
1993-08-19,85132100000000.0
1993-08-20,88276900000000.0
1993-08-21,
1993-08-22,
1993-08-23,89938700000000.0
1993-08-24,90561700000000.0
1993-08-25,91529100000000.0
1993-08-26,97299600000000.0
1993-08-27,97298000000000.0
1993-08-28,
1993-08-29,
1993-08-30,99842000000000.0
1993-08-31,96428000000000.0
1993-09-01,102610000000000.0
1993-09-02,109936000000000.0
1993-09-03,111780000000000.0
1993-09-04,
1993-09-05,
1993-09-06,116175000000000.0
1993-09-07,
1993-09-08,117507000000000.0
1993-09-09,118241000000000.0
1993-09-10,123055000000000.0
1993-09-11,
1993-09-12,
1993-09-13,123224000000000.0
1993-09-14,120278000000000.0
1993-09-15,124012000000000.0
1993-09-16,127763000000000.0
1993-09-17,138911000000000.0
1993-09-18,
1993-09-19,
1993-09-20,138044999999999.98
1993-09-21,134738000000000.0
1993-09-22,136151000000000.02
1993-09-23,143044000000000.0
1993-09-24,142690000000000.0
1993-09-25,
1993-09-26,
1993-09-27,139056999999999.98
1993-09-28,143878000000000.0
1993-09-29,147415000000000.0
1993-09-30,146605000000000.0
1993-10-01,148334000000000.0
1993-10-02,
1993-10-03,
1993-10-04,147229000000000.0
1993-10-05,153430000000000.0
1993-10-06,157836000000000.0
1993-10-07,166974000000000.0
1993-10-08,172905000000000.0
1993-10-09,
1993-10-10,
1993-10-11,180649000000000.0
1993-10-12,
1993-10-13,184644000000000.0
1993-10-14,186958000000000.0
1993-10-15,189373000000000.0
1993-10-16,
1993-10-17,
1993-10-18,171355000000000.0
1993-10-19,176651000000000.0
1993-10-20,166036000000000.0
1993-10-21,150323000000000.0
1993-10-22,166845000000000.0
1993-10-23,
1993-10-24,
1993-10-25,156076000000000.0
1993-10-26,164296000000000.0
1993-10-27,179820000000000.0
1993-10-28,177502000000000.0
1993-10-29,184357000000000.0
1993-10-30,
1993-10-31,
1993-11-01,203558000000000.0
1993-11-02,
1993-11-03,201445000000000.0
1993-11-04,198086000000000.0
1993-11-05,201461000000000.0
1993-11-06,
1993-11-07,
1993-11-08,212897000000000.0
1993-11-09,213435000000000.0
1993-11-10,228285000000000.0
1993-11-11,232769000000000.0
1993-11-12,235885000000000.0
1993-11-13,
1993-11-14,
1993-11-15,
1993-11-16,239334000000000.0
1993-11-17,250492000000000.0
1993-11-18,251262000000000.0
1993-11-19,249797000000000.0
1993-11-20,
1993-11-21,
1993-11-22,247388000000000.0
1993-11-23,258385000000000.0
1993-11-24,270128000000000.0
1993-11-25,276367000000000.03
1993-11-26,282193000000000.0
1993-11-27,
1993-11-28,
1993-11-29,276454000000000.0
1993-11-30,274033000000000.0
1993-12-01,266976000000000.0
1993-12-02,271646000000000.0
1993-12-03,288688000000000.0
1993-12-04,
1993-12-05,
1993-12-06,296153000000000.0
1993-12-07,292961000000000.0
1993-12-08,291157000000000.0
1993-12-09,284690000000000.0
1993-12-10,290558000000000.0
1993-12-11,
1993-12-12,
1993-12-13,294315000000000.0
1993-12-14,304847000000000.0
1993-12-15,301167000000000.0
1993-12-16,304303000000000.0
1993-12-17,309420000000000.0
1993-12-18,
1993-12-19,
1993-12-20,309987000000000.0
1993-12-21,329725000000000.0
1993-12-22,343365000000000.0
1993-12-23,349178000000000.0
1993-12-24,
1993-12-25,
1993-12-26,
1993-12-27,359291000000000.0
1993-12-28,360442000000000.0
1993-12-29,373601000000000.0
1993-12-30,375452000000000.0
1993-12-31,
1994-01-01,
1994-01-02,
1994-01-03,380090000000000.0
1994-01-04,400549000000000.0
1994-01-05,421045000000000.0
1994-01-06,444174000000000.0
1994-01-07,476395000000000.0
1994-01-08,
1994-01-09,
1994-01-10,495393000000000.0
1994-01-11,501411000000000.0
1994-01-12,536429999999999.94
1994-01-13,561652000000000.06
1994-01-14,551061000000000.06
1994-01-15,
1994-01-16,
1994-01-17,598053000000000.0
1994-01-18,605710000000000.0
1994-01-19,642024000000000.0
1994-01-20,689677000000000.0
1994-01-21,689178000000000.0
1994-01-22,
1994-01-23,
1994-01-24,689562000000000.0
1994-01-25,
1994-01-26,704938000000000.0
1994-01-27,684494000000000.0
1994-01-28,689217000000000.0
1994-01-29,
1994-01-30,
1994-01-31,740556000000000.0
1994-02-01,826862000000000.0
1994-02-02,823057000000000.0
1994-02-03,798354000000000.0
1994-02-04,821282000000000.0
1994-02-05,
1994-02-06,
1994-02-07,848729000000000.0
1994-02-08,887987000000000.0
1994-02-09,904668000000000.0
1994-02-10,1000940000000000.0
1994-02-11,1035440000000000.0
1994-02-12,
1994-02-13,
1994-02-14,
1994-02-15,
1994-02-16,
1994-02-17,1040930000000000.1
1994-02-18,944850000000000.0
1994-02-19,
1994-02-20,
1994-02-21,928560000000000.0
1994-02-22,1053680000000000.1
1994-02-23,1063010000000000.0
1994-02-24,997950000000000.0
1994-02-25,1008320000000000.0
1994-02-26,
1994-02-27,
1994-02-28,1053849999999999.9
1994-03-01,1073319999999999.9
1994-03-02,1021480000000000.0
1994-03-03,1045790000000000.0
1994-03-04,1114010000000000.0
1994-03-05,
1994-03-06,
1994-03-07,1193940000000000.0
1994-03-08,1204520000000000.0
1994-03-09,1260240000000000.0
1994-03-10,1266900000000000.0
1994-03-11,1268740000000000.0
1994-03-12,
1994-03-13,
1994-03-14,1329650000000000.0
1994-03-15,1350930000000000.0
1994-03-16,1408400000000000.0
1994-03-17,1393770000000000.0
1994-03-18,1331800000000000.0
1994-03-19,
1994-03-20,
1994-03-21,1270830000000000.0
1994-03-22,1353530000000000.0
1994-03-23,1415720000000000.0
1994-03-24,1376640000000000.0
1994-03-25,1459070000000000.0
1994-03-26,
1994-03-27,
1994-03-28,1469260000000000.0
1994-03-29,1440750000000000.0
1994-03-30,1515580000000000.0
1994-03-31,
1994-04-01,
1994-04-02,
1994-04-03,
1994-04-04,1355020000000000.0
1994-04-05,1427980000000000.0
1994-04-06,1435500000000000.0
1994-04-07,1474890000000000.0
1994-04-08,1537420000000000.0
1994-04-09,
1994-04-10,
1994-04-11,1659580000000000.0
1994-04-12,1648870000000000.0
1994-04-13,1552700000000000.0
1994-04-14,1506220000000000.0
1994-04-15,1443400000000000.0
1994-04-16,
1994-04-17,
1994-04-18,1401140000000000.0
1994-04-19,1345630000000000.0
1994-04-20,1283840000000000.0
1994-04-21,
1994-04-22,1420280000000000.0
1994-04-23,
1994-04-24,
1994-04-25,1551600000000000.0
1994-04-26,1583870000000000.0
1994-04-27,1605180000000000.0
1994-04-28,1672710000000000.0
1994-04-29,1708420000000000.0
1994-04-30,
1994-05-01,
1994-05-02,1725660000000000.0
1994-05-03,1648350000000000.0
1994-05-04,1573830000000000.0
1994-05-05,1447880000000000.0
1994-05-06,1510330000000000.0
1994-05-07,
1994-05-08,
1994-05-09,1421750000000000.0
1994-05-10,1547960000000000.0
1994-05-11,1546050000000000.0
1994-05-12,1637800000000000.0
1994-05-13,1585870000000000.0
1994-05-14,
1994-05-15,
1994-05-16,1562640000000000.0
1994-05-17,1648360000000000.0
1994-05-18,1790940000000000.0
1994-05-19,2008460000000000.0
1994-05-20,2031740000000000.0
1994-05-21,
1994-05-22,
1994-05-23,2096280000000000.2
1994-05-24,2127760000000000.2
1994-05-25,2301790000000000.0
1994-05-26,2342110000000000.0
1994-05-27,2349450000000000.0
1994-05-28,
1994-05-29,
1994-05-30,2428440000000000.0
1994-05-31,2467210000000000.0
1994-06-01,2526450000000000.0
1994-06-02,
1994-06-03,2695990000000000.0
1994-06-04,
1994-06-05,
1994-06-06,2908690000000000.0
1994-06-07,2920510000000000.0
1994-06-08,2821810000000000.0
1994-06-09,2932420000000000.0
1994-06-10,3020420000000000.0
1994-06-11,
1994-06-12,
1994-06-13,2946940000000000.0
1994-06-14,3017320000000000.0
1994-06-15,3069780000000000.0
1994-06-16,3033880000000000.0
1994-06-17,3237630000000000.0
1994-06-18,
1994-06-19,
1994-06-20,3237870000000000.0
1994-06-21,3127620000000000.0
1994-06-22,3198580000000000.0
1994-06-23,3140020000000000.0
1994-06-24,3109620000000000.0
1994-06-25,
1994-06-26,
1994-06-27,3372100000000000.0
1994-06-28,3563590000000000.0
1994-06-29,3828390000000000.0
1994-06-30,3623150000000000.0
1994-07-01,
1994-07-02,
1994-07-03,
1994-07-04,3580890000000000.0
1994-07-05,3564310000000000.0
1994-07-06,3753520000000000.0
1994-07-07,3904990000000000.0
1994-07-08,4051910000000000.0
1994-07-09,
1994-07-10,
1994-07-11,4010870000000000.0
1994-07-12,3919780000000000.0
1994-07-13,3840890000000000.0
1994-07-14,4016520000000000.0
1994-07-15,4079900000000000.0
1994-07-16,
1994-07-17,
1994-07-18,4045310000000000.0
1994-07-19,3874650000000000.0
1994-07-20,4038620000000000.0
1994-07-21,4018470000000000.0
1994-07-22,3986640000000000.0
1994-07-23,
1994-07-24,
1994-07-25,3993930000000000.0
1994-07-26,4077200000000000.0
1994-07-27,4150060000000000.5
1994-07-28,4255390000000000.5
1994-07-29,4201330000000000.0
1994-07-30,
1994-07-31,
1994-08-01,4152040000000000.0
1994-08-02,4310770000000000.5
1994-08-03,4392160000000000.0
1994-08-04,4354979999999999.5
1994-08-05,4469510000000000.0
1994-08-06,
1994-08-07,
1994-08-08,4580910000000000.0
1994-08-09,4558280000000000.0
1994-08-10,4513230000000000.0
1994-08-11,4463760000000000.0
1994-08-12,4547100000000000.0
1994-08-13,
1994-08-14,
1994-08-15,4651000000000000.0
1994-08-16,4744110000000000.0
1994-08-17,4968940000000000.0
1994-08-18,5026580000000000.0
1994-08-19,5138280000000000.0
1994-08-20,
1994-08-21,
1994-08-22,5385810000000000.0
1994-08-23,5303950000000000.0
1994-08-24,5207710000000000.0
1994-08-25,5354630000000000.0
1994-08-26,5214310000000000.0
1994-08-27,
1994-08-28,
1994-08-29,5323090000000000.0
1994-08-30,5379670000000000.0
1994-08-31,5329450000000000.0
1994-09-01,5436900000000000.0
1994-09-02,5367480000000000.0
1994-09-03,
1994-09-04,
1994-09-05,4804030000000000.0
1994-09-06,4988690000000000.0
1994-09-07,
1994-09-08,5272110000000000.0
1994-09-09,5351120000000000.0
1994-09-10,
1994-09-11,
1994-09-12,5510910000000000.0
1994-09-13,5510970000000000.0
1994-09-14,5476410000000000.0
1994-09-15,5287480000000000.0
1994-09-16,5293710000000000.0
1994-09-17,
1994-09-18,
1994-09-19,5291800000000000.0
1994-09-20,5177390000000000.0
1994-09-21,5343550000000000.0
1994-09-22,5395210000000000.0
1994-09-23,5453240000000000.0
1994-09-24,
1994-09-25,
1994-09-26,5265060000000000.0
1994-09-27,5217510000000000.0
1994-09-28,5277080000000000.0
1994-09-29,5442630000000000.0
1994-09-30,5484040000000000.0
1994-10-01,
1994-10-02,
1994-10-03,
1994-10-04,5335110000000000.0
1994-10-05,5166880000000000.0
1994-10-06,4979370000000000.0
1994-10-07,4876740000000000.0
1994-10-08,
1994-10-09,
1994-10-10,5032100000000000.0
1994-10-11,4925980000000000.0
1994-10-12,
1994-10-13,4944580000000000.0
1994-10-14,4833790000000000.0
1994-10-15,
1994-10-16,
1994-10-17,4784370000000000.0
1994-10-18,4909570000000000.0
1994-10-19,4758710000000000.0
1994-10-20,4724490000000000.0
1994-10-21,4561900000000000.0
1994-10-22,
1994-10-23,
1994-10-24,4344060000000000.5
1994-10-25,4543350000000000.0
1994-10-26,4663730000000000.0
1994-10-27,4706700000000000.0
1994-10-28,4927590000000000.0
1994-10-29,
1994-10-30,
1994-10-31,4797920000000000.0
1994-11-01,4700890000000000.0
1994-11-02,
1994-11-03,4508030000000000.0
1994-11-04,4666690000000000.0
1994-11-05,
1994-11-06,
1994-11-07,4808760000000000.0
1994-11-08,4782100000000000.0
1994-11-09,4885030000000000.0
1994-11-10,4992580000000000.0
1994-11-11,4951950000000000.0
1994-11-12,
1994-11-13,
1994-11-14,4948710000000000.0
1994-11-15,
1994-11-16,4989560000000000.0
1994-11-17,4873720000000000.0
1994-11-18,4712480000000000.0
1994-11-19,
1994-11-20,
1994-11-21,4483490000000000.0
1994-11-22,4494830000000000.0
1994-11-23,4393000000000000.0
1994-11-24,4573380000000000.0
1994-11-25,4398740000000000.0
1994-11-26,
1994-11-27,
1994-11-28,4398750000000000.0
1994-11-29,4672000000000000.0
1994-11-30,4656030000000000.0
1994-12-01,4652310000000000.0
1994-12-02,4525430000000000.0
1994-12-03,
1994-12-04,
1994-12-05,4631390000000000.0
1994-12-06,4573010000000000.0
1994-12-07,4597150000000000.0
1994-12-08,4768660000000000.0
1994-12-09,4731330000000000.0
1994-12-10,
1994-12-11,
1994-12-12,4813160000000000.0
1994-12-13,4835150000000000.0
1994-12-14,4976880000000000.0
1994-12-15,4842660000000000.0
1994-12-16,4917660000000000.0
1994-12-17,
1994-12-18,
1994-12-19,4922930000000000.0
1994-12-20,4799060000000000.0
1994-12-21,4495240000000000.0
1994-12-22,4221220000000000.5
1994-12-23,4351399999999999.5
1994-12-24,
1994-12-25,
1994-12-26,4278270000000000.5
1994-12-27,4113720000000000.5
1994-12-28,4195290000000000.0
1994-12-29,4353920000000000.0
1994-12-30,
1994-12-31,
1995-01-01,
1995-01-02,4319069999999999.5
1995-01-03,4097979999999999.5
1995-01-04,3967910000000000.0
1995-01-05,4036680000000000.0
1995-01-06,3827380000000000.0
1995-01-07,
1995-01-08,
1995-01-09,3627810000000000.0
1995-01-10,3270040000000000.0
1995-01-11,3499130000000000.0
1995-01-12,3840620000000000.0
1995-01-13,4103840000000000.0
1995-01-14,
1995-01-15,
1995-01-16,4056430000000000.0
1995-01-17,4209790000000000.0
1995-01-18,4078520000000000.0
1995-01-19,3809360000000000.0
1995-01-20,3862310000000000.0
1995-01-21,
1995-01-22,
1995-01-23,3758450000000000.0
1995-01-24,3840250000000000.0
1995-01-25,
1995-01-26,3926890000000000.0
1995-01-27,3784330000000000.0
1995-01-28,
1995-01-29,
1995-01-30,3580730000000000.0
1995-01-31,3885020000000000.0
1995-02-01,3989820000000000.0
1995-02-02,3897870000000000.0
1995-02-03,3944370000000000.0
1995-02-04,
1995-02-05,
1995-02-06,3829830000000000.0
1995-02-07,3637400000000000.0
1995-02-08,3556270000000000.0
1995-02-09,3401560000000000.0
1995-02-10,3307700000000000.0
1995-02-11,
1995-02-12,
1995-02-13,3294940000000000.0
1995-02-14,3192230000000000.0
1995-02-15,3069400000000000.0
1995-02-16,2863820000000000.0
1995-02-17,3023280000000000.0
1995-02-18,
1995-02-19,
1995-02-20,2961610000000000.0
1995-02-21,2793070000000000.0
1995-02-22,2872390000000000.0
1995-02-23,3217420000000000.0
1995-02-24,3270870000000000.0
1995-02-25,
1995-02-26,
1995-02-27,
1995-02-28,
1995-03-01,
1995-03-02,2989080000000000.0
1995-03-03,2988000000000000.0
1995-03-04,
1995-03-05,
1995-03-06,2867160000000000.0
1995-03-07,2615700000000000.0
1995-03-08,2363320000000000.0
1995-03-09,2138270000000000.0
1995-03-10,2686150000000000.0
1995-03-11,
1995-03-12,
1995-03-13,2670870000000000.0
1995-03-14,3016900000000000.0
1995-03-15,2939430000000000.0
1995-03-16,3141720000000000.0
1995-03-17,2981120000000000.0
1995-03-18,
1995-03-19,
1995-03-20,2870050000000000.0
1995-03-21,3006120000000000.0
1995-03-22,3003940000000000.0
1995-03-23,3145610000000000.0
1995-03-24,3361210000000000.0
1995-03-25,
1995-03-26,
1995-03-27,3372260000000000.0
1995-03-28,3255770000000000.0
1995-03-29,3198170000000000.0
1995-03-30,3125520000000000.0
1995-03-31,2978960000000000.0
1995-04-01,
1995-04-02,
1995-04-03,2893520000000000.0
1995-04-04,3125110000000000.0
1995-04-05,3180390000000000.0
1995-04-06,3254580000000000.0
1995-04-07,3192640000000000.0
1995-04-08,
1995-04-09,
1995-04-10,3114090000000000.0
1995-04-11,3017760000000000.0
1995-04-12,3020760000000000.0
1995-04-13,
1995-04-14,
1995-04-15,
1995-04-16,
1995-04-17,3113130000000000.0
1995-04-18,3193910000000000.0
1995-04-19,3330680000000000.0
1995-04-20,3384260000000000.0
1995-04-21,
1995-04-22,
1995-04-23,
1995-04-24,3512870000000000.0
1995-04-25,3699140000000000.0
1995-04-26,3825880000000000.0
1995-04-27,3851080000000000.0
1995-04-28,3813720000000000.0
1995-04-29,
1995-04-30,
1995-05-01,
1995-05-02,3861510000000000.0
1995-05-03,3975960000000000.0
1995-05-04,4043940000000000.0
1995-05-05,4008230000000000.0
1995-05-06,
1995-05-07,
1995-05-08,3914210000000000.0
1995-05-09,4065410000000000.0
1995-05-10,4050430000000000.0
1995-05-11,3951060000000000.0
1995-05-12,3998320000000000.0
1995-05-13,
1995-05-14,
1995-05-15,3894040000000000.0
1995-05-16,3835110000000000.0
1995-05-17,3964350000000000.0
1995-05-18,4008060000000000.0
1995-05-19,3950000000000000.0
1995-05-20,
1995-05-21,
1995-05-22,4033700000000000.0
1995-05-23,4048700000000000.0
1995-05-24,4099550000000000.0
1995-05-25,4018950000000000.0
1995-05-26,3904970000000000.0
1995-05-27,
1995-05-28,
1995-05-29,3896300000000000.0
1995-05-30,3706810000000000.0
1995-05-31,3720590000000000.0
1995-06-01,3773550000000000.0
1995-06-02,3966450000000000.0
1995-06-03,
1995-06-04,
1995-06-05,4062800000000000.0
1995-06-06,3933260000000000.0
1995-06-07,3808190000000000.0
1995-06-08,3818490000000000.0
1995-06-09,3670660000000000.0
1995-06-10,
1995-06-11,
1995-06-12,3704780000000000.0
1995-06-13,3789270000000000.0
1995-06-14,3665030000000000.0
1995-06-15,
1995-06-16,3717850000000000.0
1995-06-17,
1995-06-18,
1995-06-19,3696120000000000.0
1995-06-20,3576930000000000.0
1995-06-21,3631610000000000.0
1995-06-22,3598820000000000.0
1995-06-23,3585640000000000.0
1995-06-24,
1995-06-25,
1995-06-26,3537040000000000.0
1995-06-27,3661320000000000.0
1995-06-28,3715440000000000.0
1995-06-29,3678040000000000.0
1995-06-30,3603380000000000.0
1995-07-01,
1995-07-02,
1995-07-03,3594370000000000.0
1995-07-04,3633600000000000.0
1995-07-05,3700300000000000.0
1995-07-06,3820960000000000.0
1995-07-07,3961730000000000.0
1995-07-08,
1995-07-09,
1995-07-10,3958400000000000.0
1995-07-11,3889200000000000.0
1995-07-12,4026460000000000.0
1995-07-13,4007500000000000.0
1995-07-14,4026810000000000.0
1995-07-15,
1995-07-16,
1995-07-17,4016130000000000.0
1995-07-18,3919180000000000.0
1995-07-19,3829430000000000.0
1995-07-20,3939020000000000.0
1995-07-21,3862370000000000.0
1995-07-22,
1995-07-23,
1995-07-24,3899690000000000.0
1995-07-25,3917930000000000.0
1995-07-26,3878810000000000.0
1995-07-27,3912860000000000.0
1995-07-28,3888350000000000.0
1995-07-29,
1995-07-30,
1995-07-31,3877480000000000.0
1995-08-01,3870800000000000.0
1995-08-02,3918460000000000.0
1995-08-03,4025530000000000.0
1995-08-04,4200350000000000.5
1995-08-05,
1995-08-06,
1995-08-07,4393870000000000.0
1995-08-08,4310750000000000.0
1995-08-09,4279779999999999.5
1995-08-10,4337010000000000.0
1995-08-11,4193000000000000.0
1995-08-12,
1995-08-13,
1995-08-14,4081230000000000.0
1995-08-15,4156359999999999.5
1995-08-16,4223300000000000.0
1995-08-17,4229149999999999.5
1995-08-18,4235390000000000.5
1995-08-19,
1995-08-20,
1995-08-21,4298990000000000.0
1995-08-22,4305580000000000.0
1995-08-23,4471180000000000.5
1995-08-24,4445010000000000.0
1995-08-25,4459210000000000.0
1995-08-26,
1995-08-27,
1995-08-28,4514950000000000.0
1995-08-29,4367800000000000.0
1995-08-30,4236069999999999.5
1995-08-31,4310510000000000.0
1995-09-01,4449979999999999.5
1995-09-02,
1995-09-03,
1995-09-04,4520190000000000.0
1995-09-05,4563120000000000.0
1995-09-06,4550040000000000.0
1995-09-07,
1995-09-08,4531610000000000.0
1995-09-09,
1995-09-10,
1995-09-11,4638610000000000.0
1995-09-12,4703660000000000.0
1995-09-13,4737350000000000.0
1995-09-14,4810530000000000.0
1995-09-15,4801810000000000.0
1995-09-16,
1995-09-17,
1995-09-18,4851380000000000.0
1995-09-19,4861220000000000.0
1995-09-20,4776630000000000.0
1995-09-21,4693590000000000.0
1995-09-22,4673770000000000.0
1995-09-23,
1995-09-24,
1995-09-25,4579090000000000.0
1995-09-26,4543950000000000.0
1995-09-27,4548030000000000.0
1995-09-28,4566670000000000.0
1995-09-29,4670130000000000.0
1995-09-30,
1995-10-01,
1995-10-02,4538000000000000.0
1995-10-03,4504210000000000.0
1995-10-04,4426330000000000.0
1995-10-05,4498680000000000.5
1995-10-06,4514630000000000.0
1995-10-07,
1995-10-08,
1995-10-09,4456680000000000.5
1995-10-10,4409540000000000.0
1995-10-11,4500689999999999.5
1995-10-12,
1995-10-13,4513610000000000.0
1995-10-14,
1995-10-15,
1995-10-16,4549640000000000.0
1995-10-17,4620990000000000.0
1995-10-18,4601740000000000.0
1995-10-19,4585010000000000.0
1995-10-20,4668800000000000.0
1995-10-21,
1995-10-22,
1995-10-23,4563940000000000.0
1995-10-24,4528180000000000.0
1995-10-25,4343779999999999.5
1995-10-26,4060270000000000.0
1995-10-27,4140600000000000.5
1995-10-28,
1995-10-29,
1995-10-30,4069060000000000.0
1995-10-31,4128390000000000.5
1995-11-01,4099819999999999.5
1995-11-02,
1995-11-03,4158779999999999.5
1995-11-04,
1995-11-05,
1995-11-06,4094310000000000.0
1995-11-07,4111210000000000.0
1995-11-08,4117069999999999.5
1995-11-09,4112920000000000.0
1995-11-10,3957950000000000.0
1995-11-11,
1995-11-12,
1995-11-13,3787040000000000.0
1995-11-14,3797340000000000.0
1995-11-15,
1995-11-16,4003600000000000.0
1995-11-17,4063580000000000.0
1995-11-18,
1995-11-19,
1995-11-20,3966060000000000.0
1995-11-21,4059540000000000.0
1995-11-22,4105760000000000.0
1995-11-23,4191040000000000.0
1995-11-24,4081640000000000.0
1995-11-25,
1995-11-26,
1995-11-27,4105149999999999.5
1995-11-28,4049800000000000.0
1995-11-29,4182470000000000.5
1995-11-30,4378560000000000.5
1995-12-01,4345990000000000.0
1995-12-02,
1995-12-03,
1995-12-04,4334160000000000.0
1995-12-05,4281090000000000.0
1995-12-06,4303600000000000.5
1995-12-07,4318790000000000.0
1995-12-08,4299250000000000.0
1995-12-09,
1995-12-10,
1995-12-11,4306250000000000.0
1995-12-12,4365600000000000.5
1995-12-13,4369790000000000.0
1995-12-14,4183319999999999.5
1995-12-15,4158660000000000.0
1995-12-16,
1995-12-17,
1995-12-18,4056010000000000.0
1995-12-19,4034990000000000.0
1995-12-20,4205710000000000.0
1995-12-21,4252029999999999.5
1995-12-22,4343220000000000.5
1995-12-23,
1995-12-24,
1995-12-25,
1995-12-26,4364029999999999.5
1995-12-27,4346250000000000.0
1995-12-28,4299000000000000.0
1995-12-29,
1995-12-30,
1995-12-31,
1996-01-01,
1996-01-02,4390050000000000.0
1996-01-03,4681470000000000.0
1996-01-04,4684060000000000.0
1996-01-05,4694340000000000.0
1996-01-06,
1996-01-07,
1996-01-08,4741010000000000.0
1996-01-09,4653880000000000.0
1996-01-10,4622180000000000.0
1996-01-11,4748670000000000.0
1996-01-12,4846590000000000.0
1996-01-13,
1996-01-14,
1996-01-15,4895430000000000.0
1996-01-16,4846770000000000.0
1996-01-17,4836220000000000.0
1996-01-18,4833850000000000.0
1996-01-19,4909030000000000.0
1996-01-20,
1996-01-21,
1996-01-22,4893800000000000.0
1996-01-23,4985460000000000.0
1996-01-24,4945240000000000.0
1996-01-25,
1996-01-26,4907700000000000.0
1996-01-27,
1996-01-28,
1996-01-29,4934800000000000.0
1996-01-30,5133490000000000.0
1996-01-31,5151540000000000.0
1996-02-01,5269380000000000.0
1996-02-02,5410900000000000.0
1996-02-03,
1996-02-04,
1996-02-05,5332940000000000.0
1996-02-06,5354080000000000.0
1996-02-07,5283000000000000.0
1996-02-08,5322630000000000.0
1996-02-09,5305400000000000.0
1996-02-10,
1996-02-11,
1996-02-12,5338950000000000.0
1996-02-13,5385560000000000.0
1996-02-14,5330810000000000.0
1996-02-15,5273710000000000.0
1996-02-16,5172980000000000.0
1996-02-17,
1996-02-18,
1996-02-19,
1996-02-20,
1996-02-21,
1996-02-22,5237720000000000.0
1996-02-23,5274350000000000.0
1996-02-24,
1996-02-25,
1996-02-26,5245230000000000.0
1996-02-27,5193020000000000.0
1996-02-28,5199290000000000.0
1996-02-29,4957740000000000.0
1996-03-01,5083350000000000.0
1996-03-02,
1996-03-03,
1996-03-04,5152650000000000.0
1996-03-05,5197980000000000.0
1996-03-06,4975300000000000.0
1996-03-07,4755990000000000.0
1996-03-08,4721930000000000.0
1996-03-09,
1996-03-10,
1996-03-11,4771770000000000.0
1996-03-12,4739400000000000.0
1996-03-13,4805580000000000.0
1996-03-14,4841270000000000.0
1996-03-15,4852530000000000.0
1996-03-16,
1996-03-17,
1996-03-18,4886970000000000.0
1996-03-19,4851530000000000.0
1996-03-20,4868350000000000.0
1996-03-21,4979700000000000.0
1996-03-22,5051200000000000.0
1996-03-23,
1996-03-24,
1996-03-25,5031610000000000.0
1996-03-26,4981700000000000.0
1996-03-27,5039600000000000.0
1996-03-28,4980510000000000.0
1996-03-29,4954930000000000.0
1996-03-30,
1996-03-31,
1996-04-01,5009270000000000.0
1996-04-02,4985560000000000.0
1996-04-03,4977590000000000.0
1996-04-04,
1996-04-05,
1996-04-06,
1996-04-07,
1996-04-08,4853690000000000.0
1996-04-09,4866470000000000.0
1996-04-10,4889570000000000.0
1996-04-11,4885190000000000.0
1996-04-12,5015560000000000.0
1996-04-13,
1996-04-14,
1996-04-15,5022380000000000.0
1996-04-16,4989330000000000.0
1996-04-17,5003900000000000.0
1996-04-18,5002020000000000.0
1996-04-19,5075640000000000.0
1996-04-20,
1996-04-21,
1996-04-22,5079690000000000.0
1996-04-23,5061920000000000.0
1996-04-24,5047010000000000.0
1996-04-25,5121870000000000.0
1996-04-26,5142600000000000.0
1996-04-27,
1996-04-28,
1996-04-29,5149310000000000.0
1996-04-30,5164100000000000.0
1996-05-01,
1996-05-02,5146000000000000.0
1996-05-03,5101450000000000.0
1996-05-04,
1996-05-05,
1996-05-06,5153020000000000.0
1996-05-07,5283970000000000.0
1996-05-08,5360500000000000.0
1996-05-09,5388540000000000.0
1996-05-10,5345490000000000.0
1996-05-11,
1996-05-12,
1996-05-13,5480200000000000.0
1996-05-14,5428110000000000.0
1996-05-15,5448330000000000.0
1996-05-16,5475630000000000.0
1996-05-17,5560360000000000.0
1996-05-18,
1996-05-19,
1996-05-20,5655680000000000.0
1996-05-21,5601960000000000.0
1996-05-22,5681520000000000.0
1996-05-23,5530870000000000.0
1996-05-24,5600660000000000.0
1996-05-25,
1996-05-26,
1996-05-27,5627980000000000.0
1996-05-28,5710840000000000.0
1996-05-29,5625720000000000.0
1996-05-30,5687790000000000.0
1996-05-31,5727990000000000.0
1996-06-01,
1996-06-02,
1996-06-03,5635070000000000.0
1996-06-04,5599420000000000.0
1996-06-05,5567890000000000.0
1996-06-06,
1996-06-07,5530230000000000.0
1996-06-08,
1996-06-09,
1996-06-10,5457190000000000.0
1996-06-11,5413420000000000.0
1996-06-12,5532470000000000.0
1996-06-13,5503790000000000.0
1996-06-14,5634860000000000.0
1996-06-15,
1996-06-16,
1996-06-17,5804850000000000.0
1996-06-18,5834600000000000.0
1996-06-19,5817130000000000.0
1996-06-20,5823030000000000.0
1996-06-21,6053140000000000.0
1996-06-22,
1996-06-23,
1996-06-24,6201800000000000.0
1996-06-25,6082400000000000.0
1996-06-26,6227150000000000.0
1996-06-27,6181590000000000.0
1996-06-28,6043890000000000.0
1996-06-29,
1996-06-30,
1996-07-01,6156190000000000.0
1996-07-02,6245500000000000.0
1996-07-03,6355850000000000.0
1996-07-04,6432090000000000.0
1996-07-05,6286460000000000.0
1996-07-06,
1996-07-07,
1996-07-08,6338780000000000.0
1996-07-09,6487970000000000.0
1996-07-10,6444590000000000.0
1996-07-11,6508520000000000.0
1996-07-12,6652190000000000.0
1996-07-13,
1996-07-14,
1996-07-15,6432900000000000.0
1996-07-16,6293440000000000.0
1996-07-17,6214680000000000.0
1996-07-18,6188790000000000.0
1996-07-19,6411650000000000.0
1996-07-20,
1996-07-21,
1996-07-22,6299140000000000.0
1996-07-23,6222580000000000.0
1996-07-24,6050980000000000.0
1996-07-25,6096310000000000.0
1996-07-26,5968450000000000.0
1996-07-27,
1996-07-28,
1996-07-29,5909380000000000.0
1996-07-30,6143340000000000.0
1996-07-31,6123280000000000.0
1996-08-01,6277300000000000.0
1996-08-02,6363570000000000.0
1996-08-03,
1996-08-04,
1996-08-05,6244140000000000.0
1996-08-06,6130750000000000.0
1996-08-07,6165260000000000.0
1996-08-08,6257250000000000.0
1996-08-09,6222760000000000.0
1996-08-10,
1996-08-11,
1996-08-12,6304190000000000.0
1996-08-13,6227710000000000.0
1996-08-14,6227100000000000.0
1996-08-15,6348410000000000.0
1996-08-16,6352860000000000.0
1996-08-17,
1996-08-18,
1996-08-19,6292140000000000.0
1996-08-20,6337120000000000.0
1996-08-21,6314770000000000.0
1996-08-22,6248940000000000.0
1996-08-23,6202700000000000.0
1996-08-24,
1996-08-25,
1996-08-26,6028060000000000.0
1996-08-27,6126100000000000.0
1996-08-28,6294760000000000.0
1996-08-29,6270030000000000.0
1996-08-30,6259400000000000.0
1996-08-31,
1996-09-01,
1996-09-02,6232540000000000.0
1996-09-03,6270040000000000.0
1996-09-04,6276870000000000.0
1996-09-05,6254010000000000.0
1996-09-06,6334610000000000.0
1996-09-07,
1996-09-08,
1996-09-09,6382760000000000.0
1996-09-10,6415780000000000.0
1996-09-11,6358060000000000.0
1996-09-12,6390970000000000.0
1996-09-13,6464290000000000.0
1996-09-14,
1996-09-15,
1996-09-16,6534270000000000.0
1996-09-17,6512410000000000.0
1996-09-18,6489640000000000.0
1996-09-19,6560200000000000.0
1996-09-20,6588260000000000.0
1996-09-21,
1996-09-22,
1996-09-23,6551730000000000.0
1996-09-24,6563780000000000.0
1996-09-25,6513870000000000.0
1996-09-26,6535910000000000.0
1996-09-27,6458880000000000.0
1996-09-28,
1996-09-29,
1996-09-30,6446870000000000.0
1996-10-01,6521770000000000.0
1996-10-02,6605800000000000.0
1996-10-03,
1996-10-04,6626940000000000.0
1996-10-05,
1996-10-06,
1996-10-07,6612660000000000.0
1996-10-08,6651570000000000.0
1996-10-09,6631080000000000.0
1996-10-10,6626740000000000.0
1996-10-11,6608670000000000.0
1996-10-12,
1996-10-13,
1996-10-14,6631310000000000.0
1996-10-15,6744940000000000.0
1996-10-16,6733540000000000.0
1996-10-17,6766040000000000.0
1996-10-18,6798140000000000.0
1996-10-19,
1996-10-20,
1996-10-21,6798910000000000.0
1996-10-22,6675620000000000.0
1996-10-23,6648600000000000.0
1996-10-24,6588840000000000.0
1996-10-25,6503350000000000.0
1996-10-26,
1996-10-27,
1996-10-28,6401080000000000.0
1996-10-29,6549750000000000.0
1996-10-30,6543220000000000.0
1996-10-31,6533150000000000.0
1996-11-01,6641180000000000.0
1996-11-02,
1996-11-03,
1996-11-04,6658530000000000.0
1996-11-05,6697590000000000.0
1996-11-06,6704600000000000.0
1996-11-07,6666670000000000.0
1996-11-08,6559590000000000.0
1996-11-09,
1996-11-10,
1996-11-11,6582900000000000.0
1996-11-12,6523320000000000.0
1996-11-13,6570970000000000.0
1996-11-14,6522990000000000.0
1996-11-15,
1996-11-16,
1996-11-17,
1996-11-18,6556250000000000.0
1996-11-19,6556990000000000.0
1996-11-20,6541300000000000.0
1996-11-21,6625940000000000.0
1996-11-22,6645260000000000.0
1996-11-23,
1996-11-24,
1996-11-25,6649200000000000.0
1996-11-26,6631510000000000.0
1996-11-27,6591890000000000.0
1996-11-28,6644890000000000.0
1996-11-29,6666080000000000.0
1996-11-30,
1996-12-01,
1996-12-02,6735630000000000.0
1996-12-03,6836800000000000.0
1996-12-04,6797610000000000.0
1996-12-05,6947100000000000.0
1996-12-06,6872910000000000.0
1996-12-07,
1996-12-08,
1996-12-09,6836360000000000.0
1996-12-10,6855860000000000.0
1996-12-11,6677780000000000.0
1996-12-12,6657450000000000.0
1996-12-13,6680180000000000.0
1996-12-14,
1996-12-15,
1996-12-16,6654360000000000.0
1996-12-17,6784570000000000.0
1996-12-18,6910410000000000.0
1996-12-19,6891640000000000.0
1996-12-20,6942240000000000.0
1996-12-21,
1996-12-22,
1996-12-23,6912570000000000.0
1996-12-24,
1996-12-25,
1996-12-26,6957760000000000.0
1996-12-27,7006850000000000.0
1996-12-28,
1996-12-29,
1996-12-30,7039940000000000.0
1996-12-31,
1997-01-01,
1997-01-02,6955540000000000.0
1997-01-03,6997750000000000.0
1997-01-04,
1997-01-05,
1997-01-06,7159500000000000.0
1997-01-07,7297460000000000.0
1997-01-08,7427020000000000.0
1997-01-09,7454210000000000.0
1997-01-10,7478340000000000.0
1997-01-11,
1997-01-12,
1997-01-13,7411750000000000.0
1997-01-14,7621130000000000.0
1997-01-15,7667570000000000.0
1997-01-16,7655810000000000.0
1997-01-17,7816250000000000.0
1997-01-18,
1997-01-19,
1997-01-20,7835440000000000.0
1997-01-21,7904900000000000.0
1997-01-22,7817500000000000.0
1997-01-23,7890670000000000.0
1997-01-24,7759780000000000.0
1997-01-25,
1997-01-26,
1997-01-27,7759060000000000.0
1997-01-28,7849780000000000.0
1997-01-29,7736900000000000.0
1997-01-30,7788810000000000.0
1997-01-31,7964680000000000.0
1997-02-01,
1997-02-02,
1997-02-03,8095940000000000.0
1997-02-04,8102250000000000.0
1997-02-05,8171180000000000.0
1997-02-06,8147850000000000.0
1997-02-07,8316549999999999.0
1997-02-08,
1997-02-09,
1997-02-10,
1997-02-11,
1997-02-12,8670620000000001.0
1997-02-13,8764920000000000.0
1997-02-14,8699990000000000.0
1997-02-15,
1997-02-16,
1997-02-17,8816070000000000.0
1997-02-18,8950240000000000.0
1997-02-19,8771340000000000.0
1997-02-20,8701820000000000.0
1997-02-21,8719510000000000.0
1997-02-22,
1997-02-23,
1997-02-24,8959250000000000.0
1997-02-25,9149110000000000.0
1997-02-26,8927870000000001.0
1997-02-27,8776780000000001.0
1997-02-28,8828730000000000.0
1997-03-01,
1997-03-02,
1997-03-03,8978200000000001.0
1997-03-04,8961400000000000.0
1997-03-05,9074400000000000.0
1997-03-06,9125500000000000.0
1997-03-07,9180500000000000.0
1997-03-08,
1997-03-09,
1997-03-10,9419100000000000.0
1997-03-11,9565300000000000.0
1997-03-12,9317100000000000.0
1997-03-13,9314100000000000.0
1997-03-14,9499400000000000.0
1997-03-15,
1997-03-16,
1997-03-17,9263300000000000.0
1997-03-18,9172400000000000.0
1997-03-19,9087900000000000.0
1997-03-20,9302500000000000.0
1997-03-21,9301600000000000.0
1997-03-22,
1997-03-23,
1997-03-24,9327700000000000.0
1997-03-25,9380300000000000.0
1997-03-26,9271600000000000.0
1997-03-27,
1997-03-28,
1997-03-29,
1997-03-30,
1997-03-31,9044300000000000.0
1997-04-01,9138300000000000.0
1997-04-02,9237300000000000.0
1997-04-03,9302100000000000.0
1997-04-04,9705200000000000.0
1997-04-05,
1997-04-06,
1997-04-07,9836500000000000.0
1997-04-08,9737700000000000.0
1997-04-09,9819100000000000.0
1997-04-10,9732500000000000.0
1997-04-11,9517700000000000.0
1997-04-12,
1997-04-13,
1997-04-14,9455700000000000.0
1997-04-15,9490100000000000.0
1997-04-16,9565700000000000.0
1997-04-17,9418600000000000.0
1997-04-18,9422200000000000.0
1997-04-19,
1997-04-20,
1997-04-21,
1997-04-22,9473700000000000.0
1997-04-23,9634100000000000.0
1997-04-24,9708900000000000.0
1997-04-25,9731700000000000.0
1997-04-26,
1997-04-27,
1997-04-28,9761600000000000.0
1997-04-29,9858100000000000.0
1997-04-30,9982300000000000.0
1997-05-01,
1997-05-02,1.00742e+16
1997-05-03,
1997-05-04,
1997-05-05,9993500000000000.0
1997-05-06,1.02186e+16
1997-05-07,1.01796e+16
1997-05-08,1.04374e+16
1997-05-09,1.04918e+16
1997-05-10,
1997-05-11,
1997-05-12,1.0681e+16
1997-05-13,1.06479e+16
1997-05-14,1.02829e+16
1997-05-15,1.03537e+16
1997-05-16,1.04989e+16
1997-05-17,
1997-05-18,
1997-05-19,1.05056e+16
1997-05-20,1.06408e+16
1997-05-21,1.07148e+16
1997-05-22,1.07452e+16
1997-05-23,1.0764e+16
1997-05-24,
1997-05-25,
1997-05-26,1.09608e+16
1997-05-27,1.11331e+16
1997-05-28,1.13006e+16
1997-05-29,
1997-05-30,1.13448e+16
1997-05-31,
1997-06-01,
1997-06-02,1.13608e+16
1997-06-03,1.11104e+16
1997-06-04,1.10299e+16
1997-06-05,1.11063e+16
1997-06-06,1.13338e+16
1997-06-07,
1997-06-08,
1997-06-09,1.1396e+16
1997-06-10,1.14286e+16
1997-06-11,1.14897e+16
1997-06-12,1.18518e+16
1997-06-13,1.18283e+16
1997-06-14,
1997-06-15,
1997-06-16,1.19537e+16
1997-06-17,1.21187e+16
1997-06-18,1.22058e+16
1997-06-19,1.2205e+16
1997-06-20,1.21211e+16
1997-06-21,
1997-06-22,
1997-06-23,1.22389e+16
1997-06-24,1.25873e+16
1997-06-25,1.30533e+16
1997-06-26,1.28739e+16
1997-06-27,1.27578e+16
1997-06-28,
1997-06-29,
1997-06-30,1.25676e+16
1997-07-01,1.30022e+16
1997-07-02,1.32596e+16
1997-07-03,1.32848e+16
1997-07-04,1.34938e+16
1997-07-05,
1997-07-06,
1997-07-07,1.35023e+16
1997-07-08,1.36173e+16
1997-07-09,
1997-07-10,1.36087e+16
1997-07-11,1.31532e+16
1997-07-12,
1997-07-13,
1997-07-14,1.26981e+16
1997-07-15,1.1617e+16
1997-07-16,1.26408e+16
1997-07-17,1.17284e+16
1997-07-18,1.11817e+16
1997-07-19,
1997-07-20,
1997-07-21,1.12919e+16
1997-07-22,1.22353e+16
1997-07-23,1.24269e+16
1997-07-24,1.25242e+16
1997-07-25,1.25227e+16
1997-07-26,
1997-07-27,
1997-07-28,1.29378e+16
1997-07-29,1.30438e+16
1997-07-30,1.30186e+16
1997-07-31,1.28724e+16
1997-08-01,1.22591e+16
1997-08-02,
1997-08-03,
1997-08-04,1.20169e+16
1997-08-05,1.19086e+16
1997-08-06,1.2523e+16
1997-08-07,1.23228e+16
1997-08-08,1.21289e+16
1997-08-09,
1997-08-10,
1997-08-11,1.19485e+16
1997-08-12,1.18095e+16
1997-08-13,1.18506e+16
1997-08-14,1.19048e+16
1997-08-15,1.13348e+16
1997-08-16,
1997-08-17,
1997-08-18,1.13378e+16
1997-08-19,1.12114e+16
1997-08-20,1.08488e+16
1997-08-21,1.11804e+16
1997-08-22,1.11579e+16
1997-08-23,
1997-08-24,
1997-08-25,1.14215e+16
1997-08-26,1.1626e+16
1997-08-27,1.17193e+16
1997-08-28,1.1267e+16
1997-08-29,1.06094e+16
1997-08-30,
1997-08-31,
1997-09-01,1.01091e+16
1997-09-02,1.10629e+16
1997-09-03,1.11194e+16
1997-09-04,1.14306e+16
1997-09-05,1.18383e+16
1997-09-06,
1997-09-07,
1997-09-08,1.16849e+16
1997-09-09,1.17345e+16
1997-09-10,1.13611e+16
1997-09-11,1.10939e+16
1997-09-12,1.12921e+16
1997-09-13,
1997-09-14,
1997-09-15,1.08647e+16
1997-09-16,1.12043e+16
1997-09-17,1.15243e+16
1997-09-18,1.17139e+16
1997-09-19,1.16496e+16
1997-09-20,
1997-09-21,
1997-09-22,1.16977e+16
1997-09-23,1.15161e+16
1997-09-24,1.14824e+16
1997-09-25,1.13845e+16
1997-09-26,1.15337e+16
1997-09-27,
1997-09-28,
1997-09-29,1.16142e+16
1997-09-30,1.17972e+16
1997-10-01,1.21734e+16
1997-10-02,1.23966e+16
1997-10-03,1.25409e+16
1997-10-04,
1997-10-05,
1997-10-06,1.26882e+16
1997-10-07,1.24808e+16
1997-10-08,1.24327e+16
1997-10-09,1.26842e+16
1997-10-10,1.27373e+16
1997-10-11,
1997-10-12,
1997-10-13,1.26975e+16
1997-10-14,1.28953e+16
1997-10-15,1.28304e+16
1997-10-16,1.25781e+16
1997-10-17,1.24877e+16
1997-10-18,
1997-10-19,
1997-10-20,1.27039e+16
1997-10-21,1.30157e+16
1997-10-22,1.29556e+16
1997-10-23,1.18993e+16
1997-10-24,1.15452e+16
1997-10-25,
1997-10-26,
1997-10-27,9816800000000000.0
1997-10-28,1.04473e+16
1997-10-29,9818100000000000.0
1997-10-30,8854700000000001.0
1997-10-31,8986299999999999.0
1997-11-01,
1997-11-02,
1997-11-03,9858000000000000.0
1997-11-04,1.02541e+16
1997-11-05,9988300000000000.0
1997-11-06,9434600000000000.0
1997-11-07,8832600000000000.0
1997-11-08,
1997-11-09,
1997-11-10,9006000000000000.0
1997-11-11,8710799999999999.0
1997-11-12,7822000000000000.0
1997-11-13,8072000000000000.0
1997-11-14,8731700000000001.0
1997-11-15,
1997-11-16,
1997-11-17,9083300000000000.0
1997-11-18,9027700000000000.0
1997-11-19,9332200000000000.0
1997-11-20,9188500000000000.0
1997-11-21,9422000000000000.0
1997-11-22,
1997-11-23,
1997-11-24,9070000000000000.0
1997-11-25,9150700000000000.0
1997-11-26,9372700000000000.0
1997-11-27,9619100000000000.0
1997-11-28,9394700000000000.0
1997-11-29,
1997-11-30,
1997-12-01,9648400000000000.0
1997-12-02,9964300000000000.0
1997-12-03,9991700000000000.0
1997-12-04,1.00463e+16
1997-12-05,1.008e+16
1997-12-06,
1997-12-07,
1997-12-08,1.00789e+16
1997-12-09,9840000000000000.0
1997-12-10,9461500000000000.0
1997-12-11,9108600000000000.0
1997-12-12,9146800000000000.0
1997-12-13,
1997-12-14,
1997-12-15,9550800000000000.0
1997-12-16,9742700000000000.0
1997-12-17,9853600000000000.0
1997-12-18,9482800000000000.0
1997-12-19,9139000000000000.0
1997-12-20,
1997-12-21,
1997-12-22,9494400000000000.0
1997-12-23,9554200000000000.0
1997-12-24,
1997-12-25,
1997-12-26,9794800000000000.0
1997-12-27,
1997-12-28,
1997-12-29,1.00518e+16
1997-12-30,1.01965e+16
1997-12-31,
1998-01-01,
1998-01-02,1.047985e+16
1998-01-03,
1998-01-04,
1998-01-05,1.060692e+16
1998-01-06,1.01846e+16
1998-01-07,9879010000000000.0
1998-01-08,9657590000000000.0
1998-01-09,9118230000000000.0
1998-01-10,
1998-01-11,
1998-01-12,9227370000000000.0
1998-01-13,9415570000000000.0
1998-01-14,9349440000000000.0
1998-01-15,9140050000000000.0
1998-01-16,9448010000000000.0
1998-01-17,
1998-01-18,
1998-01-19,9752720000000000.0
1998-01-20,9568350000000000.0
1998-01-21,9385360000000000.0
1998-01-22,9709040000000000.0
1998-01-23,9467680000000000.0
1998-01-24,
1998-01-25,
1998-01-26,9513380000000000.0
1998-01-27,9651370000000000.0
1998-01-28,9773100000000000.0
1998-01-29,9785730000000000.0
1998-01-30,9720300000000000.0
1998-01-31,
1998-02-01,
1998-02-02,9973050000000000.0
1998-02-03,1.005486e+16
1998-02-04,9971210000000000.0
1998-02-05,9948070000000000.0
1998-02-06,1.001076e+16
1998-02-07,
1998-02-08,
1998-02-09,1.023991e+16
1998-02-10,1.02781e+16
1998-02-11,1.048527e+16
1998-02-12,1.035027e+16
1998-02-13,1.036553e+16
1998-02-14,
1998-02-15,
1998-02-16,1.023326e+16
1998-02-17,1.042008e+16
1998-02-18,1.032201e+16
1998-02-19,1.023582e+16
1998-02-20,1.031873e+16
1998-02-21,
1998-02-22,
1998-02-23,
1998-02-24,
1998-02-25,1.054567e+16
1998-02-26,1.055658e+16
1998-02-27,1.057085e+16
1998-02-28,
1998-03-01,
1998-03-02,1.084534e+16
1998-03-03,1.093912e+16
1998-03-04,1.089867e+16
1998-03-05,1.094766e+16
1998-03-06,1.11592e+16
1998-03-07,
1998-03-08,
1998-03-09,1.116683e+16
1998-03-10,1.11806e+16
1998-03-11,1.122321e+16
1998-03-12,1.135608e+16
1998-03-13,1.156634e+16
1998-03-14,
1998-03-15,
1998-03-16,1.160081e+16
1998-03-17,1.180828e+16
1998-03-18,1.189433e+16
1998-03-19,1.18317e+16
1998-03-20,1.191929e+16
1998-03-21,
1998-03-22,
1998-03-23,1.203829e+16
1998-03-24,1.190547e+16
1998-03-25,1.17561e+16
1998-03-26,1.194539e+16
1998-03-27,1.189971e+16
1998-03-28,
1998-03-29,
1998-03-30,1.175024e+16
1998-03-31,1.194657e+16
1998-04-01,1.183693e+16
1998-04-02,1.185762e+16
1998-04-03,1.163449e+16
1998-04-04,
1998-04-05,
1998-04-06,1.194843e+16
1998-04-07,1.184735e+16
1998-04-08,1.197478e+16
1998-04-09,
1998-04-10,
1998-04-11,
1998-04-12,
1998-04-13,1.212066e+16
1998-04-14,1.226999e+16
1998-04-15,1.229906e+16
1998-04-16,1.209058e+16
1998-04-17,1.210883e+16
1998-04-18,
1998-04-19,
1998-04-20,1.202815e+16
1998-04-21,
1998-04-22,1.170313e+16
1998-04-23,1.15724e+16
1998-04-24,1.172849e+16
1998-04-25,
1998-04-26,
1998-04-27,1.105726e+16
1998-04-28,1.137724e+16
1998-04-29,1.152776e+16
1998-04-30,1.167711e+16
1998-05-01,
1998-05-02,
1998-05-03,
1998-05-04,1.150743e+16
1998-05-05,1.155471e+16
1998-05-06,1.11649e+16
1998-05-07,1.106346e+16
1998-05-08,1.122022e+16
1998-05-09,
1998-05-10,
1998-05-11,1.098326e+16
1998-05-12,1.079797e+16
1998-05-13,1.077934e+16
1998-05-14,1.073371e+16
1998-05-15,1.090631e+16
1998-05-16,
1998-05-17,
1998-05-18,1.02046e+16
1998-05-19,1.034309e+16
1998-05-20,1.04082e+16
1998-05-21,1.026882e+16
1998-05-22,1.023982e+16
1998-05-23,
1998-05-24,
1998-05-25,1.001547e+16
1998-05-26,9436250000000000.0
1998-05-27,9747940000000000.0
1998-05-28,1.015211e+16
1998-05-29,9846560000000000.0
1998-05-30,
1998-05-31,
1998-06-01,9605440000000000.0
1998-06-02,1.015015e+16
1998-06-03,9855500000000000.0
1998-06-04,1.019103e+16
1998-06-05,1.036967e+16
1998-06-06,
1998-06-07,
1998-06-08,1.054003e+16
1998-06-09,1.036959e+16
1998-06-10,9868360000000000.0
1998-06-11,
1998-06-12,9584990000000000.0
1998-06-13,
1998-06-14,
1998-06-15,9073770000000000.0
1998-06-16,9248770000000000.0
1998-06-17,9897020000000000.0
1998-06-18,9539430000000000.0
1998-06-19,9686750000000000.0
1998-06-20,
1998-06-21,
1998-06-22,9619780000000000.0
1998-06-23,9937110000000000.0
1998-06-24,9855640000000000.0
1998-06-25,9527810000000000.0
1998-06-26,9464160000000000.0
1998-06-27,
1998-06-28,
1998-06-29,9603900000000000.0
1998-06-30,9678270000000000.0
1998-07-01,9914510000000000.0
1998-07-02,9900850000000000.0
1998-07-03,1.011551e+16
1998-07-04,
1998-07-05,
1998-07-06,1.001809e+16
1998-07-07,1.020513e+16
1998-07-08,1.03358e+16
1998-07-09,
1998-07-10,1.032678e+16
1998-07-11,
1998-07-12,
1998-07-13,1.041952e+16
1998-07-14,1.064175e+16
1998-07-15,1.064856e+16
1998-07-16,1.090785e+16
1998-07-17,1.105709e+16
1998-07-18,
1998-07-19,
1998-07-20,1.104129e+16
1998-07-21,1.092289e+16
1998-07-22,1.091247e+16
1998-07-23,1.063996e+16
1998-07-24,1.057472e+16
1998-07-25,
1998-07-26,
1998-07-27,1.056405e+16
1998-07-28,1.031849e+16
1998-07-29,1.054242e+16
1998-07-30,1.093923e+16
1998-07-31,1.070725e+16
1998-08-01,
1998-08-02,
1998-08-03,1.041299e+16
1998-08-04,9859530000000000.0
1998-08-05,9828050000000000.0
1998-08-06,9689970000000000.0
1998-08-07,9319500000000000.0
1998-08-08,
1998-08-09,
1998-08-10,9182050000000000.0
1998-08-11,8801650000000000.0
1998-08-12,8417410000000000.0
1998-08-13,8710750000000000.0
1998-08-14,8743740000000000.0
1998-08-15,
1998-08-16,
1998-08-17,8609650000000000.0
1998-08-18,8642660000000000.0
1998-08-19,8541570000000000.0
1998-08-20,7991870000000000.0
1998-08-21,7763890000000000.0
1998-08-22,
1998-08-23,
1998-08-24,7655420000000000.0
1998-08-25,7648430000000000.0
1998-08-26,7347750000000000.0
1998-08-27,6616730000000000.0
1998-08-28,6746240000000000.0
1998-08-29,
1998-08-30,
1998-08-31,6472150000000000.0
1998-09-01,6917090000000000.0
1998-09-02,6804640000000000.0
1998-09-03,6218510000000000.0
1998-09-04,5837220000000000.0
1998-09-05,
1998-09-06,
1998-09-07,
1998-09-08,5817000000000000.0
1998-09-09,5655490000000000.0
1998-09-10,4760580000000000.0
1998-09-11,5398180000000000.0
1998-09-12,
1998-09-13,
1998-09-14,5818600000000000.0
1998-09-15,6905390000000000.0
1998-09-16,6759850000000000.0
1998-09-17,6432410000000000.0
1998-09-18,6709570000000000.0
1998-09-19,
1998-09-20,
1998-09-21,6449720000000000.0
1998-09-22,6559760000000000.0
1998-09-23,7280330000000000.0
1998-09-24,6844350000000000.0
1998-09-25,6711520000000000.0
1998-09-26,
1998-09-27,
1998-09-28,6827390000000000.0
1998-09-29,6868880000000000.0
1998-09-30,6593300000000000.0
1998-10-01,5960460000000000.0
1998-10-02,6409520000000000.0
1998-10-03,
1998-10-04,
1998-10-05,6122850000000000.0
1998-10-06,6336360000000000.0
1998-10-07,6156590000000000.0
1998-10-08,6175210000000000.0
1998-10-09,6527540000000000.0
1998-10-10,
1998-10-11,
1998-10-12,
1998-10-13,6618070000000000.0
1998-10-14,6445470000000000.0
1998-10-15,6874010000000000.0
1998-10-16,6707300000000000.0
1998-10-17,
1998-10-18,
1998-10-19,6844380000000000.0
1998-10-20,6973490000000000.0
1998-10-21,7350410000000000.0
1998-10-22,7603430000000000.0
1998-10-23,7272020000000000.0
1998-10-24,
1998-10-25,
1998-10-26,6971800000000000.0
1998-10-27,6869140000000000.0
1998-10-28,6826510000000000.0
1998-10-29,6538400000000000.0
1998-10-30,7047400000000000.0
1998-10-31,
1998-11-01,
1998-11-02,
1998-11-03,7509060000000000.0
1998-11-04,7655960000000000.0
1998-11-05,8092860000000000.0
1998-11-06,8214320000000000.0
1998-11-07,
1998-11-08,
1998-11-09,8242379999999999.0
1998-11-10,8000470000000000.0
1998-11-11,7762990000000000.0
1998-11-12,7470720000000000.0
1998-11-13,7615140000000000.0
1998-11-14,
1998-11-15,
1998-11-16,8004000000000000.0
1998-11-17,8330370000000001.0
1998-11-18,8547080000000000.0
1998-11-19,8317600000000000.0
1998-11-20,8531389999999999.0
1998-11-21,
1998-11-22,
1998-11-23,8635889999999999.0
1998-11-24,8606559999999999.0
1998-11-25,8909709999999999.0
1998-11-26,8953750000000000.0
1998-11-27,9093520000000000.0
1998-11-28,
1998-11-29,
1998-11-30,8631150000000000.0
1998-12-01,8544559999999999.0
1998-12-02,8448610000000001.0
1998-12-03,7706290000000000.0
1998-12-04,7626740000000000.0
1998-12-05,
1998-12-06,
1998-12-07,7945790000000000.0
1998-12-08,7629250000000000.0
1998-12-09,7572860000000000.0
1998-12-10,7530490000000000.0
1998-12-11,7195360000000000.0
1998-12-12,
1998-12-13,
1998-12-14,6583740000000000.0
1998-12-15,6934260000000000.0
1998-12-16,6618690000000000.0
1998-12-17,6645430000000000.0
1998-12-18,6781840000000000.0
1998-12-19,
1998-12-20,
1998-12-21,7201790000000000.0
1998-12-22,7115070000000000.0
1998-12-23,7176040000000000.0
1998-12-24,
1998-12-25,
1998-12-26,
1998-12-27,
1998-12-28,6898980000000000.0
1998-12-29,6715140000000000.0
1998-12-30,6784330000000000.0
1998-12-31,
1999-01-01,
1999-01-02,
1999-01-03,
1999-01-04,6941990000000000.0
1999-01-05,7110840000000000.0
1999-01-06,7330720000000000.0
1999-01-07,6954170000000000.0
1999-01-08,6781410000000000.0
1999-01-09,
1999-01-10,
1999-01-11,6403260000000000.0
1999-01-12,5915550000000000.0
1999-01-13,5617060000000000.0
1999-01-14,5057190000000000.0
1999-01-15,6746740000000000.0
1999-01-16,
1999-01-17,
1999-01-18,7113320000000000.0
1999-01-19,7380530000000000.0
1999-01-20,7674100000000000.0
1999-01-21,7321320000000000.0
1999-01-22,7189330000000000.0
1999-01-23,
1999-01-24,
1999-01-25,
1999-01-26,7645460000000000.0
1999-01-27,7687140000000000.0
1999-01-28,7987130000000000.0
1999-01-29,8171560000000000.0
1999-01-30,
1999-01-31,
1999-02-01,8891030000000001.0
1999-02-02,8731700000000001.0
1999-02-03,8676030000000001.0
1999-02-04,8652940000000001.0
1999-02-05,8435480000000000.0
1999-02-06,
1999-02-07,
1999-02-08,8824270000000000.0
1999-02-09,8673530000000001.0
1999-02-10,8853209999999999.0
1999-02-11,8990129999999999.0
1999-02-12,8952299999999999.0
1999-02-13,
1999-02-14,
1999-02-15,
1999-02-16,
1999-02-17,8974010000000000.0
1999-02-18,8860680000000000.0
1999-02-19,9013150000000000.0
1999-02-20,
1999-02-21,
1999-02-22,9074550000000000.0
1999-02-23,8942680000000000.0
1999-02-24,8953180000000000.0
1999-02-25,8674200000000001.0
1999-02-26,8910719999999999.0
1999-02-27,
1999-02-28,
1999-03-01,9198000000000000.0
1999-03-02,9070650000000000.0
1999-03-03,9154800000000000.0
1999-03-04,9508090000000000.0
1999-03-05,9465090000000000.0
1999-03-06,
1999-03-07,
1999-03-08,9785840000000000.0
1999-03-09,9484010000000000.0
1999-03-10,9778110000000000.0
1999-03-11,9697670000000000.0
1999-03-12,9574240000000000.0
1999-03-13,
1999-03-14,
1999-03-15,1.041365e+16
1999-03-16,1.065839e+16
1999-03-17,1.063476e+16
1999-03-18,1.089436e+16
1999-03-19,1.083586e+16
1999-03-20,
1999-03-21,
1999-03-22,1.052707e+16
1999-03-23,1.041695e+16
1999-03-24,1.042854e+16
1999-03-25,1.093711e+16
1999-03-26,1.086544e+16
1999-03-27,
1999-03-28,
1999-03-29,1.086889e+16
1999-03-30,1.102758e+16
1999-03-31,1.069635e+16
1999-04-01,
1999-04-02,
1999-04-03,
1999-04-04,
1999-04-05,1.102153e+16
1999-04-06,1.116565e+16
1999-04-07,1.152992e+16
1999-04-08,1.146572e+16
1999-04-09,1.132855e+16
1999-04-10,
1999-04-11,
1999-04-12,1.142988e+16
1999-04-13,1.121733e+16
1999-04-14,1.13058e+16
1999-04-15,1.124555e+16
1999-04-16,1.142877e+16
1999-04-17,
1999-04-18,
1999-04-19,1.119656e+16
1999-04-20,1.098942e+16
1999-04-21,
1999-04-22,1.108393e+16
1999-04-23,1.103191e+16
1999-04-24,
1999-04-25,
1999-04-26,1.079792e+16
1999-04-27,1.088536e+16
1999-04-28,1.112721e+16
1999-04-29,1.108525e+16
1999-04-30,1.135056e+16
1999-05-01,
1999-05-02,
1999-05-03,1.14369e+16
1999-05-04,1.126819e+16
1999-05-05,1.157843e+16
1999-05-06,1.188887e+16
1999-05-07,1.223323e+16
1999-05-08,
1999-05-09,
1999-05-10,1.241227e+16
1999-05-11,1.22674e+16
1999-05-12,1.21477e+16
1999-05-13,1.245916e+16
1999-05-14,1.233514e+16
1999-05-15,
1999-05-16,
1999-05-17,1.215111e+16
1999-05-18,1.226784e+16
1999-05-19,1.211831e+16
1999-05-20,1.208824e+16
1999-05-21,1.172781e+16
1999-05-22,
1999-05-23,
1999-05-24,1.115461e+16
1999-05-25,1.060218e+16
1999-05-26,1.124511e+16
1999-05-27,1.093695e+16
1999-05-28,1.092967e+16
1999-05-29,
1999-05-30,
1999-05-31,1.108961e+16
1999-06-01,1.105065e+16
1999-06-02,1.09965e+16
1999-06-03,
1999-06-04,1.12337e+16
1999-06-05,
1999-06-06,
1999-06-07,1.104747e+16
1999-06-08,1.103287e+16
1999-06-09,1.08899e+16
1999-06-10,1.108918e+16
1999-06-11,1.110455e+16
1999-06-12,
1999-06-13,
1999-06-14,1.108404e+16
1999-06-15,1.118313e+16
1999-06-16,1.164351e+16
1999-06-17,1.162873e+16
1999-06-18,1.187724e+16
1999-06-19,
1999-06-20,
1999-06-21,1.200536e+16
1999-06-22,1.197444e+16
1999-06-23,1.179222e+16
1999-06-24,1.143077e+16
1999-06-25,1.121958e+16
1999-06-26,
1999-06-27,
1999-06-28,1.126401e+16
1999-06-29,1.137929e+16
1999-06-30,1.162694e+16
1999-07-01,1.170812e+16
1999-07-02,1.183558e+16
1999-07-03,
1999-07-04,
1999-07-05,1.193601e+16
1999-07-06,1.167439e+16
1999-07-07,1.1745e+16
1999-07-08,1.150903e+16
1999-07-09,
1999-07-10,
1999-07-11,
1999-07-12,1.127324e+16
1999-07-13,1.130288e+16
1999-07-14,1.134943e+16
1999-07-15,1.136181e+16
1999-07-16,1.14071e+16
1999-07-17,
1999-07-18,
1999-07-19,1.145172e+16
1999-07-20,1.127414e+16
1999-07-21,1.130259e+16
1999-07-22,1.123859e+16
1999-07-23,1.098909e+16
1999-07-24,
1999-07-25,
1999-07-26,1.067531e+16
1999-07-27,1.073456e+16
1999-07-28,1.069107e+16
1999-07-29,1.056834e+16
1999-07-30,1.04419e+16
1999-07-31,
1999-08-01,
1999-08-02,1.021104e+16
1999-08-03,1.026462e+16
1999-08-04,1.017242e+16
1999-08-05,1.019571e+16
1999-08-06,1.003886e+16
1999-08-07,
1999-08-08,
1999-08-09,9948480000000000.0
1999-08-10,9834620000000000.0
1999-08-11,1.013698e+16
1999-08-12,1.004598e+16
1999-08-13,1.01809e+16
1999-08-14,
1999-08-15,
1999-08-16,1.011857e+16
1999-08-17,9924650000000000.0
1999-08-18,9689350000000000.0
1999-08-19,9818120000000000.0
1999-08-20,1.014254e+16
1999-08-21,
1999-08-22,
1999-08-23,1.01808e+16
1999-08-24,1.031401e+16
1999-08-25,1.065003e+16
1999-08-26,1.049606e+16
1999-08-27,1.05451e+16
1999-08-28,
1999-08-29,
1999-08-30,1.052417e+16
1999-08-31,1.05646e+16
1999-09-01,1.090234e+16
1999-09-02,1.099822e+16
1999-09-03,1.115623e+16
1999-09-04,
1999-09-05,
1999-09-06,1.118545e+16
1999-09-07,
1999-09-08,1.109048e+16
1999-09-09,1.129204e+16
1999-09-10,1.136336e+16
1999-09-11,
1999-09-12,
1999-09-13,1.147763e+16
1999-09-14,1.145922e+16
1999-09-15,1.126311e+16
1999-09-16,1.109444e+16
1999-09-17,1.129005e+16
1999-09-18,
1999-09-19,
1999-09-20,1.158625e+16
1999-09-21,1.144949e+16
1999-09-22,1.153118e+16
1999-09-23,1.138504e+16
1999-09-24,1.153282e+16
1999-09-25,
1999-09-26,
1999-09-27,1.154217e+16
1999-09-28,1.14424e+16
1999-09-29,1.143354e+16
1999-09-30,1.110631e+16
1999-10-01,1.095983e+16
1999-10-02,
1999-10-03,
1999-10-04,1.105542e+16
1999-10-05,1.092357e+16
1999-10-06,1.134537e+16
1999-10-07,1.133806e+16
1999-10-08,1.14595e+16
1999-10-09,
1999-10-10,
1999-10-11,1.147817e+16
1999-10-12,
1999-10-13,1.12977e+16
1999-10-14,1.133031e+16
1999-10-15,1.114649e+16
1999-10-16,
1999-10-17,
1999-10-18,1.097822e+16
1999-10-19,1.109765e+16
1999-10-20,1.127485e+16
1999-10-21,1.125359e+16
1999-10-22,1.146062e+16
1999-10-23,
1999-10-24,
1999-10-25,1.139429e+16
1999-10-26,1.14695e+16
1999-10-27,1.153072e+16
1999-10-28,1.170011e+16
1999-10-29,1.17002e+16
1999-10-30,
1999-10-31,
1999-11-01,1.17626e+16
1999-11-02,
1999-11-03,1.234667e+16
1999-11-04,1.240632e+16
1999-11-05,1.271426e+16
1999-11-06,
1999-11-07,
1999-11-08,1.29601e+16
1999-11-09,1.287989e+16
1999-11-10,1.310114e+16
1999-11-11,1.318927e+16
1999-11-12,1.311401e+16
1999-11-13,
1999-11-14,
1999-11-15,
1999-11-16,1.312837e+16
1999-11-17,1.281253e+16
1999-11-18,1.308743e+16
1999-11-19,1.346298e+16
1999-11-20,
1999-11-21,
1999-11-22,1.343552e+16
1999-11-23,1.356523e+16
1999-11-24,1.339291e+16
1999-11-25,1.353608e+16
1999-11-26,1.388826e+16
1999-11-27,
1999-11-28,
1999-11-29,1.385498e+16
1999-11-30,1.377886e+16
1999-12-01,1.387431e+16
1999-12-02,1.421317e+16
1999-12-03,1.440871e+16
1999-12-04,
1999-12-05,
1999-12-06,1.434407e+16
1999-12-07,1.429994e+16
1999-12-08,1.441037e+16
1999-12-09,1.458419e+16
1999-12-10,1.478388e+16
1999-12-11,
1999-12-12,
1999-12-13,1.48119e+16
1999-12-14,1.464442e+16
1999-12-15,1.432208e+16
1999-12-16,1.449703e+16
1999-12-17,1.478876e+16
1999-12-18,
1999-12-19,
1999-12-20,1.511021e+16
1999-12-21,1.559197e+16
1999-12-22,1.591648e+16
1999-12-23,1.595363e+16
1999-12-24,
1999-12-25,
1999-12-26,
1999-12-27,1.601142e+16
1999-12-28,1.637681e+16
1999-12-29,1.677296e+16
1999-12-30,1.7091599999999998e+16
1999-12-31,
2000-01-01,
2000-01-02,
2000-01-03,1.6930419999999998e+16
2000-01-04,1.5851e+16
2000-01-05,1.624514e+16
2000-01-06,1.610689e+16
2000-01-07,1.630915e+16
2000-01-08,
2000-01-09,
2000-01-10,1.7022130000000002e+16
2000-01-11,1.6572720000000002e+16
2000-01-12,1.6616869999999998e+16
2000-01-13,1.729807e+16
2000-01-14,1.765795e+16
2000-01-15,
2000-01-16,
2000-01-17,1.805322e+16
2000-01-18,1.790323e+16
2000-01-19,1.7470240000000002e+16
2000-01-20,1.717673e+16
2000-01-21,1.703421e+16
2000-01-22,
2000-01-23,
2000-01-24,1.697173e+16
2000-01-25,
2000-01-26,1.7105259999999998e+16
2000-01-27,1.708116e+16
2000-01-28,1.673439e+16
2000-01-29,
2000-01-30,
2000-01-31,1.638827e+16
2000-02-01,1.65222e+16
2000-02-02,1.686846e+16
2000-02-03,1.7457119999999998e+16
2000-02-04,1.7932470000000002e+16
2000-02-05,
2000-02-06,
2000-02-07,1.81256e+16
2000-02-08,1.868558e+16
2000-02-09,1.836139e+16
2000-02-10,1.860381e+16
2000-02-11,1.808346e+16
2000-02-12,
2000-02-13,
2000-02-14,1.7819009999999998e+16
2000-02-15,1.792073e+16
2000-02-16,1.811247e+16
2000-02-17,1.797941e+16
2000-02-18,1.762502e+16
2000-02-19,
2000-02-20,
2000-02-21,1.7699759999999998e+16
2000-02-22,1.7489330000000002e+16
2000-02-23,1.783339e+16
2000-02-24,1.777579e+16
2000-02-25,1.778682e+16
2000-02-26,
2000-02-27,
2000-02-28,1.75427e+16
2000-02-29,1.76602e+16
2000-03-01,1.7953009999999998e+16
2000-03-02,1.80155e+16
2000-03-03,1.863173e+16
2000-03-04,
2000-03-05,
2000-03-06,
2000-03-07,
2000-03-08,1.828293e+16
2000-03-09,1.865046e+16
2000-03-10,1.828035e+16
2000-03-11,
2000-03-12,
2000-03-13,1.759482e+16
2000-03-14,1.7221880000000002e+16
2000-03-15,1.7381599999999998e+16
2000-03-16,1.7642220000000002e+16
2000-03-17,1.7511240000000002e+16
2000-03-18,
2000-03-19,
2000-03-20,1.752559e+16
2000-03-21,1.834279e+16
2000-03-22,1.8314e+16
2000-03-23,1.833105e+16
2000-03-24,1.867453e+16
2000-03-25,
2000-03-26,
2000-03-27,1.895148e+16
2000-03-28,1.83379e+16
2000-03-29,1.805336e+16
2000-03-30,1.764677e+16
2000-03-31,1.7820369999999998e+16
2000-04-01,
2000-04-02,
2000-04-03,1.7245470000000002e+16
2000-04-04,1.675793e+16
2000-04-05,1.6714369999999998e+16
2000-04-06,1.7146130000000002e+16
2000-04-07,1.7513720000000002e+16
2000-04-08,
2000-04-09,
2000-04-10,1.678332e+16
2000-04-11,1.6539349999999998e+16
2000-04-12,1.632336e+16
2000-04-13,1.550081e+16
2000-04-14,1.479434e+16
2000-04-15,
2000-04-16,
2000-04-17,1.481568e+16
2000-04-18,1.54084e+16
2000-04-19,1.492615e+16
2000-04-20,1.520321e+16
2000-04-21,
2000-04-22,
2000-04-23,
2000-04-24,1.479423e+16
2000-04-25,1.540058e+16
2000-04-26,1.544636e+16
2000-04-27,1.544011e+16
2000-04-28,1.55376e+16
2000-04-29,
2000-04-30,
2000-05-01,
2000-05-02,1.552413e+16
2000-05-03,1.510856e+16
2000-05-04,1.496959e+16
2000-05-05,1.521786e+16
2000-05-06,
2000-05-07,
2000-05-08,1.489096e+16
2000-05-09,1.458152e+16
2000-05-10,1.443381e+16
2000-05-11,1.449854e+16
2000-05-12,1.445894e+16
2000-05-13,
2000-05-14,
2000-05-15,1.505553e+16
2000-05-16,1.53604e+16
2000-05-17,1.487053e+16
2000-05-18,1.462669e+16
2000-05-19,1.432663e+16
2000-05-20,
2000-05-21,
2000-05-22,1.389124e+16
2000-05-23,1.358716e+16
2000-05-24,1.41664e+16
2000-05-25,1.418561e+16
2000-05-26,1.454226e+16
2000-05-27,
2000-05-28,
2000-05-29,1.477263e+16
2000-05-30,1.524855e+16
2000-05-31,1.495661e+16
2000-06-01,1.545004e+16
2000-06-02,1.622248e+16
2000-06-03,
2000-06-04,
2000-06-05,1.602293e+16
2000-06-06,1.594663e+16
2000-06-07,1.627174e+16
2000-06-08,1.63988e+16
2000-06-09,1.634228e+16
2000-06-10,
2000-06-11,
2000-06-12,1.60967e+16
2000-06-13,1.635447e+16
2000-06-14,1.63661e+16
2000-06-15,1.6561369999999998e+16
2000-06-16,1.642493e+16
2000-06-17,
2000-06-18,
2000-06-19,1.6850029999999998e+16
2000-06-20,1.6843580000000002e+16
2000-06-21,1.7254259999999998e+16
2000-06-22,
2000-06-23,1.6977259999999998e+16
2000-06-24,
2000-06-25,
2000-06-26,1.67448e+16
2000-06-27,1.651293e+16
2000-06-28,1.684229e+16
2000-06-29,1.640716e+16
2000-06-30,1.672795e+16
2000-07-01,
2000-07-02,
2000-07-03,1.708854e+16
2000-07-04,1.727921e+16
2000-07-05,1.713493e+16
2000-07-06,1.734807e+16
2000-07-07,1.7598830000000002e+16
2000-07-08,
2000-07-09,
2000-07-10,1.7471630000000002e+16
2000-07-11,1.688066e+16
2000-07-12,1.7053380000000002e+16
2000-07-13,1.644425e+16
2000-07-14,1.688095e+16
2000-07-15,
2000-07-16,
2000-07-17,1.7387880000000002e+16
2000-07-18,1.736859e+16
2000-07-19,1.692755e+16
2000-07-20,1.7203619999999998e+16
2000-07-21,1.7318240000000002e+16
2000-07-22,
2000-07-23,
2000-07-24,1.738598e+16
2000-07-25,1.7049419999999998e+16
2000-07-26,1.71213e+16
2000-07-27,1.694873e+16
2000-07-28,1.6485689999999998e+16
2000-07-29,
2000-07-30,
2000-07-31,1.6454599999999998e+16
2000-08-01,1.628987e+16
2000-08-02,1.631447e+16
2000-08-03,1.6720759999999998e+16
2000-08-04,1.676125e+16
2000-08-05,
2000-08-06,
2000-08-07,1.69958e+16
2000-08-08,1.688477e+16
2000-08-09,1.6533669999999998e+16
2000-08-10,1.68348e+16
2000-08-11,1.7395e+16
2000-08-12,
2000-08-13,
2000-08-14,1.7810630000000002e+16
2000-08-15,1.7744130000000002e+16
2000-08-16,1.733077e+16
2000-08-17,1.770252e+16
2000-08-18,1.7313689999999998e+16
2000-08-19,
2000-08-20,
2000-08-21,1.7083380000000002e+16
2000-08-22,1.722443e+16
2000-08-23,1.7450439999999998e+16
2000-08-24,1.731096e+16
2000-08-25,1.7642669999999998e+16
2000-08-26,
2000-08-27,
2000-08-28,1.7460330000000002e+16
2000-08-29,1.735489e+16
2000-08-30,1.7414279999999998e+16
2000-08-31,1.73467e+16
2000-09-01,1.7577419999999998e+16
2000-09-02,
2000-09-03,
2000-09-04,1.7613169999999998e+16
2000-09-05,1.7424970000000002e+16
2000-09-06,1.758966e+16
2000-09-07,
2000-09-08,1.7433169999999998e+16
2000-09-09,
2000-09-10,
2000-09-11,1.7287650000000002e+16
2000-09-12,1.6882689999999998e+16
2000-09-13,1.6998509999999998e+16
2000-09-14,1.6768529999999998e+16
2000-09-15,1.656318e+16
2000-09-16,
2000-09-17,
2000-09-18,1.591313e+16
2000-09-19,1.618845e+16
2000-09-20,1.60777e+16
2000-09-21,1.614602e+16
2000-09-22,1.635309e+16
2000-09-23,
2000-09-24,
2000-09-25,1.631855e+16
2000-09-26,1.625493e+16
2000-09-27,1.584812e+16
2000-09-28,1.601369e+16
2000-09-29,1.592839e+16
2000-09-30,
2000-10-01,
2000-10-02,1.55593e+16
2000-10-03,1.563327e+16
2000-10-04,1.587639e+16
2000-10-05,1.636205e+16
2000-10-06,1.594591e+16
2000-10-07,
2000-10-08,
2000-10-09,1.585531e+16
2000-10-10,1.574709e+16
2000-10-11,1.552605e+16
2000-10-12,
2000-10-13,1.538508e+16
2000-10-14,
2000-10-15,
2000-10-16,1.524185e+16
2000-10-17,1.487013e+16
2000-10-18,1.442072e+16
2000-10-19,1.484514e+16
2000-10-20,1.452941e+16
2000-10-21,
2000-10-22,
2000-10-23,1.398984e+16
2000-10-24,1.379919e+16
2000-10-25,1.366531e+16
2000-10-26,1.422313e+16
2000-10-27,1.469168e+16
2000-10-28,
2000-10-29,
2000-10-30,1.489114e+16
2000-10-31,1.486723e+16
2000-11-01,1.479119e+16
2000-11-02,
2000-11-03,1.453396e+16
2000-11-04,
2000-11-05,
2000-11-06,1.480091e+16
2000-11-07,1.496875e+16
2000-11-08,1.46563e+16
2000-11-09,1.452438e+16
2000-11-10,1.462595e+16
2000-11-11,
2000-11-12,
2000-11-13,1.437181e+16
2000-11-14,1.454027e+16
2000-11-15,
2000-11-16,1.448996e+16
2000-11-17,1.432322e+16
2000-11-18,
2000-11-19,
2000-11-20,1.44998e+16
2000-11-21,1.478373e+16
2000-11-22,1.457698e+16
2000-11-23,1.431445e+16
2000-11-24,1.43355e+16
2000-11-25,
2000-11-26,
2000-11-27,1.40082e+16
2000-11-28,1.391385e+16
2000-11-29,1.378752e+16
2000-11-30,1.328739e+16
2000-12-01,1.343749e+16
2000-12-02,
2000-12-03,
2000-12-04,1.351e+16
2000-12-05,1.418162e+16
2000-12-06,1.394541e+16
2000-12-07,1.445998e+16
2000-12-08,1.498299e+16
2000-12-09,
2000-12-10,
2000-12-11,1.518795e+16
2000-12-12,1.490602e+16
2000-12-13,1.529051e+16
2000-12-14,1.5259e+16
2000-12-15,1.498795e+16
2000-12-16,
2000-12-17,
2000-12-18,1.508275e+16
2000-12-19,1.533611e+16
2000-12-20,1.462241e+16
2000-12-21,1.450545e+16
2000-12-22,1.465206e+16
2000-12-23,
2000-12-24,
2000-12-25,
2000-12-26,1.479458e+16
2000-12-27,1.518615e+16
2000-12-28,1.525929e+16
2000-12-29,
2000-12-30,
2000-12-31,
2001-01-01,
2001-01-02,1.542534e+16
2001-01-03,1.6599419999999998e+16
2001-01-04,1.6675060000000002e+16
2001-01-05,1.6409810000000002e+16
2001-01-06,
2001-01-07,
2001-01-08,1.656214e+16
2001-01-09,1.697564e+16
2001-01-10,1.691857e+16
2001-01-11,1.7023580000000002e+16
2001-01-12,1.685009e+16
2001-01-13,
2001-01-14,
2001-01-15,1.696275e+16
2001-01-16,1.672098e+16
2001-01-17,1.719102e+16
2001-01-18,1.752146e+16
2001-01-19,1.753009e+16
2001-01-20,
2001-01-21,
2001-01-22,1.7391669999999998e+16
2001-01-23,1.7832130000000002e+16
2001-01-24,1.7771759999999998e+16
2001-01-25,
2001-01-26,1.788905e+16
2001-01-27,
2001-01-28,
2001-01-29,1.7883380000000002e+16
2001-01-30,1.7722580000000002e+16
2001-01-31,1.767277e+16
2001-02-01,1.7038740000000002e+16
2001-02-02,1.691496e+16
2001-02-03,
2001-02-04,
2001-02-05,1.6731240000000002e+16
2001-02-06,1.700677e+16
2001-02-07,1.6812349999999998e+16
2001-02-08,1.72433e+16
2001-02-09,1.7138400000000002e+16
2001-02-10,
2001-02-11,
2001-02-12,1.6917060000000002e+16
2001-02-13,1.7095779999999998e+16
2001-02-14,1.712005e+16
2001-02-15,1.6937189999999998e+16
2001-02-16,1.625905e+16
2001-02-17,
2001-02-18,
2001-02-19,1.606076e+16
2001-02-20,1.591057e+16
2001-02-21,1.559386e+16
2001-02-22,1.591036e+16
2001-02-23,1.615775e+16
2001-02-24,
2001-02-25,
2001-02-26,
2001-02-27,
2001-02-28,1.589141e+16
2001-03-01,1.6416580000000002e+16
2001-03-02,1.6581e+16
2001-03-03,
2001-03-04,
2001-03-05,1.6537240000000002e+16
2001-03-06,1.632433e+16
2001-03-07,1.639521e+16
2001-03-08,1.622671e+16
2001-03-09,1.612344e+16
2001-03-10,
2001-03-11,
2001-03-12,1.552726e+16
2001-03-13,1.558414e+16
2001-03-14,1.52449e+16
2001-03-15,1.506087e+16
2001-03-16,1.523703e+16
2001-03-17,
2001-03-18,
2001-03-19,1.48359e+16
2001-03-20,1.490336e+16
2001-03-21,1.485268e+16
2001-03-22,1.406727e+16
2001-03-23,1.443508e+16
2001-03-24,
2001-03-25,
2001-03-26,1.471204e+16
2001-03-27,1.48354e+16
2001-03-28,1.463188e+16
2001-03-29,1.428218e+16
2001-03-30,1.443845e+16
2001-03-31,
2001-04-01,
2001-04-02,1.39813e+16
2001-04-03,1.373661e+16
2001-04-04,1.385476e+16
2001-04-05,1.444251e+16
2001-04-06,1.448451e+16
2001-04-07,
2001-04-08,
2001-04-09,1.471899e+16
2001-04-10,1.504776e+16
2001-04-11,1.481883e+16
2001-04-12,1.496937e+16
2001-04-13,
2001-04-14,
2001-04-15,
2001-04-16,1.444459e+16
2001-04-17,1.43369e+16
2001-04-18,1.495536e+16
2001-04-19,1.443108e+16
2001-04-20,1.369642e+16
2001-04-21,
2001-04-22,
2001-04-23,1.389265e+16
2001-04-24,1.4068e+16
2001-04-25,1.416275e+16
2001-04-26,1.475702e+16
2001-04-27,1.492795e+16
2001-04-28,
2001-04-29,
2001-04-30,1.491754e+16
2001-05-01,
2001-05-02,1.489724e+16
2001-05-03,1.514191e+16
2001-05-04,1.509276e+16
2001-05-05,
2001-05-06,
2001-05-07,1.4875e+16
2001-05-08,1.474741e+16
2001-05-09,1.477898e+16
2001-05-10,1.499346e+16
2001-05-11,1.44932e+16
2001-05-12,
2001-05-13,
2001-05-14,1.413276e+16
2001-05-15,1.422633e+16
2001-05-16,1.471425e+16
2001-05-17,1.479351e+16
2001-05-18,1.488406e+16
2001-05-19,
2001-05-20,
2001-05-21,1.512791e+16
2001-05-22,1.482887e+16
2001-05-23,1.469161e+16
2001-05-24,1.452321e+16
2001-05-25,1.431006e+16
2001-05-26,
2001-05-27,
2001-05-28,1.430202e+16
2001-05-29,1.445391e+16
2001-05-30,1.448936e+16
2001-05-31,1.464998e+16
2001-06-01,1.479197e+16
2001-06-02,
2001-06-03,
2001-06-04,1.510386e+16
2001-06-05,1.539482e+16
2001-06-06,1.532883e+16
2001-06-07,1.546406e+16
2001-06-08,1.536625e+16
2001-06-09,
2001-06-10,
2001-06-11,1.522419e+16
2001-06-12,1.517307e+16
2001-06-13,1.54034e+16
2001-06-14,
2001-06-15,1.498501e+16
2001-06-16,
2001-06-17,
2001-06-18,1.435542e+16
2001-06-19,1.440073e+16
2001-06-20,1.457124e+16
2001-06-21,1.482298e+16
2001-06-22,1.46821e+16
2001-06-23,
2001-06-24,
2001-06-25,1.45396e+16
2001-06-26,1.445999e+16
2001-06-27,1.4308e+16
2001-06-28,1.439097e+16
2001-06-29,1.455979e+16
2001-06-30,
2001-07-01,
2001-07-02,1.4555e+16
2001-07-03,1.435277e+16
2001-07-04,1.4056e+16
2001-07-05,1.404766e+16
2001-07-06,1.390676e+16
2001-07-07,
2001-07-08,
2001-07-09,
2001-07-10,1.356979e+16
2001-07-11,1.381184e+16
2001-07-12,1.391293e+16
2001-07-13,1.407846e+16
2001-07-14,
2001-07-15,
2001-07-16,1.381139e+16
2001-07-17,1.416865e+16
2001-07-18,1.379088e+16
2001-07-19,1.376151e+16
2001-07-20,1.409232e+16
2001-07-21,
2001-07-22,
2001-07-23,1.406772e+16
2001-07-24,1.373759e+16
2001-07-25,1.395589e+16
2001-07-26,1.381029e+16
2001-07-27,1.391026e+16
2001-07-28,
2001-07-29,
2001-07-30,1.370361e+16
2001-07-31,1.375416e+16
2001-08-01,1.374306e+16
2001-08-02,1.382272e+16
2001-08-03,1.383842e+16
2001-08-04,
2001-08-05,
2001-08-06,1.404682e+16
2001-08-07,1.403591e+16
2001-08-08,1.391918e+16
2001-08-09,1.383419e+16
2001-08-10,1.391509e+16
2001-08-11,
2001-08-12,
2001-08-13,1.377136e+16
2001-08-14,1.382949e+16
2001-08-15,1.36586e+16
2001-08-16,1.350947e+16
2001-08-17,1.304421e+16
2001-08-18,
2001-08-19,
2001-08-20,1.311548e+16
2001-08-21,1.28917e+16
2001-08-22,1.295223e+16
2001-08-23,1.275079e+16
2001-08-24,1.300112e+16
2001-08-25,
2001-08-26,
2001-08-27,1.299585e+16
2001-08-28,1.30181e+16
2001-08-29,1.307699e+16
2001-08-30,1.289239e+16
2001-08-31,1.28406e+16
2001-09-01,
2001-09-02,
2001-09-03,1.280003e+16
2001-09-04,1.276688e+16
2001-09-05,1.259092e+16
2001-09-06,1.225529e+16
2001-09-07,
2001-09-08,
2001-09-09,
2001-09-10,1.192239e+16
2001-09-11,1.082796e+16
2001-09-12,1.11135e+16
2001-09-13,1.030626e+16
2001-09-14,1.00344e+16
2001-09-15,
2001-09-16,
2001-09-17,1.054499e+16
2001-09-18,1.055413e+16
2001-09-19,1.074453e+16
2001-09-20,1.054312e+16
2001-09-21,1.041875e+16
2001-09-22,
2001-09-23,
2001-09-24,1.053283e+16
2001-09-25,1.022905e+16
2001-09-26,1.000587e+16
2001-09-27,1.040472e+16
2001-09-28,1.063574e+16
2001-09-29,
2001-09-30,
2001-10-01,1.050112e+16
2001-10-02,1.035083e+16
2001-10-03,1.023326e+16
2001-10-04,1.006192e+16
2001-10-05,1.019707e+16
2001-10-06,
2001-10-07,
2001-10-08,1.009456e+16
2001-10-09,1.028445e+16
2001-10-10,1.046225e+16
2001-10-11,1.078472e+16
2001-10-12,
2001-10-13,
2001-10-14,
2001-10-15,1.132932e+16
2001-10-16,1.125785e+16
2001-10-17,1.127149e+16
2001-10-18,1.099496e+16
2001-10-19,1.133157e+16
2001-10-20,
2001-10-21,
2001-10-22,1.169999e+16
2001-10-23,1.161344e+16
2001-10-24,1.146774e+16
2001-10-25,1.172375e+16
2001-10-26,1.178057e+16
2001-10-27,
2001-10-28,
2001-10-29,1.137702e+16
2001-10-30,1.102395e+16
2001-10-31,1.136471e+16
2001-11-01,1.138781e+16
2001-11-02,
2001-11-03,
2001-11-04,
2001-11-05,1.216466e+16
2001-11-06,1.241557e+16
2001-11-07,1.261583e+16
2001-11-08,1.255364e+16
2001-11-09,1.273071e+16
2001-11-10,
2001-11-11,
2001-11-12,1.256712e+16
2001-11-13,1.291809e+16
2001-11-14,1.282562e+16
2001-11-15,
2001-11-16,1.288282e+16
2001-11-17,
2001-11-18,
2001-11-19,1.298723e+16
2001-11-20,1.263813e+16
2001-11-21,1.279379e+16
2001-11-22,1.301943e+16
2001-11-23,1.342386e+16
2001-11-24,
2001-11-25,
2001-11-26,1.375953e+16
2001-11-27,1.360288e+16
2001-11-28,1.30192e+16
2001-11-29,1.273639e+16
2001-11-30,1.293171e+16
2001-12-01,
2001-12-02,
2001-12-03,1.3336e+16
2001-12-04,1.314664e+16
2001-12-05,1.338213e+16
2001-12-06,1.353903e+16
2001-12-07,1.329872e+16
2001-12-08,
2001-12-09,
2001-12-10,1.344618e+16
2001-12-11,1.334812e+16
2001-12-12,1.356294e+16
2001-12-13,1.314837e+16
2001-12-14,1.295917e+16
2001-12-15,
2001-12-16,
2001-12-17,1.291206e+16
2001-12-18,1.339736e+16
2001-12-19,1.329001e+16
2001-12-20,1.291814e+16
2001-12-21,1.336853e+16
2001-12-22,
2001-12-23,
2001-12-24,
2001-12-25,
2001-12-26,1.336032e+16
2001-12-27,1.375759e+16
2001-12-28,1.357757e+16
2001-12-29,
2001-12-30,
2001-12-31,
2002-01-01,
2002-01-02,1.387209e+16
2002-01-03,1.426535e+16
2002-01-04,1.433192e+16
2002-01-05,
2002-01-06,
2002-01-07,1.437859e+16
2002-01-08,1.416758e+16
2002-01-09,1.402079e+16
2002-01-10,1.357018e+16
2002-01-11,1.358749e+16
2002-01-12,
2002-01-13,
2002-01-14,1.312172e+16
2002-01-15,1.301053e+16
2002-01-16,1.308372e+16
2002-01-17,1.333673e+16
2002-01-18,1.337265e+16
2002-01-19,
2002-01-20,
2002-01-21,1.315456e+16
2002-01-22,1.300393e+16
2002-01-23,1.323214e+16
2002-01-24,1.316226e+16
2002-01-25,
2002-01-26,
2002-01-27,
2002-01-28,1.300188e+16
2002-01-29,1.250106e+16
2002-01-30,1.253233e+16
2002-01-31,1.272145e+16
2002-02-01,1.265866e+16
2002-02-02,
2002-02-03,
2002-02-04,1.251255e+16
2002-02-05,1.274751e+16
2002-02-06,1.275097e+16
2002-02-07,1.268367e+16
2002-02-08,1.259786e+16
2002-02-09,
2002-02-10,
2002-02-11,
2002-02-12,
2002-02-13,1.296067e+16
2002-02-14,1.324506e+16
2002-02-15,1.322951e+16
2002-02-16,
2002-02-17,
2002-02-18,1.312171e+16
2002-02-19,1.29915e+16
2002-02-20,1.33028e+16
2002-02-21,1.353024e+16
2002-02-22,1.356299e+16
2002-02-23,
2002-02-24,
2002-02-25,1.39776e+16
2002-02-26,1.39636e+16
2002-02-27,1.421212e+16
2002-02-28,1.403329e+16
2002-03-01,1.44148e+16
2002-03-02,
2002-03-03,
2002-03-04,1.447123e+16
2002-03-05,1.401144e+16
2002-03-06,1.383872e+16
2002-03-07,1.372598e+16
2002-03-08,1.396193e+16
2002-03-09,
2002-03-10,
2002-03-11,1.369577e+16
2002-03-12,1.418142e+16
2002-03-13,1.424416e+16
2002-03-14,1.411729e+16
2002-03-15,1.436549e+16
2002-03-16,
2002-03-17,
2002-03-18,1.424464e+16
2002-03-19,1.411781e+16
2002-03-20,1.408977e+16
2002-03-21,1.371734e+16
2002-03-22,1.331238e+16
2002-03-23,
2002-03-24,
2002-03-25,1.327758e+16
2002-03-26,1.356995e+16
2002-03-27,1.342472e+16
2002-03-28,1.325455e+16
2002-03-29,
2002-03-30,
2002-03-31,
2002-04-01,1.346739e+16
2002-04-02,1.324519e+16
2002-04-03,1.308481e+16
2002-04-04,1.336032e+16
2002-04-05,1.327632e+16
2002-04-06,
2002-04-07,
2002-04-08,1.315951e+16
2002-04-09,1.319506e+16
2002-04-10,1.341612e+16
2002-04-11,1.341147e+16
2002-04-12,1.375089e+16
2002-04-13,
2002-04-14,
2002-04-15,1.347196e+16
2002-04-16,1.362265e+16
2002-04-17,1.373201e+16
2002-04-18,1.357315e+16
2002-04-19,1.347834e+16
2002-04-20,
2002-04-21,
2002-04-22,1.322418e+16
2002-04-23,1.318803e+16
2002-04-24,1.33808e+16
2002-04-25,1.327274e+16
2002-04-26,1.307554e+16
2002-04-27,
2002-04-28,
2002-04-29,1.309029e+16
2002-04-30,1.308512e+16
2002-05-01,
2002-05-02,1.253824e+16
2002-05-03,1.260979e+16
2002-05-04,
2002-05-05,
2002-05-06,1.243024e+16
2002-05-07,1.234246e+16
2002-05-08,1.261685e+16
2002-05-09,1.210193e+16
2002-05-10,1.213014e+16
2002-05-11,
2002-05-12,
2002-05-13,1.200232e+16
2002-05-14,1.220412e+16
2002-05-15,1.234958e+16
2002-05-16,1.266012e+16
2002-05-17,1.269917e+16
2002-05-18,
2002-05-19,
2002-05-20,1.266775e+16
2002-05-21,1.270122e+16
2002-05-22,1.236798e+16
2002-05-23,1.255572e+16
2002-05-24,1.257397e+16
2002-05-25,
2002-05-26,
2002-05-27,1.269834e+16
2002-05-28,1.272818e+16
2002-05-29,1.298517e+16
2002-05-30,
2002-05-31,1.286143e+16
2002-06-01,
2002-06-02,
2002-06-03,1.265948e+16
2002-06-04,1.260022e+16
2002-06-05,1.258979e+16
2002-06-06,1.211258e+16
2002-06-07,1.228251e+16
2002-06-08,
2002-06-09,
2002-06-10,1.259951e+16
2002-06-11,1.221049e+16
2002-06-12,1.213298e+16
2002-06-13,1.196219e+16
2002-06-14,1.169895e+16
2002-06-15,
2002-06-16,
2002-06-17,1.193717e+16
2002-06-18,1.182118e+16
2002-06-19,1.149318e+16
2002-06-20,1.090868e+16
2002-06-21,1.039755e+16
2002-06-22,
2002-06-23,
2002-06-24,1.075908e+16
2002-06-25,1.070558e+16
2002-06-26,1.069053e+16
2002-06-27,1.101332e+16
2002-06-28,1.113916e+16
2002-06-29,
2002-06-30,
2002-07-01,1.089246e+16
2002-07-02,1.084563e+16
2002-07-03,1.063552e+16
2002-07-04,1.065547e+16
2002-07-05,1.052365e+16
2002-07-06,
2002-07-07,
2002-07-08,1.068709e+16
2002-07-09,
2002-07-10,1.055599e+16
2002-07-11,1.080645e+16
2002-07-12,1.0967e+16
2002-07-13,
2002-07-14,
2002-07-15,1.06332e+16
2002-07-16,1.057781e+16
2002-07-17,1.075462e+16
2002-07-18,1.081278e+16
2002-07-19,1.058315e+16
2002-07-20,
2002-07-21,
2002-07-22,9892330000000000.0
2002-07-23,9745830000000000.0
2002-07-24,9937380000000000.0
2002-07-25,9665900000000000.0
2002-07-26,9217150000000000.0
2002-07-27,
2002-07-28,
2002-07-29,9240470000000000.0
2002-07-30,9341880000000000.0
2002-07-31,9762590000000000.0
2002-08-01,9759640000000000.0
2002-08-02,9852030000000000.0
2002-08-03,
2002-08-04,
2002-08-05,9469840000000000.0
2002-08-06,9755080000000000.0
2002-08-07,9869600000000000.0
2002-08-08,1.031568e+16
2002-08-09,9985770000000000.0
2002-08-10,
2002-08-11,
2002-08-12,9723690000000000.0
2002-08-13,9444100000000000.0
2002-08-14,9343040000000000.0
2002-08-15,9183250000000000.0
2002-08-16,9526280000000000.0
2002-08-17,
2002-08-18,
2002-08-19,9416730000000000.0
2002-08-20,9263030000000000.0
2002-08-21,9437660000000000.0
2002-08-22,9702580000000000.0
2002-08-23,9676390000000000.0
2002-08-24,
2002-08-25,
2002-08-26,1.009756e+16
2002-08-27,1.037198e+16
2002-08-28,1.037986e+16
2002-08-29,1.045532e+16
2002-08-30,1.03822e+16
2002-08-31,
2002-09-01,
2002-09-02,1.037842e+16
2002-09-03,1.01358e+16
2002-09-04,9996860000000000.0
2002-09-05,9723470000000000.0
2002-09-06,9716970000000000.0
2002-09-07,
2002-09-08,
2002-09-09,9954360000000000.0
2002-09-10,9960180000000000.0
2002-09-11,1.018222e+16
2002-09-12,1.017254e+16
2002-09-13,1.018094e+16
2002-09-14,
2002-09-15,
2002-09-16,9831050000000000.0
2002-09-17,9650080000000000.0
2002-09-18,9505380000000000.0
2002-09-19,9372320000000000.0
2002-09-20,9585480000000000.0
2002-09-21,
2002-09-22,
2002-09-23,9264170000000000.0
2002-09-24,9148430000000000.0
2002-09-25,9227690000000000.0
2002-09-26,9199010000000000.0
2002-09-27,8715870000000001.0
2002-09-28,
2002-09-29,
2002-09-30,8622540000000001.0
2002-10-01,8997530000000001.0
2002-10-02,8820049999999999.0
2002-10-03,9139880000000000.0
2002-10-04,9259760000000000.0
2002-10-05,
2002-10-06,
2002-10-07,8863129999999999.0
2002-10-08,8846530000000001.0
2002-10-09,8714900000000000.0
2002-10-10,8866240000000000.0
2002-10-11,8854850000000000.0
2002-10-12,
2002-10-13,
2002-10-14,8450850000000000.0
2002-10-15,8506910000000000.0
2002-10-16,8370879999999999.0
2002-10-17,8901860000000001.0
2002-10-18,9022490000000000.0
2002-10-19,
2002-10-20,
2002-10-21,9128030000000000.0
2002-10-22,9331360000000000.0
2002-10-23,9840030000000000.0
2002-10-24,9799160000000000.0
2002-10-25,1.001482e+16
2002-10-26,
2002-10-27,
2002-10-28,9573940000000000.0
2002-10-29,9600760000000000.0
2002-10-30,1.006864e+16
2002-10-31,1.016771e+16
2002-11-01,1.014005e+16
2002-11-02,
2002-11-03,
2002-11-04,9912760000000000.0
2002-11-05,9861220000000000.0
2002-11-06,9702760000000000.0
2002-11-07,9799300000000000.0
2002-11-08,9860290000000000.0
2002-11-09,
2002-11-10,
2002-11-11,9885650000000000.0
2002-11-12,9720550000000000.0
2002-11-13,9763650000000000.0
2002-11-14,9884270000000000.0
2002-11-15,
2002-11-16,
2002-11-17,
2002-11-18,9970890000000000.0
2002-11-19,9971230000000000.0
2002-11-20,1.008757e+16
2002-11-21,1.028947e+16
2002-11-22,1.040412e+16
2002-11-23,
2002-11-24,
2002-11-25,1.02455e+16
2002-11-26,1.013169e+16
2002-11-27,1.022644e+16
2002-11-28,1.023918e+16
2002-11-29,1.050881e+16
2002-11-30,
2002-12-01,
2002-12-02,1.067379e+16
2002-12-03,1.066283e+16
2002-12-04,1.064011e+16
2002-12-05,1.041309e+16
2002-12-06,1.056902e+16
2002-12-07,
2002-12-08,
2002-12-09,1.033875e+16
2002-12-10,1.033133e+16
2002-12-11,1.061362e+16
2002-12-12,1.058692e+16
2002-12-13,1.056435e+16
2002-12-14,
2002-12-15,
2002-12-16,1.077108e+16
2002-12-17,1.083256e+16
2002-12-18,1.09845e+16
2002-12-19,1.12075e+16
2002-12-20,1.148999e+16
2002-12-21,
2002-12-22,
2002-12-23,1.147015e+16
2002-12-24,
2002-12-25,
2002-12-26,1.131808e+16
2002-12-27,1.123449e+16
2002-12-28,
2002-12-29,
2002-12-30,1.126847e+16
2002-12-31,
2003-01-01,
2003-01-02,1.160298e+16
2003-01-03,1.160023e+16
2003-01-04,
2003-01-05,
2003-01-06,1.20197e+16
2003-01-07,1.187609e+16
2003-01-08,1.178554e+16
2003-01-09,1.191172e+16
2003-01-10,1.224292e+16
2003-01-11,
2003-01-12,
2003-01-13,1.211027e+16
2003-01-14,1.217466e+16
2003-01-15,1.197131e+16
2003-01-16,1.195193e+16
2003-01-17,1.16757e+16
2003-01-18,
2003-01-19,
2003-01-20,1.164838e+16
2003-01-21,1.143471e+16
2003-01-22,1.114248e+16
2003-01-23,1.116214e+16
2003-01-24,1.078365e+16
2003-01-25,
2003-01-26,
2003-01-27,1.052977e+16
2003-01-28,1.051684e+16
2003-01-29,1.086331e+16
2003-01-30,1.075079e+16
2003-01-31,1.094109e+16
2003-02-01,
2003-02-02,
2003-02-03,1.091001e+16
2003-02-04,1.057717e+16
2003-02-05,1.059181e+16
2003-02-06,1.056583e+16
2003-02-07,1.038059e+16
2003-02-08,
2003-02-09,
2003-02-10,1.047961e+16
2003-02-11,1.050942e+16
2003-02-12,1.050987e+16
2003-02-13,1.010777e+16
2003-02-14,1.008083e+16
2003-02-15,
2003-02-16,
2003-02-17,1.018899e+16
2003-02-18,1.044969e+16
2003-02-19,1.025186e+16
2003-02-20,1.021684e+16
2003-02-21,1.033087e+16
2003-02-22,
2003-02-23,
2003-02-24,1.025351e+16
2003-02-25,1.019193e+16
2003-02-26,9994890000000000.0
2003-02-27,1.015071e+16
2003-02-28,1.028061e+16
2003-03-01,
2003-03-02,
2003-03-03,
2003-03-04,
2003-03-05,1.030552e+16
2003-03-06,1.061531e+16
2003-03-07,1.072379e+16
2003-03-08,
2003-03-09,
2003-03-10,1.030861e+16
2003-03-11,1.033968e+16
2003-03-12,1.058284e+16
2003-03-13,1.078304e+16
2003-03-14,1.081736e+16
2003-03-15,
2003-03-16,
2003-03-17,1.087475e+16
2003-03-18,1.115099e+16
2003-03-19,1.100639e+16
2003-03-20,1.115898e+16
2003-03-21,1.137742e+16
2003-03-22,
2003-03-23,
2003-03-24,1.105262e+16
2003-03-25,1.123226e+16
2003-03-26,1.12063e+16
2003-03-27,1.123348e+16
2003-03-28,1.13962e+16
2003-03-29,
2003-03-30,
2003-03-31,1.127363e+16
2003-04-01,1.15921e+16
2003-04-02,1.1872e+16
2003-04-03,1.20062e+16
2003-04-04,1.206551e+16
2003-04-05,
2003-04-06,
2003-04-07,1.213596e+16
2003-04-08,1.177852e+16
2003-04-09,1.17589e+16
2003-04-10,1.159145e+16
2003-04-11,1.171877e+16
2003-04-12,
2003-04-13,
2003-04-14,1.187391e+16
2003-04-15,1.2106e+16
2003-04-16,1.204314e+16
2003-04-17,1.23954e+16
2003-04-18,
2003-04-19,
2003-04-20,
2003-04-21,
2003-04-22,1.245248e+16
2003-04-23,1.239436e+16
2003-04-24,1.212034e+16
2003-04-25,1.212605e+16
2003-04-26,
2003-04-27,
2003-04-28,1.24624e+16
2003-04-29,1.267798e+16
2003-04-30,1.25567e+16
2003-05-01,
2003-05-02,1.281008e+16
2003-05-03,
2003-05-04,
2003-05-05,1.283276e+16
2003-05-06,1.264357e+16
2003-05-07,1.295615e+16
2003-05-08,1.292088e+16
2003-05-09,1.32141e+16
2003-05-10,
2003-05-11,
2003-05-12,1.332034e+16
2003-05-13,1.342065e+16
2003-05-14,1.345937e+16
2003-05-15,1.312969e+16
2003-05-16,1.322498e+16
2003-05-17,
2003-05-18,
2003-05-19,1.274594e+16
2003-05-20,1.27451e+16
2003-05-21,1.303366e+16
2003-05-22,1.31009e+16
2003-05-23,1.314269e+16
2003-05-24,
2003-05-25,
2003-05-26,1.285246e+16
2003-05-27,1.324626e+16
2003-05-28,1.329434e+16
2003-05-29,1.340529e+16
2003-05-30,1.34216e+16
2003-05-31,
2003-06-01,
2003-06-02,1.322878e+16
2003-06-03,1.335011e+16
2003-06-04,1.371808e+16
2003-06-05,1.377988e+16
2003-06-06,1.392311e+16
2003-06-07,
2003-06-08,
2003-06-09,1.384573e+16
2003-06-10,1.389373e+16
2003-06-11,1.387652e+16
2003-06-12,1.398272e+16
2003-06-13,1.37337e+16
2003-06-14,
2003-06-15,
2003-06-16,1.383286e+16
2003-06-17,1.377663e+16
2003-06-18,1.35105e+16
2003-06-19,
2003-06-20,1.313096e+16
2003-06-21,
2003-06-22,
2003-06-23,1.299128e+16
2003-06-24,1.310841e+16
2003-06-25,1.302571e+16
2003-06-26,1.311171e+16
2003-06-27,1.302412e+16
2003-06-28,
2003-06-29,
2003-06-30,1.297258e+16
2003-07-01,1.32911e+16
2003-07-02,1.331047e+16
2003-07-03,1.313441e+16
2003-07-04,1.327365e+16
2003-07-05,
2003-07-06,
2003-07-07,1.340201e+16
2003-07-08,1.36188e+16
2003-07-09,
2003-07-10,1.350129e+16
2003-07-11,1.332058e+16
2003-07-12,
2003-07-13,
2003-07-14,1.358814e+16
2003-07-15,1.36141e+16
2003-07-16,1.348724e+16
2003-07-17,1.362229e+16
2003-07-18,1.379426e+16
2003-07-19,
2003-07-20,
2003-07-21,1.367585e+16
2003-07-22,1.38352e+16
2003-07-23,1.379879e+16
2003-07-24,1.37611e+16
2003-07-25,1.375036e+16
2003-07-26,
2003-07-27,
2003-07-28,1.364337e+16
2003-07-29,1.362334e+16
2003-07-30,1.347458e+16
2003-07-31,1.357173e+16
2003-08-01,1.312981e+16
2003-08-02,
2003-08-03,
2003-08-04,1.293885e+16
2003-08-05,1.305927e+16
2003-08-06,1.288773e+16
2003-08-07,1.332837e+16
2003-08-08,1.349997e+16
2003-08-09,
2003-08-10,
2003-08-11,1.356026e+16
2003-08-12,1.360241e+16
2003-08-13,1.368225e+16
2003-08-14,1.381212e+16
2003-08-15,1.388957e+16
2003-08-16,
2003-08-17,
2003-08-18,1.414629e+16
2003-08-19,1.415794e+16
2003-08-20,1.44669e+16
2003-08-21,1.466991e+16
2003-08-22,1.461303e+16
2003-08-23,
2003-08-24,
2003-08-25,1.447317e+16
2003-08-26,1.487766e+16
2003-08-27,1.514259e+16
2003-08-28,1.506456e+16
2003-08-29,1.517449e+16
2003-08-30,
2003-08-31,
2003-09-01,1.535212e+16
2003-09-02,1.545431e+16
2003-09-03,1.56338e+16
2003-09-04,1.57048e+16
2003-09-05,1.589964e+16
2003-09-06,
2003-09-07,
2003-09-08,1.605022e+16
2003-09-09,1.57183e+16
2003-09-10,1.598327e+16
2003-09-11,1.629243e+16
2003-09-12,1.6421349999999998e+16
2003-09-13,
2003-09-14,
2003-09-15,1.634175e+16
2003-09-16,1.626958e+16
2003-09-17,1.6492380000000002e+16
2003-09-18,1.688941e+16
2003-09-19,1.6851490000000002e+16
2003-09-20,
2003-09-21,
2003-09-22,1.6485599999999998e+16
2003-09-23,1.6443529999999998e+16
2003-09-24,1.605785e+16
2003-09-25,1.580602e+16
2003-09-26,1.581066e+16
2003-09-27,
2003-09-28,
2003-09-29,1.610873e+16
2003-09-30,1.601067e+16
2003-10-01,1.6578740000000002e+16
2003-10-02,1.689361e+16
2003-10-03,1.70893e+16
2003-10-04,
2003-10-05,
2003-10-06,1.7273380000000002e+16
2003-10-07,1.747014e+16
2003-10-08,1.78048e+16
2003-10-09,1.7708169999999998e+16
2003-10-10,1.767614e+16
2003-10-11,
2003-10-12,
2003-10-13,1.806194e+16
2003-10-14,1.817801e+16
2003-10-15,1.794204e+16
2003-10-16,1.795504e+16
2003-10-17,1.779071e+16
2003-10-18,
2003-10-19,
2003-10-20,1.836959e+16
2003-10-21,1.844872e+16
2003-10-22,1.823483e+16
2003-10-23,1.7689810000000002e+16
2003-10-24,1.781391e+16
2003-10-25,
2003-10-26,
2003-10-27,1.775048e+16
2003-10-28,1.822764e+16
2003-10-29,1.794484e+16
2003-10-30,1.809383e+16
2003-10-31,1.7982490000000002e+16
2003-11-01,
2003-11-02,
2003-11-03,1.851716e+16
2003-11-04,1.854118e+16
2003-11-05,1.830706e+16
2003-11-06,1.861296e+16
2003-11-07,1.867219e+16
2003-11-08,
2003-11-09,
2003-11-10,1.857229e+16
2003-11-11,1.840862e+16
2003-11-12,1.879354e+16
2003-11-13,1.875455e+16
2003-11-14,1.898587e+16
2003-11-15,
2003-11-16,
2003-11-17,1.866871e+16
2003-11-18,1.881297e+16
2003-11-19,1.880734e+16
2003-11-20,1.919914e+16
2003-11-21,1.924839e+16
2003-11-22,
2003-11-23,
2003-11-24,1.969054e+16
2003-11-25,1.980989e+16
2003-11-26,1.969482e+16
2003-11-27,1.996077e+16
2003-11-28,2.018397e+16
2003-11-29,
2003-11-30,
2003-12-01,2.05206e+16
2003-12-02,2.045849e+16
2003-12-03,2.05396e+16
2003-12-04,2.041417e+16
2003-12-05,2.087981e+16
2003-12-06,
2003-12-07,
2003-12-08,2.088891e+16
2003-12-09,2.125975e+16
2003-12-10,2.09726e+16
2003-12-11,2.12963e+16
2003-12-12,2.097394e+16
2003-12-13,
2003-12-14,
2003-12-15,2.070975e+16
2003-12-16,2.075956e+16
2003-12-17,2.119927e+16
2003-12-18,2.148927e+16
2003-12-19,2.138554e+16
2003-12-20,
2003-12-21,
2003-12-22,2.163023e+16
2003-12-23,2.16884e+16
2003-12-24,
2003-12-25,
2003-12-26,2.180657e+16
2003-12-27,
2003-12-28,
2003-12-29,2.204548e+16
2003-12-30,2.223639e+16
2003-12-31,
2004-01-01,
2004-01-02,2.244471e+16
2004-01-03,
2004-01-04,
2004-01-05,2.353174e+16
2004-01-06,2.357644e+16
2004-01-07,2.332012e+16
2004-01-08,2.371682e+16
2004-01-09,2.391672e+16
2004-01-10,
2004-01-11,
2004-01-12,2.423698e+16
2004-01-13,2.393963e+16
2004-01-14,2.339864e+16
2004-01-15,2.29617e+16
2004-01-16,2.315458e+16
2004-01-17,
2004-01-18,
2004-01-19,2.338517e+16
2004-01-20,2.367875e+16
2004-01-21,2.330182e+16
2004-01-22,2.296878e+16
2004-01-23,2.3471e+16
2004-01-24,
2004-01-25,
2004-01-26,2.434978e+16
2004-01-27,2.422604e+16
2004-01-28,2.385162e+16
2004-01-29,2.238618e+16
2004-01-30,2.185144e+16
2004-01-31,
2004-02-01,
2004-02-02,2.178695e+16
2004-02-03,2.228099e+16
2004-02-04,2.168453e+16
2004-02-05,2.109168e+16
2004-02-06,2.196881e+16
2004-02-07,
2004-02-08,
2004-02-09,2.196158e+16
2004-02-10,2.217149e+16
2004-02-11,2.319711e+16
2004-02-12,2.306345e+16
2004-02-13,2.25298e+16
2004-02-14,
2004-02-15,
2004-02-16,2.218888e+16
2004-02-17,2.242627e+16
2004-02-18,2.200012e+16
2004-02-19,2.095098e+16
2004-02-20,2.133691e+16
2004-02-21,
2004-02-22,
2004-02-23,
2004-02-24,
2004-02-25,2.160923e+16
2004-02-26,2.144961e+16
2004-02-27,2.175502e+16
2004-02-28,
2004-02-29,
2004-03-01,2.249859e+16
2004-03-02,2.244242e+16
2004-03-03,2.255049e+16
2004-03-04,2.239299e+16
2004-03-05,2.287294e+16
2004-03-06,
2004-03-07,
2004-03-08,2.299331e+16
2004-03-09,2.267376e+16
2004-03-10,2.167028e+16
2004-03-11,2.076314e+16
2004-03-12,2.177577e+16
2004-03-13,
2004-03-14,
2004-03-15,2.123365e+16
2004-03-16,2.161294e+16
2004-03-17,2.190098e+16
2004-03-18,2.236986e+16
2004-03-19,2.226064e+16
2004-03-20,
2004-03-21,
2004-03-22,2.166309e+16
2004-03-23,2.120493e+16
2004-03-24,2.098471e+16
2004-03-25,2.100038e+16
2004-03-26,2.154101e+16
2004-03-27,
2004-03-28,
2004-03-29,2.15307e+16
2004-03-30,2.204268e+16
2004-03-31,2.214226e+16
2004-04-01,2.264707e+16
2004-04-02,2.294895e+16
2004-04-03,
2004-04-04,
2004-04-05,2.314607e+16
2004-04-06,2.30716e+16
2004-04-07,2.244338e+16
2004-04-08,2.27247e+16
2004-04-09,
2004-04-10,
2004-04-11,
2004-04-12,2.277962e+16
2004-04-13,2.261962e+16
2004-04-14,2.231196e+16
2004-04-15,2.173946e+16
2004-04-16,2.176893e+16
2004-04-17,
2004-04-18,
2004-04-19,2.162672e+16
2004-04-20,2.107759e+16
2004-04-21,
2004-04-22,2.114161e+16
2004-04-23,2.159047e+16
2004-04-24,
2004-04-25,
2004-04-26,2.132363e+16
2004-04-27,2.131664e+16
2004-04-28,2.047362e+16
2004-04-29,1.986521e+16
2004-04-30,1.960723e+16
2004-05-01,
2004-05-02,
2004-05-03,1.970858e+16
2004-05-04,1.998756e+16
2004-05-05,2.002624e+16
2004-05-06,1.919048e+16
2004-05-07,1.862001e+16
2004-05-08,
2004-05-09,
2004-05-10,1.7604119999999998e+16
2004-05-11,1.853662e+16
2004-05-12,1.832566e+16
2004-05-13,1.840176e+16
2004-05-14,1.861121e+16
2004-05-15,
2004-05-16,
2004-05-17,1.812237e+16
2004-05-18,1.855629e+16
2004-05-19,1.868822e+16
2004-05-20,1.824006e+16
2004-05-21,1.828549e+16
2004-05-22,
2004-05-23,
2004-05-24,1.86693e+16
2004-05-25,1.885952e+16
2004-05-26,1.906944e+16
2004-05-27,1.973435e+16
2004-05-28,1.966738e+16
2004-05-29,
2004-05-30,
2004-05-31,1.954467e+16
2004-06-01,1.954582e+16
2004-06-02,1.971663e+16
2004-06-03,1.939996e+16
2004-06-04,1.981873e+16
2004-06-05,
2004-06-06,
2004-06-07,2.044677e+16
2004-06-08,2.02837e+16
2004-06-09,1.98647e+16
2004-06-10,
2004-06-11,1.983446e+16
2004-06-12,
2004-06-13,
2004-06-14,1.948769e+16
2004-06-15,2.004746e+16
2004-06-16,2.045975e+16
2004-06-17,2.03346e+16
2004-06-18,2.033333e+16
2004-06-19,
2004-06-20,
2004-06-21,2.029304e+16
2004-06-22,2.01992e+16
2004-06-23,2.083611e+16
2004-06-24,2.070833e+16
2004-06-25,2.075023e+16
2004-06-26,
2004-06-27,
2004-06-28,2.035091e+16
2004-06-29,2.080084e+16
2004-06-30,2.114891e+16
2004-07-01,2.134867e+16
2004-07-02,2.156836e+16
2004-07-03,
2004-07-04,
2004-07-05,2.167029e+16
2004-07-06,2.118805e+16
2004-07-07,2.117123e+16
2004-07-08,2.088739e+16
2004-07-09,
2004-07-10,
2004-07-11,
2004-07-12,2.153223e+16
2004-07-13,2.167663e+16
2004-07-14,2.167267e+16
2004-07-15,2.206466e+16
2004-07-16,2.244713e+16
2004-07-17,
2004-07-18,
2004-07-19,2.210243e+16
2004-07-20,2.236124e+16
2004-07-21,2.181032e+16
2004-07-22,2.173032e+16
2004-07-23,2.159109e+16
2004-07-24,
2004-07-25,
2004-07-26,2.13177e+16
2004-07-27,2.1737e+16
2004-07-28,2.216828e+16
2004-07-29,2.222778e+16
2004-07-30,2.233687e+16
2004-07-31,
2004-08-01,
2004-08-02,2.244801e+16
2004-08-03,2.23729e+16
2004-08-04,2.217792e+16
2004-08-05,2.133025e+16
2004-08-06,2.165271e+16
2004-08-07,
2004-08-08,
2004-08-09,2.126091e+16
2004-08-10,2.173672e+16
2004-08-11,2.156971e+16
2004-08-12,2.157024e+16
2004-08-13,2.140126e+16
2004-08-14,
2004-08-15,
2004-08-16,2.176376e+16
2004-08-17,2.20605e+16
2004-08-18,2.277877e+16
2004-08-19,2.293483e+16
2004-08-20,2.319563e+16
2004-08-21,
2004-08-22,
2004-08-23,2.285213e+16
2004-08-24,2.287014e+16
2004-08-25,2.305841e+16
2004-08-26,2.258204e+16
2004-08-27,2.259684e+16
2004-08-28,
2004-08-29,
2004-08-30,2.286915e+16
2004-08-31,2.280319e+16
2004-09-01,2.251287e+16
2004-09-02,2.268807e+16
2004-09-03,2.241505e+16
2004-09-04,
2004-09-05,
2004-09-06,2.250153e+16
2004-09-07,
2004-09-08,2.253432e+16
2004-09-09,2.228649e+16
2004-09-10,2.196808e+16
2004-09-11,
2004-09-12,
2004-09-13,2.180922e+16
2004-09-14,2.230943e+16
2004-09-15,2.234352e+16
2004-09-16,2.287577e+16
2004-09-17,2.307359e+16
2004-09-18,
2004-09-19,
2004-09-20,2.307824e+16
2004-09-21,2.310576e+16
2004-09-22,2.274897e+16
2004-09-23,2.294355e+16
2004-09-24,2.297207e+16
2004-09-25,
2004-09-26,
2004-09-27,2.283406e+16
2004-09-28,2.323064e+16
2004-09-29,2.320835e+16
2004-09-30,2.324524e+16
2004-10-01,2.377702e+16
2004-10-02,
2004-10-03,
2004-10-04,2.415039e+16
2004-10-05,2.420525e+16
2004-10-06,2.402714e+16
2004-10-07,2.410418e+16
2004-10-08,2.392685e+16
2004-10-09,
2004-10-10,
2004-10-11,2.395395e+16
2004-10-12,
2004-10-13,2.328929e+16
2004-10-14,2.295948e+16
2004-10-15,2.336784e+16
2004-10-16,
2004-10-17,
2004-10-18,2.341107e+16
2004-10-19,2.289299e+16
2004-10-20,2.287349e+16
2004-10-21,2.305895e+16
2004-10-22,2.273547e+16
2004-10-23,
2004-10-24,
2004-10-25,2.26026e+16
2004-10-26,2.284891e+16
2004-10-27,2.317078e+16
2004-10-28,2.29285e+16
2004-10-29,2.305218e+16
2004-10-30,
2004-10-31,
2004-11-01,2.327298e+16
2004-11-02,
2004-11-03,2.366011e+16
2004-11-04,2.387962e+16
2004-11-05,2.354163e+16
2004-11-06,
2004-11-07,
2004-11-08,2.321189e+16
2004-11-09,2.321587e+16
2004-11-10,2.345455e+16
2004-11-11,2.35207e+16
2004-11-12,2.403542e+16
2004-11-13,
2004-11-14,
2004-11-15,
2004-11-16,2.377206e+16
2004-11-17,2.416983e+16
2004-11-18,2.414305e+16
2004-11-19,2.403419e+16
2004-11-20,
2004-11-21,
2004-11-22,2.44449e+16
2004-11-23,2.434046e+16
2004-11-24,2.436833e+16
2004-11-25,2.486663e+16
2004-11-26,2.499782e+16
2004-11-27,
2004-11-28,
2004-11-29,2.485476e+16
2004-11-30,2.512833e+16
2004-12-01,2.52347e+16
2004-12-02,2.52004e+16
2004-12-03,2.546797e+16
2004-12-04,
2004-12-05,
2004-12-06,2.56325e+16
2004-12-07,2.498862e+16
2004-12-08,2.496839e+16
2004-12-09,2.452604e+16
2004-12-10,2.493332e+16
2004-12-11,
2004-12-12,
2004-12-13,2.522516e+16
2004-12-14,2.556313e+16
2004-12-15,2.557583e+16
2004-12-16,2.583113e+16
2004-12-17,2.565914e+16
2004-12-18,
2004-12-19,
2004-12-20,2.553663e+16
2004-12-21,2.588972e+16
2004-12-22,2.572319e+16
2004-12-23,2.587819e+16
2004-12-24,
2004-12-25,
2004-12-26,
2004-12-27,2.593693e+16
2004-12-28,2.611661e+16
2004-12-29,2.616131e+16
2004-12-30,2.619625e+16
2004-12-31,
2005-01-01,
2005-01-02,
2005-01-03,2.572201e+16
2005-01-04,2.484804e+16
2005-01-05,2.46918e+16
2005-01-06,2.436693e+16
2005-01-07,2.474722e+16
2005-01-08,
2005-01-09,
2005-01-10,2.429189e+16
2005-01-11,2.436987e+16
2005-01-12,2.45096e+16
2005-01-13,2.480574e+16
2005-01-14,2.492413e+16
2005-01-15,
2005-01-16,
2005-01-17,2.451522e+16
2005-01-18,2.408919e+16
2005-01-19,2.427123e+16
2005-01-20,2.360997e+16
2005-01-21,2.381837e+16
2005-01-22,
2005-01-23,
2005-01-24,2.419772e+16
2005-01-25,
2005-01-26,2.453016e+16
2005-01-27,2.40297e+16
2005-01-28,2.396809e+16
2005-01-29,
2005-01-30,
2005-01-31,2.435062e+16
2005-02-01,2.414946e+16
2005-02-02,2.460536e+16
2005-02-03,2.487363e+16
2005-02-04,2.573194e+16
2005-02-05,
2005-02-06,
2005-02-07,
2005-02-08,
2005-02-09,2.63135e+16
2005-02-10,2.641579e+16
2005-02-11,2.667052e+16
2005-02-12,
2005-02-13,
2005-02-14,2.653189e+16
2005-02-15,2.661012e+16
2005-02-16,2.638408e+16
2005-02-17,2.709091e+16
2005-02-18,2.675625e+16
2005-02-19,
2005-02-20,
2005-02-21,2.685305e+16
2005-02-22,2.674006e+16
2005-02-23,2.719846e+16
2005-02-24,2.843617e+16
2005-02-25,2.842504e+16
2005-02-26,
2005-02-27,
2005-02-28,2.813913e+16
2005-03-01,2.772998e+16
2005-03-02,2.81997e+16
2005-03-03,2.86684e+16
2005-03-04,2.919719e+16
2005-03-05,
2005-03-06,
2005-03-07,2.945542e+16
2005-03-08,2.90212e+16
2005-03-09,2.851446e+16
2005-03-10,2.856749e+16
2005-03-11,2.807491e+16
2005-03-12,
2005-03-13,
2005-03-14,2.809889e+16
2005-03-15,2.758771e+16
2005-03-16,2.782671e+16
2005-03-17,2.808583e+16
2005-03-18,2.759325e+16
2005-03-19,
2005-03-20,
2005-03-21,2.741134e+16
2005-03-22,2.661806e+16
2005-03-23,2.624827e+16
2005-03-24,2.670188e+16
2005-03-25,
2005-03-26,
2005-03-27,
2005-03-28,2.625732e+16
2005-03-29,2.584208e+16
2005-03-30,2.646978e+16
2005-03-31,2.661065e+16
2005-04-01,2.677383e+16
2005-04-02,
2005-04-03,
2005-04-04,2.640675e+16
2005-04-05,2.603844e+16
2005-04-06,2.569505e+16
2005-04-07,2.630783e+16
2005-04-08,2.588463e+16
2005-04-09,
2005-04-10,
2005-04-11,2.589973e+16
2005-04-12,2.620621e+16
2005-04-13,2.606611e+16
2005-04-14,2.4984e+16
2005-04-15,2.465585e+16
2005-04-16,
2005-04-17,
2005-04-18,2.487704e+16
2005-04-19,2.556617e+16
2005-04-20,2.506244e+16
2005-04-21,
2005-04-22,2.476706e+16
2005-04-23,
2005-04-24,
2005-04-25,2.52315e+16
2005-04-26,2.530475e+16
2005-04-27,2.52417e+16
2005-04-28,2.443971e+16
2005-04-29,2.48437e+16
2005-04-30,
2005-05-01,
2005-05-02,2.47046e+16
2005-05-03,2.471563e+16
2005-05-04,2.547447e+16
2005-05-05,2.543582e+16
2005-05-06,2.55892e+16
2005-05-07,
2005-05-08,
2005-05-09,2.546475e+16
2005-05-10,2.476271e+16
2005-05-11,2.469866e+16
2005-05-12,2.411727e+16
2005-05-13,2.388744e+16
2005-05-14,
2005-05-15,
2005-05-16,2.43785e+16
2005-05-17,2.441276e+16
2005-05-18,2.489812e+16
2005-05-19,2.482901e+16
2005-05-20,2.452241e+16
2005-05-21,
2005-05-22,
2005-05-23,2.421489e+16
2005-05-24,2.454524e+16
2005-05-25,2.447842e+16
2005-05-26,
2005-05-27,2.525548e+16
2005-05-28,
2005-05-29,
2005-05-30,2.542422e+16
2005-05-31,2.520707e+16
2005-06-01,2.594883e+16
2005-06-02,2.663983e+16
2005-06-03,2.636562e+16
2005-06-04,
2005-06-05,
2005-06-06,2.555626e+16
2005-06-07,2.50261e+16
2005-06-08,2.47015e+16
2005-06-09,2.448355e+16
2005-06-10,2.495095e+16
2005-06-11,
2005-06-12,
2005-06-13,2.490183e+16
2005-06-14,2.574424e+16
2005-06-15,2.548138e+16
2005-06-16,2.575053e+16
2005-06-17,2.609288e+16
2005-06-18,
2005-06-19,
2005-06-20,2.60455e+16
2005-06-21,2.572168e+16
2005-06-22,2.567825e+16
2005-06-23,2.481558e+16
2005-06-24,2.491691e+16
2005-06-25,
2005-06-26,
2005-06-27,2.522577e+16
2005-06-28,2.526104e+16
2005-06-29,2.512636e+16
2005-06-30,2.505121e+16
2005-07-01,2.531144e+16
2005-07-02,
2005-07-03,
2005-07-04,2.504453e+16
2005-07-05,2.467477e+16
2005-07-06,2.451686e+16
2005-07-07,2.444951e+16
2005-07-08,2.442291e+16
2005-07-09,
2005-07-10,
2005-07-11,2.501558e+16
2005-07-12,2.553625e+16
2005-07-13,2.585591e+16
2005-07-14,2.591995e+16
2005-07-15,2.522153e+16
2005-07-16,
2005-07-17,
2005-07-18,2.532108e+16
2005-07-19,2.52706e+16
2005-07-20,2.570476e+16
2005-07-21,2.584237e+16
2005-07-22,2.539123e+16
2005-07-23,
2005-07-24,
2005-07-25,2.453079e+16
2005-07-26,2.486847e+16
2005-07-27,2.533782e+16
2005-07-28,2.606837e+16
2005-07-29,2.604236e+16
2005-07-30,
2005-07-31,
2005-08-01,2.629807e+16
2005-08-02,2.678854e+16
2005-08-03,2.671407e+16
2005-08-04,2.64699e+16
2005-08-05,2.651792e+16
2005-08-06,
2005-08-07,
2005-08-08,2.671119e+16
2005-08-09,2.729144e+16
2005-08-10,2.711692e+16
2005-08-11,2.663312e+16
2005-08-12,2.695074e+16
2005-08-13,
2005-08-14,
2005-08-15,2.737502e+16
2005-08-16,2.70801e+16
2005-08-17,2.741612e+16
2005-08-18,2.689974e+16
2005-08-19,2.664377e+16
2005-08-20,
2005-08-21,
2005-08-22,2.726068e+16
2005-08-23,2.676928e+16
2005-08-24,2.671238e+16
2005-08-25,2.740163e+16
2005-08-26,2.709461e+16
2005-08-27,
2005-08-28,
2005-08-29,2.738483e+16
2005-08-30,2.760374e+16
2005-08-31,2.804483e+16
2005-09-01,2.796219e+16
2005-09-02,2.831911e+16
2005-09-03,
2005-09-04,
2005-09-05,2.8522e+16
2005-09-06,2.885492e+16
2005-09-07,
2005-09-08,2.882806e+16
2005-09-09,2.930791e+16
2005-09-10,
2005-09-11,
2005-09-12,2.908648e+16
2005-09-13,2.88733e+16
2005-09-14,2.904999e+16
2005-09-15,2.936624e+16
2005-09-16,2.981583e+16
2005-09-17,
2005-09-18,
2005-09-19,3.007602e+16
2005-09-20,3.005899e+16
2005-09-21,3.083729e+16
2005-09-22,3.067843e+16
2005-09-23,3.129411e+16
2005-09-24,
2005-09-25,
2005-09-26,3.11412e+16
2005-09-27,3.087494e+16
2005-09-28,3.131724e+16
2005-09-29,3.120882e+16
2005-09-30,3.158379e+16
2005-10-01,
2005-10-02,
2005-10-03,3.185613e+16
2005-10-04,3.128383e+16
2005-10-05,3.016352e+16
2005-10-06,2.92274e+16
2005-10-07,2.997299e+16
2005-10-08,
2005-10-09,
2005-10-10,3.027722e+16
2005-10-11,3.061423e+16
2005-10-12,
2005-10-13,2.988004e+16
2005-10-14,2.977022e+16
2005-10-15,
2005-10-16,
2005-10-17,3.024161e+16
2005-10-18,2.906791e+16
2005-10-19,2.929711e+16
2005-10-20,2.834408e+16
2005-10-21,2.917579e+16
2005-10-22,
2005-10-23,
2005-10-24,2.983499e+16
2005-10-25,2.949803e+16
2005-10-26,2.972997e+16
2005-10-27,2.913252e+16
2005-10-28,2.931818e+16
2005-10-29,
2005-10-30,
2005-10-31,3.019351e+16
2005-11-01,3.089971e+16
2005-11-02,
2005-11-03,3.109997e+16
2005-11-04,3.08875e+16
2005-11-05,
2005-11-06,
2005-11-07,3.095224e+16
2005-11-08,3.09706e+16
2005-11-09,3.066607e+16
2005-11-10,3.07246e+16
2005-11-11,3.051089e+16
2005-11-12,
2005-11-13,
2005-11-14,3.021888e+16
2005-11-15,
2005-11-16,3.048212e+16
2005-11-17,3.1087e+16
2005-11-18,3.110237e+16
2005-11-19,
2005-11-20,
2005-11-21,3.111007e+16
2005-11-22,3.148901e+16
2005-11-23,3.194256e+16
2005-11-24,3.194473e+16
2005-11-25,3.191966e+16
2005-11-26,
2005-11-27,
2005-11-28,3.135755e+16
2005-11-29,3.165155e+16
2005-11-30,3.191676e+16
2005-12-01,3.261718e+16
2005-12-02,3.2832449999999996e+16
2005-12-03,
2005-12-04,
2005-12-05,3.270117e+16
2005-12-06,3.322342e+16
2005-12-07,3.275679e+16
2005-12-08,3.248004e+16
2005-12-09,3.2921760000000004e+16
2005-12-10,
2005-12-11,
2005-12-12,3.29706e+16
2005-12-13,3.341965e+16
2005-12-14,3.362947e+16
2005-12-15,3.3193269999999996e+16
2005-12-16,3.329182e+16
2005-12-17,
2005-12-18,
2005-12-19,3.3005269999999996e+16
2005-12-20,3.306653e+16
2005-12-21,3.3517050000000004e+16
2005-12-22,3.351286e+16
2005-12-23,3.3331260000000004e+16
2005-12-24,
2005-12-25,
2005-12-26,3.3297519999999996e+16
2005-12-27,3.3370730000000004e+16
2005-12-28,3.3138480000000004e+16
2005-12-29,3.3455940000000004e+16
2005-12-30,
2005-12-31,
2006-01-01,
2006-01-02,3.3507269999999996e+16
2006-01-03,3.454058e+16
2006-01-04,3.5002370000000004e+16
2006-01-05,3.493611e+16
2006-01-06,3.5475019999999996e+16
2006-01-07,
2006-01-08,
2006-01-09,3.533733e+16
2006-01-10,3.504942e+16
2006-01-11,3.5952239999999996e+16
2006-01-12,3.5779300000000004e+16
2006-01-13,3.5897120000000004e+16
2006-01-14,
2006-01-15,
2006-01-16,3.653368e+16
2006-01-17,3.611937e+16
2006-01-18,3.5805190000000004e+16
2006-01-19,3.685819e+16
2006-01-20,3.669465e+16
2006-01-21,
2006-01-22,
2006-01-23,3.663175e+16
2006-01-24,3.739967e+16
2006-01-25,
2006-01-26,3.801436e+16
2006-01-27,3.782222e+16
2006-01-28,
2006-01-29,
2006-01-30,3.824204e+16
2006-01-31,3.83828e+16
2006-02-01,3.848484e+16
2006-02-02,3.730419e+16
2006-02-03,3.726173e+16
2006-02-04,
2006-02-05,
2006-02-06,3.73212e+16
2006-02-07,3.65617e+16
2006-02-08,3.649941e+16
2006-02-09,3.688231e+16
2006-02-10,3.697527e+16
2006-02-11,
2006-02-12,
2006-02-13,3.611395e+16
2006-02-14,3.662688e+16
2006-02-15,3.72393e+16
2006-02-16,3.825639e+16
2006-02-17,3.842183e+16
2006-02-18,
2006-02-19,
2006-02-20,3.853918e+16
2006-02-21,3.816597e+16
2006-02-22,3.82464e+16
2006-02-23,3.840548e+16
2006-02-24,3.861039e+16
2006-02-25,
2006-02-26,
2006-02-27,
2006-02-28,
2006-03-01,3.917787e+16
2006-03-02,3.912584e+16
2006-03-03,3.923975e+16
2006-03-04,
2006-03-05,
2006-03-06,3.835398e+16
2006-03-07,3.742258e+16
2006-03-08,3.728908e+16
2006-03-09,3.631227e+16
2006-03-10,3.689069e+16
2006-03-11,
2006-03-12,
2006-03-13,3.679298e+16
2006-03-14,3.754149e+16
2006-03-15,3.824399e+16
2006-03-16,3.815664e+16
2006-03-17,3.804917e+16
2006-03-18,
2006-03-19,
2006-03-20,3.820353e+16
2006-03-21,3.739801e+16
2006-03-22,3.785059e+16
2006-03-23,3.747385e+16
2006-03-24,3.757705e+16
2006-03-25,
2006-03-26,
2006-03-27,3.764106e+16
2006-03-28,3.668221e+16
2006-03-29,3.749157e+16
2006-03-30,3.777676e+16
2006-03-31,3.795197e+16
2006-04-01,
2006-04-02,
2006-04-03,3.871707e+16
2006-04-04,3.880226e+16
2006-04-05,3.90532e+16
2006-04-06,3.928504e+16
2006-04-07,3.892649e+16
2006-04-08,
2006-04-09,
2006-04-10,3.847473e+16
2006-04-11,3.790119e+16
2006-04-12,3.842741e+16
2006-04-13,3.808213e+16
2006-04-14,
2006-04-15,
2006-04-16,
2006-04-17,3.846248e+16
2006-04-18,3.957247e+16
2006-04-19,3.993774e+16
2006-04-20,3.977459e+16
2006-04-21,
2006-04-22,
2006-04-23,
2006-04-24,3.97513e+16
2006-04-25,3.973807e+16
2006-04-26,4.041006e+16
2006-04-27,3.975144e+16
2006-04-28,4.036342e+16
2006-04-29,
2006-04-30,
2006-05-01,
2006-05-02,4.101658e+16
2006-05-03,4.091976e+16
2006-05-04,4.097578e+16
2006-05-05,4.141727e+16
2006-05-06,
2006-05-07,
2006-05-08,4.151549e+16
2006-05-09,4.197929e+16
2006-05-10,4.17515e+16
2006-05-11,4.084707e+16
2006-05-12,4.021197e+16
2006-05-13,
2006-05-14,
2006-05-15,3.927145e+16
2006-05-16,3.941644e+16
2006-05-17,3.829068e+16
2006-05-18,3.780715e+16
2006-05-19,3.773286e+16
2006-05-20,
2006-05-21,
2006-05-22,3.649692e+16
2006-05-23,3.611e+16
2006-05-24,3.579196e+16
2006-05-25,3.756866e+16
2006-05-26,3.862971e+16
2006-05-27,
2006-05-28,
2006-05-29,3.814515e+16
2006-05-30,3.641251e+16
2006-05-31,3.653004e+16
2006-06-01,3.77483e+16
2006-06-02,3.794218e+16
2006-06-03,
2006-06-04,
2006-06-05,3.673986e+16
2006-06-06,3.65578e+16
2006-06-07,3.5264e+16
2006-06-08,3.543778e+16
2006-06-09,3.5074629999999996e+16
2006-06-10,
2006-06-11,
2006-06-12,3.3554519999999996e+16
2006-06-13,3.284761e+16
2006-06-14,3.294146e+16
2006-06-15,
2006-06-16,3.439892e+16
2006-06-17,
2006-06-18,
2006-06-19,3.389735e+16
2006-06-20,3.363214e+16
2006-06-21,3.454664e+16
2006-06-22,3.4316769999999996e+16
2006-06-23,3.466122e+16
2006-06-24,
2006-06-25,
2006-06-26,3.4631239999999996e+16
2006-06-27,3.4375730000000004e+16
2006-06-28,3.483465e+16
2006-06-29,3.648667e+16
2006-06-30,3.663066e+16
2006-07-01,
2006-07-02,
2006-07-03,3.73572e+16
2006-07-04,3.736734e+16
2006-07-05,3.637803e+16
2006-07-06,3.653313e+16
2006-07-07,3.610198e+16
2006-07-08,
2006-07-09,
2006-07-10,3.614064e+16
2006-07-11,3.655356e+16
2006-07-12,3.622971e+16
2006-07-13,3.535428e+16
2006-07-14,3.534968e+16
2006-07-15,
2006-07-16,
2006-07-17,3.4866309999999996e+16
2006-07-18,3.513042e+16
2006-07-19,3.678545e+16
2006-07-20,3.5846839999999996e+16
2006-07-21,3.55104e+16
2006-07-22,
2006-07-23,
2006-07-24,3.622439e+16
2006-07-25,3.668083e+16
2006-07-26,3.65943e+16
2006-07-27,3.688772e+16
2006-07-28,3.738106e+16
2006-07-29,
2006-07-30,
2006-07-31,3.707712e+16
2006-08-01,3.683931e+16
2006-08-02,3.72884e+16
2006-08-03,3.745119e+16
2006-08-04,3.784788e+16
2006-08-05,
2006-08-06,
2006-08-07,3.769755e+16
2006-08-08,3.760044e+16
2006-08-09,3.725512e+16
2006-08-10,3.735376e+16
2006-08-11,3.694443e+16
2006-08-12,
2006-08-13,
2006-08-14,3.655688e+16
2006-08-15,3.729593e+16
2006-08-16,3.767781e+16
2006-08-17,3.755889e+16
2006-08-18,3.755171e+16
2006-08-19,
2006-08-20,
2006-08-21,3.71606e+16
2006-08-22,3.667751e+16
2006-08-23,3.55121e+16
2006-08-24,3.5797260000000004e+16
2006-08-25,3.5957519999999996e+16
2006-08-26,
2006-08-27,
2006-08-28,3.637451e+16
2006-08-29,3.630367e+16
2006-08-30,3.631343e+16
2006-08-31,3.623222e+16
2006-09-01,3.732915e+16
2006-09-02,
2006-09-03,
2006-09-04,3.769335e+16
2006-09-05,3.736796e+16
2006-09-06,3.670987e+16
2006-09-07,
2006-09-08,3.655848e+16
2006-09-09,
2006-09-10,
2006-09-11,3.5772489999999996e+16
2006-09-12,3.614666e+16
2006-09-13,3.654971e+16
2006-09-14,3.61536e+16
2006-09-15,3.616993e+16
2006-09-16,
2006-09-17,
2006-09-18,3.648278e+16
2006-09-19,3.588568e+16
2006-09-20,3.5196589999999996e+16
2006-09-21,3.483008e+16
2006-09-22,3.4798800000000004e+16
2006-09-23,
2006-09-24,
2006-09-25,3.4972739999999996e+16
2006-09-26,3.581897e+16
2006-09-27,3.610564e+16
2006-09-28,3.648619e+16
2006-09-29,3.64494e+16
2006-09-30,
2006-10-01,
2006-10-02,3.705775e+16
2006-10-03,3.643755e+16
2006-10-04,3.774929e+16
2006-10-05,3.797686e+16
2006-10-06,3.794044e+16
2006-10-07,
2006-10-08,
2006-10-09,3.840637e+16
2006-10-10,3.865469e+16
2006-10-11,3.832221e+16
2006-10-12,
2006-10-13,3.885016e+16
2006-10-14,
2006-10-15,
2006-10-16,3.922906e+16
2006-10-17,3.88975e+16
2006-10-18,3.868599e+16
2006-10-19,3.891975e+16
2006-10-20,3.864282e+16
2006-10-21,
2006-10-22,
2006-10-23,3.922676e+16
2006-10-24,3.949898e+16
2006-10-25,3.956263e+16
2006-10-26,3.964478e+16
2006-10-27,3.932847e+16
2006-10-28,
2006-10-29,
2006-10-30,3.890049e+16
2006-10-31,3.926279e+16
2006-11-01,3.993005e+16
2006-11-02,
2006-11-03,4.043518e+16
2006-11-04,
2006-11-05,
2006-11-06,4.124661e+16
2006-11-07,4.104831e+16
2006-11-08,4.133423e+16
2006-11-09,4.081548e+16
2006-11-10,4.071992e+16
2006-11-11,
2006-11-12,
2006-11-13,4.060579e+16
2006-11-14,4.12907e+16
2006-11-15,
2006-11-16,4.116187e+16
2006-11-17,4.102943e+16
2006-11-18,
2006-11-19,
2006-11-20,
2006-11-21,4.15704e+16
2006-11-22,4.191292e+16
2006-11-23,4.206983e+16
2006-11-24,4.175772e+16
2006-11-25,
2006-11-26,
2006-11-27,4.091463e+16
2006-11-28,4.104315e+16
2006-11-29,4.197001e+16
2006-11-30,4.193184e+16
2006-12-01,4.132707e+16
2006-12-02,
2006-12-03,
2006-12-04,4.265433e+16
2006-12-05,4.315728e+16
2006-12-06,4.309616e+16
2006-12-07,4.290929e+16
2006-12-08,4.297758e+16
2006-12-09,
2006-12-10,
2006-12-11,4.329706e+16
2006-12-12,4.301845e+16
2006-12-13,4.328452e+16
2006-12-14,4.375456e+16
2006-12-15,4.35957e+16
2006-12-16,
2006-12-17,
2006-12-18,4.350873e+16
2006-12-19,4.358972e+16
2006-12-20,4.350236e+16
2006-12-21,4.338502e+16
2006-12-22,4.335573e+16
2006-12-23,
2006-12-24,
2006-12-25,
2006-12-26,4.360308e+16
2006-12-27,4.452636e+16
2006-12-28,4.447371e+16
2006-12-29,
2006-12-30,
2006-12-31,
2007-01-01,
2007-01-02,4.538261e+16
2007-01-03,4.444529e+16
2007-01-04,4.401977e+16
2007-01-05,4.224516e+16
2007-01-06,
2007-01-07,
2007-01-08,4.282993e+16
2007-01-09,4.200678e+16
2007-01-10,4.233567e+16
2007-01-11,4.267032e+16
2007-01-12,4.309497e+16
2007-01-13,
2007-01-14,
2007-01-15,4.291917e+16
2007-01-16,4.262422e+16
2007-01-17,4.273548e+16
2007-01-18,4.247792e+16
2007-01-19,4.342764e+16
2007-01-20,
2007-01-21,
2007-01-22,4.35533e+16
2007-01-23,4.41772e+16
2007-01-24,4.468673e+16
2007-01-25,
2007-01-26,4.441235e+16
2007-01-27,
2007-01-28,
2007-01-29,4.357349e+16
2007-01-30,4.404423e+16
2007-01-31,4.46416e+16
2007-02-01,4.481501e+16
2007-02-02,4.499783e+16
2007-02-03,
2007-02-04,
2007-02-05,4.528617e+16
2007-02-06,4.53518e+16
2007-02-07,4.458796e+16
2007-02-08,4.489194e+16
2007-02-09,4.42844e+16
2007-02-10,
2007-02-11,
2007-02-12,4.393475e+16
2007-02-13,4.519745e+16
2007-02-14,4.59956e+16
2007-02-15,4.595507e+16
2007-02-16,4.584903e+16
2007-02-17,
2007-02-18,
2007-02-19,
2007-02-20,
2007-02-21,4.609024e+16
2007-02-22,4.645226e+16
2007-02-23,4.601579e+16
2007-02-24,
2007-02-25,
2007-02-26,4.62074e+16
2007-02-27,4.314533e+16
2007-02-28,4.389231e+16
2007-03-01,4.351691e+16
2007-03-02,4.236984e+16
2007-03-03,
2007-03-04,
2007-03-05,4.117916e+16
2007-03-06,4.32184e+16
2007-03-07,4.266718e+16
2007-03-08,4.346583e+16
2007-03-09,4.413342e+16
2007-03-10,
2007-03-11,
2007-03-12,4.424923e+16
2007-03-13,4.274938e+16
2007-03-14,4.328844e+16
2007-03-15,4.327819e+16
2007-03-16,4.273004e+16
2007-03-17,
2007-03-18,
2007-03-19,4.371255e+16
2007-03-20,4.435087e+16
2007-03-21,4.563086e+16
2007-03-22,4.542418e+16
2007-03-23,4.553253e+16
2007-03-24,
2007-03-25,
2007-03-26,4.564456e+16
2007-03-27,4.520653e+16
2007-03-28,4.44841e+16
2007-03-29,4.535513e+16
2007-03-30,4.580466e+16
2007-03-31,
2007-04-01,
2007-04-02,4.559748e+16
2007-04-03,4.628816e+16
2007-04-04,4.655393e+16
2007-04-05,4.664657e+16
2007-04-06,
2007-04-07,
2007-04-08,
2007-04-09,4.685471e+16
2007-04-10,4.717407e+16
2007-04-11,4.693919e+16
2007-04-12,4.734656e+16
2007-04-13,4.792623e+16
2007-04-14,
2007-04-15,
2007-04-16,4.892121e+16
2007-04-17,4.875548e+16
2007-04-18,4.870984e+16
2007-04-19,4.876213e+16
2007-04-20,4.940818e+16
2007-04-21,
2007-04-22,
2007-04-23,4.916209e+16
2007-04-24,4.907086e+16
2007-04-25,4.967559e+16
2007-04-26,4.906769e+16
2007-04-27,4.92296e+16
2007-04-28,
2007-04-29,
2007-04-30,4.895639e+16
2007-05-01,
2007-05-02,4.947154e+16
2007-05-03,5.021822e+16
2007-05-04,5.059779e+16
2007-05-05,
2007-05-06,
2007-05-07,5.028173e+16
2007-05-08,5.027769e+16
2007-05-09,5.130013e+16
2007-05-10,5.023468e+16
2007-05-11,5.090238e+16
2007-05-12,
2007-05-13,
2007-05-14,5.051076e+16
2007-05-15,5.051821e+16
2007-05-16,5.173756e+16
2007-05-17,5.163147e+16
2007-05-18,5.207768e+16
2007-05-19,
2007-05-20,
2007-05-21,5.242345e+16
2007-05-22,5.220809e+16
2007-05-23,5.18125e+16
2007-05-24,5.053065e+16
2007-05-25,5.161797e+16
2007-05-26,
2007-05-27,
2007-05-28,5.211997e+16
2007-05-29,5.171318e+16
2007-05-30,5.252765e+16
2007-05-31,5.226846e+16
2007-06-01,5.342267e+16
2007-06-02,
2007-06-03,
2007-06-04,5.324268e+16
2007-06-05,5.316221e+16
2007-06-06,5.204931e+16
2007-06-07,
2007-06-08,5.232968e+16
2007-06-09,
2007-06-10,
2007-06-11,5.277684e+16
2007-06-12,5.179714e+16
2007-06-13,5.299373e+16
2007-06-14,5.371289e+16
2007-06-15,5.451863e+16
2007-06-16,
2007-06-17,
2007-06-18,5.473044e+16
2007-06-19,5.464372e+16
2007-06-20,5.402924e+16
2007-06-21,5.465688e+16
2007-06-22,5.42671e+16
2007-06-23,
2007-06-24,
2007-06-25,5.404157e+16
2007-06-26,5.385168e+16
2007-06-27,5.414307e+16
2007-06-28,5.414659e+16
2007-06-29,5.439206e+16
2007-06-30,
2007-07-01,
2007-07-02,5.537121e+16
2007-07-03,5.569969e+16
2007-07-04,5.569647e+16
2007-07-05,5.593234e+16
2007-07-06,5.644373e+16
2007-07-07,
2007-07-08,
2007-07-09,
2007-07-10,5.58827e+16
2007-07-11,5.635613e+16
2007-07-12,5.761305e+16
2007-07-13,5.764416e+16
2007-07-14,
2007-07-15,
2007-07-16,5.73744e+16
2007-07-17,5.765965e+16
2007-07-18,5.755585e+16
2007-07-19,5.812457e+16
2007-07-20,5.744274e+16
2007-07-21,
2007-07-22,
2007-07-23,5.803677e+16
2007-07-24,5.579457e+16
2007-07-25,5.60013e+16
2007-07-26,5.389315e+16
2007-07-27,5.292223e+16
2007-07-28,
2007-07-29,
2007-07-30,5.457261e+16
2007-07-31,5.41825e+16
2007-08-01,5.423387e+16
2007-08-02,5.469092e+16
2007-08-03,5.284638e+16
2007-08-04,
2007-08-05,
2007-08-06,5.30911e+16
2007-08-07,5.380248e+16
2007-08-08,5.524137e+16
2007-08-09,5.343084e+16
2007-08-10,5.263813e+16
2007-08-11,
2007-08-12,
2007-08-13,5.243401e+16
2007-08-14,5.091175e+16
2007-08-15,4.92853e+16
2007-08-16,4.801555e+16
2007-08-17,4.855876e+16
2007-08-18,
2007-08-19,
2007-08-20,4.920636e+16
2007-08-21,4.981508e+16
2007-08-22,5.174456e+16
2007-08-23,5.184823e+16
2007-08-24,5.299756e+16
2007-08-25,
2007-08-26,
2007-08-27,5.307815e+16
2007-08-28,5.164533e+16
2007-08-29,5.273464e+16
2007-08-30,5.285784e+16
2007-08-31,5.463724e+16
2007-09-01,
2007-09-02,
2007-09-03,5.483251e+16
2007-09-04,5.525047e+16
2007-09-05,5.440783e+16
2007-09-06,5.4569e+16
2007-09-07,
2007-09-08,
2007-09-09,
2007-09-10,5.265257e+16
2007-09-11,5.392057e+16
2007-09-12,5.388271e+16
2007-09-13,5.490818e+16
2007-09-14,5.4671e+16
2007-09-15,
2007-09-16,
2007-09-17,5.434054e+16
2007-09-18,5.66663e+16
2007-09-19,5.726422e+16
2007-09-20,5.690644e+16
2007-09-21,5.779879e+16
2007-09-22,
2007-09-23,
2007-09-24,5.871937e+16
2007-09-25,5.885778e+16
2007-09-26,5.971483e+16
2007-09-27,6.105244e+16
2007-09-28,6.046506e+16
2007-09-29,
2007-09-30,
2007-10-01,6.234034e+16
2007-10-02,6.201712e+16
2007-10-03,6.009857e+16
2007-10-04,6.040672e+16
2007-10-05,6.231872e+16
2007-10-06,
2007-10-07,
2007-10-08,6.266085e+16
2007-10-09,6.354869e+16
2007-10-10,6.319704e+16
2007-10-11,6.245577e+16
2007-10-12,
2007-10-13,
2007-10-14,
2007-10-15,6.296944e+16
2007-10-16,6.17179e+16
2007-10-17,6.319367e+16
2007-10-18,6.326133e+16
2007-10-19,6.089429e+16
2007-10-20,
2007-10-21,
2007-10-22,6.121513e+16
2007-10-23,6.269714e+16
2007-10-24,6.262481e+16
2007-10-25,6.234149e+16
2007-10-26,6.427558e+16
2007-10-27,
2007-10-28,
2007-10-29,6.504431e+16
2007-10-30,6.438313e+16
2007-10-31,6.53177e+16
2007-11-01,6.405008e+16
2007-11-02,
2007-11-03,
2007-11-04,
2007-11-05,6.295955e+16
2007-11-06,6.450343e+16
2007-11-07,6.350062e+16
2007-11-08,6.356191e+16
2007-11-09,6.432056e+16
2007-11-10,
2007-11-11,
2007-11-12,6.152687e+16
2007-11-13,6.292703e+16
2007-11-14,6.463087e+16
2007-11-15,
2007-11-16,6.460938e+16
2007-11-17,
2007-11-18,
2007-11-19,6.233602e+16
2007-11-20,
2007-11-21,6.058154e+16
2007-11-22,6.065301e+16
2007-11-23,6.09709e+16
2007-11-24,
2007-11-25,
2007-11-26,5.906917e+16
2007-11-27,5.94315e+16
2007-11-28,6.171464e+16
2007-11-29,6.215634e+16
2007-11-30,6.300616e+16
2007-12-01,
2007-12-02,
2007-12-03,6.319985e+16
2007-12-04,6.348153e+16
2007-12-05,6.492796e+16
2007-12-06,6.579081e+16
2007-12-07,6.563853999999999e+16
2007-12-08,
2007-12-09,
2007-12-10,6.544596e+16
2007-12-11,6.451226e+16
2007-12-12,6.474169e+16
2007-12-13,6.286099e+16
2007-12-14,6.244497e+16
2007-12-15,
2007-12-16,
2007-12-17,5.982821e+16
2007-12-18,6.109628e+16
2007-12-19,6.172171e+16
2007-12-20,6.17162e+16
2007-12-21,6.309771e+16
2007-12-22,
2007-12-23,
2007-12-24,
2007-12-25,
2007-12-26,6.428826e+16
2007-12-27,6.377438e+16
2007-12-28,6.38861e+16
2007-12-29,
2007-12-30,
2007-12-31,
2008-01-01,
2008-01-02,6.281513e+16
2008-01-03,6.289197e+16
2008-01-04,6.103661e+16
2008-01-05,
2008-01-06,
2008-01-07,6.077215e+16
2008-01-08,6.208073e+16
2008-01-09,6.267369e+16
2008-01-10,6.351548e+16
2008-01-11,6.194236e+16
2008-01-12,
2008-01-13,
2008-01-14,6.218778e+16
2008-01-15,5.990706e+16
2008-01-16,5.877745e+16
2008-01-17,5.703685e+16
2008-01-18,5.750647e+16
2008-01-19,
2008-01-20,
2008-01-21,5.370911e+16
2008-01-22,5.609718e+16
2008-01-23,5.423482e+16
2008-01-24,5.746331e+16
2008-01-25,
2008-01-26,
2008-01-27,
2008-01-28,5.859378e+16
2008-01-29,5.952958e+16
2008-01-30,6.028941e+16
2008-01-31,5.94904e+16
2008-02-01,6.107983e+16
2008-02-02,
2008-02-03,
2008-02-04,
2008-02-05,
2008-02-06,5.896853e+16
2008-02-07,5.896548e+16
2008-02-08,5.907598e+16
2008-02-09,
2008-02-10,
2008-02-11,6.064322e+16
2008-02-12,6.180547e+16
2008-02-13,6.259065e+16
2008-02-14,6.181899e+16
2008-02-15,6.127187e+16
2008-02-16,
2008-02-17,
2008-02-18,6.280143e+16
2008-02-19,6.229654e+16
2008-02-20,6.374749e+16
2008-02-21,6.379223e+16
2008-02-22,6.460878e+16
2008-02-23,
2008-02-24,
2008-02-25,6.500094e+16
2008-02-26,6.518261e+16
2008-02-27,6.549485e+16
2008-02-28,6.555508e+16
2008-02-29,6.34893e+16
2008-03-01,
2008-03-02,
2008-03-03,6.449046e+16
2008-03-04,6.365554e+16
2008-03-05,6.462948e+16
2008-03-06,6.297465e+16
2008-03-07,6.186799e+16
2008-03-08,
2008-03-09,
2008-03-10,5.999927e+16
2008-03-11,6.236772e+16
2008-03-12,6.217658e+16
2008-03-13,6.227971e+16
2008-03-14,6.199099e+16
2008-03-15,
2008-03-16,
2008-03-17,6.001184e+16
2008-03-18,6.193278e+16
2008-03-19,5.882736e+16
2008-03-20,5.898731e+16
2008-03-21,
2008-03-22,
2008-03-23,
2008-03-24,5.981253e+16
2008-03-25,6.123406e+16
2008-03-26,6.141528e+16
2008-03-27,6.076168e+16
2008-03-28,6.045212e+16
2008-03-29,
2008-03-30,
2008-03-31,6.096807e+16
2008-04-01,6.277485e+16
2008-04-02,6.336436e+16
2008-04-03,6.417505e+16
2008-04-04,6.444597e+16
2008-04-05,
2008-04-06,
2008-04-07,6.417558e+16
2008-04-08,6.453954e+16
2008-04-09,6.347692e+16
2008-04-10,6.352711e+16
2008-04-11,6.258521e+16
2008-04-12,
2008-04-13,
2008-04-14,6.215345e+16
2008-04-15,6.261839e+16
2008-04-16,6.415194e+16
2008-04-17,6.455242e+16
2008-04-18,6.492267e+16
2008-04-19,
2008-04-20,
2008-04-21,
2008-04-22,6.541266e+16
2008-04-23,6.494754e+16
2008-04-24,6.457626e+16
2008-04-25,6.518734e+16
2008-04-26,
2008-04-27,
2008-04-28,6.567774000000001e+16
2008-04-29,6.382574e+16
2008-04-30,6.786846000000001e+16
2008-05-01,
2008-05-02,6.936639e+16
2008-05-03,
2008-05-04,
2008-05-05,7.017488000000001e+16
2008-05-06,7.019527000000001e+16
2008-05-07,6.901766e+16
2008-05-08,6.972225e+16
2008-05-09,6.96457e+16
2008-05-10,
2008-05-11,
2008-05-12,7.041582000000001e+16
2008-05-13,7.050325e+16
2008-05-14,7.002661999999999e+16
2008-05-15,7.149236e+16
2008-05-16,7.276693e+16
2008-05-17,
2008-05-18,
2008-05-19,7.343883e+16
2008-05-20,7.351681e+16
2008-05-21,7.22948e+16
2008-05-22,
2008-05-23,7.14518e+16
2008-05-24,
2008-05-25,
2008-05-26,7.162874000000001e+16
2008-05-27,7.099206e+16
2008-05-28,7.315323e+16
2008-05-29,7.179753999999999e+16
2008-05-30,7.25925e+16
2008-05-31,
2008-06-01,
2008-06-02,7.189725e+16
2008-06-03,7.001192e+16
2008-06-04,6.867314e+16
2008-06-05,7.120911999999999e+16
2008-06-06,6.978586999999999e+16
2008-06-07,
2008-06-08,
2008-06-09,6.92812e+16
2008-06-10,6.777494e+16
2008-06-11,6.679475999999999e+16
2008-06-12,6.731963000000001e+16
2008-06-13,6.720352000000001e+16
2008-06-14,
2008-06-15,
2008-06-16,6.728461e+16
2008-06-17,6.84375e+16
2008-06-18,6.709045e+16
2008-06-19,6.659041e+16
2008-06-20,6.461379e+16
2008-06-21,
2008-06-22,
2008-06-23,6.464045e+16
2008-06-24,6.416777e+16
2008-06-25,6.585334e+16
2008-06-26,6.394692e+16
2008-06-27,6.432111e+16
2008-06-28,
2008-06-29,
2008-06-30,6.501758e+16
2008-07-01,6.339619e+16
2008-07-02,6.110622e+16
2008-07-03,5.927338e+16
2008-07-04,5.936535e+16
2008-07-05,
2008-07-06,
2008-07-07,5.90882e+16
2008-07-08,5.953595e+16
2008-07-09,
2008-07-10,6.025274e+16
2008-07-11,6.014826e+16
2008-07-12,
2008-07-13,
2008-07-14,6.07209e+16
2008-07-15,6.101509e+16
2008-07-16,6.205647e+16
2008-07-17,6.010872e+16
2008-07-18,5.99881e+16
2008-07-19,
2008-07-20,
2008-07-21,6.077179e+16
2008-07-22,5.964732e+16
2008-07-23,5.942086e+16
2008-07-24,5.743437e+16
2008-07-25,5.719914e+16
2008-07-26,
2008-07-27,
2008-07-28,5.686902e+16
2008-07-29,5.804287e+16
2008-07-30,5.999764e+16
2008-07-31,5.950517e+16
2008-08-01,5.763035e+16
2008-08-02,
2008-08-03,
2008-08-04,5.560907e+16
2008-08-05,5.647059e+16
2008-08-06,5.754249e+16
2008-08-07,5.701755e+16
2008-08-08,5.65844e+16
2008-08-09,
2008-08-10,
2008-08-11,5.472025e+16
2008-08-12,5.450297e+16
2008-08-13,5.457318e+16
2008-08-14,5.513835e+16
2008-08-15,5.424403e+16
2008-08-16,
2008-08-17,
2008-08-18,5.332654e+16
2008-08-19,5.363869e+16
2008-08-20,5.537715e+16
2008-08-21,5.593469e+16
2008-08-22,5.585013e+16
2008-08-23,
2008-08-24,
2008-08-25,5.447725e+16
2008-08-26,5.43587e+16
2008-08-27,5.551924e+16
2008-08-28,5.638222e+16
2008-08-29,5.568041e+16
2008-08-30,
2008-08-31,
2008-09-01,5.516214e+16
2008-09-02,5.440441e+16
2008-09-03,5.352701e+16
2008-09-04,5.140854e+16
2008-09-05,5.19396e+16
2008-09-06,
2008-09-07,
2008-09-08,5.071797e+16
2008-09-09,4.84353e+16
2008-09-10,4.963316e+16
2008-09-11,5.12704e+16
2008-09-12,5.239286e+16
2008-09-13,
2008-09-14,
2008-09-15,4.841633e+16
2008-09-16,4.922892e+16
2008-09-17,4.590851e+16
2008-09-18,4.842275e+16
2008-09-19,5.305538e+16
2008-09-20,
2008-09-21,
2008-09-22,5.154058e+16
2008-09-23,4.959317e+16
2008-09-24,4.984299e+16
2008-09-25,5.182846e+16
2008-09-26,5.078299e+16
2008-09-27,
2008-09-28,
2008-09-29,4.602806e+16
2008-09-30,4.954127e+16
2008-10-01,4.979865e+16
2008-10-02,4.61451e+16
2008-10-03,4.451732e+16
2008-10-04,
2008-10-05,
2008-10-06,4.210079e+16
2008-10-07,4.013985e+16
2008-10-08,3.859354e+16
2008-10-09,3.70803e+16
2008-10-10,3.560954e+16
2008-10-11,
2008-10-12,
2008-10-13,4.082913e+16
2008-10-14,4.156903e+16
2008-10-15,3.683302e+16
2008-10-16,3.644172e+16
2008-10-17,3.639909e+16
2008-10-18,
2008-10-19,
2008-10-20,3.944108e+16
2008-10-21,3.904339e+16
2008-10-22,3.5069730000000004e+16
2008-10-23,3.3818489999999996e+16
2008-10-24,3.148155e+16
2008-10-25,
2008-10-26,
2008-10-27,2.943511e+16
2008-10-28,3.338665e+16
2008-10-29,3.484521e+16
2008-10-30,3.744877e+16
2008-10-31,3.725684e+16
2008-11-01,
2008-11-02,
2008-11-03,3.824944e+16
2008-11-04,4.02548e+16
2008-11-05,3.778566e+16
2008-11-06,3.636191e+16
2008-11-07,3.666511e+16
2008-11-08,
2008-11-09,
2008-11-10,3.677627e+16
2008-11-11,3.72619e+16
2008-11-12,3.4373989999999996e+16
2008-11-13,3.599333e+16
2008-11-14,3.57891e+16
2008-11-15,
2008-11-16,
2008-11-17,3.571721e+16
2008-11-18,3.4094660000000004e+16
2008-11-19,3.3404550000000004e+16
2008-11-20,
2008-11-21,3.12506e+16
2008-11-22,
2008-11-23,
2008-11-24,3.418883e+16
2008-11-25,3.481286e+16
2008-11-26,3.646961e+16
2008-11-27,3.621265e+16
2008-11-28,3.659587e+16
2008-11-29,
2008-11-30,
2008-12-01,3.47405e+16
2008-12-02,3.5000839999999996e+16
2008-12-03,3.5296699999999996e+16
2008-12-04,3.5127769999999996e+16
2008-12-05,3.534739e+16
2008-12-06,
2008-12-07,
2008-12-08,3.828491e+16
2008-12-09,3.796811e+16
2008-12-10,3.90044e+16
2008-12-11,3.851907e+16
2008-12-12,3.937386e+16
2008-12-13,
2008-12-14,
2008-12-15,3.832019e+16
2008-12-16,3.999346e+16
2008-12-17,3.994743e+16
2008-12-18,3.953627e+16
2008-12-19,3.913123e+16
2008-12-20,
2008-12-21,
2008-12-22,3.76185e+16
2008-12-23,3.647078e+16
2008-12-24,
2008-12-25,
2008-12-26,3.686413e+16
2008-12-27,
2008-12-28,
2008-12-29,3.706016e+16
2008-12-30,3.755031e+16
2008-12-31,
2009-01-01,
2009-01-02,4.024422e+16
2009-01-03,
2009-01-04,
2009-01-05,4.151866e+16
2009-01-06,4.231228e+16
2009-01-07,4.082025e+16
2009-01-08,4.199055e+16
2009-01-09,4.158294e+16
2009-01-10,
2009-01-11,
2009-01-12,3.940347e+16
2009-01-13,3.954423e+16
2009-01-14,3.798177e+16
2009-01-15,3.915108e+16
2009-01-16,3.934154e+16
2009-01-17,
2009-01-18,
2009-01-19,3.882832e+16
2009-01-20,3.727207e+16
2009-01-21,3.85429e+16
2009-01-22,3.789433e+16
2009-01-23,3.813235e+16
2009-01-24,
2009-01-25,
2009-01-26,3.850945e+16
2009-01-27,3.869892e+16
2009-01-28,4.022745e+16
2009-01-29,3.963842e+16
2009-01-30,3.930079e+16
2009-01-31,
2009-02-01,
2009-02-02,3.866644e+16
2009-02-03,3.974676e+16
2009-02-04,4.012904e+16
2009-02-05,4.110865e+16
2009-02-06,4.27555e+16
2009-02-07,
2009-02-08,
2009-02-09,4.210012e+16
2009-02-10,4.120743e+16
2009-02-11,4.084562e+16
2009-02-12,4.050079e+16
2009-02-13,4.167362e+16
2009-02-14,
2009-02-15,
2009-02-16,4.184132e+16
2009-02-17,3.984697e+16
2009-02-18,3.967439e+16
2009-02-19,3.973033e+16
2009-02-20,3.871464e+16
2009-02-21,
2009-02-22,
2009-02-23,
2009-02-24,
2009-02-25,3.823158e+16
2009-02-26,3.818018e+16
2009-02-27,3.818331e+16
2009-02-28,
2009-03-01,
2009-03-02,3.623469e+16
2009-03-03,3.646756e+16
2009-03-04,3.840224e+16
2009-03-05,3.736893e+16
2009-03-06,3.710509e+16
2009-03-07,
2009-03-08,
2009-03-09,3.674135e+16
2009-03-10,3.879455e+16
2009-03-11,3.88048e+16
2009-03-12,3.915186e+16
2009-03-13,3.901537e+16
2009-03-14,
2009-03-15,
2009-03-16,3.86072e+16
2009-03-17,3.951072e+16
2009-03-18,4.014229e+16
2009-03-19,4.045343e+16
2009-03-20,4.007641e+16
2009-03-21,
2009-03-22,
2009-03-23,4.243855e+16
2009-03-24,4.147583e+16
2009-03-25,4.17993e+16
2009-03-26,4.258866e+16
2009-03-27,4.190729e+16
2009-03-28,
2009-03-29,
2009-03-30,4.065313e+16
2009-03-31,4.092587e+16
2009-04-01,4.197633e+16
2009-04-02,4.373645e+16
2009-04-03,4.439098e+16
2009-04-04,
2009-04-05,
2009-04-06,4.416726e+16
2009-04-07,4.382453e+16
2009-04-08,4.418198e+16
2009-04-09,4.553871e+16
2009-04-10,
2009-04-11,
2009-04-12,
2009-04-13,4.599189e+16
2009-04-14,4.541818e+16
2009-04-15,4.527265e+16
2009-04-16,4.602478e+16
2009-04-17,4.577828e+16
2009-04-18,
2009-04-19,
2009-04-20,4.443315e+16
2009-04-21,
2009-04-22,4.48882e+16
2009-04-23,4.580117e+16
2009-04-24,4.677179e+16
2009-04-25,
2009-04-26,
2009-04-27,4.581971e+16
2009-04-28,4.582144e+16
2009-04-29,4.722679e+16
2009-04-30,4.728953e+16
2009-05-01,
2009-05-02,
2009-05-03,
2009-05-04,5.040453e+16
2009-05-05,5.066978e+16
2009-05-06,5.149948e+16
2009-05-07,5.005806e+16
2009-05-08,5.139599e+16
2009-05-09,
2009-05-10,
2009-05-11,5.097639e+16
2009-05-12,5.032578e+16
2009-05-13,4.867919e+16
2009-05-14,4.944602e+16
2009-05-15,4.900721e+16
2009-05-16,
2009-05-17,
2009-05-18,5.146302e+16
2009-05-19,5.134844e+16
2009-05-20,5.124509e+16
2009-05-21,5.008733e+16
2009-05-22,5.056849e+16
2009-05-23,
2009-05-24,
2009-05-25,5.081624e+16
2009-05-26,5.18408e+16
2009-05-27,5.179161e+16
2009-05-28,5.304074e+16
2009-05-29,5.319773e+16
2009-05-30,
2009-05-31,
2009-06-01,5.448629e+16
2009-06-02,5.399952e+16
2009-06-03,5.208663e+16
2009-06-04,5.34639e+16
2009-06-05,5.334101e+16
2009-06-06,
2009-06-07,
2009-06-08,5.363039e+16
2009-06-09,5.315713e+16
2009-06-10,5.341093e+16
2009-06-11,
2009-06-12,5.355823e+16
2009-06-13,
2009-06-14,
2009-06-15,5.203382e+16
2009-06-16,5.120578e+16
2009-06-17,5.104584e+16
2009-06-18,5.090302e+16
2009-06-19,5.137377e+16
2009-06-20,
2009-06-21,
2009-06-22,4.94948e+16
2009-06-23,4.981358e+16
2009-06-24,4.967212e+16
2009-06-25,5.151481e+16
2009-06-26,5.148561e+16
2009-06-27,
2009-06-28,
2009-06-29,5.213758e+16
2009-06-30,5.146546e+16
2009-07-01,5.154378e+16
2009-07-02,5.102494e+16
2009-07-03,5.093469e+16
2009-07-04,
2009-07-05,
2009-07-06,5.062247e+16
2009-07-07,4.94567e+16
2009-07-08,4.917755e+16
2009-07-09,
2009-07-10,4.922078e+16
2009-07-11,
2009-07-12,
2009-07-13,4.918693e+16
2009-07-14,4.887258e+16
2009-07-15,5.129666e+16
2009-07-16,5.19182e+16
2009-07-17,5.207249e+16
2009-07-18,
2009-07-19,
2009-07-20,5.315493e+16
2009-07-21,5.323357e+16
2009-07-22,5.307257e+16
2009-07-23,5.424936e+16
2009-07-24,5.445729e+16
2009-07-25,
2009-07-26,
2009-07-27,5.454899e+16
2009-07-28,5.447154e+16
2009-07-29,5.373453e+16
2009-07-30,5.447843e+16
2009-07-31,5.476572e+16
2009-08-01,
2009-08-02,
2009-08-03,5.599781e+16
2009-08-04,5.603807e+16
2009-08-05,5.638408e+16
2009-08-06,5.575488e+16
2009-08-07,5.632951e+16
2009-08-08,
2009-08-09,
2009-08-10,5.683001e+16
2009-08-11,5.576116e+16
2009-08-12,5.658826e+16
2009-08-13,5.704798e+16
2009-08-14,5.6638e+16
2009-08-15,
2009-08-16,
2009-08-17,5.521837e+16
2009-08-18,5.574892e+16
2009-08-19,5.615628e+16
2009-08-20,5.683148e+16
2009-08-21,5.772859e+16
2009-08-22,
2009-08-23,
2009-08-24,5.777537e+16
2009-08-25,5.742143e+16
2009-08-26,5.776569e+16
2009-08-27,5.770385e+16
2009-08-28,5.770057e+16
2009-08-29,
2009-08-30,
2009-08-31,5.648898e+16
2009-09-01,5.581496e+16
2009-09-02,5.538572e+16
2009-09-03,5.570717e+16
2009-09-04,5.665228e+16
2009-09-05,
2009-09-06,
2009-09-07,
2009-09-08,5.78548e+16
2009-09-09,5.790995e+16
2009-09-10,5.853579e+16
2009-09-11,5.836638e+16
2009-09-12,
2009-09-13,
2009-09-14,5.886755e+16
2009-09-15,5.926386e+16
2009-09-16,6.041066e+16
2009-09-17,6.023603e+16
2009-09-18,6.070301e+16
2009-09-19,
2009-09-20,
2009-09-21,6.092802e+16
2009-09-22,6.149339e+16
2009-09-23,6.049619e+16
2009-09-24,6.004628e+16
2009-09-25,6.035573e+16
2009-09-26,
2009-09-27,
2009-09-28,6.131662e+16
2009-09-29,6.123526e+16
2009-09-30,6.151789e+16
2009-10-01,6.045933e+16
2009-10-02,6.117199e+16
2009-10-03,
2009-10-04,
2009-10-05,6.23693e+16
2009-10-06,6.267059e+16
2009-10-07,6.263828e+16
2009-10-08,6.375987e+16
2009-10-09,6.407101e+16
2009-10-10,
2009-10-11,
2009-10-12,
2009-10-13,6.464559e+16
2009-10-14,6.620113000000001e+16
2009-10-15,6.670332000000001e+16
2009-10-16,6.620049000000001e+16
2009-10-17,
2009-10-18,
2009-10-19,6.723945e+16
2009-10-20,6.530311e+16
2009-10-21,6.548559e+16
2009-10-22,6.613497e+16
2009-10-23,6.505884e+16
2009-10-24,
2009-10-25,
2009-10-26,6.508555e+16
2009-10-27,6.316104e+16
2009-10-28,6.016231e+16
2009-10-29,6.372058e+16
2009-10-30,6.15455e+16
2009-10-31,
2009-11-01,
2009-11-02,
2009-11-03,6.264323e+16
2009-11-04,6.391257e+16
2009-11-05,6.481572e+16
2009-11-06,6.446613e+16
2009-11-07,
2009-11-08,
2009-11-09,6.621435000000001e+16
2009-11-10,6.630349000000001e+16
2009-11-11,6.643124000000001e+16
2009-11-12,6.444793e+16
2009-11-13,6.532563e+16
2009-11-14,
2009-11-15,
2009-11-16,6.662710000000001e+16
2009-11-17,6.740597999999999e+16
2009-11-18,6.651566e+16
2009-11-19,6.632728e+16
2009-11-20,
2009-11-21,
2009-11-22,
2009-11-23,6.680939999999999e+16
2009-11-24,6.7317e+16
2009-11-25,6.791708e+16
2009-11-26,6.63918e+16
2009-11-27,6.708214999999999e+16
2009-11-28,
2009-11-29,
2009-11-30,6.704444e+16
2009-12-01,6.840839999999999e+16
2009-12-02,6.861478999999999e+16
2009-12-03,6.831482000000001e+16
2009-12-04,6.760352000000001e+16
2009-12-05,
2009-12-06,
2009-12-07,6.851219e+16
2009-12-08,6.772850999999999e+16
2009-12-09,6.801199000000001e+16
2009-12-10,6.872828999999999e+16
2009-12-11,6.926747e+16
2009-12-12,
2009-12-13,
2009-12-14,6.934939999999999e+16
2009-12-15,6.931081e+16
2009-12-16,6.862239999999999e+16
2009-12-17,6.706796000000001e+16
2009-12-18,6.679421000000001e+16
2009-12-19,
2009-12-20,
2009-12-21,6.592519e+16
2009-12-22,6.741792999999999e+16
2009-12-23,6.758886e+16
2009-12-24,
2009-12-25,
2009-12-26,
2009-12-27,
2009-12-28,6.79017e+16
2009-12-29,6.829603999999999e+16
2009-12-30,6.858841e+16
2009-12-31,
2010-01-01,
2010-01-02,
2010-01-03,
2010-01-04,7.004508e+16
2010-01-05,7.023982000000001e+16
2010-01-06,7.072934e+16
2010-01-07,7.045111999999999e+16
2010-01-08,7.02627e+16
2010-01-09,
2010-01-10,
2010-01-11,7.043349000000001e+16
2010-01-12,7.007578e+16
2010-01-13,7.038547e+16
2010-01-14,6.980142e+16
2010-01-15,6.89783e+16
2010-01-16,
2010-01-17,
2010-01-18,6.940092999999999e+16
2010-01-19,6.990859e+16
2010-01-20,6.820007000000001e+16
2010-01-21,6.627014e+16
2010-01-22,6.622003999999999e+16
2010-01-23,
2010-01-24,
2010-01-25,
2010-01-26,6.552373e+16
2010-01-27,6.506979e+16
2010-01-28,6.558781e+16
2010-01-29,6.540177e+16
2010-01-30,
2010-01-31,
2010-02-01,6.657174000000001e+16
2010-02-02,6.716321000000001e+16
2010-02-03,6.710856e+16
2010-02-04,6.393401e+16
2010-02-05,6.27627e+16
2010-02-06,
2010-02-07,
2010-02-08,6.315309e+16
2010-02-09,6.471817e+16
2010-02-10,6.505142e+16
2010-02-11,6.612894e+16
2010-02-12,6.585497e+16
2010-02-13,
2010-02-14,
2010-02-15,
2010-02-16,
2010-02-17,6.728457000000001e+16
2010-02-18,6.783608e+16
2010-02-19,6.759742999999999e+16
2010-02-20,
2010-02-21,
2010-02-22,6.718416e+16
2010-02-23,6.610833e+16
2010-02-24,6.579477000000001e+16
2010-02-25,6.612103999999999e+16
2010-02-26,6.650327000000001e+16
2010-02-27,
2010-02-28,
2010-03-01,6.722792999999999e+16
2010-03-02,6.777916e+16
2010-03-03,6.764134e+16
2010-03-04,6.781471000000001e+16
2010-03-05,6.88465e+16
2010-03-06,
2010-03-07,
2010-03-08,6.857547e+16
2010-03-09,6.957638000000001e+16
2010-03-10,6.997928e+16
2010-03-11,6.988461e+16
2010-03-12,6.934138000000001e+16
2010-03-13,
2010-03-14,
2010-03-15,6.902375e+16
2010-03-16,6.994221000000001e+16
2010-03-17,6.972324000000001e+16
2010-03-18,6.969733e+16
2010-03-19,6.882897999999999e+16
2010-03-20,
2010-03-21,
2010-03-22,6.904172999999999e+16
2010-03-23,6.938672e+16
2010-03-24,6.891339999999999e+16
2010-03-25,6.844166e+16
2010-03-26,6.868266e+16
2010-03-27,
2010-03-28,
2010-03-29,6.993911999999999e+16
2010-03-30,6.995958e+16
2010-03-31,7.037153999999999e+16
2010-04-01,7.113634e+16
2010-04-02,
2010-04-03,
2010-04-04,
2010-04-05,7.128967999999999e+16
2010-04-06,7.109564999999999e+16
2010-04-07,7.079294e+16
2010-04-08,7.178478e+16
2010-04-09,7.141727000000001e+16
2010-04-10,
2010-04-11,
2010-04-12,7.061436e+16
2010-04-13,7.079239999999999e+16
2010-04-14,7.103485000000001e+16
2010-04-15,7.052435000000001e+16
2010-04-16,6.942135000000001e+16
2010-04-17,
2010-04-18,
2010-04-19,6.909758e+16
2010-04-20,6.931844e+16
2010-04-21,
2010-04-22,6.938641e+16
2010-04-23,6.950949000000001e+16
2010-04-24,
2010-04-25,
2010-04-26,6.887194e+16
2010-04-27,6.651110000000001e+16
2010-04-28,6.665571000000001e+16
2010-04-29,6.797805e+16
2010-04-30,6.752972999999999e+16
2010-05-01,
2010-05-02,
2010-05-03,6.711941e+16
2010-05-04,6.486932e+16
2010-05-05,6.491417e+16
2010-05-06,6.341422e+16
2010-05-07,6.287088e+16
2010-05-08,
2010-05-09,
2010-05-10,6.545268e+16
2010-05-11,6.442489e+16
2010-05-12,6.522363e+16
2010-05-13,6.478822e+16
2010-05-14,6.341247e+16
2010-05-15,
2010-05-16,
2010-05-17,6.286626e+16
2010-05-18,6.084108e+16
2010-05-19,5.968932e+16
2010-05-20,5.819208e+16
2010-05-21,6.025933e+16
2010-05-22,
2010-05-23,
2010-05-24,5.991514e+16
2010-05-25,5.918408e+16
2010-05-26,6.019036e+16
2010-05-27,6.209177e+16
2010-05-28,6.194699e+16
2010-05-29,
2010-05-30,
2010-05-31,6.304651e+16
2010-06-01,6.184099e+16
2010-06-02,6.294291e+16
2010-06-03,
2010-06-04,6.167575e+16
2010-06-05,
2010-06-06,
2010-06-07,6.118292e+16
2010-06-08,6.179364e+16
2010-06-09,6.147861e+16
2010-06-10,6.30488e+16
2010-06-11,6.360538e+16
2010-06-12,
2010-06-13,
2010-06-14,6.353285e+16
2010-06-15,6.444227e+16
2010-06-16,6.475071e+16
2010-06-17,6.454091e+16
2010-06-18,6.443758e+16
2010-06-19,
2010-06-20,
2010-06-21,6.482903e+16
2010-06-22,6.481062e+16
2010-06-23,6.516033e+16
2010-06-24,6.39367e+16
2010-06-25,6.482383e+16
2010-06-26,
2010-06-27,
2010-06-28,6.422522e+16
2010-06-29,6.197791e+16
2010-06-30,6.09359e+16
2010-07-01,6.12362e+16
2010-07-02,6.142979e+16
2010-07-03,
2010-07-04,
2010-07-05,6.086527e+16
2010-07-06,6.206475e+16
2010-07-07,6.32838e+16
2010-07-08,6.347632e+16
2010-07-09,
2010-07-10,
2010-07-11,
2010-07-12,6.29601e+16
2010-07-13,6.368556e+16
2010-07-14,6.347946e+16
2010-07-15,6.348937e+16
2010-07-16,6.233927e+16
2010-07-17,
2010-07-18,
2010-07-19,6.329704e+16
2010-07-20,6.44625e+16
2010-07-21,6.447684e+16
2010-07-22,6.574810000000001e+16
2010-07-23,6.632299000000001e+16
2010-07-24,
2010-07-25,
2010-07-26,6.644325999999999e+16
2010-07-27,6.667444e+16
2010-07-28,6.680825e+16
2010-07-29,6.695383e+16
2010-07-30,6.751539999999999e+16
2010-07-31,
2010-08-01,
2010-08-02,6.851746000000001e+16
2010-08-03,6.799736e+16
2010-08-04,6.8272e+16
2010-08-05,6.841172e+16
2010-08-06,6.809475999999999e+16
2010-08-07,
2010-08-08,
2010-08-09,6.786228e+16
2010-08-10,6.722322999999999e+16
2010-08-11,6.579028999999999e+16
2010-08-12,6.596617e+16
2010-08-13,6.626442999999999e+16
2010-08-14,
2010-08-15,
2010-08-16,6.670189e+16
2010-08-17,6.758377000000001e+16
2010-08-18,6.763838000000001e+16
2010-08-19,6.688713000000001e+16
2010-08-20,6.667716e+16
2010-08-21,
2010-08-22,
2010-08-23,6.598186e+16
2010-08-24,6.515636e+16
2010-08-25,6.480343e+16
2010-08-26,6.386748e+16
2010-08-27,6.558514e+16
2010-08-28,
2010-08-29,
2010-08-30,6.426079e+16
2010-08-31,6.514545e+16
2010-09-01,6.707253e+16
2010-09-02,6.680808e+16
2010-09-03,6.667861999999999e+16
2010-09-04,
2010-09-05,
2010-09-06,6.67473e+16
2010-09-07,
2010-09-08,6.640728e+16
2010-09-09,6.662410000000001e+16
2010-09-10,6.680678999999999e+16
2010-09-11,
2010-09-12,
2010-09-13,6.803058e+16
2010-09-14,6.769185000000001e+16
2010-09-15,6.810685000000001e+16
2010-09-16,6.766299000000001e+16
2010-09-17,6.708911999999999e+16
2010-09-18,
2010-09-19,
2010-09-20,6.819046000000001e+16
2010-09-21,6.771913000000001e+16
2010-09-22,6.832517999999999e+16
2010-09-23,6.879432000000001e+16
2010-09-24,6.819647999999999e+16
2010-09-25,
2010-09-26,
2010-09-27,6.881597e+16
2010-09-28,6.922763000000001e+16
2010-09-29,6.922824000000001e+16
2010-09-30,6.942978e+16
2010-10-01,7.022935000000001e+16
2010-10-02,
2010-10-03,
2010-10-04,7.038492e+16
2010-10-05,7.128311e+16
2010-10-06,7.054136999999999e+16
2010-10-07,6.991839999999999e+16
2010-10-08,7.08088e+16
2010-10-09,
2010-10-10,
2010-10-11,7.094649000000001e+16
2010-10-12,
2010-10-13,7.167489999999999e+16
2010-10-14,7.169228999999999e+16
2010-10-15,7.183017999999999e+16
2010-10-16,
2010-10-17,
2010-10-18,7.173553e+16
2010-10-19,6.986358e+16
2010-10-20,7.040467999999999e+16
2010-10-21,6.965210000000001e+16
2010-10-22,6.952972999999999e+16
2010-10-23,
2010-10-24,
2010-10-25,6.958028e+16
2010-10-26,7.074039e+16
2010-10-27,7.056894e+16
2010-10-28,7.032013000000001e+16
2010-10-29,7.06733e+16
2010-10-30,
2010-10-31,
2010-11-01,7.156092999999999e+16
2010-11-02,
2010-11-03,7.190477000000001e+16
2010-11-04,7.299569e+16
2010-11-05,7.260658e+16
2010-11-06,
2010-11-07,
2010-11-08,7.265737e+16
2010-11-09,7.167947e+16
2010-11-10,7.163838000000001e+16
2010-11-11,7.119516e+16
2010-11-12,7.036714999999999e+16
2010-11-13,
2010-11-14,
2010-11-15,
2010-11-16,6.919241e+16
2010-11-17,6.970863000000001e+16
2010-11-18,7.078139999999999e+16
2010-11-19,7.089789999999999e+16
2010-11-20,
2010-11-21,
2010-11-22,6.96325e+16
2010-11-23,6.795255e+16
2010-11-24,6.962936e+16
2010-11-25,6.936163000000001e+16
2010-11-26,6.822610000000001e+16
2010-11-27,
2010-11-28,
2010-11-29,6.790817999999999e+16
2010-11-30,6.770539999999999e+16
2010-12-01,6.934585000000001e+16
2010-12-02,6.952707000000001e+16
2010-12-03,6.976609e+16
2010-12-04,
2010-12-05,
2010-12-06,6.955181e+16
2010-12-07,6.933764e+16
2010-12-08,6.817492e+16
2010-12-09,6.787946000000001e+16
2010-12-10,6.834183e+16
2010-12-11,
2010-12-12,
2010-12-13,6.912632000000001e+16
2010-12-14,6.874297e+16
2010-12-15,6.787014e+16
2010-12-16,6.730639e+16
2010-12-17,6.798122e+16
2010-12-18,
2010-12-19,
2010-12-20,6.726360000000001e+16
2010-12-21,6.821486e+16
2010-12-22,6.847075999999999e+16
2010-12-23,6.848596000000001e+16
2010-12-24,
2010-12-25,
2010-12-26,
2010-12-27,6.780316e+16
2010-12-28,6.804094e+16
2010-12-29,6.895242e+16
2010-12-30,6.930481e+16
2010-12-31,
2011-01-01,
2011-01-02,
2011-01-03,6.996232000000001e+16
2011-01-04,7.031778999999999e+16
2011-01-05,7.109103e+16
2011-01-06,7.057883e+16
2011-01-07,7.00572e+16
2011-01-08,
2011-01-09,
2011-01-10,7.012703999999999e+16
2011-01-11,7.042344e+16
2011-01-12,7.163289999999999e+16
2011-01-13,7.072144e+16
2011-01-14,7.094022e+16
2011-01-15,
2011-01-16,
2011-01-17,7.060907000000001e+16
2011-01-18,7.091975e+16
2011-01-19,7.005808e+16
2011-01-20,6.956153e+16
2011-01-21,6.913309e+16
2011-01-22,
2011-01-23,
2011-01-24,6.942657000000001e+16
2011-01-25,
2011-01-26,6.870922e+16
2011-01-27,6.805071000000001e+16
2011-01-28,6.669757000000001e+16
2011-01-29,
2011-01-30,
2011-01-31,6.657488000000001e+16
2011-02-01,6.784734e+16
2011-02-02,6.668847999999999e+16
2011-02-03,6.676484e+16
2011-02-04,6.526915e+16
2011-02-05,
2011-02-06,
2011-02-07,6.536204e+16
2011-02-08,6.577133e+16
2011-02-09,6.421752e+16
2011-02-10,6.457783e+16
2011-02-11,6.575566e+16
2011-02-12,
2011-02-13,
2011-02-14,6.655755e+16
2011-02-15,6.634139e+16
2011-02-16,6.757661999999999e+16
2011-02-17,6.768499000000001e+16
2011-02-18,6.806682000000001e+16
2011-02-19,
2011-02-20,
2011-02-21,6.725866e+16
2011-02-22,6.643983e+16
2011-02-23,6.691047999999999e+16
2011-02-24,6.694899000000001e+16
2011-02-25,6.690253e+16
2011-02-26,
2011-02-27,
2011-02-28,6.738322e+16
2011-03-01,6.624263000000001e+16
2011-03-02,6.728150999999999e+16
2011-03-03,6.814553e+16
2011-03-04,6.801210000000001e+16
2011-03-05,
2011-03-06,
2011-03-07,
2011-03-08,
2011-03-09,6.726375e+16
2011-03-10,6.604066e+16
2011-03-11,6.668460000000001e+16
2011-03-12,
2011-03-13,
2011-03-14,6.716925e+16
2011-03-15,6.700522e+16
2011-03-16,6.600257000000001e+16
2011-03-17,6.621592999999999e+16
2011-03-18,6.687989e+16
2011-03-19,
2011-03-20,
2011-03-21,6.668961e+16
2011-03-22,6.757833e+16
2011-03-23,6.779550999999999e+16
2011-03-24,6.753297e+16
2011-03-25,6.776594e+16
2011-03-26,
2011-03-27,
2011-03-28,6.719282000000001e+16
2011-03-29,6.741875999999999e+16
2011-03-30,6.799706e+16
2011-03-31,6.85867e+16
2011-04-01,6.926828999999999e+16
2011-04-02,
2011-04-03,
2011-04-04,6.97038e+16
2011-04-05,6.983752000000001e+16
2011-04-06,6.903691e+16
2011-04-07,6.917611999999999e+16
2011-04-08,6.871800999999999e+16
2011-04-09,
2011-04-10,
2011-04-11,6.816436e+16
2011-04-12,6.689622999999999e+16
2011-04-13,6.648649000000001e+16
2011-04-14,6.627889e+16
2011-04-15,6.668421000000001e+16
2011-04-16,
2011-04-17,
2011-04-18,6.541549e+16
2011-04-19,6.615809e+16
2011-04-20,6.705802000000001e+16
2011-04-21,
2011-04-22,
2011-04-23,
2011-04-24,
2011-04-25,6.697236999999999e+16
2011-04-26,6.714425999999999e+16
2011-04-27,6.626447e+16
2011-04-28,6.567321000000001e+16
2011-04-29,6.613286e+16
2011-04-30,
2011-05-01,
2011-05-02,6.546275e+16
2011-05-03,6.431818e+16
2011-05-04,6.36155e+16
2011-05-05,6.340701e+16
2011-05-06,6.441734e+16
2011-05-07,
2011-05-08,
2011-05-09,6.462197e+16
2011-05-10,6.487688e+16
2011-05-11,6.377582e+16
2011-05-12,6.400316e+16
2011-05-13,6.32353e+16
2011-05-14,
2011-05-15,
2011-05-16,6.282968e+16
2011-05-17,6.367334e+16
2011-05-18,6.284061e+16
2011-05-19,6.236736e+16
2011-05-20,6.259652e+16
2011-05-21,
2011-05-22,
2011-05-23,6.234518e+16
2011-05-24,6.333675e+16
2011-05-25,6.338844e+16
2011-05-26,6.409857e+16
2011-05-27,6.429496e+16
2011-05-28,
2011-05-29,
2011-05-30,6.395393e+16
2011-05-31,6.462008e+16
2011-06-01,6.341148e+16
2011-06-02,6.421808e+16
2011-06-03,6.43405e+16
2011-06-04,
2011-06-05,
2011-06-06,6.306773e+16
2011-06-07,6.321785e+16
2011-06-08,6.303297e+16
2011-06-09,6.346882e+16
2011-06-10,6.269716e+16
2011-06-11,
2011-06-12,
2011-06-13,6.202292e+16
2011-06-14,6.220483e+16
2011-06-15,6.160374e+16
2011-06-16,6.088062e+16
2011-06-17,6.105998e+16
2011-06-18,
2011-06-19,
2011-06-20,6.116824e+16
2011-06-21,6.142361e+16
2011-06-22,6.119409e+16
2011-06-23,
2011-06-24,6.101672e+16
2011-06-25,
2011-06-26,
2011-06-27,6.121698e+16
2011-06-28,6.230337e+16
2011-06-29,6.233397e+16
2011-06-30,6.240364e+16
2011-07-01,6.339434e+16
2011-07-02,
2011-07-03,
2011-07-04,6.389131e+16
2011-07-05,6.303881e+16
2011-07-06,6.256546e+16
2011-07-07,6.220733e+16
2011-07-08,6.151324e+16
2011-07-09,
2011-07-10,
2011-07-11,6.022363e+16
2011-07-12,5.970475e+16
2011-07-13,6.066989e+16
2011-07-14,5.967935e+16
2011-07-15,5.947801e+16
2011-07-16,
2011-07-17,
2011-07-18,5.883761e+16
2011-07-19,5.908213e+16
2011-07-20,5.911971e+16
2011-07-21,6.026295e+16
2011-07-22,6.027047e+16
2011-07-23,
2011-07-24,
2011-07-25,5.997054e+16
2011-07-26,5.93399e+16
2011-07-27,5.828846e+16
2011-07-28,5.870825e+16
2011-07-29,5.882345e+16
2011-07-30,
2011-07-31,
2011-08-01,5.853574e+16
2011-08-02,5.731078e+16
2011-08-03,5.601722e+16
2011-08-04,5.281136e+16
2011-08-05,5.294922e+16
2011-08-06,
2011-08-07,
2011-08-08,4.866829e+16
2011-08-09,5.11509e+16
2011-08-10,5.139529e+16
2011-08-11,5.334311e+16
2011-08-12,5.347335e+16
2011-08-13,
2011-08-14,
2011-08-15,5.465183e+16
2011-08-16,5.432361e+16
2011-08-17,5.507302e+16
2011-08-18,5.31341e+16
2011-08-19,5.244763e+16
2011-08-20,
2011-08-21,
2011-08-22,5.244023e+16
2011-08-23,5.378663e+16
2011-08-24,5.37957e+16
2011-08-25,5.29533e+16
2011-08-26,5.335079e+16
2011-08-27,
2011-08-28,
2011-08-29,5.486073e+16
2011-08-30,5.538503e+16
2011-08-31,5.649512e+16
2011-09-01,5.81182e+16
2011-09-02,5.653162e+16
2011-09-03,
2011-09-04,
2011-09-05,5.499841e+16
2011-09-06,5.66073e+16
2011-09-07,
2011-09-08,5.762363e+16
2011-09-09,5.577839e+16
2011-09-10,
2011-09-11,
2011-09-12,5.568547e+16
2011-09-13,5.554397e+16
2011-09-14,5.628604e+16
2011-09-15,5.638146e+16
2011-09-16,5.721011e+16
2011-09-17,
2011-09-18,
2011-09-19,5.710278e+16
2011-09-20,5.637863e+16
2011-09-21,5.59819e+16
2011-09-22,5.328028e+16
2011-09-23,5.323036e+16
2011-09-24,
2011-09-25,
2011-09-26,5.374752e+16
2011-09-27,5.392036e+16
2011-09-28,5.327036e+16
2011-09-29,5.338467e+16
2011-09-30,5.232442e+16
2011-10-01,
2011-10-02,
2011-10-03,5.079153e+16
2011-10-04,5.068634e+16
2011-10-05,5.101385e+16
2011-10-06,5.229037e+16
2011-10-07,5.124362e+16
2011-10-08,
2011-10-09,
2011-10-10,5.327311e+16
2011-10-11,5.383847e+16
2011-10-12,
2011-10-13,5.460107e+16
2011-10-14,5.503045e+16
2011-10-15,
2011-10-16,
2011-10-17,5.391133e+16
2011-10-18,5.503193e+16
2011-10-19,5.496613e+16
2011-10-20,5.400998e+16
2011-10-21,5.525523e+16
2011-10-22,
2011-10-23,
2011-10-24,5.689197e+16
2011-10-25,5.628599e+16
2011-10-26,5.714379e+16
2011-10-27,5.927013e+16
2011-10-28,5.951313e+16
2011-10-29,
2011-10-30,
2011-10-31,5.833839e+16
2011-11-01,5.732275e+16
2011-11-02,
2011-11-03,5.81963e+16
2011-11-04,5.866992e+16
2011-11-05,
2011-11-06,
2011-11-07,5.919877e+16
2011-11-08,5.902613e+16
2011-11-09,5.754974e+16
2011-11-10,5.732181e+16
2011-11-11,5.854697e+16
2011-11-12,
2011-11-13,
2011-11-14,5.825823e+16
2011-11-15,
2011-11-16,5.855999e+16
2011-11-17,5.69889e+16
2011-11-18,5.673134e+16
2011-11-19,
2011-11-20,
2011-11-21,5.628459e+16
2011-11-22,5.587844e+16
2011-11-23,5.497208e+16
2011-11-24,5.527988e+16
2011-11-25,5.489449e+16
2011-11-26,
2011-11-27,
2011-11-28,5.601735e+16
2011-11-29,5.529976e+16
2011-11-30,5.687498e+16
2011-12-01,5.814342e+16
2011-12-02,5.788585e+16
2011-12-03,
2011-12-04,
2011-12-05,5.891048e+16
2011-12-06,5.953616e+16
2011-12-07,5.866283e+16
2011-12-08,5.745502e+16
2011-12-09,5.823646e+16
2011-12-10,
2011-12-11,
2011-12-12,5.734686e+16
2011-12-13,5.749485e+16
2011-12-14,5.664687e+16
2011-12-15,5.633115e+16
2011-12-16,5.609693e+16
2011-12-17,
2011-12-18,
2011-12-19,5.529833e+16
2011-12-20,5.686485e+16
2011-12-21,5.665337e+16
2011-12-22,5.734787e+16
2011-12-23,5.770107e+16
2011-12-24,
2011-12-25,
2011-12-26,5.766948e+16
2011-12-27,5.80052e+16
2011-12-28,5.653376e+16
2011-12-29,5.675408e+16
2011-12-30,
2011-12-31,
2012-01-01,
2012-01-02,5.782927e+16
2012-01-03,5.926487e+16
2012-01-04,5.936495e+16
2012-01-05,5.854608e+16
2012-01-06,5.860037e+16
2012-01-07,
2012-01-08,
2012-01-09,5.908288e+16
2012-01-10,5.980596e+16
2012-01-11,5.99624e+16
2012-01-12,5.992078e+16
2012-01-13,5.914658e+16
2012-01-14,
2012-01-15,
2012-01-16,5.995646e+16
2012-01-17,6.06459e+16
2012-01-18,6.172286e+16
2012-01-19,6.192669e+16
2012-01-20,6.231213e+16
2012-01-21,
2012-01-22,
2012-01-23,6.238624e+16
2012-01-24,6.248622e+16
2012-01-25,
2012-01-26,6.295306e+16
2012-01-27,6.29042e+16
2012-01-28,
2012-01-29,
2012-01-30,6.277001e+16
2012-01-31,6.307231e+16
2012-02-01,6.456718e+16
2012-02-02,6.45931e+16
2012-02-03,6.521737e+16
2012-02-04,
2012-02-05,
2012-02-06,6.522372e+16
2012-02-07,6.591702000000001e+16
2012-02-08,6.583116e+16
2012-02-09,6.553049e+16
2012-02-10,6.399786e+16
2012-02-11,
2012-02-12,
2012-02-13,6.569153e+16
2012-02-14,6.503853e+16
2012-02-15,6.536849e+16
2012-02-16,6.61417e+16
2012-02-17,6.62035e+16
2012-02-18,
2012-02-19,
2012-02-20,
2012-02-21,
2012-02-22,6.609277000000001e+16
2012-02-23,6.581961999999999e+16
2012-02-24,6.594272999999999e+16
2012-02-25,
2012-02-26,
2012-02-27,6.524149e+16
2012-02-28,6.595878e+16
2012-02-29,6.581172999999999e+16
2012-03-01,6.68098e+16
2012-03-02,6.778160000000001e+16
2012-03-03,
2012-03-04,
2012-03-05,6.696403e+16
2012-03-06,6.511415e+16
2012-03-07,6.601675999999999e+16
2012-03-08,6.690839e+16
2012-03-09,6.670396000000001e+16
2012-03-10,
2012-03-11,
2012-03-12,6.638475999999999e+16
2012-03-13,6.839433e+16
2012-03-14,6.825722e+16
2012-03-15,6.774949000000001e+16
2012-03-16,6.768413000000001e+16
2012-03-17,
2012-03-18,
2012-03-19,6.773031e+16
2012-03-20,6.729556e+16
2012-03-21,6.686005e+16
2012-03-22,6.582819e+16
2012-03-23,6.581295e+16
2012-03-24,
2012-03-25,
2012-03-26,6.668459e+16
2012-03-27,6.603735000000001e+16
2012-03-28,6.507934e+16
2012-03-29,6.487199e+16
2012-03-30,6.451097e+16
2012-03-31,
2012-04-01,
2012-04-02,6.521625e+16
2012-04-03,6.428426e+16
2012-04-04,6.352865e+16
2012-04-05,6.369118e+16
2012-04-06,
2012-04-07,
2012-04-08,
2012-04-09,6.292321e+16
2012-04-10,6.173828e+16
2012-04-11,6.129314e+16
2012-04-12,6.3058e+16
2012-04-13,6.21056e+16
2012-04-14,
2012-04-15,
2012-04-16,6.195455e+16
2012-04-17,6.269887e+16
2012-04-18,6.301048e+16
2012-04-19,6.261841e+16
2012-04-20,6.249408e+16
2012-04-21,
2012-04-22,
2012-04-23,6.153938e+16
2012-04-24,6.197114e+16
2012-04-25,6.175038e+16
2012-04-26,6.219806e+16
2012-04-27,6.169121e+16
2012-04-28,
2012-04-29,
2012-04-30,6.182026e+16
2012-05-01,
2012-05-02,6.242356e+16
2012-05-03,6.210415e+16
2012-05-04,6.082093e+16
2012-05-05,
2012-05-06,
2012-05-07,6.122043e+16
2012-05-08,6.036548e+16
2012-05-09,5.978612e+16
2012-05-10,5.970205e+16
2012-05-11,5.944521e+16
2012-05-12,
2012-05-13,
2012-05-14,5.753961e+16
2012-05-15,5.623797e+16
2012-05-16,5.588757e+16
2012-05-17,5.40382e+16
2012-05-18,5.451316e+16
2012-05-19,
2012-05-20,
2012-05-21,5.659024e+16
2012-05-22,5.503875e+16
2012-05-23,5.461948e+16
2012-05-24,5.4063e+16
2012-05-25,5.446316e+16
2012-05-26,
2012-05-27,
2012-05-28,5.521269e+16
2012-05-29,5.463306e+16
2012-05-30,5.379791e+16
2012-05-31,5.449041e+16
2012-06-01,5.34029e+16
2012-06-02,
2012-06-03,
2012-06-04,5.341675e+16
2012-06-05,5.248144e+16
2012-06-06,5.415604e+16
2012-06-07,
2012-06-08,5.442985e+16
2012-06-09,
2012-06-10,
2012-06-11,5.400145e+16
2012-06-12,5.504903e+16
2012-06-13,5.565051e+16
2012-06-14,5.535167e+16
2012-06-15,5.610469e+16
2012-06-16,
2012-06-17,
2012-06-18,5.619521e+16
2012-06-19,5.719549e+16
2012-06-20,5.716655e+16
2012-06-21,5.550517e+16
2012-06-22,5.54395e+16
2012-06-23,
2012-06-24,
2012-06-25,5.380538e+16
2012-06-26,5.383657e+16
2012-06-27,5.310893e+16
2012-06-28,5.265225e+16
2012-06-29,5.435463e+16
2012-06-30,
2012-07-01,
2012-07-02,5.469279e+16
2012-07-03,5.578032e+16
2012-07-04,5.607682e+16
2012-07-05,5.637906e+16
2012-07-06,5.539405e+16
2012-07-07,
2012-07-08,
2012-07-09,
2012-07-10,5.370582e+16
2012-07-11,5.356914e+16
2012-07-12,5.342087e+16
2012-07-13,5.433051e+16
2012-07-14,
2012-07-15,
2012-07-16,5.34018e+16
2012-07-17,5.390947e+16
2012-07-18,5.458313e+16
2012-07-19,5.534665e+16
2012-07-20,5.419479e+16
2012-07-21,
2012-07-22,
2012-07-23,5.303396e+16
2012-07-24,5.263863e+16
2012-07-25,5.260754e+16
2012-07-26,5.400272e+16
2012-07-27,5.655312e+16
2012-07-28,
2012-07-29,
2012-07-30,5.724092e+16
2012-07-31,5.609705e+16
2012-08-01,5.629193e+16
2012-08-02,5.55204e+16
2012-08-03,5.725522e+16
2012-08-04,
2012-08-05,
2012-08-06,5.834461e+16
2012-08-07,5.772566e+16
2012-08-08,5.895098e+16
2012-08-09,5.879713e+16
2012-08-10,5.928093e+16
2012-08-11,
2012-08-12,
2012-08-13,5.912274e+16
2012-08-14,5.808292e+16
2012-08-15,5.818928e+16
2012-08-16,5.944579e+16
2012-08-17,5.908237e+16
2012-08-18,
2012-08-19,
2012-08-20,5.928309e+16
2012-08-21,5.891773e+16
2012-08-22,5.938076e+16
2012-08-23,5.851155e+16
2012-08-24,5.842576e+16
2012-08-25,
2012-08-26,
2012-08-27,5.811146e+16
2012-08-28,5.84064e+16
2012-08-29,5.736919e+16
2012-08-30,5.725643e+16
2012-08-31,5.706145e+16
2012-09-01,
2012-09-02,
2012-09-03,5.728145e+16
2012-09-04,5.62339e+16
2012-09-05,5.686391e+16
2012-09-06,5.832124e+16
2012-09-07,
2012-09-08,
2012-09-09,
2012-09-10,5.84041e+16
2012-09-11,5.942255e+16
2012-09-12,5.99218e+16
2012-09-13,6.195812e+16
2012-09-14,6.210547e+16
2012-09-15,
2012-09-16,
2012-09-17,6.180598e+16
2012-09-18,6.180433e+16
2012-09-19,6.165183e+16
2012-09-20,6.168797e+16
2012-09-21,6.132007e+16
2012-09-22,
2012-09-23,
2012-09-24,6.190999e+16
2012-09-25,6.05011e+16
2012-09-26,6.047805e+16
2012-09-27,6.023979e+16
2012-09-28,5.91758e+16
2012-09-29,
2012-09-30,
2012-10-01,5.95708e+16
2012-10-02,5.922208e+16
2012-10-03,5.862733e+16
2012-10-04,5.8458e+16
2012-10-05,5.857159e+16
2012-10-06,
2012-10-07,
2012-10-08,5.931715e+16
2012-10-09,5.893946e+16
2012-10-10,5.845628e+16
2012-10-11,5.916172e+16
2012-10-12,
2012-10-13,
2012-10-14,
2012-10-15,5.960171e+16
2012-10-16,5.974387e+16
2012-10-17,6.008729e+16
2012-10-18,5.97339e+16
2012-10-19,5.892204e+16
2012-10-20,
2012-10-21,
2012-10-22,5.87003e+16
2012-10-23,5.769024e+16
2012-10-24,5.716074e+16
2012-10-25,5.783678e+16
2012-10-26,5.727681e+16
2012-10-27,
2012-10-28,
2012-10-29,5.717658e+16
2012-10-30,5.768376e+16
2012-10-31,5.706818e+16
2012-11-01,5.838268e+16
2012-11-02,
2012-11-03,
2012-11-04,
2012-11-05,5.820976e+16
2012-11-06,5.945859e+16
2012-11-07,5.851735e+16
2012-11-08,5.752445e+16
2012-11-09,5.735771e+16
2012-11-10,
2012-11-11,
2012-11-12,5.706431e+16
2012-11-13,5.748607e+16
2012-11-14,5.627936e+16
2012-11-15,
2012-11-16,5.540233e+16
2012-11-17,
2012-11-18,
2012-11-19,5.645086e+16
2012-11-20,
2012-11-21,5.624212e+16
2012-11-22,5.643697e+16
2012-11-23,5.757403e+16
2012-11-24,
2012-11-25,
2012-11-26,5.67371e+16
2012-11-27,5.624809e+16
2012-11-28,5.65394e+16
2012-11-29,5.785253e+16
2012-11-30,5.747457e+16
2012-12-01,
2012-12-02,
2012-12-03,5.820235e+16
2012-12-04,5.756323e+16
2012-12-05,5.767862e+16
2012-12-06,5.765642e+16
2012-12-07,5.848732e+16
2012-12-08,
2012-12-09,
2012-12-10,5.924823e+16
2012-12-11,5.962334e+16
2012-12-12,5.947418e+16
2012-12-13,5.931675e+16
2012-12-14,5.960492e+16
2012-12-15,
2012-12-16,
2012-12-17,5.956652e+16
2012-12-18,6.046073e+16
2012-12-19,6.099834e+16
2012-12-20,6.127612e+16
2012-12-21,6.100703e+16
2012-12-22,
2012-12-23,
2012-12-24,
2012-12-25,
2012-12-26,6.095979e+16
2012-12-27,6.041595e+16
2012-12-28,6.095208e+16
2012-12-29,
2012-12-30,
2012-12-31,
2013-01-01,
2013-01-02,6.25501e+16
2013-01-03,6.331246e+16
2013-01-04,6.252306e+16
2013-01-05,
2013-01-06,
2013-01-07,6.193254e+16
2013-01-08,6.112784e+16
2013-01-09,6.157858e+16
2013-01-10,6.167831e+16
2013-01-11,6.149743e+16
2013-01-12,
2013-01-13,
2013-01-14,6.208079e+16
2013-01-15,6.172761e+16
2013-01-16,6.178735e+16
2013-01-17,6.219406e+16
2013-01-18,6.195614e+16
2013-01-19,
2013-01-20,
2013-01-21,6.189971e+16
2013-01-22,6.169229e+16
2013-01-23,6.196626e+16
2013-01-24,6.116983e+16
2013-01-25,
2013-01-26,
2013-01-27,
2013-01-28,6.002707e+16
2013-01-29,6.040633e+16
2013-01-30,5.93367e+16
2013-01-31,5.976149e+16
2013-02-01,6.035116e+16
2013-02-02,
2013-02-03,
2013-02-04,5.957566e+16
2013-02-05,5.944497e+16
2013-02-06,5.895107e+16
2013-02-07,5.837246e+16
2013-02-08,5.849783e+16
2013-02-09,
2013-02-10,
2013-02-11,
2013-02-12,
2013-02-13,5.840574e+16
2013-02-14,5.807731e+16
2013-02-15,5.79033e+16
2013-02-16,
2013-02-17,
2013-02-18,5.76139e+16
2013-02-19,5.73144e+16
2013-02-20,5.61776e+16
2013-02-21,5.615468e+16
2013-02-22,5.669706e+16
2013-02-23,
2013-02-24,
2013-02-25,5.661756e+16
2013-02-26,5.694887e+16
2013-02-27,5.727388e+16
2013-02-28,5.742429e+16
2013-03-01,5.688399e+16
2013-03-02,
2013-03-03,
2013-03-04,5.649917e+16
2013-03-05,5.595073e+16
2013-03-06,5.794014e+16
2013-03-07,5.884681e+16
2013-03-08,5.843275e+16
2013-03-09,
2013-03-10,
2013-03-11,5.854479e+16
2013-03-12,5.820861e+16
2013-03-13,5.73859e+16
2013-03-14,5.728102e+16
2013-03-15,5.686928e+16
2013-03-16,
2013-03-17,
2013-03-18,5.697296e+16
2013-03-19,5.636124e+16
2013-03-20,5.603003e+16
2013-03-21,5.557667e+16
2013-03-22,5.52434e+16
2013-03-23,
2013-03-24,
2013-03-25,5.487312e+16
2013-03-26,5.567139e+16
2013-03-27,5.603429e+16
2013-03-28,5.635209e+16
2013-03-29,
2013-03-30,
2013-03-31,
2013-04-01,5.590218e+16
2013-04-02,5.48891e+16
2013-04-03,5.556274e+16
2013-04-04,5.464815e+16
2013-04-05,5.50506e+16
2013-04-06,
2013-04-07,
2013-04-08,5.509231e+16
2013-04-09,5.591204e+16
2013-04-10,5.618656e+16
2013-04-11,5.540091e+16
2013-04-12,5.496265e+16
2013-04-13,
2013-04-14,
2013-04-15,5.294993e+16
2013-04-16,5.399083e+16
2013-04-17,5.288196e+16
2013-04-18,5.316591e+16
2013-04-19,5.392892e+16
2013-04-20,
2013-04-21,
2013-04-22,5.429773e+16
2013-04-23,5.488475e+16
2013-04-24,5.498423e+16
2013-04-25,5.496332e+16
2013-04-26,5.425204e+16
2013-04-27,
2013-04-28,
2013-04-29,5.488725e+16
2013-04-30,5.591037e+16
2013-05-01,
2013-05-02,5.532193e+16
2013-05-03,5.548808e+16
2013-05-04,
2013-05-05,
2013-05-06,5.542988e+16
2013-05-07,5.627466e+16
2013-05-08,5.58048e+16
2013-05-09,5.544756e+16
2013-05-10,5.51078e+16
2013-05-11,
2013-05-12,
2013-05-13,5.444777e+16
2013-05-14,5.466682e+16
2013-05-15,5.493641e+16
2013-05-16,5.477262e+16
2013-05-17,5.516427e+16
2013-05-18,
2013-05-19,
2013-05-20,5.570077e+16
2013-05-21,5.626532e+16
2013-05-22,5.642927e+16
2013-05-23,5.634991e+16
2013-05-24,5.640621e+16
2013-05-25,
2013-05-26,
2013-05-27,5.639594e+16
2013-05-28,5.603626e+16
2013-05-29,5.463469e+16
2013-05-30,
2013-05-31,5.350608e+16
2013-06-01,
2013-06-02,
2013-06-03,5.394436e+16
2013-06-04,5.40179e+16
2013-06-05,5.279863e+16
2013-06-06,5.288483e+16
2013-06-07,5.161863e+16
2013-06-08,
2013-06-09,
2013-06-10,5.131665e+16
2013-06-11,4.976993e+16
2013-06-12,4.918058e+16
2013-06-13,5.041489e+16
2013-06-14,4.933234e+16
2013-06-15,
2013-06-16,
2013-06-17,4.908865e+16
2013-06-18,4.946494e+16
2013-06-19,4.789306e+16
2013-06-20,4.821443e+16
2013-06-21,4.705604e+16
2013-06-22,
2013-06-23,
2013-06-24,4.596505e+16
2013-06-25,4.689304e+16
2013-06-26,4.717198e+16
2013-06-27,4.760946e+16
2013-06-28,4.745713e+16
2013-06-29,
2013-06-30,
2013-07-01,4.722959e+16
2013-07-02,4.522895e+16
2013-07-03,4.504403e+16
2013-07-04,4.576316e+16
2013-07-05,4.521049e+16
2013-07-06,
2013-07-07,
2013-07-08,4.50755e+16
2013-07-09,
2013-07-10,4.548343e+16
2013-07-11,4.662626e+16
2013-07-12,4.553324e+16
2013-07-13,
2013-07-14,
2013-07-15,4.67389e+16
2013-07-16,4.686929e+16
2013-07-17,4.740731e+16
2013-07-18,4.765692e+16
2013-07-19,4.740023e+16
2013-07-20,
2013-07-21,
2013-07-22,4.857409e+16
2013-07-23,4.881952e+16
2013-07-24,4.837423e+16
2013-07-25,4.906675e+16
2013-07-26,4.942205e+16
2013-07-27,
2013-07-28,
2013-07-29,4.921233e+16
2013-07-30,4.856178e+16
2013-07-31,4.823449e+16
2013-08-01,4.914078e+16
2013-08-02,4.847404e+16
2013-08-03,
2013-08-04,
2013-08-05,4.843644e+16
2013-08-06,4.742185e+16
2013-08-07,4.744671e+16
2013-08-08,4.892882e+16
2013-08-09,4.98749e+16
2013-08-10,
2013-08-11,
2013-08-12,5.029949e+16
2013-08-13,5.060055e+16
2013-08-14,5.089592e+16
2013-08-15,5.090834e+16
2013-08-16,5.153878e+16
2013-08-17,
2013-08-18,
2013-08-19,5.157409e+16
2013-08-20,5.050702e+16
2013-08-21,5.04052e+16
2013-08-22,5.139766e+16
2013-08-23,5.219706e+16
2013-08-24,
2013-08-25,
2013-08-26,5.142948e+16
2013-08-27,5.009155e+16
2013-08-28,4.986692e+16
2013-08-29,4.992188e+16
2013-08-30,5.001175e+16
2013-08-31,
2013-09-01,
2013-09-02,5.183515e+16
2013-09-03,5.16255e+16
2013-09-04,5.171616e+16
2013-09-05,5.235186e+16
2013-09-06,5.374942e+16
2013-09-07,
2013-09-08,
2013-09-09,5.425185e+16
2013-09-10,5.397903e+16
2013-09-11,5.357046e+16
2013-09-12,5.330709e+16
2013-09-13,5.379751e+16
2013-09-14,
2013-09-15,
2013-09-16,5.382163e+16
2013-09-17,5.427125e+16
2013-09-18,5.57029e+16
2013-09-19,5.509569e+16
2013-09-20,5.411003e+16
2013-09-21,
2013-09-22,
2013-09-23,5.460238e+16
2013-09-24,5.443105e+16
2013-09-25,5.426111e+16
2013-09-26,5.378297e+16
2013-09-27,5.373892e+16
2013-09-28,
2013-09-29,
2013-09-30,5.233819e+16
2013-10-01,5.317946e+16
2013-10-02,5.310018e+16
2013-10-03,5.248986e+16
2013-10-04,5.284897e+16
2013-10-05,
2013-10-06,
2013-10-07,5.24171e+16
2013-10-08,5.231244e+16
2013-10-09,5.254771e+16
2013-10-10,5.299664e+16
2013-10-11,5.314962e+16
2013-10-12,
2013-10-13,
2013-10-14,5.41706e+16
2013-10-15,5.498064e+16
2013-10-16,5.597303e+16
2013-10-17,5.535813e+16
2013-10-18,5.537846e+16
2013-10-19,
2013-10-20,
2013-10-21,5.607743e+16
2013-10-22,5.646038e+16
2013-10-23,5.544003e+16
2013-10-24,5.487715e+16
2013-10-25,5.415415e+16
2013-10-26,
2013-10-27,
2013-10-28,5.507337e+16
2013-10-29,5.45388e+16
2013-10-30,5.417282e+16
2013-10-31,5.42562e+16
2013-11-01,5.401324e+16
2013-11-02,
2013-11-03,
2013-11-04,5.443692e+16
2013-11-05,5.383185e+16
2013-11-06,5.33846e+16
2013-11-07,5.274079e+16
2013-11-08,5.224886e+16
2013-11-09,
2013-11-10,
2013-11-11,5.262387e+16
2013-11-12,5.180433e+16
2013-11-13,5.223029e+16
2013-11-14,5.34516e+16
2013-11-15,
2013-11-16,
2013-11-17,
2013-11-18,5.430704e+16
2013-11-19,5.303291e+16
2013-11-20,
2013-11-21,5.268802e+16
2013-11-22,5.280074e+16
2013-11-23,
2013-11-24,
2013-11-25,5.226351e+16
2013-11-26,5.144691e+16
2013-11-27,5.186121e+16
2013-11-28,5.184683e+16
2013-11-29,5.248249e+16
2013-11-30,
2013-12-01,
2013-12-02,5.124487e+16
2013-12-03,5.034889e+16
2013-12-04,5.021579e+16
2013-12-05,5.078763e+16
2013-12-06,5.094427e+16
2013-12-07,
2013-12-08,
2013-12-09,5.116538e+16
2013-12-10,5.099302e+16
2013-12-11,5.006799e+16
2013-12-12,5.012161e+16
2013-12-13,5.005118e+16
2013-12-14,
2013-12-15,
2013-12-16,5.027961e+16
2013-12-17,5.009035e+16
2013-12-18,5.056343e+16
2013-12-19,5.163343e+16
2013-12-20,5.118574e+16
2013-12-21,
2013-12-22,
2013-12-23,5.13561e+16
2013-12-24,
2013-12-25,
2013-12-26,5.122101e+16
2013-12-27,5.126656e+16
2013-12-28,
2013-12-29,
2013-12-30,5.150716e+16
2013-12-31,
2014-01-01,
2014-01-02,5.034125e+16
2014-01-03,5.098109e+16
2014-01-04,
2014-01-05,
2014-01-06,5.097362e+16
2014-01-07,5.043002e+16
2014-01-08,5.057664e+16
2014-01-09,4.932168e+16
2014-01-10,4.969645e+16
2014-01-11,
2014-01-12,
2014-01-13,4.94269e+16
2014-01-14,4.97031e+16
2014-01-15,5.010537e+16
2014-01-16,4.969628e+16
2014-01-17,4.918186e+16
2014-01-18,
2014-01-19,
2014-01-20,4.870841e+16
2014-01-21,4.854207e+16
2014-01-22,4.929966e+16
2014-01-23,4.832064e+16
2014-01-24,4.778738e+16
2014-01-25,
2014-01-26,
2014-01-27,4.770105e+16
2014-01-28,4.784093e+16
2014-01-29,4.755678e+16
2014-01-30,4.724426e+16
2014-01-31,4.763899e+16
2014-02-01,
2014-02-02,
2014-02-03,4.614752e+16
2014-02-04,4.696422e+16
2014-02-05,4.662439e+16
2014-02-06,4.773809e+16
2014-02-07,4.80736e+16
2014-02-08,
2014-02-09,
2014-02-10,4.771082e+16
2014-02-11,4.846279e+16
2014-02-12,4.821689e+16
2014-02-13,4.781283e+16
2014-02-14,4.820111e+16
2014-02-15,
2014-02-16,
2014-02-17,4.757633e+16
2014-02-18,4.659976e+16
2014-02-19,4.715083e+16
2014-02-20,4.728861e+16
2014-02-21,4.738024e+16
2014-02-22,
2014-02-23,
2014-02-24,4.73935e+16
2014-02-25,4.671591e+16
2014-02-26,4.659921e+16
2014-02-27,4.760675e+16
2014-02-28,4.70944e+16
2014-03-01,
2014-03-02,
2014-03-03,
2014-03-04,
2014-03-05,4.6589e+16
2014-03-06,4.709313e+16
2014-03-07,4.624407e+16
2014-03-08,
2014-03-09,
2014-03-10,4.55332e+16
2014-03-11,4.569762e+16
2014-03-12,4.586181e+16
2014-03-13,4.544383e+16
2014-03-14,4.496566e+16
2014-03-15,
2014-03-16,
2014-03-17,4.51178e+16
2014-03-18,4.615096e+16
2014-03-19,4.656723e+16
2014-03-20,4.727848e+16
2014-03-21,4.738094e+16
2014-03-22,
2014-03-23,
2014-03-24,4.799342e+16
2014-03-25,4.818014e+16
2014-03-26,4.796561e+16
2014-03-27,4.964679e+16
2014-03-28,4.976806e+16
2014-03-29,
2014-03-30,
2014-03-31,5.041492e+16
2014-04-01,5.027037e+16
2014-04-02,5.170105e+16
2014-04-03,5.140821e+16
2014-04-04,5.108178e+16
2014-04-05,
2014-04-06,
2014-04-07,5.215528e+16
2014-04-08,5.162907e+16
2014-04-09,5.11854e+16
2014-04-10,5.112748e+16
2014-04-11,5.186729e+16
2014-04-12,
2014-04-13,
2014-04-14,5.159655e+16
2014-04-15,5.045435e+16
2014-04-16,5.120056e+16
2014-04-17,5.211185e+16
2014-04-18,
2014-04-19,
2014-04-20,
2014-04-21,
2014-04-22,5.197686e+16
2014-04-23,5.156969e+16
2014-04-24,5.181745e+16
2014-04-25,5.139935e+16
2014-04-26,
2014-04-27,
2014-04-28,5.138368e+16
2014-04-29,5.183861e+16
2014-04-30,5.162669e+16
2014-05-01,
2014-05-02,5.298031e+16
2014-05-03,
2014-05-04,
2014-05-05,5.344617e+16
2014-05-06,5.377974e+16
2014-05-07,5.405274e+16
2014-05-08,5.342237e+16
2014-05-09,5.310034e+16
2014-05-10,
2014-05-11,
2014-05-12,5.40529e+16
2014-05-13,5.390746e+16
2014-05-14,5.441254e+16
2014-05-15,5.385554e+16
2014-05-16,5.397576e+16
2014-05-17,
2014-05-18,
2014-05-19,5.33531e+16
2014-05-20,5.236619e+16
2014-05-21,5.220337e+16
2014-05-22,5.280622e+16
2014-05-23,5.262641e+16
2014-05-24,
2014-05-25,
2014-05-26,5.293291e+16
2014-05-27,5.217398e+16
2014-05-28,5.263975e+16
2014-05-29,5.223934e+16
2014-05-30,5.123934e+16
2014-05-31,
2014-06-01,
2014-06-02,5.160583e+16
2014-06-03,5.203238e+16
2014-06-04,5.183298e+16
2014-06-05,5.155879e+16
2014-06-06,5.312866e+16
2014-06-07,
2014-06-08,
2014-06-09,5.427316e+16
2014-06-10,5.460434e+16
2014-06-11,5.510244e+16
2014-06-12,
2014-06-13,5.480664e+16
2014-06-14,
2014-06-15,
2014-06-16,5.462955e+16
2014-06-17,5.429995e+16
2014-06-18,5.520254e+16
2014-06-19,
2014-06-20,5.463819e+16
2014-06-21,
2014-06-22,
2014-06-23,5.421005e+16
2014-06-24,5.428078e+16
2014-06-25,5.342574e+16
2014-06-26,5.350675e+16
2014-06-27,5.31573e+16
2014-06-28,
2014-06-29,
2014-06-30,5.316822e+16
2014-07-01,5.317149e+16
2014-07-02,5.302878e+16
2014-07-03,5.387458e+16
2014-07-04,5.40559e+16
2014-07-05,
2014-07-06,
2014-07-07,5.380183e+16
2014-07-08,5.363469e+16
2014-07-09,
2014-07-10,5.459275e+16
2014-07-11,5.478593e+16
2014-07-12,
2014-07-13,
2014-07-14,5.574398e+16
2014-07-15,5.597361e+16
2014-07-16,5.571736e+16
2014-07-17,5.563751e+16
2014-07-18,5.70129e+16
2014-07-19,
2014-07-20,
2014-07-21,5.763392e+16
2014-07-22,5.798332e+16
2014-07-23,5.741996e+16
2014-07-24,5.797756e+16
2014-07-25,5.782108e+16
2014-07-26,
2014-07-27,
2014-07-28,5.769572e+16
2014-07-29,5.711881e+16
2014-07-30,5.687797e+16
2014-07-31,5.582941e+16
2014-08-01,5.590287e+16
2014-08-02,
2014-08-03,
2014-08-04,5.661633e+16
2014-08-05,5.62021e+16
2014-08-06,5.648718e+16
2014-08-07,5.618805e+16
2014-08-08,5.557293e+16
2014-08-09,
2014-08-10,
2014-08-11,5.661332e+16
2014-08-12,5.644234e+16
2014-08-13,5.558119e+16
2014-08-14,5.578041e+16
2014-08-15,5.696365e+16
2014-08-16,
2014-08-17,
2014-08-18,5.756072e+16
2014-08-19,5.844929e+16
2014-08-20,5.887824e+16
2014-08-21,5.899211e+16
2014-08-22,5.840732e+16
2014-08-23,
2014-08-24,
2014-08-25,5.973517e+16
2014-08-26,5.982145e+16
2014-08-27,6.095057e+16
2014-08-28,6.029087e+16
2014-08-29,6.128815e+16
2014-08-30,
2014-08-31,
2014-09-01,6.114127e+16
2014-09-02,6.189598e+16
2014-09-03,6.183704e+16
2014-09-04,6.080002e+16
2014-09-05,6.068198e+16
2014-09-06,
2014-09-07,
2014-09-08,5.919275e+16
2014-09-09,5.867634e+16
2014-09-10,5.819866e+16
2014-09-11,5.833729e+16
2014-09-12,5.692781e+16
2014-09-13,
2014-09-14,
2014-09-15,5.794876e+16
2014-09-16,5.911466e+16
2014-09-17,5.910819e+16
2014-09-18,5.837448e+16
2014-09-19,5.77887e+16
2014-09-20,
2014-09-21,
2014-09-22,5.681811e+16
2014-09-23,5.65405e+16
2014-09-24,5.682442e+16
2014-09-25,5.596208e+16
2014-09-26,5.721238e+16
2014-09-27,
2014-09-28,
2014-09-29,5.462535e+16
2014-09-30,5.411598e+16
2014-10-01,5.285843e+16
2014-10-02,5.351857e+16
2014-10-03,5.453955e+16
2014-10-04,
2014-10-05,
2014-10-06,5.71159e+16
2014-10-07,5.743633e+16
2014-10-08,5.705848e+16
2014-10-09,5.726753e+16
2014-10-10,5.531159e+16
2014-10-11,
2014-10-12,
2014-10-13,5.795653e+16
2014-10-14,5.801546e+16
2014-10-15,5.613527e+16
2014-10-16,5.429833e+16
2014-10-17,5.572379e+16
2014-10-18,
2014-10-19,
2014-10-20,5.430257e+16
2014-10-21,5.243243e+16
2014-10-22,5.241103e+16
2014-10-23,5.071326e+16
2014-10-24,5.194073e+16
2014-10-25,
2014-10-26,
2014-10-27,5.050366e+16
2014-10-28,5.233003e+16
2014-10-29,5.104932e+16
2014-10-30,5.233683e+16
2014-10-31,5.46286e+16
2014-11-01,
2014-11-02,
2014-11-03,5.394721e+16
2014-11-04,5.438359e+16
2014-11-05,5.369842e+16
2014-11-06,5.263706e+16
2014-11-07,5.322285e+16
2014-11-08,
2014-11-09,
2014-11-10,5.272538e+16
2014-11-11,5.247427e+16
2014-11-12,5.297889e+16
2014-11-13,5.184603e+16
2014-11-14,5.17724e+16
2014-11-15,
2014-11-16,
2014-11-17,5.125699e+16
2014-11-18,5.206186e+16
2014-11-19,5.340281e+16
2014-11-20,
2014-11-21,5.608404e+16
2014-11-22,
2014-11-23,
2014-11-24,5.540691e+16
2014-11-25,5.556081e+16
2014-11-26,5.509847e+16
2014-11-27,5.472132e+16
2014-11-28,5.4724e+16
2014-11-29,
2014-11-30,
2014-12-01,5.227658e+16
2014-12-02,5.161247e+16
2014-12-03,5.232048e+16
2014-12-04,5.142687e+16
2014-12-05,5.199289e+16
2014-12-06,
2014-12-07,
2014-12-08,5.027407e+16
2014-12-09,5.019347e+16
2014-12-10,4.954808e+16
2014-12-11,4.986181e+16
2014-12-12,4.800198e+16
2014-12-13,
2014-12-14,
2014-12-15,4.701868e+16
2014-12-16,4.700751e+16
2014-12-17,4.871364e+16
2014-12-18,4.84957e+16
2014-12-19,4.965098e+16
2014-12-20,
2014-12-21,
2014-12-22,5.012086e+16
2014-12-23,5.088981e+16
2014-12-24,
2014-12-25,
2014-12-26,5.014463e+16
2014-12-27,
2014-12-28,
2014-12-29,5.059382e+16
2014-12-30,5.000741e+16
2014-12-31,
2015-01-01,
2015-01-02,4.851222e+16
2015-01-03,
2015-01-04,
2015-01-05,4.751682e+16
2015-01-06,4.800092e+16
2015-01-07,4.946291e+16
2015-01-08,4.99433e+16
2015-01-09,4.884025e+16
2015-01-10,
2015-01-11,
2015-01-12,4.813974e+16
2015-01-13,4.804167e+16
2015-01-14,4.764587e+16
2015-01-15,4.802631e+16
2015-01-16,4.901652e+16
2015-01-17,
2015-01-18,
2015-01-19,4.775801e+16
2015-01-20,4.787666e+16
2015-01-21,4.922408e+16
2015-01-22,4.944262e+16
2015-01-23,4.87753e+16
2015-01-24,
2015-01-25,
2015-01-26,4.857655e+16
2015-01-27,4.859123e+16
2015-01-28,4.769454e+16
2015-01-29,4.776224e+16
2015-01-30,4.690768e+16
2015-01-31,
2015-02-01,
2015-02-02,4.765073e+16
2015-02-03,4.896366e+16
2015-02-04,4.930105e+16
2015-02-05,4.923385e+16
2015-02-06,4.879227e+16
2015-02-07,
2015-02-08,
2015-02-09,4.938258e+16
2015-02-10,4.851028e+16
2015-02-11,4.823967e+16
2015-02-12,4.953272e+16
2015-02-13,5.063592e+16
2015-02-14,
2015-02-15,
2015-02-16,
2015-02-17,
2015-02-18,5.128036e+16
2015-02-19,5.129403e+16
2015-02-20,5.12377e+16
2015-02-21,
2015-02-22,
2015-02-23,5.128064e+16
2015-02-24,5.187417e+16
2015-02-25,5.181102e+16
2015-02-26,5.176054e+16
2015-02-27,5.158309e+16
2015-02-28,
2015-03-01,
2015-03-02,5.102081e+16
2015-03-03,5.13041e+16
2015-03-04,5.046805e+16
2015-03-05,5.03652e+16
2015-03-06,4.998119e+16
2015-03-07,
2015-03-08,
2015-03-09,4.918101e+16
2015-03-10,4.82934e+16
2015-03-11,4.890558e+16
2015-03-12,4.88804e+16
2015-03-13,4.859581e+16
2015-03-14,
2015-03-15,
2015-03-16,4.884821e+16
2015-03-17,5.028512e+16
2015-03-18,5.152619e+16
2015-03-19,5.095353e+16
2015-03-20,5.196658e+16
2015-03-21,
2015-03-22,
2015-03-23,5.190846e+16
2015-03-24,5.150607e+16
2015-03-25,5.18583e+16
2015-03-26,5.057985e+16
2015-03-27,5.009466e+16
2015-03-28,
2015-03-29,
2015-03-30,5.124345e+16
2015-03-31,5.115016e+16
2015-04-01,5.232176e+16
2015-04-02,5.312302e+16
2015-04-03,
2015-04-04,
2015-04-05,
2015-04-06,5.373726e+16
2015-04-07,5.372916e+16
2015-04-08,5.366111e+16
2015-04-09,5.380266e+16
2015-04-10,5.421411e+16
2015-04-11,
2015-04-12,
2015-04-13,5.423977e+16
2015-04-14,5.398192e+16
2015-04-15,5.491874e+16
2015-04-16,5.467421e+16
2015-04-17,5.395479e+16
2015-04-18,
2015-04-19,
2015-04-20,5.376127e+16
2015-04-21,
2015-04-22,5.461736e+16
2015-04-23,5.568485e+16
2015-04-24,5.659422e+16
2015-04-25,
2015-04-26,
2015-04-27,5.55345e+16
2015-04-28,5.581203e+16
2015-04-29,5.532529e+16
2015-04-30,5.622938e+16
2015-05-01,
2015-05-02,
2015-05-03,
2015-05-04,5.735398e+16
2015-05-05,5.805161e+16
2015-05-06,5.710314e+16
2015-05-07,5.692139e+16
2015-05-08,5.714933e+16
2015-05-09,
2015-05-10,
2015-05-11,5.71971e+16
2015-05-12,5.679205e+16
2015-05-13,5.637204e+16
2015-05-14,5.665657e+16
2015-05-15,5.724863e+16
2015-05-16,
2015-05-17,
2015-05-18,5.620423e+16
2015-05-19,5.549882e+16
2015-05-20,5.490102e+16
2015-05-21,5.511205e+16
2015-05-22,5.437729e+16
2015-05-23,
2015-05-24,
2015-05-25,5.460925e+16
2015-05-26,5.362978e+16
2015-05-27,5.423625e+16
2015-05-28,5.397627e+16
2015-05-29,5.276047e+16
2015-05-30,
2015-05-31,
2015-06-01,5.303131e+16
2015-06-02,5.423643e+16
2015-06-03,5.35229e+16
2015-06-04,
2015-06-05,5.297337e+16
2015-06-06,
2015-06-07,
2015-06-08,5.280963e+16
2015-06-09,5.281599e+16
2015-06-10,5.387644e+16
2015-06-11,5.368851e+16
2015-06-12,5.334753e+16
2015-06-13,
2015-06-14,
2015-06-15,5.313753e+16
2015-06-16,5.370215e+16
2015-06-17,5.324854e+16
2015-06-18,5.423859e+16
2015-06-19,5.374941e+16
2015-06-20,
2015-06-21,
2015-06-22,5.386367e+16
2015-06-23,5.377243e+16
2015-06-24,5.384253e+16
2015-06-25,5.317566e+16
2015-06-26,5.401697e+16
2015-06-27,
2015-06-28,
2015-06-29,5.301421e+16
2015-06-30,5.308088e+16
2015-07-01,5.275753e+16
2015-07-02,5.310618e+16
2015-07-03,5.25194e+16
2015-07-04,
2015-07-05,
2015-07-06,5.214937e+16
2015-07-07,5.234371e+16
2015-07-08,5.178174e+16
2015-07-09,
2015-07-10,5.259072e+16
2015-07-11,
2015-07-12,
2015-07-13,5.311947e+16
2015-07-14,5.323917e+16
2015-07-15,5.290228e+16
2015-07-16,5.306975e+16
2015-07-17,5.23418e+16
2015-07-18,
2015-07-19,
2015-07-20,5.160007e+16
2015-07-21,5.147428e+16
2015-07-22,5.091578e+16
2015-07-23,4.980662e+16
2015-07-24,4.924584e+16
2015-07-25,
2015-07-26,
2015-07-27,4.873554e+16
2015-07-28,4.960159e+16
2015-07-29,5.024514e+16
2015-07-30,4.98974e+16
2015-07-31,5.086477e+16
2015-08-01,
2015-08-02,
2015-08-03,5.013804e+16
2015-08-04,5.005848e+16
2015-08-05,5.028727e+16
2015-08-06,5.001132e+16
2015-08-07,4.857732e+16
2015-08-08,
2015-08-09,
2015-08-10,4.9353e+16
2015-08-11,4.907234e+16
2015-08-12,4.838804e+16
2015-08-13,4.800956e+16
2015-08-14,4.75084e+16
2015-08-15,
2015-08-16,
2015-08-17,4.721742e+16
2015-08-18,4.745058e+16
2015-08-19,4.658839e+16
2015-08-20,4.664923e+16
2015-08-21,4.571964e+16
2015-08-22,
2015-08-23,
2015-08-24,4.433647e+16
2015-08-25,4.454485e+16
2015-08-26,4.603807e+16
2015-08-27,4.771527e+16
2015-08-28,4.715386e+16
2015-08-29,
2015-08-30,
2015-08-31,4.662552e+16
2015-09-01,4.547706e+16
2015-09-02,4.646396e+16
2015-09-03,4.736587e+16
2015-09-04,4.649772e+16
2015-09-05,
2015-09-06,
2015-09-07,
2015-09-08,4.676207e+16
2015-09-09,4.665709e+16
2015-09-10,4.650399e+16
2015-09-11,4.64005e+16
2015-09-12,
2015-09-13,
2015-09-14,4.728151e+16
2015-09-15,4.736406e+16
2015-09-16,4.855309e+16
2015-09-17,4.855107e+16
2015-09-18,4.726408e+16
2015-09-19,
2015-09-20,
2015-09-21,4.659019e+16
2015-09-22,4.62646e+16
2015-09-23,4.534011e+16
2015-09-24,4.529196e+16
2015-09-25,4.483146e+16
2015-09-26,
2015-09-27,
2015-09-28,4.395662e+16
2015-09-29,4.413182e+16
2015-09-30,4.505934e+16
2015-10-01,4.531327e+16
2015-10-02,4.703346e+16
2015-10-03,
2015-10-04,
2015-10-05,4.759806e+16
2015-10-06,4.773511e+16
2015-10-07,4.891432e+16
2015-10-08,4.910655e+16
2015-10-09,4.933841e+16
2015-10-10,
2015-10-11,
2015-10-12,
2015-10-13,4.736263e+16
2015-10-14,4.671043e+16
2015-10-15,4.716115e+16
2015-10-16,4.72361e+16
2015-10-17,
2015-10-18,
2015-10-19,4.744731e+16
2015-10-20,4.707655e+16
2015-10-21,4.702586e+16
2015-10-22,4.777214e+16
2015-10-23,4.759658e+16
2015-10-24,
2015-10-25,
2015-10-26,4.720932e+16
2015-10-27,4.704294e+16
2015-10-28,4.674084e+16
2015-10-29,4.562835e+16
2015-10-30,4.586881e+16
2015-10-31,
2015-11-01,
2015-11-02,
2015-11-03,4.805366e+16
2015-11-04,4.771009e+16
2015-11-05,4.804675e+16
2015-11-06,4.691851e+16
2015-11-07,
2015-11-08,
2015-11-09,4.619492e+16
2015-11-10,4.620656e+16
2015-11-11,4.706501e+16
2015-11-12,4.688357e+16
2015-11-13,4.651703e+16
2015-11-14,
2015-11-15,
2015-11-16,4.684687e+16
2015-11-17,4.72478e+16
2015-11-18,4.743557e+16
2015-11-19,4.813888e+16
2015-11-20,
2015-11-21,
2015-11-22,
2015-11-23,4.815027e+16
2015-11-24,4.828418e+16
2015-11-25,4.686663e+16
2015-11-26,4.714563e+16
2015-11-27,4.587291e+16
2015-11-28,
2015-11-29,
2015-11-30,4.512036e+16
2015-12-01,4.504675e+16
2015-12-02,4.491453e+16
2015-12-03,4.639326e+16
2015-12-04,4.536075e+16
2015-12-05,
2015-12-06,
2015-12-07,4.522269e+16
2015-12-08,4.444325e+16
2015-12-09,4.610802e+16
2015-12-10,4.56307e+16
2015-12-11,4.526272e+16
2015-12-12,
2015-12-13,
2015-12-14,4.474731e+16
2015-12-15,4.487246e+16
2015-12-16,4.501584e+16
2015-12-17,4.526147e+16
2015-12-18,4.391059e+16
2015-12-19,
2015-12-20,
2015-12-21,4.319995e+16
2015-12-22,4.346951e+16
2015-12-23,4.401493e+16
2015-12-24,
2015-12-25,
2015-12-26,
2015-12-27,
2015-12-28,4.376433e+16
2015-12-29,4.365396e+16
2015-12-30,4.334996e+16
2015-12-31,
2016-01-01,
2016-01-02,
2016-01-03,
2016-01-04,4.214103e+16
2016-01-05,4.241932e+16
2016-01-06,4.177314e+16
2016-01-07,4.069472e+16
2016-01-08,4.06122e+16
2016-01-09,
2016-01-10,
2016-01-11,3.995049e+16
2016-01-12,3.951382e+16
2016-01-13,3.894444e+16
2016-01-14,3.95001e+16
2016-01-15,3.856912e+16
2016-01-16,
2016-01-17,
2016-01-18,3.793727e+16
2016-01-19,3.805701e+16
2016-01-20,3.764547e+16
2016-01-21,3.77171e+16
2016-01-22,3.803122e+16
2016-01-23,
2016-01-24,
2016-01-25,
2016-01-26,3.749747e+16
2016-01-27,3.837636e+16
2016-01-28,3.863019e+16
2016-01-29,4.040599e+16
2016-01-30,
2016-01-31,
2016-02-01,4.057003e+16
2016-02-02,3.859616e+16
2016-02-03,3.958881e+16
2016-02-04,4.082173e+16
2016-02-05,4.059209e+16
2016-02-06,
2016-02-07,
2016-02-08,
2016-02-09,
2016-02-10,4.037658e+16
2016-02-11,3.93183e+16
2016-02-12,3.980804e+16
2016-02-13,
2016-02-14,
2016-02-15,4.009289e+16
2016-02-16,4.094769e+16
2016-02-17,4.163081e+16
2016-02-18,4.147763e+16
2016-02-19,4.15434e+16
2016-02-20,
2016-02-21,
2016-02-22,4.323485e+16
2016-02-23,4.252094e+16
2016-02-24,4.208455e+16
2016-02-25,4.18879e+16
2016-02-26,4.159307e+16
2016-02-27,
2016-02-28,
2016-02-29,4.279386e+16
2016-03-01,4.412179e+16
2016-03-02,4.489348e+16
2016-03-03,4.719339e+16
2016-03-04,4.908486e+16
2016-03-05,
2016-03-06,
2016-03-07,4.92461e+16
2016-03-08,4.910213e+16
2016-03-09,4.866509e+16
2016-03-10,4.95711e+16
2016-03-11,4.963867e+16
2016-03-12,
2016-03-13,
2016-03-14,4.886733e+16
2016-03-15,4.713002e+16
2016-03-16,4.776343e+16
2016-03-17,5.091378e+16
2016-03-18,5.081465e+16
2016-03-19,
2016-03-20,
2016-03-21,5.117154e+16
2016-03-22,5.101019e+16
2016-03-23,4.969004e+16
2016-03-24,4.965739e+16
2016-03-25,
2016-03-26,
2016-03-27,
2016-03-28,5.083822e+16
2016-03-29,5.115499e+16
2016-03-30,5.124892e+16
2016-03-31,5.005527e+16
2016-04-01,5.056152e+16
2016-04-02,
2016-04-03,
2016-04-04,4.877998e+16
2016-04-05,4.905361e+16
2016-04-06,4.809624e+16
2016-04-07,4.85131e+16
2016-04-08,5.029292e+16
2016-04-09,
2016-04-10,
2016-04-11,5.016547e+16
2016-04-12,5.200186e+16
2016-04-13,5.314984e+16
2016-04-14,5.241101e+16
2016-04-15,5.322774e+16
2016-04-16,
2016-04-17,
2016-04-18,5.289407e+16
2016-04-19,5.371004e+16
2016-04-20,5.363093e+16
2016-04-21,
2016-04-22,5.290787e+16
2016-04-23,
2016-04-24,
2016-04-25,5.186171e+16
2016-04-26,5.30825e+16
2016-04-27,5.447778e+16
2016-04-28,5.431196e+16
2016-04-29,5.39105e+16
2016-04-30,
2016-05-01,
2016-05-02,5.356153e+16
2016-05-03,5.226018e+16
2016-05-04,5.255279e+16
2016-05-05,5.167104e+16
2016-05-06,5.171782e+16
2016-05-07,
2016-05-08,
2016-05-09,5.099006e+16
2016-05-10,5.30709e+16
2016-05-11,5.276446e+16
2016-05-12,5.324131e+16
2016-05-13,5.18043e+16
2016-05-14,
2016-05-15,
2016-05-16,5.180292e+16
2016-05-17,5.083944e+16
2016-05-18,5.05617e+16
2016-05-19,5.013253e+16
2016-05-20,4.972274e+16
2016-05-21,
2016-05-22,
2016-05-23,4.933042e+16
2016-05-24,4.934518e+16
2016-05-25,4.948285e+16
2016-05-26,
2016-05-27,4.905149e+16
2016-05-28,
2016-05-29,
2016-05-30,4.896434e+16
2016-05-31,4.84717e+16
2016-06-01,4.901265e+16
2016-06-02,4.988724e+16
2016-06-03,5.061949e+16
2016-06-04,
2016-06-05,
2016-06-06,5.04318e+16
2016-06-07,5.048785e+16
2016-06-08,5.162929e+16
2016-06-09,5.111846e+16
2016-06-10,4.942215e+16
2016-06-11,
2016-06-12,
2016-06-13,4.966079e+16
2016-06-14,4.864829e+16
2016-06-15,4.891474e+16
2016-06-16,4.941161e+16
2016-06-17,4.953384e+16
2016-06-18,
2016-06-19,
2016-06-20,5.032936e+16
2016-06-21,5.08378e+16
2016-06-22,5.01563e+16
2016-06-23,5.155981e+16
2016-06-24,5.010526e+16
2016-06-25,
2016-06-26,
2016-06-27,4.924553e+16
2016-06-28,5.000656e+16
2016-06-29,5.10019e+16
2016-06-30,5.152692e+16
2016-07-01,5.223304e+16
2016-07-02,
2016-07-03,
2016-07-04,5.256865e+16
2016-07-05,5.184227e+16
2016-07-06,5.19018e+16
2016-07-07,5.201465e+16
2016-07-08,5.314074e+16
2016-07-09,
2016-07-10,
2016-07-11,5.396011e+16
2016-07-12,5.42564e+16
2016-07-13,5.459828e+16
2016-07-14,5.548086e+16
2016-07-15,5.557823e+16
2016-07-16,
2016-07-17,
2016-07-18,5.648421e+16
2016-07-19,5.669806e+16
2016-07-20,5.657804e+16
2016-07-21,5.664148e+16
2016-07-22,5.700208e+16
2016-07-23,
2016-07-24,
2016-07-25,5.687272e+16
2016-07-26,5.678275e+16
2016-07-27,5.685284e+16
2016-07-28,5.666711e+16
2016-07-29,5.73082e+16
2016-07-30,
2016-07-31,
2016-08-01,5.675576e+16
2016-08-02,5.616238e+16
2016-08-03,5.707691e+16
2016-08-04,5.759389e+16
2016-08-05,5.766114e+16
2016-08-06,
2016-08-07,
2016-08-08,5.763542e+16
2016-08-09,5.768941e+16
2016-08-10,5.691977e+16
2016-08-11,5.829957e+16
2016-08-12,5.82984e+16
2016-08-13,
2016-08-14,
2016-08-15,5.914597e+16
2016-08-16,5.885543e+16
2016-08-17,5.932383e+16
2016-08-18,5.916601e+16
2016-08-19,5.909892e+16
2016-08-20,
2016-08-21,
2016-08-22,5.778124e+16
2016-08-23,5.802003e+16
2016-08-24,5.771788e+16
2016-08-25,5.772213e+16
2016-08-26,5.771624e+16
2016-08-27,
2016-08-28,
2016-08-29,5.861039e+16
2016-08-30,5.857542e+16
2016-08-31,5.79011e+16
2016-09-01,5.823626e+16
2016-09-02,5.961639e+16
2016-09-03,
2016-09-04,
2016-09-05,5.956634e+16
2016-09-06,6.012943e+16
2016-09-07,
2016-09-08,6.023165e+16
2016-09-09,5.799972e+16
2016-09-10,
2016-09-11,
2016-09-12,5.858611e+16
2016-09-13,5.682077e+16
2016-09-14,5.705946e+16
2016-09-15,5.790948e+16
2016-09-16,5.707975e+16
2016-09-17,
2016-09-18,
2016-09-19,5.735037e+16
2016-09-20,5.773645e+16
2016-09-21,5.839392e+16
2016-09-22,5.899416e+16
2016-09-23,5.8697e+16
2016-09-24,
2016-09-25,
2016-09-26,5.805353e+16
2016-09-27,5.838248e+16
2016-09-28,5.935576e+16
2016-09-29,5.835056e+16
2016-09-30,5.836704e+16
2016-10-01,
2016-10-02,
2016-10-03,5.946122e+16
2016-10-04,5.933922e+16
2016-10-05,6.025434e+16
2016-10-06,6.064424e+16
2016-10-07,6.110898e+16
2016-10-08,
2016-10-09,
2016-10-10,6.166833e+16
2016-10-11,6.102184e+16
2016-10-12,
2016-10-13,6.111858e+16
2016-10-14,6.176721e+16
2016-10-15,
2016-10-16,
2016-10-17,6.26961e+16
2016-10-18,6.37822e+16
2016-10-19,6.35056e+16
2016-10-20,6.383785e+16
2016-10-21,6.410808e+16
2016-10-22,
2016-10-23,
2016-10-24,6.405989e+16
2016-10-25,6.38662e+16
2016-10-26,6.382568e+16
2016-10-27,6.42495e+16
2016-10-28,6.430763e+16
2016-10-29,
2016-10-30,
2016-10-31,6.492451e+16
2016-11-01,6.332641e+16
2016-11-02,
2016-11-03,6.175017e+16
2016-11-04,6.159839e+16
2016-11-05,
2016-11-06,
2016-11-07,6.405165e+16
2016-11-08,6.415767e+16
2016-11-09,6.325826e+16
2016-11-10,6.120095e+16
2016-11-11,5.91835e+16
2016-11-12,
2016-11-13,
2016-11-14,5.965746e+16
2016-11-15,
2016-11-16,6.075931e+16
2016-11-17,5.977047e+16
2016-11-18,5.996176e+16
2016-11-19,
2016-11-20,
2016-11-21,6.107027e+16
2016-11-22,6.195447e+16
2016-11-23,6.19859e+16
2016-11-24,6.139553e+16
2016-11-25,6.155907e+16
2016-11-26,
2016-11-27,
2016-11-28,6.285549e+16
2016-11-29,6.098651e+16
2016-11-30,6.190635e+16
2016-12-01,5.950654e+16
2016-12-02,6.031612e+16
2016-12-03,
2016-12-04,
2016-12-05,5.983172e+16
2016-12-06,6.108824e+16
2016-12-07,6.14144e+16
2016-12-08,6.067656e+16
2016-12-09,6.050061e+16
2016-12-10,
2016-12-11,
2016-12-12,5.917861e+16
2016-12-13,5.928057e+16
2016-12-14,5.821211e+16
2016-12-15,5.839616e+16
2016-12-16,5.838904e+16
2016-12-17,
2016-12-18,
2016-12-19,5.711099e+16
2016-12-20,5.758289e+16
2016-12-21,5.764652e+16
2016-12-22,5.725522e+16
2016-12-23,5.79371e+16
2016-12-24,
2016-12-25,
2016-12-26,5.862026e+16
2016-12-27,5.869669e+16
2016-12-28,5.978163e+16
2016-12-29,6.022728e+16
2016-12-30,
2016-12-31,
2017-01-01,
2017-01-02,5.95887e+16
2017-01-03,6.181383e+16
2017-01-04,6.158905e+16
2017-01-05,6.207098e+16
2017-01-06,6.166536e+16
2017-01-07,
2017-01-08,
2017-01-09,6.170029e+16
2017-01-10,6.21318e+16
2017-01-11,6.244626e+16
2017-01-12,6.395393e+16
2017-01-13,6.365151e+16
2017-01-14,
2017-01-15,
2017-01-16,6.383127e+16
2017-01-17,6.435433e+16
2017-01-18,6.414957e+16
2017-01-19,6.395086e+16
2017-01-20,6.452118e+16
2017-01-21,
2017-01-22,
2017-01-23,6.574861999999999e+16
2017-01-24,6.584009e+16
2017-01-25,
2017-01-26,6.619061999999999e+16
2017-01-27,6.603397999999999e+16
2017-01-28,
2017-01-29,
2017-01-30,6.430173e+16
2017-01-31,6.467078e+16
2017-02-01,6.483612e+16
2017-02-02,6.457821e+16
2017-02-03,6.495393e+16
2017-02-04,
2017-02-05,
2017-02-06,6.399293e+16
2017-02-07,6.419889e+16
2017-02-08,6.48354e+16
2017-02-09,6.496488e+16
2017-02-10,6.612452000000001e+16
2017-02-11,
2017-02-12,
2017-02-13,6.696764e+16
2017-02-14,6.671288000000001e+16
2017-02-15,6.797558e+16
2017-02-16,6.781424000000001e+16
2017-02-17,6.774841e+16
2017-02-18,
2017-02-19,
2017-02-20,6.853285000000001e+16
2017-02-21,6.905202000000001e+16
2017-02-22,6.858953999999999e+16
2017-02-23,6.746139e+16
2017-02-24,6.666210000000001e+16
2017-02-25,
2017-02-26,
2017-02-27,
2017-02-28,
2017-03-01,6.698886999999999e+16
2017-03-02,6.585492999999999e+16
2017-03-03,6.678553e+16
2017-03-04,
2017-03-05,
2017-03-06,6.634136e+16
2017-03-07,6.574232000000001e+16
2017-03-08,6.471801e+16
2017-03-09,6.458523e+16
2017-03-10,6.467546e+16
2017-03-11,
2017-03-12,
2017-03-13,6.55343e+16
2017-03-14,6.469946e+16
2017-03-15,6.623486999999999e+16
2017-03-16,6.578285000000001e+16
2017-03-17,6.420993e+16
2017-03-18,
2017-03-19,
2017-03-20,6.488426e+16
2017-03-21,6.298037e+16
2017-03-22,6.352133e+16
2017-03-23,6.353078e+16
2017-03-24,6.385377e+16
2017-03-25,
2017-03-26,
2017-03-27,6.430838e+16
2017-03-28,6.464045e+16
2017-03-29,6.552828e+16
2017-03-30,6.526598e+16
2017-03-31,6.498406e+16
2017-04-01,
2017-04-02,
2017-04-03,6.521147e+16
2017-04-04,6.576891e+16
2017-04-05,6.477476e+16
2017-04-06,6.422272e+16
2017-04-07,6.45931e+16
2017-04-08,
2017-04-09,
2017-04-10,6.464981e+16
2017-04-11,6.435979e+16
2017-04-12,6.389167e+16
2017-04-13,6.282628e+16
2017-04-14,
2017-04-15,
2017-04-16,
2017-04-17,6.433492e+16
2017-04-18,6.415884e+16
2017-04-19,6.340697e+16
2017-04-20,6.376062e+16
2017-04-21,
2017-04-22,
2017-04-23,
2017-04-24,6.438901e+16
2017-04-25,6.514834e+16
2017-04-26,6.486192e+16
2017-04-27,6.467655e+16
2017-04-28,6.540324e+16
2017-04-29,
2017-04-30,
2017-05-01,
2017-05-02,6.672174000000001e+16
2017-05-03,6.609378e+16
2017-05-04,6.48626e+16
2017-05-05,6.570972999999999e+16
2017-05-06,
2017-05-07,
2017-05-08,6.552604e+16
2017-05-09,6.627767e+16
2017-05-10,6.734972e+16
2017-05-11,6.753761e+16
2017-05-12,6.822194e+16
2017-05-13,
2017-05-14,
2017-05-15,6.847417999999999e+16
2017-05-16,6.868449000000001e+16
2017-05-17,6.754025e+16
2017-05-18,6.159705e+16
2017-05-19,6.26393e+16
2017-05-20,
2017-05-21,
2017-05-22,6.167349e+16
2017-05-23,6.266248e+16
2017-05-24,6.325735e+16
2017-05-25,6.322678e+16
2017-05-26,6.408541e+16
2017-05-27,
2017-05-28,
2017-05-29,6.376094e+16
2017-05-30,6.396226e+16
2017-05-31,6.271147e+16
2017-06-01,6.228852e+16
2017-06-02,6.251069e+16
2017-06-03,
2017-06-04,
2017-06-05,6.245045e+16
2017-06-06,6.295469e+16
2017-06-07,6.317073e+16
2017-06-08,6.275557e+16
2017-06-09,6.221055e+16
2017-06-10,
2017-06-11,
2017-06-12,6.170023e+16
2017-06-13,6.182899e+16
2017-06-14,6.192292e+16
2017-06-15,
2017-06-16,6.162641e+16
2017-06-17,
2017-06-18,
2017-06-19,6.201403e+16
2017-06-20,6.076615e+16
2017-06-21,6.076174e+16
2017-06-22,6.127221e+16
2017-06-23,6.108713e+16
2017-06-24,
2017-06-25,
2017-06-26,6.218808e+16
2017-06-27,6.167546e+16
2017-06-28,6.201797e+16
2017-06-29,6.223895e+16
2017-06-30,6.289997e+16
2017-07-01,
2017-07-02,
2017-07-03,6.327958e+16
2017-07-04,6.323159e+16
2017-07-05,6.315417e+16
2017-07-06,6.247033e+16
2017-07-07,6.23224e+16
2017-07-08,
2017-07-09,
2017-07-10,6.302546e+16
2017-07-11,6.383215e+16
2017-07-12,6.483555e+16
2017-07-13,6.517834e+16
2017-07-14,6.543617e+16
2017-07-15,
2017-07-16,
2017-07-17,6.521231e+16
2017-07-18,6.533766e+16
2017-07-19,6.517992e+16
2017-07-20,6.493801e+16
2017-07-21,6.468418e+16
2017-07-22,
2017-07-23,
2017-07-24,6.509955e+16
2017-07-25,6.566761999999999e+16
2017-07-26,6.501057e+16
2017-07-27,6.527738e+16
2017-07-28,6.549712e+16
2017-07-29,
2017-07-30,
2017-07-31,6.592036e+16
2017-08-01,6.651622999999999e+16
2017-08-02,6.713599000000001e+16
2017-08-03,6.677713000000001e+16
2017-08-04,6.689797999999999e+16
2017-08-05,
2017-08-06,
2017-08-07,6.793964999999999e+16
2017-08-08,6.789892999999999e+16
2017-08-09,6.767106e+16
2017-08-10,6.699208e+16
2017-08-11,6.735858e+16
2017-08-12,
2017-08-13,
2017-08-14,6.828466e+16
2017-08-15,6.835511999999999e+16
2017-08-16,6.859428999999999e+16
2017-08-17,6.797678999999999e+16
2017-08-18,6.871464999999999e+16
2017-08-19,
2017-08-20,
2017-08-21,6.863464e+16
2017-08-22,7.001125e+16
2017-08-23,7.047763000000001e+16
2017-08-24,7.113278999999999e+16
2017-08-25,7.107364999999999e+16
2017-08-26,
2017-08-27,
2017-08-28,7.101659e+16
2017-08-29,7.132985000000001e+16
2017-08-30,7.088625e+16
2017-08-31,7.083505e+16
2017-09-01,7.192311e+16
2017-09-02,
2017-09-03,
2017-09-04,7.212883e+16
2017-09-05,7.215087e+16
2017-09-06,7.341241e+16
2017-09-07,
2017-09-08,7.307885e+16
2017-09-09,
2017-09-10,
2017-09-11,7.431921e+16
2017-09-12,7.453855e+16
2017-09-13,7.478756e+16
2017-09-14,7.465668e+16
2017-09-15,7.575651e+16
2017-09-16,
2017-09-17,
2017-09-18,7.59904e+16
2017-09-19,7.597418e+16
2017-09-20,7.600415e+16
2017-09-21,7.560434e+16
2017-09-22,7.538975e+16
2017-09-23,
2017-09-24,
2017-09-25,7.444347e+16
2017-09-26,7.431872e+16
2017-09-27,7.379671e+16
2017-09-28,7.356724e+16
2017-09-29,7.42935e+16
2017-09-30,
2017-10-01,
2017-10-02,7.435982e+16
2017-10-03,7.676291e+16
2017-10-04,7.659144e+16
2017-10-05,7.661752e+16
2017-10-06,7.605471e+16
2017-10-07,
2017-10-08,
2017-10-09,7.57268e+16
2017-10-10,7.68972e+16
2017-10-11,7.66598e+16
2017-10-12,
2017-10-13,7.698978e+16
2017-10-14,
2017-10-15,
2017-10-16,7.689183e+16
2017-10-17,7.620125e+16
2017-10-18,7.659109e+16
2017-10-19,7.628316e+16
2017-10-20,7.639051e+16
2017-10-21,
2017-10-22,
2017-10-23,7.541313e+16
2017-10-24,7.635019e+16
2017-10-25,7.667113e+16
2017-10-26,7.589635e+16
2017-10-27,7.597571e+16
2017-10-28,
2017-10-29,
2017-10-30,7.480033e+16
2017-10-31,7.430849e+16
2017-11-01,7.382374e+16
2017-11-02,
2017-11-03,7.391542e+16
2017-11-04,
2017-11-05,
2017-11-06,7.431079e+16
2017-11-07,7.241487e+16
2017-11-08,7.436313e+16
2017-11-09,7.293069e+16
2017-11-10,7.216563e+16
2017-11-11,
2017-11-12,
2017-11-13,7.247517e+16
2017-11-14,7.082659e+16
2017-11-15,
2017-11-16,7.251179e+16
2017-11-17,7.343728e+16
2017-11-18,
2017-11-19,
2017-11-20,
2017-11-21,7.459461e+16
2017-11-22,7.451879e+16
2017-11-23,7.448658e+16
2017-11-24,7.415737e+16
2017-11-25,
2017-11-26,
2017-11-27,7.405892e+16
2017-11-28,7.413972e+16
2017-11-29,7.270045e+16
2017-11-30,7.197099000000001e+16
2017-12-01,7.226445e+16
2017-12-02,
2017-12-03,
2017-12-04,7.309017e+16
2017-12-05,7.254617e+16
2017-12-06,7.326835e+16
2017-12-07,7.248746e+16
2017-12-08,7.273184e+16
2017-12-09,
2017-12-10,
2017-12-11,7.280004e+16
2017-12-12,7.381353e+16
2017-12-13,7.291433e+16
2017-12-14,7.242893e+16
2017-12-15,7.26077e+16
2017-12-16,
2017-12-17,
2017-12-18,7.311545e+16
2017-12-19,7.268037e+16
2017-12-20,7.336703e+16
2017-12-21,7.513343e+16
2017-12-22,7.518653e+16
2017-12-23,
2017-12-24,
2017-12-25,
2017-12-26,7.570773e+16
2017-12-27,7.607254e+16
2017-12-28,7.640208e+16
2017-12-29,
2017-12-30,
2017-12-31,
2018-01-01,
2018-01-02,7.789104e+16
2018-01-03,7.799516e+16
2018-01-04,7.864742e+16
2018-01-05,7.907147e+16
2018-01-06,
2018-01-07,
2018-01-08,7.937854e+16
2018-01-09,7.886354e+16
2018-01-10,7.820057e+16
2018-01-11,7.936544e+16
2018-01-12,7.934912e+16
2018-01-13,
2018-01-14,
2018-01-15,7.975237e+16
2018-01-16,7.983176e+16
2018-01-17,8.118916e+16
2018-01-18,8.096265e+16
2018-01-19,8.12195e+16
2018-01-20,
2018-01-21,
2018-01-22,8.167542e+16
2018-01-23,8.067835e+16
2018-01-24,8.368e+16
2018-01-25,
2018-01-26,8.553084e+16
2018-01-27,
2018-01-28,
2018-01-29,8.469801e+16
2018-01-30,8.448246e+16
2018-01-31,8.49127e+16
2018-02-01,8.549524e+16
2018-02-02,8.404134e+16
2018-02-03,
2018-02-04,
2018-02-05,8.186109e+16
2018-02-06,8.389404e+16
2018-02-07,8.276673e+16
2018-02-08,8.153253e+16
2018-02-09,8.08987e+16
2018-02-10,
2018-02-11,
2018-02-12,
2018-02-13,
2018-02-14,8.354284e+16
2018-02-15,8.429057e+16
2018-02-16,8.452458e+16
2018-02-17,
2018-02-18,
2018-02-19,8.479271e+16
2018-02-20,8.580396e+16
2018-02-21,8.605182e+16
2018-02-22,8.668645e+16
2018-02-23,8.729324e+16
2018-02-24,
2018-02-25,
2018-02-26,8.765264e+16
2018-02-27,8.693544e+16
2018-02-28,8.53536e+16
2018-03-01,8.537779e+16
2018-03-02,8.576134e+16
2018-03-03,
2018-03-04,
2018-03-05,8.602283e+16
2018-03-06,8.565302e+16
2018-03-07,8.548355e+16
2018-03-08,8.498461e+16
2018-03-09,8.637141e+16
2018-03-10,
2018-03-11,
2018-03-12,8.690043e+16
2018-03-13,8.638385e+16
2018-03-14,8.605096e+16
2018-03-15,8.49282e+16
2018-03-16,8.488649e+16
2018-03-17,
2018-03-18,
2018-03-19,8.391306e+16
2018-03-20,8.41638e+16
2018-03-21,8.497659e+16
2018-03-22,8.476788e+16
2018-03-23,8.437719e+16
2018-03-24,
2018-03-25,
2018-03-26,8.508786e+16
2018-03-27,8.380806e+16
2018-03-28,8.387414e+16
2018-03-29,8.536556e+16
2018-03-30,
2018-03-31,
2018-04-01,
2018-04-02,8.466644e+16
2018-04-03,8.462346e+16
2018-04-04,8.435969e+16
2018-04-05,8.520966e+16
2018-04-06,8.482042e+16
2018-04-07,
2018-04-08,
2018-04-09,8.330723e+16
2018-04-10,8.451036e+16
2018-04-11,8.524559e+16
2018-04-12,8.544353e+16
2018-04-13,8.433441e+16
2018-04-14,
2018-04-15,
2018-04-16,8.286158e+16
2018-04-17,8.408613e+16
2018-04-18,8.577646e+16
2018-04-19,8.582426e+16
2018-04-20,8.555009e+16
2018-04-21,
2018-04-22,
2018-04-23,8.56025e+16
2018-04-24,8.546908e+16
2018-04-25,8.504439e+16
2018-04-26,8.63832e+16
2018-04-27,8.644466e+16
2018-04-28,
2018-04-29,
2018-04-30,8.61155e+16
2018-05-01,
2018-05-02,8.454709e+16
2018-05-03,8.328814e+16
2018-05-04,8.311803e+16
2018-05-05,
2018-05-06,
2018-05-07,8.271443e+16
2018-05-08,8.295605e+16
2018-05-09,8.426549e+16
2018-05-10,8.58612e+16
2018-05-11,8.522024e+16
2018-05-12,
2018-05-13,
2018-05-14,8.523218e+16
2018-05-15,8.513042e+16
2018-05-16,8.653697e+16
2018-05-17,8.362195e+16
2018-05-18,8.308188e+16
2018-05-19,
2018-05-20,
2018-05-21,8.181532e+16
2018-05-22,8.273888e+16
2018-05-23,8.086729e+16
2018-05-24,8.012231e+16
2018-05-25,7.889766e+16
2018-05-26,
2018-05-27,
2018-05-28,7.535584e+16
2018-05-29,7.607197e+16
2018-05-30,7.675361e+16
2018-05-31,
2018-06-01,7.723975e+16
2018-06-02,
2018-06-03,
2018-06-04,7.859606e+16
2018-06-05,7.664172e+16
2018-06-06,7.611722e+16
2018-06-07,7.385146e+16
2018-06-08,7.294207e+16
2018-06-09,
2018-06-10,
2018-06-11,7.230777e+16
2018-06-12,7.275413e+16
2018-06-13,7.212214e+16
2018-06-14,7.142119e+16
2018-06-15,7.075772999999999e+16
2018-06-16,
2018-06-17,
2018-06-18,6.981474000000001e+16
2018-06-19,7.139434e+16
2018-06-20,7.212341e+16
2018-06-21,7.007489999999999e+16
2018-06-22,7.064064999999999e+16
2018-06-23,
2018-06-24,
2018-06-25,7.095297e+16
2018-06-26,7.140459e+16
2018-06-27,7.060900999999999e+16
2018-06-28,7.176653e+16
2018-06-29,7.276252e+16
2018-06-30,
2018-07-01,
2018-07-02,7.283974e+16
2018-07-03,7.366776e+16
2018-07-04,7.474312e+16
2018-07-05,7.455306e+16
2018-07-06,7.501039e+16
2018-07-07,
2018-07-08,
2018-07-09,
2018-07-10,7.486238e+16
2018-07-11,7.439855e+16
2018-07-12,7.585623e+16
2018-07-13,7.659436e+16
2018-07-14,
2018-07-15,
2018-07-16,7.665259e+16
2018-07-17,7.81303e+16
2018-07-18,7.736264e+16
2018-07-19,7.748684e+16
2018-07-20,7.857129e+16
2018-07-21,
2018-07-22,
2018-07-23,7.799612e+16
2018-07-24,7.915499e+16
2018-07-25,8.021805e+16
2018-07-26,7.940534e+16
2018-07-27,7.986611e+16
2018-07-28,
2018-07-29,
2018-07-30,8.02756e+16
2018-07-31,7.922044e+16
2018-08-01,7.930165e+16
2018-08-02,7.963669e+16
2018-08-03,8.143498e+16
2018-08-04,
2018-08-05,
2018-08-06,8.105076e+16
2018-08-07,8.034653e+16
2018-08-08,7.91517e+16
2018-08-09,7.876799e+16
2018-08-10,7.651436e+16
2018-08-11,
2018-08-12,
2018-08-13,7.749646e+16
2018-08-14,7.860212e+16
2018-08-15,7.70775e+16
2018-08-16,7.681872e+16
2018-08-17,7.602851e+16
2018-08-18,
2018-08-19,
2018-08-20,7.632789e+16
2018-08-21,7.51804e+16
2018-08-22,7.690231e+16
2018-08-23,7.563377e+16
2018-08-24,7.626224e+16
2018-08-25,
2018-08-26,
2018-08-27,7.792969e+16
2018-08-28,7.747318e+16
2018-08-29,7.838884e+16
2018-08-30,7.64041e+16
2018-08-31,7.667753e+16
2018-09-01,
2018-09-02,
2018-09-03,7.619274e+16
2018-09-04,7.47118e+16
2018-09-05,7.509227e+16
2018-09-06,7.641602e+16
2018-09-07,
2018-09-08,
2018-09-09,
2018-09-10,7.643636e+16
2018-09-11,7.465651e+16
2018-09-12,7.512481e+16
2018-09-13,7.468668e+16
2018-09-14,7.54291e+16
2018-09-15,
2018-09-16,
2018-09-17,7.678886e+16
2018-09-18,7.831397e+16
2018-09-19,7.816866e+16
2018-09-20,7.811602e+16
2018-09-21,7.944429e+16
2018-09-22,
2018-09-23,
2018-09-24,7.798419e+16
2018-09-25,7.863015e+16
2018-09-26,7.865616e+16
2018-09-27,8.000009e+16
2018-09-28,7.934243e+16
2018-09-29,
2018-09-30,
2018-10-01,7.862366e+16
2018-10-02,8.161228e+16
2018-10-03,8.32734e+16
2018-10-04,8.295281e+16
2018-10-05,8.232152e+16
2018-10-06,
2018-10-07,
2018-10-08,8.608392e+16
2018-10-09,8.608755e+16
2018-10-10,8.367912e+16
2018-10-11,8.292108e+16
2018-10-12,
2018-10-13,
2018-10-14,
2018-10-15,8.335977e+16
2018-10-16,8.571757e+16
2018-10-17,8.576396e+16
2018-10-18,8.384712e+16
2018-10-19,8.421975e+16
2018-10-20,
2018-10-21,
2018-10-22,8.55967e+16
2018-10-23,8.530004e+16
2018-10-24,8.306356e+16
2018-10-25,8.408351e+16
2018-10-26,8.571988e+16
2018-10-27,
2018-10-28,
2018-10-29,8.379671e+16
2018-10-30,8.688571e+16
2018-10-31,8.742355e+16
2018-11-01,8.841905e+16
2018-11-02,
2018-11-03,
2018-11-04,
2018-11-05,8.959816e+16
2018-11-06,8.866892e+16
2018-11-07,8.771435e+16
2018-11-08,8.562014e+16
2018-11-09,8.564122e+16
2018-11-10,
2018-11-11,
2018-11-12,8.55247e+16
2018-11-13,8.491411e+16
2018-11-14,8.597306e+16
2018-11-15,
2018-11-16,8.851527e+16
2018-11-17,
2018-11-18,
2018-11-19,8.790084e+16
2018-11-20,
2018-11-21,8.72688e+16
2018-11-22,8.747744e+16
2018-11-23,8.623023e+16
2018-11-24,
2018-11-25,
2018-11-26,8.554651e+16
2018-11-27,8.789118e+16
2018-11-28,8.925083e+16
2018-11-29,8.970957e+16
2018-11-30,8.950403e+16
2018-12-01,
2018-12-02,
2018-12-03,8.982009e+16
2018-12-04,8.862445e+16
2018-12-05,8.90398e+16
2018-12-06,8.884649e+16
2018-12-07,8.811508e+16
2018-12-08,
2018-12-09,
2018-12-10,8.591471e+16
2018-12-11,8.641958e+16
2018-12-12,8.697746e+16
2018-12-13,8.783759e+16
2018-12-14,8.744951e+16
2018-12-15,
2018-12-16,
2018-12-17,8.639968e+16
2018-12-18,8.66105e+16
2018-12-19,8.567353e+16
2018-12-20,8.52693e+16
2018-12-21,8.569716e+16
2018-12-22,
2018-12-23,
2018-12-24,
2018-12-25,
2018-12-26,8.513611e+16
2018-12-27,8.546021e+16
2018-12-28,8.788727e+16
2018-12-29,
2018-12-30,
2018-12-31,
2019-01-01,
2019-01-02,9.101232e+16
2019-01-03,9.156426e+16
2019-01-04,9.18408e+16
2019-01-05,
2019-01-06,
2019-01-07,9.169905e+16
2019-01-08,9.203186e+16
2019-01-09,9.361305e+16
2019-01-10,9.380594e+16
2019-01-11,9.365831e+16
2019-01-12,
2019-01-13,
2019-01-14,9.447413e+16
2019-01-15,9.405572e+16
2019-01-16,9.439308e+16
2019-01-17,9.535109e+16
2019-01-18,9.609675e+16
2019-01-19,
2019-01-20,
2019-01-21,9.600978e+16
2019-01-22,9.510338e+16
2019-01-23,9.655843e+16
2019-01-24,9.76772e+16
2019-01-25,
2019-01-26,
2019-01-27,
2019-01-28,9.544388e+16
2019-01-29,9.563933e+16
2019-01-30,9.699621e+16
2019-01-31,9.739375e+16
2019-02-01,9.786128e+16
2019-02-02,
2019-02-03,
2019-02-04,9.858864e+16
2019-02-05,9.831121e+16
2019-02-06,9.463557e+16
2019-02-07,9.44056e+16
2019-02-08,9.534311e+16
2019-02-09,
2019-02-10,
2019-02-11,9.441292e+16
2019-02-12,9.61684e+16
2019-02-13,9.584241e+16
2019-02-14,9.80151e+16
2019-02-15,9.752591e+16
2019-02-16,
2019-02-17,
2019-02-18,9.650989e+16
2019-02-19,9.765916e+16
2019-02-20,9.654482e+16
2019-02-21,9.693228e+16
2019-02-22,9.78856e+16
2019-02-23,
2019-02-24,
2019-02-25,9.72399e+16
2019-02-26,9.76025e+16
2019-02-27,9.730732e+16
2019-02-28,9.558435e+16
2019-03-01,9.460376e+16
2019-03-02,
2019-03-03,
2019-03-04,
2019-03-05,
2019-03-06,9.421688e+16
2019-03-07,9.434018e+16
2019-03-08,9.536486e+16
2019-03-09,
2019-03-10,
2019-03-11,9.802662e+16
2019-03-12,9.782804e+16
2019-03-13,9.890389e+16
2019-03-14,9.860467e+16
2019-03-15,9.913674e+16
2019-03-16,
2019-03-17,
2019-03-18,9.999393e+16
2019-03-19,9.958838e+16
2019-03-20,9.804138e+16
2019-03-21,9.672908e+16
2019-03-22,9.373516e+16
2019-03-23,
2019-03-24,
2019-03-25,9.366201e+16
2019-03-26,9.530682e+16
2019-03-27,9.190341e+16
2019-03-28,9.438894e+16
2019-03-29,9.541456e+16
2019-03-30,
2019-03-31,
2019-04-01,9.605446e+16
2019-04-02,9.538676e+16
2019-04-03,9.449148e+16
2019-04-04,9.631307e+16
2019-04-05,9.710817e+16
2019-04-06,
2019-04-07,
2019-04-08,9.736929e+16
2019-04-09,9.629179e+16
2019-04-10,9.595345e+16
2019-04-11,9.47547e+16
2019-04-12,9.2875e+16
2019-04-13,
2019-04-14,
2019-04-15,9.308297e+16
2019-04-16,9.433331e+16
2019-04-17,9.328475e+16
2019-04-18,9.457826e+16
2019-04-19,
2019-04-20,
2019-04-21,
2019-04-22,9.458806e+16
2019-04-23,9.592324e+16
2019-04-24,9.504543e+16
2019-04-25,9.655203e+16
2019-04-26,9.623604e+16
2019-04-27,
2019-04-28,
2019-04-29,9.618775e+16
2019-04-30,9.635333e+16
2019-05-01,
2019-05-02,9.552762e+16
2019-05-03,9.600789e+16
2019-05-04,
2019-05-05,
2019-05-06,9.500866e+16
2019-05-07,9.438873e+16
2019-05-08,9.559661e+16
2019-05-09,9.480785e+16
2019-05-10,9.425756e+16
2019-05-11,
2019-05-12,
2019-05-13,9.172654e+16
2019-05-14,9.209244e+16
2019-05-15,9.162344e+16
2019-05-16,9.002447e+16
2019-05-17,8.999273e+16
2019-05-18,
2019-05-19,
2019-05-20,9.194619e+16
2019-05-21,9.448463e+16
2019-05-22,9.436066e+16
2019-05-23,9.391003e+16
2019-05-24,9.36278e+16
2019-05-25,
2019-05-26,
2019-05-27,9.486425e+16
2019-05-28,9.639276e+16
2019-05-29,9.656655e+16
2019-05-30,9.745736e+16
2019-05-31,9.703032e+16
2019-06-01,
2019-06-02,
2019-06-03,9.702048e+16
2019-06-04,9.738028e+16
2019-06-05,9.599875e+16
2019-06-06,9.720485e+16
2019-06-07,9.782126e+16
2019-06-08,
2019-06-09,
2019-06-10,9.746669e+16
2019-06-11,9.896e+16
2019-06-12,9.832088e+16
2019-06-13,9.87737e+16
2019-06-14,9.804006e+16
2019-06-15,
2019-06-16,
2019-06-17,9.762325e+16
2019-06-18,9.940439e+16
2019-06-19,1.0030341e+17
2019-06-20,
2019-06-21,1.0201264e+17
2019-06-22,
2019-06-23,
2019-06-24,1.0206233e+17
2019-06-25,1.0009295e+17
2019-06-26,1.0068863e+17
2019-06-27,1.0072397e+17
2019-06-28,1.009672e+17
2019-06-29,
2019-06-30,
2019-07-01,1.0133968e+17
2019-07-02,1.0060517e+17
2019-07-03,1.0204311e+17
2019-07-04,1.0363617e+17
2019-07-05,1.0408947e+17
2019-07-06,
2019-07-07,
2019-07-08,1.0453022e+17
2019-07-09,
2019-07-10,1.0581706e+17
2019-07-11,1.0514644e+17
2019-07-12,1.0390599e+17
2019-07-13,
2019-07-14,
2019-07-15,1.0380269e+17
2019-07-16,1.0377541e+17
2019-07-17,1.0385553e+17
2019-07-18,1.0471659e+17
2019-07-19,1.0345193e+17
2019-07-20,
2019-07-21,
2019-07-22,1.0394946e+17
2019-07-23,1.0370428e+17
2019-07-24,1.0411954e+17
2019-07-25,1.0265458e+17
2019-07-26,1.0281893e+17
2019-07-27,
2019-07-28,
2019-07-29,1.0348263e+17
2019-07-30,1.0293276e+17
2019-07-31,1.0181213e+17
2019-08-01,1.0212594e+17
2019-08-02,1.0267368e+17
2019-08-03,
2019-08-04,
2019-08-05,1.0009775e+17
2019-08-06,1.0216369e+17
2019-08-07,1.0278237e+17
2019-08-08,1.0411523e+17
2019-08-09,1.0399616e+17
2019-08-10,
2019-08-11,
2019-08-12,1.0191522e+17
2019-08-13,1.0329947e+17
2019-08-14,1.0025801e+17
2019-08-15,9.905691e+16
2019-08-16,9.980578e+16
2019-08-17,
2019-08-18,
2019-08-19,9.946867e+16
2019-08-20,9.922225e+16
2019-08-21,1.012019e+17
2019-08-22,1.0001128e+17
2019-08-23,9.766749e+16
2019-08-24,
2019-08-25,
2019-08-26,9.64296e+16
2019-08-27,9.727619e+16
2019-08-28,9.819353e+16
2019-08-29,1.0052443e+17
2019-08-30,1.0113461e+17
2019-08-31,
2019-09-01,
2019-09-02,1.0062574e+17
2019-09-03,9.968083e+16
2019-09-04,1.0120089e+17
2019-09-05,1.02243e+17
2019-09-06,1.0293543e+17
2019-09-07,
2019-09-08,
2019-09-09,1.0318059e+17
2019-09-10,1.030315e+17
2019-09-11,1.034456e+17
2019-09-12,1.0437091e+17
2019-09-13,1.0350118e+17
2019-09-14,
2019-09-15,
2019-09-16,1.0368041e+17
2019-09-17,1.0461686e+17
2019-09-18,1.0453193e+17
2019-09-19,1.0433916e+17
2019-09-20,1.048174e+17
2019-09-21,
2019-09-22,
2019-09-23,1.0463782e+17
2019-09-24,1.0387566e+17
2019-09-25,1.0448098e+17
2019-09-26,1.053194e+17
2019-09-27,1.0507763e+17
2019-09-28,
2019-09-29,
2019-09-30,1.0474532e+17
2019-10-01,1.040534e+17
2019-10-02,1.0103144e+17
2019-10-03,1.0151604e+17
2019-10-04,1.0255132e+17
2019-10-05,
2019-10-06,
2019-10-07,1.0057277e+17
2019-10-08,9.99814e+16
2019-10-09,1.0124878e+17
2019-10-10,1.0181713e+17
2019-10-11,1.0383192e+17
2019-10-12,
2019-10-13,
2019-10-14,1.0430158e+17
2019-10-15,1.0448956e+17
2019-10-16,1.054228e+17
2019-10-17,1.0501577e+17
2019-10-18,1.0472889e+17
2019-10-19,
2019-10-20,
2019-10-21,1.0602228e+17
2019-10-22,1.0738111e+17
2019-10-23,1.0754359e+17
2019-10-24,1.0698615e+17
2019-10-25,1.0736377e+17
2019-10-26,
2019-10-27,
2019-10-28,1.0818706e+17
2019-10-29,1.0755626e+17
2019-10-30,1.0840754e+17
2019-10-31,1.0721983e+17
2019-11-01,1.0819563e+17
2019-11-02,
2019-11-03,
2019-11-04,1.0877933e+17
2019-11-05,1.0871902e+17
2019-11-06,1.0836022e+17
2019-11-07,1.0958057e+17
2019-11-08,1.0762898e+17
2019-11-09,
2019-11-10,
2019-11-11,1.0836744e+17
2019-11-12,1.0675111e+17
2019-11-13,1.0605995e+17
2019-11-14,1.0655688e+17
2019-11-15,
2019-11-16,
2019-11-17,
2019-11-18,1.0626925e+17
2019-11-19,1.0586418e+17
2019-11-20,
2019-11-21,1.0749673e+17
2019-11-22,1.0869228e+17
2019-11-23,
2019-11-24,
2019-11-25,1.0842393e+17
2019-11-26,1.070594e+17
2019-11-27,1.0770775e+17
2019-11-28,1.0829009e+17
2019-11-29,1.0823328e+17
2019-11-30,
2019-12-01,
2019-12-02,1.0892783e+17
2019-12-03,1.0895602e+17
2019-12-04,1.1030093e+17
2019-12-05,1.1062227e+17
2019-12-06,1.1112575e+17
2019-12-07,
2019-12-08,
2019-12-09,1.1097723e+17
2019-12-10,1.1067201e+17
2019-12-11,1.1096387e+17
2019-12-12,1.1219974e+17
2019-12-13,1.1256486e+17
2019-12-14,
2019-12-15,
2019-12-16,1.1189604e+17
2019-12-17,1.1261566e+17
2019-12-18,1.1431465e+17
2019-12-19,1.1513125e+17
2019-12-20,1.1512108e+17
2019-12-21,
2019-12-22,
2019-12-23,1.1586329e+17
2019-12-24,
2019-12-25,
2019-12-26,1.172032e+17
2019-12-27,1.1653398e+17
2019-12-28,
2019-12-29,
2019-12-30,1.1564534e+17
2019-12-31,
2020-01-01,
2020-01-02,1.185731e+17
2020-01-03,1.1770666e+17
2020-01-04,
2020-01-05,
2020-01-06,1.1687792e+17
2020-01-07,1.1666194e+17
2020-01-08,1.1624703e+17
2020-01-09,1.1594711e+17
2020-01-10,1.1550342e+17
2020-01-11,
2020-01-12,
2020-01-13,1.1732528e+17
2020-01-14,1.176324e+17
2020-01-15,1.1641435e+17
2020-01-16,1.1670421e+17
2020-01-17,1.184783e+17
2020-01-18,
2020-01-19,
2020-01-20,1.1886163e+17
2020-01-21,1.1702604e+17
2020-01-22,1.1839136e+17
2020-01-23,1.1952763e+17
2020-01-24,1.1837636e+17
2020-01-25,
2020-01-26,
2020-01-27,1.1448184e+17
2020-01-28,1.1647898e+17
2020-01-29,1.1538484e+17
2020-01-30,1.1552804e+17
2020-01-31,1.1376057e+17
2020-02-01,
2020-02-02,
2020-02-03,1.1462921e+17
2020-02-04,1.1555671e+17
2020-02-05,1.1602827e+17
2020-02-06,1.1518997e+17
2020-02-07,1.1377029e+17
2020-02-08,
2020-02-09,
2020-02-10,1.125703e+17
2020-02-11,1.1537061e+17
2020-02-12,1.1667413e+17
2020-02-13,1.156624e+17
2020-02-14,1.1438071e+17
2020-02-15,
2020-02-16,
2020-02-17,1.1530908e+17
2020-02-18,1.1497729e+17
2020-02-19,1.1651759e+17
2020-02-20,1.1458624e+17
2020-02-21,1.1368142e+17
2020-02-22,
2020-02-23,
2020-02-24,
2020-02-25,
2020-02-26,1.0571829e+17
2020-02-27,1.0298354e+17
2020-02-28,1.0417157e+17
2020-02-29,
2020-03-01,
2020-03-02,1.0662541e+17
2020-03-03,1.0553714e+17
2020-03-04,1.0722422e+17
2020-03-05,1.0223324e+17
2020-03-06,9.799677e+16
2020-03-07,
2020-03-08,
2020-03-09,8.60672e+16
2020-03-10,9.221447e+16
2020-03-11,8.517113e+16
2020-03-12,7.258253e+16
2020-03-13,8.267791e+16
2020-03-14,
2020-03-15,
2020-03-16,7.116805e+16
2020-03-17,7.461724e+16
2020-03-18,6.689495e+16
2020-03-19,6.83318e+16
2020-03-20,6.706936e+16
2020-03-21,
2020-03-22,
2020-03-23,6.356962e+16
2020-03-24,6.97293e+16
2020-03-25,7.495557e+16
2020-03-26,7.770966e+16
2020-03-27,7.342878e+16
2020-03-28,
2020-03-29,
2020-03-30,7.463948e+16
2020-03-31,7.301976e+16
2020-04-01,7.09667e+16
2020-04-02,7.225346e+16
2020-04-03,6.953756e+16
2020-04-04,
2020-04-05,
2020-04-06,7.407298e+16
2020-04-07,7.635809e+16
2020-04-08,7.862462e+16
2020-04-09,7.768194e+16
2020-04-10,
2020-04-11,
2020-04-12,
2020-04-13,7.883582e+16
2020-04-14,7.991836e+16
2020-04-15,7.883146e+16
2020-04-16,7.781185e+16
2020-04-17,7.899029e+16
2020-04-18,
2020-04-19,
2020-04-20,7.897276e+16
2020-04-21,
2020-04-22,8.068715e+16
2020-04-23,7.96733e+16
2020-04-24,7.533061e+16
2020-04-25,
2020-04-26,
2020-04-27,7.82386e+16
2020-04-28,8.131223e+16
2020-04-29,8.31708e+16
2020-04-30,8.050589e+16
2020-05-01,
2020-05-02,
2020-05-03,
2020-05-04,7.887622e+16
2020-05-05,7.947078e+16
2020-05-06,7.906368e+16
2020-05-07,7.811857e+16
2020-05-08,8.026335e+16
2020-05-09,
2020-05-10,
2020-05-11,7.90646e+16
2020-05-12,7.787195e+16
2020-05-13,7.77722e+16
2020-05-14,7.901081e+16
2020-05-15,7.755662e+16
2020-05-16,
2020-05-17,
2020-05-18,8.119429e+16
2020-05-19,8.074235e+16
2020-05-20,8.131945e+16
2020-05-21,8.302709e+16
2020-05-22,8.217321e+16
2020-05-23,
2020-05-24,
2020-05-25,8.566348e+16
2020-05-26,8.546891e+16
2020-05-27,8.794625e+16
2020-05-28,8.694909e+16
2020-05-29,8.740259e+16
2020-05-30,
2020-05-31,
2020-06-01,8.86201e+16
2020-06-02,9.104638e+16
2020-06-03,9.300214e+16
2020-06-04,9.382861e+16
2020-06-05,9.463706e+16
2020-06-06,
2020-06-07,
2020-06-08,9.764467e+16
2020-06-09,9.674655e+16
2020-06-10,9.468598e+16
2020-06-11,
2020-06-12,9.279527e+16
2020-06-13,
2020-06-14,
2020-06-15,9.237552e+16
2020-06-16,9.353117e+16
2020-06-17,9.554729e+16
2020-06-18,9.612524e+16
2020-06-19,9.65721e+16
2020-06-20,
2020-06-21,
2020-06-22,9.533596e+16
2020-06-23,9.597516e+16
2020-06-24,9.437736e+16
2020-06-25,9.598309e+16
2020-06-26,9.383449e+16
2020-06-27,
2020-06-28,
2020-06-29,9.573535e+16
2020-06-30,9.505582e+16
2020-07-01,9.62032e+16
2020-07-02,9.623496e+16
2020-07-03,9.676485e+16
2020-07-04,
2020-07-05,
2020-07-06,9.893716e+16
2020-07-07,9.776104e+16
2020-07-08,9.976988e+16
2020-07-09,9.916033e+16
2020-07-10,1.0003183e+17
2020-07-11,
2020-07-12,
2020-07-13,9.869706e+16
2020-07-14,1.0044023e+17
2020-07-15,1.0179054e+17
2020-07-16,1.0055327e+17
2020-07-17,1.0288825e+17
2020-07-18,
2020-07-19,
2020-07-20,1.0442637e+17
2020-07-21,1.0430974e+17
2020-07-22,1.0428957e+17
2020-07-23,1.0229331e+17
2020-07-24,1.0238158e+17
2020-07-25,
2020-07-26,
2020-07-27,1.0447708e+17
2020-07-28,1.0410907e+17
2020-07-29,1.0560517e+17
2020-07-30,1.050087e+17
2020-07-31,1.0291224e+17
2020-08-01,
2020-08-02,
2020-08-03,1.0282996e+17
2020-08-04,1.0121587e+17
2020-08-05,1.0280176e+17
2020-08-06,1.0412564e+17
2020-08-07,1.0277555e+17
2020-08-08,
2020-08-09,
2020-08-10,1.0344448e+17
2020-08-11,1.021744e+17
2020-08-12,1.0211779e+17
2020-08-13,1.004606e+17
2020-08-14,1.0135345e+17
2020-08-15,
2020-08-16,
2020-08-17,9.959541e+16
2020-08-18,1.0206535e+17
2020-08-19,1.0085372e+17
2020-08-20,1.0146787e+17
2020-08-21,1.0152129e+17
2020-08-22,
2020-08-23,
2020-08-24,1.0229795e+17
2020-08-25,1.0211764e+17
2020-08-26,1.0062733e+17
2020-08-27,1.0062364e+17
2020-08-28,1.0214293e+17
2020-08-29,
2020-08-30,
2020-08-31,9.936915e+16
2020-09-01,1.0216765e+17
2020-09-02,1.0191113e+17
2020-09-03,1.0072136e+17
2020-09-04,1.0124173e+17
2020-09-05,
2020-09-06,
2020-09-07,
2020-09-08,1.0005043e+17
2020-09-09,1.0129205e+17
2020-09-10,9.883459e+16
2020-09-11,9.836322e+16
2020-09-12,
2020-09-13,
2020-09-14,1.0027452e+17
2020-09-15,1.0029791e+17
2020-09-16,9.967568e+16
2020-09-17,1.0009783e+17
2020-09-18,9.828971e+16
2020-09-19,
2020-09-20,
2020-09-21,9.699072e+16
2020-09-22,9.729354e+16
2020-09-23,9.573482e+16
2020-09-24,9.701207e+16
2020-09-25,9.699938e+16
2020-09-26,
2020-09-27,
2020-09-28,9.466637e+16
2020-09-29,9.358035e+16
2020-09-30,9.460338e+16
2020-10-01,9.547852e+16
2020-10-02,9.401568e+16
2020-10-03,
2020-10-04,
2020-10-05,9.608919e+16
2020-10-06,9.561503e+16
2020-10-07,9.552626e+16
2020-10-08,9.791973e+16
2020-10-09,9.748331e+16
2020-10-10,
2020-10-11,
2020-10-12,
2020-10-13,9.850282e+16
2020-10-14,9.933443e+16
2020-10-15,9.905406e+16
2020-10-16,9.830912e+16
2020-10-17,
2020-10-18,
2020-10-19,9.865765e+16
2020-10-20,1.0053983e+17
2020-10-21,1.0055244e+17
2020-10-22,1.0191773e+17
2020-10-23,1.0125975e+17
2020-10-24,
2020-10-25,
2020-10-26,1.0101696e+17
2020-10-27,9.960554e+16
2020-10-28,9.536876e+16
2020-10-29,9.658216e+16
2020-10-30,9.39524e+16
2020-10-31,
2020-11-01,
2020-11-02,
2020-11-03,9.597971e+16
2020-11-04,9.786681e+16
2020-11-05,1.007514e+17
2020-11-06,1.0092511e+17
2020-11-07,
2020-11-08,
2020-11-09,1.0351516e+17
2020-11-10,1.0506696e+17
2020-11-11,1.0480883e+17
2020-11-12,1.0250701e+17
2020-11-13,1.04723e+17
2020-11-14,
2020-11-15,
2020-11-16,1.0642992e+17
2020-11-17,1.0724863e+17
2020-11-18,1.0611909e+17
2020-11-19,1.066699e+17
2020-11-20,1.0604248e+17
2020-11-21,
2020-11-22,
2020-11-23,1.0737892e+17
2020-11-24,1.097863e+17
2020-11-25,1.1013253e+17
2020-11-26,1.1022709e+17
2020-11-27,1.1057547e+17
2020-11-28,
2020-11-29,
2020-11-30,1.0889332e+17
2020-12-01,1.1139991e+17
2020-12-02,1.1187853e+17
2020-12-03,1.1229159e+17
2020-12-04,1.1375022e+17
2020-12-05,
2020-12-06,
2020-12-07,1.1358977e+17
2020-12-08,1.1379306e+17
2020-12-09,1.1300116e+17
2020-12-10,1.1512863e+17
2020-12-11,1.15128e+17
2020-12-12,
2020-12-13,
2020-12-14,1.1461112e+17
2020-12-15,1.1614863e+17
2020-12-16,1.1785735e+17
2020-12-17,1.1840057e+17
2020-12-18,1.1802367e+17
2020-12-19,
2020-12-20,
2020-12-21,1.1582257e+17
2020-12-22,1.1663618e+17
2020-12-23,1.1780685e+17
2020-12-24,
2020-12-25,
2020-12-26,
2020-12-27,
2020-12-28,1.191237e+17
2020-12-29,1.1940915e+17
2020-12-30,1.1901724e+17
2020-12-31,
2021-01-01,
2021-01-02,
2021-01-03,
2021-01-04,1.1885471e+17
2021-01-05,1.1937621e+17
2021-01-06,1.1910008e+17
2021-01-07,1.2238592e+17
2021-01-08,1.2507663e+17
2021-01-09,
2021-01-10,
2021-01-11,1.2325513e+17
2021-01-12,1.23998e+17
2021-01-13,1.2193308e+17
2021-01-14,1.2348052e+17
2021-01-15,1.203488e+17
2021-01-16,
2021-01-17,
2021-01-18,1.2124163e+17
2021-01-19,1.2063639e+17
2021-01-20,1.196464e+17
2021-01-21,1.1832899e+17
2021-01-22,1.1738049e+17
2021-01-23,
2021-01-24,
2021-01-25,
2021-01-26,1.1646406e+17
2021-01-27,1.158823e+17
2021-01-28,1.1888325e+17
2021-01-29,1.1506755e+17
2021-01-30,
2021-01-31,
2021-02-01,1.1751757e+17
2021-02-02,1.1823381e+17
2021-02-03,1.1972472e+17
2021-02-04,1.1926082e+17
2021-02-05,1.2024026e+17
2021-02-06,
2021-02-07,
2021-02-08,1.1969636e+17
2021-02-09,1.1947162e+17
2021-02-10,1.1843533e+17
2021-02-11,1.1929983e+17
2021-02-12,1.1942872e+17
2021-02-13,
2021-02-14,
2021-02-15,
2021-02-16,
2021-02-17,1.2035579e+17
2021-02-18,1.1919897e+17
2021-02-19,1.1843053e+17
2021-02-20,
2021-02-21,
2021-02-22,1.126677e+17
2021-02-23,1.1522746e+17
2021-02-24,1.1566778e+17
2021-02-25,1.1225636e+17
2021-02-26,1.1003517e+17
2021-02-27,
2021-02-28,
2021-03-01,1.1033483e+17
2021-03-02,1.115398e+17
2021-03-03,1.1118395e+17
2021-03-04,1.1269017e+17
2021-03-05,1.1520223e+17
2021-03-06,
2021-03-07,
2021-03-08,1.1061158e+17
2021-03-09,1.1133062e+17
2021-03-10,1.1277649e+17
2021-03-11,1.1498376e+17
2021-03-12,1.141604e+17
2021-03-13,
2021-03-14,
2021-03-15,1.1485074e+17
2021-03-16,1.1401878e+17
2021-03-17,1.1654944e+17
2021-03-18,1.1483543e+17
2021-03-19,1.1622158e+17
2021-03-20,
2021-03-21,
2021-03-22,1.1497886e+17
2021-03-23,1.132618e+17
2021-03-24,1.1206419e+17
2021-03-25,1.137499e+17
2021-03-26,1.1478062e+17
2021-03-27,
2021-03-28,
2021-03-29,1.1541872e+17
2021-03-30,1.1684967e+17
2021-03-31,1.1663372e+17
2021-04-01,1.1525331e+17
2021-04-02,
2021-04-03,
2021-04-04,
2021-04-05,1.1751844e+17
2021-04-06,1.1749887e+17
2021-04-07,1.1762358e+17
2021-04-08,1.1831323e+17
2021-04-09,1.176699e+17
2021-04-10,
2021-04-11,
2021-04-12,1.1881174e+17
2021-04-13,1.1929713e+17
2021-04-14,1.2029468e+17
2021-04-15,1.2070067e+17
2021-04-16,1.2111393e+17
2021-04-17,
2021-04-18,
2021-04-19,1.2093378e+17
2021-04-20,1.2006199e+17
2021-04-21,
2021-04-22,1.1937148e+17
2021-04-23,1.2053006e+17
2021-04-24,
2021-04-25,
2021-04-26,1.2059461e+17
2021-04-27,1.1938837e+17
2021-04-28,1.2105252e+17
2021-04-29,1.2006575e+17
2021-04-30,1.1889384e+17
2021-05-01,
2021-05-02,
2021-05-03,1.1920948e+17
2021-05-04,1.17712e+17
2021-05-05,1.1956444e+17
2021-05-06,1.1992061e+17
2021-05-07,1.2203811e+17
2021-05-08,
2021-05-09,
2021-05-10,1.2190903e+17
2021-05-11,1.2296401e+17
2021-05-12,1.1971003e+17
2021-05-13,1.2070591e+17
2021-05-14,1.2188082e+17
2021-05-15,
2021-05-16,
2021-05-17,1.2293787e+17
2021-05-18,1.2297996e+17
2021-05-19,1.226363e+17
2021-05-20,1.2270079e+17
2021-05-21,1.2259247e+17
2021-05-22,
2021-05-23,
2021-05-24,1.2403162e+17
2021-05-25,1.2298771e+17
2021-05-26,1.2398917e+17
2021-05-27,1.2436657e+17
2021-05-28,1.2556137e+17
2021-05-29,
2021-05-30,
2021-05-31,1.2621573e+17
2021-06-01,1.2826705e+17
2021-06-02,1.2960144e+17
2021-06-03,
2021-06-04,1.3012578e+17
2021-06-05,
2021-06-06,
2021-06-07,1.3077627e+17
2021-06-08,1.2978711e+17
2021-06-09,1.299068e+17
2021-06-10,1.3007617e+17
2021-06-11,1.2944103e+17
2021-06-12,
2021-06-13,
2021-06-14,1.3020796e+17
2021-06-15,1.3009108e+17
2021-06-16,1.2925949e+17
2021-06-17,1.2805722e+17
2021-06-18,1.2840535e+17
2021-06-19,
2021-06-20,
2021-06-21,1.2926496e+17
2021-06-22,1.2876745e+17
2021-06-23,1.2842798e+17
2021-06-24,1.2951362e+17
2021-06-25,1.2725561e+17
2021-06-26,
2021-06-27,
2021-06-28,1.2742917e+17
2021-06-29,1.2732744e+17
2021-06-30,1.2680166e+17
2021-07-01,1.2566619e+17
2021-07-02,1.2762165e+17
2021-07-03,
2021-07-04,
2021-07-05,1.2692005e+17
2021-07-06,1.2509488e+17
2021-07-07,1.2701871e+17
2021-07-08,1.2542777e+17
2021-07-09,
2021-07-10,
2021-07-11,
2021-07-12,1.2759383e+17
2021-07-13,1.2816774e+17
2021-07-14,1.2840651e+17
2021-07-15,1.2746788e+17
2021-07-16,1.2596026e+17
2021-07-17,
2021-07-18,
2021-07-19,1.2439457e+17
2021-07-20,1.2540136e+17
2021-07-21,1.2592925e+17
2021-07-22,1.2614666e+17
2021-07-23,1.2505278e+17
2021-07-24,
2021-07-25,
2021-07-26,1.2600386e+17
2021-07-27,1.2461203e+17
2021-07-28,1.2628559e+17
2021-07-29,1.2567533e+17
2021-07-30,1.2180079e+17
2021-07-31,
2021-08-01,
2021-08-02,1.2251574e+17
2021-08-03,1.2357656e+17
2021-08-04,1.2180121e+17
2021-08-05,1.2163292e+17
2021-08-06,1.2281036e+17
2021-08-07,
2021-08-08,
2021-08-09,1.2301938e+17
2021-08-10,1.2220247e+17
2021-08-11,1.2205634e+17
2021-08-12,1.2070098e+17
2021-08-13,1.2119375e+17
2021-08-14,
2021-08-15,
2021-08-16,1.1918003e+17
2021-08-17,1.1790381e+17
2021-08-18,1.1664262e+17
2021-08-19,1.1716469e+17
2021-08-20,1.1805277e+17
2021-08-21,
2021-08-22,
2021-08-23,1.1747167e+17
2021-08-24,1.2021075e+17
2021-08-25,1.2081771e+17
2021-08-26,1.1872397e+17
2021-08-27,1.206776e+17
2021-08-28,
2021-08-29,
2021-08-30,1.1973996e+17
2021-08-31,1.1878103e+17
2021-09-01,1.193956e+17
2021-09-02,1.1667708e+17
2021-09-03,1.1693324e+17
2021-09-04,
2021-09-05,
2021-09-06,1.1786863e+17
2021-09-07,
2021-09-08,1.1341284e+17
2021-09-09,1.1536086e+17
2021-09-10,1.1428593e+17
2021-09-11,
2021-09-12,
2021-09-13,1.1640372e+17
2021-09-14,1.1618055e+17
2021-09-15,1.1506254e+17
2021-09-16,1.1379428e+17
2021-09-17,1.1143937e+17
2021-09-18,
2021-09-19,
2021-09-20,1.0884374e+17
2021-09-21,1.1024973e+17
2021-09-22,1.1228228e+17
2021-09-23,1.1406436e+17
2021-09-24,1.1328267e+17
2021-09-25,
2021-09-26,
2021-09-27,1.1358301e+17
2021-09-28,1.1012385e+17
2021-09-29,1.1110683e+17
2021-09-30,1.109791e+17
2021-10-01,1.1289964e+17
2021-10-02,
2021-10-03,
2021-10-04,1.1039309e+17
2021-10-05,1.1045764e+17
2021-10-06,1.1055957e+17
2021-10-07,1.1058543e+17
2021-10-08,1.128332e+17
2021-10-09,
2021-10-10,
2021-10-11,1.1218048e+17
2021-10-12,
2021-10-13,1.1345592e+17
2021-10-14,1.1318548e+17
2021-10-15,1.1464799e+17
2021-10-16,
2021-10-17,
2021-10-18,1.1442818e+17
2021-10-19,1.1067276e+17
2021-10-20,1.1078643e+17
2021-10-21,1.0773501e+17
2021-10-22,1.0629618e+17
2021-10-23,
2021-10-24,
2021-10-25,1.0871455e+17
2021-10-26,1.0641953e+17
2021-10-27,1.063631e+17
2021-10-28,1.0570496e+17
2021-10-29,1.0350071e+17
2021-10-30,
2021-10-31,
2021-11-01,1.0555086e+17
2021-11-02,
2021-11-03,1.0561688e+17
2021-11-04,1.0341209e+17
2021-11-05,1.0482423e+17
2021-11-06,
2021-11-07,
2021-11-08,1.0478113e+17
2021-11-09,1.0553508e+17
2021-11-10,1.0596751e+17
2021-11-11,1.0759467e+17
2021-11-12,1.0633454e+17
2021-11-13,
2021-11-14,
2021-11-15,
2021-11-16,1.0440366e+17
2021-11-17,1.0294845e+17
2021-11-18,1.02426e+17
2021-11-19,1.0303502e+17
2021-11-20,
2021-11-21,
2021-11-22,1.0212237e+17
2021-11-23,1.0365382e+17
2021-11-24,1.0451419e+17
2021-11-25,1.0581125e+17
2021-11-26,1.0222426e+17
2021-11-27,
2021-11-28,
2021-11-29,1.0281403e+17
2021-11-30,1.0191545e+17
2021-12-01,1.0077457e+17
2021-12-02,1.0446624e+17
2021-12-03,1.0506969e+17
2021-12-04,
2021-12-05,
2021-12-06,1.0685887e+17
2021-12-07,1.0755767e+17
2021-12-08,1.0809553e+17
2021-12-09,1.0629124e+17
2021-12-10,1.0775834e+17
2021-12-11,
2021-12-12,
2021-12-13,1.0738332e+17
2021-12-14,1.0675992e+17
2021-12-15,1.0743118e+17
2021-12-16,1.0832633e+17
2021-12-17,1.0720056e+17
2021-12-18,
2021-12-19,
2021-12-20,1.0501978e+17
2021-12-21,1.0549988e+17
2021-12-22,1.0524372e+17
2021-12-23,1.0489132e+17
2021-12-24,
2021-12-25,
2021-12-26,
2021-12-27,1.055544e+17
2021-12-28,1.0486417e+17
2021-12-29,1.0410724e+17
2021-12-30,1.0482244e+17
2021-12-31,
2022-01-01,
2022-01-02,
2022-01-03,1.0392159e+17
2022-01-04,1.0351364e+17
2022-01-05,1.0100564e+17
2022-01-06,1.0156105e+17
2022-01-07,1.0271947e+17
2022-01-08,
2022-01-09,
2022-01-10,1.019452e+17
2022-01-11,1.0377898e+17
2022-01-12,1.0568566e+17
2022-01-13,1.055295e+17
2022-01-14,1.0692779e+17
2022-01-15,
2022-01-16,
2022-01-17,1.0637387e+17
2022-01-18,1.0666766e+17
2022-01-19,1.0801347e+17
2022-01-20,1.0910199e+17
2022-01-21,1.0894168e+17
2022-01-22,
2022-01-23,
2022-01-24,1.0793711e+17
2022-01-25,1.1020377e+17
2022-01-26,1.1128918e+17
2022-01-27,1.1261165e+17
2022-01-28,1.119101e+17
2022-01-29,
2022-01-30,
2022-01-31,1.1214351e+17
2022-02-01,1.1322831e+17
2022-02-02,1.1189436e+17
2022-02-03,1.1169594e+17
2022-02-04,1.1224494e+17
2022-02-05,
2022-02-06,
2022-02-07,1.119964e+17
2022-02-08,1.1223446e+17
2022-02-09,1.1246139e+17
2022-02-10,1.1336777e+17
2022-02-11,1.1357235e+17
2022-02-12,
2022-02-13,
2022-02-14,1.1389919e+17
2022-02-15,1.1482818e+17
2022-02-16,1.1518095e+17
2022-02-17,1.1352848e+17
2022-02-18,1.1287985e+17
2022-02-19,
2022-02-20,
2022-02-21,1.117253e+17
2022-02-22,1.128918e+17
2022-02-23,1.1200761e+17
2022-02-24,1.1159187e+17
2022-02-25,1.1314194e+17
2022-02-26,
2022-02-27,
2022-02-28,
2022-03-01,
2022-03-02,1.1517361e+17
2022-03-03,1.1516555e+17
2022-03-04,1.1447378e+17
2022-03-05,
2022-03-06,
2022-03-07,1.1159346e+17
2022-03-08,1.1120345e+17
2022-03-09,1.1390034e+17
2022-03-10,1.1366313e+17
2022-03-11,1.1171307e+17
2022-03-12,
2022-03-13,
2022-03-14,1.0992762e+17
2022-03-15,1.089593e+17
2022-03-16,1.1111243e+17
2022-03-17,1.1307633e+17
2022-03-18,1.1531091e+17
2022-03-19,
2022-03-20,
2022-03-21,1.1615453e+17
2022-03-22,1.1727244e+17
2022-03-23,1.1745734e+17
2022-03-24,1.1905291e+17
2022-03-25,1.1908113e+17
2022-03-26,
2022-03-27,
2022-03-28,1.1873778e+17
2022-03-29,1.2001417e+17
2022-03-30,1.2025976e+17
2022-03-31,1.1999923e+17
2022-04-01,1.2157015e+17
2022-04-02,
2022-04-03,
2022-04-04,1.2127951e+17
2022-04-05,1.1888515e+17
2022-04-06,1.1822775e+17
2022-04-07,1.1886212e+17
2022-04-08,1.1832226e+17
2022-04-09,
2022-04-10,
2022-04-11,1.1695285e+17
2022-04-12,1.1614686e+17
2022-04-13,1.1678196e+17
2022-04-14,1.1618161e+17
2022-04-15,
2022-04-16,
2022-04-17,
2022-04-18,1.1568725e+17
2022-04-19,1.1505666e+17
2022-04-20,1.1434378e+17
2022-04-21,
2022-04-22,1.1107751e+17
2022-04-23,
2022-04-24,
2022-04-25,1.1068495e+17
2022-04-26,1.0821286e+17
2022-04-27,1.0934937e+17
2022-04-28,1.0991897e+17
2022-04-29,1.0787616e+17
2022-04-30,
2022-05-01,
2022-05-02,1.0663864e+17
2022-05-03,1.0652809e+17
2022-05-04,1.0834374e+17
2022-05-05,1.0530419e+17
2022-05-06,1.0513473e+17
2022-05-07,
2022-05-08,
2022-05-09,1.0325002e+17
2022-05-10,1.0310994e+17
2022-05-11,1.043969e+17
2022-05-12,1.0568764e+17
2022-05-13,1.0692418e+17
2022-05-14,
2022-05-15,
2022-05-16,1.0823274e+17
2022-05-17,1.0878933e+17
2022-05-18,1.0624715e+17
2022-05-19,1.0700522e+17
2022-05-20,1.0848788e+17
2022-05-21,
2022-05-22,
2022-05-23,1.1034582e+17
2022-05-24,1.1058079e+17
2022-05-25,1.1057981e+17
2022-05-26,1.1188988e+17
2022-05-27,1.1194168e+17
2022-05-28,
2022-05-29,
2022-05-30,1.1103211e+17
2022-05-31,1.1135051e+17
2022-06-01,1.1135994e+17
2022-06-02,1.1239291e+17
2022-06-03,1.1110232e+17
2022-06-04,
2022-06-05,
2022-06-06,1.1018591e+17
2022-06-07,1.1006976e+17
2022-06-08,1.0836767e+17
2022-06-09,1.0709371e+17
2022-06-10,1.0548123e+17
2022-06-11,
2022-06-12,
2022-06-13,1.0259818e+17
2022-06-14,1.0206325e+17
2022-06-15,1.0280682e+17
2022-06-16,
2022-06-17,9.982494e+16
2022-06-18,
2022-06-19,
2022-06-20,9.985267e+16
2022-06-21,9.96845e+16
2022-06-22,9.952232e+16
2022-06-23,9.808034e+16
2022-06-24,9.867226e+16
2022-06-25,
2022-06-26,
2022-06-27,1.007636e+17
2022-06-28,1.0059141e+17
2022-06-29,9.962158e+16
2022-06-30,9.854195e+16
2022-07-01,9.89539e+16
2022-07-02,
2022-07-03,
2022-07-04,9.860876e+16
2022-07-05,9.829464e+16
2022-07-06,9.871898e+16
2022-07-07,1.0072972e+17
2022-07-08,1.0028894e+17
2022-07-09,
2022-07-10,
2022-07-11,9.821246e+16
2022-07-12,9.827121e+16
2022-07-13,9.788116e+16
2022-07-14,9.612085e+16
2022-07-15,9.6551e+16
2022-07-16,
2022-07-17,
2022-07-18,9.691613e+16
2022-07-19,9.82448e+16
2022-07-20,9.828683e+16
2022-07-21,9.903317e+16
2022-07-22,9.892482e+16
2022-07-23,
2022-07-24,
2022-07-25,1.0026985e+17
2022-07-26,9.977169e+16
2022-07-27,1.0143796e+17
2022-07-28,1.0259666e+17
2022-07-29,1.0316469e+17
2022-07-30,
2022-07-31,
2022-08-01,1.0222508e+17
2022-08-02,1.033617e+17
2022-08-03,1.0377468e+17
2022-08-04,1.0589222e+17
2022-08-05,1.0647192e+17
2022-08-06,
2022-08-07,
2022-08-08,1.0840227e+17
2022-08-09,1.0865105e+17
2022-08-10,1.1023576e+17
2022-08-11,1.0971794e+17
2022-08-12,1.1276426e+17
2022-08-13,
2022-08-14,
2022-08-15,1.1303198e+17
2022-08-16,1.1351238e+17
2022-08-17,1.1370776e+17
2022-08-18,1.1381287e+17
2022-08-19,1.1149621e+17
2022-08-20,
2022-08-21,
2022-08-22,1.1050053e+17
2022-08-23,1.128571e+17
2022-08-24,1.1289784e+17
2022-08-25,1.1353172e+17
2022-08-26,1.1229886e+17
2022-08-27,
2022-08-28,
2022-08-29,1.1232312e+17
2022-08-30,1.1043064e+17
2022-08-31,1.0952288e+17
2022-09-01,1.104053e+17
2022-09-02,1.1086424e+17
2022-09-03,
2022-09-04,
2022-09-05,1.1220335e+17
2022-09-06,1.0976377e+17
2022-09-07,
2022-09-08,1.0991564e+17
2022-09-09,1.1230041e+17
2022-09-10,
2022-09-11,
2022-09-12,1.1340655e+17
2022-09-13,1.1079396e+17
2022-09-14,1.1054667e+17
2022-09-15,1.0995365e+17
2022-09-16,1.0928037e+17
2022-09-17,
2022-09-18,
2022-09-19,1.1182389e+17
2022-09-20,1.1251691e+17
2022-09-21,1.1193586e+17
2022-09-22,1.1407048e+17
2022-09-23,1.11716e+17
2022-09-24,
2022-09-25,
2022-09-26,1.0911416e+17
2022-09-27,1.0837635e+17
2022-09-28,1.084512e+17
2022-09-29,1.0766435e+17
2022-09-30,1.1003679e+17
2022-10-01,
2022-10-02,
2022-10-03,1.1613446e+17
2022-10-04,1.1623012e+17
2022-10-05,1.1719782e+17
2022-10-06,1.1756083e+17
2022-10-07,1.1637525e+17
2022-10-08,
2022-10-09,
2022-10-10,1.1594064e+17
2022-10-11,1.1482712e+17
2022-10-12,
2022-10-13,1.1430009e+17
2022-10-14,1.1207234e+17
2022-10-15,
2022-10-16,
2022-10-17,1.1362398e+17
2022-10-18,1.1574307e+17
2022-10-19,1.1627424e+17
2022-10-20,1.1717111e+17
2022-10-21,1.1992879e+17
2022-10-22,
2022-10-23,
2022-10-24,1.160127e+17
2022-10-25,1.1462559e+17
2022-10-26,1.1276379e+17
2022-10-27,1.1464076e+17
2022-10-28,1.1453905e+17
2022-10-29,
2022-10-30,
2022-10-31,1.1603708e+17
2022-11-01,1.1692866e+17
2022-11-02,
2022-11-03,1.1689636e+17
2022-11-04,1.1815546e+17
2022-11-05,
2022-11-06,
2022-11-07,1.153424e+17
2022-11-08,1.1616035e+17
2022-11-09,1.1358009e+17
2022-11-10,1.0977546e+17
2022-11-11,1.1225349e+17
2022-11-12,
2022-11-13,
2022-11-14,1.1316128e+17
2022-11-15,
2022-11-16,1.1024333e+17
2022-11-17,1.0970278e+17
2022-11-18,1.0887017e+17
2022-11-19,
2022-11-20,
2022-11-21,1.0974818e+17
2022-11-22,1.0903654e+17
2022-11-23,1.0884115e+17
2022-11-24,1.1183116e+17
2022-11-25,1.089767e+17
2022-11-26,
2022-11-27,
2022-11-28,1.0878215e+17
2022-11-29,1.1090961e+17
2022-11-30,1.1248601e+17
2022-12-01,1.109256e+17
2022-12-02,1.1192393e+17
2022-12-03,
2022-12-04,
2022-12-05,1.0940141e+17
2022-12-06,1.1018857e+17
2022-12-07,1.0906855e+17
2022-12-08,1.0724904e+17
2022-12-09,1.0751956e+17
2022-12-10,
2022-12-11,
2022-12-12,1.0534333e+17
2022-12-13,1.0353967e+17
2022-12-14,1.0374577e+17
2022-12-15,1.0373769e+17
2022-12-16,1.028557e+17
2022-12-17,
2022-12-18,
2022-12-19,1.0473975e+17
2022-12-20,1.0686411e+17
2022-12-21,1.0743314e+17
2022-12-22,1.0755152e+17
2022-12-23,1.0969757e+17
2022-12-24,
2022-12-25,
2022-12-26,1.0873775e+17
2022-12-27,1.085782e+17
2022-12-28,1.1023671e+17
2022-12-29,1.097346e+17
2022-12-30,
2022-12-31,
2023-01-01,
2023-01-02,1.0637602e+17
2023-01-03,1.0416574e+17
2023-01-04,1.0533446e+17
2023-01-05,1.0764132e+17
2023-01-06,1.089637e+17
2023-01-07,
2023-01-08,
2023-01-09,1.0912957e+17
2023-01-10,1.1081671e+17
2023-01-11,1.1251708e+17
2023-01-12,1.1185022e+17
2023-01-13,1.1091608e+17
2023-01-14,
2023-01-15,
2023-01-16,1.0921266e+17
2023-01-17,1.1143912e+17
2023-01-18,1.1222839e+17
2023-01-19,1.1292188e+17
2023-01-20,1.1204064e+17
2023-01-21,
2023-01-22,
2023-01-23,1.1173728e+17
2023-01-24,1.1302815e+17
2023-01-25,1.1427007e+17
2023-01-26,1.1417755e+17
2023-01-27,1.1231616e+17
2023-01-28,
2023-01-29,
2023-01-30,1.1227301e+17
2023-01-31,1.1343054e+17
2023-02-01,1.1207355e+17
2023-02-02,1.1014064e+17
2023-02-03,1.0852347e+17
2023-02-04,
2023-02-05,
2023-02-06,1.0872158e+17
2023-02-07,1.0782973e+17
2023-02-08,1.0995149e+17
2023-02-09,1.0800805e+17
2023-02-10,1.0807827e+17
2023-02-11,
2023-02-12,
2023-02-13,1.0883647e+17
2023-02-14,1.0784881e+17
2023-02-15,1.0960014e+17
2023-02-16,1.0994146e+17
2023-02-17,1.0917692e+17
2023-02-18,
2023-02-19,
2023-02-20,
2023-02-21,
2023-02-22,1.0715205e+17
2023-02-23,1.0759287e+17
2023-02-24,1.0579843e+17
2023-02-25,
2023-02-26,
2023-02-27,1.0571105e+17
2023-02-28,1.0493193e+17
2023-03-01,1.0438467e+17
2023-03-02,1.0332561e+17
2023-03-03,1.0386599e+17
2023-03-04,
2023-03-05,
2023-03-06,1.0470032e+17
2023-03-07,1.0422793e+17
2023-03-08,1.0654032e+17
2023-03-09,1.0507119e+17
2023-03-10,1.036182e+17
2023-03-11,
2023-03-12,
2023-03-13,1.0312136e+17
2023-03-14,1.0293238e+17
2023-03-15,1.0267545e+17
2023-03-16,1.0343466e+17
2023-03-17,1.0198153e+17
2023-03-18,
2023-03-19,
2023-03-20,1.0092289e+17
2023-03-21,1.0099813e+17
2023-03-22,1.0022063e+17
2023-03-23,9.792634e+16
2023-03-24,9.882927e+16
2023-03-25,
2023-03-26,
2023-03-27,9.967047e+16
2023-03-28,1.0118509e+17
2023-03-29,1.0179252e+17
2023-03-30,1.0371345e+17
2023-03-31,1.018822e+17
2023-04-01,
2023-04-02,
2023-04-03,1.0150618e+17
2023-04-04,1.0186945e+17
2023-04-05,1.0097785e+17
2023-04-06,1.0082173e+17
2023-04-07,
2023-04-08,
2023-04-09,
2023-04-10,1.0184664e+17
2023-04-11,1.0621376e+17
2023-04-12,1.0688971e+17
2023-04-13,1.0645785e+17
2023-04-14,1.0627937e+17
2023-04-15,
2023-04-16,
2023-04-17,1.0601567e+17
2023-04-18,1.0616323e+17
2023-04-19,1.0391294e+17
2023-04-20,1.0436682e+17
2023-04-21,
2023-04-22,
2023-04-23,
2023-04-24,1.0394658e+17
2023-04-25,1.0322009e+17
2023-04-26,1.023121e+17
2023-04-27,1.0292331e+17
2023-04-28,1.0443163e+17
2023-04-29,
2023-04-30,
2023-05-01,
2023-05-02,1.0192695e+17
2023-05-03,1.0179709e+17
2023-05-04,1.0217434e+17
2023-05-05,1.0514848e+17
2023-05-06,
2023-05-07,
2023-05-08,1.0604215e+17
2023-05-09,1.0711366e+17
2023-05-10,1.0744821e+17
2023-05-11,1.082564e+17
2023-05-12,1.0846384e+17
2023-05-13,
2023-05-14,
2023-05-15,1.0902912e+17
2023-05-16,1.0819368e+17
2023-05-17,1.0945995e+17
2023-05-18,1.1010846e+17
2023-05-19,1.1074451e+17
2023-05-20,
2023-05-21,
2023-05-22,1.1021312e+17
2023-05-23,1.0992853e+17
2023-05-24,1.0879954e+17
2023-05-25,1.1005438e+17
2023-05-26,1.1090551e+17
2023-05-27,
2023-05-28,
2023-05-29,1.103334e+17
2023-05-30,1.0896703e+17
2023-05-31,1.0833507e+17
2023-06-01,1.1056466e+17
2023-06-02,1.1255815e+17
2023-06-03,
2023-06-04,
2023-06-05,1.1269632e+17
2023-06-06,1.146101e+17
2023-06-07,1.1548816e+17
2023-06-08,
2023-06-09,1.1701948e+17
2023-06-10,
2023-06-11,
2023-06-12,1.1733634e+17
2023-06-13,1.1674271e+17
2023-06-14,1.1906877e+17
2023-06-15,1.19221e+17
2023-06-16,1.1875842e+17
2023-06-17,
2023-06-18,
2023-06-19,1.1985776e+17
2023-06-20,1.196224e+17
2023-06-21,1.2042026e+17
2023-06-22,1.189342e+17
2023-06-23,1.189771e+17
2023-06-24,
2023-06-25,
2023-06-26,1.1824295e+17
2023-06-27,1.1752287e+17
2023-06-28,1.1668132e+17
2023-06-29,1.1838265e+17
2023-06-30,1.18087e+17
2023-07-01,
2023-07-02,
2023-07-03,1.1967278e+17
2023-07-04,1.1907637e+17
2023-07-05,1.1954921e+17
2023-07-06,1.174257e+17
2023-07-07,1.1889799e+17
2023-07-08,
2023-07-09,
2023-07-10,1.1794244e+17
2023-07-11,1.1755552e+17
2023-07-12,1.1766649e+17
2023-07-13,1.1926389e+17
2023-07-14,1.1771054e+17
2023-07-15,
2023-07-16,
2023-07-17,1.1821946e+17
2023-07-18,1.1784119e+17
2023-07-19,1.1755207e+17
2023-07-20,1.180829e+17
2023-07-21,1.2021677e+17
2023-07-22,
2023-07-23,
2023-07-24,1.2134169e+17
2023-07-25,1.2200777e+17
2023-07-26,1.2256038e+17
2023-07-27,1.1998964e+17
2023-07-28,1.2018711e+17
2023-07-29,
2023-07-30,
2023-07-31,1.2194298e+17
2023-08-01,1.2124839e+17
2023-08-02,1.2085872e+17
2023-08-03,1.2058577e+17
2023-08-04,1.1950768e+17
2023-08-05,
2023-08-06,
2023-08-07,1.193795e+17
2023-08-08,1.1909024e+17
2023-08-09,1.1840877e+17
2023-08-10,1.183496e+17
2023-08-11,1.1806514e+17
2023-08-12,
2023-08-13,
2023-08-14,1.1680955e+17
2023-08-15,1.1617142e+17
2023-08-16,1.1559152e+17
2023-08-17,1.149823e+17
2023-08-18,1.1540852e+17
2023-08-19,
2023-08-20,
2023-08-21,1.1442935e+17
2023-08-22,1.1615601e+17
2023-08-23,1.1813459e+17
2023-08-24,1.170256e+17
2023-08-25,1.158372e+17
2023-08-26,
2023-08-27,
2023-08-28,1.1712098e+17
2023-08-29,1.1840361e+17
2023-08-30,1.175351e+17
2023-08-31,1.1574181e+17
2023-09-01,1.1789296e+17
2023-09-02,
2023-09-03,
2023-09-04,1.1777662e+17
2023-09-05,1.173313e+17
2023-09-06,1.1598534e+17
2023-09-07,
2023-09-08,1.153134e+17
2023-09-09,
2023-09-10,
2023-09-11,1.1688334e+17
2023-09-12,1.1796812e+17
2023-09-13,1.1817597e+17
2023-09-14,1.1939155e+17
2023-09-15,1.1875753e+17
2023-09-16,
2023-09-17,
2023-09-18,1.1828821e+17
2023-09-19,1.1784578e+17
2023-09-20,1.1869532e+17
2023-09-21,1.1614505e+17
2023-09-22,1.1600864e+17
2023-09-23,
2023-09-24,
2023-09-25,1.1592461e+17
2023-09-26,1.1419343e+17
2023-09-27,1.1432705e+17
2023-09-28,1.1573076e+17
2023-09-29,1.1656517e+17
2023-09-30,
2023-10-01,
2023-10-02,1.1505686e+17
2023-10-03,1.1341904e+17
2023-10-04,1.1360745e+17
2023-10-05,1.1328408e+17
2023-10-06,1.1416963e+17
2023-10-07,
2023-10-08,
2023-10-09,1.1515607e+17
2023-10-10,1.1673695e+17
2023-10-11,1.1705074e+17
2023-10-12,
2023-10-13,1.1575408e+17
2023-10-14,
2023-10-15,
2023-10-16,1.1653385e+17
2023-10-17,1.1590843e+17
2023-10-18,1.1405964e+17
2023-10-19,1.140043e+17
2023-10-20,1.1315528e+17
2023-10-21,
2023-10-22,
2023-10-23,1.1278452e+17
2023-10-24,1.137619e+17
2023-10-25,1.1282997e+17
2023-10-26,1.1477686e+17
2023-10-27,1.1330135e+17
2023-10-28,
2023-10-29,
2023-10-30,1.1253152e+17
2023-10-31,1.1314367e+17
2023-11-01,1.1505296e+17
2023-11-02,
2023-11-03,1.1815997e+17
2023-11-04,
2023-11-05,
2023-11-06,1.1843125e+17
2023-11-07,1.1926806e+17
2023-11-08,1.1917667e+17
2023-11-09,1.1903414e+17
2023-11-10,1.2056814e+17
2023-11-11,
2023-11-12,
2023-11-13,1.2041017e+17
2023-11-14,1.2316576e+17
2023-11-15,
2023-11-16,1.2463924e+17
2023-11-17,1.2477321e+17
2023-11-18,
2023-11-19,
2023-11-20,1.2595706e+17
2023-11-21,1.2562603e+17
2023-11-22,1.260353e+17
2023-11-23,1.2657575e+17
2023-11-24,1.2551727e+17
2023-11-25,
2023-11-26,
2023-11-27,1.2573145e+17
2023-11-28,1.2653832e+17
2023-11-29,1.2616564e+17
2023-11-30,1.2733112e+17
2023-12-01,1.2818491e+17
2023-12-02,
2023-12-03,
2023-12-04,1.2680279e+17
2023-12-05,1.2690325e+17
2023-12-06,1.2562265e+17
2023-12-07,1.2600957e+17
2023-12-08,1.2709357e+17
2023-12-09,
2023-12-10,
2023-12-11,1.2691641e+17
2023-12-12,1.2640303e+17
2023-12-13,1.2946508e+17
2023-12-14,1.3084209e+17
2023-12-15,1.301971e+17
2023-12-16,
2023-12-17,
2023-12-18,1.3108382e+17
2023-12-19,1.318509e+17
2023-12-20,1.3080417e+17
2023-12-21,1.3218201000000002e+17
2023-12-22,1.3275293e+17
2023-12-23,
2023-12-24,
2023-12-25,
2023-12-26,1.3353292000000002e+17
2023-12-27,1.3419372e+17
2023-12-28,1.3418523999999998e+17
2023-12-29,
2023-12-30,
2023-12-31,
2024-01-01,
2024-01-02,1.3269663e+17
2024-01-03,1.3283395000000002e+17
2024-01-04,1.3122591e+17
2024-01-05,1.3202292000000002e+17
2024-01-06,
2024-01-07,
2024-01-08,1.3242654000000002e+17
2024-01-09,1.3144659e+17
2024-01-10,1.3084109e+17
2024-01-11,1.3064875e+17
2024-01-12,1.3098767e+17
2024-01-13,
2024-01-14,
2024-01-15,1.3152091e+17
2024-01-16,1.2929404e+17
2024-01-17,1.2852383e+17
2024-01-18,1.2731574e+17
2024-01-19,1.2763565e+17
2024-01-20,
2024-01-21,
2024-01-22,1.2660155e+17
2024-01-23,1.2826252e+17
2024-01-24,1.278157e+17
2024-01-25,1.2816873e+17
2024-01-26,1.2896732e+17
2024-01-27,
2024-01-28,
2024-01-29,1.2850266e+17
2024-01-30,1.2740181e+17
2024-01-31,1.2775228e+17
2024-02-01,1.2848102e+17
2024-02-02,1.2718225e+17
2024-02-03,
2024-02-04,
2024-02-05,1.2759349e+17
2024-02-06,1.3041631e+17
2024-02-07,1.299499e+17
2024-02-08,1.2821692e+17
2024-02-09,1.280257e+17
2024-02-10,
2024-02-11,
2024-02-12,
2024-02-13,
2024-02-14,1.2701829e+17
2024-02-15,1.2780413e+17
2024-02-16,1.2872588e+17
2024-02-17,
2024-02-18,
2024-02-19,1.2903574e+17
2024-02-20,1.2991611e+17
2024-02-21,1.3003158e+17
2024-02-22,1.3024055e+17
2024-02-23,1.2941873e+17
2024-02-24,
2024-02-25,
2024-02-26,1.2960905e+17
2024-02-27,1.3168937e+17
2024-02-28,1.3015543e+17
2024-02-29,1.2902002e+17
2024-03-01,1.2918037e+17
2024-03-02,
2024-03-03,
2024-03-04,1.2834054e+17
2024-03-05,1.2809811e+17
2024-03-06,1.2889023e+17
2024-03-07,1.2833976e+17
2024-03-08,1.2707079e+17
2024-03-09,
2024-03-10,
2024-03-11,1.2612356e+17
2024-03-12,1.2766784e+17
2024-03-13,1.2800605e+17
2024-03-14,1.2768997e+17
2024-03-15,1.2674181e+17
2024-03-16,
2024-03-17,
2024-03-18,1.2695418e+17
2024-03-19,1.2752885e+17
2024-03-20,1.2912483e+17
2024-03-21,1.2815857e+17
2024-03-22,1.270271e+17
2024-03-23,
2024-03-24,
2024-03-25,1.2693147e+17
2024-03-26,1.2686302e+17
2024-03-27,1.2769062e+17
2024-03-28,1.281061e+17
2024-03-29,
2024-03-30,
2024-03-31,
2024-04-01,1.2699045e+17
2024-04-02,1.2754852e+17
2024-04-03,1.2731839e+17
2024-04-04,1.2742753e+17
2024-04-05,1.2679541e+17
2024-04-06,
2024-04-07,
2024-04-08,1.2885716e+17
2024-04-09,1.2989037e+17
2024-04-10,1.2805374e+17
2024-04-11,1.2739635e+17
2024-04-12,1.2594609e+17
2024-04-13,
2024-04-14,
2024-04-15,1.2533389e+17
2024-04-16,1.2438862e+17
2024-04-17,1.2417115e+17
2024-04-18,1.2419618e+17
2024-04-19,1.251243e+17
2024-04-20,
2024-04-21,
2024-04-22,1.2557316e+17
2024-04-23,1.2514807e+17
2024-04-24,1.2474069e+17
2024-04-25,1.2464558e+17
2024-04-26,1.2652627e+17
2024-04-27,
2024-04-28,
2024-04-29,1.2735179e+17
2024-04-30,1.2592419e+17
2024-05-01,
2024-05-02,1.2712225e+17
2024-05-03,1.2850867e+17
2024-05-04,
2024-05-05,
2024-05-06,1.2846569e+17
2024-05-07,1.2921048e+17
2024-05-08,1.2948089e+17
2024-05-09,1.2818834e+17
2024-05-10,1.2759957e+17
2024-05-11,
2024-05-12,
2024-05-13,1.2815479e+17
2024-05-14,1.2851549e+17
2024-05-15,1.2802759e+17
2024-05-16,1.2828362e+17
2024-05-17,1.2815071e+17
2024-05-18,
2024-05-19,
2024-05-20,1.2775092e+17
2024-05-21,1.2741155e+17
2024-05-22,1.2565003e+17
2024-05-23,1.247294e+17
2024-05-24,1.2430557e+17
2024-05-25,
2024-05-26,
2024-05-27,1.2449568e+17
2024-05-28,1.2377954e+17
2024-05-29,1.2270728e+17
2024-05-30,
2024-05-31,1.2209809e+17
2024-06-01,
2024-06-02,
2024-06-03,1.2203158e+17
2024-06-04,1.2180206e+17
2024-06-05,1.2140733e+17
2024-06-06,1.228988e+17
2024-06-07,1.2076719e+17
2024-06-08,
2024-06-09,
2024-06-10,1.2075951e+17
2024-06-11,1.2163506e+17
2024-06-12,1.1993602e+17
2024-06-13,1.1956753e+17
2024-06-14,1.1966238e+17
2024-06-15,
2024-06-16,
2024-06-17,1.1913786e+17
2024-06-18,1.1963044e+17
2024-06-19,1.2026134e+17
2024-06-20,1.2044591e+17
2024-06-21,1.2134113e+17
2024-06-22,
2024-06-23,
2024-06-24,1.2263696e+17
2024-06-25,1.2233139e+17
2024-06-26,1.226413e+17
2024-06-27,1.2430783e+17
2024-06-28,1.2390655e+17
2024-06-29,
2024-06-30,
2024-07-01,1.2471807e+17
2024-07-02,1.2478708e+17
2024-07-03,1.2566189e+17
2024-07-04,1.2616398e+17
2024-07-05,1.2626705e+17
2024-07-06,
2024-07-07,
2024-07-08,1.2654834e+17
2024-07-09,1.2710822e+17
2024-07-10,1.2721824e+17
2024-07-11,1.2829361e+17
2024-07-12,1.2889698e+17
2024-07-13,
2024-07-14,
2024-07-15,1.2932096e+17
2024-07-16,1.2911038e+17
2024-07-17,1.2945032e+17
2024-07-18,1.2765206e+17
2024-07-19,1.2761646e+17
2024-07-20,
2024-07-21,
2024-07-22,1.2785963e+17
2024-07-23,1.2658984e+17
2024-07-24,1.2642273e+17
2024-07-25,1.2595409e+17
2024-07-26,1.2749249e+17
2024-07-27,
2024-07-28,
2024-07-29,1.2695386e+17
2024-07-30,1.2613921e+17
2024-07-31,1.2765181e+17
2024-08-01,1.273951e+17
2024-08-02,1.2585409e+17
2024-08-03,
2024-08-04,
2024-08-05,1.2526954e+17
2024-08-06,1.262667e+17
2024-08-07,1.2751388e+17
2024-08-08,1.2866088e+17
2024-08-09,1.3061459e+17
2024-08-10,
2024-08-11,
2024-08-12,1.311159e+17
2024-08-13,1.3239797e+17
2024-08-14,1.3331766e+17
2024-08-15,1.3415342000000002e+17
2024-08-16,1.3395325e+17
2024-08-17,
2024-08-18,
2024-08-19,1.3577798000000002e+17
2024-08-20,1.3608741e+17
2024-08-21,1.3646365e+17
2024-08-22,1.3517339000000002e+17
2024-08-23,1.3560847e+17
2024-08-24,
2024-08-25,
2024-08-26,1.3688870999999998e+17
2024-08-27,1.3677591e+17
2024-08-28,1.3734395999999998e+17
2024-08-29,1.3604135e+17
2024-08-30,1.3600401000000002e+17
2024-08-31,
2024-09-01,
2024-09-02,1.3490607e+17
2024-09-03,1.3435348000000002e+17
2024-09-04,1.3611073000000002e+17
2024-09-05,1.3650248999999998e+17
2024-09-06,1.3457245000000002e+17
2024-09-07,
2024-09-08,
2024-09-09,1.3473720999999998e+17
2024-09-10,1.3431957999999998e+17
2024-09-11,1.3467675e+17
2024-09-12,1.3402943e+17
2024-09-13,1.3488195000000002e+17
2024-09-14,
2024-09-15,
2024-09-16,1.3511822e+17
2024-09-17,1.3496019e+17
2024-09-18,1.3374769e+17
2024-09-19,1.3312267000000002e+17
2024-09-20,1.3106544e+17
2024-09-21,
2024-09-22,
2024-09-23,1.3056837e+17
2024-09-24,1.3215576000000002e+17
2024-09-25,1.3158645000000002e+17
2024-09-26,1.3300978e+17
2024-09-27,1.3273035999999998e+17
2024-09-28,
2024-09-29,
2024-09-30,1.3181644e+17
2024-10-01,1.3249516e+17
2024-10-02,1.3351494e+17
2024-10-03,1.3167151000000002e+17
2024-10-04,1.3179154999999998e+17
2024-10-05,
2024-10-06,
2024-10-07,1.3201784e+17
2024-10-08,1.3151173000000002e+17
2024-10-09,1.2996206e+17
2024-10-10,1.3035286e+17
2024-10-11,1.2999229e+17
2024-10-12,
2024-10-13,
2024-10-14,1.3100525e+17
2024-10-15,1.3104327e+17
2024-10-16,1.3174972e+17
2024-10-17,1.3079341e+17
2024-10-18,1.3049926e+17
2024-10-19,
2024-10-20,
2024-10-21,1.3036156e+17
2024-10-22,1.2995137e+17
2024-10-23,1.2923311e+17
2024-10-24,1.3006695e+17
2024-10-25,1.2989332e+17
2024-10-26,
2024-10-27,
2024-10-28,1.3121257999999998e+17
2024-10-29,1.3072993e+17
2024-10-30,1.3063933e+17
2024-10-31,1.2971333e+17
2024-11-01,1.2812075e+17
2024-11-02,
2024-11-03,
2024-11-04,1.3051479e+17
2024-11-05,1.3066075e+17
2024-11-06,1.3034092e+17
2024-11-07,1.296817e+17
2024-11-08,1.278298e+17
2024-11-09,
2024-11-10,
2024-11-11,1.278737e+17
2024-11-12,1.2769832e+17
2024-11-13,1.2773388e+17
2024-11-14,1.277916e+17
2024-11-15,
2024-11-16,
2024-11-17,
2024-11-18,1.2776819e+17
2024-11-19,1.2819725e+17
2024-11-20,
2024-11-21,1.2692211e+17
2024-11-22,1.2912551e+17
2024-11-23,
2024-11-24,
2024-11-25,1.290361e+17
2024-11-26,1.2992238e+17
2024-11-27,1.2766861e+17
2024-11-28,1.2461041e+17
2024-11-29,1.2566783e+17
2024-11-30,
2024-12-01,
2024-12-02,1.2523554e+17
2024-12-03,1.261392e+17
2024-12-04,1.2608702e+17
2024-12-05,1.2785758e+17
2024-12-06,1.2594567e+17
2024-12-07,
2024-12-08,
2024-12-09,1.2721019e+17
2024-12-10,1.2822849e+17
2024-12-11,1.2959331e+17
2024-12-12,1.2604221e+17
2024-12-13,1.2461222e+17
2024-12-14,
2024-12-15,
2024-12-16,1.2356006e+17
2024-12-17,1.2469804e+17
2024-12-18,1.2077188e+17
2024-12-19,1.2118791e+17
2024-12-20,1.2210215e+17
2024-12-21,
2024-12-22,
2024-12-23,1.2076657e+17
2024-12-24,
2024-12-25,
2024-12-26,1.210775e+17
2024-12-27,1.2026931e+17
2024-12-28,
2024-12-29,
2024-12-30,1.202834e+17
2024-12-31,
2025-01-01,
2025-01-02,1.2012539e+17
2025-01-03,1.1853268e+17
2025-01-04,
2025-01-05,
2025-01-06,1.2002152e+17
2025-01-07,1.2116266e+17
2025-01-08,1.1962451e+17
2025-01-09,1.1978056e+17
2025-01-10,1.1885648e+17
2025-01-11,
2025-01-12,
2025-01-13,1.1900693e+17
2025-01-14,1.1929867e+17
2025-01-15,1.226502e+17
2025-01-16,1.2123414e+17
2025-01-17,1.2235038e+17
2025-01-18,
2025-01-19,
2025-01-20,1.2285515e+17
2025-01-21,1.2333834e+17
2025-01-22,1.2297177e+17
2025-01-23,1.2248332e+17
2025-01-24,1.2244694e+17
2025-01-25,
2025-01-26,
2025-01-27,1.248615e+17
2025-01-28,1.240555e+17
2025-01-29,1.2343212e+17
2025-01-30,1.2691278e+17
2025-01-31,1.2613494e+17
2025-02-01,
2025-02-02,
2025-02-03,1.2597046e+17
2025-02-04,1.2514742e+17
2025-02-05,1.2553407e+17
2025-02-06,1.2622474e+17
2025-02-07,1.246194e+17
2025-02-08,
2025-02-09,
2025-02-10,1.2557181e+17
2025-02-11,1.2652166e+17
2025-02-12,1.2438021e+17
2025-02-13,1.2485018e+17
2025-02-14,1.2821859e+17
2025-02-15,
2025-02-16,
2025-02-17,1.2855213e+17
2025-02-18,1.2853171e+17
2025-02-19,1.273088e+17
2025-02-20,1.2760058e+17
2025-02-21,1.2712806e+17
2025-02-22,
2025-02-23,
2025-02-24,1.2540138e+17
2025-02-25,1.259795e+17
2025-02-26,1.2476871e+17
2025-02-27,1.2479896e+17
2025-02-28,1.2279909e+17
2025-03-01,
2025-03-02,
2025-03-03,
2025-03-04,
2025-03-05,1.2304685e+17
2025-03-06,1.2335755e+17
2025-03-07,1.2503463e+17
2025-03-08,
2025-03-09,
2025-03-10,1.2451938e+17
2025-03-11,1.2350735e+17
2025-03-12,1.238635e+17
2025-03-13,1.2563711e+17
2025-03-14,1.2895709e+17
2025-03-15,
2025-03-16,
2025-03-17,1.3083396e+17
2025-03-18,1.3147473000000002e+17
2025-03-19,1.3250845000000002e+17
2025-03-20,1.319549e+17
2025-03-21,1.3234488e+17
2025-03-22,
2025-03-23,
2025-03-24,1.3132144e+17
2025-03-25,1.3206769e+17
2025-03-26,1.3251963e+17
2025-03-27,1.3314875e+17
2025-03-28,1.3190218e+17
2025-03-29,
2025-03-30,
2025-03-31,1.3025954e+17
2025-04-01,1.3114729000000002e+17
2025-04-02,1.3119034e+17
2025-04-03,1.3114065e+17
2025-04-04,1.27256e+17
2025-04-05,
2025-04-06,
2025-04-07,1.2558809e+17
2025-04-08,1.2393189e+17
2025-04-09,1.2779593e+17
2025-04-10,1.2635475e+17
2025-04-11,1.276824e+17
2025-04-12,
2025-04-13,
2025-04-14,1.2945391e+17
2025-04-15,1.2924539e+17
2025-04-16,1.2831689e+17
2025-04-17,1.2965003e+17
2025-04-18,
2025-04-19,
2025-04-20,
2025-04-21,
2025-04-22,1.3046438e+17
2025-04-23,1.3221607e+17
2025-04-24,1.3458043e+17
2025-04-25,1.3473928e+17
2025-04-26,
2025-04-27,
2025-04-28,1.3501589000000002e+17
2025-04-29,1.3509298999999998e+17
2025-04-30,1.3506697e+17
2025-05-01,
2025-05-02,1.3513388e+17
2025-05-03,
2025-05-04,
2025-05-05,1.3349123000000002e+17
2025-05-06,1.3351582e+17
2025-05-07,1.3339751999999998e+17
2025-05-08,1.362319e+17
2025-05-09,1.3651188e+17
2025-05-10,
2025-05-11,
2025-05-12,1.3656318e+17
2025-05-13,1.3896310999999998e+17
2025-05-14,1.3842284e+17
2025-05-15,1.3933438e+17
2025-05-16,1.3918739000000002e+17
2025-05-17,
2025-05-18,
2025-05-19,1.3963641e+17
2025-05-20,1.4010963e+17
2025-05-21,1.3788126999999998e+17
2025-05-22,1.3727259e+17
2025-05-23,1.3782429000000002e+17
2025-05-24,
2025-05-25,
2025-05-26,1.3813614000000002e+17
2025-05-27,1.3954123000000002e+17
2025-05-28,1.3888781e+17
2025-05-29,1.3853370000000002e+17
2025-05-30,1.3702662e+17
2025-05-31,
2025-06-01,
2025-06-02,1.3678665e+17
2025-06-03,1.3754626000000002e+17
2025-06-04,1.3700157999999998e+17
2025-06-05,1.3623637e+17
2025-06-06,1.361021e+17
2025-06-07,
2025-06-08,
2025-06-09,1.3569938e+17
2025-06-10,1.3643607e+17
2025-06-11,1.3712804000000002e+17
2025-06-12,1.3779973999999998e+17
2025-06-13,1.3721263e+17
2025-06-14,
2025-06-15,
2025-06-16,1.3925591e+17
2025-06-17,1.3884001999999998e+17
2025-06-18,1.3871664000000002e+17
2025-06-19,
2025-06-20,1.3711582999999998e+17
2025-06-21,
2025-06-22,
2025-06-23,1.365505e+17
2025-06-24,1.3716460999999998e+17
2025-06-25,1.3576729000000002e+17
2025-06-26,1.3711389000000002e+17
2025-06-27,1.3686579000000002e+17
2025-06-28,
2025-06-29,
2025-06-30,1.388546e+17
2025-07-01,1.3954943e+17
2025-07-02,1.3905093e+17
2025-07-03,1.4092785999999998e+17
2025-07-04,1.4126356e+17
2025-07-05,
2025-07-06,
2025-07-07,1.3948970000000002e+17
2025-07-08,1.3930285e+17
2025-07-09,1.3748079000000002e+17
2025-07-10,1.3674326000000002e+17
2025-07-11,1.3618731e+17
2025-07-12,
2025-07-13,
2025-07-14,1.3529898999999998e+17
2025-07-15,1.352501e+17
2025-07-16,1.3551098999999998e+17
2025-07-17,1.3556473999999998e+17
2025-07-18,1.3338157999999998e+17
2025-07-19,
2025-07-20,
2025-07-21,1.3416672e+17
2025-07-22,1.3403572e+17
2025-07-23,1.3536826999999998e+17
2025-07-24,1.3380759e+17
2025-07-25,1.3352418e+17
2025-07-26,
2025-07-27,
2025-07-28,1.3212926000000002e+17
2025-07-29,1.3272568e+17
2025-07-30,1.3398973999999998e+17
2025-07-31,1.3307104999999998e+17
2025-08-01,1.3243739000000002e+17
2025-08-02,
2025-08-03,
2025-08-04,1.3297120000000002e+17
2025-08-05,1.3315129999999998e+17
2025-08-06,1.3453762e+17
2025-08-07,1.3652760999999998e+17
2025-08-08,1.3591325e+17
2025-08-09,
2025-08-10,
2025-08-11,1.3562315e+17
2025-08-12,1.3791368e+17
2025-08-13,1.3668732e+17
2025-08-14,1.3635578e+17
2025-08-15,1.3634076999999998e+17
2025-08-16,
2025-08-17,
2025-08-18,1.3732164000000002e+17
2025-08-19,1.3443226000000002e+17
2025-08-20,1.3466645999999998e+17
2025-08-21,1.3451085e+17
2025-08-22,1.3796815e+17
2025-08-23,
2025-08-24,
2025-08-25,1.3802517000000002e+17
2025-08-26,1.3777139000000002e+17
2025-08-27,1.3920581e+17
2025-08-28,1.4104920000000002e+17
2025-08-29,1.4142226000000002e+17
2025-08-30,
2025-08-31,
2025-09-01,1.4128301000000002e+17
2025-09-02,1.4033516e+17
2025-09-03,1.3986363e+17
2025-09-04,1.4099325e+17
2025-09-05,1.4264014000000002e+17
2025-09-06,
2025-09-07,
2025-09-08,1.4179157999999998e+17
2025-09-09,1.4161829000000002e+17
2025-09-10,1.4234870000000002e+17
2025-09-11,1.4315084e+17
2025-09-12,1.4227157999999998e+17
2025-09-13,
2025-09-14,
2025-09-15,1.4354657999999998e+17
2025-09-16,1.4406173999999998e+17
2025-09-17,1.4559363e+17
2025-09-18,1.4549949e+17
2025-09-19,1.4586511e+17
2025-09-20,
2025-09-21,
2025-09-22,1.4510925e+17
2025-09-23,1.4642494e+17
2025-09-24,1.4649175e+17
2025-09-25,1.4530623e+17
2025-09-26,1.4544666e+17
2025-09-27,
2025-09-28,
2025-09-29,1.463368e+17
2025-09-30,1.4623702e+17
2025-10-01,1.4551735e+17
2025-10-02,1.4394964000000002e+17
2025-10-03,1.4420065e+17
2025-10-04,
2025-10-05,
2025-10-06,1.4360807999999998e+17
2025-10-07,1.4135643e+17
2025-10-08,1.4214538e+17
2025-10-09,1.4170819e+17
2025-10-10,1.4068034e+17
2025-10-11,
2025-10-12,
2025-10-13,1.4178335999999998e+17
2025-10-14,1.4168298999999998e+17
2025-10-15,1.4260366e+17
2025-10-16,1.4220001999999998e+17
2025-10-17,1.4339863e+17
2025-10-18,
2025-10-19,
2025-10-20,1.4450932e+17
2025-10-21,1.4408515e+17
2025-10-22,1.4487279e+17
2025-10-23,1.4572098e+17
2025-10-24,1.4617221e+17
2025-10-25,
2025-10-26,
2025-10-27,1.469691e+17
2025-10-28,1.474289e+17
2025-10-29,1.4863293e+17
2025-10-30,1.4878022e+17
2025-10-31,1.4954043e+17
2025-11-01,
2025-11-02,
2025-11-03,1.5045424e+17
2025-11-04,1.507042e+17
2025-11-05,1.5329444e+17
2025-11-06,1.5333863e+17
2025-11-07,1.5406353e+17
2025-11-08,
2025-11-09,
2025-11-10,1.5525731e+17
2025-11-11,1.577486e+17
2025-11-12,1.576329e+17
2025-11-13,1.5716243e+17
2025-11-14,1.5773869e+17
2025-11-15,
2025-11-16,
2025-11-17,1.5699293e+17
2025-11-18,1.5652213e+17
2025-11-19,1.5538066e+17
2025-11-20,
2025-11-21,1.547701e+17
2025-11-22,
2025-11-23,
2025-11-24,1.5527756e+17
2025-11-25,1.5591018e+17
2025-11-26,1.5855494e+17
2025-11-27,1.5835976e+17
2025-11-28,1.5907213e+17
2025-11-29,
2025-11-30,
2025-12-01,1.5861101e+17
2025-12-02,1.6109225e+17
2025-12-03,1.6175518e+17
2025-12-04,1.6445561e+17
2025-12-05,1.5736936e+17
2025-12-06,
2025-12-07,
2025-12-08,1.5818743e+17
2025-12-09,1.5798113e+17
2025-12-10,1.5907497e+17
2025-12-11,1.591891e+17
2025-12-12,1.6076637e+17
2025-12-13,
2025-12-14,
2025-12-15,1.6248174e+17
2025-12-16,1.5857788e+17
2025-12-17,1.5732726e+17
2025-12-18,1.5792334e+17
2025-12-19,1.5847302e+17
2025-12-20,
2025-12-21,
2025-12-22,1.5814165e+17
2025-12-23,1.6045583e+17
2025-12-24,
2025-12-25,
2025-12-26,1.6089664e+17
2025-12-27,
2025-12-28,
2025-12-29,1.604903e+17
2025-12-30,1.6112537e+17
2025-12-31,
2026-01-01,
2026-01-02,1.6053869e+17
2026-01-03,
2026-01-04,
2026-01-05,1.6186976e+17
2026-01-06,1.6366388e+17
2026-01-07,1.6197524e+17
2026-01-08,1.6293648e+17
2026-01-09,1.6337031e+17
2026-01-10,
2026-01-11,
2026-01-12,1.6315035e+17
2026-01-13,1.6197305e+17
2026-01-14,1.6514598e+17
2026-01-15,1.6556832e+17
2026-01-16,1.6479998e+17
2026-01-17,
2026-01-18,
2026-01-19,1.6484927e+17
2026-01-20,1.662769e+17
2026-01-21,1.7181667e+17
2026-01-22,1.7558935e+17
2026-01-23,1.7885854e+17
2026-01-24,
2026-01-25,
2026-01-26,1.7872068e+17
2026-01-27,1.8191913e+17
2026-01-28,1.8469105e+17
2026-01-29,1.8313375e+17
2026-01-30,1.813639e+17
2026-01-31,
2026-02-01,
2026-02-02,1.827934e+17
2026-02-03,1.8567443e+17
2026-02-04,1.8170823e+17
2026-02-05,1.8212725e+17
2026-02-06,1.8294978e+17
2026-02-07,
2026-02-08,
2026-02-09,1.8624115e+17
2026-02-10,1.8592933e+17
2026-02-11,1.8969912e+17
2026-02-12,1.8776642e+17
2026-02-13,1.864643e+17
2026-02-14,
2026-02-15,
2026-02-16,
2026-02-17,
2026-02-18,1.8601631e+17
2026-02-19,1.8853442e+17
2026-02-20,1.9053442e+17
2026-02-21,
2026-02-22,
2026-02-23,1.8885349e+17
2026-02-24,1.914904e+17
2026-02-25,1.9124746e+17
2026-02-26,1.9100502e+17
2026-02-27,1.8878698e+17
2026-02-28,
2026-03-01,
2026-03-02,1.8930702e+17
2026-03-03,1.8310487e+17
2026-03-04,1.8536644e+17
2026-03-05,1.8046384e+17
2026-03-06,1.7936482e+17
2026-03-07,
2026-03-08,
2026-03-09,1.8091536e+17
2026-03-10,1.83447e+17
2026-03-11,1.8396935e+17
2026-03-12,1.7928449e+17
2026-03-13,1.7765331e+17
2026-03-14,
2026-03-15,
2026-03-16,1.7987544e+17
2026-03-17,1.8040973e+17
2026-03-18,1.7963991e+17
2026-03-19,1.8027062e+17
2026-03-20,1.762194e+17
2026-03-21,
2026-03-22,
2026-03-23,1.8193193e+17
2026-03-24,1.8250914e+17
2026-03-25,1.8542428e+17
2026-03-26,1.8273267e+17
2026-03-27,1.8155676e+17
2026-03-28,
2026-03-29,
2026-03-30,1.825142e+17
2026-03-31,1.8746184e+17
2026-04-01,1.8795291e+17
2026-04-02,1.8805202e+17
2026-04-03,
2026-04-04,
2026-04-05,
2026-04-06,1.8816197e+17
2026-04-07,1.8825891e+17
2026-04-08,1.9220116e+17
2026-04-09,1.9512925e+17
2026-04-10,1.9732387e+17
2026-04-11,
2026-04-12,
2026-04-13,1.9800071e+17
2026-04-14,1.9865733e+17
2026-04-15,1.9773761e+17
2026-04-16,1.9681859e+17
2026-04-17,1.9573351e+17
2026-04-18,
2026-04-19,
2026-04-20,1.9613206e+17
2026-04-21,
2026-04-22,1.9288896e+17
2026-04-23,1.9137843e+17
2026-04-24,1.9074502e+17
2026-04-25,
2026-04-26,
2026-04-27,1.8957879e+17
2026-04-28,1.8861869e+17
2026-04-29,1.8475042e+17
2026-04-30,1.8731764e+17
2026-05-01,
2026-05-02,
2026-05-03,
2026-05-04,1.8560012e+17
2026-05-05,1.8675382e+17
2026-05-06,1.8769086e+17
2026-05-07,1.8321826e+17
2026-05-08,1.8410829e+17
2026-05-09,
2026-05-10,
2026-05-11,1.8190887e+17
2026-05-12,1.8034233e+17
2026-05-13,1.7709829e+17
2026-05-14,1.7836586e+17
2026-05-15,1.7728383e+17
2026-05-16,
2026-05-17,
2026-05-18,1.7697582e+17
2026-05-19,1.7427886e+17
2026-05-20,1.7735573e+17
2026-05-21,1.7764986e+17
2026-05-22,1.7620961e+17
2026-05-23,
2026-05-24,
2026-05-25,
2026-05-26,
2026-05-27,
2026-05-28,
2026-05-29,
2026-05-30,
2026-05-31,
2026-06-01,
2026-06-02,
2026-06-03,
2026-06-04,
2026-06-05,
2026-06-06,
2026-06-07,
2026-06-08,
2026-06-09,
2026-06-10,
2026-06-11,
2026-06-12,
2026-06-13,
2026-06-14,
2026-06-15,
2026-06-16,
2026-06-17,
2026-06-18,
2026-06-19,
2026-06-20,
2026-06-21,
2026-06-22,
2026-06-23,
2026-06-24,
2026-06-25,
2026-06-26,
2026-06-27,
2026-06-28,
2026-06-29,
2026-06-30,
2026-07-01,
2026-07-02,
2026-07-03,
2026-07-04,
2026-07-05,
2026-07-06,
2026-07-07,
2026-07-08,
2026-07-09,
2026-07-10,
2026-07-11,
2026-07-12,
2026-07-13,
2026-07-14,
2026-07-15,
2026-07-16,
2026-07-17,
2026-07-18,
2026-07-19,
2026-07-20,
2026-07-21,
2026-07-22,
2026-07-23,
2026-07-24,
2026-07-25,
2026-07-26,
2026-07-27,
2026-07-28,
2026-07-29,
2026-07-30,
2026-07-31,
2026-08-01,
2026-08-02,
2026-08-03,
2026-08-04,
2026-08-05,
2026-08-06,
2026-08-07,
2026-08-08,
2026-08-09,
2026-08-10,
2026-08-11,
2026-08-12,
2026-08-13,
2026-08-14,
2026-08-15,
2026-08-16,
2026-08-17,
2026-08-18,
2026-08-19,
2026-08-20,
2026-08-21,
2026-08-22,
2026-08-23,
2026-08-24,
2026-08-25,
2026-08-26,
2026-08-27,
2026-08-28,
2026-08-29,
2026-08-30,
2026-08-31,
2026-09-01,
2026-09-02,
2026-09-03,
2026-09-04,
2026-09-05,
2026-09-06,
2026-09-07,
2026-09-08,
2026-09-09,
2026-09-10,
2026-09-11,
2026-09-12,
2026-09-13,
2026-09-14,
2026-09-15,
2026-09-16,
2026-09-17,
2026-09-18,
2026-09-19,
2026-09-20,
2026-09-21,
2026-09-22,
2026-09-23,
2026-09-24,
2026-09-25,
2026-09-26,
2026-09-27,
2026-09-28,
2026-09-29,
2026-09-30,
2026-10-01,
2026-10-02,
2026-10-03,
2026-10-04,
2026-10-05,
2026-10-06,
2026-10-07,
2026-10-08,
2026-10-09,
2026-10-10,
2026-10-11,
2026-10-12,
2026-10-13,
2026-10-14,
2026-10-15,
2026-10-16,
2026-10-17,
2026-10-18,
2026-10-19,
2026-10-20,
2026-10-21,
2026-10-22,
2026-10-23,
2026-10-24,
2026-10-25,
2026-10-26,
2026-10-27,
2026-10-28,
2026-10-29,
2026-10-30,
2026-10-31,
2026-11-01,
2026-11-02,
2026-11-03,
2026-11-04,
2026-11-05,
2026-11-06,
2026-11-07,
2026-11-08,
2026-11-09,
2026-11-10,
2026-11-11,
2026-11-12,
2026-11-13,
2026-11-14,
2026-11-15,
2026-11-16,
2026-11-17,
2026-11-18,
2026-11-19,
2026-11-20,
2026-11-21,
2026-11-22,
2026-11-23,
2026-11-24,
2026-11-25,
2026-11-26,
2026-11-27,
2026-11-28,
2026-11-29,
2026-11-30,
2026-12-01,
2026-12-02,
2026-12-03,
2026-12-04,
2026-12-05,
2026-12-06,
2026-12-07,
2026-12-08,
2026-12-09,
2026-12-10,
2026-12-11,
2026-12-12,
2026-12-13,
2026-12-14,
2026-12-15,
2026-12-16,
2026-12-17,
2026-12-18,
2026-12-19,
2026-12-20,
2026-12-21,
2026-12-22,
2026-12-23,
2026-12-24,
2026-12-25,
2026-12-26,
2026-12-27,
2026-12-28,
2026-12-29,
2026-12-30,
2026-12-31,
