date,open,high,low,closed,vol,return,SMA_9,SMA_21,RSI
2010-02-03,67163,67346,66774,67108,4452461568,-0.0008189032651906,66101.33333333333,68274.90476190476,41.492157348959445
2010-02-04,67100,67100,63749,63934,5750446080,-0.0472968945580258,65841.77777777778,67974.66666666667,27.04320379332451
2010-02-05,63934,64000,61341,62762,6866149376,-0.0183314042606438,65457.555555555555,67595.28571428571,23.753855496711495
2010-02-08,62759,63922,62727,63153,4571245568,0.00622988432491,65194.22222222222,67247.76190476191,26.946331062718443
2010-02-09,63163,65525,63163,64718,5783735296,0.0247810872009246,65155.22222222222,66983.76190476191,38.11534725055806
2010-02-10,64721,65169,64320,65051,4232616960,0.0051454000432646,65095.666666666664,66727.47619047618,40.21001854866288
2010-02-11,65049,66145,64344,66128,5498840064,0.0165562404882322,65176.444444444445,66539.52380952382,46.5154839523116
2010-02-12,66128,66128,64965,65854,3979614464,-0.0041434793128478,65096.77777777778,66323.76190476191,45.209207302993484
2010-02-17,65863,67542,65863,67284,4200304128,0.0217147022200625,65110.22222222222,66203.90476190476,52.678303957166975
2010-02-18,67284,67836,66550,67836,4068338432,0.0082040306759407,65191.11111111111,66149.52380952382,55.21617418696653
2010-02-19,67810,67935,67210,67597,3608861440,-0.0035232030190459,65598.11111111111,66063.66666666667,53.86909751285084
2010-02-22,67598,68119,67035,67184,4028345344,-0.0061097385978667,66089.44444444444,65933.95238095238,51.529615347974726
2010-02-23,67178,67178,65660,66108,4428962304,-0.0160157180281019,66417.77777777778,65834.33333333333,45.93269795103881
2010-02-24,66110,66513,65534,65794,3842718720,-0.0047498033520905,66537.33333333333,65811.66666666667,44.41655912904607
2010-02-25,65765,66324,64428,66121,4701898240,0.0049700580600053,66656.22222222222,65806.95238095238,46.400728265078484
2010-02-26,66117,66510,65607,66503,4920619008,0.0057772870948715,66697.88888888889,65853.61904761905,48.70436484973703
2010-03-01,66510,67397,66510,67227,3842062592,0.0108867269145753,66850.44444444444,65956.38095238095,52.841283154354436
2010-03-02,67227,68249,67227,67779,5131984384,0.0082109866571467,66905.44444444444,66060.76190476191,55.77013460729749
2010-03-03,67779,68813,67481,67641,5786530816,-0.0020360288584959,66883.77777777778,66167.42857142857,54.85294316782793
2010-03-04,67642,68197,66923,67814,4137843200,0.0025576203781729,66907.88888888889,66226.61904761905,55.833566739720226
2010-03-05,67822,68930,67822,68846,5728591872,0.0152180965582329,67092.55555555556,66306.76190476191,61.24179286506396
2010-03-08,68850,69070,68318,68575,4550315520,-0.0039363216454114,67366.66666666667,66376.61904761905,59.192046404963186
2010-03-09,68573,70143,68255,69576,7820790784,0.0145971563981042,67786.88888888889,66645.28571428571,63.98677211724318
2010-03-10,69577,70476,69577,69979,5909522432,0.0057922272047832,68215.55555555556,66988.95238095238,65.73242532625167
2010-03-11,69980,70183,69411,69884,4532294144,-0.0013575501221795,68591.22222222222,67309.47619047618,64.93338770826585
2010-03-12,69900,70486,69341,69341,4190892800,-0.0077700188884437,68826.11111111111,67529.61904761905,60.41296906772814
2010-03-15,69339,69384,68622,69023,3987431168,-0.0045860313523024,68964.33333333333,67718.76190476191,57.872046616374334
2010-03-16,69023,69948,69021,69942,3690661376,0.0133144024455615,69220.0,67900.38095238095,62.74824179368677
2010-03-17,69944,70423,69376,69723,3783383040,-0.0031311658231105,69432.11111111111,68084.61904761905,60.93809870619971
2010-03-18,69725,70127,68972,69697,4304095232,-0.0003729042066462,69526.66666666667,68199.52380952382,60.71416714743018
2010-03-19,69701,69998,68773,68828,4913732096,-0.0124682554485845,69554.77777777778,68246.76190476191,53.6216890257994
2010-03-22,68813,69121,67899,69041,3626454272,0.0030946707735224,69495.33333333333,68315.52380952382,55.0090133179446
2010-03-23,69048,69612,68913,69386,4547057664,0.0049970307498443,69429.44444444444,68420.38095238095,57.24013649557605
2010-03-24,69382,69677,68743,68913,4250716160,-0.0068169371342922,69321.55555555556,68553.95238095238,53.3349929591645
2010-03-25,68915,69571,68376,68441,4168680192,-0.0068492156777385,69221.55555555556,68680.0,49.69176532514149
2010-03-26,68442,68909,68024,68682,4483108864,0.0035212811034321,69183.66666666667,68801.95238095238,51.51297250214802
2010-03-29,68681,69942,68681,69939,4219143424,0.0183017384467545,69183.33333333333,68965.57142857143,59.70630043264603
2010-03-30,69941,70450,69750,69959,4073166848,0.0002859634824632,69209.55555555556,69095.66666666667,59.82263148767012
2010-03-31,69959,70391,69573,70371,4895222272,0.0058891636529967,69284.44444444444,69219.09523809524,62.24104412240014
2010-04-01,70374,71401,70373,71136,4438244864,0.0108709553651362,69540.88888888889,69385.52380952382,66.29760986510769
2010-04-05,71148,71645,71148,71289,3751378176,0.0021508097165992,69790.66666666667,69551.0,67.05982766788756
2010-04-06,71289,71711,70822,71095,4692504064,-0.0027213174543057,69980.55555555556,69658.09523809524,65.05088932745771
2010-04-07,71092,71257,70531,70792,4743616000,-0.0042619030874182,70189.33333333333,69763.66666666667,61.930325165715345
2010-04-08,70792,71805,70461,71784,5086915584,0.014012882811617,70560.77777777778,69868.80952380953,67.43774384968384
2010-04-09,71783,71989,71306,71417,4415095296,-0.005112559901928,70864.66666666667,69937.28571428571,63.76260258631006
2010-04-12,71413,71606,70505,70614,4389280768,-0.0112438214990828,70939.66666666667,69972.04761904762,56.50649758879015
2010-04-13,70618,71053,70168,70792,4333203968,0.0025207465941599,71032.22222222222,70041.14285714286,57.65679564025378
2010-04-14,70793,71207,70628,71034,5342541312,0.0034184653633178,71105.88888888889,70136.90476190476,59.23531579661046
2010-04-15,71036,71065,70429,70524,7109872128,-0.0071796604442943,71037.88888888889,70164.61904761905,54.61454698341691
2010-04-16,70521,70521,69012,69421,6226697216,-0.0156400657932052,70830.33333333333,70150.23809523809,46.217444062377766
2010-04-19,69418,69431,68377,69097,4944678912,-0.0046671756384955,70608.33333333333,70121.66666666667,44.07378520590718
2010-04-20,69100,69701,69100,69318,4635961344,0.0031984022461177,70444.55555555556,70145.0,45.91645224624007
2010-04-22,69312,69527,68080,69386,4993193472,0.0009809861796359,70178.11111111111,70161.42857142857,46.5005454033974
2010-04-23,69387,69709,68831,69509,3890981888,0.0017726918975009,69966.11111111111,70167.28571428571,47.602859632342486
2010-04-26,69509,69810,68813,68871,3279123456,-0.009178667510682,69772.44444444444,70165.28571428571,42.6895119287458
2010-04-27,68868,68868,66499,66511,5767497216,-0.0342669628726168,69296.77777777778,70073.38095238095,30.251166982182795
2010-04-28,66512,67253,65914,66655,5243012608,0.0021650554043692,68810.22222222222,69976.85714285714,31.561486315286444
2010-04-29,66660,68012,66660,67978,4200288000,0.0198484734828594,68527.33333333333,69883.47619047618,42.28862010319833
2010-04-30,67975,67975,67242,67529,5484873728,-0.0066050781135073,68317.11111111111,69767.76190476191,39.99730390146567
2010-05-03,67533,67968,66722,67119,5089508352,-0.0060714655925602,68097.33333333333,69612.90476190476,37.97396046539616
2010-05-04,67116,67116,64588,64869,8090933760,-0.0335225495016314,67603.0,69314.47619047618,29.233984410281877
2010-05-05,64859,65611,63533,64914,6292374528,0.0006937057762568,67106.11111111111,69010.90476190476,29.58305735761276
2010-05-06,64914,65533,60774,63414,7791615488,-0.0231074960717256,66428.88888888889,68645.14285714286,25.132707492222877
2010-05-07,63416,63945,61662,62870,6394807808,-0.0085785473239348,65762.11111111111,68267.90476190476,23.737986609618318
2010-05-10,62871,66083,62871,65452,5428304384,0.0410688722761254,65644.44444444444,67966.38095238095,40.58993365406322
2010-05-11,65448,65732,64424,64424,4966447104,-0.0157061663509135,65396.555555555555,67633.38095238095,37.07701464298272
2010-05-12,64438,65351,64438,65223,4378496512,0.0124022103563889,65090.444444444445,67376.66666666667,41.327355932961595
2010-05-13,65222,65427,64737,64788,4155748096,-0.0066694264293271,64785.88888888889,67090.76190476191,39.752969909665524
2010-05-14,64786,64786,63049,63412,5276333568,-0.0212385009569673,64374.0,66727.80952380953,35.18665882077063
2010-05-17,63406,63593,61824,62866,5704921600,-0.0086103576610104,64151.444444444445,66363.14285714286,33.54030991722297
2010-05-18,62870,63529,60809,60841,5703244288,-0.032211370216015,63698.88888888889,65954.57142857143,28.25924535257819
2010-05-19,60841,60849,59068,59689,6724526592,-0.0189346000230108,63285.0,65506.57142857143,25.77306510574708
2010-05-20,59684,59684,57633,58192,6467471872,-0.0250799979895792,62765.22222222222,64976.76190476191,22.947754202007275
2010-05-21,58192,60302,57996,60259,5453498880,0.0355203464393731,62188.22222222222,64542.142857142855,33.74733475887298
2010-05-24,60254,60849,59814,59915,3668595200,-0.005708690817969,61687.22222222222,64085.28571428572,32.9203663936668
2010-05-25,59911,59911,57876,59184,5689588224,-0.0122006175415171,61016.22222222222,63624.0,31.172284913919995
2010-05-26,59182,60701,59178,60190,7749422592,0.0169978372533117,60505.333333333336,63323.0,36.19369718224405
2010-05-27,60191,62261,60188,62091,5418848768,0.031583319488287,60358.555555555555,63105.666666666664,44.442220829246764
2010-05-28,62080,62246,61305,61946,4925797888,-0.0023352820859705,60256.333333333336,62818.42857142857,43.97524810928423
2010-05-31,61949,63046,61949,63046,2936869632,0.0177574016078521,60501.333333333336,62604.95238095238,48.40437385949819
2010-06-01,63033,63033,61605,61840,4535975424,-0.0191288900168131,60740.333333333336,62353.57142857143,44.27193985378685
2010-06-02,61836,63197,61813,62942,3702443008,0.0178201811125484,61268.11111111111,62261.80952380953,48.590910040903125
2010-06-04,62940,62940,61422,61675,4276467712,-0.0201296431635473,61425.444444444445,62107.57142857143,44.336428086901556
2010-06-07,61674,62118,61099,61182,3915068928,-0.0079935143899473,61566.22222222222,62001.28571428572,42.76729972939182
2010-06-08,61186,62000,61186,61793,3811439104,0.0099865973652382,61856.11111111111,61950.0,45.34882424327559
2010-06-09,61799,62684,61478,61478,4065651200,-0.005097664784037,61999.22222222222,61760.76190476191,44.24090017067822
2010-06-10,61484,63146,61484,63048,3967004672,0.0255375906828458,62105.555555555555,61695.23809523809,50.70516534133555
2010-06-11,63043,63766,62370,63605,3168855040,0.0088345387641162,62289.88888888889,61618.19047619047,52.79601266253244
2010-06-14,63613,64295,63529,63532,3367766272,-0.0011477085134816,62343.88888888889,61558.380952380954,52.48182999344527
2010-06-15,63533,64554,63533,64442,2885064448,0.01432349052446,62633.0,61607.42857142857,55.99715192070092
2010-06-16,64442,65097,63974,64750,5885869568,0.0047794916358896,62833.88888888889,61697.142857142855,57.15253120083606
2010-06-17,64744,65182,64114,64540,4468407296,-0.0032432432432432,63152.22222222222,61873.28571428572,56.07149757018937
2010-06-18,64542,64940,64239,64437,5157199872,-0.0015959095134799,63513.88888888889,62099.380952380954,55.5168322328918
2010-06-21,64441,65516,64441,64829,4267524864,0.0060834613653646,63851.22222222222,62415.42857142857,57.250068698988684
2010-06-22,64833,65830,64689,64810,4370752000,-0.0002930787147726,64221.444444444445,62632.142857142855,57.1338682097085
2010-06-23,64811,65160,64247,65160,4169031424,0.0054004011726584,64456.11111111111,62881.90476190476,58.793077799065614
2010-06-24,65153,65153,63735,63936,4085614336,-0.0187845303867403,64492.88888888889,63108.19047619047,51.31290526022504
2010-06-25,63936,64868,63806,64823,2613882624,0.0138732482482482,64636.333333333336,63328.80952380953,55.710480452416256
2010-06-28,64825,65104,64225,64225,2480609024,-0.009225120713327,64612.22222222222,63430.42857142857,52.28190978832084
2010-06-29,64215,64215,61670,61977,5527966720,-0.0350019462826002,64304.11111111111,63431.90476190476,41.854082427415484
2010-06-30,61971,62644,60935,60935,5107738112,-0.0168126885780208,63903.555555555555,63331.380952380954,38.06428369563088
2010-07-01,60934,61381,60055,61236,5848882176,0.004939689833429,63547.88888888889,63302.619047619046,39.761115143327444
2010-07-02,61236,61811,60763,61429,3038044416,0.0031517408060617,63170.11111111111,63230.57142857143,40.879550186890576
2010-07-05,61435,61667,60796,60865,1933056384,-0.0091813312930374,62731.77777777778,63192.0,38.622797107877695
2010-07-06,60869,62450,60869,62064,4431351808,0.0196993345929517,62387.77777777778,63234.0,45.509670961154704
2010-07-07,62066,63313,62004,63283,4665054208,0.0196410157257025,62315.22222222222,63304.95238095238,51.47151944922451
2010-07-08,63281,63595,62894,63476,4581470208,0.0030497922032772,62165.555555555555,63400.09523809524,52.36024830321848
2010-07-12,63477,63972,62749,62960,3271586816,-0.0081290566513327,62025.0,63395.90476190476,49.73763193692676
2010-07-13,62964,63777,62964,63685,4048594176,0.011515247776366,62214.77777777778,63399.71428571428,53.27859921254854
2010-07-14,63685,63687,63014,63479,3660057088,-0.0032346706445788,62497.444444444445,63397.19047619047,52.154297266749474
2010-07-15,63482,63612,62960,63489,3780948480,0.0001575324122937,62747.77777777778,63351.80952380953,52.20702167603831
2010-07-16,63486,63492,62298,62339,3316266496,-0.0181133739702941,62848.88888888889,63237.0,45.93769997277427
2010-07-19,62350,63299,62350,63297,3231750912,0.0153675869038643,63119.11111111111,63177.80952380953,51.19549773969175
2010-07-20,63289,64481,62901,64462,6125996544,0.018405295669621,63385.555555555555,63179.0,56.709276126614036
2010-07-21,64468,65136,64209,64476,4368272384,0.0002171822158791,63518.11111111111,63162.19047619047,56.77247895929608
2010-07-22,64503,66212,64503,65748,4898444800,0.0197282709845523,63770.555555555555,63206.857142857145,62.175739402845224
2010-07-23,65748,66322,65427,66322,3706231040,0.008730303583379,64144.11111111111,63262.19047619047,64.3417710810476
2010-07-26,66321,66618,66150,66443,2941780736,0.0018244323150689,64450.555555555555,63381.57142857143,64.7993886861108
2010-07-27,66449,67102,66293,66674,4046209792,0.0034766642084191,64805.555555555555,63469.71428571428,65.70427543958334
2010-07-28,66669,67050,66427,66808,4659282944,0.0020097789243183,65174.333333333336,63592.71428571428,66.24632941564082
2010-07-29,66795,67428,66596,66953,4459837440,0.0021703987546402,65687.0,63829.666666666664,66.85677258135931
2010-07-30,66950,67608,66217,67515,5246885376,0.0083939479933685,66155.66666666667,64143.0,69.18307676402573
2010-08-02,67523,68753,67523,68517,4802424320,0.0148411464119084,66606.22222222222,64489.71428571428,72.842982249556
2010-08-03,68516,68560,67942,67997,4640005120,-0.0075893573857582,66997.44444444444,64802.47619047619,68.30900968077307
2010-08-04,67995,68534,67577,68272,4847779328,0.0040442960718856,67277.88888888889,65155.19047619047,69.393966016097
2010-08-05,68271,68470,68002,68411,3953806336,0.0020359737520505,67510.0,65457.42857142857,69.95389306481536
2010-08-06,68416,68508,67685,68094,3845603840,-0.0046337577290201,67693.44444444444,65686.52380952382,66.94589542148591
2010-08-09,68096,68512,67749,67862,3195773440,-0.0034070549534467,67825.44444444444,65895.38095238095,64.75143180375008
2010-08-10,67836,67836,66946,67223,4220495360,-0.0094161681058618,67871.55555555556,66098.38095238095,59.01352435505432
2010-08-11,67216,67216,65690,65790,4315524096,-0.0213171087276675,67742.33333333333,66198.61904761905,48.61040822340443
2010-08-12,65787,66027,65257,65966,3974558208,0.0026751785985712,67570.22222222222,66317.04761904762,49.78133099860156
2010-08-13,65963,66589,65921,66264,4661128192,0.004517478701149,67319.88888888889,66449.19047619047,51.78454627396908
2010-08-16,66260,66867,66186,66701,4000313856,0.006594832790052,67175.88888888889,66656.90476190476,54.641919363571496
2010-08-17,66701,67665,66701,67583,4375600640,0.0132231900571206,67099.33333333333,66861.0,59.81782093087939
2010-08-18,67583,67745,67005,67638,5374536192,0.0008138141248539,67013.44444444444,67012.23809523809,60.123403244111955
2010-08-19,67640,67712,66823,66887,4326843392,-0.0111032259972204,66879.33333333333,67127.04761904762,54.07609654602878
2010-08-20,66891,66891,66336,66677,3429821440,-0.0031396235441865,66747.66666666667,67171.28571428571,52.486346579702804
2010-08-23,66677,67175,65981,65981,3293991424,-0.0104383820507821,66609.66666666667,67155.04761904762,47.50198150589718
2010-08-24,65946,65946,65012,65156,3995120384,-0.0125035995210742,66539.22222222222,67093.76190476191,42.366138134270855
2010-08-25,65156,65156,64163,64803,4300934656,-0.0054177665909509,66410.0,67004.66666666667,40.35561332464884
2010-08-26,64801,65270,63803,63867,4395935744,-0.0144437757511226,66143.66666666667,66864.61904761905,35.53958787953829
2010-08-27,63875,65589,63847,65585,4229730048,0.0268996508368954,66019.66666666667,66799.47619047618,47.843088175687676
2010-08-30,65585,65585,64254,64260,3192519680,-0.0202027902721658,65650.44444444444,66644.47619047618,41.29635385265288
2010-08-31,64261,65181,64201,65145,4878799360,0.0137721755368813,65373.444444444445,66483.90476190476,46.556661757528936
2010-09-01,65154,67072,65154,67072,5983851008,0.0295801673190574,65394.0,66439.85714285714,55.83636394622206
2010-09-02,67072,67167,66404,66808,4012409600,-0.0039360687022901,65408.555555555555,66370.14285714286,54.44167037733835
2010-09-03,66811,67672,66541,66678,5107529216,-0.0019458747455394,65486.0,66287.61904761905,53.729961622577875
2010-09-06,66678,66949,66379,66747,1649487232,0.0010348240799065,65662.77777777778,66223.47619047618,54.073146373242345
2010-09-08,66739,66739,66101,66407,4712499200,-0.0050938618964148,65841.0,66154.19047619047,52.025482135560196
2010-09-09,66411,66806,66352,66624,3790759680,0.0032677277997801,66147.33333333333,66125.66666666667,53.24249162660014
2010-09-10,66621,66919,66459,66806,3716198656,0.0027317483189241,66283.0,66174.04761904762,54.289842976984545
2010-09-13,66807,68141,66807,68030,5087822848,0.0183217076310511,66701.88888888889,66272.33333333333,60.670358095648886
2010-09-14,68029,68092,67561,67691,6458371072,-0.0049830956930765,66984.77777777778,66340.28571428571,58.24538184616183
2010-09-15,67689,68107,67119,68106,5195687424,0.0061308002540958,67099.66666666667,66407.19047619047,60.33547787143418
2010-09-16,68102,68102,67506,67662,3579286272,-0.0065192494053387,67194.55555555556,66410.95238095238,57.04543056797414
2010-09-17,67664,67773,66992,67089,3956329728,-0.0084685643344861,67240.22222222222,66384.80952380953,53.02677370725802
2010-09-20,67087,68241,67009,68190,4553140224,0.0164110360863927,67400.55555555556,66446.85714285714,59.00302986672086
2010-09-21,68188,68255,67528,67719,4635038720,-0.0069071711394632,67546.33333333333,66496.47619047618,55.736143692849225
2010-09-22,67710,68549,67346,68325,6182950400,0.0089487440747795,67735.33333333333,66608.09523809524,58.89001122188174
2010-09-23,68320,69600,67892,68794,7867721728,0.0068642517380168,67956.22222222222,66781.33333333333,61.1944889222156
2010-09-24,68800,69571,68021,68196,9172168704,-0.0086926185423147,67974.66666666667,66942.90476190476,56.82082216467077
2010-09-27,68197,68926,68011,68815,5759135232,0.0090767786966976,68099.55555555556,67178.52380952382,60.007146078356605
2010-09-28,68817,69431,68454,69227,4827762688,0.0059870667732326,68224.11111111111,67351.95238095238,62.01625985117423
2010-09-29,69224,69419,68958,69228,8145856512,1.4445230906989792e-05,68398.11111111111,67588.52380952382,62.021246976734574
2010-09-30,69229,69736,68924,69429,6391541248,0.0029034494713122,68658.11111111111,67792.52380952382,63.07079725706295
2010-10-01,69438,70242,69227,70229,5904827392,0.0115225626179262,68884.66666666667,67942.85714285714,66.98185180487258
2010-10-04,70230,70551,70089,70384,4566529536,0.0022070654572896,69180.77777777778,68113.14285714286,67.69570772693798
2010-10-05,70389,71285,70389,71283,6974397440,0.0127727892702886,69509.44444444444,68332.42857142857,71.53913467978747
2010-10-06,71284,71290,70342,70541,7292257792,-0.0104092139780873,69703.55555555556,68513.09523809524,64.69728748976573
2010-10-07,70545,70738,69313,69918,6406579200,-0.0088317432415191,69894.88888888889,68680.28571428571,59.54779753526759
2010-10-08,69920,70827,69698,70808,5517343232,0.0127291970594125,70116.33333333333,68879.52380952382,63.96085212449197
2010-10-11,70810,71110,70810,70946,2967019264,0.0019489323240311,70307.33333333333,69076.66666666667,64.60562263689201
2010-10-13,70949,71994,70949,71674,7463997440,0.0102613255151806,70579.11111111111,69250.19047619047,67.87121473073844
2010-10-14,71675,71961,71263,71692,7366489088,0.0002511370929485,70830.55555555556,69440.71428571429,67.94995232623046
2010-10-15,71698,72139,71351,71830,5039221248,0.0019249009652402,71008.44444444444,69618.04761904762,68.58558768273548
2010-10-18,71830,71884,71340,71735,5631830528,-0.0013225671724905,71158.55555555556,69812.0,67.59177976880245
2010-10-19,71734,71734,69628,69863,6142802432,-0.0260960479542761,71000.77777777778,69944.09523809524,51.695674918909084
2010-10-20,69863,70720,69813,70404,5180111360,0.0077437270085738,70985.55555555556,70049.52380952382,54.99010956422671
2010-10-21,70406,70958,68951,69652,6066690048,-0.0106812112948128,70956.0,70141.57142857143,49.89602568790327
2010-10-22,69658,70311,68847,69529,5263563776,-0.0017659220122896,70813.88888888889,70198.90476190476,49.09491963303595
2010-10-25,69535,70230,69450,69580,4419276800,0.0007335068820204,70662.11111111111,70236.33333333333,49.457273146453026
2010-10-26,69582,70833,69054,70740,5496139776,0.0166714573153206,70558.33333333333,70357.47619047618,56.96142669753527
2010-10-27,70735,70844,70059,70568,5576621568,-0.0024314390726604,70433.44444444444,70440.95238095238,55.642250308227744
2010-10-28,70572,71262,70233,70320,5400514560,-0.0035143407776896,70265.66666666667,70493.0,53.710765611520046
2010-10-29,70322,70775,70322,70673,5436054016,0.0050199089874858,70147.66666666667,70561.80952380953,56.049383489143786
2010-11-01,70686,71751,70673,71560,3608376832,0.0125507619600129,70336.22222222222,70663.28571428571,61.33537721103641
2010-11-03,71560,72109,71510,71904,5675884032,0.0048071548351034,70502.88888888889,70743.04761904762,63.18468702545167
2010-11-04,71909,73103,71909,72995,5866206720,0.0151730084557186,70874.33333333333,70867.38095238095,68.35433647034864
2010-11-05,72987,72987,72534,72606,4508390400,-0.0053291321323378,71216.22222222222,70930.38095238095,64.8572936182623
2010-11-08,72606,72875,72336,72657,4210889728,0.0007024212874968,71558.11111111111,71031.14285714286,65.10932205664479
2010-11-09,72654,73044,71651,71679,5236421120,-0.0134605062141294,71662.44444444444,71115.0,56.710284342690066
2010-11-10,71673,71854,70867,71638,5569627136,-0.000571994586978,71781.33333333333,71154.52380952382,56.38192006488061
2010-11-11,71638,71638,70940,71195,4561211392,-0.0061838688963957,71878.55555555556,71166.38095238095,52.82297342119348
2010-11-12,71191,71191,70004,70367,4937955840,-0.0116300301987498,71844.55555555556,71104.14285714286,46.8681277024932
2010-11-16,70364,70364,68662,69192,5441503744,-0.0166981681754231,71581.44444444444,70985.09523809524,39.980250525460924
2010-11-17,69189,70079,69187,69708,3483929600,0.007457509538675,71337.44444444444,70884.04761904762,43.880715928415455
2010-11-18,69716,70904,69716,70781,4718328832,0.0153927813163481,71091.44444444444,70838.61904761905,51.01026475850801
2010-11-19,70773,70897,70235,70897,3752307712,0.0016388578855908,70901.55555555556,70887.85714285714,51.72430293118673
2010-11-22,70897,70897,69201,69632,3930367232,-0.0178427860135125,70565.44444444444,70851.09523809524,44.164553495572235
2010-11-23,69628,69628,67727,67952,5017526272,-0.0241268382352941,70151.33333333333,70770.14285714286,36.52880436037702
2010-11-24,67954,69745,67954,69629,4939730432,0.0246791853072756,69928.11111111111,70774.90476190476,46.4766600828525
2010-11-25,69634,69780,69361,69361,1866946816,-0.0038489709747375,69724.33333333333,70764.47619047618,45.255943520474325
2010-11-26,69349,69349,68219,68226,3559362048,-0.0163636625769524,69486.44444444444,70644.76190476191,40.41461929132094
2010-11-29,68218,68421,67102,67908,4068297472,-0.0046609796851639,69343.77777777778,70518.09523809524,39.150912341611296
2010-11-30,67900,68476,67270,67705,6683671552,-0.0029893385168168,69121.22222222222,70393.57142857143,38.327027297679116
2010-12-01,67731,69605,67731,69345,4850422272,0.0242227309652167,68961.66666666667,70330.33333333333,47.87113803261983
2010-12-02,69341,69942,69218,69527,4452548096,0.0026245583675823,68809.44444444444,70233.52380952382,48.81775041437724
2010-12-03,69529,69963,68943,69766,4686130688,0.0034375134839703,68824.33333333333,70131.71428571429,50.09923197985283
2010-12-06,69759,69931,69377,69551,3447867648,-0.0030817303557606,69002.0,69967.71428571429,48.91280556014912
2010-12-07,69563,70589,69337,69337,4433207808,-0.0030768788371123,68969.55555555556,69812.04761904762,47.701913209694055
2010-12-08,69338,69353,68046,68174,4708700160,-0.0167731514198767,68837.66666666667,69598.57142857143,41.665120922151395
2010-12-09,68173,68561,67563,67879,4870547968,-0.0043271628480066,68799.11111111111,69417.61904761905,40.27289328394911
2010-12-10,67889,68514,67866,68341,4160812800,0.0068062287305352,68847.22222222222,69260.61904761905,43.459315416168415
2010-12-13,68341,69221,68341,69126,4341720064,0.0114865161469688,69005.11111111111,69162.09523809524,48.48798115123417
2010-12-14,69126,69126,68531,68742,3953629696,-0.0055550733443276,68938.11111111111,69084.71428571429,46.31784824585192
2010-12-15,68740,68740,67711,67870,6573178368,-0.0126851124494486,68754.0,69021.76190476191,41.74841662493857
2010-12-16,67874,68376,67137,67306,4798331904,-0.0083100044202151,68480.66666666667,68907.38095238095,39.06406997475682
2010-12-17,67304,67981,66947,67981,4341703680,0.0100288235818499,68306.22222222222,68774.04761904762,43.72748698562907
2010-12-20,67979,68196,67263,67263,4938082304,-0.0105617746134949,68075.77777777778,68601.0,40.203009594246346
2010-12-21,67261,68461,67261,68214,3826791168,0.0141385308416217,68080.22222222222,68533.47619047618,46.36892380344584
2010-12-22,68218,68471,67727,68470,3546088192,0.0037528953000849,68145.88888888889,68558.14285714286,47.92555918743843
2010-12-23,68470,68561,68249,68485,2546854144,0.0002190740470278,68161.88888888889,68503.66666666667,48.020759044587024
2010-12-27,68476,68476,67803,67803,2353434880,-0.0099583850478206,68014.88888888889,68429.47619047618,44.0754065791808
2010-12-28,67810,68104,67810,68040,3208207360,0.0034954205566124,67936.88888888889,68420.61904761905,45.74363731167776
2010-12-29,68043,69039,68043,68952,3437207552,0.0134038800705467,68057.11111111111,68470.33333333333,51.71283749460684
2010-12-30,68953,69527,68940,69304,4739039232,0.0051050005801136,68279.11111111111,68546.47619047618,53.82443060360073
2011-01-03,69309,70470,69304,69962,4492861952,0.0094944014775482,68499.22222222222,68575.85714285714,57.56051413634635
2011-01-04,69962,70317,69559,70317,5844493312,0.0050741831279836,68838.55555555556,68613.47619047618,59.46602176197481
2011-01-05,70311,71172,69801,71091,5637829632,0.0110072955330859,69158.22222222222,68676.57142857143,63.331723685928566
2011-01-06,71092,71167,70469,70578,5979612672,-0.0072161033042157,69392.44444444444,68725.47619047618,59.29535442117969
2011-01-07,70579,70782,69718,70057,4305502208,-0.0073819037093711,69567.11111111111,68759.76190476191,55.43141267222067
2011-01-10,70056,70133,69666,70127,3833828096,0.0009991863768075,69825.33333333333,68852.76190476191,55.84771428446678
2011-01-11,70145,70647,70145,70423,5131654144,0.0042209134855333,70090.11111111111,68973.90476190476,57.64915374373122
2011-01-12,70429,71632,70429,71632,6390057984,0.0171676866932677,70387.88888888889,69130.61904761905,64.09324788891166
2011-01-13,71631,71923,70719,70721,5238572544,-0.0127177797632342,70545.33333333333,69206.57142857143,57.049145108944245
2011-01-14,70722,71184,70396,70940,4255626752,0.0030966756691788,70654.0,69311.23809523809,58.2374046384346
2011-01-17,70939,70939,70544,70609,3857228544,-0.0046659148576261,70686.44444444444,69441.66666666667,55.727940193474325
2011-01-18,70612,71093,70612,70919,4785725952,0.004390375164639,70667.33333333333,69613.71428571429,57.57189817449589
2011-01-19,70921,71189,69966,70058,4581055488,-0.0121406111197281,70609.55555555556,69712.61904761905,51.19414474539767
2011-01-20,70056,70083,69176,69561,5779858432,-0.007094122013189,70554.44444444444,69822.04761904762,47.89582499550164
2011-01-21,69559,70026,69095,69133,4384051712,-0.0061528730179266,70444.0,69865.80952380953,45.1953610278376
2011-01-24,69134,69512,68786,69426,3180545024,0.0042382075130544,70333.22222222222,69911.33333333333,47.382514958656586
2011-01-26,69426,69556,68514,68709,5297871360,-0.0103275429954196,70008.44444444444,69922.0,42.87344823860256
2011-01-27,68716,69107,67774,68050,5151532544,-0.0095911743730806,69711.66666666667,69933.76190476191,39.18270440106335
2011-01-28,68050,68181,65897,66697,5969647104,-0.0198824393828067,69240.22222222222,69869.80952380953,32.917328458285084
2011-01-31,66697,67165,66270,66574,5203335168,-0.0018441609067874,68791.88888888889,69756.57142857143,32.40996028090423
2011-02-01,66574,67921,66574,67847,5036573184,0.0191215789948027,68450.55555555556,69687.19047619047,42.31915247661913
2011-02-02,67844,68011,66643,66688,5608898048,-0.0170825533921912,68076.11111111111,69531.28571428571,37.00048667339268
2011-02-03,66688,66848,66090,66764,5120465408,0.0011396353166985,67765.33333333333,69362.09523809524,37.554704265699456
2011-02-04,66752,66946,65159,65269,5830360576,-0.0223923072314421,67336.0,69084.85714285714,31.655372451127562
2011-02-07,65272,65892,64915,65362,4315552768,0.0014248724509338,66884.44444444444,68836.47619047618,32.36711483989605
2011-02-08,65359,66237,65110,65771,6067508736,0.0062574584621033,66558.0,68632.38095238095,35.54612925425012
2011-02-09,65767,65767,64016,64217,5785718784,-0.023627434583631,66132.11111111111,68350.95238095238,29.812325475919536
2011-02-10,64217,65106,64184,64577,5266133504,0.0056059921827553,65896.55555555556,68072.57142857143,32.5275945537381
2011-02-11,64581,65890,64562,65755,5289156608,0.018241788872199,65805.55555555556,67792.71428571429,40.62232976138812
2011-02-14,65751,66743,65461,66557,4296537088,0.0121967911185461,65662.22222222222,67594.42857142857,45.42297967182682
2011-02-15,66557,66860,66117,66341,5160573440,-0.0032453385819672,65623.66666666667,67375.42857142857,44.382221135333076
2011-02-16,66341,67793,66341,67570,5688073216,0.0185254970531043,65713.22222222222,67230.71428571429,51.229449808743794
2011-02-17,67579,67875,67106,67684,4856777216,0.0016871392629864,65981.55555555556,67076.66666666667,51.82194941504569
2011-02-18,67684,68225,67385,68066,4443208704,0.0056438744755038,66282.0,66981.80952380953,53.8453821224078
2011-02-21,68066,68066,67084,67258,3387042304,-0.0118708312520201,66447.22222222222,66872.14285714286,49.14383031056925
2011-02-22,67254,67569,66342,66439,7119767552,-0.0121769900978322,66694.11111111111,66743.85714285714,44.86740456762768
2011-02-23,66439,67265,66049,66910,7700466176,0.007089209650958,66953.33333333333,66624.04761904762,47.68673172465118
2011-02-24,66909,67343,66692,66948,6550946304,0.0005679270662082,67085.88888888889,66540.19047619047,47.918135761413595
2011-02-25,66951,67632,66331,66902,5479644160,-0.0006871004361593,67124.22222222222,66485.52380952382,47.643396509953554
2011-02-28,66909,67458,66686,67383,5734808576,0.0071896206391437,67240.0,66518.19047619047,50.818751431553174
2011-03-01,67380,67708,66242,66242,4753548800,-0.0169330543312111,67092.44444444444,66502.38095238095,44.00144248753423
2011-03-02,66241,67281,66101,67281,5445592576,0.0156849128951419,67047.66666666667,66475.42857142857,50.51180518055018
2011-03-03,67283,68188,67283,68145,4986406912,0.0128416640656352,67056.44444444444,66544.80952380953,55.17838523724005
2011-03-04,68137,68219,67513,68012,4433044992,-0.0019517205957884,67140.22222222222,66604.23809523809,54.32910264574362
2011-03-09,68010,68056,67108,67263,3383188224,-0.0110127624536846,67231.77777777778,66699.19047619047,49.69065346058757
2011-03-10,67255,67255,65853,66040,6014769152,-0.0181823588005293,67135.11111111111,66731.47619047618,43.20435251253376
2011-03-11,66041,67014,65558,66684,5703819776,0.0097516656571774,67105.77777777778,66774.95238095238,47.11877743423577
2011-03-14,66684,67333,66087,67169,4064160768,0.0072731089916622,67135.44444444444,66915.52380952382,49.91823014412516
2011-03-15,67167,67167,65463,67005,6212299776,-0.0024416025249742,67093.44444444444,67031.14285714286,48.97411484230338
2011-03-16,67010,67502,65662,66002,7063817728,-0.0149690321617789,67066.77777777778,67042.90476190476,43.54925684770144
2011-03-17,66016,66950,66014,66215,4575363584,0.0032271749340928,66948.33333333333,67026.61904761905,44.94398606236711
2011-03-18,66216,67384,66216,66879,5833669120,0.0100279392886808,66807.66666666667,67052.23809523809,49.16086870519846
2011-03-21,66886,67675,66656,66689,5342806528,-0.0028409515692519,66660.66666666667,67010.28571428571,48.0273069388633
2011-03-22,66683,67630,66531,67578,5511607296,0.0133305342710192,66695.66666666667,67005.23809523809,53.437299235837855
2011-03-23,67570,67917,67316,67795,4931766784,0.0032111042055107,66890.66666666667,66992.33333333333,54.67746093278753
2011-03-24,67798,68008,67405,67532,4076436736,-0.0038793421343756,66984.88888888889,67005.38095238095,52.84054967461022
2011-03-25,67528,68256,67496,67765,4688081408,0.0034502161938043,67051.11111111111,67068.52380952382,54.30519190011336
2011-03-28,67766,68070,67192,67192,3493006848,-0.0084556924666125,67071.88888888889,67081.95238095238,50.17795710357863
2011-03-29,67194,67862,67046,67418,4092605184,0.0033634956542445,67229.22222222222,67104.33333333333,51.73600078521284
2011-03-30,67422,68003,67422,67997,4284256512,0.0085882108635675,67427.22222222222,67156.47619047618,55.56948966464501
2011-03-31,68000,68606,68000,68586,5226864640,0.0086621468594203,67616.88888888889,67213.76190476191,59.12611588755362
2011-04-01,68588,69387,68588,69268,5387832320,0.009943720292771,67903.44444444444,67357.85714285714,62.83578870968137
2011-04-04,69269,69787,69269,69703,4507706368,0.0062799561124906,68139.55555555556,67473.19047619047,65.01670963525183
2011-04-05,69703,70046,69464,69837,5736710144,0.0019224423625956,68366.44444444444,67553.76190476191,65.68474952701803
2011-04-06,69841,70107,68954,69036,4693648896,-0.0114695648438506,68533.55555555556,67602.52380952382,58.49412823824742
2011-04-07,69039,69333,68695,69176,5013244928,0.0020279274581378,68690.33333333333,67693.61904761905,59.33210838290192
2011-04-08,69179,69429,68471,68718,4889787904,-0.0066207933387302,68859.88888888889,67821.14285714286,55.392125420963
2011-04-11,68718,69176,68029,68164,4350082048,-0.0080619342821386,68942.77777777778,67891.61904761905,50.98200504292807
2011-04-12,68153,68153,66721,66896,5644344832,-0.0186021947068834,68820.44444444444,67878.61904761905,42.61839658538879
2011-04-13,66908,67410,66251,66486,5543477248,-0.0061289165271466,68587.11111111111,67853.90476190476,40.31538120312808
2011-04-14,66483,67041,66089,66278,5083931648,-0.0031284781758565,68254.88888888889,67867.04761904762,39.15927291819067
2011-04-15,66281,66765,65832,66684,4862406656,0.0061257129062433,67919.44444444444,67889.38095238095,42.61825923420558
2011-04-18,66688,66705,65158,65415,6223974912,-0.0190300521864315,67428.11111111111,67819.66666666667,35.7724683545359
2011-04-19,65416,66256,65416,66158,4470469632,0.0113582511656347,67108.33333333333,67794.38095238095,41.679397960307995
2011-04-20,66164,67076,66164,67058,5274030080,0.0136037969708879,66873.0,67769.61904761905,47.92671977892801
2011-04-25,67058,67124,66552,66972,3158268672,-0.0012824718900056,66679.0,67730.42857142857,47.40416835340521
2011-04-26,66971,67413,66722,67144,3916592896,0.0025682374723765,66565.66666666667,67711.95238095238,48.61097145563923
2011-04-27,67142,67228,65885,66264,4842220544,-0.0131061598951507,66495.44444444444,67640.47619047618,43.155189245190286
2011-04-28,66249,66249,65105,65673,6332900352,-0.0089188699746468,66405.11111111111,67568.14285714286,39.915151985426725
2011-04-29,65664,66293,65460,66132,5396293120,0.0069891736329998,66388.88888888889,67506.90476190476,43.46526537916497
2011-05-02,66119,66500,65345,65462,4899779584,-0.0101312526462227,66253.11111111111,67386.19047619047,39.77129202451598
2011-05-03,65457,65468,64243,64318,4828915712,-0.0174757874797591,66131.22222222222,67182.95238095238,34.39607273420164
2011-05-04,64320,64807,63547,63615,5542350336,-0.0109300662334027,65848.66666666667,66913.76190476191,31.57219883092158
2011-05-05,63608,64267,62972,63407,5885973504,-0.0032696691031989,65443.0,66613.95238095238,30.76734113437429
2011-05-06,63422,64703,63422,64417,5333359104,0.0159288406642799,65159.11111111111,66355.85714285714,38.91100723762277
2011-05-09,64415,64781,64149,64621,3983818240,0.003166865889439,64878.77777777778,66145.61904761905,40.43503649727243
2011-05-10,64621,65143,64618,64876,4198565632,0.0039460856377957,64724.555555555555,65940.85714285714,42.370434903493376
2011-05-11,64876,64876,63621,63775,4940067840,-0.0169708366730377,64513.666666666664,65705.47619047618,36.80923938200805
2011-05-12,63771,64328,63125,64003,4811405312,0.0035750686005489,64277.11111111111,65507.333333333336,38.60629410965986
2011-05-13,64003,64165,63063,63235,4967599104,-0.0119994375263658,64029.666666666664,65333.0,34.99604067790227
2011-05-16,63233,63828,62675,62829,4764877312,-0.0064204949790463,63864.22222222222,65158.857142857145,33.22706812931153
2011-05-17,62830,63680,62414,63673,4286330880,0.0134332871763038,63870.666666666664,65034.80952380953,40.01511886674841
2011-05-18,63675,64015,62830,62840,4848121344,-0.013082468236144,63807.666666666664,64851.76190476191,36.113040986679366
2011-05-19,62843,63607,62224,62367,4372073984,-0.0075270528325906,63579.88888888889,64706.619047619046,34.08076811984692
2011-05-20,62369,63043,62086,62596,4140079104,0.003671813619382,63354.88888888889,64537.0,35.95978114450803
2011-05-23,62596,62596,61658,62345,3273626624,-0.0040098408844015,63073.666666666664,64312.57142857143,34.78924304442192
2011-05-24,62350,63414,62350,63336,3840878080,0.0158954206431951,63024.88888888889,64139.42857142857,42.71745794124997
2011-05-25,63328,63857,63024,63388,3455074560,0.0008210180623973,62956.555555555555,63960.57142857143,43.10831623490669
2011-05-26,63388,64121,63231,64098,5235373056,0.0112008582066005,63052.444444444445,63857.42857142857,48.29586306884141
2011-05-27,64100,64548,64092,64294,3788254208,0.0030578177166213,63215.22222222222,63791.76190476191,49.660461534797605
2011-05-30,64294,64460,63914,63953,1206268544,-0.0053037608486017,63246.333333333336,63688.0,47.32048365753341
2011-05-31,63960,64620,63931,64620,5093189120,0.0104295341891702,63444.11111111111,63647.90476190476,52.077120980017035
2011-06-01,64616,64673,63401,63411,4661256704,-0.0187093779015784,63560.11111111111,63604.71428571428,44.27363597133249
2011-06-02,63410,64218,63277,64218,4523717120,0.0127264985570327,63740.333333333336,63633.42857142857,49.692477843194276
2011-06-03,64216,64978,63628,64340,4755500032,0.001899778878196,63962.0,63677.857142857145,50.47649954449639
2011-06-06,64340,64512,62959,63067,3769579776,-0.0197855144544606,63932.11111111111,63613.57142857143,42.954149522698614
2011-06-07,63071,63784,63071,63217,4451059200,0.0023784229470245,63913.11111111111,63546.71428571428,44.0129148348973
2011-06-08,63204,63353,62709,63032,3965725952,-0.0029264280177799,63794.666666666664,63458.90476190476,42.95403955280341
2011-06-09,63036,63772,62872,63468,4174013696,0.0069171214621144,63702.88888888889,63444.28571428572,46.23687153312566
2011-06-10,63470,63478,62495,62697,3793149440,-0.0121478540366799,63563.333333333336,63382.09523809524,41.67017971178469
2011-06-13,62701,62967,62021,62022,3029845504,-0.0107660653619789,63274.666666666664,63324.333333333336,38.120374669086615
2011-06-14,62023,62697,62023,62204,3695302400,0.0029344426171358,63140.555555555555,63294.57142857143,39.614087328417696
2011-06-15,62198,62198,61448,61603,5200180736,-0.0096617580862966,62850.0,63196.0,36.482319250262
2011-06-16,61602,62040,60489,60880,4198354432,-0.0117364414070743,62465.555555555555,63102.666666666664,33.092914283646095
2011-06-17,60882,61268,60565,61059,4030380544,0.0029402102496713,62242.444444444445,63040.380952380954,34.71019646208008
2011-06-20,61059,61571,60783,61168,3913043712,0.0017851586170751,62014.77777777778,62972.380952380954,35.72899180287632
2011-06-21,61187,61542,61178,61423,3430872320,0.004168846455663,61836.0,62928.47619047619,38.16012394236305
2011-06-22,61420,61858,61194,61194,4074251264,-0.0037282451199062,61583.333333333336,62826.47619047619,36.81339764879319
2011-06-24,61191,61458,60920,61016,3087307008,-0.0029087819067228,61396.555555555555,62713.52380952381,35.75706517230394
2011-06-27,61017,61456,60771,61216,3352280576,0.0032778287662251,61307.0,62576.28571428572,37.912781498692816
2011-06-28,61216,62308,61216,62303,4040785920,0.017756795608991,61318.0,62481.47619047619,48.10514242626232
2011-06-29,62303,62624,62032,62333,5114359296,0.0004815177439287,61399.11111111111,62404.333333333336,48.35711858446873
2011-06-30,62337,62574,61959,62403,3935979264,0.0011230006577576,61568.333333333336,62298.76190476191,48.97961991503362
2011-07-01,62403,63454,62148,63394,5507518976,0.0158806467637773,61827.77777777778,62297.95238095238,56.90032913121052
2011-07-04,63396,63891,63314,63891,1848668160,0.007839858661703,62130.333333333336,62282.380952380954,60.23454528138914
2011-07-05,63886,63886,63030,63038,3690846208,-0.0133508631888685,62309.77777777778,62220.380952380954,52.69923053918268
2011-07-06,63038,63038,62390,62565,3328164864,-0.0075034106412005,62462.11111111111,62196.47619047619,49.03597379261195
2011-07-07,62573,63206,62207,62207,3886252032,-0.0057220490689682,62594.444444444445,62148.380952380954,46.40661676432166
2011-07-08,62206,62206,61366,61513,3619504384,-0.0111563007378591,62627.444444444445,62076.04761904762,41.73471854406003
2011-07-11,61501,61501,60098,60223,3780418560,-0.020971176824411,62396.333333333336,61921.52380952381,34.73479725414094
2011-07-12,60219,60516,59704,59704,4198472960,-0.0086179698786178,62104.22222222222,61779.0,32.381610257271205
2011-07-13,59717,60846,59717,60669,5084411392,0.0161630711510116,61911.555555555555,61714.57142857143,40.45869533090369
2011-07-14,60672,60684,59451,59679,5061476864,-0.0163180537012312,61498.77777777778,61594.333333333336,35.741775258907296
2011-07-15,59679,60104,59180,59478,4122170368,-0.003368018901121,61008.444444444445,61493.142857142855,34.85331844247163
2011-07-18,59478,59479,58630,58837,4441709056,-0.0107770940515821,60541.666666666664,61395.857142857145,32.11191435288269
2011-07-19,58837,59394,58676,59082,3850648320,0.0041640464333667,60154.666666666664,61301.71428571428,34.24092273241999
2011-07-20,59094,59551,59044,59119,3855350272,0.0006262482651231,59811.555555555555,61204.142857142855,34.574618268303325
2011-07-21,59120,60441,59119,60262,4315413504,0.0193338858911686,59672.555555555555,61148.857142857145,44.0244159350069
2011-07-22,60263,60696,60076,60270,3674811904,0.000132753642428,59677.77777777778,61104.857142857145,44.08528978404223
2011-07-25,60263,60285,59639,59970,3518457600,-0.0049776007964161,59707.333333333336,61055.04761904762,42.23058342271992
2011-07-26,59972,60204,59261,59339,4523716096,-0.0105219276304818,59559.555555555555,60965.666666666664,38.55632358241297
2011-07-27,59336,59336,58168,58288,5033077248,-0.0177117915704679,59405.0,60774.47619047619,33.351394440738375
2011-07-28,58297,59166,58290,58708,4491959808,0.0072055997804008,59319.444444444445,60601.857142857145,37.01084787608237
2011-07-29,58703,58952,58009,58823,5066284544,0.0019588471758533,59317.88888888889,60431.380952380954,38.014421071176734
2011-08-01,58823,59541,58167,58535,4158959104,-0.0048960440643965,59257.11111111111,60200.0,36.44824963789024
2011-08-02,58525,58673,57258,57310,5170096128,-0.0209276501238575,59056.11111111111,59886.619047619046,30.66174764997554
2011-08-03,57318,57352,55249,56017,6529698304,-0.0225615075902984,58584.444444444445,59552.28571428572,25.974355123828175
2011-08-04,55999,55999,52628,52811,7936740352,-0.0572326258100219,57755.666666666664,59087.80952380953,18.4449387746984
2011-08-05,52811,53865,51152,52949,7162632192,0.002613091969476,56975.555555555555,58646.95238095238,19.52629991961345
2011-08-08,52938,52938,47793,48668,7838327296,-0.0808513852952841,55789.88888888889,58035.28571428572,13.53205559565069
2011-08-09,48670,51150,48666,51150,8514081280,0.050998602778006,54996.77777777778,57603.23809523809,27.439732500117472
2011-08-10,51150,52163,49946,51395,6676097536,0.0047898338220919,54184.22222222222,57207.57142857143,28.659520821106682
2011-08-11,51398,53723,51398,53343,6831079936,0.0379025197003599,53575.333333333336,56858.71428571428,37.636380929727835
2011-08-12,53343,53642,52649,53473,5648470016,0.002437058283186,53012.88888888889,56563.19047619047,38.19530011885093
2011-08-15,53478,54967,53474,54651,4430785536,0.022029809436538,52717.444444444445,56333.333333333336,43.16594750571267
2011-08-16,54651,54651,53539,54323,4599262720,-0.0060017200051234,52529.22222222222,56118.380952380954,42.149472202454184
2011-08-17,54323,55073,53827,55073,5337313792,0.0138063067209102,52780.555555555555,55927.47619047619,45.3201697296093
2011-08-18,55036,55036,52246,53134,5785161728,-0.0352078150818004,52801.11111111111,55642.47619047619,39.32001569178794
2011-08-19,53135,53601,52335,52447,4717230592,-0.0129295742838859,53221.0,55270.333333333336,37.429217280227725
2011-08-22,52471,53552,52397,52440,3726737664,-0.0001334680725303,53364.333333333336,54897.47619047619,37.40947764255855
2011-08-23,52439,53786,51853,53786,4689299456,0.0256674294431731,53630.0,54603.0,43.57195246902201
2011-08-24,53786,54279,52992,53795,4486923776,0.0001673297884208,53680.22222222222,54339.0,43.611929997868295
2011-08-25,53796,54155,52677,52953,4169250048,-0.0156520122687982,53622.444444444445,54084.95238095238,40.70632182089753
2011-08-26,52955,53597,51971,53350,4074112256,0.0074972145109815,53477.88888888889,53829.80952380953,42.64655683123667
2011-08-29,53356,55026,53356,54860,4186078720,0.0283036551077788,53537.555555555555,53641.09523809524,49.42531657755044
2011-08-30,54860,55768,54424,55385,4137929472,0.0095698140721838,53572.22222222222,53491.09523809524,51.56862459521241
2011-08-31,55399,56495,55399,56495,5553046016,0.0200415274893923,53945.666666666664,53452.28571428572,55.83069249929964
2011-09-01,56498,58589,56498,58118,7775173632,0.0287282060359324,54575.77777777778,53552.333333333336,61.20638086247652
2011-09-02,58113,58113,56301,56531,5749946880,-0.0273065143329088,55030.333333333336,53729.47619047619,54.25322246491938
2011-09-05,56520,56520,54817,54998,2678641152,-0.0271178645345031,55165.0,53827.04761904762,48.51932308815909
2011-09-06,54998,56676,54121,56607,5105538560,0.0292556092948834,55477.444444444445,54205.09523809524,54.0129442395433
2011-09-08,56608,58241,56608,57623,5030019072,0.0179483102796473,55996.333333333336,54513.333333333336,57.12428902024962
2011-09-09,57614,57614,55527,55778,4355412992,-0.0320184648491054,56266.11111111111,54722.04761904762,50.44923933760907
2011-09-12,55772,55792,54309,55685,4202817024,-0.0016673240345655,56357.77777777778,54833.57142857143,50.1312493220504
2011-09-13,55690,56336,55166,55543,4014857984,-0.0025500583640118,56375.333333333336,54932.142857142855,49.6169933024289
2011-09-14,55543,56776,55089,56286,5017935360,0.0133770232072447,56352.11111111111,55010.0,52.37017572512122
2011-09-15,56287,57161,56196,56381,4048223232,0.0016878086913263,56159.11111111111,55108.0,52.72588386182831
2011-09-16,56381,57210,56257,57210,3826641408,0.0147035348787711,56234.555555555555,55209.76190476191,55.82612801623339
2011-09-19,57208,57208,56059,57102,4856999424,-0.0018877818563187,56468.333333333336,55398.71428571428,55.31716491085987
2011-09-20,57104,57619,56378,56378,4965257728,-0.0126790655318552,56442.88888888889,55585.90476190476,51.901109324259515
2011-09-21,56381,57599,55914,55981,5376295936,-0.0070417538756252,56260.444444444445,55754.52380952381,50.07501694484211
2011-09-22,55980,55980,52706,53280,6556459520,-0.0482485128883013,55982.88888888889,55730.42857142857,39.81192834445306
2011-09-23,53272,53855,52754,53230,4864332288,-0.0009384384384384,55710.11111111111,55703.52380952381,39.64992296911913
2011-09-26,53242,53872,52398,53747,4027446272,0.009712568100695,55510.555555555555,55741.333333333336,42.266014713247245
2011-09-27,53751,54992,53751,53920,4379685376,0.0032187843042401,55247.666666666664,55768.47619047619,43.15401917751616
2011-09-28,53921,54796,53257,53270,4099569408,-0.0120548961424332,54902.0,55692.76190476191,40.62567529826366
2011-09-29,53276,54207,52848,53384,4144459520,0.0021400412990426,54476.88888888889,55597.47619047619,41.27552098728967
2011-09-30,53384,53384,51897,52324,5054633984,-0.0198561366701633,53946.0,55398.857142857145,37.198671430631194
2011-10-03,52319,52319,50791,50791,5093403648,-0.0292982187906123,53325.22222222222,55049.95238095238,32.23918061790933
2011-10-04,50789,50789,49432,50686,6375775744,-0.002067295386978,52736.88888888889,54771.619047619046,31.925219848146583
2011-10-05,50682,51198,50209,51013,4596045824,0.0064514856173303,52485.0,54581.857142857145,34.078313096110506
2011-10-06,51015,52728,51015,52290,5087503872,0.0250328347676083,52380.555555555555,54376.28571428572,41.817523003611065
2011-10-07,52290,52891,50901,51243,4401433600,-0.0200229489386115,52102.333333333336,54072.47619047619,37.889879959304444
2011-10-10,51243,53293,51243,53273,4014095616,0.039615166949632,52030.444444444445,53953.19047619047,48.07339433227953
2011-10-11,53270,54113,52819,53838,5070894592,0.0106057477521446,52093.555555555555,53865.23809523809,50.50575039333819
2011-10-13,53836,54751,53308,54601,6583303168,0.0141721460678332,52228.77777777778,53820.380952380954,53.66243502884411
2011-10-14,54602,55179,54447,55030,4548969472,0.007856998956063,52529.444444444445,53760.57142857143,55.38537878265806
2011-10-17,55021,55021,53535,53911,4343683072,-0.0203343630746865,52876.11111111111,53642.95238095238,50.147617791627624
2011-10-18,53915,55224,53188,55031,4928751616,0.0207749809871826,53358.88888888889,53539.19047619047,54.759233603628694
2011-10-19,55037,55244,54483,54966,4829578240,-0.0011811524413511,53798.11111111111,53437.47619047619,54.44445811946763
2011-10-20,54953,54953,53609,54009,4459666944,-0.0174107630171378,53989.11111111111,53324.666666666664,49.89668781422811
2011-10-21,54013,55504,54013,55255,4025439744,0.0230702290359015,54434.88888888889,53290.09523809524,55.14961959579877
2011-10-24,55259,57225,55259,56891,5532780544,0.0296081802551804,54836.88888888889,53462.04761904762,60.94012084566292
2011-10-25,56884,56884,55769,56285,4495283712,-0.01065194846285,55108.77777777778,53607.52380952381,57.95530701906343
2011-10-26,56305,57333,56248,57143,4636838912,0.0152438482721861,55391.22222222222,53769.23809523809,60.87706796005624
2011-10-27,57145,59901,57145,59270,8170926592,0.0372224069439826,55862.333333333336,54024.0,66.99943966235446
2011-10-28,59270,59668,58759,59513,5082880000,0.0040998818964061,56484.77777777778,54321.28571428572,67.62281673946114
2011-10-31,59512,59512,58093,58338,4826559488,-0.019743585435115,56852.22222222222,54557.19047619047,61.56673265013878
2011-11-01,58300,58300,56099,57322,5573350912,-0.017415749597175,57114.0,54795.19047619047,56.82760388155167
2011-11-03,57326,58481,57326,58196,5319463424,0.0152472000279124,57579.22222222222,55147.80952380953,59.70133092065965
2011-11-04,58185,58804,57546,58669,4121272832,0.0081277063715718,57958.555555555555,55527.95238095238,61.20632461401774
2011-11-07,58669,59440,58645,59198,3827237888,0.009016686836319,58214.88888888889,55917.71428571428,62.8761689177732
2011-11-08,59205,59616,58505,59026,3873266944,-0.0029055035643096,58519.444444444445,56238.47619047619,61.942567054318914
2011-11-09,59010,59010,57201,57549,4791152640,-0.0250228712770643,58564.555555555555,56538.76190476191,54.46394682874649
2011-11-10,57560,58313,57294,57321,3626775040,-0.0039618412135745,58348.0,56731.52380952381,53.392304205311696
2011-11-11,57324,58747,57324,58546,3703241472,0.0213708762931561,58240.555555555555,56955.71428571428,58.15615724312085
2011-11-14,58538,58716,58013,58258,2981882112,-0.0049192088272469,58231.666666666664,57129.857142857145,56.68911874496778
2011-11-16,58255,58877,57784,58559,4867389952,0.0051666723883414,58369.11111111111,57297.90476190476,57.884874819410456
2011-11-17,58549,58555,56663,56988,5512978432,-0.0268276439146842,58234.88888888889,57444.42857142857,50.108900439298885
2011-11-18,56988,57477,56417,56731,4199215104,-0.0045097213448445,58019.555555555555,57525.380952380954,48.95042244558565
2011-11-21,56721,56721,55504,56284,5433956864,-0.0078792899825492,57695.77777777778,57588.142857142855,46.9186390587111
2011-11-22,56289,56570,55608,55878,4438863872,-0.0072134176675431,57346.0,57677.142857142855,45.08807128449499
2011-11-23,55878,55878,54812,54972,4287778816,-0.0162138945559969,57059.666666666664,57663.666666666664,41.22292400178414
2011-11-24,54978,55519,54537,55279,2197890816,0.0055846612821073,56832.77777777778,57586.90476190476,43.00583492822049
2011-11-25,55270,55609,54741,54894,3165313792,-0.0069646701278966,56427.0,57520.666666666664,41.3133713053601
2011-11-28,54899,56443,54899,56017,3831754240,0.0204576092104784,56178.0,57467.04761904762,47.77013077104242
2011-11-29,56027,56363,55299,55299,4511660544,-0.0128175375332488,55815.77777777778,57277.95238095238,44.406190074265865
2011-11-30,55307,57591,55307,56874,7901541888,0.028481527694895,55803.11111111111,57152.28571428572,52.33538019665728
2011-12-01,56876,58302,56876,58143,5712290816,0.0223124802194323,55960.0,57143.0,57.58456718583324
2011-12-02,58146,58979,57618,57885,5042928128,-0.004437335534802,56137.88888888889,57169.80952380953,56.2287622784138
2011-12-05,57893,59244,57893,58910,4760928256,0.0177075235380494,56474.77777777778,57203.80952380953,60.23453246820795
2011-12-06,58909,59575,58496,59536,3867677184,0.0106263792225429,56981.88888888889,57245.09523809524,62.49217037623982
2011-12-07,59533,59534,58580,58662,4542273536,-0.0146801934963719,57357.77777777778,57219.57142857143,57.577204012570505
2011-12-08,58664,59216,57259,57455,5058612224,-0.0205755003238894,57642.333333333336,57144.76190476191,51.547660641375316
2011-12-09,57455,58540,57455,58236,3617500160,0.0135932468888695,57888.88888888889,57177.47619047619,54.842909734584104
2011-12-12,58234,58234,56838,57346,3726380032,-0.0152826430386702,58116.333333333336,57178.666666666664,50.61813735719411
2011-12-13,57355,58153,57333,57494,4744615424,0.0025808251665329,58185.22222222222,57128.57142857143,51.29011728745697
2011-12-14,57495,57495,56646,56646,6602332672,-0.0147493651511462,58018.88888888889,57051.80952380953,47.31705509994044
2011-12-15,56646,57332,56232,56331,4712174592,-0.0055608516047028,57846.22222222222,56945.71428571428,45.89487293716551
2011-12-16,56334,56823,56086,56096,3979983872,-0.0041717704283609,57533.555555555555,56903.23809523809,44.81273903943547
2011-12-19,56100,56375,55298,55298,4106157568,-0.0142256132344552,57062.666666666664,56835.0,41.255459678652954
2011-12-20,55301,56864,55301,56864,4722338816,0.0283192882201888,56862.88888888889,56862.619047619046,49.69470701729974
2011-12-21,56864,56864,56046,56653,3907792384,-0.0037106077658976,56773.77777777778,56899.52380952381,48.679950808339406
2011-12-22,56655,57459,56557,57347,3705140992,0.0122500132384868,56675.0,57012.619047619046,52.14151379770746
2011-12-23,57347,57791,57347,57701,3002233344,0.0061729471463196,56714.444444444445,57127.95238095238,53.8514188776557
2011-12-26,57701,57856,57669,57669,943692864,-0.0005545831094782,56733.88888888889,57260.09523809524,53.664766430490104
2011-12-27,57665,58110,57610,58005,2518485504,0.005826353846954,56884.88888888889,57354.76190476191,55.41230024537199
2011-12-28,58006,58010,56447,56533,2883864576,-0.0253771226618394,56907.333333333336,57413.52380952381,47.04180056909139
2011-12-29,56533,56945,56312,56754,3862524928,0.0039092211628606,56980.444444444445,57407.80952380953,48.304406650167735
2012-01-02,56755,57993,56649,57829,3340276736,0.0189413962011488,57261.666666666664,57392.857142857145,54.04396048861399
2012-01-03,57835,59288,57835,59264,5139448320,0.024814539417939,57528.333333333336,57458.52380952381,60.36930793828909
2012-01-04,59263,59518,58557,59364,4220530688,0.0016873650107991,57829.555555555555,57480.142857142855,60.774483502127126
2012-01-05,59353,59353,57962,58546,4474779648,-0.0137793949194797,57962.77777777778,57433.0,55.753150863808436
2012-01-06,58564,59260,58355,58600,3528678656,0.0009223516551088,58062.666666666664,57430.04761904762,56.011532525432656
2012-01-09,58601,59220,58598,59082,3634138368,0.0082252559726963,58219.666666666664,57507.52380952381,58.34949517452942
2012-01-10,59089,60111,59089,59805,4881573888,0.0122372296130801,58419.666666666664,57582.23809523809,61.64272769243779
2012-01-11,59798,60093,59422,59962,4199942400,0.0026251985619931,58800.666666666664,57706.80952380953,62.33909585304447
2012-01-12,59965,60503,59586,59920,4610727424,-0.000700443614289,59152.444444444445,57822.333333333336,62.0147409660771
2012-01-13,59917,59917,58874,59146,5362235392,-0.0129172229639519,59298.77777777778,57941.380952380954,56.21039927738917
2012-01-16,59146,59981,59146,59956,3423047424,0.0136949244243058,59375.666666666664,58114.0,60.388753781832634
2012-01-17,59961,60890,59961,60645,5131957248,0.011491760624458,59518.0,58330.619047619046,63.57279738591842
2012-01-18,60643,61722,60610,61722,5602003456,0.0177590897848132,59870.88888888889,58636.52380952381,67.91441549956414
2012-01-19,61726,62181,61565,61926,5590263808,0.0033051424127539,60240.444444444445,58877.57142857143,68.67597272009687
2012-01-20,61932,62312,61592,62312,4427976704,0.0062332461324807,60599.333333333336,59147.04761904762,70.1210774994652
2012-01-23,62311,62693,61908,62386,4873352704,0.0011875722172294,60886.11111111111,59387.0,70.40297993575089
2012-01-24,62386,62535,61666,62486,5405030912,0.0016029237328887,61166.555555555555,59614.857142857145,70.80385803244485
2012-01-26,62486,63804,62485,62953,6402436096,0.007473674102999,61503.555555555555,59866.47619047619,72.6658246118309
2012-01-27,62954,63263,62769,62904,4808527360,-0.0007783584578971,61921.11111111111,60099.76190476191,72.14592189741177
2012-01-30,62901,62901,61989,62770,4805518848,-0.0021302301920386,62233.77777777778,60396.76190476191,70.6571055692922
2012-01-31,62772,63393,62663,63072,7208447488,0.0048112155488291,62503.444444444445,60697.619047619046,72.05667437895798
2012-02-01,63085,64567,63085,64567,7722681856,0.0237030695078639,62819.555555555555,61018.47619047619,77.7216002341711
2012-02-02,64568,64854,64224,64593,6426820608,0.0004026824848606,63115.88888888889,61272.23809523809,77.8058698676982
2012-02-03,64588,65619,64136,65217,6199900672,0.0096604895267289,63438.666666666664,61550.95238095238,79.7824381334229
2012-02-06,65216,65229,64743,65223,3801511680,9.200055200331292e-05,63753.88888888889,61868.90476190476,79.80106558715437
2012-02-07,65213,65944,64800,65917,6393153024,0.0106404182573631,64135.11111111111,62217.333333333336,81.88057988462914
2012-02-08,65917,66383,65647,65831,6385478656,-0.0013046710256837,64454.88888888889,62538.71428571428,80.7708638948996
2012-02-09,65831,66323,65188,65530,5731732480,-0.0045723139554313,64746.666666666664,62811.333333333336,76.84530927404305
2012-02-10,65525,65525,63879,63997,7544730624,-0.0233938654051579,64883.0,63003.47619047619,60.67211587053161
2012-02-13,63998,65713,63998,65691,5621241856,0.0264699907808179,65174.0,63278.28571428572,68.5492081907267
2012-02-14,65699,65855,64825,65038,5966730240,-0.0099404789088307,65226.333333333336,63558.857142857145,63.287041440709196
2012-02-15,65041,66003,65041,65368,7372112896,0.0050739567637381,65312.444444444445,63816.57142857143,64.75932617571448
2012-02-16,65364,66161,64798,66141,6748980224,0.0118253579733202,65415.11111111111,64078.28571428572,67.99686636048297
2012-02-17,66158,66561,65823,66203,5102225408,0.000937391330642,65524.0,64291.666666666664,68.24882407317483
2012-02-22,66204,66290,65850,66092,3915094272,-0.0016766611784964,65543.44444444444,64490.04761904762,67.22834629228292
2012-02-23,66084,66328,65589,65819,5067090944,-0.0041306058221872,65542.11111111111,64657.04761904762,64.66729981938556
2012-02-24,65819,66335,65819,65942,4817670144,0.0018687612999286,65587.88888888889,64826.380952380954,65.30853134303266
2012-02-27,65938,65953,65067,65241,4513538560,-0.0106305541233204,65726.11111111111,64957.57142857143,58.763072157648196
2012-02-28,65244,66152,65240,65958,5405730816,0.0109900216121763,65755.77777777778,65100.666666666664,62.86288630711835
2012-02-29,65970,66661,65532,65811,6204744192,-0.0022286909851724,65841.66666666667,65239.09523809524,61.51260319430522
2012-03-01,65811,66930,65811,66809,5030058496,0.0151646381304038,66001.77777777778,65431.42857142857,66.73651833233285
2012-03-02,66810,67790,66810,67781,5067331072,0.0145489380173329,66184.0,65655.66666666667,70.88187070156361
2012-03-05,67782,67782,66755,66964,4837449216,-0.0120535253242058,66268.55555555556,65769.80952380953,63.69649087251179
2012-03-06,66962,66962,64892,65114,5723196416,-0.0276267845409473,66159.88888888889,65794.61904761905,51.07158261386429
2012-03-07,65123,66052,65123,66016,5603536384,0.0138526276991122,66181.77777777778,65832.66666666667,55.68365534709746
2012-03-08,66032,67271,66032,66908,5923113984,0.0135118759088705,66289.11111111111,65912.90476190476,59.726587131442784
2012-03-09,66908,67419,66679,66703,4972917760,-0.0030639086506845,66451.55555555556,65950.33333333333,58.40779311048777
2012-03-12,66686,66686,65965,66384,4447060480,-0.0047823935954904,66498.88888888889,65976.66666666667,56.32367762850185
2012-03-13,66385,68419,66385,68394,6544528384,0.0302783803326103,66785.88888888889,66113.04761904762,64.83744003619276
2012-03-14,68386,68969,67797,68257,5912063488,-0.0020030996871071,66946.77777777778,66315.90476190476,63.9228202670471
2012-03-15,68259,68259,67458,67749,5413188608,-0.0074424601139809,66943.22222222222,66413.90476190476,60.51404227177762
2012-03-16,67749,68152,67504,67684,5320874496,-0.0009594237553322,67023.22222222222,66539.90476190476,60.07262055517296
2012-03-19,67684,68159,67546,67730,4651073024,0.0006796288635424,67313.88888888889,66652.38095238095,60.29336499494794
2012-03-20,67724,67724,66704,67295,4409698304,-0.0064225601653624,67456.0,66707.33333333333,57.079586831336954
2012-03-21,67297,67436,66762,66860,3887977728,-0.0064640760829185,67450.66666666667,66738.61904761905,53.98094392126972
2012-03-22,66860,66860,65534,65828,5302146048,-0.0154352378103499,67353.44444444444,66726.04761904762,47.405905698657314
2012-03-23,65831,66252,65576,65812,4937386496,-0.000243057665431,67289.88888888889,66725.71428571429,47.30969288730984
2012-03-26,65817,66775,65817,66684,4106345984,0.0132498632468243,67099.88888888889,66761.04761904762,52.91805489882392
2012-03-27,66682,66967,65924,66037,5270799872,-0.0097024773558874,66853.22222222222,66798.95238095238,48.77012281047794
2012-03-28,66031,66031,64819,65079,5250755072,-0.0145070187924951,66556.55555555556,66757.09523809524,43.351623273520126
2012-03-29,65074,65074,64095,64871,5706014720,-0.0031961154904039,66244.0,66712.33333333333,42.253945258511415
2012-03-30,64875,65363,64245,64510,6304407552,-0.0055648903207904,65886.22222222222,66602.85714285714,40.34460378131838
2012-04-02,64514,65593,64198,65216,5617869824,0.0109440396837698,65655.22222222222,66480.71428571429,45.52862600076455
2012-04-03,65217,65530,64015,64284,4798699008,-0.0142909715407262,65369.0,66353.09523809524,40.52242337005113
2012-04-04,64301,64301,63450,63528,5314060288,-0.0117603136083629,65113.444444444445,66277.57142857143,36.971199973523255
2012-04-05,63518,64298,63383,63691,4780295680,0.0025657977584687,64877.77777777778,66166.85714285714,38.22816609062221
2012-04-09,63690,63690,62461,62923,3426871808,-0.0120582185866134,64459.88888888889,65977.09523809524,34.715284142790125
2012-04-10,62922,62922,61343,61738,5744597504,-0.018832541360075,63982.22222222222,65740.66666666667,30.116652689574494
2012-04-11,61741,62356,61291,61293,5406888448,-0.0072078784541125,63561.555555555555,65498.23809523809,28.58529412985085
2012-04-12,61300,63061,61300,63058,6506595840,0.0287961104856997,63360.11111111111,65244.142857142855,41.328212271439924
2012-04-13,63039,63039,61777,62105,5834151936,-0.0151130705065177,63092.88888888889,64951.19047619047,37.44324312900326
2012-04-16,62119,62688,61465,61954,4864065024,-0.0024313662346027,62730.444444444445,64675.23809523809,36.85212775846177
2012-04-17,61959,62961,61959,62698,5267979776,0.01200890983633,62554.22222222222,64437.80952380953,41.733048574067105
2012-04-18,62695,63243,62429,63010,7131745280,0.004976235286612,62496.666666666664,64213.04761904762,43.69835584028998
2012-04-19,63007,63274,62478,62618,4134122752,-0.0062212347246468,62377.444444444445,63990.333333333336,41.79110348903868
2012-04-20,62620,63369,62430,62494,4015104256,-0.0019802612667284,62329.77777777778,63782.42857142857,41.178841236256304
2012-04-23,62494,62494,60897,61539,4228768000,-0.0152814670208339,62307.666666666664,63578.19047619047,36.7172464802846
2012-04-24,61536,62000,61380,61971,4412280320,0.0070199385755373,62383.0,63395.28571428572,39.88994068042352
2012-04-25,61988,62440,61327,61750,6247967744,-0.0035661841829243,62237.666666666664,63160.333333333336,38.81776348250921
2012-04-26,61750,62282,61032,62198,6154152448,0.0072550607287449,62248.0,62977.52380952381,42.20882098889043
2012-04-27,62202,62486,61666,61691,4522361856,-0.0081513875044213,62218.77777777778,62816.19047619047,39.53803253948429
2012-04-30,61691,61900,61230,61820,3812899840,0.0020910667682481,62121.22222222222,62670.90476190476,40.56846527633698
2012-05-02,61820,62502,61593,62423,5942560256,0.0097541248786801,62056.0,62571.52380952381,45.26437499977067
2012-05-03,62426,62782,61731,62104,5423450112,-0.0051102958845297,61998.88888888889,62423.333333333336,43.314554207923884
2012-05-04,62103,62166,60438,60820,8209096704,-0.0206749967795955,61812.88888888889,62258.380952380954,36.499304377607
2012-05-07,60801,61299,60391,61220,5032641536,0.0065767839526471,61777.444444444445,62148.47619047619,39.68324911825258
2012-05-08,61217,61217,59871,60365,5526435840,-0.0139660241751061,61599.0,61990.09523809524,35.576984099842946
2012-05-09,60345,60345,59198,59786,5206340608,-0.0095916507910213,61380.77777777778,61840.71428571428,33.08060612239623
2012-05-10,59795,60751,59636,59702,4562755584,-0.001405011206637,61103.444444444445,61743.76190476191,32.72187847767523
2012-05-11,59702,60340,59138,59445,4498840576,-0.0043047134099359,60853.88888888889,61655.76190476191,31.593066296678714
2012-05-14,59443,59443,57538,57539,4713701376,-0.0320632517453107,60378.22222222222,61392.95238095238,24.768714787399702
2012-05-15,57539,58024,56144,56237,6074189312,-0.0226281304854099,59690.88888888889,61113.52380952381,21.372482738873984
2012-05-16,56245,57693,55415,55887,6738364928,-0.0062236605793338,59000.11111111111,60824.619047619046,20.556493082603396
2012-05-17,55886,56295,54038,54038,6325415936,-0.0330846171739402,58246.555555555555,60412.23809523809,16.88818219818863
2012-05-18,54032,54913,53856,54513,6902921216,0.0087901106628669,57501.333333333336,60007.619047619046,20.798327039601645
2012-05-21,54515,56678,54515,56590,6064240128,0.0381010034303743,57081.88888888889,59720.57142857143,35.162588519169745
2012-05-22,56586,56586,54886,55038,5647328768,-0.027425340166107,56554.333333333336,59365.52380952381,30.684362980451283
2012-05-23,55038,55051,53028,54619,6659650560,-0.0076129219811766,55989.555555555555,59036.0,29.588746198386744
2012-05-24,54619,54819,53176,54063,5742563328,-0.0101796078287775,55391.555555555555,58659.42857142857,28.15226370282126
2012-05-25,54061,54970,53846,54463,4248263424,0.0073987755026543,55049.77777777778,58312.42857142857,30.756744368093024
2012-05-28,54466,55608,54466,55212,2382997248,0.0137524557956778,54935.88888888889,57979.76190476191,35.473594028852744
2012-05-29,55213,55763,54554,54633,4849277952,-0.0104868506846337,54796.555555555555,57643.666666666664,33.569863145184016
2012-05-30,54632,54632,53382,53797,5032813568,-0.0153021067852763,54769.77777777778,57261.619047619046,30.984303839470016
2012-05-31,53804,54508,53089,54490,7151964672,0.0128817592059036,54767.22222222222,56883.857142857145,35.42432966931548
2012-06-01,54488,54488,53086,53402,4795028992,-0.0199669664158561,54413.0,56469.47619047619,31.949149904889993
2012-06-04,53407,53959,53367,53416,3807207424,0.0002621624658252,54232.77777777778,56116.90476190476,32.04153523538683
2012-06-05,53413,53917,52481,52481,3843472384,-0.0175041186161449,53995.22222222222,55700.76190476191,29.19123750508541
2012-06-06,52486,54194,52486,54156,5715733504,0.0319163125702635,54005.555555555555,55405.09523809524,39.56330839917182
2012-06-08,54149,54432,53684,54429,4273997312,0.0050409926877907,54001.77777777778,55150.0,41.07821849707129
2012-06-11,54434,55400,53904,54001,4160205568,-0.0078634551433978,53867.22222222222,54878.52380952381,39.410348270055145
2012-06-12,54001,55049,53906,55049,4552874496,0.0194070480176293,53913.444444444445,54669.19047619047,45.270079174987785
2012-06-13,55041,55988,54523,55650,6365110272,0.010917546186125,54119.333333333336,54579.23809523809,48.354740932893364
2012-06-14,55641,55768,54952,55351,5065327104,-0.0053728661275831,54215.0,54537.04761904762,46.937372032074734
2012-06-15,55349,56104,55202,56104,6953573888,0.0136040902603384,54515.22222222222,54547.380952380954,50.84505668705933
2012-06-18,56066,56578,55486,56195,5016227840,0.0016219877370597,54824.0,54650.09523809524,51.311701509463354
2012-06-19,56210,57567,56210,57195,6353594880,0.0177951775068956,55347.77777777778,54777.80952380953,56.229228420839796
2012-06-20,57196,57611,56528,57166,5150813184,-0.0005070373284378,55682.22222222222,54805.23809523809,56.052421521363854
2012-06-21,57162,57218,55505,55505,4320755200,-0.0290557324283665,55801.77777777778,54827.47619047619,46.94697907185372
2012-06-22,55518,56019,55083,55439,3530043904,-0.0011890820646788,55961.555555555555,54866.52380952381,46.622889655837874
2012-06-25,55405,55405,53694,53805,3649268480,-0.0294738361081549,55823.333333333336,54854.23809523809,39.37557798795678
2012-06-26,53805,54193,53397,53836,4886600192,0.0005761546324691,55621.77777777778,54824.380952380954,39.56750786289065
2012-06-27,53837,54005,53083,53108,4672814080,-0.0135225499665651,55372.555555555555,54724.19047619047,36.6343350488652
2012-06-28,53106,53305,52271,52652,4437688320,-0.0085862770204112,54989.0,54629.857142857145,34.88966272551011
2012-06-29,52656,54354,52656,54354,5008315392,0.0323254577224036,54784.444444444445,54656.380952380954,45.350999402574665
2012-07-02,54355,54753,53960,54692,3827136000,0.0062184935791294,54506.333333333336,54666.0,47.16646786162979
2012-07-03,54703,56228,54703,55780,5963673600,0.0198932202150223,54352.333333333336,54779.23809523809,52.62248403551993
2012-07-04,55780,56322,55485,56076,2200187136,0.0053065614915739,54415.77777777778,54905.90476190476,54.013847444637335
2012-07-05,56083,56943,55828,56379,5113703936,0.0054033811256153,54520.22222222222,55091.52380952381,55.45594178753247
2012-07-06,56376,56376,54967,55394,4055880448,-0.0174710441831178,54696.77777777778,55150.47619047619,49.96996542782254
2012-07-10,55392,55588,53667,53705,4978849280,-0.0304906668592266,54682.22222222222,55116.0,42.2515733685379
2012-07-11,53708,54135,53232,53569,4353671168,-0.0025323526673494,54733.444444444445,55095.42857142857,41.69313369248467
2012-07-12,53563,53615,52489,53420,4351228416,-0.0027814594261607,54818.77777777778,55017.857142857145,41.05294247100462
2012-07-13,53421,54427,53420,54330,4490873856,0.0170348184200674,54816.11111111111,54955.0,46.460026689119275
2012-07-16,54315,54418,53215,53401,4174019072,-0.0170992085404012,54672.666666666664,54862.142857142855,42.20391739219838
2012-07-17,53402,54037,53118,53909,3800482048,0.0095129304694667,54464.77777777778,54757.619047619046,45.16224111744609
2012-07-18,53908,54587,53551,54583,3681465600,0.0125025505945204,54298.88888888889,54680.857142857145,48.899501024684184
2012-07-19,54587,55490,54587,55346,4236803584,0.0139787113203744,54184.11111111111,54592.80952380953,52.81949595421265
2012-07-20,55337,55337,54137,54194,4514684416,-0.0208145123405485,54050.77777777778,54451.28571428572,46.96190915269787
2012-07-23,54183,54183,52212,53033,4277157632,-0.0214230357604162,53976.11111111111,54333.57142857143,41.91673303619132
2012-07-24,53037,53416,52399,52638,4838458880,-0.0074481926347745,53872.666666666664,54200.19047619047,40.32928095263717
2012-07-25,52658,53232,52345,52607,3857754112,-0.0005889281507656,53782.333333333336,54143.142857142855,40.20060568607728
2012-07-26,52638,54126,52638,54002,5707421184,0.0265173836181495,53745.88888888889,54151.04761904762,48.2086908622872
2012-07-27,54024,57046,54024,56553,7478838272,0.047238991148476,54096.11111111111,54315.09523809524,59.01697678501062
2012-07-30,56550,57240,56089,57240,4374046720,0.012147896663307,54466.22222222222,54533.57142857143,61.35589050735642
2012-07-31,57242,57465,56097,56097,5431022592,-0.0199685534591195,54634.444444444445,54616.57142857143,55.663973118601
2012-08-02,56288,56288,55239,55520,4536699392,-0.0102857550314633,54653.77777777778,54656.0,52.99144459244595
2012-08-03,55523,57399,55523,57255,5165604864,0.03125,54993.88888888889,54726.23809523809,59.3166319825454
2012-08-06,57255,58995,56893,58344,5453827072,0.0190201729106627,55584.0,54834.23809523809,62.70836028087172
2012-08-07,58342,59316,57678,57725,5421967872,-0.010609488550665,56149.22222222222,54898.333333333336,59.66354692263122
2012-08-08,57723,58963,57603,58950,5617867776,0.0212213079255088,56854.0,55067.666666666664,63.44621084210101
2012-08-09,58949,59201,58115,58797,4399352320,-0.0025954198473282,57386.77777777778,55310.142857142855,62.655892616433455
2012-08-10,58774,59365,58127,59280,4763394560,0.0082147048318792,57689.77777777778,55582.09523809524,64.17310326631
2012-08-13,59280,59543,58600,59122,3818058752,-0.0026653171390013,57898.88888888889,55853.619047619046,63.26757990059513
2012-08-14,59122,59605,57903,58082,5324443136,-0.0175907445620919,58119.444444444445,56032.28571428572,57.51468667236375
2012-08-15,58082,58374,57630,58189,6320315392,0.0018422230639441,58416.0,56260.28571428572,57.93845204383291
2012-08-16,58190,59543,58190,59445,5102378496,0.0215848356218528,58659.333333333336,56523.90476190476,62.648113844677844
2012-08-17,59443,59822,58943,59082,4478265344,-0.0061064849861216,58741.333333333336,56738.142857142855,60.53833651085852
2012-08-20,59082,59462,58629,59283,4657510400,0.0034020513862089,58914.444444444445,56925.619047619046,61.31519716387288
2012-08-21,59297,60208,58684,58917,5692257280,-0.0061737766307372,58910.77777777778,57150.52380952381,59.03613907194493
2012-08-22,58917,59584,58442,59380,5303009280,0.0078585128231241,58975.555555555555,57452.76190476191,61.010469594607926
2012-08-23,59381,59381,58145,58511,5118611968,-0.0146345570899292,58890.11111111111,57732.42857142857,55.594522084795535
2012-08-24,58510,58750,57833,58425,4870664192,-0.0014698090957255,58812.666666666664,58009.47619047619,55.073476251650824
2012-08-27,58424,58461,57852,58111,3584215040,-0.0053744116388532,58815.88888888889,58205.142857142855,53.11604926656213
2012-08-28,58108,58745,57976,58406,3946337536,0.0050764915420489,58840.0,58293.380952380954,54.74347556876414
2012-08-29,58413,58552,57060,57369,5506267136,-0.017755025168647,58609.333333333336,58299.52380952381,48.38530678359325
2012-08-30,57365,57507,56900,57256,4353782784,-0.0019697048928863,58406.444444444445,58354.71428571428,47.73470049241695
2012-08-31,57257,57834,56719,57061,7699119616,-0.0034057566019282,58159.555555555555,58428.09523809524,46.57094782973636
2012-09-03,57065,57456,56954,57281,2980942592,0.00385552303675,57977.77777777778,58429.333333333336,48.10803794729515
2012-09-04,57272,57272,56202,56233,4675443712,-0.0182957699760828,57628.11111111111,58328.80952380953,41.92107448506354
2012-09-05,56236,56904,56236,56863,4516382720,0.0112033859121867,57445.0,58287.76190476191,46.384935739508386
2012-09-06,56868,58328,56868,58321,5651690496,0.025640574714665,57433.444444444445,58257.80952380953,55.00412594497755
2012-09-10,58324,59420,58324,58404,6681859584,0.0014231580391281,57466.0,58239.09523809524,55.44326117709304
2012-09-11,58404,59514,58404,59422,5845011968,0.0174303129922608,57578.88888888889,58245.857142857145,60.531116983779604
2012-09-12,59428,60135,59205,59921,8284045312,0.0083975631920838,57862.444444444445,58283.90476190476,62.774967565355624
2012-09-13,59920,62116,59629,61958,9573039104,0.0339947597670264,58384.88888888889,58468.47619047619,70.21824972255487
2012-09-14,61954,63428,61823,62105,10502777856,0.002372574970141,58945.333333333336,58654.95238095238,70.6739651519593
2012-09-17,62105,62691,61551,61805,7064411136,-0.0048305289429192,59448.0,58767.333333333336,68.3745028182897
2012-09-18,61805,62131,61446,61804,5240284160,-1.6179920718339957e-05,60067.0,58896.95238095238,68.3665178401618
2012-09-19,61806,62514,61518,61651,5660663296,-0.0024755679244061,60599.0,59009.71428571428,67.07582854055576
2012-09-20,61651,61908,60960,61687,4966519808,0.0005839321341096,60973.0,59141.619047619046,67.23258167301911
2012-09-21,61694,62223,61300,61320,5001259008,-0.0059493896607064,61297.0,59234.0,63.8929208447377
2012-09-24,61319,61931,61075,61909,5703311360,0.0096053489889105,61573.333333333336,59395.80952380953,66.7477342727464
2012-09-25,61913,61947,60357,60501,6887090176,-0.0227430583598508,61637.77777777778,59494.666666666664,55.45934122298609
2012-09-26,60506,60506,59724,60478,5182615552,-0.0003801590056362,61473.333333333336,59607.380952380954,55.294832094137824
2012-09-27,60482,60888,59876,60239,5323134976,-0.0039518502595985,61266.0,59694.666666666664,53.5183027856977
2012-09-28,60239,60239,58864,59175,6627158528,-0.0176629758130114,60973.77777777778,59780.666666666664,46.37498422296991
2012-10-01,59171,60215,59171,59570,4613638144,0.0066751161808196,60725.555555555555,59890.857142857145,49.09159445533427
2012-10-02,59574,60090,59027,59222,4624015360,-0.0058418667114319,60455.666666666664,59993.76190476191,46.84023027363357
2012-10-03,59222,59483,58541,58627,4554063360,-0.0100469420147918,60115.666666666664,60057.857142857145,43.19291322655478
2012-10-04,58627,59002,58104,58458,5049572352,-0.0028826308697358,59797.666666666664,60163.80952380953,42.18806939920478
2012-10-05,58460,59440,58414,58571,5053081600,0.0019330117349207,59426.77777777778,60245.142857142855,43.14056943451683
2012-10-08,58571,59317,58169,59317,4323961856,0.0127366785610625,59295.22222222222,60292.57142857143,49.10252620377367
2012-10-09,59318,59696,58615,58939,4942926848,-0.0063725407556012,59124.22222222222,60318.04761904762,46.44508459564769
2012-10-10,58944,59319,58340,58456,4236844032,-0.0081949133850252,58926.11111111111,60272.04761904762,43.22591329841258
2012-10-11,58460,59359,58460,59161,4446273024,0.0120603530860818,58924.555555555555,60235.857142857145,48.80378884165017
2012-10-15,59164,59757,58789,59601,5099885056,0.0074373320261658,58928.0,60123.619047619046,51.975062460237545
2012-10-16,59602,60411,59484,59743,5883283456,0.0023825103605643,58985.88888888889,60011.142857142855,52.98718364047279
2012-10-17,59742,60397,59682,60087,6573536256,0.0057579967527576,59148.11111111111,59929.333333333336,55.43732819438814
2012-10-18,60087,60087,59321,59733,5590466048,-0.0058914573867892,59289.77777777778,59830.71428571428,52.41026625445012
2012-10-19,59701,59846,58782,58922,4785861632,-0.013577084693553,59328.77777777778,59700.76190476191,46.187976538185715
2012-10-22,58924,59204,58540,58700,4005842432,-0.0037676928821153,59260.22222222222,59558.52380952381,44.62612467340566
2012-10-23,58678,58678,57387,57690,5078330880,-0.017206132879046,59121.444444444445,59385.666666666664,38.283417191288166
2012-10-24,57685,57985,57158,57160,4366479360,-0.0091870341480325,58977.444444444445,59159.52380952381,35.43710263433661
2012-10-25,57160,58273,57160,57836,4913750528,0.0118264520643807,58830.22222222222,59032.619047619046,41.41956905668548
2012-10-26,57833,57833,57060,57276,4410229760,-0.0096825506604882,58571.88888888889,58880.142857142855,38.25703924022482
2012-10-29,57266,57266,56580,57176,2425205760,-0.0017459319784901,58286.666666666664,58734.28571428572,37.70342592967127
2012-10-30,57178,57763,57178,57683,2260851968,0.0088673569329789,58019.555555555555,58663.23809523809,42.26511923229104
2012-10-31,57682,57935,56929,57068,4390023680,-0.0106617200908413,57723.444444444445,58544.09523809524,38.57516056580106
2012-11-01,57065,58382,56959,58382,4824526336,0.0230251629634821,57663.444444444445,58504.09523809524,48.85029414060275
2012-11-05,58374,58374,57550,58209,4076004352,-0.0029632420951662,57608.88888888889,58484.19047619047,47.71850455691831
2012-11-06,58220,59560,58173,59458,4779409920,0.0214571629816695,57805.333333333336,58531.80952380953,55.69873847369887
2012-11-07,59460,59460,58274,58517,4523812352,-0.0158262975545763,57956.11111111111,58529.23809523809,49.56085953576777
2012-11-08,58522,59007,57420,57524,4998778368,-0.0169694276876805,57921.444444444445,58443.857142857145,44.04499227948642
2012-11-09,57516,58108,56861,57357,4845650944,-0.0029031360823308,57930.444444444445,58368.52380952381,43.17471752167792
2012-11-12,57357,57712,56987,57064,2918061312,-0.0051083564342625,57918.0,58302.23809523809,41.62087539433928
2012-11-13,57048,57529,56593,57486,4648561152,0.0073952053834291,57896.11111111111,58222.47619047619,44.70742806592569
2012-11-14,57472,57472,56038,56279,4845608448,-0.0209964165188045,57808.444444444445,58064.28571428572,38.44633000181842
2012-11-16,56276,56276,55125,55402,4867762688,-0.0155830771691038,57477.333333333336,57857.57142857143,34.64931368906936
2012-11-19,55387,56666,55387,56450,4018793472,0.0189162846106638,57281.88888888889,57684.380952380954,42.01855805250266
2012-11-21,56453,56789,55946,56242,5332737536,-0.0036846767050486,56924.555555555555,57518.142857142855,41.02964679887749
2012-11-22,56245,56642,56242,56436,2545491712,0.003449379467302,56693.333333333336,57399.76190476191,42.3914862886581
2012-11-23,56438,57574,56247,57574,3943871744,0.0201644340491884,56698.88888888889,57346.142857142855,49.72584563312178
2012-11-26,57571,57572,56501,56737,3865581312,-0.0145378122068989,56630.0,57300.76190476191,45.17071955796834
2012-11-27,56737,57419,56248,56248,4851922944,-0.008618714419162,56539.333333333336,57257.333333333336,42.709176127806835
2012-11-28,56205,56590,55685,56539,4992877056,0.0051735172806144,56434.11111111111,57195.57142857143,44.642461985452925
2012-11-29,56562,57852,56562,57852,5037060096,0.0232229080811474,56608.88888888889,57223.0,52.44079864207237
2012-11-30,57845,58030,56704,57474,7947828224,-0.0065339141257,56839.11111111111,57237.19047619047,50.24627220625301
2012-12-03,57479,58332,57479,58202,5194108416,0.0126665970699795,57033.77777777778,57261.90476190476,54.219776537845036
2012-12-04,58211,58519,57546,57563,5066296832,-0.0109790041579327,57180.555555555555,57285.47619047619,50.41391770526581
2012-12-05,57596,58126,57231,57678,5171170304,0.0019978110939318,57318.555555555555,57251.95238095238,51.07944820735772
2012-12-06,57684,57860,57128,57656,4584986112,-0.0003814279274593,57327.666666666664,57225.619047619046,50.9385956750698
2012-12-07,57656,58594,57635,58487,4178084352,0.0144130706257805,57522.11111111111,57179.380952380954,55.886824862412055
2012-12-10,58467,59248,58090,59248,4274971136,0.0130114384393114,57855.444444444445,57214.19047619047,59.8776651343242
2012-12-11,59257,59746,58950,59623,5514371584,0.0063293275722386,58198.11111111111,57314.142857142855,61.71567693202994
2012-12-12,59625,59858,59290,59474,6280094208,-0.0024990356070644,58378.333333333336,57414.95238095238,60.52918013031505
2012-12-13,59458,59968,59153,59316,5334599680,-0.0026566230621783,58583.0,57522.19047619047,59.22883168452038
2012-12-14,59319,59824,59272,59604,5707248128,0.0048553510014162,58738.77777777778,57623.04761904762,60.878623566037795
2012-12-17,59604,59914,59322,59566,4976119296,-0.0006375411046238,58961.333333333336,57779.57142857143,60.530585559041754
2012-12-18,59568,60538,59565,60460,4964908032,0.0150085619313031,59270.444444444445,58020.42857142857,65.52419798402082
2012-12-19,60460,61212,60395,60998,6629715456,0.0088984452530598,59641.77777777778,58237.0,68.136798447377
2012-12-20,60991,61276,60621,61276,4853843456,0.0045575264762778,59951.666666666664,58476.71428571428,69.42610615369307
2012-12-21,61270,61270,60221,61007,4914385408,-0.0043899732358508,60147.11111111111,58694.380952380954,66.61714736896943
2012-12-26,61002,61322,60860,60959,3649210368,-0.0007867949579556,60295.555555555555,58855.57142857143,66.10319995731012
2012-12-27,60963,61191,60232,60415,3703230208,-0.0089240309060187,60400.11111111111,59030.71428571428,60.414462234302384
2012-12-28,60415,61066,60415,60952,4299083264,0.0088885210626499,60581.88888888889,59254.71428571428,63.73242854782061
2013-01-02,60990,62886,60990,62550,5823450624,0.026217351358446,60909.22222222222,59540.95238095238,71.41157326335608
2013-01-03,62555,63472,62341,63312,5595627520,0.0121822541966427,61325.444444444445,59800.95238095238,74.2152048364099
2013-01-04,63314,63314,62414,62523,8113965056,-0.0124620924943138,61554.666666666664,60041.380952380954,66.89943776932637
2013-01-07,62523,62698,61639,61932,5591572992,-0.0094525214720982,61658.444444444445,60219.0,61.971616324483044
2013-01-08,61932,62264,61080,61127,5634229248,-0.0129981269779758,61641.88888888889,60388.71428571428,55.928527680911806
2013-01-09,61128,61811,61102,61578,5276369920,0.0073780816987583,61705.333333333336,60574.42857142857,58.37737097365165
2013-01-10,61578,61947,61156,61678,6128320512,0.0016239566078795,61785.22222222222,60765.95238095238,58.922396292053065
2013-01-11,61661,61682,61198,61497,6575114752,-0.0029345958040144,61905.444444444445,60909.28571428572,57.45588653296022
2013-01-14,61511,62284,61511,62080,5287528960,0.0094801372424671,62030.77777777778,61044.142857142855,60.83696722791384
2013-01-15,62078,62151,61694,61727,5174961664,-0.0056862113402061,61939.333333333336,61144.333333333336,57.83965106220139
2013-01-16,61725,61787,61241,61787,4223801600,0.0009720219676965,61769.88888888889,61254.47619047619,58.21646882631716
2013-01-17,61806,62309,61683,62194,5149412352,0.0065871461634323,61733.333333333336,61391.52380952381,60.77736394345893
2013-01-18,62196,62395,61822,61956,5210741248,-0.0038267356979773,61736.0,61503.52380952381,58.518715352806375
2013-01-21,61962,62051,61804,61899,2854704128,-0.0009200077474336,61821.77777777778,61614.619047619046,57.963142125431254
2013-01-22,61904,61995,61534,61692,4603848704,-0.0033441574177288,61834.444444444445,61673.28571428572,55.88801188429393
2013-01-23,61692,61969,61542,61966,4500313088,0.0044414186604422,61866.444444444445,61719.380952380954,58.02990733386886
2013-01-24,61965,62249,60838,61169,5394110464,-0.0128618920052931,61830.0,61714.28571428572,50.36873667675614
2013-01-28,61177,61312,59921,60027,5480742912,-0.0186695875361703,61601.88888888889,61667.619047619046,41.84419655949516
2013-01-29,60027,60427,59757,60406,5261429760,0.0063138254452164,61455.11111111111,61641.28571428572,45.16126993980626
2013-01-30,60404,60404,59305,59336,7059853312,-0.0177134721716385,61182.77777777778,61589.90476190476,38.48697953783516
2013-01-31,59344,59771,59114,59761,6955569664,0.0071625994337332,60912.444444444445,61533.19047619047,42.144394459977526
2013-02-01,59764,60496,59742,60351,5312094208,0.0098726594267164,60734.11111111111,61428.47619047619,46.86737561174549
2013-02-04,60350,60350,59256,59575,5021566976,-0.0128581133701181,60475.88888888889,61250.52380952381,42.00983803261424
2013-02-05,59575,59974,59132,59444,6953744896,-0.002198908938313,60226.11111111111,61103.90476190476,41.23290475723101
2013-02-06,59441,59582,58587,58951,5448044544,-0.008293519951551,59891.11111111111,60961.95238095238,38.35784286763063
2013-02-07,58936,59435,58115,58372,6265827328,-0.0098217163406897,59580.333333333336,60830.76190476191,35.24921297015155
2013-02-08,58374,58638,58024,58497,5034828800,0.0021414376755979,59410.333333333336,60684.04761904762,36.446695303015815
2013-02-13,58494,58754,58251,58405,3794300416,-0.0015727302254816,59188.0,60528.19047619047,35.92016319217986
2013-02-14,58405,58405,57750,58077,3782529536,-0.005615957537882,59048.11111111111,60365.333333333336,34.03247219720066
2013-02-15,58075,58352,57801,57903,5270926336,-0.0029960225218245,58841.666666666664,60166.42857142857,33.04050043956029
2013-02-18,57905,57929,57420,57613,3769329408,-0.0050083760772325,58537.444444444445,59970.52380952381,31.397871571925535
2013-02-19,57619,58060,57233,57314,5499099136,-0.0051898009129883,58286.22222222222,59757.52380952381,29.75533319343188
2013-02-20,57312,57568,56034,56177,6132424704,-0.0198380849356177,57923.22222222222,59471.0,24.50542692245702
2013-02-21,56152,56227,55430,56154,6474429440,-0.0004094202253591,57612.444444444445,59194.71428571428,24.411598372880476
2013-02-22,56158,56742,56106,56697,6914479104,0.0096698365209957,57426.333333333336,58947.0,31.11723447785468
2013-02-25,56697,57157,56418,56617,5887349248,-0.0014110094008501,57217.444444444445,58705.333333333336,30.685327300970954
2013-02-26,56616,57007,56047,56948,6315600384,0.0058463005810975,57055.555555555555,58466.380952380954,34.722485153418205
2013-02-27,56948,57402,56684,57273,6106004992,0.0057069607361102,56966.22222222222,58280.857142857145,38.509513315414885
2013-02-28,57273,57798,56925,57424,6380669440,0.0026364953817681,56913.0,58156.90476190476,40.24409214327685
2013-03-01,57422,57422,56525,56883,5540350976,-0.0094211479520758,56831.88888888889,57989.142857142855,36.29384644066306
2013-03-04,56877,56877,56067,56499,5039776256,-0.0067506988028057,56741.333333333336,57854.04761904762,33.760744690875995
2013-03-05,56508,57226,55950,55950,5879427072,-0.0097169861413476,56716.11111111111,57672.57142857143,30.484852920556307
2013-03-06,55953,58149,55953,57940,7263226880,0.0355674709562108,56914.555555555555,57557.76190476191,49.58200203118786
2013-03-07,57939,59472,57939,58846,7883593216,0.0156368657231618,57153.333333333336,57523.04761904762,55.56688495144121
2013-03-08,58841,59031,58128,58432,5618068992,-0.0070353125106209,57355.0,57474.857142857145,52.50007533829624
2013-03-11,58440,58546,57800,58544,4681013248,0.0019167579408543,57532.333333333336,57455.47619047619,53.25176460984044
2013-03-12,58542,58709,58112,58208,4948723712,-0.0057392730254167,57636.22222222222,57447.666666666664,50.661583513958796
2013-03-13,58204,58410,57285,57385,5921766400,-0.0141389499725124,57631.88888888889,57394.71428571428,44.9006366923571
2013-03-14,57385,57850,56722,57281,5883227136,-0.0018123202927594,57676.11111111111,57341.19047619047,44.216383997136575
2013-03-15,57274,57532,56805,56869,6650491904,-0.0071926118608264,57717.22222222222,57283.666666666664,41.51715247807751
2013-03-18,56868,57151,56139,56972,4860339712,0.001811180080536,57830.77777777778,57239.333333333336,42.46280222800688
2013-03-19,56972,57037,56099,56361,5308212224,-0.0107245664536965,57655.333333333336,57179.71428571428,38.487167955479656
2013-03-20,56360,56396,55831,56030,5600786944,-0.0058728553432337,57342.444444444445,57118.57142857143,36.493796270408495
2013-03-21,56025,56043,55382,55576,5054192640,-0.0081028020703194,57025.11111111111,57089.95238095238,33.900284544554296
2013-03-22,55576,55893,55097,55243,4529055744,-0.0059917950194328,56658.333333333336,57046.57142857143,32.09840525918142
2013-03-25,55250,55450,54647,54873,4646725632,-0.0066976811541733,56287.77777777778,56959.71428571428,30.178988831906807
2013-03-26,54878,55763,54878,55671,4191874048,0.0145426712590892,56097.333333333336,56914.666666666664,38.693816847675656
2013-03-27,55648,56177,55129,56034,4158117120,0.0065204505038529,55958.77777777778,56871.142857142855,42.149885690733996
2013-03-28,56035,56373,55873,56352,5062928384,0.0056751258164686,55901.333333333336,56827.28571428572,45.071232638135214
2013-04-01,56348,56348,55896,55902,3550232064,-0.0079855195911413,55782.444444444445,56754.80952380953,41.8505346335713
2013-04-02,55900,56257,54809,54889,4752847872,-0.0181209974598404,55618.88888888889,56659.857142857145,35.67110069180208
2013-04-03,54888,55573,54739,55562,5793782784,0.0122611087831805,55566.88888888889,56615.23809523809,41.81762279127839
2013-04-04,55562,55579,54432,54648,5180683776,-0.0164500917893524,55463.77777777778,56553.23809523809,36.69030263899003
2013-04-05,54646,55226,53794,55050,5802498048,0.0073561703996487,55442.333333333336,56415.619047619046,40.16525670259267
2013-04-08,55048,55136,54333,55092,4977190912,0.0007629427792914,55466.666666666664,56236.857142857145,40.532510550917095
2013-04-09,55100,56304,55100,55912,6878502912,0.0148841937123356,55493.444444444445,56116.857142857145,47.32968039775782
2013-04-10,55913,56975,55913,56186,7000232960,0.0049005580197452,55510.333333333336,56004.57142857143,49.41048098660494
2013-04-11,56189,56283,55173,55400,4926019584,-0.0139892499911009,55404.555555555555,55870.857142857145,44.03608263775992
2013-04-12,55398,55530,54458,54962,5653062656,-0.0079061371841154,55300.11111111111,55755.47619047619,41.33775952219462
2013-04-15,54951,54951,52949,52949,5824322048,-0.0366253047560132,55084.555555555555,55549.19047619047,31.718319468177242
2013-04-16,52952,54095,52952,53990,4761066496,0.0196604279589793,54909.88888888889,55412.09523809524,39.552168880610246
2013-04-17,53984,53984,52540,52881,8188449792,-0.0205408408964623,54713.555555555555,55217.28571428572,34.95167449704962
2013-04-18,52886,53473,52391,53165,5342694400,0.0053705489684385,54504.11111111111,55065.09523809524,36.97343323683325
2013-04-19,53168,54017,53168,53928,4640235520,0.0143515470704411,54374.77777777778,54965.0,42.17352281391633
2013-04-22,53926,54297,53419,54297,4539491328,0.0068424566088116,54195.333333333336,54904.09523809524,44.55599731827054
2013-04-23,54301,55282,54164,54884,5319739392,0.0108109103633717,54050.666666666664,54887.0,48.21137554431665
2013-04-24,54875,55546,54722,54984,6077781504,0.001822024633773,54004.444444444445,54892.28571428572,48.8302993722734
2013-04-25,54989,55543,54792,54963,5642336256,-0.0003819292885203,54004.555555555555,54858.57142857143,48.69867873676137
2013-04-26,54963,55033,54146,54252,4939927040,-0.0129359751105289,54149.333333333336,54773.71428571428,44.34081855622933
2013-04-29,54253,55335,54253,54887,5551487488,0.0117046376170464,54249.0,54703.95238095238,48.75169065151923
2013-04-30,54888,55910,54584,55910,7226853888,0.0186382932206168,54585.555555555555,54704.333333333336,54.946184392550045
2013-05-02,55918,55918,55103,55321,5762919424,-0.0105347880522267,54825.11111111111,54724.90476190476,51.11527958387922
2013-05-03,55329,56366,55329,55488,7729036288,0.0030187451419894,54998.444444444445,54721.380952380954,52.13427980647473
2013-05-06,55487,55541,54651,55429,5916298240,-0.0010632929642445,55124.22222222222,54758.57142857143,51.72406248483025
2013-05-07,55428,56450,55206,56274,5536619008,0.0152447274892204,55278.666666666664,54816.857142857145,56.948808383649876
2013-05-08,56280,56813,55804,55804,5827190784,-0.0083519920389523,55369.77777777778,54850.76190476191,53.481714432232344
2013-05-09,55804,56071,54905,55447,4978959360,-0.0063973908680381,55423.555555555555,54828.619047619046,50.94463276759316
2013-05-10,55445,55445,54831,55107,5115050496,-0.0061319818926182,55518.555555555555,54777.23809523809,48.58094312603302
2013-05-13,55105,55105,54388,54447,4393331200,-0.0119766998747889,55469.666666666664,54731.857142857145,44.28554240135351
2013-05-14,54442,55029,54326,54666,5944773120,0.0040222601796242,55331.444444444445,54717.76190476191,45.991943630536106
2013-05-15,54667,55215,54487,54936,5772150272,0.0049390846229833,55288.666666666664,54812.380952380954,48.102346194238805
2013-05-16,54943,55538,54592,54772,5896881664,-0.0029852919761176,55209.11111111111,54849.619047619046,46.90346418070648
2013-05-17,54779,55489,54779,55164,5303787520,0.0071569415029577,55179.666666666664,54958.333333333336,50.10455494342395
2013-05-20,55161,55704,54630,55700,5454019584,0.0097164817634689,55115.88888888889,55079.04761904762,54.17289829471747
2013-05-21,55698,56265,55378,56265,5267205632,0.0101436265709156,55167.11111111111,55190.333333333336,58.05531360411156
2013-05-22,56268,57098,56036,56429,6244450304,0.0029147782813472,55276.22222222222,55291.857142857145,59.13745763146116
2013-05-23,56423,56423,55379,56349,5235585536,-0.0014177107515639,55414.22222222222,55361.619047619046,58.34667872347719
2013-05-24,56349,56506,55901,56406,5986641408,0.0010115530000531,55631.88888888889,55429.333333333336,58.76971567989222
2013-05-27,56414,56562,56352,56395,1830971008,-0.0001950147147466,55824.0,55497.52380952381,58.64593038199839
2013-05-28,56399,56978,56008,56036,4877752832,-0.0063658125720365,55946.22222222222,55582.47619047619,54.60367458042824
2013-05-29,56032,56032,54634,54634,5647537152,-0.0250196302377043,55930.88888888889,55570.42857142857,42.33223837588296
2013-05-31,54632,54775,52942,53506,9752056832,-0.0206464838745104,55746.666666666664,55455.95238095238,35.432653376218695
2013-06-03,53512,53993,53143,53944,5558582272,0.0081859978320188,55551.555555555555,55390.380952380954,39.552488688491295
2013-06-04,53944,54289,53497,54017,5423474688,0.0013532552276434,55301.77777777778,55320.333333333336,40.236925377377986
2013-06-05,54019,54206,52773,52798,6237168128,-0.0225669696577003,54898.333333333336,55195.04761904762,33.429924832329746
2013-06-06,52813,52937,52244,52884,5642754048,0.0016288495776355,54513.333333333336,55033.619047619046,34.27470358109302
2013-06-07,52876,52876,51427,51618,6416934400,-0.0239391876560017,53981.333333333336,54834.28571428572,28.53420462795809
2013-06-10,51618,51835,51159,51316,4793100800,-0.0058506722461156,53417.0,54637.57142857143,27.357128984394038
2013-06-11,51314,51314,49708,49769,6086230528,-0.0301465429885415,52720.666666666664,54383.380952380954,22.2856753859255
2013-06-12,49777,50380,48746,49180,7117693440,-0.0118346762040627,52114.666666666664,54132.57142857143,20.711398808447683
2013-06-13,49178,50444,48968,50414,6178802688,0.025091500610004,51771.11111111111,53930.09523809524,31.61133396997664
2013-06-14,50415,50655,49329,49332,6031820800,-0.0214622922204149,51258.666666666664,53663.23809523809,27.979323050267297
2013-06-17,49336,50123,49074,49088,4749173760,-0.0049460796237735,50711.0,53392.57142857143,27.219807583435525
2013-06-18,49088,49550,48414,49464,5052733952,0.0076597131681876,50340.555555555555,53121.142857142855,30.35712743664874
2013-06-19,49456,49698,47838,47893,6230768128,-0.0317604722626556,49786.0,52749.380952380954,25.425520315561286
2013-06-20,47884,48214,45929,48214,9441694720,0.0067024408577454,49407.77777777778,52366.0,27.999338211446926
2013-06-21,48209,48209,46917,47056,7515129856,-0.0240179201061931,48934.444444444445,51919.666666666664,24.688953440951607
2013-06-24,47038,47038,45405,45965,6723313152,-0.0231851411084664,48511.77777777778,51425.19047619047,22.044522230520897
2013-06-25,45966,47119,45966,46893,5166213632,0.0201892744479494,48257.666666666664,50972.19047619047,29.009762929709183
2013-06-26,46903,47725,46903,47171,5109566976,0.0059283901648434,47897.333333333336,50532.95238095238,30.99873216250559
2013-06-27,47171,48053,47134,47609,4786460160,0.0092853660087766,47705.88888888889,50131.666666666664,34.130074905274654
2013-06-28,47609,47638,47058,47457,6826795008,-0.0031926736541409,47524.666666666664,49789.90476190476,33.56087995856441
2013-07-01,47457,47674,46675,47229,4468393984,-0.0048043492003286,47276.333333333336,49491.0,32.68046391158221
2013-07-02,47221,47221,44818,45228,6961885184,-0.0423680365876897,46980.22222222222,49075.95238095238,26.187469012704213
2013-07-03,45227,45826,44552,45044,5923616256,-0.0040682762890245,46628.0,48648.666666666664,25.68217509670906
2013-07-04,45046,46097,45046,45763,3455128832,0.0159621703223515,46484.333333333336,48313.666666666664,31.263457248585425
2013-07-05,45756,45756,44107,45210,5905964032,-0.0120839979896423,46400.444444444445,47948.23809523809,29.432615651625014
2013-07-08,45211,45740,44838,45075,3809222400,-0.0029860650298606,46198.444444444445,47636.666666666664,28.98634275428273
2013-07-10,45081,45955,45081,45483,4016182784,0.0090515806988353,46010.88888888889,47358.90476190476,32.3260196505137
2013-07-11,45493,46719,45493,46626,5215001600,0.0251302684519489,45901.666666666664,47209.23809523809,40.73480117568928
2013-07-12,46624,46624,45528,45533,3917819136,-0.0234418564749281,45687.88888888889,47035.57142857143,36.11373328372527
2013-07-15,45533,46839,45533,46738,3957168896,0.0264643225792282,45633.333333333336,46860.52380952381,43.69705419087312
2013-07-16,46748,47329,46416,46869,3821639168,0.0028028584877402,45815.666666666664,46743.23809523809,44.468771318630466
2013-07-17,46869,47710,46869,47407,4797068800,0.0114788026200687,46078.22222222222,46663.19047619047,47.64271903966157
2013-07-18,47404,48056,47092,47656,4567098880,0.0052523888877169,46288.555555555555,46577.09523809524,49.09296623281386
2013-07-19,47650,47650,47163,47400,3328890368,-0.0053718314587879,46531.88888888889,46553.619047619046,47.63216680899699
2013-07-22,47407,48879,47407,48574,4413995008,0.0247679324894514,46920.666666666664,46570.76190476191,54.341855743939895
2013-07-23,48579,49379,48579,48819,4339529216,0.005043850619673,47291.333333333336,46654.71428571428,55.61979370031156
2013-07-24,48815,48887,47998,48374,4286181376,-0.0091153034679121,47485.555555555555,46769.42857142857,52.7327677351078
2013-07-25,48371,49122,48006,49066,4788366336,0.0143052052755612,47878.11111111111,46872.90476190476,56.51294431822925
2013-07-26,49068,49422,48632,49422,3883720960,0.0072555333632251,48176.333333333336,46980.09523809524,58.35801059368509
2013-07-29,49414,49461,48975,49212,3192476928,-0.004249119825179,48436.666666666664,47056.42857142857,56.82637345801354
2013-07-30,49220,49669,48560,48561,5075748864,-0.0132284808583272,48564.88888888889,47109.0,52.24838535069706
2013-07-31,48558,48823,48139,48234,4962139648,-0.0067337987273737,48629.11111111111,47156.857142857145,50.06654105373809
2013-08-01,48235,49281,48235,49140,5072446976,0.0187834307749719,48822.444444444445,47343.142857142855,55.59889307838168
2013-08-02,49140,49549,48448,48474,4218798592,-0.0135531135531135,48811.333333333336,47506.47619047619,51.11555061886053
2013-08-05,48477,48707,48263,48436,3283495424,-0.0007839254033089,48768.77777777778,47633.76190476191,50.86352985965366
2013-08-06,48436,48522,47224,47421,5221059072,-0.0209554876538111,48662.88888888889,47739.04761904762,44.545849532957575
2013-08-07,47421,47665,47164,47446,4269670400,0.0005271925939984,48482.88888888889,47851.95238095238,44.727951802632205
2013-08-08,47452,49230,47452,48928,5652643840,0.0312355098427685,48428.0,48016.0,54.307027260440606
2013-08-09,48948,50000,48835,49874,6324503552,0.0193345323741007,48501.555555555555,48170.666666666664,59.171232809817525
2013-08-12,49878,51380,49878,50299,7005163008,0.0085214741147692,48694.666666666664,48397.619047619046,61.171095244677
2013-08-13,50298,50733,50040,50600,5927902720,0.0059842143979005,48957.555555555555,48581.52380952381,62.56946536394538
2013-08-14,50593,51364,50414,50895,9826644992,0.0058300395256916,49152.555555555555,48773.23809523809,63.94013044776757
2013-08-15,50880,51452,50049,50908,8589142528,0.0002554278416346,49423.0,48939.95238095238,64.00268823928977
2013-08-16,50906,51554,50800,51538,6921172992,0.0123752651842539,49767.666666666664,49124.80952380953,66.99128773985281
2013-08-19,51540,52089,51115,51574,7039586304,0.0006985137180333,50229.11111111111,49323.57142857143,67.15907526272338
2013-08-20,51561,51561,50498,50507,5677196288,-0.0206887191220382,50569.22222222222,49415.619047619046,57.78380457833586
2013-08-21,50500,51170,50055,50405,6186677248,-0.0020195220464489,50733.333333333336,49491.142857142855,56.96513495848115
2013-08-22,50408,51458,50408,51397,6445004288,0.0196805872433289,50902.555555555555,49635.09523809524,62.52584861334266
2013-08-23,51400,52197,51166,52197,5825127936,0.0155651108041325,51113.444444444445,49784.19047619047,66.30691155413896
2013-08-26,52199,52398,51429,51429,3925630976,-0.0147134892809931,51205.555555555555,49879.76190476191,60.043590542158015
2013-08-27,51425,51425,50017,50091,5481279488,-0.0260164498629178,51116.22222222222,49921.619047619046,51.0043372387812
2013-08-28,50091,50591,49530,49866,4730086912,-0.0044918248787206,51000.444444444445,49983.76190476191,49.65069978037459
2013-08-29,49866,50557,49845,49921,4454494208,0.0011029559218707,50820.77777777778,50064.09523809524,50.000024965159156
2013-08-30,49932,50480,49648,50011,7439107072,0.0018028485006309,50647.11111111111,50105.57142857143,50.603963944725685
2013-09-02,50012,51976,50012,51835,4546607104,0.0364719761652436,50794.666666666664,50265.619047619046,60.909329484179324
2013-09-03,51833,52289,51422,51625,5547951104,-0.0040513166779203,50930.22222222222,50417.47619047619,59.37349966758513
2013-09-04,51621,51829,51107,51716,4786850816,0.0017627118644067,50965.666666666664,50622.0,59.845992207583265
2013-09-05,51715,52498,51255,52351,5839852544,0.0122785984994973,50982.77777777778,50855.57142857143,63.073318254266184
2013-09-06,52353,54124,52353,53749,6123717120,0.0267043609482149,51240.555555555555,51085.142857142855,68.98377464207839
2013-09-09,53751,54531,53257,54251,7063203328,0.0093397086457422,51702.77777777778,51293.57142857143,70.79165196653705
2013-09-10,54252,54739,53769,53979,6733202432,-0.0050137324657609,52159.77777777778,51468.80952380953,68.46309735640844
2013-09-11,53982,54303,53307,53570,6417594880,-0.0075770206932325,52565.22222222222,51610.23809523809,65.00081660936556
2013-09-12,53570,53838,52945,53307,5573628928,-0.00490946425238,52931.444444444445,51725.09523809524,62.801474928562605
2013-09-13,53311,53858,52917,53797,4589714432,0.0091920385690433,53149.444444444445,51862.666666666664,65.16629741565848
2013-09-16,53799,54462,53559,53821,4505842688,0.0004461215309403,53393.444444444445,51971.380952380954,65.28271495787425
2013-09-17,53823,54271,53576,54271,4779327488,0.0083610486613032,53677.333333333336,52099.80952380953,67.47748424902696
2013-09-18,54272,55827,53981,55702,7196865536,0.0263676733430378,54049.666666666664,52347.19047619047,73.26547025607012
2013-09-19,55702,55900,54965,55095,5854216192,-0.0108972747836701,54199.22222222222,52570.52380952381,67.75699717594695
2013-09-20,55095,55242,54018,54110,4805149696,-0.0178782103639169,54183.555555555555,52699.71428571428,59.88824769690485
2013-09-23,54110,54682,54026,54602,4136856320,0.0090925891702089,54252.77777777778,52814.23809523809,62.24666394048093
2013-09-24,54600,54818,54163,54431,4906437632,-0.0031317534156257,54348.444444444445,52957.19047619047,60.90628793464246
2013-09-25,54425,54611,53967,54261,4295056896,-0.0031232202237695,54454.444444444445,53155.76190476191,59.53379033939669
2013-09-26,54262,54344,53428,53782,3947248128,-0.008827703138534,54452.77777777778,53342.23809523809,55.72349134970064
2013-09-27,53780,54131,53611,53738,4919615488,-0.0008181175858094,54443.555555555555,53524.0,55.372905261444
2013-09-30,53736,53736,52290,52338,5872676864,-0.0260523279615914,54228.77777777778,53634.80952380953,45.552514724255865
2013-10-01,52337,53179,52093,53179,3984557824,0.0160686308227291,53948.444444444445,53698.80952380953,51.15642919979063
2013-10-02,53176,53473,52870,53100,3594319104,-0.0014855488068598,53726.77777777778,53769.04761904762,50.629282821707875
2013-10-03,53101,53429,52296,52489,4228368128,-0.0115065913370998,53546.666666666664,53805.857142857145,46.62734366603932
2013-10-04,52488,52871,52113,52848,3950652416,0.0068395282821163,53351.77777777778,53829.52380952381,49.16966030427794
2013-10-07,52841,52912,52273,52417,3733064192,-0.0081554647290341,53128.0,53766.09523809524,46.31719372288695
2013-10-08,52413,52555,51870,52312,4154139904,-0.0020031669114981,52911.444444444445,53673.76190476191,45.62280595514407
2013-10-09,52312,52835,51955,52547,4790979584,0.0044922771065911,52774.22222222222,53605.57142857143,47.51917864929244
2013-10-10,52550,53132,52511,52996,4879055872,0.0085447313833331,52691.77777777778,53578.23809523809,51.03295381439033
2013-10-11,52999,53301,52738,53149,4035826688,0.002887010340403,52781.88888888889,53570.71428571428,52.207216983573794
2013-10-14,53149,54196,52833,54170,4559662592,0.019210145063877,52892.0,53588.47619047619,59.23292475820956
2013-10-15,54175,55190,54053,54980,6353162240,0.0149529259737861,53100.88888888889,53643.666666666664,63.78174936104089
2013-10-16,54983,56747,54901,55973,6849110016,0.018061113132048,53488.0,53724.71428571428,68.43208638651858
2013-10-17,55965,56167,55145,55358,5679689728,-0.010987440373037,53766.88888888889,53708.333333333336,63.033970843221105
2013-10-18,55359,56052,55003,55378,5512567808,0.0003612847284946,54095.88888888889,53721.80952380953,63.13581277330002
2013-10-21,55380,56109,55256,56077,4643662336,0.0126223410018417,54514.22222222222,53815.47619047619,66.59928310250442
2013-10-22,56074,56720,55897,56460,4983892992,0.006829894609198,54949.0,53903.95238095238,68.35371235976757
2013-10-23,56458,56458,55379,55440,4115123712,-0.0180658873538788,55220.555555555555,53952.0,59.40448773367239
2013-10-24,55440,55864,54442,54877,4007510272,-0.0101551226551226,55412.555555555555,53981.333333333336,55.115177859925744
2013-10-25,54863,54910,54141,54154,4463574528,-0.013174918453997,55410.77777777778,53999.04761904762,50.11117720216989
2013-10-28,54156,55076,54070,55073,5574842880,0.0169701222439708,55421.11111111111,54062.619047619046,55.62605714100262
2013-10-29,55075,55266,54223,54538,4879592448,-0.0097143790968351,55261.666666666664,54167.380952380954,52.02082685459124
2013-10-30,54540,54764,53917,54172,5330478080,-0.0067109171586783,55129.88888888889,54214.666666666664,49.65007223950238
2013-10-31,54174,54466,53602,54256,6114213888,0.0015506165546776,55005.22222222222,54269.71428571428,50.210896183210515
2013-11-01,54255,54387,53752,54013,6054929408,-0.0044787673252727,54775.88888888889,54342.28571428572,48.52697190592665
2013-11-04,54014,54531,54008,54436,4559260672,0.0078314479847443,54551.0,54417.90476190476,51.57166089918182
2013-11-05,54435,54538,53730,53831,5394122752,-0.0111139686971857,54372.22222222222,54485.23809523809,47.265346300908895
2013-11-06,53839,53856,53073,53384,5957224960,-0.0083037654882873,54206.333333333336,54536.28571428572,44.32066857905116
2013-11-07,53390,53890,52558,52740,6983518720,-0.0120635396373445,54049.22222222222,54545.47619047619,40.414137622788544
2013-11-08,52738,52867,51735,52248,6889367552,-0.0093287827076222,53735.333333333336,54509.857142857145,37.681529186841225
2013-11-11,52246,52645,52072,52623,3713871360,0.0071773082223243,53522.555555555555,54484.80952380953,40.95835521488577
2013-11-12,52624,52811,51635,51804,5819403264,-0.0155635368565075,53259.444444444445,54372.142857142855,36.450431224785824
2013-11-13,51804,52271,51290,52230,6059050496,0.0082233032198286,53034.333333333336,54241.19047619047,40.14084481068006
2013-11-14,52232,53566,52232,53451,5582337024,0.0233773693279724,52971.88888888889,54121.09523809524,49.23953313502971
2013-11-18,53451,54317,53451,54307,5599270400,0.0160146676395203,52957.555555555555,54071.04761904762,54.46512123473821
2013-11-19,54303,54303,52831,53032,5518678016,-0.023477636400464,52868.77777777778,53959.333333333336,46.74588921071251
2013-11-21,53026,53026,52190,52688,5227259904,-0.0064866495700709,52791.444444444445,53797.95238095238,44.897020460100165
2013-11-22,52685,53221,52095,52800,4858208768,0.0021257212268448,52798.11111111111,53623.666666666664,45.65072421951575
2013-11-25,52807,52995,52115,52263,4323664384,-0.0101704545454545,52799.77777777778,53472.380952380954,42.63926973707239
2013-11-26,52258,52410,51433,51446,5862904320,-0.0156324742169412,52669.0,53309.0,38.480180952611214
2013-11-27,51447,52112,51447,51861,4727525888,0.0080667107258096,52675.333333333336,53199.80952380953,41.596473548123534
2013-11-28,51861,52458,51696,51846,3437426688,-0.0002892346850233,52632.666666666664,53046.142857142855,41.51461725711652
2013-11-29,51846,52482,51846,52482,4235782912,0.0122670987154265,52525.0,52948.23809523809,46.33658596242683
2013-12-02,52479,52479,51244,51244,6093381120,-0.0235890400518272,52184.666666666664,52808.80952380953,39.508274453060906
2013-12-03,51239,51257,50223,50348,5217935360,-0.0174849738505971,51886.444444444445,52622.71428571428,35.43794240288912
2013-12-04,50358,50744,50113,50215,5050887680,-0.0026416143640263,51611.666666666664,52441.857142857145,34.863767235547655
2013-12-05,50220,51123,50220,50787,5579527168,0.0113910186199341,51388.0,52268.09523809524,39.410528420059045
2013-12-06,50787,51364,50609,50944,4997288448,0.0030913422726288,51241.444444444445,52130.619047619046,40.63541326858472
2013-12-09,50942,51298,50832,51165,3219205888,0.0043380967336683,51210.22222222222,52024.95238095238,42.40061067764565
2013-12-10,51166,51334,50955,50993,3110825984,-0.003361673018665,51113.77777777778,51941.76190476191,41.36958877114999
2013-12-11,50990,51038,50067,50067,4181126656,-0.0181593552056165,50916.11111111111,51837.90476190476,36.25788712834282
2013-12-12,50076,50331,49842,50121,4655003136,0.0010785547366529,50653.77777777778,51718.76190476191,36.74870590121651
2013-12-13,50133,50518,50006,50051,4289861376,-0.0013966201791664,50521.22222222222,51635.28571428572,36.357880990281174
2013-12-16,50048,50611,50048,50279,4398082048,0.0045553535393898,50513.555555555555,51542.380952380954,38.64663981034571
2013-12-17,50279,50563,50049,50090,4029886208,-0.0037590246424948,50499.666666666664,51382.333333333336,37.44449974170175
2013-12-18,50110,50869,50110,50563,6000349696,0.0094430025953284,50474.77777777778,51204.04761904762,42.283209025120904
2013-12-19,50577,51633,50577,51633,4100808704,0.0211617190435693,50551.333333333336,51137.42857142857,51.43479873941712
2013-12-20,51619,51640,51024,51185,5350635520,-0.0086766215404876,50553.555555555555,51065.857142857145,48.00285357663935
2013-12-23,51187,51604,51187,51356,3227003904,0.0033408225065936,50593.88888888889,50997.09523809524,49.39093327822845
2013-12-26,51357,51609,51184,51221,2722369024,-0.0026287094010436,50722.11111111111,50947.47619047619,48.29481420684891
2013-12-27,51239,51395,51207,51266,3073985024,0.0008785459089044,50849.333333333336,50938.90476190476,48.70347397513064
2013-12-30,51274,51995,51274,51507,2982629120,0.0047009714040495,51011.11111111111,50922.04761904762,50.9398551097785
2014-01-02,51522,51656,50246,50341,4554028032,-0.0226376997301337,51018.0,50850.380952380954,41.510499468961
2014-01-03,50348,50981,50268,50981,0,0.0127132953258775,51117.0,50778.90476190476,47.27913313477854
2014-01-06,50980,51002,50451,50973,4928803328,-0.0001569212059394,51162.555555555555,50766.0,47.21644533428449
2014-01-07,50981,51477,50429,50430,5098543616,-0.0106526984874345,51028.88888888889,50769.90476190476,43.0446128709881
2014-01-08,50431,50792,50423,50576,4849550848,0.0028951021217529,50961.22222222222,50787.09523809524,44.46541886648287
2014-01-09,50575,50575,49258,49321,6025309184,-0.0248141410945903,50735.11111111111,50717.28571428572,36.12350956301813
2014-01-10,49321,50145,49267,49696,5456270848,0.0076032521643925,50565.666666666664,50657.857142857145,39.76014067805787
2014-01-13,49708,50003,49308,49426,4268748544,-0.0054330328396651,50361.22222222222,50575.04761904762,38.07915992057483
2014-01-14,49421,49833,49263,49703,4592588288,0.00560433779792,50160.77777777778,50513.619047619046,40.842445255938635
2014-01-15,49714,50229,49714,50105,4384361984,0.0080880429752732,50134.555555555555,50515.42857142857,44.69944283933106
2014-01-16,50106,50577,49628,49696,4724616704,-0.0081628579982038,49991.77777777778,50495.19047619047,41.719165353551226
2014-01-17,49696,49868,49174,49181,4206182144,-0.010363007083065,49792.666666666664,50453.76190476191,38.26002308435978
2014-01-20,49180,49292,48673,48708,2321950720,-0.0096175352270185,49601.333333333336,50378.95238095238,35.36010979039334
2014-01-21,48728,49123,48440,48542,4970891264,-0.0034080643836741,49375.333333333336,50305.23809523809,34.37537592861213
2014-01-22,48542,49487,48542,49299,5466826752,0.0155947426970457,49372.88888888889,50245.04761904762,42.270765135790356
2014-01-23,49293,49598,48320,48320,5864194560,-0.0198584149779914,49220.0,50087.28571428572,36.20426818043781
2014-01-24,48325,48327,47493,47787,5617301504,-0.0110306291390728,49037.88888888889,49925.47619047619,33.39431182931047
2014-01-27,47781,48146,47492,47701,4539008000,-0.0017996526251909,48815.444444444445,49751.42857142857,32.94993612827773
2014-01-28,47749,48487,47749,47840,4251482112,0.0029139850317603,48563.77777777778,49590.42857142857,34.4678026009165
2014-01-29,47839,47884,47153,47556,5273589248,-0.0059364548494983,48326.0,49413.76190476191,32.83239805763995
2014-01-30,47553,48034,47114,47244,4821860352,-0.0065606863487257,48110.77777777778,49210.76190476191,31.08731632445094
2014-01-31,47233,47652,46813,47638,5696139264,0.0083396833460334,47991.88888888889,49082.04761904762,35.73277924960665
2014-02-03,47622,47622,46109,46147,5685529600,-0.0312985431798144,47725.77777777778,48851.857142857145,28.031786463855113
2014-02-04,46147,47131,46145,46964,5633483264,0.0177042928034325,47466.333333333336,48660.95238095238,36.151815287024405
2014-02-05,46964,47148,46224,46624,5322875904,-0.0072395877693552,47277.88888888889,48479.71428571428,34.41175149419868
2014-02-06,46632,48033,46632,47738,5713645056,0.0238932738503774,47272.444444444445,48344.57142857143,43.93373909893831
2014-02-07,47739,48253,47556,48073,4978217984,0.007017470359043,47313.77777777778,48285.142857142855,46.45138207950357
2014-02-10,48070,48135,47464,47710,3821572608,-0.0075510161629188,47299.333333333336,48190.57142857143,44.13848415712713
2014-02-11,47715,48603,47588,48462,5238450176,0.0157618947809683,47400.0,48144.666666666664,49.72343462877784
2014-02-12,48467,48669,48044,48216,4356177408,-0.0050761421319797,47508.0,48073.857142857145,48.03168390099688
2014-02-13,48211,48211,47128,47812,4702521344,-0.0083789613406337,47527.333333333336,47964.666666666664,45.305488320688
2014-02-14,47815,48313,47756,48201,4726358016,0.0081360327951141,47755.555555555555,47893.47619047619,48.345599338781625
2014-02-17,48199,48297,47540,47576,2368602112,-0.0129665359639841,47823.555555555555,47817.04761904762,44.10391865044639
2014-02-18,47575,47712,46599,46599,5434698240,-0.0205355641499915,47820.77777777778,47716.619047619046,38.428092546277455
2014-02-19,46597,47155,46133,47150,5688945664,0.0118242880748513,47755.444444444445,47650.333333333336,42.89176538861134
2014-02-20,47126,47600,46634,47288,4625781760,0.0029268292682926,47668.22222222222,47554.57142857143,43.98700888736693
2014-02-21,47289,47815,47075,47380,4166225920,0.0019455252918287,47631.555555555555,47509.80952380953,44.74778188701301
2014-02-24,47375,47538,46991,47393,4330145792,0.0002743773744195,47512.77777777778,47491.04761904762,44.861743755638884
2014-02-25,47388,47388,46613,46715,4387437056,-0.0143059101555081,47346.0,47444.09523809524,40.204244688347906
2014-02-26,46717,47009,46402,46599,4825757184,-0.0024831424595954,47211.22222222222,47385.0,39.449617579568404
2014-02-27,46621,47781,46621,47606,4469608448,0.0216099057919698,47145.11111111111,47387.380952380954,48.48860834708117
2014-02-28,47613,47813,47043,47094,6684094976,-0.0107549468554384,47091.555555555555,47380.23809523809,44.824692071420564
2014-03-05,47092,47153,46472,46589,3394762240,-0.0107232343822992,47090.444444444445,47330.28571428572,41.49426450373605
2014-03-06,46591,47400,46501,47093,4779860992,0.0108180042499301,47084.11111111111,47375.333333333336,45.82078926655407
2014-03-07,47093,47218,46086,46244,5865040896,-0.0180281570509417,46968.11111111111,47341.04761904762,40.400864636348295
2014-03-10,46241,46241,45203,45533,5488550912,-0.0153749675633595,46762.88888888889,47289.09523809524,36.506412001226785
2014-03-11,45533,46049,45401,45697,4614852608,0.0036017833219863,46574.444444444445,47191.90476190476,37.99121193847478
2014-03-12,45686,45915,45507,45861,4674141184,0.0035888570365669,46479.555555555555,47086.57142857143,39.51447259867877
2014-03-13,45863,46176,45250,45443,4619717632,-0.0091144981574758,46351.11111111111,46978.619047619046,37.01840790935873
2014-03-14,45444,45561,44904,44965,4989399552,-0.0105186717426226,46057.666666666664,46812.09523809524,34.346517425340366
2014-03-17,44978,45498,44968,45117,4111965184,0.003380406983209,45838.0,46664.52380952381,35.93015203572112
2014-03-18,45115,46217,45074,46150,5136123392,0.022896025888246,45789.22222222222,46585.380952380954,45.54375769017708
2014-03-19,46152,46803,45909,46567,4842835456,0.0090357529794149,45730.77777777778,46507.57142857143,48.878459169743536
2014-03-20,46565,47484,46150,47278,6131323392,0.0152683230613954,45845.666666666664,46493.380952380954,54.04564623611489
2014-03-21,47272,47831,46720,47380,6529158144,0.0021574516688522,46050.88888888889,46530.57142857143,54.75222844616637
2014-03-24,47381,48141,47381,47993,4716950528,0.0129379485014773,46306.0,46570.71428571428,58.84745317902915
2014-03-25,47993,48440,47949,48180,4701513728,0.0038964015585605,46563.666666666664,46613.19047619047,60.03573164328647
2014-03-26,48181,48725,47963,47965,5087394304,-0.0044624325446243,46843.88888888889,46641.04761904762,57.963410876613466
2014-03-27,47964,49646,47962,49646,8863196160,0.0350463879912437,47364.0,46748.333333333336,67.42975239431763
2014-03-28,49653,50180,49606,49768,5878561280,0.0024573983805342,47880.77777777778,46893.71428571428,67.99309829108628
2014-03-31,49769,50417,49769,50414,5643785216,0.0129802282591222,48354.555555555555,47075.380952380954,70.8665467491144
2014-04-01,50412,50626,49773,50270,5297696768,-0.0028563494267465,48766.0,47202.23809523809,69.37149748937908
2014-04-02,50271,51794,50200,51701,7681790976,0.0284662820767853,49257.444444444445,47421.619047619046,75.01295112284411
2014-04-03,51711,51990,51059,51408,5775857152,-0.0056672017949362,49705.0,47651.09523809524,72.08526555444428
2014-04-04,51428,52288,51034,51081,6111806464,-0.006360877684407,50048.11111111111,47841.0,68.85535342205611
2014-04-07,51115,52228,51115,52155,6207597056,0.0210254301990955,50489.77777777778,48122.47619047619,73.11603212153507
2014-04-08,52173,53393,51377,51629,8679967744,-0.0100853225961077,50896.88888888889,48412.76190476191,68.19544535675841
2014-04-09,51628,51628,50652,51185,6047789568,-0.0085998179317825,51067.88888888889,48674.09523809524,64.26398550923169
2014-04-10,51185,51522,50732,51127,5267415040,-0.0011331444759207,51218.88888888889,48924.857142857145,63.74698870836387
2014-04-11,51127,51870,50517,51867,5389236224,0.0144737614176462,51380.333333333336,49230.76190476191,67.35542938481387
2014-04-14,51867,52110,51361,51596,4092782080,-0.0052249021535851,51527.666666666664,49546.52380952381,64.81124770901658
2014-04-15,51593,51593,49890,50454,5745326592,-0.022133498720831,51389.11111111111,49800.666666666664,55.327163281289586
2014-04-16,50469,51288,50469,51200,4981057024,0.0147857454314821,51366.0,50041.142857142855,59.49674388898519
2014-04-17,51200,52338,50886,52111,4750920704,0.01779296875,51480.444444444445,50305.142857142855,63.92487908106126
2014-04-22,52112,52460,51681,51976,5304837120,-0.0025906238606052,51460.555555555555,50528.857142857145,62.82868121530927
2014-04-23,51974,51974,51399,51569,4590770688,-0.007830537171002,51453.88888888889,50728.333333333336,59.515144020381875
2014-04-24,51569,51963,51237,51817,4812130816,0.0048090907328046,51524.11111111111,50910.42857142857,60.86937470176771
2014-04-25,51817,51817,51019,51399,4512032768,-0.0080668506474709,51554.333333333336,51063.71428571428,57.385129575688616
2014-04-28,51396,51471,50776,51395,4184457216,-7.782252573007575e-05,51501.88888888889,51227.04761904762,57.35129805605846
2014-04-29,51386,52415,51386,51838,5839652864,0.0086195155170736,51528.77777777778,51331.42857142857,60.15314620143728
2014-04-30,51837,51837,51250,51626,6266500096,-0.0040896639530846,51659.0,51419.90476190476,58.18320512644839
2014-05-02,51630,53060,51628,52980,8800176128,0.0262270948746754,51856.77777777778,51542.09523809524,65.87077103550183
2014-05-05,52988,53505,52931,53446,5492458496,0.00879577198943,52005.11111111111,51693.333333333336,68.04792485797077
2014-05-06,53446,53985,53093,53779,7196058112,0.006230587883097,52205.444444444445,51792.28571428572,69.54309759406391
2014-05-07,53786,54225,53498,54052,6941332992,0.0050763309098347,52481.333333333336,51918.19047619047,70.75146637089688
2014-05-08,54052,54249,53222,53422,5346260480,-0.0116554429068304,52659.666666666664,52029.666666666664,64.40148793444871
2014-05-09,53422,53639,53056,53100,4215319808,-0.0060274793156377,52848.666666666664,52074.666666666664,61.36975327931204
2014-05-12,53102,54053,53102,54052,4001166848,0.0179284369114878,53143.88888888889,52190.04761904762,66.40515060822658
2014-05-13,54056,54242,53730,53907,4413753344,-0.0026826019388737,53373.77777777778,52319.666666666664,65.01508237808224
2014-05-14,53913,54459,53866,54412,4544092160,0.0093679856048378,53683.333333333336,52476.09523809524,67.56189985358107
2014-05-15,54403,54403,53565,53855,4106568960,-0.0102367124898918,53780.555555555555,52570.76190476191,62.18478169356967
2014-05-16,53855,54382,53708,53975,4811226624,0.0022282053662612,53839.333333333336,52684.04761904762,62.870394305561724
2014-05-19,53975,53991,53266,53353,4639955968,-0.0115238536359425,53792.0,52822.09523809524,57.09231303092538
2014-05-20,53352,53842,52312,52366,6312159232,-0.0184994283358012,53604.666666666664,52877.619047619046,49.34282635652133
2014-05-21,52366,52875,52203,52203,5331211776,-0.0031127067180994,53469.22222222222,52882.0,48.1797323555678
2014-05-22,52205,52850,52132,52806,4666876416,0.0115510602838917,53436.555555555555,52921.52380952381,52.62833704414205
2014-05-23,52807,52935,52403,52626,4005894912,-0.003408703556414,53278.11111111111,52971.857142857145,51.21495099166033
2014-05-26,52649,53044,52649,52932,1670842112,0.0058146163493331,53169.77777777778,53024.95238095238,53.5011647454876
2014-05-27,52931,53309,52079,52173,4433187840,-0.0143391521197007,52921.0,53061.80952380953,47.54898093922761
2014-05-28,52173,52858,52009,52639,4590235648,0.0089318229735686,52785.88888888889,53121.04761904762,51.142910130438736
2014-05-29,52649,52889,52031,52239,3605908224,-0.0075989285510742,52593.0,53140.142857142855,48.096503650163726
2014-05-30,52233,52233,51239,51239,6970213376,-0.0191427860410804,52358.11111111111,53121.71428571428,41.44922979925847
2014-06-02,51239,51878,51239,51605,3951509248,0.0071429965456,52273.555555555555,53056.23809523809,44.47399891655509
2014-06-03,51605,52032,51377,52032,3942888704,0.0082743920162775,52254.555555555555,52988.90476190476,47.85835330615174
2014-06-04,52032,52032,51608,51832,3677673216,-0.0038437884378843,52146.333333333336,52896.19047619047,46.43086354704405
2014-06-05,51832,52245,51469,51558,4181246976,-0.0052863096156814,52027.666666666664,52777.42857142857,44.47371448527411
2014-06-06,51561,53174,51561,53128,6866819072,0.0304511424027309,52049.444444444445,52763.42857142857,55.93523789443605
2014-06-09,53128,54462,53091,54273,6013553152,0.021551724137931,52282.77777777778,52819.28571428572,62.0824050709022
2014-06-10,54273,54604,53959,54604,5696369152,0.0060987968234664,52501.11111111111,52845.57142857143,63.660627491269125
2014-06-11,54676,55283,54676,55102,6135761920,0.009120210973555,52819.22222222222,52902.47619047619,65.95649947489204
2014-06-13,55102,55104,54648,54806,4692238848,-0.0053718558310043,53215.555555555555,52921.23809523809,63.39285607594262
2014-06-16,54806,54854,54474,54629,4300940800,-0.0032295734043717,53551.555555555555,52958.09523809524,61.844859962526726
2014-06-17,54629,54638,54150,54299,2649104640,-0.0060407475882773,53803.444444444445,52973.52380952381,58.95437354486469
2014-06-18,54300,55202,54046,55202,5826374144,0.0166301405182416,54177.88888888889,53061.57142857143,63.923199965728855
2014-06-20,55191,55191,54540,54638,3827341056,-0.010217021122423,54520.11111111111,53169.76190476191,59.11010218947467
2014-06-23,54636,54724,54097,54210,2672678912,-0.0078333760386544,54640.333333333336,53265.333333333336,55.683660821617
2014-06-24,54194,55002,54093,54280,5180241920,0.0012912746725697,54641.11111111111,53335.52380952381,56.131552316683084
2014-06-25,54280,54392,53362,53425,5195395072,-0.0157516580692704,54510.11111111111,53373.57142857143,49.544954710146236
2014-06-26,53426,53790,53331,53506,3903790080,0.0015161441272812,54332.77777777778,53400.90476190476,50.141844125699386
2014-06-27,53506,53614,52918,53157,3308583936,-0.006522632975741,54149.555555555555,53447.76190476191,47.53264997628697
2014-06-30,53158,53311,52709,53168,3823384576,0.0002069341761197,53987.22222222222,53472.95238095238,47.62515828873748
2014-07-01,53170,53697,52886,53171,3428029952,5.6424917243447226e-05,53861.88888888889,53517.333333333336,47.65226661871753
2014-07-02,53170,53244,52734,53028,4641778688,-0.0026894359707358,53620.333333333336,53602.52380952381,46.41894934972261
2014-07-03,53028,53877,52759,53874,4269518080,0.0159538357094364,53535.444444444445,53710.57142857143,54.003577791014095
2014-07-04,53892,54086,53703,54055,901283904,0.0033596911311579,53518.22222222222,53806.90476190476,55.456363793718666
2014-07-07,54041,54041,53376,53801,3150848768,-0.004698917768939,53465.0,53900.666666666664,52.92986993454548
2014-07-08,53813,53905,53459,53634,2447289344,-0.0031040315235776,53488.22222222222,53999.52380952381,51.27582629904791
2014-07-10,53642,54599,53642,54592,6505031680,0.0178618040795017,53608.88888888889,54069.23809523809,59.16014313519451
2014-07-11,54592,54952,54319,54785,3942636032,0.0035353165298945,53789.77777777778,54093.619047619046,60.54528723024598
2014-07-14,54785,55896,54785,55743,7481479168,0.0174865382860271,54075.88888888889,54147.857142857145,66.60066741697332
2014-07-15,55742,56106,55629,55973,4861583872,0.0041260786107673,54387.22222222222,54189.333333333336,67.8754230983277
2014-07-16,55973,56331,55573,55717,5558776832,-0.004573633716256,54686.0,54232.71428571428,64.90600821569652
2014-07-17,55711,56190,55237,55637,6064326656,-0.0014358274853276,54881.88888888889,54280.71428571428,63.964269381244016
2014-07-18,55638,57483,55638,57012,8705968128,0.0247137696137462,55210.444444444445,54409.90476190476,71.59322246453047
2014-07-21,57013,57756,56864,57633,5455804416,0.010892443696064,55636.22222222222,54525.666666666664,74.24516422729907
2014-07-22,57635,58138,57500,57983,5432018432,0.0060729096177536,56119.444444444445,54684.95238095238,75.62626456900692
2014-07-23,57982,57982,57141,57419,5032400896,-0.0097269889450356,56433.555555555555,54837.76190476191,69.18767247931342
2014-07-24,57420,58122,57357,57977,5289149952,0.0097180375833783,56788.22222222222,55013.80952380953,71.75022639716559
2014-07-25,57977,58069,57648,57821,3893332736,-0.0026907221829346,57019.11111111111,55223.142857142855,69.99753153289913
2014-07-28,57823,58040,57414,57695,4129307392,-0.0021791390671209,57210.444444444445,55422.619047619046,68.54118319117528
2014-07-29,57697,58013,57082,57118,4415172096,-0.0100008666262241,57366.11111111111,55611.23809523809,62.16290051563413
2014-07-30,57118,57439,56705,56877,4261815040,-0.0042193354109036,57503.88888888889,55787.857142857145,59.66542733235619
2014-07-31,56877,56877,55502,55829,6011123200,-0.0184257256887669,57372.444444444445,55914.42857142857,50.217188167302986
2014-08-01,55827,56058,55266,55902,5029345280,0.0013075641691593,57180.11111111111,56051.28571428572,50.8016084607186
2014-08-04,55906,56620,55585,56616,3958040320,0.0127723516153268,57028.22222222222,56181.857142857145,56.21568576206932
2014-08-05,56621,56937,56063,56202,5459123200,-0.0073124205171682,56893.0,56284.09523809524,52.60112606371264
2014-08-06,56201,56797,55695,56487,5919385088,0.0050709939148072,56727.444444444445,56412.0,54.75773514282994
2014-08-07,56487,56922,55985,56188,4908205056,-0.005293253314922,56546.0,56533.619047619046,52.08048214895306
2014-08-08,56186,56186,55319,55572,4990268928,-0.0109631949882537,56310.11111111111,56580.28571428572,46.9838134192568
2014-08-11,55578,56657,55578,56613,4481700352,0.0187324551932628,56254.0,56667.333333333336,54.99860271955157
2014-08-12,56613,56811,56312,56442,3678177536,-0.0030205076572518,56205.666666666664,56700.619047619046,53.566073462231856
2014-08-13,56454,56736,55238,55581,8520971776,-0.0152545976400553,56178.11111111111,56681.95238095238,46.936918878385846
2014-08-14,55557,55946,55436,55780,5462166528,0.0035803601950306,56164.555555555555,56684.95238095238,48.52261307025419
2014-08-15,55783,56965,55783,56963,5605144064,0.0212083183936895,56203.11111111111,56748.09523809524,56.78935008154941
2014-08-18,56968,57664,56968,57560,5348529152,0.0104804873338832,56354.0,56774.19047619047,60.257861516082066
2014-08-19,57561,58474,57370,58449,5532663296,0.0154447533009034,56572.0,56813.04761904762,64.79025239819362
2014-08-20,58449,59010,58320,58878,5953816064,0.0073397320741159,56870.88888888889,56855.666666666664,66.76028593179309
2014-08-21,58878,59207,58558,58992,5132131840,0.001936207072251,57250.88888888889,56930.57142857143,67.28412927898137
2014-08-22,58991,58991,58164,58407,4025217536,-0.0099165988608624,57450.22222222222,56951.04761904762,61.8936663803413
2014-08-25,58407,59742,58407,59735,5033641472,0.0227370007019707,57816.11111111111,57042.19047619047,68.13472170786497
2014-08-26,59735,60092,59522,59821,6061226496,0.0014396919728802,58287.22222222222,57143.42857142857,68.49457974272741
2014-08-27,59821,61246,59821,60950,8719804416,0.0188729710302402,58861.666666666664,57325.90476190476,72.83217076317116
2014-08-28,60945,60980,60188,60290,7783850496,-0.0108285479901558,59231.333333333336,57488.42857142857,67.02290495530502
2014-08-29,60291,61442,60272,61288,8882565120,0.0165533255929672,59645.555555555555,57748.380952380954,70.81383922051397
2014-09-01,61294,62279,61141,61141,5169042944,-0.0023985119436105,59944.666666666664,57997.857142857145,69.54567509929987
2014-09-02,61141,62231,60930,61895,7564412416,0.0123321502755924,60279.88888888889,58249.23809523809,72.2871094051395
2014-09-03,61899,62304,61198,61837,7954604032,-0.0009370708457872,60596.0,58517.57142857143,71.75204693196685
2014-09-04,61836,61836,60739,60800,7349809152,-0.0167698950466549,60861.88888888889,58722.95238095238,62.801508605646
2014-09-05,60800,61029,60243,60681,7760772096,-0.0019572368421052,60967.0,58936.90476190476,61.84806747318982
2014-09-08,60708,61512,59191,59192,7957193728,-0.0245381585669319,60897.11111111111,59109.28571428572,51.34423242548201
2014-09-09,59157,59484,57310,57310,7590801920,-0.031794837140154,60492.666666666664,59142.47619047619,41.70361108007519
2014-09-10,58674,58674,57449,58198,6505768448,0.0154946780666549,60260.22222222222,59226.09523809524,46.781188577619936
2014-09-11,58202,58808,58112,58337,4996685312,0.0023883982267431,59932.333333333336,59357.333333333336,47.551269571316894
2014-09-12,58336,58336,56666,56927,8694112256,-0.0241699093199856,59464.11111111111,59411.95238095238,41.060651358566766
2014-09-15,56929,57948,56851,57948,5341476352,0.0179352504084178,59025.555555555555,59458.857142857145,46.73076449206142
2014-09-16,57948,60242,57946,59114,8541175808,0.0201214882308276,58723.0,59532.857142857145,52.36656700903748
2014-09-17,59115,60024,59095,59108,6166637568,-0.0001014987989308,58535.0,59564.23809523809,52.33588270767914
2014-09-18,59107,59266,58118,58374,6749798912,-0.0124179468092305,58278.666666666664,59540.23809523809,48.58531787611471
2014-09-19,58355,58516,57513,57788,6256784384,-0.0100387158666529,58122.666666666664,59482.90476190476,45.76549684956989
2014-09-22,57787,57787,55974,56818,6539565568,-0.016785491797605,58068.0,59407.23809523809,41.47451557009485
2014-09-23,56818,57332,56086,56540,5801430016,-0.00489281565701,57883.77777777778,59255.09523809524,40.308060317756
2014-09-24,56538,57130,55933,56824,5033179136,0.0050229925716307,57715.666666666664,59112.380952380954,42.099600481358834
2014-09-25,56821,56821,55875,55962,5081777152,-0.0151696466281853,57608.444444444445,58874.857142857145,38.338463347969736
2014-09-26,55965,57488,55946,57212,5206487040,0.022336585540188,57526.666666666664,58728.28571428572,45.88802917481405
2014-09-29,57210,57210,54124,54625,8414084608,-0.0452177864783611,57027.88888888889,58411.0,36.05042897757119
2014-09-30,54625,54625,53536,54115,8645017600,-0.0093363844393592,56473.11111111111,58076.42857142857,34.48104707863598
2014-10-01,54115,54115,52646,52858,8080640512,-0.0232283100803843,55860.22222222222,57646.09523809524,30.90947354989777
2014-10-02,52858,54022,52480,53518,6499467776,0.0124862840062052,55385.77777777778,57249.95238095238,34.732185396563054
2014-10-03,53518,54539,53367,54539,5568937984,0.0190776934863037,55132.555555555555,56951.80952380953,40.24059022029726
2014-10-06,54542,58897,54542,57115,12712631296,0.0472322558169382,55196.444444444445,56782.0,51.38802300506275
2014-10-07,57124,58317,57124,57436,9434465280,0.0056202398669351,55264.444444444445,56698.380952380954,52.57520654912822
2014-10-08,57440,58190,56198,57058,8503867392,-0.0065812382477888,55386.22222222222,56686.380952380954,50.99584758533953
2014-10-09,57079,58246,57076,57267,7549693952,0.0036629394651057,55392.333333333336,56642.04761904762,51.856984722896456
2014-10-10,57266,57266,55311,55311,6135527424,-0.0341557965320341,55468.555555555555,56497.95238095238,44.05443842386504
2014-10-13,55312,58747,55312,57956,8610265088,0.0478205058668257,55895.333333333336,56546.95238095238,54.109664429901784
2014-10-14,57945,58856,57258,58015,7669517312,0.0010180136655393,56468.333333333336,56550.142857142855,54.30694640160372
2014-10-15,58012,58012,54919,56135,10339033088,-0.0324054123933466,56759.11111111111,56408.28571428572,47.325409080214115
2014-10-16,56123,56123,54132,54298,9227008000,-0.0327246815712122,56732.333333333336,56179.23809523809,41.68613387227189
2014-10-17,54298,55948,54298,55723,7553018368,0.0262440605547165,56577.666666666664,56053.0,46.96545579254394
2014-10-20,55720,55720,54299,54302,6063417856,-0.02550113956535,56229.444444444445,55887.0,42.80391898758423
2014-10-21,54300,54300,51922,52432,10344262656,-0.0344370373098597,55715.444444444445,55678.142857142855,38.02844994359368
2014-10-22,52427,53229,52064,52411,5781622272,-0.000400518767165,55175.88888888889,55481.52380952381,37.977208905930446
2014-10-23,52409,52409,50653,50713,9933707264,-0.0323977790921753,54665.0,55190.52380952381,33.98922309400959
2014-10-24,50687,53145,50595,51940,8983403520,0.0241949795910318,53996.555555555555,54999.0,38.97603028443403
2014-10-27,51937,51937,48722,50503,16210030592,-0.0276665383134385,53161.88888888889,54679.52380952381,35.58542824971987
2014-10-28,50503,52374,50502,52330,8181038080,0.0361760687483911,52739.11111111111,54570.23809523809,42.441214920525894
2014-10-29,52330,52330,51049,51049,7231187968,-0.024479266195299,52378.11111111111,54424.23809523809,39.28413462282882
2014-10-30,51049,52574,51049,52336,6955363840,0.0252110717154105,52001.77777777778,54399.380952380954,43.80681184440204
2014-10-31,52338,54628,52334,54628,7066637312,0.0437939468052583,52038.0,54452.23809523809,50.83113293730883
2014-11-03,54628,54628,53053,53947,5137811456,-0.0124661345829977,52206.333333333336,54424.04761904762,48.87618513521637
2014-11-04,53947,54383,53431,54383,5475520512,0.0080820064137023,52425.444444444445,54293.95238095238,50.19683111692128
2014-11-05,54383,54383,53588,53698,4749489152,-0.0125958479671955,52757.11111111111,54115.95238095238,48.09474941077943
2014-11-06,53696,53696,52417,52637,5410635264,-0.0197586502290587,52834.555555555555,53905.42857142857,44.95455531211672
2014-11-07,52637,53483,52197,53222,5429712896,0.0111138552729068,53136.666666666664,53712.80952380953,47.00896199477695
2014-11-10,53222,53829,52716,52725,3947467776,-0.0093382435834805,53180.555555555555,53589.666666666664,45.45675833824373
2014-11-11,52718,52718,52003,52474,3822498816,-0.0047605500237078,53338.88888888889,53328.619047619046,44.65482467368123
2014-11-12,52473,53435,52187,52978,4742336000,0.0096047566413843,53410.22222222222,53088.76190476191,46.68859366379244
2014-11-13,52978,53322,51846,51846,4080261376,-0.0213673600362415,53101.11111111111,52884.52380952381,42.877481781965436
2014-11-14,51833,51899,50885,51772,5382247936,-0.0014273039385873,52859.444444444445,52764.23809523809,42.63248996383008
2014-11-17,51772,52222,51047,51256,4096216576,-0.0099667774086378,52512.0,52551.52380952381,40.87852779612538
2014-11-18,51257,52122,51067,52061,5418132480,0.0157054783830186,52330.11111111111,52444.80952380953,44.700862741588246
2014-11-19,52061,53402,52031,53402,6639033856,0.025758245135514,52415.11111111111,52491.0,50.44812688515831
2014-11-21,53403,56214,53403,56084,10564507648,0.0502228380959515,52733.11111111111,52665.90476190476,59.51148822365752
2014-11-24,56085,57359,55292,55406,7142049280,-0.0120890093431281,53031.0,52889.380952380954,56.68868128078053
2014-11-25,55410,56386,55204,55560,7307573760,0.0027794823665308,53373.88888888889,53061.76190476191,57.18544233247868
2014-11-26,55561,56099,54977,55098,4844056064,-0.0083153347732181,53609.444444444445,53280.57142857143,55.14212614174706
2014-11-27,55099,56065,54592,54721,3797818880,-0.0068423536244509,53928.88888888889,53394.42857142857,53.463359260654144
2014-11-28,54731,55436,54664,54724,4301336576,5.482355951103024e-05,54256.88888888889,53569.42857142857,53.4754974305444
2014-12-01,54719,54719,52156,52276,6362278912,-0.0447335721073021,54370.22222222222,53566.57142857143,43.50396577995655
2014-12-02,52277,52639,51471,51612,5049468416,-0.0127018134516795,54320.333333333336,53422.95238095238,41.256756742919606
2014-12-03,51610,52470,51610,52320,4053095168,0.0137177400604511,54200.11111111111,53345.47619047619,44.54600980060444
2014-12-04,52320,52539,51073,51426,4386458624,-0.0170871559633027,53682.555555555555,53204.666666666664,41.394147377295006
2014-12-05,51427,52023,51163,51992,3741972224,0.0110061058608486,53303.22222222222,53123.42857142857,44.09127577870826
2014-12-08,51992,51992,50015,50274,4232927744,-0.033043545160794,52715.88888888889,53010.90476190476,38.32570627153446
2014-12-09,50250,50260,49395,50193,5389075456,-0.0016111707841031,52170.88888888889,52866.666666666664,38.07292069873758
2014-12-10,50192,50192,49297,49548,4178220032,-0.012850397465782,51596.11111111111,52715.380952380954,36.03473909184883
2014-12-11,49548,49946,48808,49861,5021006848,0.0063171066440623,51055.77777777778,52590.95238095238,37.77557127974154
2014-12-12,49861,49861,47973,48001,5189577728,-0.0373037042979482,50580.77777777778,52353.95238095238,32.172228761059486
2014-12-15,48002,48401,46409,47018,6161763328,-0.0204787400262494,50070.333333333336,52124.04761904762,29.66759766908666
2014-12-16,47016,47594,45852,47007,7171546624,-0.0002339529541877,49480.0,51897.142857142855,29.639790191538836
2014-12-17,47008,49257,47008,48713,8376536576,0.0362924670793711,49178.555555555555,51776.04761904762,39.16365749595411
2014-12-18,48714,49564,48295,48495,5033665536,-0.0044751914273397,48790.0,51606.23809523809,38.44748717253174
2014-12-19,48491,49657,48435,49650,4798051840,0.0238168883390039,48720.666666666664,51427.57142857143,44.2629857214634
2014-12-22,49650,50120,49104,50120,3674522880,0.0094662638469285,48712.555555555555,51143.57142857143,46.478967595565294
2014-12-23,50120,50889,49814,50889,3617041408,0.015343176376696,48861.555555555555,50928.47619047619,49.9828883617416
2014-12-26,50890,50973,49913,50144,2111155840,-0.0146397060268427,48893.0,50670.57142857143,46.78715147160501
2014-12-29,50145,50902,50008,50593,2732982528,0.0089542118698149,49181.0,50456.04761904762,48.9073796172739
2014-12-30,50601,50841,49992,50007,4482269696,-0.0115826300081038,49513.11111111111,50231.57142857143,46.31372717346953
2015-01-02,50004,50004,48345,48512,4488553472,-0.0298958145859579,49680.333333333336,49935.76190476191,40.42388456476506
2015-01-05,48512,48512,47263,47516,5445966848,-0.0205310026385224,49547.333333333336,49709.09523809524,37.04390875928038
2015-01-06,47517,48061,47337,48000,6550189568,0.0101860425961781,49492.333333333336,49537.09523809524,39.683183868418716
2015-01-07,48006,49882,48006,49462,6373799936,0.0304583333333332,49471.444444444445,49401.0,46.92171552327187
2015-01-08,49463,50260,49017,49943,5008797184,0.0097246370951438,49451.77777777778,49330.380952380954,49.08656093557314
2015-01-09,49954,49954,48500,48840,4344860160,-0.0220851771018961,49224.11111111111,49180.28571428572,44.594868422693374
2015-01-12,48839,48839,47955,48139,4656065536,-0.0143529893529893,49001.333333333336,49078.619047619046,41.966550626502574
2015-01-13,48144,48939,48041,48041,5655076352,-0.0020357714119528,48717.77777777778,48976.142857142855,41.59744355052652
2015-01-14,48037,48280,47372,47645,5442282496,-0.0082429591390686,48455.333333333336,48885.52380952381,40.064036033904735
2015-01-15,47647,48853,47647,48026,5970369024,0.0079966418302024,48401.333333333336,48798.142857142855,42.26906359288007
2015-01-16,48028,49263,48028,49016,5239475200,0.020613834173156,48568.0,48846.47619047619,47.65764769770955
2015-01-19,49009,49009,47502,47758,3100382464,-0.0256650889505467,48541.11111111111,48881.71428571428,42.25976688722319
2015-01-20,47758,48687,47619,47876,4448416768,0.0024707902340967,48364.88888888889,48923.09523809524,42.912919355189146
2015-01-21,47887,49328,47887,49224,5356427264,0.028156069847105,48285.0,48947.42857142857,49.8868878612567
2015-01-22,49227,50281,49227,49442,6878306304,0.0044287339509183,48351.88888888889,48992.52380952381,50.93089052919439
2015-01-23,49432,49523,48496,48775,4489081344,-0.0134905545892156,48422.555555555555,48950.857142857145,47.65934952077497
2015-01-26,48711,48711,48004,48576,3964884992,-0.0040799589953869,48482.0,48877.333333333336,46.695611285422416
2015-01-27,48576,48864,47351,48591,4867852800,0.000308794466403,48587.11111111111,48767.90476190476,46.782965630874244
2015-01-28,48589,48589,47550,47694,5083812864,-0.0184602086806198,48550.22222222222,48651.23809523809,42.316935735703275
2015-01-29,47696,47893,47006,47762,5847228928,0.0014257558602759,48410.88888888889,48516.42857142857,42.76301473825292
2015-01-30,47759,47759,46484,46907,6686722048,-0.0179012604162305,48316.333333333336,48368.80952380953,38.70957478377755
2015-02-02,46933,47683,46760,47650,4508915712,0.0158398533267956,48291.22222222222,48327.76190476191,43.703522943754606
2015-02-03,47664,48992,47664,48963,6190830592,0.027555089192025,48262.22222222222,48396.666666666664,51.26117729561659
2015-02-04,48964,49718,48213,49301,6868012032,0.0069031717827747,48246.555555555555,48458.619047619046,53.01000825787534
2015-02-05,49299,49816,49019,49233,5905909248,-0.0013792823674976,48297.444444444445,48447.71428571428,52.601082584572296
2015-02-06,49231,49231,48209,48792,6328327680,-0.0089574066175126,48321.444444444445,48392.90476190476,49.91199002237372
2015-02-09,48791,49522,48415,49382,5090627072,0.0120921462534842,48409.333333333336,48418.71428571428,53.3481844146364
2015-02-10,49359,49798,48510,48510,5247002112,-0.0176582560447126,48500.0,48436.380952380954,48.09641324750841
2015-02-11,48508,48762,47841,48239,5741305344,-0.0055864770150484,48553.0,48445.80952380953,46.56229779590502
2015-02-12,48240,49689,48240,49532,5335438848,0.0268040382263314,48844.666666666664,48535.666666666664,54.08708373680571
2015-02-13,49545,50726,49475,50635,5489924608,0.0222684325284665,49176.333333333336,48659.90476190476,59.34616161288458
2015-02-18,50639,51867,50639,51280,4836476928,0.0127382245482374,49433.77777777778,48767.71428571428,62.08140422976341
2015-02-19,51280,51638,50869,51294,3797790464,0.0002730109204367,49655.22222222222,48936.09523809524,62.140945359086615
2015-02-20,51301,51450,50711,51237,3101773056,-0.0011112410808281,49877.88888888889,49096.142857142855,61.71603789294387
2015-02-23,51237,51689,50861,51280,4378509824,0.0008392372699417,50154.333333333336,49194.04761904762,61.9275356559233
2015-02-24,51288,51956,51049,51874,4562310656,0.0115834633385334,50431.22222222222,49309.857142857145,64.81888872049863
2015-02-25,51862,51862,51050,51811,4969014784,-0.0012144812430119,50798.0,49454.42857142857,64.2614725043222
2015-02-26,51812,51922,51181,51760,4860825600,-0.0009843469533497,51189.22222222222,49606.04761904762,63.78328392090204
2015-02-27,51760,52457,51474,51583,6683581440,-0.003419629057187,51417.11111111111,49748.52380952381,62.05732925201118
2015-03-02,51579,51579,50774,51020,4281511936,-0.0109144485586336,51459.88888888889,49906.90476190476,56.79306558566257
2015-03-03,51020,51432,50995,51304,4410079744,0.0055664445315561,51462.555555555555,50075.57142857143,58.69645021974491
2015-03-04,51303,51303,50399,50468,5461193728,-0.016295025728988,51370.77777777778,50245.142857142855,51.503857286369815
2015-03-05,50472,50734,50114,50365,4239521280,-0.0020408972021874,51273.88888888889,50374.42857142857,50.67986205288159
2015-03-06,50355,50400,49779,49981,4431587840,-0.0076243423012012,51129.555555555555,50422.90476190476,47.62098513740965
2015-03-09,49978,49978,48951,49181,5240539136,-0.0160060823112783,50830.333333333336,50417.19047619047,41.941442237066745
2015-03-10,49177,49177,48292,48293,6883464192,-0.018055753238039,50439.444444444445,50372.42857142857,36.708042619597826
2015-03-11,48308,48936,48308,48905,5808527360,0.0126726440684985,50122.22222222222,50377.80952380953,42.07275622921825
2015-03-12,48907,49632,48684,48880,5614753792,-0.0005111951743175,49821.88888888889,50353.90476190476,41.91645735289691
2015-03-13,48858,48858,47904,48595,6272935936,-0.005830605564648,49552.444444444445,50357.95238095238,40.08810476364203
2015-03-16,48601,49205,48393,48848,4672544768,0.0052062969441299,49279.555555555555,50386.95238095238,42.486419260210226
2015-03-17,48849,50384,48840,50285,6035508224,0.0294177857844741,49259.22222222222,50422.80952380953,53.799077183426775
2015-03-18,50283,51772,49787,51526,6813679104,0.0246793278313612,49388.22222222222,50465.23809523809,60.94377977552261
2015-03-19,51530,51547,50790,50953,4644307456,-0.0111205993090867,49496.22222222222,50449.666666666664,56.592100844846584
2015-03-20,50964,52285,50964,51966,7185878528,0.0198810668655426,49805.666666666664,50481.666666666664,61.78701031082731
2015-03-23,51969,52177,51515,51908,4543956480,-0.0011161143824808,50207.333333333336,50513.619047619046,61.334408146634935
2015-03-24,51907,52222,51006,51506,4413496832,-0.007744470987131,50496.333333333336,50524.380952380954,58.15470175087403
2015-03-25,51507,52318,51507,51858,6219124224,0.0068341552440491,50827.22222222222,50523.619047619046,60.105006738436394
2015-03-26,51835,51835,50528,50579,5449245184,-0.0246635041845038,51047.666666666664,50464.95238095238,50.83407553963338
2015-03-27,50574,50574,49908,50094,5420269056,-0.0095889598449949,51186.11111111111,50385.619047619046,47.82180124622787
2015-03-30,50099,51264,50099,51243,4363961856,0.0229368786681039,51292.555555555555,50369.42857142857,54.674274147313604
2015-03-31,51242,51465,50612,51150,5483875328,-0.0018148820326678,51250.77777777778,50375.619047619046,54.055480876212656
2015-04-01,51186,52613,51186,52321,6553450496,0.0228934506353861,51402.77777777778,50424.04761904762,60.16840351784042
2015-04-02,52321,53311,52321,53123,6457903616,0.0153284532023469,51531.333333333336,50550.47619047619,63.72791103230046
2015-04-06,53123,54146,53122,53737,4967769088,0.0115580821866234,51734.555555555555,50711.04761904762,66.2169929537814
2015-04-07,53737,54002,53436,53729,5173415424,-0.0001488732158475,51981.555555555555,50889.52380952381,66.15329515811126
2015-04-08,53731,54458,53507,53661,6623404544,-0.0012656107502465,52181.88888888889,51102.857142857145,65.57586088362103
2015-04-09,53638,54002,53292,53802,6292977664,0.002627606641695,52540.0,51365.19047619047,66.2340117021881
2015-04-10,53802,54413,53555,54214,5474056192,0.0076577078919,52997.77777777778,51618.0,68.15017357401703
2015-04-13,54213,54866,54004,54239,5448520192,0.0004611355000554,53330.666666666664,51873.19047619047,68.26784736346734
2015-04-14,54240,54625,53773,53981,5756582400,-0.0047567248658714,53645.22222222222,52129.666666666664,65.57521671611012
2015-04-15,54037,54960,54037,54918,6083241984,0.0173579592819694,53933.77777777778,52418.71428571428,70.17599319098449
2015-04-16,54918,54918,54315,54674,6074551296,-0.0044429877271569,54106.11111111111,52627.71428571428,67.6408421231778
2015-04-17,54671,54671,53896,53954,5366858240,-0.0131689651388228,54130.22222222222,52743.333333333336,60.675305197398295
2015-04-20,53965,54384,53510,53761,4262567680,-0.0035771212514363,54133.77777777778,52877.04761904762,58.923665244251275
2015-04-22,53762,54847,53762,54617,5810854912,0.0159223228734584,54240.0,53003.28571428572,63.901325664912164
2015-04-23,54615,55781,54063,55684,8072293376,0.0195360418917187,54449.11111111111,53183.09523809524,68.95193180769672
2015-04-24,55687,56965,55687,56594,8435556864,0.0163422167947704,54713.555555555555,53425.380952380954,72.48738993805489
2015-04-27,56554,56962,55515,55534,6434891264,-0.0187299006961868,54857.444444444445,53600.42857142857,63.42722722459587
2015-04-28,55549,56017,54972,55812,6821000192,0.0050059423056145,55060.88888888889,53849.619047619046,64.67428925825237
2015-04-29,55808,55808,55067,55325,6263067648,-0.008725722066939,55106.11111111111,54098.71428571428,60.76538297887769
2015-04-30,55312,56229,55079,56229,7664002048,0.0163398102123812,55278.88888888889,54336.142857142855,64.99479826493726
2015-05-04,56230,57519,56230,57353,6375106560,0.0199896850379697,55656.555555555555,54631.52380952381,69.41019902773141
2015-05-05,57349,58146,57096,58051,6851592704,0.0121702439279549,56133.22222222222,54904.380952380954,71.7898675378664
2015-05-06,58050,58574,56819,57103,7737658880,-0.0163304680367263,56409.444444444445,55093.90476190476,64.45588326175829
2015-05-07,57103,57289,56507,56921,5265472512,-0.0031872230881039,56546.88888888889,55245.52380952381,63.12263905800583
2015-05-08,56964,57620,56595,57149,5995358720,0.0040055515539081,56608.555555555555,55408.380952380954,64.12379511266843
2015-05-11,57166,57489,57013,57197,5521577472,0.0008399097097062,56793.333333333336,55576.76190476191,64.34326482449569
2015-05-12,57193,57423,56752,56792,5398956032,-0.0070807909505743,56902.22222222222,55719.142857142855,60.95501067634742
2015-05-13,56790,56899,56199,56372,5287629312,-0.007395407803916,57018.555555555555,55821.90476190476,57.569351970586595
2015-05-14,56376,56920,56104,56656,5438166016,0.0050379621088483,57066.0,55937.0,59.218832351106855
2015-05-15,56655,57287,56422,57248,5063789568,0.0104490256989551,57054.333333333336,56092.57142857143,62.49207761602855
2015-05-18,57249,57605,55926,56204,6677845504,-0.0182364449413079,56849.11111111111,56153.80952380953,54.22615758988099
2015-05-19,56204,56211,55027,55498,5656007168,-0.0125613835314212,56670.77777777778,56193.04761904762,49.461592978858796
2015-05-20,55497,55644,54819,54901,5933736960,-0.0107571444016,56446.333333333336,56238.142857142855,45.797156356467994
2015-05-21,54900,55112,54526,55112,5862369792,0.0038432815431412,56220.0,56302.47619047619,47.28369726914016
2015-05-22,55112,55223,54037,54377,6623324672,-0.013336478443896,55906.666666666664,56291.04761904762,42.87280675088625
2015-05-25,54377,54867,53971,54609,2738989824,0.0042665097375729,55664.11111111111,56239.857142857145,44.62864823414899
2015-05-26,54609,54609,53548,53629,5567191552,-0.0179457598564338,55359.333333333336,56098.666666666664,39.15416467749166
2015-05-27,53630,54292,53135,54236,5597235712,0.0113185030487237,55090.444444444445,56036.857142857145,43.7562140001582
2015-05-28,54230,54230,53363,53976,4584121856,-0.0047938638542665,54726.88888888889,55949.42857142857,42.28106572113681
2015-05-29,53974,53974,52760,52760,8668371968,-0.0225285311990514,54344.22222222222,55827.28571428572,36.143803225749444
2015-06-01,52752,53232,52665,53031,4299922944,0.0051364670204701,54070.11111111111,55675.0,38.29351378414544
2015-06-02,53035,54236,53035,54236,5619433984,0.0227225585035169,53996.22222222222,55526.57142857143,46.85996959152723
2015-06-03,54253,54253,53462,53522,5642038272,-0.0131646876613319,53819.555555555555,55310.90476190476,43.04663092669566
2015-06-05,53517,53517,52808,52973,4816309248,-0.0102574642203205,53663.555555555555,55114.23809523809,40.32906350376788
2015-06-08,52974,53324,52809,52809,4103817216,-0.0030959167877975,53463.555555555555,54918.42857142857,39.52630744455816
2015-06-09,52809,53292,52687,52815,5695277568,0.0001136169971027,53373.11111111111,54712.04761904762,39.57369710142755
2015-06-10,52817,54102,52817,53876,6375116288,0.020088989870302,53333.11111111111,54553.90476190476,47.420336518679115
2015-06-11,53876,54270,53443,53688,5400859648,-0.0034894943945356,53301.11111111111,54406.09523809524,46.273717317464026
2015-06-12,53689,53689,53032,53347,4168673792,-0.0063515124422589,53366.333333333336,54262.04761904762,44.18669400140094
2015-06-15,53338,53338,52548,53137,4448711168,-0.0039364912741109,53378.11111111111,54094.47619047619,42.903376883244434
2015-06-16,53143,53968,53106,53702,5902121472,0.0106328923349079,53318.77777777778,53925.619047619046,47.33514668026434
2015-06-17,53697,53755,52965,53248,5093953024,-0.008454061301255,53288.333333333336,53784.857142857145,44.35587563689395
2015-06-18,53251,54351,53213,54238,4600915968,0.0185922475961537,53428.88888888889,53724.857142857145,51.52129083965439
2015-06-19,54236,54236,53479,53749,4712892928,-0.0090158191673733,53533.333333333336,53670.0,48.21840732413748
2015-06-22,53750,54341,53655,53863,4130500352,0.0021209696924593,53649.77777777778,53610.52380952381,49.03862353280579
2015-06-23,53864,54360,53772,53772,4421161984,-0.0016894714367933,53638.22222222222,53581.71428571428,48.3798461949435
2015-06-24,53772,54236,53628,53842,4472182272,0.0013017927545935,53655.333333333336,53545.19047619047,48.94798518782431
2015-06-25,53840,53840,52879,53175,5336036352,-0.0123880985104565,53636.22222222222,53523.57142857143,43.98079431518287
2015-06-26,53181,54076,53150,54016,4446918144,0.0158157028678891,53733.88888888889,53513.09523809524,50.765079766949846
2015-06-29,54012,54012,52647,53014,4116323328,-0.0185500592417061,53657.444444444445,53467.28571428572,43.93760701620655
2015-06-30,53014,53345,52812,53080,5316460032,0.0012449541630512,53638.77777777778,53482.52380952381,44.46739710570059
2015-07-01,53080,53456,52603,52757,4639196672,-0.006085154483798,53474.22222222222,53469.47619047619,42.3577567679507
2015-07-02,52757,53356,52757,53106,4415160320,0.0066152358928672,53402.77777777778,53415.666666666664,45.373390194424815
2015-07-03,53105,53105,52370,52519,2254573568,-0.0110533649681768,53253.444444444445,53367.90476190476,41.4458876263116
2015-07-06,52510,52678,51682,52149,4326895104,-0.0070450694034539,53073.11111111111,53328.666666666664,39.145778264131884
2015-07-07,52148,52387,51129,52343,5812401152,0.0037201096857082,52906.555555555555,53306.47619047619,40.994800000323586
2015-07-08,52343,52467,51574,51781,4794301952,-0.0107368702596335,52751.666666666664,53257.23809523809,37.44529472374856
2015-07-10,51782,52785,51782,52590,4694174720,0.0156234912419612,52593.22222222222,53196.0,44.84810144780496
2015-07-13,52590,53163,52590,53119,4273663488,0.0100589465677884,52604.88888888889,53168.90476190476,49.0906409217448
2015-07-14,53119,53415,52652,53239,3934009600,0.0022590786724148,52622.555555555555,53163.76190476191,50.02968880074195
2015-07-15,53239,53333,52790,52902,4036306944,-0.0063299460921505,52638.666666666664,53152.57142857143,47.386212377849326
2015-07-16,52902,53416,52713,53069,3293505792,0.0031567804619863,52634.555555555555,53122.42857142857,48.82913050704646
2015-07-17,53069,53310,52221,52341,3768280576,-0.0137179897868812,52614.77777777778,53079.23809523809,43.2595360745553
2015-07-20,52341,52423,51525,51600,3906973696,-0.0141571616896887,52553.77777777778,52953.619047619046,38.45187725229598
2015-07-21,51603,51997,51244,51474,4056898560,-0.0024418604651162,52457.22222222222,52845.28571428572,37.68494554173424
2015-07-22,51473,51473,50592,50915,4472887296,-0.0108598515755526,52361.0,52704.90476190476,34.40624073330402
2015-07-23,50915,51063,49668,49806,6303745536,-0.021781400373171,52051.666666666664,52516.04761904762,29.013191847790026
2015-07-24,49804,49831,48624,49245,5472647680,-0.0112637031682929,51621.22222222222,52297.142857142855,26.730631102097675
2015-07-27,49245,49298,48639,48735,4945203200,-0.0103563813585135,51120.77777777778,52085.71428571428,24.819003989335357
2015-07-28,48740,49871,48740,49601,5989253120,0.0177695701241407,50754.0,51875.47619047619,33.513773134688435
2015-07-29,49601,50332,49421,50245,5564614656,0.0129836092014274,50440.22222222222,51743.619047619046,39.149700167388076
2015-07-30,50245,50644,49612,49897,4959878656,-0.0069260622947556,50168.666666666664,51592.04761904762,37.30923307622197
2015-07-31,49897,50894,49892,50864,5336579584,0.0193799226406397,50086.88888888889,51501.90476190476,45.040868866318455
2015-08-03,50866,50866,50053,50138,4337009152,-0.014273356401384,49938.444444444445,51360.57142857143,40.95683766176106
2015-08-04,50137,50574,49826,50058,4638968320,-0.0015955961546132,49843.22222222222,51243.380952380954,40.52082547747125
2015-08-05,50066,50852,50066,50287,4068153344,0.0045746933557073,49896.666666666664,51154.71428571428,42.41074726184824
2015-08-06,50279,50534,49623,50011,5899189760,-0.0054884960327719,49981.77777777778,51043.666666666664,40.730931975871506
2015-08-07,50013,50013,48511,48577,4954086912,-0.0286736917878066,49964.22222222222,50891.09523809524,33.34171677535549
2015-08-10,48578,49511,48578,49353,4393811968,0.0159746382032648,49936.666666666664,50736.95238095238,39.715229175566364
2015-08-11,49339,49339,48305,49072,4818375680,-0.0056936761696351,49806.333333333336,50544.23809523809,38.2876103876062
2015-08-12,49063,49063,48027,48388,6813619712,-0.0139387023149657,49638.666666666664,50313.23809523809,34.99045623550663
2015-08-13,48389,48605,47721,48009,4871434240,-0.0078325204596181,49321.444444444445,50080.23809523809,33.2802991528891
2015-08-14,48010,48186,47508,47508,4395861504,-0.0104355433356245,49029.22222222222,49815.42857142857,31.115365906153244
2015-08-17,47508,47787,47217,47217,3622878976,-0.0061252841626673,48713.555555555555,49571.42857142857,29.898758676819284
2015-08-18,47220,48084,46675,47450,5829207552,0.0049346633627718,48398.333333333336,49373.80952380953,32.185136442079894
2015-08-19,47450,47450,45977,46588,4874029568,-0.0181664910432033,48018.0,49141.142857142855,28.48381755610086
2015-08-20,46587,46780,46029,46649,4413207552,0.0013093500472225,47803.77777777778,48938.0,29.105148663391304
2015-08-21,46649,46649,45676,45719,4493968896,-0.0199361186734978,47400.0,48743.380952380954,25.471733144361195
2015-08-24,45714,45714,42749,44336,6858076160,-0.0302500054681861,46873.77777777778,48509.619047619046,21.227754285793793
2015-08-25,44337,45587,44337,44544,5441819648,0.0046914471309995,46446.666666666664,48310.04761904762,23.29765352033357
2015-08-26,44545,46039,44540,46038,5604119552,0.0335398706896552,46227.666666666664,48140.380952380954,36.25445392733884
2015-08-27,46038,47996,46038,47715,6241011712,0.0364264303401538,46250.666666666664,48019.90476190476,47.063998591226
2015-08-28,47696,47872,46847,47153,5475704320,-0.0117782667924133,46243.555555555555,47889.23809523809,44.3498262909257
2015-08-31,47151,47151,45569,46625,7229447680,-0.0111975908213687,46151.88888888889,47687.380952380954,41.90474084237394
2015-09-01,46625,46625,45278,45477,5613033472,-0.0246219839142091,46028.444444444445,47465.42857142857,37.11370833817239
2015-09-02,45484,46473,45445,46463,5538665984,0.0216812894430151,46007.77777777778,47294.23809523809,43.1279960466077
2015-09-03,46467,47532,46279,47365,6538196992,0.0194132966015969,46190.666666666664,47155.09523809524,48.02506763710246
2015-09-04,47365,47377,46320,46497,6690849792,-0.0183257679721313,46430.77777777778,46987.76190476191,44.09063473147582
2015-09-08,46500,47243,46496,46762,4527367168,0.0056992924274683,46677.22222222222,46901.333333333336,45.557081782495324
2015-09-09,46762,47839,46614,46657,5848388608,-0.0022454129421325,46746.0,46772.95238095238,45.052847719661
2015-09-10,46655,46819,45592,46503,6691132928,-0.0033006837130548,46611.333333333336,46650.619047619046,44.27876409721838
2015-09-11,46508,46558,46175,46400,5045415424,-0.0022149108659655,46527.666666666664,46555.95238095238,43.73748577625025
2015-09-14,46399,47385,46217,47281,5392660480,0.0189870689655171,46600.555555555555,46521.28571428572,49.431618239104615
2015-09-15,47281,47688,46745,47364,5334139904,0.0017554620249149,46810.22222222222,46514.42857142857,49.94558810921746
2015-09-16,47364,48680,47364,48553,6700994048,0.0251034541001604,47042.444444444445,46578.04761904762,56.730293572097146
2015-09-17,48552,49395,48081,48551,6386668032,-4.1192099355380485e-05,47174.22222222222,46630.47619047619,56.7163674606043
2015-09-18,48549,48549,46927,47264,6977102848,-0.0265082078638957,47259.444444444445,46662.666666666664,48.47067489811066
2015-09-21,47263,47390,46424,46590,4040927232,-0.0142603249830738,47240.333333333336,46659.857142857145,44.797523966078636
2015-09-22,46585,46585,45276,46264,5913351680,-0.0069972097016527,47196.666666666664,46685.80952380953,43.09637315269192
2015-09-23,46262,46480,45340,45340,5689071104,-0.0199723326992909,47067.444444444445,46733.619047619046,38.61987208706826
2015-09-24,45339,45571,44182,45291,6399047680,-0.001080723423026,46944.22222222222,46769.19047619047,38.39212704279247
2015-09-25,45300,45968,44697,44831,4447170048,-0.0101565432425868,46672.0,46711.71428571428,36.23201148490383
2015-09-28,44831,44831,43766,43956,4171849216,-0.019517744417925,46293.333333333336,46532.71428571428,32.48757080690012
2015-09-29,43956,44530,43956,44131,4340389888,0.003981253981254,45802.0,46388.80952380953,33.95762011917475
2015-09-30,44131,45294,44131,45059,6874705408,0.0210283021005641,45414.0,46314.23809523809,41.261679629823234
2015-10-01,45064,45547,44788,45313,5383476736,0.0056370536407821,45197.22222222222,46306.42857142857,43.116071826855666
2015-10-02,45313,47033,44973,47033,5632898560,0.0379582018405313,45246.444444444445,46333.57142857143,53.76150167520856
2015-10-05,47033,48081,47018,47598,4793862656,0.0120128420470733,45394.666666666664,46344.666666666664,56.63256048619779
2015-10-06,47598,48091,47388,47735,4945555968,0.0028782721963107,45660.77777777778,46403.619047619046,57.324508868197384
2015-10-07,47735,49290,47714,48914,10363127808,0.024698858280088,46063.333333333336,46506.09523809524,62.82210281983528
2015-10-08,48915,49247,48657,49106,5572239872,0.0039252565727603,46538.333333333336,46622.71428571428,63.64349093540972
2015-10-09,49105,49752,48698,49338,6510224384,0.0047244735877489,47136.333333333336,46757.71428571428,64.6595230580891
2015-10-13,49339,49339,47134,47362,6660510208,-0.0400502655154242,47495.333333333336,46803.52380952381,51.46676077489057
2015-10-14,47349,47714,46700,46710,9382654976,-0.0137663105443182,47678.77777777778,46776.333333333336,47.9875767629671
2015-10-15,46730,47187,46321,47161,5295608832,0.0096553200599442,47884.11111111111,46766.666666666664,50.48121896081552
2015-10-16,47161,47727,46516,47236,5349102592,0.0015902970674921,47906.666666666664,46703.95238095238,50.90277315843651
2015-10-19,47242,47536,46916,47447,4382020608,0.0044669320010162,47889.88888888889,46651.380952380954,52.1372612188499
2015-10-20,47446,47727,46622,47076,4716383232,-0.0078192509536957,47816.666666666664,46642.42857142857,49.767774443780404
2015-10-21,47076,47273,46653,47025,4357192704,-0.0010833545755799,47606.77777777778,46663.142857142855,49.435173796239525
2015-10-22,47026,47909,47026,47772,4611939840,0.0158851674641147,47458.555555555555,46734.95238095238,54.25723172418092
2015-10-23,47774,48837,47502,47596,5142495744,-0.003684166457339,47265.0,46842.380952380954,52.975388810975915
2015-10-26,47606,47874,47104,47209,3690888448,-0.0081309353727203,47248.0,46933.71428571428,50.16870771310808
2015-10-27,47204,47338,46742,47042,4814788608,-0.0035374610773369,47284.88888888889,47039.0,48.96317587140395
2015-10-28,47037,47441,46388,46740,6027437056,-0.0064197950767399,47238.11111111111,47171.57142857143,46.774265864709044
2015-10-29,46740,46740,45628,45628,4388957184,-0.0237911852802739,47059.444444444445,47242.857142857145,39.7310514001814
2015-10-30,45628,45975,45400,45868,5621070336,0.0052599281143157,46884.0,47281.380952380954,41.769072964139696
2015-11-03,45868,48053,45866,48053,7582670336,0.0476366966076566,46992.555555555555,47411.857142857145,56.268088198992956
2015-11-04,48058,49054,47440,47710,5910703616,-0.007137951844838,47068.666666666664,47444.09523809524,53.995254014398746
2015-11-05,47711,48061,47430,48046,4796915200,0.0070425487319221,47099.11111111111,47465.42857142857,55.87550232966492
2015-11-06,48046,48046,46397,46918,4815983104,-0.0234775007284685,47023.77777777778,47426.52380952381,48.68207071008503
2015-11-09,46914,47000,46057,46194,3347196160,-0.0154311777995651,46911.0,47297.0,44.70397716338108
2015-11-10,46195,46206,45396,46206,3741567232,0.000259773996623,46818.11111111111,47158.90476190476,44.78451393407344
2015-11-11,46207,47231,46207,47065,4724118016,0.0185906592217461,46854.22222222222,47050.666666666664,50.358222312008586
2015-11-12,47065,47459,46695,46883,4776799232,-0.0038669924572399,46993.666666666664,47027.857142857145,49.22444674480345
2015-11-13,46883,46883,46311,46517,4923868160,-0.0078066676620522,47065.77777777778,47018.666666666664,46.9359178566016
2015-11-16,46518,46905,46398,46846,4586564608,0.0070726831051013,46931.666666666664,47003.666666666664,49.22128891995376
2015-11-17,46847,47697,46847,47247,4694775296,0.00855996243009,46880.22222222222,47004.19047619047,51.93828190668573
2015-11-18,47241,47950,47241,47435,4870630400,0.0039790886193833,46812.333333333336,47003.619047619046,53.20251603096282
2015-11-19,47437,48226,47437,48138,5335433216,0.0148202803836829,46947.88888888889,47054.19047619047,57.684869122037
2015-11-23,48138,48745,47987,48150,4912555520,0.0002492833104823,47165.22222222222,47107.76190476191,57.759243928353875
2015-11-24,48142,48320,47441,48284,4420593152,0.0027829698857735,47396.11111111111,47132.142857142855,58.63359564659489
2015-11-25,48269,48269,46742,46866,5879268352,-0.0293679065528953,47374.0,47097.380952380954,47.44238408621215
2015-11-26,46867,47199,46867,47145,3333195520,0.0059531430034567,47403.11111111111,47094.333333333336,49.48534756541282
2015-11-27,47144,47144,45811,45872,4341202944,-0.0270018029483508,47331.444444444445,47038.619047619046,41.549403113979295
2015-11-30,45871,45930,45105,45120,9883397120,-0.0163934426229508,47139.666666666664,46961.47619047619,37.702861563274375
2015-12-01,45121,45482,44775,45046,5984133120,-0.0016400709219858,46895.11111111111,46933.76190476191,37.33656022464867
2015-12-02,45046,45338,44579,44914,6218811904,-0.002930337876837,46615.0,46888.333333333336,36.65249945739974
2015-12-03,44923,47142,44923,46393,6584966656,0.0329295987887963,46421.11111111111,46809.28571428572,48.1215247020596
2015-12-04,46384,46384,45022,45360,4906582016,-0.0222662901730864,46111.11111111111,46697.380952380954,42.353779963426305
2015-12-07,45361,46156,45217,45222,4181919488,-0.003042328042328,45770.88888888889,46562.90476190476,41.635824881486045
2015-12-08,45223,45233,44231,44443,4362652160,-0.0172261288753261,45501.666666666664,46445.04761904762,37.74608900811523
2015-12-09,44444,46438,44444,46108,6603382784,0.037463717570821,45386.444444444445,46440.95238095238,48.763798719121624
2015-12-10,46084,46322,45351,45630,4999315456,-0.0103669645180879,45359.555555555555,46413.52380952381,46.23400813149477
2015-12-11,45629,45981,45068,45262,4657906688,-0.0080648696033311,45375.333333333336,46327.666666666664,44.32738962171309
2015-12-14,45257,45257,44530,44747,3560186880,-0.0113781980469267,45342.11111111111,46225.95238095238,41.73361431275882
2015-12-15,44748,45423,44748,44872,3841592320,0.0027934833620131,45337.444444444445,46147.619047619046,42.61136973564573
2015-12-16,44867,45098,44094,45015,4823642624,0.0031868425744339,45184.333333333336,46060.42857142857,43.6570661228146
2015-12-17,45016,46251,45016,45261,4476996608,0.0054648450516494,45173.333333333336,45965.857142857145,45.49692497581888
2015-12-18,45248,45248,43690,43910,6534598144,-0.0298490974569718,45027.555555555555,45798.0,38.13240888165312
2015-12-21,43912,44222,43196,43199,4623857152,-0.01619221134138,44889.333333333336,45562.80952380953,34.928088550787294
2015-12-22,43208,43632,43136,43469,3770219264,0.006250144679275,44596.11111111111,45339.90476190476,37.090011139398754
2015-12-23,43478,44232,43478,44014,3114364672,0.0125376705238215,44416.555555555555,45136.57142857143,41.327409190064536
2015-12-28,44015,44087,43709,43764,2562503680,-0.0056800109056209,44250.11111111111,44988.857142857145,39.99655513707843
2015-12-29,43781,44041,43523,43653,2285678336,-0.0025363312311489,44128.555555555555,44822.57142857143,39.39003355996739
2015-12-30,43653,43662,43217,43349,4000419072,-0.0069640116372299,43959.333333333336,44702.42857142857,37.703702065350406
2016-01-04,43348,43348,42125,42141,4401712640,-0.0278668481395187,43640.0,44560.57142857143,31.865769833577133
2016-01-05,42139,42533,42137,42419,3446187520,0.0065969008803776,43324.22222222222,44435.47619047619,34.383731579735255
2016-01-06,42409,42409,41589,41773,4698317824,-0.0152290247294843,43086.77777777778,44285.90476190476,31.473048072141893
2016-01-07,41772,41772,40694,40694,5108162560,-0.0258300816316759,42808.444444444445,44014.52380952381,27.31394221885789
2016-01-08,40695,41217,40463,40612,3944526848,-0.0020150390720991,42491.0,43788.42857142857,27.021694693459366
2016-01-11,40612,40973,39924,39950,3877178368,-0.016300600807643,42039.444444444445,43537.380952380954,24.721957873276267
2016-01-12,39954,40261,39425,39513,3959564032,-0.010938673341677,41567.11111111111,43302.619047619046,23.311549650650875
2016-01-13,39518,40050,38822,38944,3974185984,-0.0144003239440184,41043.88888888889,42961.47619047619,21.58481423219328
2016-01-14,38944,39501,38458,39500,4151112704,0.0142769104354971,40616.22222222222,42669.57142857143,27.25509352923318
2016-01-15,39493,39493,37986,38569,4823569408,-0.0235696202531645,40219.333333333336,42350.857142857145,24.111104937485322
2016-01-18,38572,38633,37937,37937,2404352512,-0.0163862169099535,39721.333333333336,42026.57142857143,22.23593448445564
2016-01-19,37941,38856,37941,38057,3397401344,0.0031631388881567,39308.444444444445,41702.04761904762,23.45323920645717
2016-01-20,38056,38056,37046,37645,4369238016,-0.0108258664634627,38969.666666666664,41351.09523809524,22.17005844253505
2016-01-21,37647,38079,37494,37717,4258079744,0.0019126045955637,38648.0,40991.857142857145,22.963294907905237
2016-01-22,37736,38443,37736,38031,4326628864,0.008325158416629,38434.77777777778,40711.90476190476,26.482375918397352
2016-01-26,38031,38031,37112,37497,3955837696,-0.0140411769346059,38210.77777777778,40440.380952380954,24.43785768179596
2016-01-27,37500,38765,37402,38376,5248955904,0.023441875350028,38147.666666666664,40197.857142857145,33.53415918884258
2016-01-28,38376,39099,37996,38630,4410423808,0.0066187200333542,38051.0,39941.47619047619,35.934187943094244
2016-01-29,38634,40405,38634,40405,6403942912,0.045948744499094,38255.0,39781.52380952381,49.62383790920357
2016-02-01,40396,40570,39738,40570,4098876928,0.0040836530132408,38547.555555555555,39634.71428571428,50.678878626591775
2016-02-02,40563,40563,38596,38596,5495553536,-0.0486566428395366,38607.444444444445,39408.380952380954,39.909936024818386
2016-02-03,38596,39725,38596,39588,5192529408,0.025702145300031,38823.333333333336,39286.80952380953,46.10753307909436
2016-02-04,39589,41444,39589,40821,6103939584,0.0311458017581085,39168.22222222222,39210.71428571428,52.645173203950684
2016-02-05,40811,41248,40565,40592,4254582272,-0.0056098576712966,39452.77777777778,39154.47619047619,51.39808555314147
2016-02-10,40592,40592,39960,40376,2662976000,-0.0053212455656287,39772.666666666664,39139.333333333336,50.190377847748984
2016-02-11,40370,40370,38927,39318,4125913088,-0.0262036853576381,39877.333333333336,39077.71428571428,44.65551802937837
2016-02-12,39324,39900,39324,39808,3806259200,0.0124624853756549,40008.22222222222,39070.95238095238,47.54089230557968
2016-02-15,39808,40671,39808,40092,1930138624,0.0071342443729902,39973.444444444445,39098.52380952381,49.194179278179895
2016-02-16,40093,41206,40074,40947,4191441664,0.021325950314277,40015.333333333336,39193.90476190476,53.904183679191355
2016-02-17,40957,42436,40957,41630,6053143040,0.0166800986641268,40352.444444444445,39295.333333333336,57.308925604564365
2016-02-18,41623,41697,41183,41477,4010557184,-0.0036752342061013,40562.333333333336,39433.80952380953,56.30562770479869
2016-02-19,41476,41827,41070,41543,3559859968,0.0015912433396823,40642.555555555555,39605.52380952381,56.658122368097324
2016-02-22,41544,43345,41544,43234,5564815360,0.0407048118816648,40936.11111111111,39852.04761904762,64.54921666149883
2016-02-23,43235,43601,42358,42520,4353881088,-0.0165147800342323,41174.333333333336,40084.19047619047,59.61388624793235
2016-02-24,42520,42520,41210,42084,3890582784,-0.0102539981185324,41481.666666666664,40292.142857142855,56.75997531040052
2016-02-25,42083,42326,41441,41887,4108357632,-0.0046811139625511,41712.666666666664,40475.76190476191,55.467867152870355
2016-02-26,41889,42495,41416,41593,3757703680,-0.0070188841406642,41879.444444444445,40670.80952380953,53.51011225068943
2016-02-29,41599,43052,41599,42793,5962680832,0.028851008583175,42084.555555555555,40881.142857142855,59.75403843865513
2016-03-01,42795,44181,42795,44121,5964768768,0.0310331128922953,42361.333333333336,41142.619047619046,65.30719800338237
2016-03-02,44121,44982,43841,44893,6515363840,0.0174973368690645,42740.88888888889,41356.333333333336,68.06573421197032
2016-03-03,44900,47374,44900,47193,11162140672,0.0512329316374491,43368.666666666664,41671.71428571428,74.55668391309734
2016-03-04,47193,50023,47193,49084,14726878208,0.0400695018328989,44018.666666666664,42171.142857142855,78.4373162456688
2016-03-07,49089,49639,48746,49246,7667127808,0.0033004645098198,44766.0,42631.04761904762,78.73652289280642
2016-03-08,49244,49913,48846,49102,9822264320,-0.0029240953579986,45545.77777777778,43025.380952380954,77.70436532170038
2016-03-09,49102,50000,48623,48665,8318696448,-0.0088998411470001,46298.88888888889,43409.80952380953,74.51209138475701
2016-03-10,48666,49974,47922,49571,10035897344,0.0186170759272576,47185.333333333336,43847.666666666664,76.65353800885231
2016-03-11,49573,50038,49156,49638,8386473472,0.0013515966996833,47945.88888888889,44339.09523809524,76.80871564859211
2016-03-14,49639,50165,48756,48867,6484359680,-0.0155324549740119,48473.22222222222,44770.47619047619,70.96341526450877
2016-03-15,48866,48866,46684,47130,7046248448,-0.0355454601264657,48721.77777777778,45105.619047619046,59.90292272342872
2016-03-16,47129,47813,46520,47763,6661453824,0.013430935709739,48785.11111111111,45430.19047619047,62.21422560486881
2016-03-17,47770,51268,47770,50913,11030515712,0.0659506312417561,48988.333333333336,45872.23809523809,71.13193545652736
2016-03-18,50915,51307,50202,50814,7628934656,-0.0019444935478168,49162.555555555555,46316.857142857145,70.56824117610518
2016-03-21,50815,51370,50764,51171,5507688960,0.0070256228598417,49392.444444444445,46775.333333333336,71.44695829454155
2016-03-22,51170,51215,50811,51010,5603245056,-0.0031463133415411,49653.0,47145.619047619046,70.42576770469228
2016-03-23,51004,51004,49490,49690,4997851136,-0.0258772789649088,49666.22222222222,47487.04761904762,62.53403687788437
2016-03-24,49686,49686,48777,49657,5033343488,-0.0006641175286777,49668.333333333336,47847.666666666664,62.34594347332443
2016-03-28,49686,51149,49686,50838,5112519680,0.0237831524256399,49887.333333333336,48273.90476190476,66.25754349479074
2016-03-29,50839,51764,50387,51154,6048689152,0.0062158228097093,50334.444444444445,48729.19047619047,67.23823371813891
2016-03-30,51154,52261,50899,51248,6554777600,0.0018375884583805,50721.666666666664,49131.80952380953,67.54045361273674
2016-03-31,51248,51248,49642,50055,6703912960,-0.023278957227599,50626.333333333336,49414.380952380954,59.978274138791704
2016-04-01,50054,50767,49360,50561,5513918976,0.010108880231745,50598.22222222222,49684.28571428572,61.92548141850069
2016-04-04,50556,50556,48600,48779,4576274944,-0.0352445560807737,50332.444444444445,49759.80952380953,52.27868913682578
2016-04-05,48778,49629,48148,49053,4830489088,0.0056171713237254,50115.0,49758.333333333336,53.4787208674926
2016-04-06,49053,49053,47873,48096,4938997760,-0.019509510121705,49937.88888888889,49703.57142857143,48.85749088135214
2016-04-07,48099,48940,48099,48513,4067988480,0.0086701596806386,49810.77777777778,49675.52380952381,50.850478789576165
2016-04-08,48517,50485,48517,50292,6808092160,0.0366705831426628,49750.11111111111,49753.0,58.31390761669174
2016-04-11,50303,51088,50078,50165,5761402368,-0.0025252525252524,49640.22222222222,49781.28571428572,57.64098832504484
2016-04-12,50166,52327,50166,52001,7374948864,0.0365992225655338,49723.88888888889,49893.80952380953,64.09209900422681
2016-04-13,52009,53843,52009,53149,9121371136,0.0220764985288743,50067.666666666664,50097.71428571428,67.4320004540755
2016-04-14,53150,53699,52242,52411,7381007360,-0.0138854917307945,50273.22222222222,50349.19047619047,63.352503864271846
2016-04-15,52414,53390,52414,53227,7221396992,0.0155692507298086,50767.444444444445,50609.380952380954,65.81510069361474
2016-04-18,53228,53478,52305,52894,6660997632,-0.0062562233452946,51194.22222222222,50703.71428571428,63.92722405387224
2016-04-19,52894,54054,52894,53710,6792706560,0.0154270805762468,51818.0,50841.619047619046,66.46567209187148
2016-04-20,53710,53857,53148,53630,6389704704,-0.0014894805436603,52386.555555555555,50958.71428571428,65.97549178286164
2016-04-22,53630,53630,52629,52907,6199751168,-0.0134812604885324,52677.11111111111,51049.04761904762,61.557048897695275
2016-04-25,52911,52948,51748,51861,4683702784,-0.0197705407602019,52865.555555555555,51152.42857142857,55.740861918043485
2016-04-26,51867,53107,51838,53082,5239208448,0.0235437033609069,52985.666666666664,51315.52380952381,60.439683829876344
2016-04-27,53094,54559,53094,54477,7152990720,0.0262800949474397,53133.22222222222,51488.80952380953,65.01025092117035
2016-04-28,54475,54977,53963,54311,6601299968,-0.0030471575160159,53344.333333333336,51639.142857142855,64.06177165126437
2016-04-29,54316,54705,53591,53910,7856099840,-0.0073834029938686,53420.22222222222,51765.90476190476,61.719229237816066
2016-05-02,53909,54112,53265,53561,4871129088,-0.0064737525505471,53494.333333333336,51932.857142857145,59.67401177994515
2016-05-03,53557,53557,52260,52260,5800260096,-0.0242900617986968,53333.22222222222,52013.76190476191,52.66755129241397
2016-05-04,52253,52672,51930,52552,5864678912,0.0055874473784922,53213.444444444445,52193.42857142857,53.973750064688
2016-05-05,52568,53070,51310,51671,4861190656,-0.0167643476937129,53076.11111111111,52318.09523809524,49.53237743192962
2016-05-06,51670,52158,51204,51717,4664090624,0.000890247914691,53060.11111111111,52490.52380952381,49.764816549348765
2016-05-09,51716,51716,49907,50990,6692497408,-0.01405727323704,52827.666666666664,52608.47619047619,46.1473509518242
2016-05-10,50994,53070,50994,53070,6091987456,0.0407923122180819,52671.333333333336,52740.76190476191,56.0017660899775
2016-05-11,53072,53976,52735,52764,6421206528,-0.0057659694742792,52499.444444444445,52864.52380952381,54.42394916734062
2016-05-12,52765,53798,52424,53241,7023897088,0.0090402547191266,52425.11111111111,52923.57142857143,56.4822233256097
2016-05-13,53236,53249,51365,51804,6199721472,-0.0269904772637629,52229.88888888889,52859.52380952381,49.26416003932033
2016-05-16,51803,52305,51584,51802,4608250880,-3.860705737013248e-05,52179.0,52830.52380952381,49.25472562994726
2016-05-17,51795,51946,50689,50839,5352427008,-0.0185900158295047,51988.666666666664,52716.80952380953,44.805392759472014
2016-05-18,50836,51373,50300,50561,5728623104,-0.0054682428843997,51865.333333333336,52605.71428571428,43.58147534496426
2016-05-19,50556,50556,49588,50132,5138127360,-0.008484800537964,51689.22222222222,52435.333333333336,41.68895726263492
2016-05-20,50132,50821,49722,49722,4371448832,-0.0081784090002393,51548.333333333336,52249.23809523809,39.90542370987123
2016-05-23,49709,49709,48694,49330,4506427904,-0.0078838341176943,51132.77777777778,52078.90476190476,38.22175080935207
2016-05-24,49330,50002,49152,49345,4081995776,0.0003040745996352,50752.88888888889,51959.09523809524,38.328976000805206
2016-05-25,49346,50356,49346,49482,4615317504,0.0027763704529333,50335.22222222222,51787.666666666664,39.36412970603481
2016-05-27,49481,49805,48868,49051,3662537216,-0.0087102380663676,50029.333333333336,51529.28571428572,37.246036199640315
2016-05-30,49051,49203,48799,48964,1516009856,-0.0017736641454811,49714.0,51274.666666666664,36.815409673866746
2016-05-31,48963,49269,48291,48471,8214487040,-0.0100686218446205,49450.88888888889,51015.666666666664,34.389060091783776
2016-06-01,48468,49056,48199,49012,4631289856,0.0111613129500114,49278.77777777778,50799.04761904762,39.12997585370202
2016-06-02,49007,49905,48780,49887,4950142464,0.0178527707500204,49251.555555555555,50686.04761904762,45.93455448186145
2016-06-03,49888,50634,49888,50619,4666545664,0.0146731613446389,49351.22222222222,50594.0,50.88143213945944
2016-06-06,50627,50923,50097,50431,4001111808,-0.0037140204271123,49473.555555555555,50534.95238095238,49.62555201861539
2016-06-07,50431,50641,50004,50487,4045275648,0.0011104281096945,49600.444444444445,50476.380952380954,50.02127284914194
2016-06-08,50490,51811,50490,51629,6009864704,0.02261968427516,49839.0,50506.80952380953,57.374974758937874
2016-06-09,51632,51632,50831,51118,4431128064,-0.0098975382052722,50068.666666666664,50413.857142857145,53.57629251648109
2016-06-10,51117,51117,49420,49422,4205241856,-0.0331781368598145,50119.555555555555,50254.71428571428,43.32385399322543
2016-06-13,49418,49763,48803,49660,3713088256,0.004815669135203,50251.666666666664,50084.19047619047,44.91683000114171
2016-06-14,49662,49894,48216,48648,5326209024,-0.0203785743052759,50211.22222222222,49933.90476190476,39.7949946440229
2016-06-15,48649,49414,48323,48914,6777857024,0.0054678506824534,50103.11111111111,49796.380952380954,41.67750938172172
2016-06-16,48900,49411,48066,49411,4917167104,0.0101606901909474,49968.88888888889,49728.380952380954,45.12975824019812
2016-06-17,49409,50190,49404,49533,5937309696,0.0024690858310902,49869.11111111111,49679.42857142857,45.97513029273135
2016-06-20,49539,50781,49539,50329,4925167104,0.0160700946843519,49851.555555555555,49688.80952380953,51.25232194964407
2016-06-21,50326,50870,49677,50837,4782330880,0.0100935842158595,49763.555555555555,49741.90476190476,54.31907864224782
2016-06-22,50834,51238,50060,50156,4999758336,-0.0133957550602907,49656.666666666664,49781.23809523809,49.79644117335055
2016-06-23,50160,51672,50160,51559,4274129920,0.0279727250976951,49894.11111111111,49886.666666666664,57.624429695495756
2016-06-24,51561,51561,49544,50105,5733189120,-0.0282007021082643,49943.555555555555,49916.333333333336,49.08287229098502
2016-06-27,50105,50161,48954,49245,4538668544,-0.0171639556930446,50009.88888888889,49925.57142857143,44.84842841662647
2016-06-28,49252,50301,49252,50006,4771917312,0.0154533455173113,50131.22222222222,49975.19047619047,49.03812612359481
2016-06-29,50009,51229,50009,51001,6242715648,0.0198976122865255,50307.88888888889,50095.666666666664,53.96258826673316
2016-06-30,51001,51619,50585,51526,6784568832,0.0102939158055723,50529.333333333336,50215.380952380954,56.35883040885315
2016-07-01,51540,52346,51411,52233,6150671360,0.0137212281178433,50740.88888888889,50327.09523809524,59.421896331061596
2016-07-04,52241,52917,52241,52568,2800461056,0.0064135699653475,50933.22222222222,50419.90476190476,60.824966576281135
2016-07-05,52565,52565,51510,51842,4407628288,-0.013810683305433,51120.555555555555,50487.09523809524,56.28302449746646
2016-07-06,51842,51908,50824,51901,4292090368,0.0011380733767987,51158.555555555555,50554.42857142857,56.56686928407468
2016-07-07,51901,52718,51888,52014,5169725952,0.0021772220188436,51370.666666666664,50572.76190476191,57.14083458610321
2016-07-08,52019,53166,52019,53140,4783570432,0.0216480178413505,51803.444444444445,50669.04761904762,62.46386219797476
2016-07-11,53143,54020,53143,53960,4886129664,0.0154309371471583,52242.77777777778,50885.142857142855,65.7955043308304
2016-07-12,53960,54746,53960,54256,5711792640,0.0054855448480355,52604.444444444445,51104.0,66.93633781104805
2016-07-13,54256,54646,53732,54598,5510931456,0.006303450309643,52945.77777777778,51387.333333333336,68.25383417553175
2016-07-14,54600,55633,54600,55480,7051323392,0.0161544378914979,53306.555555555555,51700.0,71.41707529902688
2016-07-15,55481,55648,55233,55578,5490855936,0.0017664023071377,53641.0,51993.666666666664,71.75385229390582
2016-07-18,55573,56508,55355,56484,5872016896,0.0163014142286517,54156.77777777778,52324.666666666664,74.71943067857124
2016-07-19,56487,56698,56246,56698,5839281152,0.003788683520997,54689.77777777778,52627.95238095238,75.37702929264356
2016-07-20,56698,56927,56220,56578,5743000064,-0.0021164767716674,55196.88888888889,52901.333333333336,74.21130389790697
2016-07-21,56578,56906,56232,56641,5274780672,0.0011135070168617,55585.88888888889,53210.142857142855,74.43484105537739
2016-07-22,56641,57170,56518,57002,4471326720,0.0063734750445789,55923.88888888889,53469.333333333336,75.73288621483866
2016-07-25,57006,57205,56397,56872,4479896064,-0.0022806217325708,56214.555555555555,53791.57142857143,74.27044583654035
2016-07-26,56876,57309,56707,56782,5116462592,-0.0015825010550006,56457.22222222222,54150.47619047619,73.21633689203196
2016-07-27,56788,57380,56788,56852,5582209536,0.0012327850375117,56609.666666666664,54476.47619047619,73.5310009935027
2016-07-28,56853,56853,55992,56667,5516035584,-0.0032540631815942,56730.666666666664,54746.28571428572,71.15185112254058
2016-07-29,56663,57473,56339,57308,7018720768,0.0113116981664813,56822.22222222222,55021.619047619046,74.2595468784487
2016-08-01,57309,57729,56675,56755,5268478464,-0.0096496126195295,56828.555555555555,55236.95238095238,67.50341563335805
2016-08-02,56755,56973,55695,56162,5817082880,-0.0104484186415293,56782.333333333336,55408.09523809524,61.085444403645766
2016-08-03,56157,57101,55787,57076,5860235776,0.0162743492040882,56830.666666666664,55657.333333333336,66.38965937580596
2016-08-04,57075,58030,57075,57593,6305771008,0.0090580979746304,56896.333333333336,55928.380952380954,68.9663974046627
2016-08-05,57609,57950,57289,57661,5078564352,0.0011806990432865,56984.0,56197.28571428572,69.299779218335
2016-08-08,57655,57917,57504,57635,4362118144,-0.0004509113612319,57078.77777777778,56411.333333333336,68.99458672540271
2016-08-09,57637,58094,57615,57689,4388767232,0.0009369306844799,57171.77777777778,56588.90476190476,69.29701865450816
2016-08-10,57690,57952,56735,56919,5146166272,-0.0133474319194299,57199.77777777778,56715.71428571428,60.26948268171434
2016-08-11,56925,58308,56922,58299,5952155136,0.0242449797080062,57309.88888888889,56891.95238095238,68.25206204003703
2016-08-12,58299,58753,57986,58298,5965291520,-1.715295288085006e-05,57481.333333333336,57026.142857142855,68.24136232256998
2016-08-15,58316,59323,58316,59145,4994693632,0.014528800301897,57812.77777777778,57196.0,72.21457386640378
2016-08-16,59144,59187,58589,58855,5816269824,-0.0049032039901936,58010.444444444445,57308.90476190476,69.03024082330371
2016-08-17,58846,59323,58081,59323,6667790848,0.0079517458159883,58202.666666666664,57433.90476190476,71.2346670738005
2016-08-18,59323,59417,58828,59166,5301622784,-0.0026465283279671,58369.88888888889,57557.142857142855,69.4487525156418
2016-08-19,59158,59239,58599,59098,4250399232,-0.0011493087246053,58532.444444444445,57674.142857142855,68.64600587749675
2016-08-22,59079,59098,57631,57781,4727818240,-0.0222850181055196,58542.666666666664,57711.23809523809,55.311151138620474
2016-08-23,57781,58596,57781,58020,5540691968,0.0041363077828351,58665.0,57765.90476190476,56.94565812182189
2016-08-24,58019,58332,57456,57717,4803817984,-0.0052223371251293,58600.333333333336,57810.42857142857,54.23724657081034
2016-08-25,57717,58123,57638,57722,4606725632,8.662958920258035e-05,58536.333333333336,57851.857142857145,54.27589317425075
2016-08-26,57724,58655,57259,57716,5811899904,-0.0001039465022002,58377.555555555555,57901.80952380953,54.21672360845909
2016-08-29,57717,58957,57641,58610,4344364544,0.0154896389216161,58350.333333333336,57963.80952380953,61.03316209646273
2016-08-30,58610,58881,58292,58575,4275952896,-0.0005971677188193,58267.22222222222,58050.47619047619,60.652434726196674
2016-08-31,58579,58910,57506,57901,7037856256,-0.0115066154502774,58126.666666666664,58133.28571428572,53.70478739430927
2016-09-01,57901,58416,57637,58236,6461206016,0.005785737724737,58030.88888888889,58188.52380952381,56.37934120623425
2016-09-02,58240,59654,58240,59616,6258024448,0.0236966824644548,58234.77777777778,58284.857142857145,65.2782348364409
2016-09-05,59616,59985,59402,59566,2705967104,-0.0008387010198603,58406.555555555555,58375.57142857143,64.7627161038226
2016-09-06,59565,60129,59182,60129,5053043712,0.0094517006345902,58674.555555555555,58494.333333333336,67.84224863150786
2016-09-08,60129,60310,59742,60231,6386314752,0.0016963528413909,58953.333333333336,58615.380952380954,68.38138871553645
2016-09-09,60220,60220,57961,57999,6453027328,-0.0370573292822632,58984.77777777778,58666.80952380953,49.015798659677685
2016-09-12,57998,58595,57511,58586,5496071680,0.0101208641528303,58982.11111111111,58680.47619047619,52.801526307167066
2016-09-13,58579,58579,56459,56820,6824120832,-0.030143720342744,58787.11111111111,58610.09523809524,42.56212944591451
2016-09-14,56812,57341,56694,57059,4957205504,0.0042062653995071,58693.555555555555,58510.76190476191,44.140881265101285
2016-09-15,57068,58127,57068,57909,4582726656,0.0148968611437283,58657.22222222222,58465.71428571428,49.46129439094374
2016-09-16,57909,57909,56794,57079,6091129344,-0.0143328325476178,58375.333333333336,58358.857142857145,44.95826605735108
2016-09-19,57082,58024,57082,57350,4227126272,0.0047478056728393,58129.11111111111,58272.380952380954,46.665615325968666
2016-09-20,57355,57902,57355,57736,4341154816,0.0067306015693111,57863.22222222222,58207.52380952381,49.088053303936476
2016-09-21,57736,58574,57326,58393,6036343808,0.0113793820146874,57659.0,58236.666666666664,53.00094021168013
2016-09-22,58407,59462,58407,58994,5350754816,0.0102923295600501,57769.555555555555,58283.04761904762,56.308929284620284
2016-09-23,58992,59130,58408,58697,4531698688,-0.0050344102790114,57781.88888888889,58329.71428571428,54.27587763658084
2016-09-26,58697,58697,57904,58053,3520204544,-0.0109715999114093,57918.88888888889,58345.47619047619,50.05562784705386
2016-09-27,58066,58490,57410,58382,4606531584,0.0056672351127418,58065.88888888889,58377.19047619047,52.10452654677119
2016-09-28,58382,59415,58353,59355,5102558208,0.0166660957144324,58226.555555555555,58412.666666666664,57.639286850296344
2016-09-29,59345,59621,58291,58350,5056168448,-0.0169320192064695,58367.77777777778,58401.95238095238,51.07415514565441
2016-09-30,58349,58900,58271,58367,5014374912,0.0002913453299058,58480.77777777778,58424.142857142855,51.17546006773702
2016-10-03,58370,59548,58366,59461,4901364224,0.0187434680555793,58672.444444444445,58482.47619047619,57.3024633997
2016-10-04,59461,59579,58891,59339,6596404224,-0.0020517650224517,58777.555555555555,58469.28571428572,56.45168962545775
2016-10-05,59340,60477,59340,60254,5638369280,0.0154198756298555,58917.555555555555,58502.04761904762,61.11475580302813
2016-10-06,60254,60723,60070,60644,5711996928,0.0064725993295051,59133.88888888889,58526.57142857143,62.93645002073477
2016-10-07,60645,61274,60478,61108,6944587776,0.0076512103423256,59473.333333333336,58568.333333333336,65.03519566734312
2016-10-10,61130,61756,61130,61668,5335272448,0.0091641028997839,59838.444444444445,58743.04761904762,67.432133823519
2016-10-11,61668,61668,60884,61021,6409458176,-0.0104916650450801,60023.555555555555,58859.0,62.132504171687465
2016-10-13,61020,61328,60243,61118,8912762880,0.0015896166893365,60331.11111111111,59063.666666666664,62.60698777279908
2016-10-14,61120,62038,61120,61767,7316119040,0.0106188029713014,60708.88888888889,59287.857142857145,65.7034298285127
2016-10-17,61767,62696,61718,62696,6452666880,0.0150403937377563,61068.333333333336,59515.80952380953,69.58586074352004
2016-10-18,62701,63937,62701,63782,7928402944,0.0173216792139849,61562.0,59835.0,73.37959188739612
2016-10-19,63783,64088,63308,63505,6206674432,-0.0043429180646576,61923.22222222222,60128.09523809524,70.94867594450137
2016-10-20,63494,63927,62728,63837,5980503552,0.0052279348082828,62278.0,60418.619047619046,72.1399706654152
2016-10-21,63838,64371,63378,64108,6071317504,0.0042451869605402,62611.333333333336,60690.76190476191,73.10929984655021
2016-10-24,64140,64691,63913,64059,5949488640,-0.0007643351843763,62877.0,60931.95238095238,72.61732664486136
2016-10-25,64058,64266,63247,63866,6664820736,-0.0030128475311821,63193.11111111111,61178.09523809524,70.60206184714724
2016-10-26,63859,63924,63083,63825,7427990016,-0.0006419691228509,63493.88888888889,61452.95238095238,70.1566396331988
2016-10-27,63827,64608,63827,64249,6565769216,0.0066431649040343,63769.666666666664,61732.333333333336,72.1158395103501
2016-10-28,64250,64728,63777,64307,6564977664,0.0009027377858021,63948.666666666664,61968.142857142855,72.38292818395468
2016-10-31,64311,65054,64311,64924,6936414720,0.0095946008988134,64075.555555555555,62281.19047619047,75.1137831326604
2016-11-01,64921,65291,63018,63326,7765001728,-0.0246133941223584,64055.666666666664,62517.333333333336,58.87574041047763
2016-11-03,63324,63523,61750,61750,7338171392,-0.0248870921896219,63823.77777777778,62626.333333333336,47.881897688561
2016-11-04,61749,62698,61491,61598,6605883904,-0.0024615384615385,63544.88888888889,62733.90476190476,46.97090657924825
2016-11-07,61600,64193,61600,64051,5800334336,0.0398227215169324,63544.0,62914.71428571428,60.148271904762304
2016-11-08,64051,64767,63381,64157,5613520896,0.0016549312266787,63576.333333333336,63082.0,60.60384827038004
2016-11-09,64157,64358,61794,63258,9573427200,-0.0140125005845036,63513.333333333336,63184.380952380954,54.87428629109713
2016-11-10,63260,63903,60553,61200,13788038144,-0.0325334345063075,63174.555555555555,63162.09523809524,44.502065552534035
2016-11-11,61198,61626,58920,59183,13665397760,-0.0329575163398693,62605.22222222222,63074.57142857143,37.100439616612555
2016-11-14,59183,59961,58322,59657,8832336896,0.0080090566547825,62020.0,63005.0,39.641093215148146
2016-11-16,59658,60915,59363,60759,8185857536,0.0184722664565768,61734.77777777778,62957.0,45.184643889990284
2016-11-17,60762,61492,59745,59770,6670320128,-0.016277423920736,61514.77777777778,62817.666666666664,41.50078996718448
2016-11-18,59770,60193,59327,59961,5949702656,0.0031955830684289,61332.88888888889,62635.71428571428,42.4761859652469
2016-11-21,59962,61070,59962,61070,6276029952,0.0184953553142876,61001.666666666664,62519.76190476191,47.90732011788797
2016-11-22,61072,62549,61072,61954,7146034688,0.0144751924021615,60756.88888888889,62430.09523809524,51.81284613059876
2016-11-23,61955,62046,61233,61985,5657284608,0.0005003712431803,60615.444444444445,62329.0,51.94889668347211
2016-11-24,61998,62104,61392,61395,2497462528,-0.0095184318786802,60637.11111111111,62202.142857142855,49.10712894172237
2016-11-25,61393,61559,60572,61559,4492791296,0.00267122729864,60901.11111111111,62092.28571428572,49.92708698248692
2016-11-28,61558,62934,61240,62855,5107412992,0.021052973570071,61256.444444444445,62046.09523809524,55.964898064302886
2016-11-29,62858,62858,60979,60986,6474872832,-0.0297351046058388,61281.666666666664,61890.71428571428,47.13750889911772
2016-11-30,60994,62589,60994,61906,8504769536,0.0150854294428228,61519.0,61776.380952380954,51.21649968463999
2016-12-01,61906,61910,59058,59506,9995236352,-0.0387684554001227,61468.444444444445,61518.380952380954,42.09193614415638
2016-12-02,59498,60378,58092,60316,7512935424,0.0136120727321613,61384.666666666664,61375.04761904762,45.61362344819576
2016-12-05,60322,60720,59635,59831,5015676928,-0.0080409841501425,61148.77777777778,61283.666666666664,43.892380074543766
2016-12-06,59828,61234,59395,61088,6487045632,0.0210091758452974,61049.11111111111,61259.380952380954,49.23874146587424
2016-12-07,61110,61917,61062,61414,6880189952,0.0053365636458879,61051.22222222222,61133.80952380953,50.55465951295384
2016-12-08,61429,61935,60499,60676,5427315200,-0.0120168039860618,60953.11111111111,60968.04761904762,47.54951085287044
2016-12-09,60688,61129,60315,60500,6307487744,-0.0029006526468455,60691.444444444445,60836.71428571428,46.83450159787941
2016-12-12,60516,60516,59034,59178,5615149568,-0.0218512396694214,60490.555555555555,60740.42857142857,41.755453920845255
2016-12-13,59177,59946,58757,59280,6367287296,0.0017236135050187,60198.77777777778,60745.04761904762,42.27560461139815
2016-12-14,59280,59337,58212,58212,6769386496,-0.0180161943319837,60055.0,60676.23809523809,38.407924736764414
2016-12-15,58213,58635,57574,58396,6172119040,0.0031608603037174,59841.666666666664,60563.71428571428,39.43595714302185
2016-12-16,58397,59311,58365,58389,6580893184,-0.0001198712240564,59681.444444444445,60497.95238095238,39.40900816049701
2016-12-19,58390,58599,57109,57110,5830645248,-0.0219048108376578,59239.444444444445,60362.19047619047,34.73798711158548
2016-12-20,57115,57918,57038,57582,4815492096,0.0082647522325336,58813.666666666664,60196.09523809524,37.67389511796182
2016-12-21,57583,58049,57221,57646,4236179456,0.0011114584418741,58477.0,59990.95238095238,38.08064837333669
2016-12-22,57645,57645,56828,57255,4951828480,-0.0067827776428546,58116.444444444445,59765.71428571428,36.51285677898643
2016-12-23,57255,58142,57255,57937,3918750720,0.0119116234390008,57978.555555555555,59601.04761904762,41.070195402517065
2016-12-26,57940,58781,57940,58620,1174756480,0.0117886670003624,57905.22222222222,59461.09523809524,45.304645035384574
2016-12-27,58627,59067,58402,58696,2841011968,0.0012964858410098,57959.0,59263.04761904762,45.77159076416489
2016-12-28,58688,59911,58688,59781,3532731136,0.0184850756439962,58112.88888888889,59205.666666666664,52.06350850146741
2016-12-29,59781,60248,59277,60227,3982297088,0.0074605643933691,58317.11111111111,59125.71428571428,54.40536212259369
2017-01-02,60227,60227,59370,59588,1439010048,-0.0106098593654009,58592.444444444445,59129.619047619046,50.59185315732629
2017-01-03,59631,61814,59631,61813,6146158592,0.0373397328321138,59062.555555555555,59200.90476190476,60.87547287786361
2017-01-04,61810,61940,61302,61589,4889768960,-0.0036238331742514,59500.666666666664,59284.619047619046,59.53208561156633
2017-01-05,61594,62408,61594,62070,5811926528,0.0078098361720437,60035.666666666664,59331.380952380954,61.49696365764284
2017-01-06,62071,62071,61395,61665,4212310528,-0.0065248912518124,60449.88888888889,59343.333333333336,58.903612436412764
2017-01-09,61680,62111,61307,61700,4676979712,0.0005675829076461,60792.11111111111,59392.09523809524,59.064272480589
2017-01-10,61710,62445,61710,62131,4977702400,0.0069854132901134,61173.77777777778,59469.76190476191,61.08193877818491
2017-01-11,62133,62674,61664,62446,5486102528,0.0050699328837455,61469.88888888889,59625.380952380954,62.535343441503315
2017-01-12,62448,64342,62448,63953,8706349056,0.0241328507830764,61883.88888888889,59847.90476190476,68.58066869610568
2017-01-13,63939,64091,63365,63651,5234393088,-0.0047222178787547,62335.333333333336,60106.90476190476,66.2727973624551
2017-01-16,63651,64013,63555,63831,3187306752,0.0028279210067398,62559.555555555555,60365.71428571428,66.98591212297204
2017-01-17,63827,64658,63456,64354,5637782528,0.0081935109899577,62866.77777777778,60649.76190476191,69.03457286866167
2017-01-18,64359,64680,64062,64149,5828575744,-0.0031855051745035,63097.77777777778,60984.95238095238,67.27241577603252
2017-01-19,64145,64455,63573,63950,5529258496,-0.0031021528005112,63351.666666666664,61288.19047619047,65.52393112594682
2017-01-20,63950,64693,63950,64521,6489755648,0.0089288506645817,63665.11111111111,61615.57142857143,68.08699929645404
2017-01-23,64518,65815,64500,65748,5774255104,0.019017064211652,64067.0,62020.0,72.77146285694784
2017-01-24,65751,66172,65615,65840,7591694848,0.0013992821074404,64444.11111111111,62396.333333333336,73.09041619526145
2017-01-26,65841,66593,65841,66190,7342973952,0.0053159173754555,64692.666666666664,62756.80952380953,74.32271721267598
2017-01-27,66195,66242,65875,66033,5090128896,-0.0023719595105,64957.333333333336,63106.19047619047,72.71412884782642
2017-01-30,66025,66025,64164,64301,4422124544,-0.0262293095876304,65009.555555555555,63321.42857142857,57.84128017284557
2017-01-31,64309,64900,64283,64670,5156595712,0.0057386354800081,65044.666666666664,63533.0,59.73104962888011
2017-02-01,64686,65593,64686,64836,6319787520,0.0025668779959795,65121.0,63782.90476190476,60.58695896039097
2017-02-02,64835,65132,64162,64578,5873742336,-0.003979270775495,65190.77777777778,63914.57142857143,58.505580546839006
2017-02-03,64579,65387,64264,64953,6956953088,0.0058069311530242,65238.77777777778,64074.76190476191,60.623017876111824
2017-02-06,64957,65326,63932,63992,5072676352,-0.0147953135344017,65043.666666666664,64166.28571428572,53.13935893872719
2017-02-07,64022,64815,63937,64198,5713239040,0.0032191523940492,64861.22222222222,64286.90476190476,54.43776336049454
2017-02-08,64199,64835,63739,64835,6281678336,0.0099224274899529,64710.666666666664,64436.19047619047,58.28663868131567
2017-02-09,64850,65302,64586,64964,5573187584,0.0019896660754221,64591.88888888889,64571.09523809524,59.04122807324732
2017-02-10,64964,66291,64935,66124,7064255488,0.0178560433470844,64794.444444444445,64746.23809523809,65.1468571494485
2017-02-13,66124,67093,66124,66967,6611576320,0.0127487750287338,65049.666666666664,64889.76190476191,68.7881624766132
2017-02-14,66971,67110,66251,66712,6930967040,-0.0038078456553227,65258.11111111111,65035.52380952381,66.52408467301039
2017-02-15,66712,68015,66712,67975,8936524800,0.018932126154215,65635.55555555556,65232.857142857145,71.52343032394623
2017-02-16,67978,68455,67661,67814,7617842176,-0.0023685178374401,65953.44444444444,65397.619047619046,70.08654352430412
2017-02-17,67814,67819,67157,67748,5711812608,-0.0009732503612823,66370.77777777778,65569.0,69.4704072089702
2017-02-20,67756,68673,67756,68532,4840133120,0.0115722973371907,66852.33333333333,65787.19047619047,72.55668839952526
2017-02-21,68536,69111,68536,69052,6468865024,0.007587696258682,67320.88888888889,66002.95238095238,74.4048665949837
2017-02-22,69052,69052,68282,68589,6944932864,-0.0067050918148641,67723.66666666667,66138.23809523809,69.89156435756978
2017-02-23,68590,69487,67279,67461,8449805824,-0.016445785767397,67872.22222222222,66215.42857142857,60.295545443874076
2017-02-24,67458,67458,66452,66662,6426526208,-0.0118438801678006,67838.33333333333,66237.90476190476,54.579231012937086
2017-03-01,66661,67397,66661,66988,4927317504,0.0048903423239625,67869.0,66283.38095238095,56.39565068034657
2017-03-02,67000,67035,65593,65854,6425778176,-0.0169284050874783,67633.33333333333,66357.33333333333,49.04778439042195
2017-03-03,65860,66800,65860,66785,5590720000,0.014137334102712,67519.0,66458.04761904762,54.3109721157216
2017-03-06,66786,66891,66118,66341,6582061568,-0.0066481994459833,67362.66666666667,66529.71428571429,51.574812568673345
2017-03-07,66342,66641,65667,65742,5869522944,-0.0090291071886163,67052.66666666667,66585.14285714286,48.05725406605964
2017-03-08,65747,65809,64496,64718,6611697664,-0.015576039670226,66571.11111111111,66573.95238095238,42.69619423669833
2017-03-09,64718,65067,64202,64585,6734460928,-0.0020550696869495,66126.22222222222,66602.19047619047,42.04021067980128
2017-03-10,64585,65724,64471,64675,6786068992,0.0013935124254857,65816.66666666667,66624.90476190476,42.68196767719609
2017-03-13,64674,65651,64674,65534,4503762432,0.0132817935833011,65691.33333333333,66658.19047619047,48.53875484693479
2017-03-14,65511,65549,64699,64699,5758374400,-0.0127414777062287,65437.0,66645.57142857143,43.84845644037567
2017-03-15,64701,66317,64537,66234,7764728320,0.0237252507766734,65479.22222222222,66650.80952380953,52.865380921672674
2017-03-16,66232,66554,65530,65782,6069032448,-0.006824289639762,65367.77777777778,66594.38095238095,50.30377651224385
2017-03-17,65783,66205,64151,64209,10424205312,-0.0239123164391474,65130.88888888889,66475.19047619047,42.57259618998285
2017-03-20,64209,65135,63672,64884,7339370496,0.0105125449703311,65035.555555555555,66328.0,46.38084169543601
2017-03-21,64883,64964,62794,62980,7247119872,-0.0293446766537205,64842.444444444445,66097.80952380953,38.60425846618975
2017-03-22,62980,63747,62496,63521,7727376384,0.0085900285805018,64724.22222222222,65896.52380952382,41.600483673052274
2017-03-23,63521,63942,62840,63530,7423237632,0.0001416854268667,64597.0,65658.33333333333,41.651498432069225
2017-03-24,63553,63997,63468,63853,5421590528,0.0050842121832204,64410.22222222222,65410.76190476191,43.557136093303185
2017-03-27,63829,64356,63030,64308,5226750464,0.0071257419385151,64366.77777777778,65206.90476190476,46.22161293543233
2017-03-28,64308,64847,64041,64640,6754400256,0.0051626547241401,64189.666666666664,65072.57142857143,48.1451632472591
2017-03-29,64635,65551,64476,65528,8008415744,0.0137376237623763,64161.444444444445,65018.57142857143,52.98864948870372
2017-03-30,65541,65775,65070,65265,4614589440,-0.0040135514589183,64278.77777777778,64936.52380952381,51.455693450153376
2017-03-31,65266,65596,64859,64984,5367251456,-0.0043055236344134,64289.88888888889,64895.09523809524,49.79803773836732
2017-04-03,64989,65384,64774,65211,5436308480,0.0034931675489351,64537.77777777778,64820.142857142855,51.16665371305921
2017-04-04,65211,65775,64989,65768,4325063168,0.0085415037340326,64787.444444444445,64792.857142857145,54.448213686594514
2017-04-05,65769,66211,64492,64774,6082970624,-0.0151137331224912,64925.666666666664,64746.76190476191,48.22071837466519
2017-04-06,64774,64921,63762,64222,5733356032,-0.0085219378145552,64966.666666666664,64723.142857142855,45.13350789939667
2017-04-07,64201,65197,64016,64593,5628471296,0.0057768365980506,64998.333333333336,64723.52380952381,47.56339793274911
2017-04-10,64593,64927,64115,64649,5974980608,0.000866967008809,64999.333333333336,64722.28571428572,47.938196082456585
2017-04-11,64650,64871,63351,64359,6292018176,-0.0044857615740382,64869.444444444445,64666.333333333336,46.100542737272036
2017-04-12,64362,64455,63814,63891,8203415040,-0.0072717102503145,64716.77777777778,64627.857142857145,43.221088748778094
2017-04-13,63891,63991,62826,62826,5932152320,-0.0166690144151758,64477.0,64465.57142857143,37.483462616102436
2017-04-17,62827,64423,62827,64334,5931961856,0.0240028013879602,64379.555555555555,64396.619047619046,48.00813038188555
2017-04-18,64335,64590,63716,64158,5880949760,-0.0027357229458762,64200.666666666664,64394.19047619047,47.013342203266596
2017-04-19,64164,64572,63218,63406,5604528640,-0.0117210636241777,64048.666666666664,64323.80952380953,42.920969304241204
2017-04-20,63406,64163,63388,63760,5292178432,0.0055830678484685,63997.333333333336,64360.95238095238,45.3333542275812
2017-04-24,63761,64753,63761,64389,6364600320,0.0098651191969887,63974.666666666664,64402.28571428572,49.42360515677786
2017-04-25,64383,65148,63875,65148,5984922112,0.0117877277174671,64030.11111111111,64479.333333333336,53.90541332248857
2017-04-26,65143,65436,64679,64861,6103491072,-0.0044053539632835,64085.88888888889,64527.333333333336,52.027968978532115
2017-04-27,64871,65326,64292,64676,6510424576,-0.0028522532800913,64173.11111111111,64544.857142857145,50.79976386940578
2017-04-28,64679,65403,64591,65403,5936539136,0.0112406456800049,64459.444444444445,64581.19047619047,55.26859489294577
2017-05-02,65404,66851,65404,66721,7387321344,0.020151980795988,64724.666666666664,64638.0,62.006194834251595
2017-05-03,66720,66757,65898,66093,6878687744,-0.0094123289519042,64939.666666666664,64677.42857142857,57.55758649656401
2017-05-04,66069,66098,64720,64862,7380405760,-0.0186252704522414,65101.444444444445,64671.619047619046,49.98700407610407
2017-05-05,64868,65768,64863,65709,5068389888,0.0130584934167925,65318.0,64695.333333333336,54.428507583367065
2017-05-08,65705,66014,65295,65526,4319142400,-0.0027850066200977,65444.333333333336,64683.80952380953,53.32660441434446
2017-05-09,65533,66535,65533,66277,5040354304,0.0114610994109207,65569.77777777778,64755.380952380954,57.15964645603657
2017-05-10,66283,67528,66283,67349,6439174144,0.0161745401873953,65846.22222222222,64904.28571428572,61.961776752193465
2017-05-11,67355,67709,67191,67537,5994789376,0.002791429716848,66164.11111111111,65044.47619047619,62.75036564302766
2017-05-12,67536,68428,67536,68221,7850769920,0.0101277818084901,66477.22222222222,65214.57142857143,65.54881547841438
2017-05-15,68226,68592,68081,68474,6556772864,0.0037085354949355,66672.0,65410.52380952381,66.54983574365096
2017-05-16,68473,68791,68124,68684,7217915904,0.0030668574933552,66959.88888888889,65638.76190476191,67.39664284132434
2017-05-17,68674,68674,67163,67540,6426200064,-0.0166559897501601,67257.44444444444,65863.23809523809,58.68142408371776
2017-05-18,67535,67535,60314,61597,20466802688,-0.0879923008587503,66800.55555555556,65732.90476190476,34.048946479314694
2017-05-19,61596,63488,61596,62639,11148108800,0.0169164082666364,66479.77777777778,65660.57142857143,38.89234021717391
2017-05-22,62638,62638,60924,61673,9907995648,-0.0154217021344529,65968.22222222222,65578.04761904762,36.235551576141354
2017-05-23,61670,62774,61670,62662,7691476480,0.0160361908776935,65447.444444444445,65525.76190476191,40.70175612974399
2017-05-24,62672,64015,62672,63257,7450151424,0.0094953879544221,64971.88888888889,65471.857142857145,43.27590089587057
2017-05-25,63256,63991,62761,63226,6869617152,-0.0004900643407054,64416.88888888889,65380.333333333336,43.1707506851033
2017-05-26,63227,64170,63227,64085,6800107520,0.0135861828994401,63929.22222222222,65343.380952380954,47.01270282564623
2017-05-29,64054,64054,63530,63760,2944768512,-0.0050713895607396,63382.11111111111,65299.76190476191,45.75241727733322
2017-05-30,63764,64107,63720,63962,4074896384,0.0031681304893349,62984.555555555555,65231.142857142855,46.70864902394465
2017-05-31,63960,63984,62672,62711,8866338816,-0.0195584878521621,63108.333333333336,65040.19047619047,41.79506491021722
2017-06-01,62711,63293,62165,62288,5973555200,-0.0067452281099009,63069.333333333336,64859.0,40.25312164111025
2017-06-02,62289,62773,62160,62510,5305172992,0.0035640893912149,63162.333333333336,64747.0,41.4734965248151
2017-06-05,62503,62800,62009,62450,4564017152,-0.000959846424572,63138.77777777778,64591.80952380953,41.22838859509944
2017-06-06,62449,63301,62426,62954,5410665984,0.0080704563650921,63105.11111111111,64469.333333333336,44.21101683728294
2017-06-07,62954,63636,62911,63170,5307503104,0.0034310766591478,63098.88888888889,64321.380952380954,45.487845928912094
2017-06-08,63170,63170,62376,62755,4980242944,-0.0065695741649517,62951.11111111111,64102.619047619046,43.43117444825074
2017-06-09,62755,63065,62095,62210,5707488768,-0.0086845669667755,62778.88888888889,63848.95238095238,40.82090538411269
2017-06-12,62218,62286,61278,61700,5579756032,-0.0081980389004983,62527.555555555555,63538.42857142857,38.48966938630572
2017-06-13,61708,62011,61510,61828,4827228672,0.0020745542949756,62429.444444444445,63221.95238095238,39.424695394943434
2017-06-14,61830,62475,61507,61922,8440335360,0.0015203467684543,62388.77777777778,62899.95238095238,40.1442832633603
2017-06-16,61911,61921,61269,61626,9677524992,-0.0047802073576435,62290.555555555555,62618.333333333336,38.58972002051395
2017-06-19,61619,62272,61619,62014,4771050496,0.006296043877584,62242.11111111111,62638.19047619047,41.772714798957715
2017-06-20,62010,62010,60766,60766,6615237632,-0.0201244880188344,61999.0,62549.0,35.414396844634496
2017-06-21,60783,61187,60543,60761,5570758656,-8.228285554423564e-05,61731.333333333336,62505.57142857143,35.39115426272734
2017-06-22,60762,61353,60758,61272,5258904576,0.0084099998354207,61566.555555555555,62439.380952380954,39.743692679647
2017-06-23,61272,61399,60991,61087,4608403968,-0.0030193236714975,61441.77777777778,62336.04761904762,38.726520163967436
2017-06-26,61087,62250,61087,62188,4606251520,0.0180234747163881,61496.0,62286.619047619046,47.36096798322741
2017-06-27,62188,62424,61580,61675,5938661376,-0.0082491799060911,61479.0,62171.857142857145,44.23326334376533
2017-06-28,61684,62057,61433,62017,4615154176,0.0055451965950548,61489.555555555555,62088.857142857145,46.757649604362605
2017-06-29,62009,62498,61689,62238,4942473216,0.0035635390296209,61557.555555555555,62006.76190476191,48.38364299889545
2017-06-30,62237,63037,62237,62899,4756759040,0.010620521224975,61655.88888888889,62015.71428571428,53.006332917727576
2017-07-03,62900,63337,62900,63279,3659892480,0.0060414315012957,61935.11111111111,62062.90476190476,55.47508421129755
2017-07-04,63268,63345,63075,63231,1681491072,-0.0007585454890247,62209.555555555555,62097.23809523809,55.08145642858906
2017-07-05,63215,63484,62708,63154,5459972096,-0.0012177571128085,62418.666666666664,62130.76190476191,54.414440639995156
2017-07-06,63156,63188,62353,62470,5463268864,-0.0108306678911865,62572.333333333336,62107.71428571428,48.76519191148032
2017-07-07,62474,62925,62035,62322,5258822656,-0.0023691371858491,62587.22222222222,62067.333333333336,47.61334304355679
2017-07-10,62322,63135,62322,63025,4227237376,0.0112801257982735,62737.22222222222,62080.19047619047,53.26070950839557
2017-07-11,63026,63891,62907,63832,4618918912,0.0128044426814755,62938.88888888889,62157.42857142857,58.757097702226964
2017-07-12,63840,64937,63826,64835,7732437504,0.0157131219451058,63227.444444444445,62306.71428571428,64.36593377318985
2017-07-13,64854,65302,64854,65178,5803675648,0.0052903524330993,63480.666666666664,62466.23809523809,66.0655177407063
2017-07-14,65178,65624,65178,65436,4931113984,0.0039583908680842,63720.333333333336,62633.57142857143,67.32782634037781
2017-07-17,65431,65478,65119,65212,4460094464,-0.003423192126658,63940.444444444445,62804.333333333336,65.0648312240364
2017-07-18,65208,65337,64942,65337,4428506624,0.0019168251242103,64183.0,62962.57142857143,65.75652447457742
2017-07-19,65336,65603,64873,65179,4787172864,-0.0024182316298575,64484.0,63172.71428571428,64.03080031330717
2017-07-20,65178,65505,64897,64938,4310023680,-0.0036975099341812,64774.666666666664,63371.619047619046,61.384518913027144
2017-07-21,64935,65149,64599,64684,4076496640,-0.0039114232036712,64959.0,63534.09523809524,58.63410079063259
2017-07-24,64694,65104,64677,65099,3691864832,0.0064158060725991,65099.77777777778,63725.142857142855,61.65700871263577
2017-07-25,65101,65748,65101,65667,5717615616,0.0087251724296839,65192.22222222222,63890.80952380953,65.3854403366206
2017-07-26,65668,65873,64991,65010,5515268608,-0.0100050253552012,65173.555555555555,64049.619047619046,58.32115800626724
2017-07-27,65012,65677,65012,65277,4722966528,0.0041070604522381,65155.88888888889,64204.857142857145,60.20293690321375
2017-07-28,65252,65497,64952,65497,4896216576,0.0033702529221624,65187.555555555555,64360.04761904762,61.73593005381383
2017-07-31,65502,66047,65502,65920,5042103296,0.0064583110676825,65252.333333333336,64503.90476190476,64.56246925918546
2017-08-01,65925,66605,65925,66516,5650564096,0.0090412621359223,65400.88888888889,64658.04761904762,68.13420400886596
2017-08-02,66503,67276,66304,67135,7565085696,0.0093060316314872,65645.0,64843.95238095238,71.36254391791867
2017-08-03,67135,67256,66704,66777,5493516800,-0.0053325389141282,65877.55555555556,65016.47619047619,67.1268202470321
2017-08-04,66783,67104,66525,66897,4746212864,0.0017970259220989,66077.33333333333,65227.28571428572,67.81638495224945
2017-08-07,66897,68043,66887,67939,5862550016,0.015576184283301,66329.77777777778,65494.76190476191,73.0941614823477
2017-08-08,67936,68500,67671,67898,6354961920,-0.0006034825358042,66650.66666666667,65726.80952380953,72.58974154506006
2017-08-09,67894,67894,67290,67671,4828267008,-0.0033432501693717,66916.66666666667,65909.61904761905,69.72094655422438
2017-08-10,67671,67671,66649,66992,5780103168,-0.0100338401974258,67082.77777777778,66012.33333333333,61.847337092528505
2017-08-11,66991,67623,66677,67358,5703718912,0.005463338906138,67242.55555555556,66116.14285714286,64.1945664390143
2017-08-14,67363,68641,67226,68284,5628303360,0.0137474390569791,67439.0,66251.76190476191,69.33488316463874
2017-08-15,68295,68846,68292,68355,5520579584,0.0010397750571145,67574.55555555556,66401.42857142857,69.69413555310777
2017-08-16,68356,68950,68304,68594,8060500480,0.0034964523443785,67776.44444444444,66556.52380952382,70.92878170822752
2017-08-17,68595,68595,67866,67976,5307045376,-0.009009534361606,67896.33333333333,66689.71428571429,63.70201164912387
2017-08-18,67989,68807,67979,68714,6784697344,0.0108567729786983,67982.44444444444,66869.52380952382,67.90716972227129
2017-08-21,68713,69068,68514,68634,5191117824,-0.0011642460051809,68064.22222222222,67057.61904761905,67.00102096770006
2017-08-22,68644,70277,68644,70011,7887149568,0.0200629425649094,68324.22222222222,67291.52380952382,73.54473872937488
2017-08-23,70010,70586,69947,70477,6342231040,0.0066560968990587,68711.44444444444,67520.57142857143,75.32780890584769
2017-08-24,70482,71237,70482,71132,6285566464,0.0092938121656711,69130.77777777778,67812.09523809524,77.6119012667285
2017-08-25,71137,71505,70801,71073,4722876416,-0.0008294438508688,69440.66666666667,68088.09523809524,76.92110993624699
2017-08-28,71074,71390,70909,71017,4467638520,-0.0007879222770953,69736.44444444444,68350.95238095238,76.22760187796789
2017-08-29,71005,71330,70517,71330,0,0.004407395412366,70040.44444444444,68608.57142857143,77.45128444115554
2017-08-30,71328,71454,70755,70886,0,-0.0062245899341091,70363.77777777778,68816.66666666667,71.8048670928875
2017-08-31,70887,71234,70516,70835,0,-0.0007194650565697,70599.44444444444,68992.85714285714,71.16310929336964
2017-09-01,70848,72217,70846,71923,0,0.0153596385967389,70964.88888888889,69237.90476190476,76.07559989293452
2017-09-04,71921,72141,71671,72129,0,0.0028641741862824,71200.22222222222,69487.04761904762,76.87873373136262
2017-09-05,72134,73180,71827,72151,0,0.0003050090809522,71386.22222222222,69687.61904761905,76.96765898109433
2017-09-06,72157,73608,72157,73412,0,0.0174772352427547,71639.55555555556,69950.19047619047,81.38658415413015
2017-09-08,73413,73646,72925,73079,0,-0.0045360431537078,71862.44444444444,70207.71428571429,77.17570294765692
2017-09-11,73096,74636,73096,74319,7016566120,0.0169679388059498,72229.33333333333,70556.61904761905,81.09762290862878
2017-09-12,74322,75332,74294,74539,7413208030,0.0029602120588274,72585.88888888889,70898.57142857143,81.69848397050536
2017-09-13,74543,75146,74196,74788,6972988520,0.0033405331437235,73019.44444444444,71208.28571428571,82.38113222498144
2017-09-14,74787,74949,74397,74657,6808833980,-0.001751617906616,73444.11111111111,71508.38095238095,80.67618130048535
2017-09-15,74656,75820,74648,75757,11281929040,0.0147340503904522,73870.11111111111,71849.47619047618,83.722515166064
2017-09-18,75758,76404,75621,75990,6968436050,0.0030756233747375,74299.11111111111,72231.09523809524,84.28755144386619
2017-09-19,75990,76071,75300,75974,6250532270,-0.0002105540202658,74723.88888888889,72576.80952380953,84.07173338615759
2017-09-20,75974,76420,75074,76004,8145565250,0.0003948719298707,75011.88888888889,72927.76190476191,84.15366267666712
2017-09-21,76014,76251,75282,75604,7100782940,-0.0052628809010052,75292.44444444444,73194.09523809524,78.36576958838273
2017-09-22,75618,75734,75029,75390,5967172160,-0.0028305380667689,75411.44444444444,73428.04761904762,75.37877114613937
2017-09-25,75381,75470,74303,74443,6358399300,-0.0125613476588406,75400.77777777778,73585.71428571429,63.79124876216529
2017-09-26,74443,74971,74319,74319,7354021580,-0.0016657039614201,75348.66666666667,73740.28571428571,62.43778872745079
2017-09-27,74358,74744,73125,73797,7287792490,-0.0070237758850361,75253.11111111111,73872.66666666667,56.959050220669155
2017-09-28,73808,74011,73277,73567,6279090630,-0.0031166578587205,75009.77777777778,73979.19047619047,54.68226748246709
2017-09-29,73571,74518,73571,74294,6448158820,0.0098821482458166,74821.33333333333,74141.47619047618,60.10995278958373
2017-10-02,74295,74506,73845,74360,5306036280,0.0008883624518802,74642.0,74309.33333333333,60.571641644732935
2017-10-03,74363,76763,74363,76763,8324942840,0.0323157611619149,74726.33333333333,74539.80952380953,72.87939399384408
2017-10-04,76763,77004,76422,76591,6494690490,-0.0022406628193269,74836.0,74752.28571428571,71.1669831500077
2017-10-05,76592,78024,76592,76618,8663348660,0.0003525218367692,74972.44444444444,74965.0,71.28105845717411
2017-10-06,76618,76618,75603,76055,5807158490,-0.0073481427340833,75151.55555555556,75090.85714285714,65.46486120861101
2017-10-09,76055,76067,75181,75727,4785415850,-0.0043126684636118,75308.0,75216.95238095238,62.276696947050134
2017-10-10,75745,76996,75745,76897,7406425440,0.0154502357151347,75652.44444444444,75339.71428571429,68.22178899832412
2017-10-11,76910,76985,76323,76660,7986250750,-0.0030820448131916,75996.11111111111,75440.71428571429,65.95433046031422
2017-10-13,76659,77319,76659,76990,7529528410,0.004304722149752,76295.66666666667,75545.57142857143,67.57057041122363
2017-10-16,76985,77382,76565,76892,7028014620,-0.0012728925834524,76577.0,75652.0,66.56002862261163
2017-10-17,76892,76892,76046,76201,6339329880,-0.0089866305987619,76514.55555555556,75673.14285714286,59.77217586554119
2017-10-18,76211,76730,76012,76591,6961039680,0.0051180430703008,76514.55555555556,75701.76190476191,62.1201759541883
2017-10-19,76591,76591,75366,76283,5284548670,-0.0040213602120353,76477.33333333333,75716.47619047618,59.18229520854805
2017-10-20,76291,76971,76291,76391,5857693910,0.0014157807112986,76514.66666666667,75734.90476190476,59.89847181532781
2017-10-23,76398,76498,75315,75413,5618666980,-0.012802555274836,76479.77777777778,75725.80952380953,51.146821040094856
2017-10-24,75426,76420,75426,76350,6586975210,0.0124249134764562,76419.0,75771.52380952382,57.54669168563771
2017-10-25,76350,76883,75404,76671,6400965420,0.0042043222003929,76420.22222222222,75877.61904761905,59.503919946721275
2017-10-26,76671,77061,75813,75896,6436575380,-0.0101081243234077,76298.66666666667,75952.71428571429,53.13465706958823
2017-10-27,75898,76617,75601,75976,6952248030,0.0010540739959945,76196.88888888889,76056.47619047618,53.68575797649701
2017-10-30,75973,75973,74305,74800,8084968720,-0.0154785721806885,76041.22222222222,76115.19047619047,45.260214033881624
2017-10-31,74798,75142,74145,74308,7453931590,-0.0065775401069518,75787.55555555556,76115.85714285714,42.271213203900516
2017-11-01,74310,75199,73823,73824,7749281424,-0.0065134305862087,75514.33333333333,76090.33333333333,39.50713747111973
2017-11-03,73834,74254,73094,73915,9181345550,0.0012326614651061,75239.22222222222,75954.71428571429,40.2975936088359
2017-11-06,73911,74445,73830,74311,7105922769,0.0053575052425083,75116.77777777778,75846.14285714286,43.74261302137067
2017-11-07,74306,74306,72386,72415,9018192185,-0.0255143922164955,74679.55555555556,75646.0,33.71227215965675
2017-11-08,72468,74481,72468,74363,6193986564,0.0269005040392182,74423.11111111111,75565.42857142857,47.126959569840785
2017-11-09,74363,74363,72795,72931,7034401807,-0.0192568885063808,74093.66666666667,75432.28571428571,40.61938030650976
2017-11-10,72932,73019,71920,72166,6625088411,-0.0104893666616391,73670.33333333333,75207.0,37.62996049924832
2017-11-13,72167,72735,71776,72475,6042716232,0.0042817947509907,73412.0,75007.71428571429,39.56471521918348
2017-11-14,72442,72838,70825,70827,6839738917,-0.0227388754743015,73025.22222222222,74714.23809523809,33.581514345773684
2017-11-16,70827,72896,70827,72512,6942103946,0.0237903624324056,72879.44444444444,74505.66666666667,43.06245930754174
2017-11-17,72512,73632,72390,73437,5699575425,0.0127565092674315,72826.33333333333,74374.04761904762,47.493467054048246
2017-11-21,73439,75073,73439,74595,6131321235,0.0157686179991012,72857.88888888889,74279.0,52.47930437343532
2017-11-22,74611,75019,74242,74519,7360450951,-0.0010188350425631,73091.66666666667,74195.0,52.12944174707658
2017-11-23,74519,74578,73851,74487,3019973730,-0.0004294206846575,73105.44444444444,74104.33333333333,51.97233213479113
2017-11-24,74503,74542,74093,74157,5417407076,-0.0044303032743968,73241.66666666667,74044.52380952382,50.289106835562215
2017-11-27,74157,74157,73159,74059,5677012488,-0.0013215205577356,73452.0,73935.42857142857,49.773563004429136
2017-11-28,74060,74989,74056,74140,6624864239,0.0010937225725435,73637.0,73814.90476190476,50.22773743697775
2017-11-29,74146,74515,72700,72700,6532383127,-0.0194227137847315,73845.11111111111,73662.71428571429,42.81543939976982
2017-11-30,72700,72700,71215,71971,4554119712,-0.0100275103163686,73785.0,73472.0,39.62719021612643
2017-12-01,71955,72472,71488,72264,4640061257,0.0040710841866862,73654.66666666667,73351.23809523809,41.51231901972215
2017-12-04,72266,73749,72266,73090,5219801406,0.0114303110815896,73487.44444444444,73293.23809523809,46.57671164287186
2017-12-05,73090,74166,72319,72546,5724107233,-0.0074428786427691,73268.22222222222,73232.38095238095,43.88176255912414
2017-12-06,72535,73418,71906,73268,5604543479,0.0099523061230115,73132.77777777778,73201.57142857143,48.168241235045485
2017-12-07,73268,73268,71356,72487,5628740766,-0.0106594966424632,72947.22222222222,73114.71428571429,44.23241582957075
2017-12-08,72489,73425,72489,72732,6381883432,0.0033799163988026,72799.77777777778,73129.80952380953,45.730481116895064
2017-12-11,72775,73361,72498,72800,5174630195,0.0009349392289501,72650.88888888889,73055.38095238095,46.16275524830813
2017-12-12,72800,73814,71798,73814,6207841602,0.0139285714285715,72774.66666666667,73097.42857142857,52.268293575722325
2017-12-13,73827,74622,72569,72914,7462553977,-0.0121928089522312,72879.44444444444,73133.04761904762,47.15651454859841
2017-12-14,72913,72913,71969,72429,7460455326,-0.0066516718325698,72897.77777777778,73130.85714285714,44.623811213884295
2017-12-15,72428,73069,72277,72608,7386386431,0.0024713857708928,72844.22222222222,73215.66666666667,45.78122408707902
2017-12-18,72621,73519,72621,73115,7081774262,0.0069827016306742,72907.44444444444,73244.38095238095,49.03070143990363
2017-12-19,73122,73139,72347,72680,3504121712,-0.0059495315598714,72842.11111111111,73208.33333333333,46.45799490788896
2017-12-20,72680,73492,72680,73367,4529486538,0.0094523940561364,72939.88888888889,73149.85714285714,50.84475766564886
2017-12-21,73367,75133,73265,75133,5234098790,0.024070767511279,73206.66666666667,73179.09523809524,59.932575100151354
2017-12-22,75128,75227,74623,75187,4074503326,0.0007187254601839,73471.88888888889,73212.42857142857,60.17503110331532
2017-12-26,75187,75837,74924,75708,3433955840,0.0069293893891231,73682.33333333333,73286.28571428571,62.53086070190251
2017-12-27,75708,76293,75708,76073,3764451916,0.0048211549638084,74033.33333333333,73382.19047619047,64.13166933578344
2017-12-28,76077,76437,76077,76402,4881507236,0.0043247932906549,74474.77777777778,73489.90476190476,65.55996147618953
2018-01-02,76403,77909,76403,77891,5654590375,0.0194890186120781,75061.77777777778,73737.09523809524,71.15777174246206
2018-01-03,77889,78414,77602,77995,6797876407,0.0013351991886096,75604.0,74023.95238095238,71.50613253549076
2018-01-04,77998,79135,77998,78647,7005344879,0.0083595102250144,76267.0,74327.90476190476,73.65448755652204
2018-01-05,78644,79071,78218,79071,6185965581,0.0053911783030502,76900.77777777778,74612.71428571429,74.9758354673564
2018-01-08,79070,79395,78631,79379,5781434115,0.0038952333978323,77372.55555555556,74938.09523809524,75.92060451171423
2018-01-09,79379,79415,78699,78864,6756081491,-0.006487862029,77781.11111111111,75204.57142857143,71.08776759509514
2018-01-10,78864,78864,78164,78201,5874222772,-0.0084068776628118,78058.11111111111,75476.66666666667,65.32278308076395
2018-01-11,78201,79365,78201,79365,6897010478,0.0148847201442436,78423.88888888889,75792.52380952382,69.93296448702509
2018-01-12,79365,79440,78861,79349,7224633258,-0.0002016002016002,78751.33333333333,76104.38095238095,69.79560661577726
2018-01-15,79349,79847,79349,79752,4084448509,0.0050788289707495,78958.11111111111,76387.14285714286,71.32341467354757
2018-01-16,79751,80246,79668,79832,6836755976,0.0010031096398837,79162.22222222222,76716.57142857143,71.63019300689287
2018-01-17,79832,81189,79828,81189,7366051970,0.0169981962120453,79444.66666666667,77133.71428571429,76.26794157721477
2018-01-18,81185,81367,80498,80963,7608988935,-0.002783628324034,79654.88888888889,77531.57142857143,74.09546199176127
2018-01-19,80965,81429,80854,81220,6882212121,0.0031742894902608,79859.44444444444,77917.52380952382,74.96864913827116
2018-01-22,81220,81675,80923,81675,6331246180,0.0056020684560453,80171.77777777778,78345.85714285714,76.48021732866195
2018-01-23,81676,81676,80524,80678,9338707170,-0.012206917661463,80447.0,78694.0,66.94116622363694
2018-01-24,80679,83680,80679,83680,9248135152,0.0372096482312402,80926.44444444444,79101.0,76.46123285131401
2018-01-26,83680,85531,83680,85531,10386378313,0.0221199808795411,81613.33333333333,79593.57142857143,80.23977856159675
2018-01-29,85531,85531,84341,84698,9492242755,-0.0097391589014509,82162.88888888889,80021.66666666667,74.44793417535875
2018-01-30,84697,84697,83804,84482,8288199840,-0.00255023731375,82679.55555555556,80422.09523809524,72.97695563000326
2018-01-31,84485,86213,84484,84913,8494820902,0.0051016784640514,83093.33333333333,80827.38095238095,74.07757588613639
2018-02-01,84913,86028,84833,85495,8670986569,0.0068540741700329,83596.88888888889,81189.47619047618,75.52707988414556
2018-02-02,85495,85495,83831,84041,8380891035,-0.0170068425054096,83910.33333333333,81477.38095238095,65.65047295131771
2018-02-05,84040,84311,81861,81861,7970000317,-0.0259397198986208,83931.0,81630.42857142857,54.20527303292366
2018-02-06,81857,84162,80804,83894,10918103945,0.024834780909102,84288.33333333333,81860.09523809524,61.02861226327081
2018-02-07,83894,84410,82548,82767,9687880100,-0.0134336186139651,84186.88888888889,82021.42857142857,56.043468199148194
2018-02-08,82773,83501,81109,81533,9507594000,-0.0149093237643022,83742.66666666667,82148.52380952382,51.119587865580385
2018-02-09,81532,81897,79690,80899,10176344035,-0.0077759925428967,83320.55555555556,82277.0,48.74977588210643
2018-02-14,80901,83782,80901,83543,7481267084,0.0326827278458323,83216.22222222222,82475.95238095238,57.58138616020406
2018-02-15,83551,84686,83551,84291,7657568490,0.0089534730617766,83147.11111111111,82711.28571428571,59.697323702466605
2018-02-16,84291,84575,83824,84525,8872678895,0.0027760970922161,83039.33333333333,82938.57142857143,60.363426742131075
2018-02-19,84525,84956,84525,84793,4990266605,0.003170659568175,83122.88888888889,83174.80952380953,61.155277206312576
2018-02-20,84792,86290,84261,85804,8148059275,0.0119231540339415,83561.0,83394.57142857143,64.07129198090564
2018-02-21,85804,87358,85804,86052,10298829280,0.0028903081441424,83800.77777777778,83636.90476190476,64.76993661322501
2018-02-22,86050,87159,86050,86686,9149503468,0.0073676381722678,84236.22222222222,83897.19047619047,66.56013633325404
2018-02-23,86690,87345,86138,87293,10934437747,0.0070022841058532,84876.22222222222,84164.71428571429,68.22492372685369
2018-02-26,87296,88318,87242,87653,7430921024,0.0041240420194059,85626.66666666667,84496.85714285714,69.2041541777457
2018-02-27,87649,87839,86613,86935,7087559275,-0.008191391053358,86003.55555555556,84651.85714285714,64.90778377567469
2018-02-28,86939,87109,85199,85354,10079164312,-0.0181860010352562,86121.66666666667,84643.42857142857,56.57840920826574
2018-03-01,85337,86260,84640,85378,8880746316,0.0002811819012582,86216.44444444444,84675.80952380953,56.669311588635416
2018-03-02,85378,85761,83897,85761,8607892552,0.0044859331443698,86324.0,84736.71428571429,58.17413879096327
2018-03-05,85761,86165,85053,86023,6933958594,0.0030550016907451,86348.33333333333,84789.57142857143,59.217540769146616
2018-03-06,86023,86931,85653,85653,8852183222,-0.0043011752670797,86304.0,84797.09523809524,57.05297793322433
2018-03-07,85653,85653,84397,85484,8681680613,-0.0019730774170197,86170.44444444444,84865.80952380953,56.04528417292239
2018-03-08,85510,85830,84491,84985,8837008949,-0.0058373496794721,85914.0,85014.57142857143,53.06500475515985
2018-03-09,84987,86389,84749,86371,8591966149,0.0163087603694769,85771.55555555556,85132.52380952382,59.50603807950793
2018-03-12,86386,87046,86386,86900,6833949664,0.0061247409431406,85767.66666666667,85329.33333333333,61.66823248109211
2018-03-13,86902,87333,86119,86384,7092668106,-0.0059378596087457,85882.11111111111,85560.33333333333,58.39298688065151
2018-03-14,86383,86970,85691,86051,6915093056,-0.003854880533432,85956.88888888889,85805.66666666667,56.31434061437932
2018-03-15,86051,86051,84720,84928,9588157703,-0.013050400343982,85864.33333333333,85871.61904761905,49.867358450765245
2018-03-16,84928,85495,84525,84886,14964021353,-0.0004945365486058,85738.0,85899.95238095238,49.6384772447956
2018-03-19,84886,84886,83678,83913,8643539343,-0.01146243196758,85544.66666666667,85870.80952380953,44.53840147295359
2018-03-20,83919,84412,83682,84164,6450324591,0.0029911932596855,85398.0,85840.85714285714,46.077525288524754
2018-03-21,84166,85145,84080,84977,8800488627,0.009659711990875,85397.11111111111,85801.47619047618,50.83662068230853
2018-03-22,84984,85499,84197,84768,8226103358,-0.0024594890382103,85219.0,85740.33333333333,49.62410406985054
2018-03-23,84766,85450,84042,84377,8193905779,-0.0046125896564741,84938.66666666667,85630.38095238095,47.348821436089516
2018-03-26,84377,85553,84357,85088,5976457864,0.0084264669281912,84794.66666666667,85525.38095238095,51.68678718562891
2018-03-27,85103,85296,83542,83808,7515489111,-0.0150432493418578,84545.44444444444,85342.28571428571,44.56771435527736
2018-03-28,83806,83889,82889,83874,7149057767,0.0007875143184421,84428.33333333333,85196.52380952382,44.98845684770494
2018-03-29,83874,85708,83874,85366,8397578738,0.0177885876433698,84481.66666666667,85197.09523809524,53.568273256744874
2018-04-02,85365,85675,84166,84666,6505478927,-0.0081999859428812,84565.33333333333,85163.19047619047,49.655326743824226
2018-04-03,84669,85411,84210,84623,6790376775,-0.0005078780147874,84616.33333333333,85109.0,49.41653262180917
2018-04-04,84610,84610,82826,84360,7234403352,-0.0031079021069921,84547.77777777778,85029.80952380953,47.89927711037688
2018-04-05,84374,86148,84374,85210,11313040318,0.0100758653390231,84596.88888888889,85008.71428571429,52.92945707080045
2018-04-06,85210,85210,83833,84820,7666908229,-0.0045769275906584,84646.11111111111,84977.09523809524,50.51939472799443
2018-04-09,84832,85110,83155,83307,7683052662,-0.0178377741098797,84448.22222222222,84897.19047619047,42.44489997640019
2018-04-10,83312,84538,83312,84510,8792783270,0.0144405632179769,84526.22222222222,84808.57142857143,49.37351422510221
2018-04-11,84494,85417,84340,85246,8225266150,0.0087090285173352,84678.66666666667,84729.80952380953,53.09390626966101
2018-04-12,85246,85577,85025,85444,7111080323,0.0023226896276657,84687.33333333333,84685.04761904762,54.07173550832933
2018-04-13,85441,85441,84144,84334,8179221434,-0.0129909648424699,84650.44444444444,84603.28571428571,48.02719309224365
2018-04-16,84328,84591,82762,82862,7373846494,-0.0174544074750396,84454.77777777778,84504.90476190476,41.4153311966902
2018-04-17,82862,84191,82810,84086,6596973289,0.0147715478747798,84424.33333333333,84466.80952380953,47.845029082232806
2018-04-18,84090,86149,84090,85776,10776141570,0.0200984706134195,84487.22222222222,84555.52380952382,55.16216601956638
2018-04-19,85775,86059,85197,85824,8718738837,0.0005595970900951,84598.77777777778,84634.57142857143,55.353754606068584
2018-04-20,85823,85823,85025,85550,6988643728,-0.0031925801640566,84848.0,84661.85714285714,53.93696448900667
2018-04-23,85520,85746,84711,85603,6398773667,0.0006195207481005,84969.44444444444,84701.61904761905,54.18125780671662
2018-04-24,85603,86578,85106,85469,7260595356,-0.0015653656998002,84994.22222222222,84753.61904761905,53.410007614134926
2018-04-25,85466,85466,84349,85044,8094684933,-0.004972563151552,84949.77777777778,84751.52380952382,50.93361489764594
2018-04-26,85051,86383,85051,86383,8284353092,0.0157447909317529,85177.44444444444,84874.14285714286,57.60329910526676
2018-04-27,86383,87179,86262,86445,7847845888,0.0007177338133661,85575.55555555556,84996.57142857143,57.88873937747853
2018-04-30,86443,86739,85979,86116,5491416844,-0.0038058881369656,85801.11111111111,85032.28571428571,55.744020548620746
2018-05-02,86111,86111,84383,84547,7849371501,-0.0182196107575828,85664.55555555556,85026.61904761905,46.832783920322925
2018-05-03,84547,84562,83178,83288,8034668829,-0.0148911256460902,85382.77777777778,84963.04761904762,41.148437863942995
2018-05-04,83286,83671,82746,83118,8823106569,-0.002041110364038,85112.55555555556,84903.90476190476,40.43477444820115
2018-05-07,83122,83643,82602,82714,7464318570,-0.0048605596862292,84791.55555555556,84785.04761904762,38.7162697799338
2018-05-08,82715,83409,82201,82956,8284300651,0.0029257441303769,84512.33333333333,84696.28571428571,40.35162826449641
2018-05-09,82977,84447,82855,84265,11691803845,0.0157794493466416,84425.77777777778,84741.90476190476,48.376277497514074
2018-05-10,84284,86201,84284,85861,12035841654,0.0189402480270575,84367.77777777778,84806.23809523809,56.12640141130173
2018-05-11,85861,86406,85183,85220,11087525357,-0.0074655547920475,84231.66666666667,84805.0,52.70413478008881
2018-05-14,85222,86105,84688,85232,7492015165,0.0001408120159587,84133.44444444444,84794.90476190476,52.76220375682464
2018-05-15,85225,85231,83830,85130,7338948508,-0.0011967336211751,84198.22222222222,84832.80952380953,52.175804032069856
2018-05-16,85122,86678,85044,86537,8413388535,0.0165276635733584,84559.22222222222,85007.80952380953,58.95274308213712
2018-05-17,86537,86537,83377,83622,9926025444,-0.0336850133468921,84615.22222222222,84985.71428571429,44.7912701791406
2018-05-18,83614,83614,81391,83082,10213377589,-0.0064576307670229,84656.11111111111,84857.42857142857,42.7429007555966
2018-05-21,83095,83883,81576,81815,8044828420,-0.0152499939818492,84529.33333333333,84666.52380952382,38.315425913288024
2018-05-22,81817,83396,81613,82739,8727657766,0.0112937725355986,84359.77777777778,84532.66666666667,42.95610286863455
2018-05-23,82742,82742,80867,80867,8397611659,-0.0226253640967379,83804.88888888889,84307.14285714286,36.899323812671966
2018-05-24,80860,80860,79027,80122,14191968332,-0.0092126578208663,83238.44444444444,84052.52380952382,34.79657010651577
2018-05-25,80123,80629,78622,78898,10321602620,-0.0152767030278825,82534.66666666667,83759.85714285714,31.609461086808253
2018-05-28,78886,78886,75337,75356,6131944658,-0.0448934066769753,81448.66666666667,83234.76190476191,24.590414141257796
2018-05-29,75361,77214,75361,76072,8522300802,0.0095015659005255,80285.88888888889,82740.80952380953,28.067652318121105
2018-05-30,76058,77097,75515,76754,6302127358,0.0089651908718055,79522.77777777778,82295.0,31.316407048695936
2018-06-01,76779,78169,75524,77240,10406541110,0.0063319175547853,78873.66666666667,81947.04761904762,33.61723736181429
2018-06-04,77244,78637,77244,78596,9032494754,0.0175556706369757,78516.0,81723.61904761905,39.688002109057884
2018-06-05,78595,78892,76412,76642,10046750613,-0.0248613160975113,77838.55555555556,81415.23809523809,34.755560715097445
2018-06-06,76641,76967,75518,76117,10757363355,-0.0068500300096552,77310.77777777778,81101.09523809524,33.5491273159365
2018-06-07,76117,76117,71162,73851,16824667971,-0.0297699594046008,76614.0,80667.52380952382,28.88808458048399
2018-06-08,73848,74031,71679,72942,12585816442,-0.0123085672502741,75952.22222222222,80128.33333333333,27.25241523089835
2018-06-11,72943,73716,71843,72308,7623617426,-0.0086918373502234,75613.55555555556,79482.95238095238,26.14067425737717
2018-06-12,72308,73322,72124,72754,8153218778,0.006168058859324,75244.88888888889,78889.33333333333,28.354867835925035
2018-06-13,72757,72977,71035,72122,8913020533,-0.0086868075982076,74730.22222222222,78265.04761904762,27.114422828634886
2018-06-14,72151,72708,71344,71421,9429324452,-0.0097196417181997,74083.66666666667,77612.23809523809,25.767897593254247
2018-06-15,71421,71421,69583,70758,14102044376,-0.0092829839963035,73212.77777777778,76860.85714285714,24.527264283907016
2018-06-18,70757,70757,69360,69815,7277904163,-0.0133271149551994,72454.22222222222,76203.38095238095,22.84267418308879
2018-06-19,69811,72010,69069,71394,11237696596,0.0226169161355009,71929.44444444444,75646.80952380953,31.34560418401162
2018-06-20,71397,72617,71155,72123,9330897493,0.0102109420959743,71737.44444444444,75185.28571428571,34.91194475320404
2018-06-21,72117,72207,70019,70075,7175655933,-0.0283959347226265,71418.88888888889,74582.23809523809,30.170373715412225
2018-06-22,70077,71058,69907,70641,6041161428,0.0080770602925437,71233.66666666667,74095.28571428571,32.88337195177441
2018-06-25,70642,71323,69779,70953,7084399230,0.0044166985178579,71033.55555555556,73658.66666666667,34.39644540351961
2018-06-26,70968,71622,70203,71405,7271190479,0.0063704142178624,70953.88888888889,73301.85714285714,36.62546155538562
2018-06-27,71405,72032,70134,70609,7487529147,-0.0111476787339822,70863.66666666667,73075.80952380953,34.40824706437485
2018-06-28,70609,72092,70439,71767,7181521841,0.0164001756150065,70975.77777777778,72870.80952380953,40.090259924613555
2018-06-29,71779,73020,71779,72763,8071436222,0.0138782448757786,71303.33333333333,72680.76190476191,44.54031926604736
2018-07-02,72763,72840,71935,72840,5639404512,0.0010582301444415,71464.0,72471.23809523809,44.88118575186836
2018-07-03,72848,74515,72848,73668,6846444571,0.0113673805601317,71635.66666666667,72236.57142857143,48.543624932638934
2018-07-04,73667,74904,73450,74743,4332683851,0.0145924960634196,72154.33333333333,72146.14285714286,52.917744274139004
2018-07-05,74751,75127,73756,74553,7442752252,-0.0025420440710166,72589.0,72071.66666666667,52.07516281912586
2018-07-06,74558,75065,74048,75010,5676900491,0.0061298673426957,73039.77777777778,72126.85714285714,53.97346831654302
2018-07-10,75015,75895,74431,74862,8668387000,-0.0019730702572989,73423.88888888889,72218.28571428571,53.23801098851827
2018-07-11,74862,75025,74196,74399,8183196231,-0.0061847132056317,73845.0,72317.85714285714,50.90127435366416
2018-07-12,74403,75898,74403,75856,8152538830,0.0195835965537172,74299.33333333333,72465.57142857143,57.258924635148176
2018-07-13,75856,76682,75554,76594,7849626138,0.0097289601349925,74725.0,72678.52380952382,60.0786883034445
2018-07-16,76587,76924,76129,76653,6886569065,0.0007702953233934,75148.66666666667,72927.66666666667,60.30416029045504
2018-07-17,76653,78522,76482,78130,8493536940,0.0192686522380076,75644.44444444444,73278.71428571429,65.549739684081
2018-07-18,78124,78496,77164,77363,8138750994,-0.0098169717138103,75935.55555555556,73638.14285714286,61.038925830111
2018-07-19,77360,77487,75890,77487,8658146830,0.0016028333958093,76261.55555555556,73928.28571428571,61.50019399276051
2018-07-20,77500,79489,77500,78571,11036184051,0.0139894433905041,76657.22222222222,74235.33333333333,65.3610176278763
2018-07-23,78571,78639,77871,77996,5500768972,-0.0073182217357549,77005.44444444444,74612.52380952382,61.81964848225943
2018-07-24,78005,79497,78005,79155,7551720686,0.0148597363967382,77533.88888888889,75017.95238095238,65.83756978444328
2018-07-25,79154,80437,79154,80218,8409427571,0.0134293474827869,78018.55555555556,75459.14285714286,69.05417713997446
2018-07-26,80242,80589,79081,79405,9975887262,-0.0101348824453364,78330.88888888889,75840.09523809524,64.08432920755021
2018-07-27,79405,80251,79405,79866,7248687399,0.0058056797430892,78687.88888888889,76280.90476190476,65.59633321325924
2018-07-30,79866,80492,79699,80276,6199700601,0.005133598777953,78926.33333333333,76686.09523809524,66.92977400642349
2018-07-31,80279,80279,79016,79220,7912057352,-0.0131546165728237,79132.66666666667,76993.57142857143,60.4328629901387
2018-08-01,79213,79731,78769,79302,8073042557,0.0010350921484474,79334.33333333333,77301.28571428571,60.75146290218562
2018-08-02,79237,79896,78573,79637,7185536989,0.0042243575193563,79452.77777777778,77585.52380952382,62.094323451302934
2018-08-03,79656,81792,79656,81435,9253814624,0.0225774451574016,79834.88888888889,77904.19047619047,68.35284412352284
2018-08-06,81445,81765,80965,81051,6072049100,-0.004715417203905,80045.55555555556,78213.61904761905,65.85213311251309
2018-08-07,81093,81742,79923,80347,9722426804,-0.0086858891315344,80059.88888888889,78467.76190476191,61.4159048030492
2018-08-08,80347,80912,78966,79152,8865659557,-0.0148729884127596,80031.77777777778,78672.04761904762,54.68198082300219
2018-08-09,79171,79461,78156,78768,8394787343,-0.0048514251061249,79909.77777777778,78880.09523809524,52.68301229634307
2018-08-10,78766,78766,76043,76514,10062553205,-0.0286156814950233,79491.77777777778,78911.42857142857,42.794017493690156
2018-08-13,76513,77689,75931,77496,8299270161,0.0128342525550879,79300.22222222222,78954.38095238095,47.42431355575082
2018-08-14,77499,78742,77499,78602,7845860076,0.0142717043460307,79222.44444444444,79047.19047619047,52.124439602870204
2018-08-15,78614,78618,76829,77078,9946938098,-0.0193888196229103,78938.11111111111,78997.09523809524,46.01950495611432
2018-08-16,77085,77704,76381,76819,7490972877,-0.0033602324917615,78425.22222222222,78971.19047619047,45.053743250891806
2018-08-17,76817,76817,75633,76029,8383684098,-0.0102839141358257,77867.22222222222,78901.76190476191,42.14825172086886
2018-08-20,76029,76497,75608,76328,7847465733,0.0039327098870167,77420.66666666667,78794.95238095238,43.62997047119952
2018-08-21,76327,76340,74915,75180,8843275648,-0.0150403521643434,76979.33333333333,78660.85714285714,39.45192753574877
2018-08-22,75171,76904,74876,76902,7544434300,0.0229050279329607,76772.0,78553.57142857143,47.563379748565794
2018-08-23,76898,77232,75466,75634,8365901995,-0.0164885178538919,76674.22222222222,78335.28571428571,42.99571465225673
2018-08-24,75647,76629,75647,76262,6400350236,0.0083031440886374,76537.11111111111,78185.61904761905,45.77325366263186
2018-08-27,76264,78008,76264,77930,5804522337,0.0218719676903307,76462.44444444444,78093.42857142857,52.40643653588478
2018-08-28,77928,78038,77149,77473,6575831597,-0.0058642371358912,76506.33333333333,77959.95238095238,50.58086233362128
2018-08-29,77472,78783,77399,78389,6897999058,0.0118234739844849,76680.77777777778,77920.38095238095,54.036971511412055
2018-08-30,78389,78389,76372,76404,7889024559,-0.0253224304430468,76722.44444444444,77782.38095238095,46.45511515576996
2018-08-31,76386,77202,76026,76678,9353092315,0.0035861996754096,76761.33333333333,77641.47619047618,47.54910228312491
2018-09-03,76675,76675,75729,76193,3606439647,-0.0063251519340619,76873.88888888889,77391.85714285714,45.76664488832988
2018-09-04,76192,76192,74605,74712,6792904010,-0.0194374811334374,76630.55555555556,77090.0,40.743937928866295
2018-09-05,74712,75370,74276,75092,6476277774,0.005086197665703,76570.33333333333,76839.76190476191,42.48799422993353
2018-09-06,75098,76533,74986,76416,7183537051,0.0176317051084002,76587.44444444444,76709.47619047618,48.20779838076453
2018-09-10,76416,77293,76115,76436,7042588205,0.0002617252931322,76421.44444444444,76598.42857142857,48.29145718207017
2018-09-11,76437,76437,74275,74657,7368699738,-0.0232743733319378,76108.55555555556,76510.0,41.82051812420669
2018-09-12,74680,75680,74499,75125,8046768584,0.0062686687115742,75745.88888888889,76397.09523809524,43.94836264468156
2018-09-13,75126,75407,74501,74687,6883422322,-0.0058302828618967,75555.11111111111,76210.66666666667,42.38591821988468
2018-09-14,74687,75705,74445,75429,7284183529,0.0099347945425576,75416.33333333333,76132.14285714286,45.895153801356166
2018-09-17,75428,76893,75227,76789,7235100222,0.0180302005859815,75482.55555555556,76130.71428571429,51.70190916621771
2018-09-18,76781,78454,76677,78314,9229581759,0.0198596153094843,75882.77777777778,76239.52380952382,57.24328168215791
2018-09-19,78268,79021,77624,78169,8041733934,-0.0018515208008784,76224.66666666667,76327.19047619047,56.57858682265275
2018-09-20,78169,78944,77820,78116,6669743050,-0.0006780181401834,76413.55555555556,76467.0,56.32115519564701
2018-09-21,78116,80002,78116,79444,10862204049,0.0170003584412923,76747.77777777778,76588.04761904762,61.09748564935136
2018-09-24,79447,79447,77857,77984,6119406757,-0.0183777251900709,77117.44444444444,76699.95238095238,54.094035122890055
2018-09-25,77980,78688,77005,78630,8351146130,0.0082837505129256,77506.88888888889,76812.71428571429,56.47156573943123
2018-09-26,78634,79461,78530,78656,8771168148,0.0003306625969732,77947.88888888889,76847.28571428571,56.56906060272365
2018-09-27,78676,80107,78676,80000,10106389882,0.0170870626525629,78455.77777777778,76967.61904761905,61.38395814084286
2018-09-28,80000,80000,78967,79342,8779236441,-0.008225,78739.44444444444,77013.0,57.99408950068023
2018-10-01,79350,79557,78091,78624,6605930725,-0.0090494315747019,78773.88888888889,77118.71428571429,54.45991359126696
2018-10-02,78625,81778,78625,81612,11340738112,0.038003663003663,79156.44444444444,77353.66666666667,64.22939561525897
2018-10-03,81624,85442,81623,83273,13401120105,0.0203523991569867,79729.44444444444,77690.80952380953,68.30043009194762
2018-10-04,83275,83430,81892,82953,11541210694,-0.0038427821742942,80119.33333333333,78083.23809523809,66.72488312772113
2018-10-05,82972,83805,82030,82322,12272051001,-0.0076067170566465,80601.33333333333,78427.52380952382,63.608935792479876
2018-10-08,82324,87333,82324,86084,24595432165,0.0456985981876048,81429.55555555556,78887.90476190476,72.0032321604792
2018-10-09,86053,86573,85433,86088,14782313256,4.6466242275000624e-05,82255.33333333333,79347.52380952382,72.01062495486069
2018-10-10,86084,86085,83679,83679,11913449489,-0.0279829941455255,82664.11111111111,79777.14285714286,61.481201963435645
2018-10-11,83700,84749,82607,82921,12732704385,-0.0090584256504021,83061.77777777778,80148.38095238095,58.57874910210035
2018-10-15,82922,84278,82922,83360,11665915135,0.0052941956802257,83588.0,80561.38095238095,59.76348932981751
2018-10-16,83420,85718,83420,85718,11838941561,0.0282869481765835,84044.22222222222,81051.33333333333,65.4755256899735
2018-10-17,85714,86167,84944,85764,12289181086,0.0005366434121187,84321.0,81478.71428571429,65.57818612920326
2018-10-18,85760,85760,83846,83847,9960608089,-0.0223520358192248,84420.33333333333,81742.19047619047,57.857048668746266
2018-10-19,83845,84954,83667,84220,7748777221,0.0044485789592949,84631.22222222222,82030.33333333333,58.87173925393483
2018-10-22,84222,85772,84222,85597,9047330074,0.0163500356209926,84577.11111111111,82386.57142857143,62.46474450849646
2018-10-23,85595,85595,84032,85300,10806342299,-0.003469747771534,84489.55555555556,82665.42857142857,61.222419607760976
2018-10-24,85302,85786,83035,83064,11147158735,-0.0262133645955451,84421.22222222222,82907.33333333333,52.72112739812083
2018-10-25,83124,84831,83124,84084,13048903003,0.012279687951459,84550.44444444444,83167.04761904762,55.7403522893652
2018-10-26,84084,85720,83497,85720,16170465816,0.019456733742448,84812.66666666667,83503.42857142857,60.13740552597238
2018-10-29,85728,88377,82783,83797,19702001576,-0.0224335044330378,84599.22222222222,83684.23809523809,53.4194949711201
2018-10-30,83802,86990,83802,86886,16752688510,0.0368628948530376,84723.88888888889,84043.47619047618,60.96323418171946
2018-10-31,86889,88028,86213,87424,14887983202,0.0061920217296227,85121.33333333333,84462.52380952382,62.114059986515315
2018-11-01,87428,89017,87094,88419,15238719991,0.0113813140556369,85587.88888888889,84786.66666666667,64.21522216990692
2018-11-05,88418,89598,88347,89598,11987072819,0.013334238116242,86032.44444444444,85087.85714285714,66.58037133621517
2018-11-06,89587,89587,88066,88669,11892738086,-0.0103685350119422,86406.77777777778,85360.04761904762,63.04451885283526
2018-11-07,88676,89565,87541,87714,11685126484,-0.0107703932603276,86923.44444444444,85616.80952380953,59.54380320032929
2018-11-08,87719,88570,85620,85620,13085396111,-0.0238730419317326,87094.11111111111,85594.71428571429,52.641475917376106
2018-11-09,85620,86233,84030,85641,12299594782,0.0002452697967765,87085.33333333333,85573.42857142857,52.70069218949372
2018-11-12,85644,86227,85009,85525,8554011592,-0.0013544914235004,87277.33333333333,85661.33333333333,52.31158953041944
2018-11-13,85531,85941,84071,84914,11014984820,-0.0071441099093831,87058.22222222222,85756.23809523809,50.208800839209985
2018-11-14,84898,85973,84267,85973,13681274432,0.012471441693949,86897.0,85880.66666666667,53.68391437083444
2018-11-16,85975,88516,85975,88515,12952742678,0.0295674223302664,86907.66666666667,86013.85714285714,60.76299047214319
2018-11-19,88472,88484,87047,87901,9315290972,-0.0069366773993108,86719.11111111111,86115.61904761905,58.43956258440113
2018-11-21,87896,87896,86254,87269,10252731723,-0.0071899068269986,86563.55555555556,86278.57142857143,56.06325970553515
2018-11-22,87269,87656,87222,87477,5410976156,0.0023834351258751,86537.22222222222,86433.66666666667,56.6874819069727
2018-11-23,87479,87479,85763,86230,10376173282,-0.0142551756461698,86605.0,86463.80952380953,51.92457462648681
2018-11-26,86237,87147,84905,85547,11343795553,-0.0079206772584947,86594.55555555556,86475.57142857143,49.47274707429499
2018-11-27,85547,88018,85377,87891,11990261788,0.0274001426116636,86857.44444444444,86705.42857142857,56.98041091251671
2018-11-28,87891,89483,87153,89251,13099117375,0.0154737117566077,87339.33333333333,86951.47619047618,60.6351295067
2018-11-29,89249,89910,88475,89710,10425943006,0.0051427995204536,87754.55555555556,87141.47619047618,61.81422177477456
2018-11-30,89709,90246,89258,89504,16044229957,-0.0022962880392375,87864.44444444444,87413.23809523809,60.9321084365567
2018-12-03,89511,91242,89429,89820,14806846067,0.0035305684662136,88077.66666666667,87552.95238095238,61.831898285966076
2018-12-04,89820,90452,88041,88624,12415477483,-0.0133155199287463,88228.22222222222,87610.09523809524,56.52556182546728
2018-12-05,88644,89111,88449,89040,6604964156,0.0046939880844918,88401.88888888889,87639.66666666667,57.87957165617887
2018-12-06,88933,88933,87025,88846,10698387302,-0.0021787960467205,88692.55555555556,87603.85714285714,56.98818577018689
2018-12-07,88849,89986,87907,88115,11132388260,-0.0082277198748396,88977.88888888889,87577.47619047618,53.63622462225792
2018-12-10,88115,88384,85915,85915,9559115150,-0.0249673721840776,88758.33333333333,87491.80952380953,45.04839442301594
2018-12-11,85918,87520,85583,86420,10589358374,0.0058779025781294,88443.77777777778,87529.90476190476,47.140583792155155
2018-12-12,86420,87946,86420,86977,10472894230,0.0064452672992363,88140.11111111111,87593.52380952382,49.427667649857
2018-12-13,86979,87842,86856,87838,8640735227,0.0098991687457603,87955.0,87703.66666666667,52.825483395709014
2018-12-14,87838,88184,87106,87450,8596640706,-0.0044172226143582,87691.66666666667,87824.42857142857,51.15743420768182
2018-12-17,87448,87820,86328,86400,9063987205,-0.0120068610634648,87444.55555555556,87844.76190476191,46.846378334338695
2018-12-18,86400,87274,86400,86611,9639329439,0.0024421296296295,87174.66666666667,87754.09523809524,47.79837786747498
2018-12-19,86617,88101,85674,85674,13364393980,-0.0108184872591241,86822.22222222222,87648.04761904762,44.02728203345935
2018-12-20,85678,86584,84756,85269,12916449077,-0.0047272217942433,86506.0,87552.80952380953,42.46768252824612
2018-12-21,85269,86554,85134,85697,14362955541,0.0050194091639399,86481.77777777778,87468.04761904762,44.697204354815526
2018-12-26,85684,85684,83892,85136,7719374384,-0.0065463201745685,86339.11111111111,87415.95238095238,42.378986724996096
2018-12-27,85141,85739,84876,85460,8071687023,0.0038056756248825,86170.55555555556,87411.80952380953,44.17965290906112
2018-12-28,85469,88044,85469,87887,9040326085,0.0283992511116311,86176.0,87411.61904761905,55.41839007415692
2019-01-02,87887,91479,87536,91012,14133446531,0.0355570220851775,86571.77777777778,87495.47619047618,65.14838858762546
2019-01-03,91011,91596,89922,91564,17253228213,0.0060651342680086,87145.55555555556,87583.76190476191,66.53765992075346
2019-01-04,91577,92701,90824,91841,13666880575,0.0030252064130007,87726.66666666667,87695.04761904762,67.24331032132926
2019-01-07,91845,92552,91288,91699,12010133582,-0.0015461504121253,88396.11111111111,87784.52380952382,66.46947457372302
2019-01-08,91699,92231,91064,92032,11570303424,0.0036314463625557,89147.55555555556,87946.80952380953,67.41644992676115
2019-01-09,92033,93626,92028,93613,13216605877,0.017178807371349,90027.11111111111,88164.57142857143,71.52785959879736
2019-01-10,93599,93987,93050,93806,11776432796,0.0020616794675953,90990.44444444444,88400.76190476191,71.99245774788302
2019-01-11,93806,93961,93359,93658,11918806069,-0.0015777242393876,91901.33333333333,88664.71428571429,71.03521921279783
2019-01-14,93645,94474,93335,94474,10826141018,0.0087125499156506,92633.22222222222,89072.28571428571,73.15463250416605
2019-01-15,94474,94695,93402,94056,11835564249,-0.0044244977454114,92971.44444444444,89435.90476190476,70.31624375340793
2019-01-16,94057,94393,93687,94393,10119249094,0.0035829718465594,93285.77777777778,89789.04761904762,71.28362564319605
2019-01-17,94393,95682,93950,95351,12553240717,0.0101490576631741,93675.77777777778,90146.80952380953,73.88874231607969
2019-01-18,95386,96396,95386,96097,12864102379,0.0078237249740433,94164.44444444444,90558.57142857143,75.73477701699181
2019-01-21,96093,96093,94863,96010,7062846754,-0.0009053352341904,94606.44444444444,91016.19047619047,75.0682260978602
2019-01-22,96008,96070,94662,95103,10632696981,-0.0094469326111863,94772.0,91420.57142857143,68.31761067355163
2019-01-23,95116,96576,95116,96558,11637013945,0.0152992019179205,95077.77777777778,91938.85714285714,72.5778084706114
2019-01-24,96558,97677,96558,97677,11990353600,0.0115888895793201,95524.33333333333,92529.71428571429,75.32575049362461
2019-01-28,97674,97937,94783,95444,20952535282,-0.0228610624814439,95632.11111111111,92993.85714285714,61.978551186647216
2019-01-29,95508,96751,95508,95639,14333493296,0.0020430828548678,95808.0,93494.0,62.60175269960639
2019-01-30,95643,97107,95643,96996,15734506783,0.0141887723627389,96097.22222222222,94043.33333333333,66.69308005921313
2019-01-31,96996,98405,96996,97394,10645503343,0.004103261990185,96324.22222222222,94496.04761904762,67.80553418804432
2019-02-01,97395,98044,96990,97861,11061767860,0.0047949565681664,96520.22222222222,94822.19047619047,69.10928355890465
2019-02-04,97861,98589,96901,98589,11363968870,0.0074391228374939,96806.77777777778,95156.71428571429,71.0756975885817
2019-02-05,98587,98587,97596,98311,13028874146,-0.0028197871973546,97163.22222222222,95464.80952380953,69.2625076751825
2019-02-06,98308,98308,94636,94636,13971746540,-0.0373813713623094,96949.66666666667,95604.66666666667,50.809588731215605
2019-02-07,94654,95642,93507,94406,14342366960,-0.0024303647660509,96586.22222222222,95717.71428571429,49.91331948978302
2019-02-08,94401,95486,93424,95343,13499759637,0.0099252166175878,96575.0,95800.09523809524,53.51112965251033
2019-02-11,95351,95499,93737,94413,9945686389,-0.0097542556873603,96438.77777777778,95829.0,49.6955417366901
2019-02-12,94420,96571,94420,96168,13887338175,0.0185885418321629,96346.77777777778,95948.52380952382,56.062494114717424
2019-02-13,96169,96804,95389,95842,15445715875,-0.0033899010065718,96174.33333333333,96013.66666666667,54.67808769349118
2019-02-14,95843,98019,94915,98015,14355183151,0.0226727322050874,96191.44444444444,96202.19047619047,61.502303391337605
2019-02-15,98015,98238,97083,97526,11959974454,-0.0049890322909759,96073.33333333333,96351.38095238095,59.33707136123103
2019-02-18,97527,97527,96239,96510,7567273230,-0.0104177347579107,95873.22222222222,96406.57142857143,55.004175483549425
2019-02-19,96513,98185,96513,97659,12176576563,0.0119055020205161,96209.11111111111,96480.95238095238,58.678979544516565
2019-02-20,97661,98544,96545,96545,14411126212,-0.011407038777788,96446.77777777778,96506.42857142857,54.068401783089676
2019-02-21,96546,97231,95793,96932,13234863033,0.0040084934486508,96623.33333333333,96593.52380952382,55.38003521942435
2019-02-22,96929,97887,96929,97886,11394770434,0.0098419510584739,97009.22222222222,96656.76190476191,58.52428404007028
2019-02-25,97881,98190,97087,97240,10146510610,-0.0065995137200416,97128.33333333333,96635.95238095238,55.663863696281496
2019-02-26,97242,97904,97235,97603,9040137594,0.0037330316742081,97324.0,96738.76190476191,56.937518083786294
2019-02-27,97603,97782,96886,97307,9949795325,-0.0030326936672028,97245.33333333333,96818.19047619047,55.536505389748335
2019-02-28,97307,97528,95364,95584,13874948961,-0.0177068453451447,97029.55555555556,96750.95238095238,48.1148479400734
2019-03-01,95584,96113,94394,94604,10808551203,-0.0102527619685303,96817.77777777778,96618.09523809524,44.474375891700305
2019-03-06,94604,94889,93945,94217,6693617499,-0.0040907361210942,96435.33333333333,96444.57142857143,43.08792733612642
2019-03-07,94216,94532,93729,94340,10293088434,0.0013054968848509,96190.33333333333,96242.23809523809,43.688779551947654
2019-03-08,94340,95476,93305,95365,11468186480,0.0108649565401739,96016.22222222222,96101.95238095238,48.56235587245115
2019-03-11,95384,98027,95384,98027,11440515650,0.0279138048550307,96031.88888888889,96263.42857142857,58.58680354558194
2019-03-12,98038,98150,97267,97828,10008209680,-0.0020300529445969,96097.22222222222,96426.38095238095,57.68180489091578
2019-03-13,97831,99267,97464,98904,12898668470,0.0109988960215889,96241.77777777778,96595.95238095238,61.174119211186444
2019-03-14,98905,99036,97776,98605,9573099510,-0.0030231335436382,96386.0,96795.57142857143,59.69976309307256
2019-03-15,98605,99393,98597,99137,13897547490,0.0053952639318493,96780.77777777778,96936.95238095238,61.478700737308685
2019-03-18,99141,100038,99141,99994,11467976795,0.0086446029232274,97379.66666666667,97134.66666666667,64.21877424213582
2019-03-19,99991,100439,99373,99588,14151473821,-0.0040602436146168,97976.44444444444,97209.57142857143,61.96986598751907
2019-03-20,99588,99708,97981,98041,13032885094,-0.015534000080331,98387.66666666667,97234.09523809524,54.183642151092485
2019-03-21,98041,98046,95456,96729,14103456333,-0.0133821564447527,98539.22222222222,97244.52380952382,48.60584138484641
2019-03-22,96725,96725,93380,93735,16298437308,-0.0309524547963898,98062.33333333333,97057.66666666667,38.79198946347263
2019-03-25,93735,94384,93103,93662,11855131889,-0.0007787912732704,97599.44444444444,96920.38095238095,38.58741450899791
2019-03-26,93668,95525,93668,95307,12453421209,0.0175631526125856,97199.77777777778,96843.0,45.555196732676016
2019-03-27,95297,95297,91903,91903,14388552791,-0.0357161593587039,96455.11111111111,96558.09523809524,36.361548392493646
2019-03-28,91901,94854,91584,94389,14233023290,0.027050259512747,95927.55555555556,96422.33333333333,45.078915267588386
2019-03-29,94402,95863,94402,95415,12213985169,0.0108699106887455,95418.77777777778,96318.14285714286,48.23078472242721
2019-04-01,95423,96752,95423,96054,9011069625,0.0066970602106586,95026.11111111111,96258.47619047618,50.14961180915795
2019-04-02,96062,96690,94825,95387,9376149800,-0.00694401066067,94731.22222222222,96249.09523809524,48.143693142044484
2019-04-03,95392,96442,94124,94491,11162977590,-0.0093933135542578,94482.55555555556,96243.71428571429,45.51026216015732
2019-04-04,94503,96394,94334,96313,10206978157,0.0192822596861077,94769.0,96343.52380952382,51.33916890042999
2019-04-05,96319,97493,96152,97108,9121446935,0.0082543374207013,95151.88888888889,96475.33333333333,53.668096414798306
2019-04-08,97110,97610,96743,97369,9024107613,0.0026877291263336,95381.0,96570.76190476191,54.43904834215233
2019-04-09,97366,97366,95488,96292,9551786569,-0.0110610153128819,95868.66666666667,96488.14285714286,50.69073714166439
2019-04-10,96292,96902,95670,95953,11326011235,-0.0035205416857059,96042.44444444444,96398.85714285714,49.53461794619362
2019-04-11,95954,95954,94173,94755,8833366754,-0.0124852792513001,95969.11111111111,96201.28571428571,45.57844463134819
2019-04-12,94747,94768,92516,92875,17169433808,-0.0198406416547939,95615.88888888889,95928.42857142857,40.158116905619494
2019-04-15,92875,93723,92697,93083,12059670595,0.0022395693135934,95359.88888888889,95640.14285714286,40.9942027997989
2019-04-16,93082,95062,92879,94333,11466482722,0.0134288753048354,95342.33333333333,95370.57142857143,45.8872211370964
2019-04-17,94337,95042,92338,93285,16608702286,-0.0111095798925084,95005.88888888889,95070.42857142857,42.69087933597733
2019-04-18,93285,95140,93285,94578,12401363750,0.0138607493166102,94724.77777777778,94905.52380952382,47.54561083961179
2019-04-22,94578,95038,93721,94588,7817068375,0.0001057328342743,94415.77777777778,94803.57142857143,47.58259392626718
2019-04-23,94590,96315,94590,95923,10385057185,0.0141138410792067,94374.77777777778,94907.76190476191,52.406863796305096
2019-04-24,95923,95923,94163,95045,11420277484,-0.0091531749424017,94273.88888888889,94973.61904761905,49.19973247303535
2019-04-25,95027,96552,94213,96552,12409014085,0.0158556473249513,94473.55555555556,95032.90476190476,54.36219316914068
2019-04-26,96552,96563,95620,96236,9501574530,-0.0032728477918634,94847.0,95239.23809523809,53.1426628976491
2019-04-29,96254,97123,96004,96188,8312089464,-0.0004987738476246,95192.0,95324.90476190476,52.948356572346135
2019-04-30,96191,96707,95613,96353,10478440301,0.0017153906932256,95416.44444444444,95369.57142857143,53.576714201594314
2019-05-02,96339,96339,95312,95528,9725595572,-0.0085622658350025,95665.66666666667,95344.52380952382,49.982493809159074
2019-05-03,95521,96315,95521,96008,9652121812,0.0050247047985931,95824.55555555556,95374.09523809524,52.00012020322181
2019-05-06,95992,95992,94540,95009,7649819280,-0.0104053828847595,95871.33333333333,95398.76190476191,47.68849258613344
2019-05-07,95009,95009,92750,94389,12050824709,-0.0065256975654938,95700.88888888889,95307.14285714286,45.184476922878616
2019-05-08,94389,96312,94389,95597,12253860909,0.0127981014736886,95762.22222222222,95235.19047619047,50.62443387137244
2019-05-09,95597,95597,93883,94808,10715734982,-0.0082533970731298,95568.44444444444,95113.23809523809,47.321178113743585
2019-05-10,94809,94848,93234,94258,10512831426,-0.0058011982111214,95348.66666666667,95016.38095238095,45.111448368831404
2019-05-13,94252,94252,91600,91727,10810990955,-0.0268518322052239,94853.0,94815.14285714286,36.63373146639574
2019-05-14,91736,92529,91562,92092,9879210486,0.0039791991452897,94379.55555555556,94688.33333333333,38.430705167671135
2019-05-15,92088,92088,90295,91623,11325861961,-0.0050927333536029,93945.66666666667,94628.71428571429,36.97956280087197
2019-05-16,91622,91622,89778,90024,14139120384,-0.0174519498379227,93280.77777777778,94483.04761904762,32.4769262563008
2019-05-17,90023,91321,89409,89993,13284496778,-0.0003443526170798,92723.44444444444,94276.38095238095,32.39457403713274
2019-05-20,90006,92117,89822,91946,11409927808,0.0217016879090596,92452.0,94212.61904761905,42.31808376749008
2019-05-21,91946,94573,91946,94485,13798119481,0.0276140343244948,92328.44444444444,94208.19047619047,52.15136462632207
2019-05-22,94485,95212,93883,94361,11103251810,-0.0013123776260781,92278.77777777778,94197.38095238095,51.68792672986183
2019-05-23,94360,94547,93300,93910,10022252792,-0.0047795169614565,92240.11111111111,94101.52380952382,49.94934463833245
2019-05-24,93912,94900,93545,93628,9424987895,-0.0030028750931743,92451.33333333333,94034.04761904762,48.84306168921948
2019-05-27,93626,95444,93626,94864,6725539419,0.0132011791344468,92759.33333333333,93953.66666666667,53.68492819926157
2019-05-28,94863,96552,94707,96393,17842028021,0.0161178107606678,93289.33333333333,93961.14285714286,58.87091082296262
2019-05-29,96389,96986,95690,96567,11661091804,0.0018051103295881,94016.33333333333,93979.19047619047,59.42766712531131
2019-05-30,96566,97939,96511,97457,10954062165,0.009216398976876,94845.66666666667,94031.76190476191,62.24305562170609
2019-05-31,97420,97992,96792,97030,13223187671,-0.0043814194978297,95410.55555555556,94103.28571428571,60.0886697459685
2019-06-03,97036,97757,96430,97020,11428782096,-0.0001030609089972,95692.22222222222,94151.47619047618,60.03626108854454
2019-06-04,97020,97723,96593,97380,11185334819,0.0037105751391466,96027.66666666667,94264.38095238095,61.343398658439746
2019-06-05,97381,97686,95686,95999,9865430062,-0.0141815567878414,96259.77777777778,94341.04761904762,54.04116466100372
2019-06-06,96002,97462,96002,97205,10229801084,0.012562630860738,96657.22222222222,94417.61904761905,58.6682740381592
2019-06-07,97205,98326,97205,97821,9404521425,0.0063371225759991,96985.77777777778,94561.09523809524,60.83714248870358
2019-06-10,97828,97856,96782,97467,8973145694,-0.0036188548471187,97105.11111111111,94713.90476190476,58.92356557741091
2019-06-11,97467,98985,97467,98960,13757608366,0.0153180050683821,97371.0,95058.33333333333,64.05828937592216
2019-06-12,98960,99240,97831,98321,12344013827,-0.0064571544058205,97467.0,95354.95238095238,60.56851758769257
2019-06-13,98321,99364,98321,98774,14587007052,0.0046073575329788,97660.77777777778,95695.47619047618,62.143042112538254
2019-06-14,98776,98981,97601,98040,14010972277,-0.0074311053516107,97774.11111111111,96077.19047619047,58.09515161289346
2019-06-17,98038,98439,97623,97623,10448679663,-0.0042533659730722,97801.11111111111,96440.52380952382,55.86861998556395
2019-06-18,97633,99412,97633,99404,12060860732,0.0182436515984962,98179.44444444444,96795.66666666667,62.48222950035654
2019-06-19,99403,100327,98978,100303,12095425830,0.009043901653857,98523.66666666667,97072.71428571429,65.308384765608
2019-06-21,100305,102100,100305,102013,14937057297,0.017048343519137,98989.44444444444,97437.09523809524,69.94588589382454
2019-06-24,102018,102617,101589,102062,9308313679,0.0004803309382137,99500.0,97825.28571428571,70.06935554701846
2019-06-25,102061,102061,99890,100093,11787244034,-0.0192921949403304,99625.88888888889,98133.14285714286,59.492577272049104
2019-06-26,100095,101126,100095,100689,13153777750,0.0059544623500145,99889.0,98410.52380952382,61.39227588306158
2019-06-27,100689,101025,99421,100724,11489652933,0.0003476050015394,100105.66666666667,98616.76190476191,61.50644393596034
2019-06-28,100726,101563,100726,100967,10837896465,0.0024125332592033,100430.88888888889,98826.28571428571,62.33913442303842
2019-07-01,100973,102432,100973,101340,10877638564,0.0036942763477174,100843.88888888889,99011.19047619047,63.63934735493347
2019-07-02,101342,101565,100073,100605,13293304810,-0.0072528123149793,100977.33333333333,99181.42857142857,59.29517796305155
2019-07-03,100576,102177,100451,102043,11712278925,0.0142935241787187,101170.66666666667,99420.61904761905,64.41344779650981
2019-07-04,102047,104022,102047,103636,10225761278,0.0156110659231891,101351.0,99718.52380952382,69.05542880926697
2019-07-05,103628,104176,102622,104089,11692204328,0.0043710679686594,101576.22222222222,100103.76190476191,70.24408923373609
2019-07-08,104090,104679,103988,104530,9200189051,0.0042367589274563,102069.22222222222,100452.57142857143,71.39601615836804
2019-07-10,104537,106650,104537,105817,17499044728,0.0123122548550655,102639.0,100833.33333333333,74.49870712711986
2019-07-11,105818,105886,104814,105146,12962386891,-0.0063411361123448,103130.33333333333,101199.0,70.22195973132577
2019-07-12,105158,105731,103903,103906,12885798502,-0.0117931257489586,103456.88888888889,101434.52380952382,63.02183892266753
2019-07-15,103909,104578,103495,103803,10150885111,-0.0009912805805246,103730.55555555556,101695.57142857143,62.449052239353094
2019-07-16,103805,104440,103361,103775,11574598712,-0.0002697417223008,104082.77777777778,101933.71428571429,62.28333062328918
2019-07-17,103775,104453,103712,103856,10727474667,0.0007805348108889,104284.22222222222,102210.66666666667,62.592589818099164
2019-07-18,103859,104773,103859,104717,11187852245,0.0082903250654753,104404.33333333333,102548.47619047618,65.80245662015494
2019-07-19,104716,104723,103388,103452,0,-0.0120801780035715,104333.55555555556,102741.23809523809,57.93646594961007
2019-07-22,103452,104278,103452,103949,9210418238,0.0048041603835595,104269.0,102914.85714285714,59.96153255366844
2019-07-23,103949,104430,103518,103704,11731813020,-0.0023569250305438,104034.22222222222,102995.38095238095,58.46722358252001
2019-07-24,103707,104570,103707,104120,12665300035,0.0040114171102367,103920.22222222222,103093.38095238095,60.2773855424397
2019-07-25,104119,104440,102390,102655,15067627186,-0.0140703034959661,103781.22222222222,103215.38095238095,51.72721894286685
2019-07-26,102654,103209,102196,102819,13917095290,0.0015975841410549,103671.88888888889,103316.80952380953,52.53883286947596
2019-07-29,102817,103483,102461,103483,9559323730,0.0064579503788211,103639.44444444444,103448.19047619047,55.7805104011527
2019-07-30,103483,103555,102596,102933,11475509773,-0.0053148826377279,103536.88888888889,103541.80952380953,52.57713658971249
2019-07-31,102946,103129,100950,101812,14526211134,-0.0108905793088708,103214.11111111111,103564.28571428571,46.691534580858644
2019-08-01,101819,104056,101819,102126,20133944606,0.0030841158213177,103066.77777777778,103636.71428571429,48.432843653919306
2019-08-02,102122,103180,101667,102674,13856923252,0.0053659205295419,102925.11111111111,103666.76190476191,51.4155633838399
2019-08-05,102658,102658,99630,100098,13695794294,-0.0250891170111225,102524.44444444444,103498.28571428571,39.770324909998685
2019-08-06,100098,102178,100098,102164,13784204399,0.0206397730224379,102307.11111111111,103406.61904761905,49.62491798507588
2019-08-07,102163,102784,100476,102782,15076538152,0.0060490975294624,102321.22222222222,103323.38095238095,52.147115746471265
2019-08-08,102782,104282,102782,104115,15018688397,0.0129691969410985,102465.22222222222,103242.33333333333,57.132697919495754
2019-08-09,104102,104848,103547,103996,12905594180,-0.0011429669115881,102522.22222222222,103187.57142857143,56.56611225000626
2019-08-12,103946,103946,101621,101915,11661525449,-0.0200103850148082,102409.11111111111,103092.76190476191,47.66420596801122
2019-08-13,101912,103778,101414,103299,13608109915,0.0135799440710395,102574.33333333333,103068.76190476191,52.96560991151259
2019-08-14,103270,103270,99955,100258,15948571971,-0.0294388135412734,102366.77777777778,102901.28571428571,42.72474624439972
2019-08-15,100262,101014,98200,99057,15122356648,-0.0119790939376408,101964.88888888889,102672.76190476191,39.47827164971256
2019-08-16,99059,100567,99059,99806,12752567602,0.0075613030881209,101932.44444444444,102438.90476190476,42.41694112380246
2019-08-19,99810,100948,98908,99469,12056889424,-0.0033765505079854,101633.0,102249.23809523809,41.44192432204317
2019-08-20,99472,99665,98002,99222,11408540641,-0.0024831857161528,101237.44444444444,102024.14285714286,40.70341607689811
2019-08-21,99227,101240,99221,101202,14242069332,0.0199552518594665,100913.77777777778,101905.0,48.609338735029596
2019-08-22,101209,101469,100011,100011,11224380517,-0.0117685421236733,100471.0,101709.33333333333,44.744807796327564
2019-08-23,100007,100025,97085,97667,14044095155,-0.0234374218835927,99999.0,101471.80952380953,38.292420543882194
2019-08-26,97687,98436,95961,96430,10016062237,-0.0126654857833249,99235.77777777778,101167.57142857143,35.39188465665838
2019-08-27,96434,97951,95855,97276,11737404014,0.0087732033599501,98904.44444444444,100872.0,38.80586168011514
2019-08-28,97273,98346,96557,98194,9998267041,0.0094370656688185,98808.55555555556,100646.33333333333,42.36478353033057
2019-08-29,98194,100684,98194,100524,12458548337,0.0237285373851763,98888.33333333333,100585.0,50.27017658715096
2019-08-30,100526,101551,100526,101135,15819043484,0.0060781504914249,99073.44444444444,100537.80952380953,52.12463710241392
2019-09-02,101133,101611,100626,100626,7044981700,-0.0050328768477777,99229.44444444444,100440.28571428571,50.437255250508315
2019-09-03,100626,101417,99406,99681,10912790972,-0.0093912110190209,99060.44444444444,100420.42857142857,47.371177132096214
2019-09-04,99706,101201,99706,101201,11081464945,0.0152486431717178,99192.66666666667,100374.57142857143,52.38503170839066
2019-09-05,101204,103258,101204,102243,12953534424,0.0102963409452476,99701.11111111111,100348.90476190476,55.51385923037948
2019-09-06,102247,103182,102246,102935,10593316250,0.0067681895093063,100423.88888888889,100292.71428571429,57.51068824698993
2019-09-09,102937,104260,102793,103181,14747150549,0.0023898576771748,101080.0,100253.90476190476,58.228498942446514
2019-09-10,103180,103503,102231,103032,13594914914,-0.0014440643141663,101617.55555555556,100307.09523809524,57.59383753522744
2019-09-11,103036,104156,103036,103446,12879795422,0.0040181691125087,101942.22222222222,100314.09523809524,58.933194000213604
2019-09-12,103453,104618,103453,104371,13175155684,0.0089418633876612,102301.77777777778,100509.95238095238,61.83369734329408
2019-09-13,104371,104699,103275,103501,11132052233,-0.0083356487913309,102621.22222222222,100721.57142857143,57.70548753281289
2019-09-16,103496,104005,102782,103680,16282370375,0.0017294518893538,103065.55555555556,100906.04761904762,58.322027998333816
2019-09-17,103680,104619,103079,104617,12495141116,0.0090374228395062,103445.11111111111,101151.19047619047,61.486907630102614
2019-09-18,104616,104762,103684,104532,10104737196,-0.0008124874542377,103699.44444444444,101404.04761904762,61.034127481729264
2019-09-19,104555,106001,104286,104339,12537143963,-0.0018463245704664,103855.44444444444,101553.42857142857,59.954559467196404
2019-09-20,104339,105045,103914,104817,18399056899,0.0045812208282616,104037.22222222222,101782.28571428571,61.758679463314124
2019-09-23,104817,104817,104020,104638,8349193944,-0.0017077382485665,104215.66666666667,102114.23809523809,60.65663161343802
2019-09-24,104638,104893,103504,103876,10433475065,-0.0072822492784647,104263.44444444444,102468.80952380953,56.06974841310384
2019-09-25,103857,104481,103034,104481,10484581356,0.0058242519927607,104275.66666666667,102811.90476190476,58.73769980688984
2019-09-26,104485,105342,104337,105319,10560001027,0.0080205970463529,104477.66666666667,103151.19047619047,62.16521088831205
2019-09-27,105319,105633,104506,105078,9223658765,-0.0022882860642429,104633.0,103368.04761904762,60.60602133983915
2019-09-30,105077,105178,104638,104745,9893554921,-0.0031690744018728,104647.22222222222,103539.95238095238,58.42547350253581
2019-10-01,104745,105121,103837,104053,10202393891,-0.0066065205976418,104594.0,103703.14285714286,54.0716946125049
2019-10-02,104049,104049,100944,101031,12800868952,-0.0290428916033175,104226.44444444444,103767.42857142857,40.039494648809196
2019-10-03,101031,101560,99826,101516,11823582281,0.0048005067751482,103859.66666666667,103782.42857142857,42.61343215157257
2019-10-04,101516,102580,101057,102551,12269936295,0.0101954371724655,103627.77777777778,103797.09523809524,47.766492165791334
2019-10-07,102546,102546,100542,100573,10161144663,-0.0192879640374057,103260.77777777778,103684.61904761905,40.31573872770749
2019-10-08,100565,101296,99868,99981,10925888834,-0.0058862716633688,102760.77777777778,103532.23809523809,38.385867609333395
2019-10-09,100005,101567,100005,101249,9538331604,0.012682409657835,102308.55555555556,103447.33333333333,44.512617519584076
2019-10-10,101244,102483,101152,101817,10608428777,0.0056099319499451,101946.22222222222,103369.76190476191,47.052474428868706
2019-10-11,101819,104381,101819,103832,11930955752,0.0197904082815247,101844.77777777778,103344.09523809524,54.93346144809084
2019-10-14,103834,104305,103438,104302,7898066166,0.0045265428769549,101872.44444444444,103382.23809523809,56.5577195768576
2019-10-15,104299,105048,104052,104490,11393626542,0.0018024582462465,102256.77777777778,103420.80952380953,57.22187130046658
2019-10-16,104486,105462,103521,105423,12691436780,0.0089290841228826,102690.88888888889,103459.19047619047,60.453154444121395
2019-10-17,105389,105891,104827,105016,11447378663,-0.0038606376217713,102964.77777777778,103482.23809523809,58.381460315870534
2019-10-18,105012,105464,104525,104729,12449146420,-0.002732916888855,103426.55555555556,103500.80952380953,56.900661182235154
2019-10-21,104729,106027,104696,106022,9491075123,0.0123461505409199,104097.77777777778,103558.19047619047,61.623352324774736
2019-10-22,106023,107421,105927,107381,14228005686,0.0128180943577747,104779.11111111111,103688.80952380953,65.8579672710892
2019-10-23,107381,107959,107041,107544,13138536737,0.001517959415539,105415.44444444444,103863.47619047618,66.33774809694808
2019-10-24,107553,107744,106593,106986,15175015568,-0.0051885739790225,105765.88888888889,103982.76190476191,63.070292915482426
2019-10-25,106990,108083,106990,107364,14049232435,0.0035331725646345,106106.11111111111,104080.14285714286,64.35125263332282
2019-10-28,107366,108393,107362,108187,11140463722,0.0076655117171491,106516.88888888889,104228.19047619047,67.03250833810462
2019-10-29,108189,108195,107313,107556,11343221881,-0.0058324937376948,106753.88888888889,104362.04761904762,63.113039100186306
2019-10-30,107557,108408,106622,108408,14896119227,0.0079214548700212,107130.77777777778,104569.42857142857,66.00352341531834
2019-10-31,108403,108403,106356,107220,15144759135,-0.0109586008412663,107407.55555555556,104864.14285714286,59.054664738597126
2019-11-01,107221,108496,107220,108196,15961680153,0.009102779332214,107649.11111111111,105182.23809523809,62.5435819442407
2019-11-04,108196,109352,108196,108779,14773922729,0.005388369255795,107804.44444444444,105478.80952380953,64.49001784597644
2019-11-05,108779,109343,108253,108719,16253890019,-0.0005515770507175,107935.0,105866.71428571429,64.12071758389412
2019-11-06,108719,109633,107446,108360,15404666198,-0.0033020907109152,108087.66666666667,106265.71428571429,61.838921112171484
2019-11-07,108360,109672,108360,109581,15768469086,0.0112679955703212,108334.0,106662.47619047618,66.23935198605223
2019-11-08,109572,109572,107127,107629,15274512364,-0.0178133070514049,108272.0,106939.23809523809,55.26722025819758
2019-11-11,107622,108367,106814,108367,11038337024,0.0068568880134536,108362.11111111111,107155.19047619047,58.09351472021456
2019-11-12,108368,108368,106232,106751,14149314726,-0.0149122887964048,108178.0,107271.80952380953,50.560443494546476
2019-11-13,106751,106786,105261,106060,13673280571,-0.0064730072786203,108049.11111111111,107346.57142857143,47.71146886000581
2019-11-14,106052,106758,105820,106557,13160985180,0.0046860267772959,107867.0,107400.57142857143,49.89819359307455
2019-11-18,106566,107519,106246,106269,13543346147,-0.002702778794448,107588.11111111111,107460.23809523809,48.62906856537836
2019-11-19,106269,106950,105367,105864,10079959625,-0.0038110831945346,107270.88888888889,107514.28571428571,46.82543373805728
2019-11-21,105866,107497,105864,107497,15088251968,0.0154254515227083,107175.0,107584.52380952382,54.20142614389403
2019-11-22,107497,108692,107157,108692,12517596826,0.0111165893001665,107076.22222222222,107646.95238095238,58.71457509739563
2019-11-25,108692,108915,108080,108424,11736394984,-0.0024656828469437,107164.55555555556,107688.85714285714,57.349646201512854
2019-11-26,108424,108424,106414,107059,19372803097,-0.0125894635873976,107019.22222222222,107692.33333333333,50.86394830310376
2019-11-27,107059,107991,106312,107708,11677186229,0.0060620779196518,107125.55555555556,107708.71428571429,53.553475401474074
2019-11-28,107708,108333,107148,108290,9491209764,0.0054034983473836,107373.33333333333,107713.61904761905,55.885433055724285
2019-11-29,108290,108708,107759,108233,10643390178,-0.0005263643919105,107559.55555555556,107745.85714285714,55.59105265715542
2019-12-02,108233,109279,108233,108928,12221657380,0.0064213317564882,107855.0,107770.61904761905,58.464011788996636
2019-12-03,108931,109198,108190,108956,12971688420,0.0002570505287895,108198.55555555556,107853.28571428571,58.5802701354054
2019-12-04,108962,110301,108962,110301,13082560778,0.0123444326150006,108510.11111111111,107953.52380952382,63.81903257853534
2019-12-05,110297,111073,110008,110622,11638960010,0.0029102184023717,108724.55555555556,108041.28571428571,64.95816881639983
2019-12-06,110623,111430,110623,111126,12991531048,0.0045560557574442,109024.77777777778,108155.90476190476,66.7293653957569
2019-12-09,111125,111453,110870,110977,13944530923,-0.0013408203300757,109460.11111111111,108280.52380952382,65.67253770121336
2019-12-10,110973,111184,110133,110672,13020595909,-0.0027483172188832,109789.44444444444,108332.47619047618,63.45706981338536
2019-12-11,110672,111227,110530,110964,14612325063,0.002638427063756,110086.55555555556,108491.28571428571,64.68536863081931
2019-12-12,110963,112445,110963,112200,15315330674,0.0111387477019573,110527.33333333333,108673.80952380953,69.3774198865446
2019-12-13,112205,112829,111780,112565,0,0.0032531194295899,110931.44444444444,108950.66666666667,70.61888747021932
2019-12-16,112565,113197,111896,111896,16497335090,-0.0059432327988273,111258.11111111111,109228.57142857143,65.38650295219955
2019-12-17,111897,112695,111897,112616,14964529702,0.0064345463644812,111515.33333333333,109517.09523809524,68.12388391342904
2019-12-18,112618,114339,112300,114315,22741326356,0.0150866661930808,111925.66666666667,109900.23809523809,73.45806658934717
2019-12-19,114313,115132,113712,115131,16042424581,0.0071381708437212,112370.66666666667,110341.52380952382,75.57236090854802
2019-12-20,115133,115171,114526,115121,19529134657,-8.685757962667573e-05,112831.11111111111,110704.57142857143,75.49299498625237
2019-12-23,115119,115863,114964,115863,0,0.0064453922394698,113407.88888888889,111046.04761904762,77.39036977568037
2019-12-26,115864,117220,115673,117203,10553557375,0.0115653832543607,114101.11111111111,111464.09523809524,80.34925123095576
2019-12-27,117205,117803,115995,116534,10900985546,-0.0057080450159125,114582.66666666667,111915.28571428571,75.06733956836817
2019-12-30,116530,117085,115599,115645,0,-0.0076286748931642,114924.88888888889,112293.23809523809,68.61267093015695
2020-01-02,115652,118573,115649,118573,0,0.0253188637641057,115666.77777777778,112782.90476190476,75.94811022117024
2020-01-03,118564,118792,117341,117707,0,-0.0073035176642237,116232.44444444444,113234.04761904762,70.68626234957149
2020-01-06,117707,117707,116269,116878,21063594150,-0.0070429116365211,116517.22222222222,113612.61904761905,65.97414185225554
2020-01-07,116872,117076,115965,116662,0,-0.0018480809048752,116687.33333333333,113979.57142857143,64.762733826356
2020-01-08,116667,117335,115693,116247,17813435563,-0.0035572851485488,116812.44444444444,114262.71428571429,62.39230586161328
2020-01-09,116248,116820,115411,115947,17978977765,-0.0025807117603035,116821.77777777778,114516.28571428571,60.66372962833333
2020-01-10,115948,116745,114952,115503,14350887615,-0.0038293358172268,116632.88888888889,114724.71428571429,58.098259162180064
2020-01-13,115503,117333,115503,117325,16709187828,0.0157744820480854,116720.77777777778,115027.0,64.69621324836662
2020-01-14,117325,117705,116610,117632,15731513691,0.0026166631152779,116941.55555555556,115358.42857142857,65.6769177962954
2020-01-15,117632,117632,116188,116414,16551267195,-0.0103543253536452,116701.66666666667,115617.95238095238,58.70882561438346
2020-01-16,116415,117106,115961,116704,14679286477,0.0024911093167487,116590.22222222222,115832.42857142857,59.80237134896473
2020-01-17,116710,118479,116710,118478,14964700033,0.0152008500137099,116768.0,116114.0,65.7738053045774
2020-01-20,118478,118862,117928,118862,11057071302,0.0032411080538159,117012.44444444444,116445.71428571429,66.9193563418371
2020-01-21,118861,118861,117026,117026,16111030115,-0.0154464841580993,117099.0,116655.71428571429,57.08194705464228
2020-01-22,117035,118401,117035,118391,15562061015,0.0116640746500777,117370.55555555556,116849.80952380953,61.60142946647719
2020-01-23,118391,119535,116906,119528,19352926685,0.0096037705568834,117817.77777777778,117059.19047619047,64.91560270702107
2020-01-24,119528,119593,118108,118376,13942723490,-0.0096379091091627,117934.55555555556,117214.19047619047,59.32834056308206
2020-01-27,118347,118347,114376,114482,17627794836,-0.0328951814557004,117584.55555555556,117148.42857142857,45.17457044582222
2020-01-28,114482,116797,114475,116479,14835798423,0.0174437902901767,117591.77777777778,117113.95238095238,51.55728227947414
2020-01-29,116494,117171,115164,115385,0,-0.009392250963693,117445.22222222222,117059.23809523809,48.24377150801483
2020-01-30,115375,115528,112825,115528,12408710611,0.0012393292022359,117117.44444444444,117053.66666666667,48.70780894602379
2020-01-31,115518,115518,113148,113761,18345985053,-0.0152949934215081,116550.66666666667,116824.52380952382,43.515937413953054
2020-02-03,113761,115299,113467,114629,16360175525,0.0076300313815806,116284.33333333333,116677.95238095238,46.53099298877809
2020-02-04,114631,116556,114631,115557,17502115064,0.0080956825934099,115969.44444444444,116615.04761904762,49.62685366967807
2020-02-05,115563,117701,115562,116028,21741157334,0.0040759105895791,115580.55555555556,116584.85714285714,51.17212493422665
2020-02-06,116033,117382,114723,115190,21646347559,-0.0072223945944082,115226.55555555556,116534.52380952382,48.33131574649978
2020-02-07,115190,115190,113769,113770,18768796433,-0.0123274589808143,115147.44444444444,116430.85714285714,43.88543295757524
2020-02-10,113771,114176,112134,112570,0,-0.0105475960270721,114713.11111111111,116291.19047619047,40.49533698692694
2020-02-11,112574,115576,112574,115371,20491974715,0.0248822954606022,114711.55555555556,116198.14285714286,50.1711788986647
2020-02-12,115371,117581,115371,116674,23971859338,0.0112939993585909,114838.88888888889,116152.52380952382,53.924564655453544
2020-02-13,116660,116660,114801,115662,16378108478,-0.0086737405077395,115050.11111111111,116116.71428571429,50.72850115029118
2020-02-14,115663,115663,114132,114381,14792845941,-0.0110753747989832,115022.55555555556,116006.09523809524,46.936303728523015
2020-02-17,114381,115696,114381,115309,13175004948,0.008113235589827,114995.0,115855.19047619047,49.86047402722467
2020-02-18,115309,115309,113532,114977,15307607073,-0.0028792201822928,114878.22222222222,115670.19047619047,48.82387172296051
2020-02-19,114982,116545,114774,116518,17859884455,0.0134026805361071,115025.77777777778,115646.0,53.64151098547811
2020-02-20,116518,116552,114379,114586,19669994401,-0.0165811290959336,115116.44444444444,115464.80952380953,47.59237440319315
2020-02-21,114585,114585,112661,113681,16767291697,-0.0078979980102281,115239.88888888889,115186.38095238095,45.03068159561093
2020-02-26,113647,113647,105053,105718,18537128688,-0.0700468855833428,114167.33333333333,114583.61904761905,29.820893856755973
2020-02-27,105711,106656,102984,102984,0,-0.0258612535235248,112646.22222222222,114036.09523809524,26.51009772414362
2020-02-28,102984,104172,99951,104172,14003807977,0.0115357725471918,111369.55555555556,113450.04761904762,30.13958721704786
2020-03-02,104260,107220,103779,106625,19339079648,0.0235475943631686,110507.77777777778,113032.90476190476,37.05251539572858
2020-03-03,106630,108804,104405,105537,18806816681,-0.0102039859320046,109422.0,112557.14285714286,35.38024035837262
2020-03-04,105540,107809,105042,107224,16780986443,0.0159849152429953,108560.55555555556,112245.85714285714,39.908913123537616
2020-03-05,107217,107217,100536,102233,18011656932,-0.04654741475789,106973.33333333333,111655.57142857143,32.62433451401543
2020-03-06,102231,102231,96886,97997,24646793993,-0.0414347617696829,105130.11111111111,110819.38095238095,27.95967712853644
2020-03-09,97982,97982,85880,86067,31755908575,-0.1217384205638948,102061.88888888889,109392.66666666667,19.502335306517793
2020-03-10,86071,92230,86071,92214,29946497338,0.0714211021645927,100561.44444444444,108298.57142857143,31.071637064681
2020-03-11,92202,92202,80796,85171,25223180920,-0.0763766890060078,98582.22222222222,106936.71428571429,26.391421935206452
2020-03-12,85103,85103,68488,72583,21301908596,-0.147796785290768,95072.33333333333,105032.57142857143,20.45965884049778
2020-03-13,72621,83758,72621,82678,21301908596,0.1390821542234408,92411.55555555556,103475.76190476191,33.38961927549953
2020-03-16,82565,82565,70855,71168,21301908596,-0.1392147850697888,88592.77777777778,101308.80952380953,27.833929862314207
2020-03-17,71178,77255,70783,74617,21301908596,0.0484627922661871,84969.77777777778,99354.28571428571,31.511385372737976
2020-03-18,74576,74576,63547,66895,21301908596,-0.1034884811772116,81043.33333333333,97093.04761904762,28.06332555112442
2020-03-19,66883,70071,61691,68332,21301908596,0.0214814261155542,77747.22222222222,94856.04761904762,29.606974636557297
2020-03-20,68344,72247,66120,67069,21301908596,-0.01848328747878,75636.33333333333,92574.71428571429,29.01760061682951
2020-03-23,67067,67603,62161,63569,21301908596,-0.0521850631439264,72453.55555555556,90053.33333333333,27.390387240928703
2020-03-24,63604,71535,63604,69729,21301908596,0.096902578300744,70737.77777777778,87917.28571428571,34.36639008928327
2020-03-25,69727,76714,69360,74956,21301908596,0.074961637195428,71001.44444444444,86073.23809523809,39.6636135818866
2020-03-26,74956,78846,74923,77710,21301908596,0.0367415550456267,70449.44444444444,84739.52380952382,42.305723350627076
2020-03-27,77708,77708,73057,73429,21301908596,-0.0550894350791404,70700.66666666667,83332.14285714286,39.416286287370696
2020-03-30,73431,75430,73184,74639,21301908596,0.0164785030437566,70703.11111111111,81925.80952380953,40.650125991275
2020-03-31,74629,75511,72385,73020,21301908596,-0.021691073031525,71383.66666666667,80325.57142857143,39.49121648961639
2020-04-01,73011,73011,69569,70967,21301908596,-0.0281155847712955,71676.44444444444,78679.38095238095,38.011333044251614
2020-04-02,70969,73861,70957,72253,21301908596,0.0181210985387574,72252.44444444444,77014.09523809524,39.539721833825624
2020-04-03,72241,72241,67802,69538,21301908596,-0.0375762944099207,72915.66666666667,75457.19047619047,37.4408734514893
2020-04-06,69556,75260,69556,74073,21301908596,0.0652161408150939,73398.33333333333,74317.95238095238,42.89372220465852
2020-04-07,74078,79855,74078,76358,21301908596,0.0308479472952358,73554.11111111111,73855.61904761905,45.472658960989996
2020-04-08,76335,79058,76115,78625,21301908596,0.0296890960999502,73655.77777777778,73208.52380952382,47.98255566660721
2020-04-09,78640,80428,77457,77682,21301908596,-0.011993640699523,74128.33333333333,72851.90476190476,47.01314960388603
2020-04-13,77682,78836,76405,78836,21301908596,0.0148554362658015,74594.66666666667,73149.66666666667,48.387372326660326
2020-04-14,78848,81668,78848,79918,21301908596,0.0137246943020954,75361.11111111111,73018.23809523809,49.70448939240298
2020-04-15,79911,80035,77546,78831,21301908596,-0.0136014414775144,76234.88888888889,73383.14285714286,48.369053745649474
2020-04-16,78837,80167,77452,77812,21301908596,-0.0129263868275171,76852.55555555556,73535.28571428571,47.09172905297275
2020-04-17,77817,79846,77754,78990,21301908596,0.0151390531023491,77902.77777777778,74111.23809523809,48.77581617068506
2020-04-20,78989,80106,76943,78973,21301908596,-0.0002152171160906,78447.22222222222,74617.95238095238,48.75169940531241
2020-04-22,78973,81184,78973,80687,21301908596,0.0217036202246336,78928.22222222222,75266.42857142857,51.362834543822295
2020-04-23,80690,81934,78622,79673,21301908596,-0.0125670801987928,79044.66666666667,76033.28571428571,49.747966521532916
2020-04-24,79667,79667,72041,75331,21301908596,-0.0544977595923337,78783.44444444444,76300.04761904762,43.4485555554332
2020-04-27,75334,78563,75327,78239,21301908596,0.0386029655785797,78717.11111111111,76456.38095238095,48.18117352713257
2020-04-28,78243,81427,78243,81312,21301908596,0.0392770868748322,78872.0,76627.90476190476,52.68715736628322
2020-04-29,81313,83598,81313,83171,21301908596,0.0228625541125542,79354.22222222222,77091.80952380953,55.22375310120598
2020-04-30,83169,83169,80168,80506,21301908596,-0.0320424186314941,79653.55555555556,77371.19047619047,51.002277416966876
2020-05-04,80501,80502,77640,78876,21301908596,-0.0202469381164136,79640.88888888889,77650.04761904762,48.5573368451225
2020-05-05,78887,81066,78886,79471,15937025174,0.0075434859779908,79696.22222222222,78055.0,49.508835481401434
2020-05-06,79473,79996,78056,79064,18417080185,-0.0051213650262359,79515.88888888889,78379.33333333333,48.84332927166439
2020-05-07,79072,80061,78061,78119,26200487736,-0.0119523424061519,79343.22222222222,78787.95238095238,47.25500455942604
2020-05-08,78152,80557,78152,80263,18957269768,0.027445307799639,79891.22222222222,79082.71428571429,51.137304714408366
2020-05-11,80263,80723,78994,79065,17162840117,-0.0149259310018314,79983.0,79211.61904761905,48.96839994335782
2020-05-12,79065,80344,77872,77872,18008731622,-0.0150888509454246,79600.77777777778,79175.76190476191,46.837961715395046
2020-05-13,77877,78911,77152,77772,19957172548,-0.0012841586192726,79000.88888888889,79180.04761904762,46.65473323363609
2020-05-14,77770,79011,75697,79011,23774995781,0.0159311834593427,78834.77777777778,79188.38095238095,49.30109703621306
2020-05-15,79011,79538,77426,77557,21341139716,-0.0184025009175937,78688.22222222222,79075.95238095238,46.392527357756485
2020-05-18,77576,81420,77571,81194,21906823066,0.0468945420787292,78879.66666666667,79188.47619047618,53.74371074614889
2020-05-19,81197,82175,80647,80742,19982437093,-0.0055669138113654,79066.11111111111,79328.0,52.77511856416961
2020-05-20,80747,82290,80740,81319,18414229392,0.0071462188204403,79421.66666666667,79438.90476190476,53.91688481414056
2020-05-21,81320,83309,81317,83027,22818212086,0.0210037014719806,79728.77777777778,79631.95238095238,57.21449787705293
2020-05-22,83027,83027,81669,82173,17711702263,-0.0102858106399122,80074.11111111111,79702.71428571429,55.09174667750364
2020-05-25,82198,85876,82193,85663,16436025136,0.0424713713750257,80939.77777777778,79987.95238095238,61.395299933706035
2020-05-26,85668,87333,85396,85469,23767313068,-0.0022646883718758,81795.0,80470.71428571429,60.883710739343776
2020-05-27,85468,87946,85468,87946,21224661939,0.0289812680621044,82787.77777777778,80932.95238095238,64.90479340002179
2020-05-28,87946,88091,86767,86949,18678250781,-0.0113365019443749,83831.33333333333,81201.38095238095,62.13604926593099
2020-05-29,86951,87410,85384,87403,33772486720,0.0052214516555681,84521.22222222222,81402.90476190476,62.91191371799677
2020-06-01,87395,89019,86837,88620,19650879141,0.0139240071851081,85396.55555555556,81789.28571428571,64.98327053245279
2020-06-02,88622,91046,88622,91046,23150342764,0.0273753103136988,86477.33333333333,82368.80952380953,68.73216493002566
2020-06-03,91048,93710,91048,93002,31079325405,0.0214836456296816,87585.66666666667,83013.14285714286,71.39156941634292
2020-06-04,92993,94132,92221,93829,24470383816,0.008892281886411,88880.77777777778,83716.23809523809,72.45816740710528
2020-06-05,93839,97356,93839,94637,30177107563,0.0086114101184069,89877.88888888889,84502.80952380953,73.49779839413223
2020-06-08,94640,97693,94635,97645,25196975492,0.0317846085569069,91230.77777777778,85330.52380952382,76.98131611835362
2020-06-09,97644,97644,95386,96747,24614807608,-0.0091965794459522,92208.66666666667,86172.52380952382,73.86006338748778
2020-06-10,96747,97646,94665,94686,25921763643,-0.021302986139105,93068.33333333333,86973.19047619047,67.13243010530836
2020-06-12,94677,94703,90811,92795,27439281135,-0.019971273472319,93667.44444444444,87688.57142857143,61.589287697082774
2020-06-15,92780,93112,90148,92376,24627463489,-0.0045153294897354,94084.77777777778,88325.0,60.39924550618991
2020-06-16,92387,95216,92387,93531,24290618340,0.0125032475967783,94360.88888888889,89085.66666666667,62.54752295073358
2020-06-17,93531,96611,93531,95547,24586466836,0.0215543509638516,94643.66666666667,89769.14285714286,66.01321680567294
2020-06-18,95547,97110,94698,96125,21731656724,0.0060493788397333,94898.77777777778,90501.66666666667,66.95729345746301
2020-06-19,96138,97540,95874,96572,30068077973,0.0046501950585176,95113.77777777778,91228.0,67.70443763343798
2020-06-22,96572,96870,94869,95336,17051867939,-0.012798740835853,94857.22222222222,91814.14285714286,63.433316843095504
2020-06-23,95344,97486,95344,95975,20418916522,0.0067026097172107,94771.44444444444,92471.38095238095,64.67407001267009
2020-06-24,95974,95974,93259,94377,19548391225,-0.0166501693149258,94737.11111111111,92886.33333333333,59.2588781300164
2020-06-25,94382,96260,94152,95983,18047396369,0.0170168579208918,95091.33333333333,93387.0,62.644165562043696
2020-06-26,95979,95979,93514,93834,17732330333,-0.0223893814529656,95253.33333333333,93667.38095238095,55.94529355406047
2020-06-29,93837,95735,93825,95735,17496469284,0.0202591811070613,95498.22222222222,94085.76190476191,60.01827952863647
2020-06-30,95728,96257,94806,95056,21637026573,-0.0070924949078184,95443.66666666667,94450.19047619047,57.957174382750416
2020-07-01,95062,96852,95062,96203,21266983960,0.0120665712842955,95452.33333333333,94811.28571428571,60.42928998490669
2020-07-02,96206,97864,96052,96235,20984233660,0.0003326299595647,95414.88888888889,95058.38095238095,60.499073911171806
2020-07-03,96237,96765,95803,96765,10389116656,0.0055073517950849,95573.66666666667,95237.57142857143,61.70369108394475
2020-07-06,96776,99257,96768,98937,20103744643,0.0224461323825764,95902.77777777778,95480.80952380953,66.24654379595034
2020-07-07,98937,98938,97272,97761,19969920796,-0.0118863519209193,96278.77777777778,95629.57142857143,61.96084860232602
2020-07-08,97765,99973,97765,99770,20688211822,0.0205501171223698,96699.55555555556,95730.76190476191,66.00668961767478
2020-07-09,99770,100191,98861,99160,21091130359,-0.0061140623433898,97291.33333333333,95845.66666666667,63.788222109652494
2020-07-10,99160,100101,98739,100032,18692321762,0.008793868495361,97768.77777777778,96100.23809523809,65.56968761017347
2020-07-13,100027,100858,98697,98697,21489906776,-0.0133457293666027,98173.33333333333,96381.28571428571,60.650311075193756
2020-07-14,98699,100632,98289,100440,23109620544,0.017660111249582,98644.11111111111,96765.28571428571,64.4051782427
2020-07-15,100444,102114,100444,101791,21918972695,0.0134508164078057,99261.44444444444,97158.61904761905,67.03120414309488
2020-07-16,101791,101792,100160,100553,18479597220,-0.012162175437907,99682.33333333333,97397.0,62.48217908629762
2020-07-17,100554,103017,100554,102888,20591203430,0.0232215846369576,100121.33333333333,97719.04761904762,67.02731197050485
2020-07-20,102888,104439,102744,104426,20591203430,0.0149482932897908,100861.88888888889,98093.04761904762,69.63655292837853
2020-07-21,104426,105449,103732,104310,26303861940,-0.0011108344665121,101366.33333333333,98520.38095238095,69.19181833244744
2020-07-22,104312,104980,103277,104290,22892352500,-0.0001917361710286,101936.33333333333,98916.33333333333,69.10986617496413
2020-07-23,104291,104949,102119,102293,21947407720,-0.019148528142679,102187.55555555556,99293.28571428571,61.30230804794383
2020-07-24,102292,102694,100859,102382,20828028042,0.0008700497590254,102597.0,99598.0,61.51100130269825
2020-07-27,102381,104585,102381,104477,22123113081,0.0204625813131213,103045.55555555556,100104.80952380953,66.14001826974739
2020-07-28,104477,104663,103592,104109,20432666611,-0.0035223063449371,103303.11111111111,100503.57142857143,64.66873929424784
2020-07-29,104112,105704,104112,105605,20386646856,0.0143695549856399,103864.44444444444,101005.90476190476,67.80418049392088
2020-07-30,105605,105607,103920,105009,22753575526,-0.0056436721746129,104100.11111111111,101425.23809523809,65.31723278893813
2020-07-31,105010,105462,102642,102912,26974786941,-0.0199697168814101,103931.88888888889,101743.19047619047,57.34721376047275
2020-08-03,102913,103863,102304,102830,24026810481,-0.0007967972636815,103767.44444444444,102032.0,57.054044707304534
2020-08-04,102826,103012,100005,101216,32456135123,-0.0156958086161626,103425.88888888889,102140.52380952382,51.47596564249191
2020-08-05,101220,103763,101220,102802,24485188480,0.015669459374012,103482.44444444444,102380.57142857143,56.025656879198955
2020-08-06,102795,104523,102795,104126,20836080636,0.0128791268652361,103676.22222222222,102588.0,59.444246596819156
2020-08-07,104116,104126,101957,102776,22993247486,-0.012965061560033,103487.22222222222,102760.19047619047,54.76891691535485
2020-08-10,102776,103722,101282,103444,18982145120,0.0064995718844866,103413.33333333333,102922.66666666667,56.58834998426204
2020-08-11,103449,104409,102174,102174,21862949570,-0.012277174123197,103032.11111111111,103088.23809523809,52.28242223261028
2020-08-12,102176,103116,100698,102118,23746144727,-0.0005480846399279,102710.88888888889,103168.14285714286,52.094188275387125
2020-08-13,102118,103237,100187,100461,25089815050,-0.0162263264067059,102438.55555555556,103104.80952380953,46.73273378012831
2020-08-14,100469,101717,100445,101353,21081668510,0.0088790674988303,102274.44444444444,103142.90476190476,49.73198024363674
2020-08-17,101348,101689,98513,99595,25465986707,-0.0173453178494963,102094.33333333333,102986.09523809524,44.42313952995115
2020-08-18,99597,102247,99597,102065,23337410750,0.0248004417892464,102012.44444444444,102873.66666666667,52.15161744294953
2020-08-19,102072,102334,100800,100854,21862383963,-0.0118649879978445,101648.88888888889,102709.09523809524,48.58440693095068
2020-08-20,100853,101749,99131,101468,22249896432,0.006088008408194,101503.55555555556,102574.71428571429,50.43555071592176
2020-08-21,101460,101566,100412,101521,18617630072,0.0005223321638347,101289.88888888889,102537.95238095238,50.60088262281391
2020-08-24,101525,102515,101525,102298,18152329683,0.0076535889126387,101303.66666666667,102533.95238095238,53.072296732760925
2020-08-25,102293,102708,101623,102118,18638589413,-0.0017595651918903,101303.66666666667,102421.61904761905,52.41804732119713
2020-08-26,102119,102521,99359,100627,23011583508,-0.0146007559881705,101322.11111111111,102255.80952380953,47.22483876574854
2020-08-27,100625,101548,99857,100624,17073194472,-2.9813072038309407e-05,101241.11111111111,102018.61904761905,47.214702908596365
2020-08-28,100631,102347,100631,102143,17788281164,0.0150958021943075,101524.22222222222,101882.14285714286,52.74511975558158
2020-08-31,102142,102142,99369,99369,26951498632,-0.0271580039748196,101224.66666666667,101713.42857142857,43.733678243629
2020-09-01,99382,102238,99382,102168,21503889289,0.02816773842949,101370.66666666667,101681.90476190476,52.5438711748538
2020-09-02,102168,102824,100872,101911,16775102289,-0.002515464724767,101419.88888888889,101715.0,51.742744373177004
2020-09-03,101911,103226,99751,100721,30487984521,-0.0116768552953067,101331.0,101615.90476190476,48.086768592255204
2020-09-04,100733,101582,98961,101242,27709690579,0.0051727047984035,101213.66666666667,101478.57142857143,49.76045837243372
2020-09-08,101239,101239,99373,100050,19571431485,-0.0117737697793406,100983.88888888889,101348.76190476191,46.09855071339933
2020-09-09,100050,101578,100050,101292,17898037057,0.0124137931034482,101057.77777777778,101246.28571428571,50.210002000461515
2020-09-10,101291,101536,98687,98835,21732861809,-0.0242566046676934,100859.0,101087.28571428571,43.19126631665494
2020-09-11,98839,99435,97758,98363,21811990540,-0.0047756361612788,100439.0,100908.47619047618,41.97730532745254
2020-09-14,98367,100520,98367,100275,18936506369,0.0194382033894859,100539.66666666667,100899.61904761905,48.314643499134384
2020-09-15,100277,100949,99647,100298,19780659301,0.0002293692346049,100331.88888888889,100849.38095238095,48.38767110714027
2020-09-16,100299,100663,99663,99676,17081011924,-0.0062015194719735,100083.55555555556,100853.23809523809,46.47522886146293
2020-09-17,99674,100251,98562,100098,17751078838,0.0042337172438702,100014.33333333333,100759.57142857143,47.97751093801214
2020-09-18,100098,100102,98045,98290,24543964075,-0.0180622989470319,99686.33333333333,100637.47619047618,42.47679670824422
2020-09-21,98283,98283,95820,96991,22078282718,-0.0132159934886559,99346.44444444444,100424.28571428571,39.01568208481705
2020-09-22,96995,97684,96390,97294,16347739895,0.0031240011959872,98902.22222222222,100223.0,40.23889209181216
2020-09-23,97294,97389,95728,95735,20082450250,-0.0160235985775073,98557.77777777778,99910.47619047618,36.214056044248395
2020-09-24,95735,97955,95653,97012,20032684535,0.0133389042669869,98407.66666666667,99667.33333333333,41.385772326501304
2020-09-25,97011,97012,95632,96999,14965437115,-0.0001340040407372,98043.66666666667,99494.57142857143,41.34901769779318
2020-09-28,97005,98314,94371,94666,22994788083,-0.0240517943483953,97417.88888888889,99210.85714285714,35.29158962352248
2020-09-29,94665,95505,93408,93580,18789087159,-0.0114719117740266,96740.55555555556,98803.09523809524,32.87714662068488
2020-09-30,93586,95340,93584,94603,19894224161,0.0109318230391108,96130.0,98576.14285714286,37.23332215460138
2020-10-01,94604,95486,93599,95479,19508708677,0.0092597486337642,95817.66666666667,98257.61904761905,40.77764897791116
2020-10-02,95475,95996,93897,94016,19195437074,-0.0153227411263209,95487.11111111111,97881.66666666667,37.018037921383645
2020-10-05,94019,96414,93984,96089,17887243020,0.0220494383934648,95353.22222222222,97661.09523809524,44.78603933506911
2020-10-06,96091,97405,95211,95615,22144551806,-0.0049329267658108,95339.88888888889,97393.14285714286,43.46594207489115
2020-10-07,95616,96380,94881,95526,20536552738,-0.0009308162945144,95174.77777777778,97177.71428571429,43.20841201646695
2020-10-08,95530,97938,95530,97920,21990086925,0.0250612398718672,95277.11111111111,97017.14285714286,51.52778373402043
2020-10-09,97924,98642,97161,97483,23126255874,-0.0044628267973856,95590.11111111111,96952.76190476191,50.08546836713215
2020-10-13,97483,98998,97336,98503,19265883910,0.0104633628427521,96137.11111111111,96959.42857142857,53.36656902938428
2020-10-14,98502,99571,98501,99334,20703517635,0.0084362912804685,96662.77777777778,96914.61904761905,55.90943657067842
2020-10-15,99328,99486,97778,99054,17917675834,-0.0028187730283689,97060.0,96855.38095238095,54.824650911629355
2020-10-16,99054,99172,98309,98309,16863525987,-0.0075211500797545,97537.0,96790.28571428571,51.93716430572148
2020-10-19,98310,99917,98310,98658,20568772976,0.0035500310246263,97822.44444444444,96721.71428571429,53.18115919912708
2020-10-20,98664,100722,98664,100540,19756529569,0.0190759999189118,98369.66666666667,96828.85714285714,59.29893865687657
2020-10-21,100541,101586,100149,100552,19796986873,0.0001193554804057,98928.11111111111,96998.42857142857,59.33542545076591
2020-10-22,100553,102020,100457,101918,22641129931,0.0135850107407111,99372.33333333333,97218.61904761905,63.36183393558103
2020-10-23,101918,102218,101188,101260,17812831467,-0.0064561706469906,99792.0,97481.71428571429,60.266297037151304
2020-10-26,101260,101784,99762,101017,16590869468,-0.0023997629863716,100071.33333333333,97672.42857142857,59.11763994685876
2020-10-27,101017,101660,99414,99606,19153885504,-0.0139679459892889,100101.55555555556,97796.57142857143,52.822048287628206
2020-10-28,99598,99598,95369,95369,22022698753,-0.0425375981366584,99692.11111111111,97830.04761904762,39.29106407601236
2020-10-29,95368,96688,93387,96582,25781968875,0.0127190177101574,99500.22222222222,97973.0,43.734731666910264
2020-10-30,96579,96579,93559,93952,22744961762,-0.0272307469300697,98977.33333333333,97942.0,37.351047901157884
2020-11-03,93968,96350,93968,95980,21700599881,0.0215854904632153,98470.66666666667,97965.85714285714,44.12384823283227
2020-11-04,95992,98296,95987,97867,22599623759,0.019660345905397,98172.33333333333,98149.23809523809,49.585211258914626
2020-11-05,97873,100922,97872,100751,22871884666,0.0294685644803662,98042.66666666667,98371.23809523809,56.57165097858412
2020-11-06,100751,101104,99837,100925,18369568659,0.001727030004665,98005.44444444444,98624.09523809524,56.95919144841735
2020-11-09,100954,105147,100954,103515,39613826411,0.0256626207579886,98283.0,99004.52380952382,62.345549892069265
2020-11-10,103516,105758,103453,105067,39481386443,0.0149929961841279,98889.77777777778,99344.85714285714,65.1592569168975
2020-11-11,105067,105462,104143,104809,25280184077,-0.0024555759658122,99938.66666666667,99693.71428571429,64.29909522013737
2020-11-12,104810,105019,102034,102507,24681624654,-0.0219637626539705,100597.0,99884.38095238095,57.06115737404638
2020-11-13,102509,104726,102509,104723,22870478595,0.0216180358414548,101793.77777777778,100141.0,61.5483442169259
2020-11-16,104729,106518,104729,106430,29776720048,0.0163001441899104,102954.88888888889,100492.23809523809,64.61582169379076
2020-11-17,106430,107810,105847,107249,29776720048,0.0076951987221647,103997.33333333333,100917.95238095238,66.01659634734264
2020-11-18,107246,107467,106043,106119,23544061636,-0.0105362287760258,104593.77777777778,101273.23809523809,62.34910890136657
2020-11-19,106117,106973,105545,106670,20674632786,0.0051922841338496,105232.11111111111,101565.14285714286,63.41634483631689
2020-11-20,106670,106764,105680,106042,16876885344,-0.0058873160213743,105512.88888888889,101826.57142857143,61.284153849763136
2020-11-23,106050,107495,106050,107379,22509344066,0.0126082118405914,105769.77777777778,102086.61904761905,64.05504394519926
2020-11-24,107378,109956,107361,109786,29116614080,0.0224159286266403,106322.77777777778,102492.61904761905,68.4349641479393
2020-11-25,109786,110596,109315,110133,21296409197,0.0031606944419142,107170.11111111111,102926.71428571429,69.02101260523214
2020-11-26,110133,110245,109418,110227,14475093443,0.0008535134791569,107781.66666666667,103432.47619047618,69.18790308283718
2020-11-27,110229,111603,110161,110575,21999432999,0.0031571212134957,108242.22222222222,104156.57142857143,69.83578000865006
2020-11-30,110598,110934,108829,108893,39323938585,-0.0152113949807822,108424.88888888889,104742.80952380953,62.94649372367096
2020-12-01,108897,111840,108897,111400,29860080198,0.0230226001671365,109011.66666666667,105573.66666666667,68.01173316594253
2020-12-02,111402,112315,110579,111879,27186412883,0.0042998204667863,109590.44444444444,106330.76190476191,68.88687837403917
2020-12-03,111874,113377,111874,112292,28087620605,0.0036914881255643,110284.88888888889,107017.66666666667,69.6576709871004
2020-12-04,112294,113864,112294,113750,24380677119,0.0129840059843977,110992.77777777778,107636.66666666667,72.2694948958937
2020-12-07,113751,114531,112629,113590,22776328040,-0.0014065934065934,111415.44444444444,108239.76190476191,71.54171265389951
2020-12-08,113590,114381,112820,113793,21628257039,0.0017871291486926,111822.11111111111,108729.19047619047,71.92797372063768
2020-12-09,113799,114020,112567,113001,21331814603,-0.0069600063272784,112130.33333333333,109107.0,68.0473864732362
2020-12-10,113002,115262,112732,115129,29690828843,0.0188316917549402,112636.33333333333,109598.42857142857,72.36196101562567
2020-12-11,115128,115527,113949,115128,20653442133,-8.685908850059043e-06,113329.11111111111,110199.42857142857,72.35701648238354
2020-12-14,115137,115740,114431,114611,19208467549,-0.0044906538808977,113685.88888888889,110670.28571428571,69.70512993157612
2020-12-15,114613,116390,114613,116149,20231692062,0.0134193053022833,114160.33333333333,111133.09523809524,72.88844216523327
2020-12-16,116149,118178,115496,117857,25239326268,0.0147052492918577,114778.66666666667,111638.23809523809,75.91514878205524
2020-12-17,117864,119027,117856,118401,19767874491,0.004615763170622,115295.44444444444,112223.09523809524,76.80340018110216
2020-12-18,118395,119370,117638,118024,22600446262,-0.0031840947289296,115788.11111111111,112763.76190476191,74.74605417632509
2020-12-21,118021,118021,114730,115823,23457410679,-0.0186487494069003,116013.66666666667,113229.52380952382,63.9719779266896
2020-12-22,115825,116903,115648,116636,17167203306,0.0070193312209145,116417.55555555556,113670.33333333333,65.92574730979376
2020-12-23,116636,118311,116636,117807,15519239501,0.0100397818855242,116715.11111111111,114052.28571428571,68.56958072209028
2020-12-28,117806,119213,117805,119124,15811071299,0.0111793017392853,117159.11111111111,114480.42857142857,71.26957793799833
2020-12-29,119130,119861,118750,119409,14888843395,0.0023924649944595,117692.22222222222,114917.66666666667,71.83346271415584
2020-12-30,119410,120150,118919,119017,20052106051,-0.0032828346272056,118010.88888888889,115319.66666666667,69.8041203913906
2021-01-04,119024,120354,118062,118855,22706023624,-0.0013611500878025,118121.77777777778,115794.04761904762,68.9373644691647
2021-01-05,118835,119790,116756,119376,24088182294,0.0043834924908501,118230.11111111111,116173.85714285714,70.21814550486414
2021-01-06,119377,120924,118917,119100,32026800513,-0.0023120225170888,118349.66666666667,116517.71428571429,68.60436531306324
2021-01-07,119103,122697,119101,122386,32565406793,0.0275902602854742,119078.88888888889,116998.38095238095,75.75011588893915
2021-01-08,122387,125324,122386,125077,33003412100,0.021987809063128,120016.77777777778,117537.76190476191,79.8040267476414
2021-01-11,125075,125075,122506,123255,26930570156,-0.0145670267115456,120622.11111111111,117998.0,71.1332761094219
2021-01-12,123255,124584,123227,123998,25368340390,0.0060281530161048,121163.66666666667,118483.95238095238,72.44792947325169
2021-01-13,123996,124032,121016,121933,27651556016,-0.0166534944112002,121444.11111111111,118909.28571428571,63.75715264292207
2021-01-14,121947,123896,121947,123481,23400548807,0.0126954967072081,121940.11111111111,119307.0,66.95712368532972
2021-01-15,123472,123472,120185,120349,26111174102,-0.0253642260752666,122106.11111111111,119555.61904761905,56.15419676541251
2021-01-18,120351,122586,120351,121242,19223491942,0.0074200865815254,122313.44444444444,119871.38095238095,58.22380398224977
2021-01-19,121250,122120,119257,120636,21841564822,-0.004998267926956,122484.11111111111,120085.04761904762,56.28230302803463
2021-01-20,120645,121449,118740,119646,20607093157,-0.00820650552074,122179.66666666667,120170.23809523809,53.16343281938863
2021-01-21,119628,120243,117785,118329,23559553172,-0.0110074720425255,121429.88888888889,120166.80952380953,49.25326221679778
2021-01-22,118318,118318,116109,117380,22645362057,-0.0080200120004394,120777.11111111111,120136.14285714286,46.59390359050734
2021-01-26,117381,119167,116109,116464,26651946216,-0.00780371443176,119940.0,120166.66666666667,44.117795198389125
2021-01-27,116463,117840,114887,115882,26974169561,-0.004997252369831,119267.66666666667,120130.76190476191,42.56985244792882
2021-01-28,115882,119355,115734,118883,26630422300,0.0258970331889336,118756.77777777778,120182.0,51.934695194662176
2021-01-29,118880,118880,114973,115068,26295917212,-0.0320903745699553,118170.0,119988.85714285714,42.45663687484289
2021-02-01,115093,117862,115093,117518,22765249160,0.0212917579170577,117756.22222222222,119898.80952380953,48.90561878809646
2021-02-02,117520,119805,117519,118234,30138246292,0.0060926836739902,117489.33333333333,119861.52380952382,50.64640846262085
2021-02-03,118235,120210,118234,119725,23597310129,0.012610585787506,117498.11111111111,119902.95238095238,54.1496128022395
2021-02-04,119728,120560,118918,119261,22003180450,-0.0038755481311338,117601.66666666667,119897.47619047618,52.89139238472585
2021-02-05,119261,121117,119261,120240,22440111635,0.0082088863920308,117919.44444444444,119951.76190476191,55.253862483267646
2021-02-08,120239,120844,119140,119696,22671921415,-0.0045242847638057,118278.55555555556,119823.66666666667,53.6440024546849
2021-02-09,119696,119975,118246,119472,22049150730,-0.0018714075658334,118677.44444444444,119556.76190476191,52.95976735996581
2021-02-10,119472,119738,117970,118435,23905539391,-0.0086798580420517,118627.66666666667,119327.23809523809,49.7933309351695
2021-02-11,118440,120283,118440,119300,20801730788,0.0073035842445223,119097.88888888889,119103.52380952382,52.352432221059715
2021-02-12,119300,119763,118163,119429,17991023738,0.001081307627829,119310.22222222222,118984.28571428571,52.739319387355444
2021-02-17,119421,120597,118880,120356,21921716489,0.0077619338686583,119546.0,118835.47619047618,55.53348042598373
2021-02-18,120361,120845,118515,119199,29159351432,-0.0096131476619362,119487.55555555556,118780.71428571429,51.4452527466014
2021-02-19,119199,119250,117867,118431,27423896312,-0.006443007072207,119395.33333333333,118646.85714285714,48.87329209480663
2021-02-22,118388,118388,111650,112668,54321209731,-0.0486612457886871,118554.0,118267.42857142857,34.8098126295213
2021-02-23,112676,115380,112667,115227,39478642067,0.0227127489615508,118057.44444444444,118057.0,42.69512829355344
2021-02-24,115229,116208,114668,115668,29215570596,0.003827227993439,117634.77777777778,117930.28571428571,43.95329992443529
2021-02-25,115668,116506,111764,112256,31589753471,-0.0294982190407027,116948.22222222222,117686.28571428571,37.156053169701096
2021-02-26,112260,113466,109827,110035,38524709612,-0.0197851339794754,115918.77777777778,117380.14285714286,33.52196668129952
2021-03-01,110036,112445,110036,110335,27922889471,0.002726405234698,114908.33333333333,117116.0,34.45450335732701
2021-03-02,110328,112428,107319,111540,35818983993,0.0109212851769611,113928.77777777778,116766.33333333333,38.20420862075031
2021-03-03,111529,112398,107466,111184,37221638701,-0.003191680114757,113038.22222222222,116581.38095238095,37.52127345186091
2021-03-04,111191,114433,111163,112690,37390364270,0.0135451144049503,112400.33333333333,116351.47619047618,42.226260239239465
2021-03-05,112690,115504,112504,115202,36085687192,0.0222912414588694,112681.88888888889,116207.09523809524,49.11018978563803
2021-03-08,115202,115202,110268,110612,35520480784,-0.0398430582802381,112169.11111111111,115773.14285714286,39.78247134153982
2021-03-09,110611,112525,109343,111331,32085221385,0.0065001988934292,111687.22222222222,115395.52380952382,41.65199395852768
2021-03-10,111331,112928,109999,112776,30535136370,0.0129793139377172,111745.0,115040.09523809524,45.32578136205277
2021-03-11,112782,115127,112776,114984,31167299590,0.0195786337518621,112294.88888888889,114815.71428571429,50.45877416439768
2021-03-12,114984,114984,113253,114160,20817104529,-0.0071662144298336,112719.88888888889,114562.76190476191,48.624126351882154
2021-03-15,114093,114903,113635,114851,21165132396,0.0060529081990188,113087.77777777778,114392.09523809524,50.257476676095855
2021-03-16,114845,114974,113370,114019,19943646178,-0.0072441685314015,113402.77777777778,114140.61904761905,48.26768964099589
2021-03-17,114018,116736,113428,116549,24144932199,0.0221892842421,113831.55555555556,114003.47619047618,54.205194936351894
2021-03-18,116549,116751,114302,114835,24960531146,-0.0147062608859792,113790.77777777778,113740.57142857143,50.01692999156662
2021-03-19,114837,116446,114610,116222,32245918171,0.0120781991553098,114414.11111111111,113598.80952380953,53.17023201306522
2021-03-22,116222,116225,113620,114979,20031012958,-0.010695049130113,114819.44444444444,113434.42857142857,50.11867443519052
2021-03-23,114977,115599,113062,113262,20123789238,-0.0149331617077901,114873.44444444444,113462.71428571429,46.17631568736494
2021-03-24,113272,114823,112064,112064,24092990211,-0.010577245678162,114549.0,113312.09523809524,43.59935475784389
2021-03-25,112065,114024,110927,113750,25467147914,0.0150449743003997,114503.44444444444,113220.76190476191,47.99776749237446
2021-03-26,113750,115416,113305,114781,21711772736,0.0090637362637362,114495.66666666667,113341.0,50.53797713154615
2021-03-29,114776,115553,114096,115419,19621546398,0.0055584112353088,114651.22222222222,113597.38095238095,52.09736333092699
2021-03-30,115414,117090,114999,116850,20728408292,0.0123983053050191,114684.66666666667,113907.61904761905,55.48713901163386
2021-03-31,116850,117249,115932,116634,24302182116,-0.0018485237483953,114884.55555555556,114150.19047619047,54.85613007781212
2021-04-01,116644,117088,114991,115253,20029087876,-0.0118404581854347,114776.88888888889,114343.95238095238,50.87273933415869
2021-04-05,115262,117668,115262,117518,19509273141,0.0196524168568279,115059.0,114573.85714285714,56.45745154924027
2021-04-06,117519,118213,117176,117499,18596265033,-0.000161677360064,115529.77777777778,114683.23809523809,56.39953217921435
2021-04-07,117499,118303,116748,117624,21636767618,0.0010638388411816,116147.55555555556,115017.14285714286,56.71415452096477
2021-04-08,117624,118850,117486,118313,22357126743,0.0058576480990273,116654.55555555556,115349.61904761905,58.49211815639833
2021-04-09,118313,118643,117336,117670,19419408433,-0.0054347366730621,116975.55555555556,115582.66666666667,56.173214626255685
2021-04-12,117661,118812,117661,118812,17586307517,0.0097051075040366,117352.55555555556,115764.95238095238,59.26224540185314
2021-04-13,118809,119529,118041,119297,21727546319,0.0040820792512541,117624.44444444444,116009.57142857143,60.534461734350465
2021-04-14,119298,120871,119298,120295,26295067011,0.0083656755827892,118031.22222222222,116268.80952380953,63.088894177909616
2021-04-15,120290,121409,120084,120701,20943112308,0.0033750363689264,118636.55555555556,116587.0,64.10671145118394
2021-04-16,120701,121333,120199,121114,21578928488,0.003421678362234,119036.11111111111,116804.38095238095,65.1591816542719
2021-04-19,121116,121974,120682,120934,25995400144,-0.0014862030813943,119417.77777777778,117094.80952380953,64.27458965229013
2021-04-20,120925,121354,119841,120062,20732435877,-0.0072105445945722,119688.66666666667,117277.66666666667,60.02334366601378
2021-04-22,120064,120995,119203,119371,21756505713,-0.0057553597308057,119806.22222222222,117486.80952380953,56.81636121031591
2021-04-23,119372,120815,119372,120530,19952671980,0.0097092258588769,120124.0,117832.90476190476,60.617149012348165
2021-04-26,120534,121393,119860,120595,18448200552,0.0005392848253547,120322.11111111111,118239.14285714286,60.8253935580315
2021-04-27,120595,121012,119003,119388,22107496889,-0.0100087068286413,120332.22222222222,118507.61904761905,55.008696644557844
2021-04-28,119392,121276,119392,121053,22947015521,0.0139461252387174,120416.44444444444,118806.28571428571,60.60525968883897
2021-04-29,121053,121498,119703,120066,22597886511,-0.0081534534460112,120345.88888888889,119027.57142857143,56.14660417744968
2021-04-30,120064,120125,118894,118894,30244887582,-0.0097612979527926,120099.22222222222,119124.90476190476,51.31864158291512
2021-05-03,118951,119904,118528,119209,23232066531,0.0026494188100325,119907.55555555556,119247.52380952382,52.500849517477775
2021-05-04,119209,119293,117631,117712,23683076711,-0.0125577766779353,119646.44444444444,119364.61904761905,46.69700061152282
2021-05-05,117725,119734,117725,119564,23545174638,0.015733315210004,119667.88888888889,119462.04761904762,53.53981235224237
2021-05-06,119577,119966,119071,119921,24272985867,0.0029858485831855,119600.22222222222,119577.38095238095,54.74582946539505
2021-05-07,119922,122038,119922,122038,23846044339,0.017653288414873,119760.55555555556,119787.57142857143,61.18092525382527
2021-05-10,122038,122772,121795,121909,23828778191,-0.0010570478047821,120040.66666666667,119958.80952380953,60.61529559993441
2021-05-11,121904,122964,120145,122964,22683017485,0.0086539960134197,120253.0,120210.90476190476,63.58077089699683
2021-05-12,122964,122964,119458,119710,25872439984,-0.0264630298298689,120213.44444444444,120253.66666666667,50.860482247211365
2021-05-13,119711,121426,119711,120706,25649674540,0.0083201069250689,120414.77777777778,120320.76190476191,53.900616534879916
2021-05-14,120719,122195,120719,121881,26176566113,0.0097343959703743,120711.66666666667,120396.28571428571,57.26000019041662
2021-05-17,121880,123074,121680,122938,19895441766,0.0086723935642143,121292.33333333333,120502.80952380953,60.07834926337233
2021-05-18,122937,123544,122550,122980,20244483588,0.0003416356212073,121671.88888888889,120591.66666666667,60.19068139424339
2021-05-19,122976,123013,121595,122636,23771474789,-0.0027972027972027,121973.55555555556,120672.71428571429,58.732970798289806
2021-05-20,122636,122734,122136,122701,20651872835,0.0005300238103003,122047.22222222222,120798.38095238095,58.935342532267704
2021-05-21,122701,122799,121760,122592,24260739419,-0.0008883383183511,122123.11111111111,120951.76190476191,58.417984682748056
2021-05-24,122592,124167,122526,124032,21532483776,0.0117462803445576,122241.77777777778,121118.52380952382,63.034672104760396
2021-05-25,124032,124696,122701,122988,21350000565,-0.0084171826625386,122606.0,121232.47619047618,58.006349192677604
2021-05-26,122988,124256,122988,123989,22439250450,0.008139005431424,122970.77777777778,121451.57142857143,61.202081208097354
2021-05-27,123989,124537,123470,124367,36422216646,0.0030486575422012,123247.0,121609.38095238095,62.366745873850306
2021-05-28,124367,125698,124284,125561,22738240717,0.0096006175271574,123538.44444444444,121871.04761904762,65.85360601024044
2021-05-31,125561,126216,125540,126216,15801959866,0.0052165879532657,123898.0,122219.71428571429,67.62569243725645
2021-06-01,126218,128363,126218,128267,32442238814,0.0162499207707422,124523.66666666667,122651.04761904762,72.44750220337173
2021-06-02,128268,129601,128167,129601,31743096483,0.0104001808727107,125290.33333333333,123217.19047619047,75.05035065655356
2021-06-04,129600,130137,129148,130126,25348472433,0.0040508946690225,126127.44444444444,123720.14285714286,76.01083692488587
2021-06-07,130125,131190,129498,130776,25882798975,0.0049951585386471,126876.77777777778,124237.04761904762,77.18206580861838
2021-06-08,130776,130776,129230,129787,27875104578,-0.0075625497033094,127632.22222222222,124606.04761904762,71.46482323009509
2021-06-09,129800,130882,129281,129907,26703945017,0.0009245918312312,128289.77777777778,124986.90476190476,71.73837341497281
2021-06-10,129911,130527,129526,130076,19109787351,0.001300930665784,128924.11111111111,125325.57142857143,72.1433918786989
2021-06-11,130076,130294,128678,129441,15576719350,-0.0048817614317783,129355.22222222222,125788.95238095238,68.18913779911819
2021-06-14,129441,131084,129441,130208,20274096829,0.005925479562117,129798.77777777778,126241.42857142857,70.3062295642289
2021-06-15,130208,130436,129304,130091,19437442870,-0.0008985623003194,130001.44444444444,126632.38095238095,69.54588427911204
2021-06-16,130091,130283,128345,129259,35175586478,-0.0063955231338063,129963.44444444444,126933.38095238095,64.22658949851058
2021-06-17,129259,129919,127576,128057,26182340544,-0.0092991590527545,129733.55555555556,127175.14285714286,57.396395079464654
2021-06-18,128050,128796,127595,128405,34718411871,0.0027175398455374,129470.11111111111,127449.85714285714,58.76367555555589
2021-06-21,128405,129412,128048,129265,19653829054,0.0066975585062887,129412.11111111111,127762.42857142857,62.00857152308985
2021-06-22,129242,129259,127803,128767,23148251364,-0.0038525509612037,129285.44444444444,128056.47619047618,59.108005790765496
2021-06-23,128769,129901,128182,128428,21677761947,-0.002632662095102,129102.33333333333,128265.80952380953,57.148306701619546
2021-06-24,128433,129541,128428,129514,19724082042,0.0084560999159062,129110.44444444444,128576.57142857143,61.54667681973975
2021-06-25,129513,129748,126697,127256,24907001448,-0.0174344086353598,128782.44444444444,128732.14285714286,50.0449544979107
2021-06-28,127255,128067,126629,127429,20420097288,0.001359464386748,128486.66666666667,128877.95238095238,50.80353042610795
2021-06-29,127429,127507,126184,127327,20528979382,-0.0008004457384112,128272.0,128962.04761904762,50.31837039200229
2021-06-30,127323,127323,126199,126802,23877063760,-0.0041232417319185,128132.55555555556,128989.95238095238,47.78872091860032
2021-07-01,126802,127204,124994,125666,23602266268,-0.0089588492295074,127828.22222222222,128866.09523809524,42.77740351713993
2021-07-02,125667,127672,125667,127622,19363941728,0.0155650693107125,127645.66666666667,128771.85714285714,52.092820667045004
2021-07-05,127622,127633,126531,126920,14065908824,-0.0055006190155302,127440.44444444444,128619.19047619047,49.00917088684835
2021-07-06,126919,126919,124866,125095,19628021499,-0.0143791364639143,127070.11111111111,128348.66666666667,42.04166256098271
2021-07-07,125096,127249,125094,127019,21529895823,0.0153803109636676,126792.88888888889,128216.85714285714,50.09651995088051
2021-07-08,127013,127013,124310,125428,22196036007,-0.0125256851337201,126589.77777777778,128003.57142857143,44.57924710784276
2021-07-12,125428,127782,125428,127594,19600664253,0.0172688713843798,126608.11111111111,127885.38095238095,52.28392630117261
2021-07-13,127594,128420,126441,128168,17805064916,0.0044986441368717,126701.55555555556,127824.76190476191,54.104831077472085
2021-07-14,128169,129620,128085,128407,24532503591,0.0018647400287123,126879.88888888889,127739.0,54.87696307058999
2021-07-15,128407,128976,126922,127468,19123133701,-0.0073126854454975,127080.11111111111,127614.09523809524,51.230235644629865
2021-07-16,127468,128010,125808,125960,19324512437,-0.0118304201838892,126895.44444444444,127457.0,45.94928155417587
2021-07-19,125958,125958,123317,124395,21452521124,-0.012424579231502,126614.88888888889,127282.61904761905,41.2024211599581
2021-07-20,124395,125631,123631,125401,17866922077,0.0080871417661481,126648.88888888889,127139.57142857143,45.12667703154118
2021-07-21,125404,126112,125247,125929,17109230243,0.0042104927392923,126527.77777777778,126980.71428571429,47.121470192910245
2021-07-22,125930,126428,125416,126147,14982138261,0.0017311342105472,126607.66666666667,126855.95238095238,47.96259319670672
2021-07-23,126140,126204,124422,125053,14611651649,-0.0086724218570397,126325.33333333333,126695.23809523809,44.16584178686552
2021-07-26,125058,126214,125006,126004,15898791629,0.007604775575156,126084.88888888889,126528.09523809524,48.01805164687364
2021-07-27,126004,126026,123670,124612,18379066656,-0.0110472683406875,125663.22222222222,126402.19047619047,43.30804082609309
2021-07-28,124615,126712,124542,126286,24198619246,0.0134336981992102,125531.88888888889,126347.76190476191,49.69807104193379
2021-07-29,126285,126476,124917,125675,20639110867,-0.0048382243479087,125500.22222222222,126269.09523809524,47.589617202111086
2021-07-30,125672,125673,121748,121801,25657530014,-0.0308255420728068,125212.0,126030.95238095238,36.90015521148822
2021-08-02,121803,124536,121797,122516,21789823285,0.0058702309504847,124891.44444444444,125880.95238095238,39.59686507595762
2021-08-03,122516,123765,120807,123577,23522820064,0.0086600933755591,124630.11111111111,125688.33333333333,43.458467294123196
2021-08-04,123577,123587,121072,121801,22976177820,-0.0143716063668806,124147.22222222222,125444.57142857143,38.967657913812324
2021-08-05,121801,123541,121128,121633,29231238346,-0.0013792990205334,123767.22222222222,125279.71428571429,38.5617218492617
2021-08-06,121633,123287,121568,122810,17839532428,0.0096766502511653,123412.33333333333,125079.28571428571,43.038701099518704
2021-08-09,122809,123597,122258,123019,18617743692,0.0017018158130446,123235.33333333333,124964.57142857143,43.82153641592678
2021-08-10,123021,123513,122061,122202,20082372231,-0.0066412505385347,122781.55555555556,124707.80952380953,41.42484629695286
2021-08-11,122203,122756,120827,122056,21365891254,-0.001194743130227,122379.44444444444,124416.76190476191,40.993373492744595
2021-08-12,122056,122095,120534,120701,24811373853,-0.0111014616241724,122257.22222222222,124049.80952380953,37.1282117143732
2021-08-13,120701,121275,120045,121194,23292658208,0.0040844732023761,122110.33333333333,123751.04761904762,39.3682051660854
2021-08-16,121191,121191,118684,119180,23312951327,-0.0166179843886661,121621.77777777778,123428.19047619047,34.0336661048396
2021-08-17,119179,119179,116248,117904,25653326066,-0.0107064943782513,121188.77777777778,123119.09523809524,31.153399918526347
2021-08-18,117904,118739,116489,116643,27732849933,-0.0106951418102863,120634.33333333333,122702.04761904762,28.579304490523967
2021-08-19,116641,117453,114801,117165,27970932299,0.0044751935392608,120007.11111111111,122284.71428571429,31.11661587430885
2021-08-20,117163,118308,116040,118053,21937849989,0.0075790551785943,119455.33333333333,121899.28571428571,35.325890820726585
2021-08-23,118053,118445,117062,117472,18701620941,-0.0049215183011021,118929.77777777778,121538.28571428571,33.867661328262
2021-08-24,117474,120463,117474,120211,21612519381,0.023316194497412,118724.77777777778,121262.42857142857,45.32583711399268
2021-08-25,120210,120818,119226,120818,17124334461,0.0050494547088035,118737.77777777778,121081.76190476191,47.49687832673412
2021-08-26,120817,120833,118719,118724,19599037180,-0.0173318545249879,118463.33333333333,120721.66666666667,41.39079945366401
2021-08-27,118725,120678,118721,120678,17547917117,0.0164583403524138,118629.77777777778,120483.71428571429,48.09625930685294
2021-08-30,120677,120684,119354,119740,14553764455,-0.0077727506256318,118833.77777777778,120385.57142857143,45.410412847861664
2021-08-31,119738,120157,117911,118781,26615198594,-0.0080090195423417,119071.33333333333,120207.71428571429,42.78007305314672
2021-09-01,118793,119942,118067,119396,21500979738,0.005177595743427,119319.22222222222,120008.61904761905,44.98102271788485
2021-09-02,119394,119397,116534,116677,21792332682,-0.0227729572179972,119166.33333333333,119764.61904761905,38.01836531745508
2021-09-03,116679,117396,115583,116933,28954104784,0.0021940913804776,119106.44444444444,119540.80952380953,38.976134493066446
2021-09-06,116926,117981,116156,117869,12000573991,0.0080045838215045,118846.22222222222,119305.52380952382,42.47612244813664
2021-09-08,117866,117866,113172,113413,27552181380,-0.0378046814684098,118023.44444444444,118848.09523809524,32.82417975575774
2021-09-09,113413,116354,112435,115361,30298034592,0.0171761614629715,117649.77777777778,118522.33333333333,39.31608153539513
2021-09-10,115370,116896,114286,114286,23021867284,-0.0093185738681182,116939.55555555556,118152.33333333333,37.18067565144321
2021-09-13,114300,117046,114300,116404,19187965641,0.0185324536688658,116568.88888888889,117947.71428571429,43.672045626556596
2021-09-14,116405,117270,115809,116181,19397019686,-0.0019157417270884,116280.0,117709.0,43.16627769147966
2021-09-15,116191,116312,114741,115063,21464470770,-0.0096229159673268,115798.55555555556,117512.95238095238,40.62604265780635
2021-09-16,115062,115062,113395,113794,23412403492,-0.0110287407767918,115478.22222222222,117317.23809523809,37.899763620292646
2021-09-17,113794,113794,111157,111439,35200155678,-0.0206952914916428,114867.77777777778,117069.42857142857,33.41789749976519
2021-09-20,111435,111435,107520,108844,25066367776,-0.023286282181283,113865.0,116673.19047619047,29.305437211168154
2021-09-21,108859,110923,108859,110250,22391459836,0.012917570100327,113513.55555555556,116301.61904761905,34.041587050925784
2021-09-22,110252,113321,110251,112282,27692382338,0.0184308390022676,113171.44444444444,116054.47619047618,40.26970913294104
2021-09-23,112282,114330,112281,114064,26365530347,0.0158707539944069,113146.77777777778,115761.76190476191,45.16018975477055
2021-09-24,114062,114062,112505,113283,20007941401,-0.0068470332444943,112800.0,115402.95238095238,43.47993990415005
2021-09-27,113283,114432,112360,113583,24273444214,0.0026482349514049,112511.33333333333,115158.14285714286,44.336666448956
2021-09-28,113584,113584,109981,110124,28544475680,-0.0304535009640527,111962.55555555556,114655.57142857143,37.31368202376215
2021-09-29,110125,112028,110125,111107,24261267325,0.0089263012603972,111664.0,114244.47619047618,40.212091042534766
2021-09-30,111117,112371,110743,110979,27911144864,-0.0011520426255771,111612.88888888889,113872.95238095238,39.95304442587119
2021-10-01,110980,113020,110980,112900,22570769018,0.0173095810919183,112063.55555555556,113563.61904761905,45.61542534859569
2021-10-04,112900,112900,109979,110393,27128949720,-0.0222054915854739,112079.44444444444,113264.38095238095,40.27739416533019
2021-10-05,110397,111691,110087,110458,23056970405,0.0005888054496208,111876.77777777778,112956.04761904762,40.47190110316536
2021-10-06,110454,110614,108180,110560,26402246821,0.0009234279092504,111487.44444444444,112608.0,40.797742391943
2021-10-07,110563,111522,110563,110585,23477648302,0.0002261215629522,111187.66666666667,112473.33333333333,40.88315458505358
2021-10-08,110586,114172,110586,112833,26626618689,0.0203282542840348,111104.33333333333,112352.95238095238,48.12985120834153
2021-10-11,112834,113982,112052,112180,21842788673,-0.0057873139950191,111332.77777777778,112252.66666666667,46.352380589749174
2021-10-13,112180,114159,111807,113456,24193925334,0.0113745765733641,111593.77777777778,112112.28571428571,50.22100206171822
2021-10-14,113457,113881,112708,113185,19207912171,-0.002388591171908,111838.88888888889,111969.61904761905,49.40612909290209
2021-10-15,113189,114776,113049,114648,23724227355,0.0129257410434244,112033.11111111111,111949.85714285714,53.76739549885032
2021-10-18,114647,114927,112841,114428,22959687036,-0.0019189170330053,112481.44444444444,111980.04761904762,53.02714956835334
2021-10-19,114422,114422,109947,110673,27305967853,-0.0328153948334324,112505.33333333333,111943.57142857143,42.318017261900856
2021-10-20,110677,112023,110176,110786,23546849938,0.0010210259051439,112530.44444444444,112036.04761904762,42.69309058342652
2021-10-21,110767,110767,105714,107735,33037853018,-0.0275395808134601,112213.77777777778,111916.28571428571,35.90458271865734
2021-10-22,107714,107749,102854,106296,39793802647,-0.0133568478210424,111487.44444444444,111631.23809523809,33.221470412751344
2021-10-25,106298,109372,106296,108715,23229120095,0.0227572062918641,111102.44444444444,111376.52380952382,41.179046266832856
2021-10-26,108713,108713,106321,106420,20687793776,-0.0211102423768568,110320.66666666667,111049.71428571429,36.70958741341738
2021-10-27,106433,108224,106045,106363,21347802959,-0.0005356136064649,109562.66666666667,110705.90476190476,36.60332588526968
2021-10-28,106369,107210,105282,105705,22149683066,-0.0061863617987457,108569.0,110495.47619047618,35.33187677502907
2021-10-29,105707,105954,103430,103501,25898081484,-0.0208504801097393,107354.88888888889,110133.28571428571,31.39775812945807
2021-11-01,103514,106136,103514,105551,20697836157,0.0198065719171796,106785.77777777778,109874.80952380953,38.28147841467325
2021-11-03,105547,106754,104205,105617,30178766597,0.000625290144101,106211.44444444444,109528.0,38.49545530519844
2021-11-04,105617,105627,102835,103412,22908592478,-0.0208773208858422,105731.11111111111,109195.57142857143,34.22613657739021
2021-11-05,103412,105555,103412,104824,22908592478,0.0136541213785634,105567.55555555556,108927.28571428571,38.899251231753894
2021-11-08,104824,105679,104182,104781,24687122583,-0.000410211401969,105130.44444444444,108652.09523809524,38.80882342388219
2021-11-09,104783,106674,104783,105535,24687122583,0.0071959610998177,105032.11111111111,108411.61904761905,41.38205529489152
2021-11-10,105535,107407,105140,105968,24687122583,0.0041029042497748,104988.22222222222,108084.71428571429,42.86789372598532
2021-11-11,105988,108669,105988,107595,23822855850,0.0153536916805072,105198.22222222222,107866.38095238095,48.18284075288148
2021-11-12,107576,107915,105842,106335,24943303470,-0.0117105813467168,105513.11111111111,107527.28571428571,44.71366242831881
2021-11-16,106336,106971,104113,104404,20610757233,-0.0181595899750787,105385.66666666667,107109.14285714286,39.96461733091073
2021-11-17,104405,105535,102551,102948,22897766570,-0.0139458258304279,105089.11111111111,106552.0,36.7915592044177
2021-11-18,102948,103757,102014,102426,22897766570,-0.0050705210397482,104979.55555555556,105980.47619047618,35.69727227419739
2021-11-19,102426,103975,102143,103035,20364528349,0.0059457559604005,104780.77777777778,105616.76190476191,38.01365604564559
2021-11-22,103036,104613,102122,102122,19617778827,-0.0088610666278449,104485.33333333333,105204.19047619047,35.92432206787913
2021-11-23,102124,103841,101736,103654,19617778827,0.0150016646755841,104276.33333333333,105009.85714285714,41.71340271483368
2021-11-24,103652,105041,102464,104514,19570129676,0.0082968336967217,104114.77777777778,104925.0,44.73206149785333
2021-11-25,104514,106400,104514,105811,19570129676,0.0124098206938783,103916.55555555556,104786.71428571429,49.02020777753071
2021-11-26,105810,105810,101495,102224,20342976278,-0.0339000671007739,103459.77777777778,104586.90476190476,39.81869157258711
2021-11-29,102227,104149,102226,102814,20342976278,0.0057716387541086,103283.11111111111,104417.90476190476,41.75531795859361
2021-11-30,102814,103066,100075,101915,34499265850,-0.0087439453770886,103168.33333333333,104237.42857142857,39.6610108746122
2021-12-01,101916,104087,100727,100775,25662372364,-0.0111857920816366,102984.88888888889,104107.61904761905,37.118576661488966
2021-12-02,100785,104466,100785,104466,25662372364,0.0366261473579756,103143.88888888889,104055.95238095238,48.605991701937036
2021-12-03,104467,106814,104090,105070,26104819038,0.0057817854612984,103471.44444444444,104029.90476190476,50.208973552211454
2021-12-06,105070,107498,105070,106859,20872174754,0.0170267440753784,103827.55555555556,104194.04761904762,54.71438511264767
2021-12-07,106868,108655,106868,107558,20872174754,0.006541330164048,104165.77777777778,104324.23809523809,56.37537362446156
2021-12-08,107558,108521,107309,108096,22177954426,0.0050019524349653,104419.66666666667,104482.09523809524,57.66250046820335
2021-12-09,108095,108095,105890,106291,18297081029,-0.0166981201894612,104871.55555555556,104518.09523809524,52.107669000384256
2021-12-10,106296,108275,106296,107758,16416472649,0.013801732978333,105420.88888888889,104603.33333333333,55.83179808883628
2021-12-13,107758,109493,107383,107383,21078796581,-0.0034800200449154,106028.44444444444,104593.23809523809,54.661685617239755
2021-12-14,107387,109148,106445,106760,19831187406,-0.0058016632055353,106693.44444444444,104613.47619047618,52.68615413978581
2021-12-15,106763,107603,105697,107431,23020506630,0.0062851255151741,107022.88888888889,104757.61904761905,54.58974676929117
2021-12-16,107433,109034,107433,108326,23020506630,0.008330928689112,107384.66666666667,105013.71428571429,57.07073344058554
2021-12-17,108324,108324,106518,107201,29102276285,-0.0103853183907833,107422.66666666667,105241.09523809524,53.14056768363157
2021-12-20,107171,107171,104358,105020,29102276285,-0.0203449594686616,107140.66666666667,105335.61904761905,46.46065792461233
2021-12-21,105020,105906,105020,105500,15710753021,0.0045705579889545,106852.22222222222,105496.47619047618,48.00960915322106
2021-12-22,105499,105711,104386,105244,13859409306,-0.0024265402843601,106735.88888888889,105572.19047619047,47.224881420892274
2021-12-23,105251,105453,104637,104891,13859409306,-0.0033541104481015,106417.33333333333,105590.14285714286,46.1057896090841
2021-12-27,104892,105694,104798,105554,11850104652,0.0063208473558264,106214.11111111111,105577.90476190476,48.57085071225825
2021-12-28,105555,105652,104503,104864,11850104652,-0.0065369384390927,106003.44444444444,105703.61904761905,46.20236884563526
2021-12-29,104863,105190,103851,104107,10839394591,-0.0072188739700945,105634.11111111111,105765.19047619047,43.68548601697775
2021-12-30,104106,105269,104106,104822,18984064142,0.0068679339525681,105244.77777777778,105903.61904761905,46.64208518243385
2022-01-03,104823,106125,103413,103922,18741650806,-0.0085859838583502,104880.44444444444,106053.47619047618,43.5431459255
2022-01-04,103922,104276,103096,103514,18741650806,-0.0039260214391563,104713.11111111111,106008.14285714286,42.175121702389134
2022-01-05,103514,103514,100850,101006,18741650806,-0.0242286067585061,104213.77777777778,105814.61904761905,34.913696486456786
2022-01-06,101006,102235,101000,101561,18741650806,0.0054947230857573,103804.55555555556,105562.33333333333,37.47901599314049
2022-01-07,101561,102719,101104,102719,20823962510,0.0114020145528304,103563.22222222222,105331.90476190476,42.565578299873756
2022-01-10,102719,102719,101038,101945,17773225262,-0.0075351200848917,103162.22222222222,105039.0,40.21075729546666
2022-01-11,101946,103780,101918,103779,21789937443,0.0179900926970424,103041.66666666667,104919.38095238095,47.607067598816286
2022-01-12,103779,105869,103771,105686,23638005983,0.0183755865830272,103217.11111111111,104820.71428571429,53.98174564847961
2022-01-13,105686,106251,104974,105530,23638005983,-0.0014760706243022,103295.77777777778,104732.47619047618,53.409265092967736
2022-01-14,105530,107062,105028,106928,23638005983,0.0132474177958874,103629.77777777778,104740.47619047618,57.73501847183864
2022-01-17,106927,106928,106097,106374,11553622513,-0.0051810564117911,103947.55555555556,104690.14285714286,55.534561803220214
2022-01-18,106369,107013,105786,106668,11553622513,0.0027638332675277,104576.66666666667,104611.19047619047,56.4824565841902
2022-01-19,106670,108602,106669,108013,11553622513,0.0126092173847827,105293.55555555556,104649.85714285714,60.61853755845497
2022-01-20,108015,109873,108015,109102,11553622513,0.0100821197448455,106002.77777777778,104844.23809523809,63.63243944756887
2022-01-21,109097,109786,108368,108942,23363148262,-0.0014665175707136,106780.22222222222,105008.14285714286,62.87112289165076
2022-01-24,108941,108948,106624,107937,23489911527,-0.0092250922509224,107242.22222222222,105136.38095238095,58.163837631484846
2022-01-25,107935,110711,107185,110204,23489911527,0.0210029924863577,107744.22222222222,105389.38095238095,64.60207828952508
2022-01-26,110207,112695,110204,111289,23489911527,0.0098453776632427,108384.11111111111,105662.47619047618,67.20347228667788
2022-01-27,111303,113057,111303,112612,23489911527,0.0118879673642497,109015.66666666667,106031.42857142857,70.08990204941341
2022-01-28,112611,112969,111407,111910,25689730681,-0.0062337939118388,109630.77777777778,106403.0,66.73375749487627
2022-01-31,111910,112678,111195,112144,25689730681,0.0020909659547851,110239.22222222222,106751.66666666667,67.2959056133979
2022-02-01,112143,113302,112135,113228,20776764702,0.0096661435297473,110818.66666666667,107194.80952380953,69.83861324246618
2022-02-02,113228,113666,111645,111894,19428202505,-0.0117815381354435,111128.88888888889,107593.85714285714,63.31467404634825
2022-02-03,111897,112502,111225,111696,18830440576,-0.0017695318783849,111434.88888888889,108102.90476190476,62.38318894463006
2022-02-04,111696,112415,110321,112245,20165787052,0.0049151267726685,111913.55555555556,108611.66666666667,63.966163307399945
2022-02-07,112247,112517,111490,111996,19934941632,-0.0022183616196712,112112.66666666667,109053.42857142857,62.67786107592817
2022-02-08,111995,112251,110943,112234,19934941632,0.0021250758955677,112217.66666666667,109543.38095238095,63.435888254758495
2022-02-09,112233,113163,111710,112461,19934941632,0.0020225600085534,112200.88888888889,109956.80952380953,64.18309349510186
2022-02-10,112462,113812,112163,113368,26265474962,0.0080650180951618,112362.88888888889,110322.61904761905,67.07801631746013
2022-02-11,113368,114899,113128,113572,35942313457,0.0017994495801283,112521.55555555556,110705.57142857143,67.71016938167449
2022-02-14,113643,114167,113358,113899,20144948697,0.002879230796323,112596.11111111111,111037.52380952382,68.74612786640203
2022-02-15,113905,114828,113882,114828,24004192347,0.0081563490460847,112922.11111111111,111440.09523809524,71.53975162458018
2022-02-16,114830,115734,114816,115181,24608408097,0.0030741630961088,113309.33333333333,111845.47619047618,72.54400867224037
2022-02-17,115181,115214,113389,113528,21571650184,-0.0143513253053889,113451.88888888889,112108.09523809524,61.5851561866875
2022-02-18,113534,114213,112701,112880,18981545426,-0.0057078429990838,113550.11111111111,112288.0,57.89302911310606
2022-02-21,112880,113405,111608,111725,13820558250,-0.0102321048901488,113493.55555555556,112420.52380952382,51.9183678761202
2022-02-22,111727,113315,111727,112892,23584382633,0.0104452897739986,113541.44444444444,112656.47619047618,56.77259138099322
2022-02-23,112892,113721,111748,112008,23650066879,-0.007830492860433,113390.33333333333,112742.38095238095,52.452684549849415
2022-02-24,112001,112001,109125,111592,31962489252,-0.0037140204271123,113170.33333333333,112756.80952380953,50.505098592262534
2022-02-25,111591,113142,110673,113142,33305579004,0.0138898845795396,113086.22222222222,112782.04761904762,56.92305625764812
2022-03-02,113143,115429,113143,115174,22831523887,0.0179597320181719,113124.66666666667,112937.47619047618,63.58879288917111
2022-03-03,115173,115948,115010,115166,25253133781,-6.946012120789824e-05,113123.0,113081.38095238095,63.54710115326803
2022-03-04,115166,115166,113389,114474,21910962279,-0.0060087178507545,113228.11111111111,113140.71428571429,59.88930529794016
2022-03-07,114469,114529,111140,111593,30562757544,-0.0251672868948407,113085.11111111111,113126.38095238095,47.603931201266064
2022-03-08,111594,112390,110969,111203,31120550820,-0.003494842866488,113027.11111111111,113102.90476190476,46.22166797001465
2022-03-09,111210,114051,111207,113900,29171884527,0.0242529428162909,113139.11111111111,113181.71428571429,55.78335902016656
2022-03-10,113900,113939,111889,113663,24839153778,-0.0020807726075504,113323.0,113261.09523809524,54.860282923836074
2022-03-11,113664,114627,111332,111713,21966770368,-0.017155978638607,113336.44444444444,113236.28571428571,47.84506818694167
2022-03-14,111716,112299,109717,109928,19164383701,-0.0159784447647095,112979.33333333333,113115.66666666667,42.488982132201876
2022-03-15,109925,109925,107781,108959,23838701816,-0.0088148606360526,112288.77777777778,112905.71428571429,39.87907144518069
2022-03-16,108958,111183,108958,111112,23561054302,0.0197597261355189,111838.33333333333,112788.57142857143,47.58321914303943
2022-03-17,111113,113088,111070,113076,28537696794,0.0176758585931311,111683.0,112749.38095238095,53.44401479469146
2022-03-18,113076,115311,112475,115311,36892557123,0.0197654674732039,112096.11111111111,112772.38095238095,59.05464450425632
2022-03-21,115307,116360,115208,116155,19651294355,0.0073193364032919,112646.33333333333,112818.76190476191,60.96762551888114
2022-03-22,116157,117541,116157,117272,22356668170,0.0096164607636348,113021.0,112997.04761904762,63.40447868780367
2022-03-23,117270,118270,117036,117457,20596961500,0.0015775291629716,113442.55555555556,113215.0,63.807498347153235
2022-03-24,117460,119256,117151,119053,23698218942,0.0135879513353822,114258.11111111111,113563.95238095238,67.16685855082481
2022-03-25,119062,119729,118548,119081,23815225023,0.0002351893694405,115275.11111111111,113858.66666666667,67.22433623920597
2022-03-28,119082,119444,118061,118738,17227930967,-0.0028803923379884,116361.66666666667,114179.14285714286,65.70687215158428
2022-03-29,118740,120900,118740,120014,25447704442,0.0107463491047516,117350.77777777778,114580.19047619047,68.5509451233758
2022-03-30,120013,120531,119775,120260,20331297520,0.0020497608612328,118149.0,114919.14285714286,69.08329355025583
2022-03-31,120261,120880,119999,119999,22964862190,-0.0021702976883418,118669.88888888889,115148.90476190476,67.77250689667612
2022-04-01,120001,121579,120001,121570,25864308377,0.0130917757647981,119271.55555555556,115453.85714285714,71.30213483353548
2022-04-04,121569,121570,120754,121280,16943181595,-0.0023854569383894,119716.88888888889,115777.95238095238,69.78278700077348
2022-04-05,121279,121628,118794,118885,21876004709,-0.019747691292876,119875.55555555556,116125.19047619047,58.6648363001267
2022-04-06,118885,118885,116791,118228,24473375311,-0.005526348992724,119783.88888888889,116459.71428571429,56.02775111172462
2022-04-07,118226,119247,117509,118862,22164040239,0.0053625198768481,119759.55555555556,116696.0,57.99023077016126
2022-04-08,118861,118868,117487,118322,21312851610,-0.0045430835759115,119713.33333333333,116917.85714285714,55.70964675286036
2022-04-11,118320,118320,116953,116953,17081897419,-0.0115701222088876,119373.22222222222,117167.38095238095,50.308039493797885
2022-04-12,116963,118615,116054,116147,19763494195,-0.0068916573324326,118916.22222222222,117463.52380952382,47.394399425189135
2022-04-13,116150,117329,116150,116782,24181863106,0.005467209656728,118558.77777777778,117836.04761904762,49.858287832402446
2022-04-14,116781,116781,115624,116182,20675391147,-0.0051377780822386,117960.11111111111,118077.47619047618,47.59015553074663
2022-04-18,116182,116191,115177,115687,16451063612,-0.0042605567127438,117338.66666666667,118201.80952380953,45.74140154773313
2022-04-19,115687,115687,114277,115057,21202976977,-0.0054457285606852,116913.33333333333,118189.71428571429,43.42900702480544
2022-04-20,115057,115057,113945,114344,20749606138,-0.0061969284789278,116481.77777777778,118103.47619047618,40.908435646128694
2022-04-22,114343,114343,110591,111078,22017711442,-0.0285629329042188,115616.88888888889,117808.52380952382,31.803035944389265
2022-04-25,111077,111155,109222,110685,20525724907,-0.0035380543401933,114768.33333333333,117486.04761904762,30.91144329511019
2022-04-26,110684,110685,107978,108213,22011522024,-0.0223336495460089,113797.22222222222,116969.85714285714,25.97805660873547
2022-04-27,108214,110107,108214,109349,21812859197,0.0104978144954857,113041.88888888889,116506.42857142857,31.396640552132794
2022-04-28,109349,110702,108905,109919,21823187263,0.0052126676970067,112279.33333333333,116086.47619047618,34.007023636110034
2022-04-29,109922,111819,107876,107876,26846947883,-0.0185864136318562,111356.44444444444,115508.47619047618,29.651995343526963
2022-05-02,107876,107884,105218,106639,21543939224,-0.0114668693685342,110351.11111111111,114859.85714285714,27.366755992655825
2022-05-03,106640,107127,106033,106528,18011021955,-0.0010408949821359,109403.44444444444,114218.38095238095,27.164446346280513
2022-05-04,106529,108382,104933,108344,25817011663,0.0170471613097025,108736.77777777778,113588.57142857143,35.55789670944365
2022-05-05,108337,108337,103923,105304,24236560315,-0.0280587757513106,108095.22222222222,112827.80952380953,29.441455567880908
2022-05-06,105303,106268,103984,105135,24636880789,-0.0016048773076046,107478.55555555556,112173.04761904762,29.1413526297259
2022-05-09,105109,105109,102768,103250,22938639360,-0.0179293289580063,106927.11111111111,111459.80952380953,25.962523357842187
2022-05-10,103251,104286,102386,103110,20552834113,-0.0013559322033898,106233.88888888889,110709.71428571429,25.73796302954193
2022-05-11,103110,105374,103008,104397,23388768946,0.0124818155368053,105620.33333333333,110046.61904761905,31.595387732296146
2022-05-12,104395,105708,103579,105688,23258936954,0.0123662557353181,105377.22222222222,109510.19047619047,36.96626555816018
2022-05-13,105691,107773,105691,106924,20971209165,0.0116947997880554,105408.88888888889,109071.0,41.68692572909425
2022-05-16,106925,108795,106852,108233,18628018008,0.0122423403538962,105598.33333333333,108663.90476190476,46.27579374646235
2022-05-17,108246,109774,108245,108789,24364538740,0.0051370654051905,105647.77777777778,108311.85714285714,48.142479466743985
2022-05-18,108788,108923,106038,106247,23576865700,-0.0233663329932254,105752.55555555556,107862.33333333333,41.109645463019575
2022-05-19,106249,107420,105760,107005,18909521670,0.0071343190866566,105960.33333333333,107478.90476190476,43.74849368877827
2022-05-20,107056,108795,107056,108488,22150158614,0.0138591654595578,106542.33333333333,107200.04761904762,48.60115756374936
2022-05-23,108500,110680,108500,110346,20447559524,0.0171263181181329,107346.33333333333,107165.19047619047,53.95999583355945
2022-05-24,110340,110635,108399,110581,23733222582,0.0021296648723108,108033.44444444444,107160.23809523809,54.604662766853984
2022-05-25,110580,111006,109699,110580,18464786456,-9.04314484406754e-06,108577.0,107272.95238095238,54.601159132920216
2022-05-26,110577,112102,110388,111890,22082318358,0.0118466268764694,109128.77777777778,107393.95238095238,58.369551086052084
2022-05-27,111890,112441,111558,111942,19561612633,0.0004647421574761,109540.88888888889,107490.28571428571,58.51674871749434
2022-05-30,111944,112690,110655,111032,14831448785,-0.0081292097693448,109790.11111111111,107640.57142857143,54.86100123790289
2022-05-31,111036,111903,110685,111351,32565934691,0.0028730456084731,110357.22222222222,107864.95238095238,55.901060581902826
2022-06-01,111351,111931,110822,111360,18773269454,8.082549775045855e-05,110841.11111111111,108095.04761904762,55.931911416826296
2022-06-02,111363,112709,111218,112393,17504600880,0.0092762212643677,111275.0,108287.85714285714,59.439321037043136
2022-06-03,112392,112392,110935,111102,15135802414,-0.0114864804747626,111359.0,108563.95238095238,53.688209388586436
2022-06-06,111102,111935,110015,110186,12881804786,-0.0082446760634371,111315.11111111111,108804.47619047618,49.99219162366748
2022-06-07,110185,110435,109394,110070,16560485812,-0.0010527653240883,111258.44444444444,109129.23809523809,49.52719896501308
2022-06-08,110067,110142,108045,108368,17246632519,-0.0154628872535659,110867.11111111111,109379.61904761905,43.18088302368179
2022-06-09,108367,108510,107068,107094,20221670415,-0.0117562380038387,110328.44444444444,109508.04761904762,39.13816933018945
2022-06-10,107091,107092,104648,105481,23731410834,-0.0150615347265019,109711.66666666667,109498.19047619047,34.707634957891216
2022-06-13,105476,105478,101700,102598,22808746275,-0.0273319365572947,108739.11111111111,109292.19047619047,28.49801323695199
2022-06-14,102598,103328,101325,102063,18128453528,-0.005214526598959,107706.11111111111,108998.38095238095,27.51424773313994
2022-06-15,102068,103952,102046,102807,27199637344,0.0072896152376473,106641.0,108713.52380952382,31.077463292860884
2022-06-17,102800,102801,98402,99825,34346293270,-0.0290058069975779,105388.0,108407.71428571429,25.637618452271894
2022-06-20,99824,100481,98409,99853,17233100594,0.0002804908590032,104239.88888888889,108067.14285714286,25.76900814275612
2022-06-21,99854,101069,99167,99685,18423658077,-0.0016824732356564,103086.0,107647.95238095238,25.47812973921411
2022-06-22,99678,100374,98050,99522,18685809959,-0.001635150724783,102103.11111111111,107132.52380952382,25.181132751952703
2022-06-23,99523,100232,97775,98080,19722714794,-0.0144892586563775,101101.55555555556,106537.23809523809,22.664118520760724
2022-06-24,98081,99313,98031,98672,15925116246,0.0060358890701468,100345.0,105970.19047619047,25.937162817992828
2022-06-27,98673,101106,98672,100764,16806177212,0.0212015566726122,100141.22222222222,105440.38095238095,36.21117553016869
2022-06-28,100766,102237,99956,100591,16464095225,-0.0017168830137747,99977.66666666667,104899.85714285714,35.76928055294712
2022-06-29,100592,101313,99218,99622,34346293270,-0.0096330685647821,99623.77777777778,104356.52380952382,33.31681836560324
2022-06-30,99619,99619,97758,98542,21147908770,-0.0108409789002429,99481.22222222222,103746.57142857143,30.783473042955777
2022-07-01,98542,99340,97231,98954,0,0.0041809583730794,99381.33333333333,103155.80952380953,32.88018965615517
2022-07-04,98952,99353,98264,98609,0,-0.0034864684600925,99261.77777777778,102499.42857142857,32.00587805546053
2022-07-05,98608,98608,96499,98295,0,-0.0031842935229036,99125.44444444444,101889.57142857143,31.192892532227006
2022-07-06,98294,99141,97423,98719,0,0.0043135459585941,99196.44444444444,101343.52380952382,33.643955386806496
2022-07-07,98722,101420,98722,100730,0,0.0203709518937591,99425.11111111111,100898.76190476191,43.85883922665886
2022-07-08,100732,101577,99958,100289,0,-0.0043780403057679,99372.33333333333,100514.04761904762,42.32028527276059
2022-07-11,100282,100282,97854,98212,0,-0.0207101476732244,99108.0,100091.09523809524,35.92781154616752
2022-07-12,98212,98737,97253,98271,0,0.0006007412536146,98957.88888888889,99747.76190476191,36.22251684217431
2022-07-13,98258,98928,97403,97881,0,-0.0039686173947552,98884.44444444444,99523.14285714286,35.07409323014927
2022-07-14,97879,97879,95431,96121,0,-0.0179810177664715,98569.66666666667,99240.19047619047,30.391295047527663
2022-07-15,96119,96971,95267,96551,0,0.0044735281572185,98341.0,98942.28571428571,32.75356079611548
2022-07-18,96553,98291,96553,96916,0,0.0037803854957483,98187.77777777778,98803.76190476191,34.77693177373588
2022-07-19,96920,98346,96917,98245,0,0.0137129060217096,98135.11111111111,98727.19047619047,41.660104534807
2022-07-20,98244,98366,97277,98287,0,0.0004275026718916,97863.66666666667,98660.61904761905,41.86889229554764
2022-07-21,98286,99057,97088,99033,0,0.0075900169910567,97724.11111111111,98637.33333333333,45.593370462318745
2022-07-22,99034,99724,98321,98925,0,-0.0010905455757171,97803.33333333333,98677.57142857143,45.14243804652724
2022-07-25,98926,100508,98925,100270,0,0.0135961587060904,98025.44444444444,98753.66666666667,51.56688009406081
2022-07-26,100270,100753,99365,99772,0,-0.0049665902064426,98235.55555555556,98706.42857142857,49.26628357821644
2022-07-27,99773,101471,99772,101438,0,0.0166980716032554,98826.33333333333,98746.76190476191,56.291585479909656
2022-07-28,101437,102686,101045,102597,0,0.0114256984561997,99498.11111111111,98888.42857142857,60.39984888085905
2022-07-29,102597,103989,102514,103165,0,0.0055362242560699,100192.44444444444,99108.57142857143,62.271448476068805
2022-08-01,103165,103317,101764,102225,0,-0.0091116173120728,100634.66666666667,99264.33333333333,57.43366084436601
2022-08-02,102225,103660,101694,103362,0,0.0111225238444607,101198.55555555556,99490.66666666667,61.345452534598984
2022-08-03,103362,103878,102822,103775,0,0.0039956657185427,101725.44444444444,99751.61904761905,62.68681458532836
2022-08-04,103777,106162,103777,105892,0,0.0203999036376776,102499.55555555556,100093.19047619047,68.68538763281666
2022-08-05,105893,107176,105518,106472,0,0.0054772787368262,103188.66666666667,100366.61904761905,70.10345993592429
2022-08-08,106473,108489,106473,108402,0,0.0181268314674281,104147.55555555556,100752.95238095238,74.27768106682385
2022-08-09,108403,109331,107842,108651,0,0.0022970055903026,104949.0,101250.04761904762,74.76717478518505
2022-08-10,108658,110362,108657,110236,0,0.0145879927474206,105797.77777777778,101819.80952380953,77.67899971502709
2022-08-11,110236,111310,109604,109718,0,-0.0046990093980188,106525.88888888889,102383.47619047618,74.6472162921719
2022-08-12,109718,112764,109718,112764,0,0.0277620809712171,107696.88888888889,103176.0,79.67159787737214
2022-08-15,112767,113214,111067,113032,0,0.0023766450285551,108771.33333333333,103960.80952380953,80.0462863039535
2022-08-16,113034,113626,112690,113512,0,0.0042465850378654,109853.22222222222,104751.09523809524,80.73131724653477
2022-08-17,113508,114146,112483,113708,0,0.0017266896891958,110721.66666666667,105487.42857142857,81.01788711314076
2022-08-18,113708,114375,113304,113813,0,0.00092341787737,111537.33333333333,106226.76190476191,81.17937149615969
2022-08-19,113807,113807,111146,111496,0,-0.0203579555938249,111881.11111111111,106820.23809523809,67.52760786778192
2022-08-22,111487,111487,109858,110501,0,-0.008924086962761,112086.66666666667,107371.47619047618,62.65480139348656
2022-08-23,110504,112965,110503,112857,0,0.0213210740174296,112377.88888888889,107970.85714285714,68.458637462613
2022-08-24,112856,113888,112632,112898,0,0.0003632915991031,112731.22222222222,108595.90476190476,68.55023651934184
2022-08-25,112898,114156,112768,113532,0,0.0056156884975819,112816.55555555556,109171.80952380953,70.00103441018999
2022-08-26,113533,114091,111978,112299,0,-0.0108603741676355,112735.11111111111,109633.80952380953,63.83369282007213
2022-08-29,112296,113222,111689,112323,0,0.0002137151711056,112603.0,110069.90476190476,63.9003626325297
2022-08-30,112323,112869,110103,110431,0,-0.0168442794441031,112238.88888888889,110460.66666666667,55.253140624713204
2022-08-31,110431,111364,109523,109523,0,-0.0082223288750441,111762.22222222222,110754.04761904762,51.64136782417055
2022-09-01,109524,110405,108217,110405,0,0.0080531030011961,111641.0,111069.76190476191,54.73649871342735
2022-09-02,110409,112264,110409,110864,26529415919,0.0041574204066845,111681.33333333333,111306.52380952382,56.30388701389959
2022-09-05,110868,112671,110865,112203,0,0.012077861163227,111608.66666666667,111579.42857142857,60.59110252631754
2022-09-06,112203,112203,109348,109764,0,-0.0217373867008903,111260.44444444444,111644.28571428571,50.81170341206184
2022-09-08,109771,110768,108619,109916,0,0.0013847891840677,110858.66666666667,111704.52380952382,51.338814884304135
2022-09-09,109922,112540,109922,112300,19591881224,0.0216892900032752,110858.77777777778,111802.80952380953,58.79676315380886
2022-09-12,112307,114160,112305,113407,18111054221,0.0098575244879786,110979.22222222222,111978.47619047618,61.729837330569616
2022-09-13,113398,113400,110522,110794,20261514564,-0.0230409057641944,111019.55555555556,111884.66666666667,52.27116163177224
2022-09-14,110794,111504,110118,110547,17274872583,-0.0022293626008628,111133.33333333333,111766.33333333333,51.46834268441932
2022-09-15,110547,111100,109524,109954,17289088883,-0.0053642342171202,111083.22222222222,111596.90476190476,49.5026033640587
2022-09-16,109951,109952,108489,109280,32950139335,-0.0061298361132837,110907.22222222222,111386.04761904762,47.291744777410315
2022-09-19,109283,111976,108508,111824,20441703817,0.0232796486090776,110865.11111111111,111291.33333333333,55.390245927908936
2022-09-20,111824,112544,111393,112517,22022856215,0.0061972385176707,111171.0,111339.95238095238,57.314265891016596
2022-09-21,112517,113294,111380,111936,23075704221,-0.0051636641574162,111395.44444444444,111408.28571428571,55.166043859178416
2022-09-22,111942,114392,111819,114070,0,0.019064465408805,111592.11111111111,111466.04761904762,60.954820840153126
2022-09-23,114047,114047,110732,111716,25530440184,-0.0206364513018322,111404.22222222222,111409.76190476191,52.84873693652104
2022-09-26,111713,111713,109022,109114,21770730501,-0.0232912026925418,111217.55555555556,111199.38095238095,45.626012185117474
2022-09-27,109122,110161,108120,108376,21963303466,-0.0067635683780266,110976.33333333333,111012.57142857143,43.79769532750884
2022-09-28,108377,108970,107914,108451,21503959173,0.0006920351369306,110809.33333333333,110828.19047619047,44.043099637499836
2022-09-29,108449,108449,106244,107664,0,-0.007256733455662,110629.77777777778,110696.42857142857,41.97206869171634
2022-09-30,107664,110502,107315,110037,27004106031,0.0220407935800266,110431.22222222222,110720.90476190476,49.6587733581746
2022-10-03,110048,116134,110048,116134,37781193071,0.0554086352772249,110833.11111111111,110993.71428571429,63.16119762372304
2022-10-04,116147,118280,115837,116230,0,0.0008266313052163,111310.22222222222,111249.23809523809,63.32798472265164
2022-10-05,116231,117514,115906,117198,0,0.0083283145487396,111657.77777777778,111487.09523809524,65.04643600321356
2022-10-06,117200,118382,117144,117561,0,0.0030973224799057,112307.22222222222,111858.38095238095,65.6956202456179
2022-10-07,117560,117960,115924,116375,0,-0.0100883796497137,113114.0,112165.95238095238,61.665817872113635
2022-10-10,116377,116841,115261,115941,0,-0.0037293233082706,113954.55555555556,112339.33333333333,60.210331729742535
2022-10-11,115928,115928,114297,114827,0,-0.0096083352739755,114663.0,112406.95238095238,56.52254791147933
2022-10-13,114819,115367,112690,114300,0,-0.0045895129194353,115400.33333333333,112573.90476190476,54.81221025728046
2022-10-14,114301,114712,111631,112072,0,-0.0194925634295712,115626.44444444444,112646.52380952382,48.175194377532236
2022-10-17,112107,114406,112090,113624,0,0.0138482404168749,115347.55555555556,112821.28571428571,52.490733708054485
2022-10-18,113627,115795,113627,115743,0,0.018649229036119,115293.44444444444,113129.04761904762,57.67320287419859
2022-10-19,115744,116459,115264,116274,0,0.0045877504471112,115190.77777777778,113340.95238095238,58.88358334954457
2022-10-20,116276,117367,116276,117171,0,0.0077145363537849,115147.44444444444,113562.57142857143,60.91678026675224
2022-10-21,117170,120752,116736,119929,0,0.0235382475185839,115542.33333333333,113943.19047619047,66.41580452409545
2022-10-24,119922,119924,115793,116013,0,-0.0326526528195849,115550.33333333333,114035.71428571429,54.65675432771965
2022-10-25,116016,116203,114626,114626,0,-0.011955556704852,115528.0,114174.28571428571,51.19909984168734
2022-10-26,114626,114626,112577,112764,0,-0.0162441330937134,115357.33333333333,114348.09523809524,46.90886940672097
2022-10-27,112766,116236,112765,114641,0,0.0166453832783513,115642.77777777778,114646.42857142857,51.335748131146914
2022-10-28,114636,114712,113336,114539,0,-0.0008897340393052,115744.44444444444,114936.33333333333,51.08645974812686
2022-10-31,114533,116763,112113,116037,0,0.0130785147417036,115777.11111111111,115335.04761904762,54.57522132047814
2022-11-01,116037,118261,115547,116929,0,0.0076872032196626,115849.88888888889,115663.23809523809,56.562001082115565
2022-11-03,116927,117373,114485,116896,0,-0.0002822225453052,115819.33333333333,115699.52380952382,56.463609190216
2022-11-04,116907,120039,116904,118155,0,0.0107702573227483,115622.22222222222,115791.19047619047,59.367651528049166
2022-11-07,118148,118240,115221,115342,0,-0.0238077102111633,115547.66666666667,115702.80952380953,51.156891600701734
2022-11-08,115340,117072,114688,116160,0,0.0070919526278372,115718.11111111111,115636.09523809524,53.18453277487599
2022-11-09,116153,116183,113110,113580,0,-0.0222107438016528,115808.77777777778,115503.0,46.61194867321058
2022-11-10,113579,113579,108516,109775,0,-0.0335006163056875,115268.11111111111,115209.38095238095,38.964161746343535
2022-11-11,109775,113010,109408,112253,0,0.0225734456843542,115014.11111111111,115086.80952380953,45.26287486446609
2022-11-14,112256,114322,111930,113161,0,0.008088870676062,114694.55555555556,115032.57142857143,47.404695595108855
2022-11-16,113166,113473,109512,110243,0,-0.0257862691209869,113951.66666666667,114945.47619047618,41.75077393539818
2022-11-17,110241,110242,107245,109703,0,-0.004898270184955,113152.44444444444,114758.76190476191,40.781416629218356
2022-11-18,109706,111585,108512,108870,0,-0.007593228991003,112120.77777777778,114431.47619047618,39.26687363188733
2022-11-21,108868,110235,107957,109748,0,0.0080646642784973,111499.22222222222,114120.71428571429,41.72354260363841
2022-11-22,109750,110224,107867,109037,0,-0.0064784779677078,110707.77777777778,113733.38095238095,40.30184984453816
2022-11-23,109036,109285,107902,108841,0,-0.0017975549584086,110181.22222222222,113205.38095238095,39.89825130025962
2022-11-24,108846,112612,108846,111831,0,0.0274712654238751,110409.66666666667,113006.23809523809,48.38934748994992
2022-11-25,111831,112025,108552,108977,0,-0.0255206516976509,110045.66666666667,112737.23809523809,42.253102142580886
2022-11-28,108977,109476,108378,108782,0,-0.0017893683988364,109559.11111111111,112547.61904761905,41.86249214483033
2022-11-29,108784,112187,108784,110910,0,0.0195620598996157,109633.22222222222,112369.95238095238,47.55981305343168
2022-11-30,110910,112486,110202,112486,0,0.0142097195924624,109942.44444444444,112272.19047619047,51.361397419099696
2022-12-01,112479,112479,110548,110926,0,-0.013868392511068,110170.88888888889,112028.80952380953,47.67703212150935
2022-12-02,110926,113761,109963,111924,0,0.0089969889836467,110412.66666666667,111790.47619047618,50.14113516179233
2022-12-05,111922,112150,109270,109401,0,-0.0225420821271576,110453.11111111111,111433.57142857143,44.44290106297049
2022-12-06,109403,110663,109217,110189,0,0.0072028592060402,110602.88888888889,111054.23809523809,46.4883476227549
2022-12-07,110188,110247,108612,109069,0,-0.0101643539736271,110296.0,110755.52380952382,44.00830195544974
2022-12-08,109068,109286,106906,107249,0,-0.016686684575819,110104.0,110331.19047619047,40.250571158440756
2022-12-09,107250,108566,107089,107520,0,0.0025268300869938,109963.77777777778,110042.61904761905,41.05762272802544
2022-12-12,107518,107561,103877,105343,0,-0.0202473958333333,109345.22222222222,109831.57142857143,36.76187292024309
2022-12-13,105345,106689,103409,103540,0,-0.0171155178796882,108351.22222222222,109416.66666666667,33.62412432740284
2022-12-14,103536,104516,101632,103746,0,0.0019895692485996,107553.44444444444,108968.33333333333,34.31396648061201
2022-12-15,103739,105483,103014,103738,0,-7.711140670485506e-05,106643.88888888889,108658.57142857143,34.299058146764224
2022-12-16,103737,104018,102248,102856,0,-0.0085021882049007,105916.66666666667,108332.52380952382,32.616541473564325
2022-12-19,102859,105107,102770,104740,0,0.0183168701874465,105311.22222222222,108135.85714285714,39.44926146480768
2022-12-20,104740,107792,104607,106864,0,0.0202787855642543,105066.22222222222,107998.52380952382,46.08661870763215
2022-12-21,106866,107991,106066,107433,21533041347,0.0053245246294355,105086.66666666667,107922.14285714286,47.739315852774375
2022-12-22,107436,108383,106510,107552,0,0.0011076671041485,105090.22222222222,107860.76190476191,48.09766221876857
2022-12-23,107552,109994,107552,109698,0,0.019953138946742,105574.11111111111,107759.19047619047,54.19708170679679
2022-12-26,109699,109755,108309,108738,0,-0.0087512990209484,106151.66666666667,107747.80952380953,51.29314522800495
2022-12-27,108739,109353,107418,108578,0,-0.0014714267321451,106688.55555555556,107738.09523809524,50.80455219399734
2022-12-28,108578,110536,108578,110237,0,0.0152793383558362,107410.66666666667,107706.04761904762,55.53416392860303
2022-12-29,110237,111178,109560,109735,0,-0.0045538249408093,108175.0,107575.04761904762,53.84720031938949
2023-01-02,109734,109734,105981,106376,0,-0.0306101061648517,108356.77777777778,107358.38095238095,44.1770512245028
2023-01-03,106377,106684,103852,104166,20100196936,-0.0207753628638038,108057.0,106988.95238095238,39.19032159064012
2023-01-05,105336,107743,105333,107641,0,0.0333602135053663,108080.11111111111,106905.14285714286,48.94861451120152
2023-01-06,107642,109433,107642,108964,0,0.0122908557148297,108237.0,106846.80952380953,52.10016915866094
2023-01-09,108964,109938,108134,109130,0,0.0015234389339597,108173.88888888889,106849.71428571429,52.49642577259224
2023-01-10,109129,111193,108478,110817,18532769329,0.0154586273252084,108404.88888888889,107019.61904761905,56.44026707301433
2023-01-11,110816,112552,110752,112517,0,0.015340606585632,108842.55555555556,107257.57142857143,60.040508448675844
2023-01-12,112516,113129,110982,111850,0,-0.0059279931032644,109021.77777777778,107567.42857142857,58.014485089563564
2023-01-13,111843,111847,110428,110916,0,-0.008350469378632,109153.0,107918.66666666667,55.20526163922501
2023-01-16,110908,110908,108753,109213,14464289321,-0.0153539615564931,109468.22222222222,108179.0,50.41194869700228
2023-01-17,109214,111577,109214,111439,0,0.0203821889335518,110276.33333333333,108545.71428571429,55.812631219506564
2023-01-18,111442,113306,111441,112228,0,0.0070801066054073,110786.0,108992.0,57.576298629785924
2023-01-19,112219,113172,111307,112922,0,0.0061838400399187,111225.77777777778,109381.61904761905,59.12182766819801
2023-01-20,112922,113025,111735,112041,21254684528,-0.0078018455216875,111549.22222222222,109628.14285714286,56.31698115860034
2023-01-23,112041,113061,111542,111737,18643082162,-0.0027132924554403,111651.44444444444,109833.09523809524,55.34133301300943
2023-01-24,111746,113040,111669,113028,0,0.0115539167867402,111708.22222222222,110093.85714285714,58.619890718866415
2023-01-25,113028,114426,111927,114270,0,0.0109884276462468,111977.11111111111,110311.57142857143,61.5447986678348
2023-01-26,114271,114835,113591,114178,0,-0.0008051107027216,112339.55555555556,110570.61904761905,61.19971778232022
2023-01-27,114178,114191,112044,112316,0,-0.016307870167633,112684.33333333333,110748.61904761905,54.53500499519031
2023-01-30,112319,112920,111824,112273,0,-0.0003828483920367,112777.0,110845.57142857143,54.387703822228715
2023-01-31,112273,113691,112145,113431,0,0.0103141449858825,112910.66666666667,111021.57142857143,57.70118024507819
2023-02-01,113430,113598,110729,112074,0,-0.0119632199310594,112816.44444444444,111292.90476190476,52.85556793113588
2023-02-02,112072,112943,109747,110141,0,-0.0172475328800614,112605.33333333333,111577.42857142857,46.823520826779635
2023-02-03,110141,110570,108185,108523,0,-0.0146902606658737,112248.22222222222,111619.42857142857,42.45591412765763
2023-02-06,108518,108744,107416,108722,0,0.0018337126692038,111769.77777777778,111607.90476190476,43.15818816300183
2023-02-07,108727,109037,107234,107830,0,-0.0082044112507128,111054.22222222222,111546.0,40.75711281237916
2023-02-08,107832,110175,107830,109951,0,0.0196698506909023,110584.55555555556,111504.76190476191,48.14460492319974
2023-02-09,109952,110046,107767,108008,0,-0.0176715082172967,110105.88888888889,111290.04761904762,42.87063610784772
2023-02-10,108002,108647,107620,108078,0,0.0006481001407303,109639.77777777778,111110.42857142857,43.1124144274698
2023-02-13,108074,109193,107420,108836,0,0.0070134532467291,109129.22222222222,111011.38095238095,45.7879436367835
2023-02-14,108839,109564,107557,107849,0,-0.0090686905068175,108659.77777777778,110946.42857142857,42.95499623918513
2023-02-15,107849,110210,107267,109600,0,0.0162356628248754,108599.66666666667,110858.85714285714,48.985265178234
2023-02-16,109599,110437,108378,109941,19313152573,0.0031113138686131,108757.22222222222,110749.95238095238,50.09174717230216
2023-02-17,109941,109941,108968,109177,0,-0.0069491818338927,108807.77777777778,110571.61904761905,47.600679461683995
2023-02-22,109174,109174,106720,107152,0,-0.0185478626450625,108732.44444444444,110338.80952380953,41.683677276108185
2023-02-23,107152,108663,106731,107593,0,0.0041156487979692,108470.44444444444,110141.47619047618,43.33562731384348
2023-02-24,107582,107611,105360,105798,0,-0.0166832414748171,108224.88888888889,109797.19047619047,38.54899190037488
2023-02-27,105807,106402,105227,105711,0,-0.0008223217830204,107961.88888888889,109389.61904761905,38.32801793657056
2023-02-28,105706,106794,104932,104932,0,-0.0073691479600042,107528.11111111111,108949.33333333333,36.320397700502745
2023-03-02,104375,104912,103321,103326,0,-0.015305150001906,107025.55555555556,108521.23809523809,32.53658260005564
2023-03-03,103326,104440,103323,103866,0,0.0052261773416177,106388.44444444444,108120.90476190476,34.9890254158973
2023-03-06,103865,105171,103170,104700,0,0.008029576569811,105806.11111111111,107705.14285714286,38.695651747526256
2023-03-07,104700,105179,103480,104228,0,-0.0045081184336198,105256.22222222222,107331.52380952382,37.39614194186878
2023-03-08,104228,106721,104228,106540,0,0.0221821391564647,105188.22222222222,107160.04761904762,46.81755802973446
2023-03-09,106540,106724,105053,105071,0,-0.0137882485451473,104908.0,106995.66666666667,42.44659992643146
2023-03-10,105071,105071,103201,103618,0,-0.0138287443728526,104665.77777777778,106752.61904761905,38.60718921480007
2023-03-13,103608,103907,102255,103121,0,-0.0047964639348375,104378.0,106528.38095238095,37.362299941959236
2023-03-14,103121,104153,102482,102932,0,-0.001832798363088,104155.77777777778,106194.14285714286,36.87534505106128
2023-03-15,102930,103048,100692,102675,0,-0.0024967939999223,104083.44444444444,105940.19047619047,36.18472932981178
2023-03-16,102683,103911,102455,103435,0,0.0074019965911857,104035.55555555556,105719.09523809524,39.77667882904559
2023-03-17,103434,103434,101664,101982,0,-0.0140474694252429,103733.55555555556,105392.71428571429,35.64572991686015
2023-03-20,101982,102328,100679,100923,0,-0.0103841854444901,103366.33333333333,105062.90476190476,32.959078080430615
2023-03-21,100923,101670,100923,100998,0,0.0007431408103206,102750.55555555556,104653.28571428571,33.34225950924156
2023-03-22,100998,101888,100129,100221,0,-0.0076932216479533,102211.66666666667,104190.42857142857,31.343517906349078
2023-03-23,100221,101126,96997,97926,0,-0.0228993923429221,101579.22222222222,103654.66666666667,26.32402083545817
2023-03-24,97926,99258,97688,98829,0,0.0092212486979963,101102.33333333333,103258.33333333333,31.005839056881655
2023-03-27,98833,99997,98833,99670,0,0.0085096479778201,100739.88888888889,102881.04761904762,35.13974160587793
2023-03-28,99672,101559,99488,101185,0,0.0152001605297482,100574.33333333333,102661.38095238095,41.893895868516665
2023-03-29,101185,102213,100248,101793,0,0.006008795770124,100391.88888888889,102474.80952380953,44.39637815428264
2023-03-30,101796,104085,101796,103713,0,0.01886180778639,100584.22222222222,102416.76190476191,51.49990713819435
2023-03-31,103714,104041,101476,101882,0,-0.0176544888297512,100690.77777777778,102348.0,45.526682115707715
2023-04-03,101883,101916,100651,101506,0,-0.0036905439626234,100747.22222222222,102235.61904761905,44.38812859821829
2023-04-04,101505,103056,101505,101869,0,0.0035761432821705,100930.33333333333,102100.80952380953,45.79745184524794
2023-04-05,101869,101960,99898,100978,0,-0.0087465274028408,101269.44444444444,101946.04761904762,42.92216927756772
2023-04-06,100978,101628,100443,100822,0,-0.0015448909663491,101490.88888888889,101673.76190476191,42.420009919971754
2023-04-10,100822,102196,100819,101847,0,0.0101664319295391,101732.77777777778,101520.23809523809,46.822250767191655
2023-04-11,101849,106455,101848,106214,0,0.0428780425540271,102291.55555555556,101643.85714285714,60.63208905283496
2023-04-12,106218,108277,106217,106890,0,0.0063645093867099,102857.88888888889,101823.33333333333,62.2656801396178
2023-04-13,106890,107037,106220,106458,0,-0.0040415380297501,103162.88888888889,101991.23809523809,60.53688787586216
2023-04-14,106458,106701,104934,106279,0,-0.0016814142666591,103651.44444444444,102162.85714285714,59.796054448055585
2023-04-17,106279,106830,105623,106016,0,-0.0024746186923099,104152.55555555556,102285.76190476191,58.6601775836186
2023-04-18,106023,106475,105122,106163,0,0.0013865831572592,104629.66666666667,102484.85714285714,59.127520835322
2023-04-19,106149,106149,103604,103913,0,-0.0211938245904882,104955.77777777778,102627.23809523809,49.84008168306939
2023-04-20,103913,104615,103087,104367,0,0.0043690394849538,105349.66666666667,102787.66666666667,51.495642303880075
2023-04-24,104367,104822,103247,103947,0,-0.0040242605421253,105583.0,102965.09523809524,49.8562386505162
2023-04-25,103947,103947,102633,103220,0,-0.0069939488393123,105250.33333333333,103217.19047619047,47.06326234478531
2023-04-26,103220,103668,102233,102312,0,-0.0087967448168959,104741.66666666667,103383.04761904762,43.765525409528635
2023-04-27,102310,103177,101975,102923,0,0.0059719290014856,104348.88888888889,103537.95238095238,46.483001747100886
2023-04-28,102923,104432,102449,104432,0,0.0146614459353109,104143.66666666667,103692.57142857143,52.5780264012684
2023-05-02,104431,104447,101569,101927,0,-0.023986900566876,103689.33333333333,103698.95238095238,43.68381489945999
2023-05-03,101927,102331,101433,101797,0,-0.0012754226063751,103204.22222222222,103607.71428571429,43.27468857045097
2023-05-04,101798,103321,101063,102174,0,0.0037034490210909,103011.0,103621.61904761905,44.8867283145416
2023-05-05,102175,105306,102175,105148,0,0.0291072092704602,103097.77777777778,103795.04761904762,55.60484995415709
2023-05-08,105161,106716,105161,106042,0,0.0085023015178604,103330.55555555556,103993.76190476191,58.234291836898606
2023-05-09,106028,107731,105549,107114,0,0.0101092020142963,103763.22222222222,104285.95238095238,61.20173432481451
2023-05-10,107114,107744,106538,107448,0,0.0031181731613048,104333.88888888889,104601.47619047618,62.10513251999259
2023-05-11,107446,108667,106419,108256,0,0.0075199166108257,104926.44444444444,104906.66666666667,64.27243675685204
2023-05-12,108256,108817,107497,108464,0,0.0019213715637007,105374.44444444444,105013.80952380953,64.83006872671098
2023-05-15,108469,109271,108356,109029,0,0.0052091016374096,106163.55555555556,105115.66666666667,66.36573215753931
2023-05-16,109029,110151,108085,108194,0,-0.0076585128727219,106874.33333333333,105198.33333333333,62.05339432790914
2023-05-17,108194,109774,108188,109460,0,0.0117012033939034,107683.88888888889,105349.80952380953,65.69322131525843
2023-05-18,109459,110206,108864,110108,0,0.0059199707655763,108235.0,105544.66666666667,67.41603276867295
2023-05-19,110113,111211,109787,110745,0,0.0057852290478439,108757.55555555556,105762.85714285714,69.06084155000099
2023-05-22,110745,111643,110178,110213,0,-0.0048038286152873,109101.88888888889,106062.85714285714,66.06156047546307
2023-05-23,110213,111325,109713,109929,0,-0.0025768285048043,109377.55555555556,106327.71428571429,64.45234060860125
2023-05-24,109920,109920,108546,108800,0,-0.0102702653530915,109438.0,106558.80952380953,58.36561265667498
2023-05-25,108800,111115,108800,110054,0,0.0115257352941176,109614.66666666667,106884.23809523809,62.591376332763495
2023-05-26,110058,111706,109900,110906,0,0.0077416540970796,109823.22222222222,107293.47619047618,65.17744693770587
2023-05-29,110906,111168,110195,110333,0,-0.0051665374280922,110060.88888888889,107646.33333333333,62.069683934124384
2023-05-30,110333,111291,108552,108967,0,-0.0123807020565016,110006.11111111111,107862.28571428571,55.30016599763305
2023-05-31,108967,109137,108193,108335,0,-0.0057999210770233,109809.11111111111,108167.42857142857,52.44997130771494
2023-06-01,108339,110745,108335,110565,0,0.0205842987030968,109789.11111111111,108584.95238095238,60.23741876120275
2023-06-02,110568,113070,110567,112558,0,0.0180255958033734,110049.66666666667,109079.42857142857,65.65165586069989
2023-06-05,112558,113071,111736,112696,0,0.0012260345777288,110357.11111111111,109438.85714285714,65.9969089477357
2023-06-06,112697,114783,112696,114610,0,0.0169837438773337,111002.66666666667,109846.85714285714,70.43554177021787
2023-06-07,114610,115978,114610,115488,0,0.0076607625861617,111606.44444444444,110245.61904761905,72.22655130629293
2023-06-09,115489,117603,115489,117019,0,0.0132567885840952,112285.66666666667,110701.38095238095,75.0633671424122
2023-06-12,117022,117735,116704,117336,0,0.0027089617925293,113063.77777777778,111133.76190476191,75.61866696386595
2023-06-13,117337,117924,116363,116743,0,-0.0050538624122179,113927.77777777778,111528.0,72.3719808985447
2023-06-14,116753,119085,116745,119069,0,0.0199241067986946,115120.44444444444,112006.09523809524,76.61345687651026
2023-06-15,119068,119686,118693,119221,0,0.0012765707278972,116082.22222222222,112531.19047619047,76.86342515035486
2023-06-16,119208,119555,118487,118758,0,-0.0038835440065089,116771.11111111111,112973.95238095238,74.25970580085838
2023-06-19,118757,119939,118558,119858,0,0.0092625338924534,117566.88888888889,113438.23809523809,76.31269413976659
2023-06-20,119858,119858,118416,119622,0,-0.0019689966460311,118123.77777777778,113860.95238095238,74.93185383602093
2023-06-21,119623,120519,119332,120420,0,0.0066710136931333,118671.77777777778,114347.0,76.48149770325456
2023-06-22,120420,120420,118018,118934,0,-0.0123401428334163,118884.55555555556,114775.80952380953,68.0459624243906
2023-06-23,118959,119386,118178,118977,0,0.0003615450586038,119066.88888888889,115260.42857142857,68.15541505008699
2023-06-26,118977,119148,117491,118243,0,-0.0061692596047975,119233.55555555556,115650.38095238095,64.11809357712869
2023-06-27,118246,119212,116561,117523,0,-0.0060891553834053,119061.77777777778,115965.47619047618,60.34207334173111
2023-06-28,117524,117937,116560,116681,0,-0.007164555023272,118779.55555555556,116267.76190476191,56.17562587625912
2023-06-29,116683,118623,116683,118383,0,0.0145867793385383,118737.88888888889,116716.14285714286,61.90200330524499
2023-06-30,118388,119447,118087,118087,0,-0.0025003590042489,118541.11111111111,117180.52380952382,60.42328510299764
2023-07-03,118092,119877,118092,119673,0,0.0134307756145892,118546.77777777778,117614.23809523809,65.21769565833497
2023-07-04,119673,119678,118830,119076,0,-0.0049885939184277,118397.44444444444,117924.61904761905,62.16490794649499
2023-07-05,119072,120200,118688,119549,0,0.0039722530148813,118465.77777777778,118250.95238095238,63.61798741967773
2023-07-06,119548,119548,117096,117426,0,-0.0177584086859781,118293.44444444444,118385.04761904762,53.657152719713395
2023-07-07,117427,119549,117427,118898,0,0.0125355543065419,118366.22222222222,118547.42857142857,58.50805073856104
2023-07-10,118897,118897,117814,117942,0,-0.0080405053070699,118412.77777777778,118591.38095238095,54.516838183186174
2023-07-11,117942,117942,115704,117556,0,-0.0032727951026776,118510.0,118601.85714285714,52.94633357508016
2023-07-12,117557,119156,117557,117666,0,0.0009357242505698,118430.33333333333,118645.80952380953,53.35868679339237
2023-07-13,117671,119739,117668,119264,0,0.0135808134890282,118561.11111111111,118655.09523809524,58.98230631470562
2023-07-14,119268,119329,117526,117711,0,-0.0130215320633216,118343.11111111111,118583.19047619047,52.37332301513816
2023-07-17,117711,118302,116591,118219,0,0.0043156544418108,118247.88888888889,118557.52380952382,54.181859617209874
2023-07-18,118218,118732,117324,117841,0,-0.0031974555697477,118058.11111111111,118461.47619047618,52.58183905395695
2023-07-19,117842,118011,116660,117552,0,-0.0024524571244304,118072.11111111111,118362.90476190476,51.333694445735496
2023-07-20,117558,118290,117484,118083,0,0.0045171498570846,117981.55555555556,118251.61904761905,53.516952584049314
2023-07-21,118090,120373,118086,120217,0,0.0180720340777249,118234.33333333333,118312.71428571429,61.0747128456821
2023-07-24,120220,121772,120099,121342,0,0.0093580774765631,118655.0,118425.33333333333,64.3641974196827
2023-07-25,121344,123010,121344,122008,0,0.0054886189448006,119137.44444444444,118604.61904761905,66.18599066443068
2023-07-26,122003,122747,121370,122560,0,0.0045242934889515,119503.66666666667,118844.47619047618,67.66162992581057
2023-07-27,122560,122599,119825,119990,0,-0.0209693211488251,119756.88888888889,119002.04761904762,55.514614320794344
2023-07-28,120002,120660,119706,120187,0,0.0016418034836236,119975.55555555556,119087.95238095238,56.16425514787818
2023-07-31,120188,122149,120188,121943,0,0.0146105652025594,120431.33333333333,119271.57142857143,61.553802716221135
2023-08-01,121945,121945,120154,121248,0,-0.0056993841384909,120842.0,119346.57142857143,58.488727958204336
2023-08-02,121249,121252,119798,120859,0,-0.0032083003430984,121150.44444444444,119431.47619047618,56.78435604595049
2023-08-03,120859,122619,120365,120586,0,-0.0022588305380649,121191.44444444444,119480.85714285714,55.56070477011499
2023-08-04,120586,121442,119215,119508,0,-0.0089396779062246,120987.66666666667,119580.0,50.89669608146323
2023-08-07,119509,120104,118894,119380,0,-0.001071058004485,120695.66666666667,119602.95238095238,50.35616564868907
2023-08-08,119378,119553,117492,119090,0,-0.0024292176243927,120310.11111111111,119657.61904761905,49.0842867694721
2023-08-09,119090,119090,117901,118409,0,-0.0057183642623226,120134.44444444444,119698.23809523809,46.137294330425746
2023-08-10,118412,119438,118113,118350,0,-0.0004982729353343,119930.33333333333,119730.80952380953,45.88028303634233
2023-08-11,118350,119054,117415,118065,0,-0.0024081115335867,119499.44444444444,119673.71428571429,44.588179373989874
2023-08-14,118067,118082,116530,116810,0,-0.0106297378562656,119006.33333333333,119630.80952380953,39.334874698413444
2023-08-15,116809,117697,116033,116171,0,-0.0054704220529063,118485.44444444444,119533.28571428571,36.94791750470674
2023-08-16,116171,117338,115534,115592,0,-0.004984032159489,117930.55555555556,119426.19047619047,34.88236979634871
2023-08-17,115592,116610,114859,114982,0,-0.00527718181189,117427.66666666667,119303.80952380953,32.801815287324146
2023-08-18,114973,115729,114423,115409,0,0.0037136247412639,116986.44444444444,119176.47619047618,35.69324369736793
2023-08-21,115404,115425,114067,114429,0,-0.0084915387881361,116468.55555555556,118900.85714285714,32.26216060603244
2023-08-22,114433,116286,114433,116156,0,0.0150923279937777,116218.22222222222,118653.90476190476,42.713021771408776
2023-08-23,116160,118135,116159,118135,0,0.0170374324184716,116194.33333333333,118469.47619047618,51.87571539087487
2023-08-24,118135,118136,116848,117026,0,-0.0093875650738561,116078.88888888889,118205.95238095238,47.3092156877939
2023-08-25,117025,117252,115397,115837,0,-0.0101601353545366,115970.77777777778,118008.19047619047,42.94444601226027
2023-08-28,115838,117253,115836,117121,0,0.0110845412087674,116076.33333333333,117862.19047619047,48.47307746895598
2023-08-29,117124,118493,117124,118404,0,0.0109544829706029,116388.77777777778,117693.66666666667,53.3385422412288
2023-08-30,118404,118841,117471,117535,0,-0.0073392790784094,116672.44444444444,117516.85714285714,49.90152471613896
2023-08-31,117537,117637,115742,115742,0,-0.0152550304164716,116709.44444444444,117273.19047619047,43.65145923563202
2023-09-01,115744,117991,115744,117893,0,0.0185844378013166,117094.33333333333,117144.95238095238,51.499508115106416
2023-09-04,117893,118576,117590,117777,0,-0.0009839430670184,117274.44444444444,117062.52380952382,51.08628405402283
2023-09-05,117776,117957,116637,117331,0,-0.0037868174601153,117185.11111111111,116964.95238095238,49.44359957399985
2023-09-06,117331,117971,115984,115985,0,-0.0114718190418559,117069.44444444444,116817.09523809524,44.76531759755171
2023-09-08,115979,115979,114839,115313,0,-0.0057938526533602,117011.22222222222,116669.66666666667,42.59822858431965
2023-09-11,115316,117131,115316,116883,0,0.0136151171160232,116984.77777777778,116599.80952380953,48.830691345889626
2023-09-12,116885,118154,116885,117968,0,0.0092827870605647,116936.33333333333,116595.19047619047,52.65638819593978
2023-09-13,117968,119318,117722,118176,0,0.0017631900176318,117007.55555555556,116660.23809523809,53.37604982929366
2023-09-14,118181,119748,118181,119392,0,0.0102897373409152,117413.11111111111,116813.61904761905,57.448337243015615
2023-09-15,119393,119780,118666,118758,0,-0.0053102385419459,117509.22222222222,116964.38095238095,54.76265741645765
2023-09-18,118759,119486,118123,118288,0,-0.0039576281176847,117566.0,117121.80952380953,52.792319123405136
2023-09-19,118293,118458,117628,117846,0,-0.003736642770188,117623.22222222222,117237.85714285714,50.936257420815416
2023-09-20,117864,119616,117847,118695,0,0.0072043174991089,117924.33333333333,117441.0,54.26257337724079
2023-09-21,118695,118695,116013,116145,0,-0.0214836345254644,118016.77777777778,117440.47619047618,44.50339709167205
2023-09-22,116147,116968,115855,116009,0,-0.0011709501054716,117919.66666666667,117339.23809523809,44.048381639920095
2023-09-25,116009,116031,115573,115925,0,-0.0007240817522778,117692.66666666667,117286.80952380953,43.75084225506376
2023-09-26,115922,115922,114162,114193,0,-0.014940694414492,117250.11111111111,117208.52380952382,38.0444788227801
2023-09-27,114194,115340,113366,114327,0,0.0011734519629049,116687.33333333333,117075.47619047618,38.7105191819925
2023-09-28,114327,115954,114180,115731,0,0.0122805636463827,116351.0,116948.19047619047,45.340784651057604
2023-09-29,115742,116899,115742,116565,0,0.0072063664878037,116159.55555555556,116902.0,48.8785708824534
2023-10-02,116565,116672,114761,115057,0,-0.0129369879466392,115849.66666666667,116869.38095238095,43.4077170216789
2023-10-03,115055,115056,113151,113419,0,-0.0142364219473826,115263.44444444444,116656.33333333333,38.38237425281298
2023-10-04,113430,114075,113036,113607,0,0.0016575706010457,114981.44444444444,116457.76190476191,39.25165849125801
2023-10-05,113609,114359,112705,113284,0,-0.0028431346659977,114678.66666666667,116265.04761904762,38.25314631943988
2023-10-06,113283,114491,111599,114170,0,0.0078210515165424,114483.66666666667,116178.61904761905,42.568915893720636
2023-10-09,114169,115219,113448,115156,0,0.0086362441972496,114590.66666666667,116171.14285714286,47.00788899108868
2023-10-10,115158,116900,115158,116737,0,0.0137292021258119,114858.44444444444,116164.19047619047,53.24778470087463
2023-10-11,116737,117099,116231,117051,0,0.0026898070020644,115005.11111111111,116120.52380952382,54.39633061361929
2023-10-13,117050,117070,115658,115754,0,-0.0110806400628785,114915.0,116005.19047619047,49.03750590411386
2023-10-16,115760,116905,115760,116534,0,0.006738428045683,115079.11111111111,115869.09523809524,52.09403708440081
2023-10-17,116526,116917,115564,115908,0,-0.0053718228156589,115355.66666666667,115733.38095238095,49.526705239659734
2023-10-18,115907,115907,113952,114060,0,-0.0159436794699244,115406.0,115532.04761904762,42.81808043543039
2023-10-19,114059,115063,113768,114004,0,-0.0004909696650885,115486.0,115349.09523809524,42.62963897376521
2023-10-20,113996,114090,112533,113155,0,-0.0074471071190485,115373.22222222222,115085.28571428571,39.77185458159036
2023-10-23,113145,113680,112164,112785,0,-0.0032698510892139,115109.77777777778,114925.28571428571,38.55869251690782
2023-10-24,112814,114249,112814,113762,0,0.0086624994458484,114779.22222222222,114818.28571428571,43.462746155215164
2023-10-25,113762,114319,112680,112830,0,-0.0081925423252052,114310.22222222222,114670.90476190476,40.16898815943514
2023-10-26,112840,114886,112840,114777,0,0.0172560489231587,114201.66666666667,114698.71428571429,48.88396787161991
2023-10-27,114777,115342,112953,113301,0,-0.0128597192817376,113842.44444444444,114649.85714285714,43.68863265263078
2023-10-30,113303,114204,112309,112532,14135555763,-0.0067872304745765,113467.33333333333,114497.52380952382,41.23004551764916
2023-10-31,112534,113597,112098,113144,0,0.00543845306224,113365.55555555556,114334.61904761905,43.93416105204364
2023-11-01,113157,115433,113157,115053,0,0.0168723043201584,113482.11111111111,114334.42857142857,51.439828079317174
2023-11-03,115062,118502,115062,118160,0,0.0270049455468348,114038.22222222222,114560.19047619047,60.668711349237476
2023-11-06,118160,118758,118045,118431,0,0.002293500338524,114665.55555555556,114789.90476190476,61.358530570339454
2023-11-07,118422,119577,118026,119268,0,0.0070674063378675,115277.33333333333,115074.85714285714,63.488473451963884
2023-11-08,119268,119976,118464,119177,0,-0.0007629875574336,115982.55555555556,115313.28571428571,63.081359499839635
2023-11-09,119180,120257,118446,119034,0,-0.0011998959530782,116455.55555555556,115497.95238095238,62.40416409864784
2023-11-10,119036,120823,119036,120568,0,0.0128870742812978,117263.0,115680.38095238095,66.55230207490337
2023-11-13,120561,120606,119878,120410,0,-0.0013104638046579,118138.33333333333,115840.33333333333,65.74764641609225
2023-11-14,120411,123370,120411,123166,0,0.0228884644132547,119251.88888888889,116193.28571428571,72.08718243955462
2023-11-16,123165,124737,123165,124639,0,0.0119594693340694,120317.0,116579.23809523809,74.77447799869495
2023-11-17,124639,125431,124547,124773,0,0.0010751049029598,121051.77777777778,117001.38095238095,75.01017911298358
2023-11-21,125957,125957,125060,125626,0,0.0068364149295119,121851.22222222222,117552.14285714286,76.51453162526666
2023-11-22,125626,126875,125439,126035,21392458703,0.0032556954770508,122603.11111111111,118125.04761904762,77.22255949577536
2023-11-23,126035,126760,125764,126576,0,0.0042924584440831,123425.22222222222,118764.14285714286,78.16045272251661
2023-11-24,126553,126553,125341,125517,13296416305,-0.0083665149791429,124145.55555555556,119370.42857142857,71.91781223801325
2023-11-27,125517,125826,124840,125731,0,0.0017049483336919,124719.22222222222,119940.38095238095,72.39757983987519
2023-11-28,125726,126916,125388,126538,0,0.0064184648177458,125400.11111111111,120593.14285714286,74.18842843677542
2023-11-29,126541,127388,126018,126166,0,-0.0029398283519574,125733.44444444444,121135.47619047618,71.87351538164013
2023-11-30,126168,127399,126168,127331,0,0.00923386649335,126032.55555555556,121803.57142857143,74.55161321748736
2023-12-01,127331,128185,126656,128185,0,0.0067069291845662,126411.66666666667,122548.95238095238,76.33076055483654
2023-12-04,128183,128183,126643,126803,0,-0.010781292662948,126542.44444444444,123199.38095238095,68.04074110988296
2023-12-05,126802,127489,126491,126903,0,0.0007886248748059,126638.88888888889,123763.66666666667,68.30894758690197
2023-12-06,126907,127538,125614,125623,17816420430,-0.0100864439768957,126533.0,124119.04761904762,61.22615971660123
2023-12-07,125623,126581,125566,126010,0,0.0030806460600367,126587.77777777778,124479.95238095238,62.492443630457466
2023-12-08,126010,127289,125562,127094,0,0.008602491865725,126739.22222222222,124852.61904761905,65.85607727791972
2023-12-11,127093,127154,126526,126916,11241783921,-0.001400538184336,126781.22222222222,125221.14285714286,64.82799491107569
2023-12-12,126923,127359,126013,126403,0,-0.0040420435563679,126807.55555555556,125572.04761904762,61.83209000162418
2023-12-13,126406,129793,126299,129465,0,0.0242241086050172,127044.66666666667,125995.71428571429,70.57342333336209
2023-12-14,129469,131260,129469,130842,0,0.0106360792492179,127339.88888888889,126492.47619047618,73.51142071716353
2023-12-15,130842,131661,129884,130197,0,-0.0049296097583344,127717.0,126827.28571428571,69.98660012148022
2023-12-18,130202,131447,130198,131084,0,0.0068127529820196,128181.55555555556,127134.19047619047,71.97659386377146
2023-12-19,131088,132047,131086,131851,0,0.005851209911202,128873.55555555556,127471.23809523809,73.60624316565011
2023-12-20,131851,132341,130710,130804,0,-0.0079407816398814,129406.22222222222,127717.80952380953,67.8093067173636
2023-12-21,130826,132277,130822,132182,0,0.0105348460291734,129971.55555555556,128010.52380952382,71.04183373707966
2023-12-22,132182,133035,132094,132753,0,0.0043198014858301,130620.11111111111,128304.66666666667,72.28381996854266
2023-12-26,132753,133645,132753,133533,0,0.0058755734333686,131412.33333333334,128686.38095238095,73.92876185142849
2023-12-27,133523,134195,133328,134194,0,0.0049500872443515,131937.77777777778,129089.38095238095,75.26832226220075
2023-12-28,134194,134392,133832,134185,0,-6.706708198578326e-05,132309.22222222222,129453.52380952382,75.21165769951654
2024-01-02,134186,134195,132095,132697,0,-0.0110891679397846,132587.0,129764.52380952382,66.3216933907705
2024-01-03,132697,133576,132250,132834,16214019589,0.001032427259094,132781.44444444444,130026.57142857143,66.71182146851672
2024-01-04,132831,132885,131024,131226,0,-0.0121053344776186,132712.0,130171.38095238095,58.19131700265399
2024-01-05,131218,132635,130579,132023,14918287417,0.0060734915336899,132847.44444444444,130419.95238095238,60.85967386030442
2024-01-08,132023,132498,131015,132427,0,0.0030600728660914,132874.66666666666,130683.0,62.17743333428087
2024-01-09,132424,132426,131203,131447,0,-0.0074003035634726,132729.55555555556,130960.33333333333,57.150946723143065
2024-01-10,131447,131628,130438,130841,14413017100,-0.0046102231317565,132430.44444444444,131190.38095238095,54.2314104775381
2024-01-11,130841,131308,129898,130649,15543116727,-0.001467429934042,132036.55555555556,131359.66666666666,53.30233717112425
2024-01-12,130652,131927,130410,130988,0,0.0025947385743481,131681.33333333334,131553.57142857142,54.775517270393486
2024-01-15,130988,131606,130253,131521,0,0.0040690750297738,131550.66666666666,131797.2857142857,57.068741452377886
2024-01-16,131515,131517,129147,129294,0,-0.0169326571422053,131157.33333333334,131789.14285714287,46.46664178783052
2024-01-17,129293,129296,128312,128524,0,-0.0059554194316828,130857.11111111111,131678.7619047619,43.460279636161786
2024-01-18,128524,129047,127316,127316,16765349063,-0.0093990227506146,130334.11111111111,131541.57142857142,39.177749868659454
2024-01-19,127319,127820,126533,127636,0,0.0025134311476955,129801.77777777778,131377.38095238095,40.84077226311444
2024-01-22,127636,127843,125876,126602,0,-0.0081011626813751,129263.44444444444,131127.42857142858,37.29253416499861
2024-01-23,126612,128331,126612,128263,0,0.0131198559264467,128977.0,131006.42857142857,45.485885010010676
2024-01-24,128275,129446,127680,127816,0,-0.0034850268588758,128662.22222222222,130798.52380952382,43.82629933846837
2024-01-25,127815,128697,127803,128169,15430411761,0.0027617825624335,128349.0,130580.23809523809,45.51688364712479
2024-01-26,128196,129252,127869,128967,0,0.0062261545303465,128065.22222222222,130362.80952380953,49.23626121999758
2024-01-29,128970,129068,127853,128503,0,-0.0035978195972613,127977.33333333333,130091.80952380953,47.21782924568494
2024-01-30,128492,128492,127105,127402,16237784890,-0.0085678933565753,127852.66666666667,129768.80952380953,42.74046604610345
2024-01-31,127402,129558,127326,127752,0,0.0027472096199432,127901.11111111111,129533.33333333333,44.54080901450109
2024-02-01,127752,128481,127284,128481,0,0.0057063685891414,127995.0,129326.04761904762,48.19446590307662
2024-02-02,128471,128878,126628,127182,0,-0.0101104443458566,128059.44444444444,129133.47619047618,42.785467882765815
2024-02-05,127182,127834,126443,127593,0,0.0032315893758549,127985.0,128922.52380952382,44.89285778425385
2024-02-06,127593,130417,127593,130416,21396908005,0.0221250382074251,128273.88888888889,128826.76190476191,56.692212999746815
2024-02-07,130412,130552,129426,129950,22419933447,-0.0035731812047601,128471.77777777778,128755.47619047618,54.61342813421592
2024-02-08,129950,130126,127912,128217,20319282937,-0.0133358984224701,128388.44444444444,128630.52380952382,47.62024233901957
2024-02-09,128216,128896,127579,128026,18288782342,-0.0014896620572935,128335.44444444444,128505.61904761905,46.90733048835292
2024-02-14,128026,128026,126663,127018,11944522104,-0.0078734007154797,128292.77777777778,128316.57142857143,43.229152021384
2024-02-15,127018,127824,126932,127804,0,0.0061880993245051,128298.55555555556,128139.57142857143,46.736421365512676
2024-02-16,127809,129069,127653,128726,0,0.0072141717004161,128325.77777777778,128112.52380952382,50.592366527537735
2024-02-19,128720,129036,128097,129036,9211059635,0.0024082159004397,128531.77777777778,128136.90476190476,51.85440479277126
2024-02-20,129033,129916,128326,129916,22170746670,0.0068198022257355,128789.88888888889,128260.71428571429,55.34168216953034
2024-02-21,129916,130034,129359,130032,0,0.0008928846331475,128747.22222222222,128374.80952380953,55.79619856317032
2024-02-22,130035,130829,129971,130241,17309228036,0.0016072966654361,128779.55555555556,128548.09523809524,56.65222462368339
2024-02-23,130240,130624,129077,129419,16939889134,-0.0063113766018381,128913.11111111111,128603.14285714286,52.3576721727853
2024-02-26,129417,129978,129077,129609,13330303697,0.00146809973806,129089.0,128688.52380952382,53.240023800284405
2024-02-27,129613,131696,129613,131689,16515277886,0.0160482682529763,129608.0,128856.14285714286,61.62008426457845
2024-02-28,131685,131685,129771,130155,17783384241,-0.0116486570632322,129869.22222222222,128912.71428571429,53.94209673689106
2024-02-29,130155,130155,128669,129020,0,-0.0087203718643156,129901.88888888889,128937.33333333333,49.07019945673032
2024-03-01,129026,129716,128717,129180,0,0.001240117811192,129917.88888888889,129022.0,49.75906868496514
2024-03-04,129176,129307,128278,128341,0,-0.0064948134386128,129742.88888888889,129050.04761904762,46.22807243321537
2024-03-05,128336,128989,127823,128098,0,-0.001893393381694,129528.0,129031.80952380953,45.227030921561756
2024-03-06,128099,129323,128099,128890,19784132991,0.0061827663195366,129377.88888888889,129113.14285714286,49.09605418967554
2024-03-07,128890,129188,128033,128340,14160377705,-0.0042672045930638,129258.0,129148.71428571429,46.63258712813022
2024-03-08,128335,128338,125802,127071,0,-0.0098877980364656,128976.0,128989.42857142857,41.463120140905666
2024-03-11,127068,127068,126065,126124,0,-0.0074525265402806,128357.66666666667,128807.23809523809,38.07134167717873
2024-03-12,126124,128039,126121,127668,0,0.0122419206495194,128081.33333333333,128781.09523809524,45.84908016555267
2024-03-13,127668,128530,127439,128006,0,0.002647491932199,127968.66666666667,128780.14285714286,47.40629843725806
2024-03-14,127992,128256,127192,127690,0,-0.002468634282768,127803.11111111111,128812.14285714286,46.072349878771355
2024-03-15,127682,127957,126502,126742,27606997221,-0.0074242305583835,127625.44444444444,128761.57142857143,42.232973943912455
2024-03-18,126758,127540,126272,126954,0,0.0016726894005143,127498.33333333333,128677.19047619047,43.36950893043526
2024-03-19,126955,128000,126955,127529,0,0.0045291995525937,127347.11111111111,128605.42857142857,46.447043356137534
2024-03-20,127534,129210,127349,129125,0,0.0125148005551678,127434.33333333333,128567.76190476191,53.93070115173155
2024-03-21,129125,129556,128093,128159,0,-0.0074811229428848,127555.22222222222,128478.57142857143,49.428386682133066
2024-03-22,128159,128159,126879,127027,0,-0.0088327780335364,127655.55555555556,128325.52380952382,44.71721932148906
2024-03-25,127027,127224,126750,126931,0,-0.0007557448416478,127573.66666666667,128207.04761904762,44.331321555223674
2024-03-26,126931,127193,126591,126863,15388981260,-0.0005357241335843,127446.66666666667,128076.28571428571,44.04139970266483
2024-03-27,126863,127756,126223,127691,15183999972,0.0065267256804584,127446.77777777778,127885.90476190476,48.461275323515984
2024-03-28,127689,128364,127270,128106,15665519901,0.0032500332834732,127598.33333333333,127788.33333333333,50.56867961358152
2024-04-01,128106,128659,126772,126990,14936846375,-0.0087115357594491,127602.33333333333,127691.66666666667,45.214502537470985
2024-04-02,126990,127654,126669,127549,0,0.0044019214111348,127604.55555555556,127614.0,48.17447146990997
2024-04-03,127546,127694,126181,127318,17005902368,-0.001811068687328,127403.77777777778,127565.28571428571,47.04336171588484
2024-04-04,127313,129627,127178,127428,25025320741,0.0008639783848316,127322.55555555556,127533.38095238095,47.6734125488517
2024-04-05,127422,127432,126394,126795,16158240148,-0.004967511065072,127296.77777777778,127433.61904761905,44.399767515861654
2024-04-08,126796,129178,126796,128857,14917983336,0.0162624709176228,127510.77777777778,127458.23809523809,55.19338685379022
2024-04-09,128858,129956,128826,129890,0,0.0080166385993776,127847.11111111111,127592.47619047618,59.44125778440178
2024-04-10,129872,129872,127732,128054,18131982978,-0.0141350373392871,127887.44444444444,127684.38095238095,50.31160242497779
2024-04-11,128051,128051,127069,127396,14584607010,-0.0051384572133631,127808.55555555556,127671.42857142857,47.496061213212315
2024-04-12,127396,127640,125635,125946,0,-0.0113818330245847,127692.55555555556,127573.33333333333,41.927765982621295
2024-04-15,125946,126250,125034,125334,0,-0.0048592253823066,127446.44444444444,127461.14285714286,39.80653882586847
2024-04-16,125316,125316,123756,124389,0,-0.0075398535114175,127121.0,127349.09523809524,36.71749828038223
2024-04-17,124389,125301,123642,124171,0,-0.0017525665452733,126759.11111111111,127216.57142857143,36.023019982470316
2024-04-18,124171,125140,123397,124196,0,0.0002013352554139,126470.33333333333,127057.85714285714,36.17211538275884
2024-04-19,124197,125509,124056,125124,0,0.0074720602917968,126055.55555555556,126867.33333333333,41.611622711048696
2024-04-22,125124,126081,124633,125573,0,0.0035884402672548,125575.88888888889,126744.19047619047,44.09412475148511
2024-04-23,125572,125826,124310,125148,0,-0.0033844855183837,125253.0,126654.71428571429,42.26246296837318
2024-04-24,125149,125473,124556,124741,0,-0.0032521494550452,124958.0,126550.42857142857,40.52629545142515
2024-04-25,124718,124732,123703,124646,0,-0.0007615779895944,124813.55555555556,126444.85714285714,40.11208038689473
2024-04-26,124651,126826,124651,126526,0,0.0150827142467468,124946.0,126389.38095238095,50.82387455024295
2024-04-29,126527,127352,126467,127352,0,0.006528302483284,125275.22222222222,126353.47619047618,54.6609658874347
2024-04-30,127352,127352,125856,125924,0,-0.011213015892958,125470.0,126302.71428571429,47.72751427741394
2024-05-02,125926,127670,125926,127122,0,0.0095136749150281,125795.11111111111,126282.38095238095,53.10203208737086
2024-05-03,127130,128787,127130,128509,0,0.0109107786221109,126171.22222222222,126339.09523809524,58.43096902431575
2024-05-06,128506,129181,128294,128466,0,-0.0003346069146907,126492.66666666667,126388.52380952382,58.21013710060983
2024-05-07,128466,129745,128464,129210,0,0.0057914156274812,126944.0,126503.52380952382,60.95944815416929
2024-05-08,129210,129564,128048,129481,0,0.0020973608853804,127470.66666666667,126533.23809523809,61.94161291818731
2024-05-09,129468,129468,127376,128188,20290425058,-0.009986021115067,127864.22222222222,126452.19047619047,54.85124446241989
2024-05-10,128188,129022,127467,127600,0,-0.0045870128249133,127983.55555555556,126430.57142857143,51.93953628109945
2024-05-13,127600,128669,127599,128155,0,0.0043495297805642,128072.77777777778,126466.71428571429,54.40005149174966
2024-05-14,128155,128965,127962,128515,0,0.0028090983574577,128360.66666666667,126589.04761904762,55.97452846861606
2024-05-15,128514,128646,127029,128028,21555203440,-0.0037894409212931,128461.33333333333,126717.33333333333,53.29375905274735
2024-05-16,128029,128965,127922,128284,0,0.0019995625956821,128436.33333333333,126902.80952380953,54.52664168007742
2024-05-17,128280,128464,127696,128151,0,-0.0010367621839044,128401.33333333333,127092.33333333333,53.73307239486217
2024-05-20,128151,128730,127488,127751,0,-0.0031213178203837,128239.22222222222,127261.61904761905,51.31423330574395
2024-05-21,127754,128272,127205,127412,15830391678,-0.0026535995804337,128009.33333333333,127370.57142857143,49.289158375129965
2024-05-22,127412,127412,125524,125650,0,-0.0138291526700782,127727.33333333333,127374.23809523809,40.3711939471779
2024-05-23,125650,125665,124431,124729,16737560832,-0.0073298846000795,127408.33333333333,127354.28571428571,36.639529142145065
2024-05-24,124731,125257,124259,124306,0,-0.0033913524521161,126980.66666666667,127333.57142857143,35.037644084645635
2024-05-27,124297,124535,124081,124496,0,0.0015284861551332,126534.11111111111,127326.42857142857,36.38304664569028
2024-05-28,124498,125392,123537,123780,0,-0.0057511887932142,126062.11111111111,127195.66666666667,33.56216684964987
2024-05-29,123780,123780,122458,122707,0,-0.0086686055905639,125442.44444444444,126974.47619047618,29.829624938675806
2024-05-31,122704,122837,121929,122098,0,-0.0049630420432411,124769.88888888889,126792.28571428571,27.93098256747662
2024-06-03,122100,122495,121496,122032,0,-0.0005405493947484,124134.44444444444,126549.90476190476,27.725024578837136
2024-06-04,122032,122032,120878,121802,0,-0.0018847515405795,123511.11111111111,126230.52380952382,26.978441956528584
2024-06-05,121803,122170,121253,121407,0,-0.0032429680957619,123039.66666666667,125894.38095238095,25.698563502877334
2024-06-06,121408,123246,121377,122899,0,0.0122892419712208,122836.33333333333,125593.85714285714,37.71769184865053
2024-06-07,122899,122899,120679,120767,0,-0.0173475780925801,122443.11111111111,125178.90476190476,30.19998272797544
2024-06-10,120769,121421,120540,120760,0,-5.796285409098712e-05,122028.0,124825.19047619047,30.178714237578035
2024-06-11,120760,121759,120757,121635,0,0.0072457767472673,121789.66666666667,124541.14285714286,36.22482788989621
2024-06-12,121644,122483,119544,119936,0,-0.0139680190734574,121481.77777777778,124149.76190476191,30.67106504468495
2024-06-13,119936,120222,119171,119568,0,-0.0030683030949839,121200.66666666667,123723.71428571429,29.612081859243432
2024-06-14,119558,120214,118828,119662,0,0.0007861635220125,120937.33333333333,123325.33333333333,30.274325278303024
2024-06-17,119663,119663,118685,119138,0,-0.0043790008524009,120641.33333333333,122889.80952380953,28.655797536086794
2024-06-18,119138,120109,118872,119630,0,0.0041296647585153,120443.88888888889,122484.04761904762,32.31476154315979
2024-06-19,119630,120383,118960,120261,0,0.0052745966730753,120150.77777777778,122127.38095238095,36.79209832564482
2024-06-20,120267,121607,120156,120446,0,0.0015383208188854,120115.11111111111,121795.66666666667,38.085242735803234
2024-06-21,120446,121580,120061,121341,0,0.0074307158394633,120179.66666666667,121590.47619047618,44.048994271106785
2024-06-24,121343,122840,121307,122637,0,0.0106806438054738,120291.0,121490.85714285714,51.35573448620851
2024-06-25,122634,122849,121997,122331,0,-0.0024951686685095,120557.11111111111,121396.80952380953,49.705221701247446
2024-06-26,122331,122701,121402,122641,0,0.0025341082799943,120898.55555555556,121308.47619047618,51.40899110539733
2024-06-27,122642,124308,122642,124308,0,0.01359251799969,121414.77777777778,121333.61904761905,59.3780536373116
2024-06-28,124308,124500,123298,123907,0,-0.0032258583518357,121944.66666666667,121390.76190476191,56.958136225639045
2024-07-01,123905,125220,123735,124718,0,0.0065452315042733,122510.0,121515.52380952382,60.46721533033164
2024-07-02,124720,125491,124310,124787,0,0.0005532481277763,123012.88888888889,121646.71428571429,60.760331877008184
2024-07-03,124787,126581,124787,125662,0,0.0070119483600055,123592.44444444444,121830.52380952382,64.36830321006667
2024-07-04,125666,126660,125666,126164,0,0.0039948433098311,124128.33333333333,122057.04761904762,66.28369688805645
2024-07-05,126165,126662,125556,126267,0,0.0008163977045749,124531.66666666667,122217.42857142857,66.67947481960923
2024-07-08,126280,126551,125614,126548,0,0.0022254429106576,125000.22222222222,122492.71428571429,67.79031574364271
2024-07-09,126548,127295,125937,127108,0,0.0044251983437115,125496.55555555556,122795.0,69.94101985426444
2024-07-10,127109,127769,126928,127218,0,0.0008654057966452,125819.88888888889,123060.85714285714,70.35968456930968
2024-07-11,127221,128326,127221,128294,0,0.0084579226210128,126307.33333333333,123458.85714285714,74.15214377184182
2024-07-12,128293,129015,128002,128897,0,0.0047001418616614,126771.66666666667,123903.09523809524,76.00502714273628
2024-07-15,128898,129485,128723,129321,0,0.0032894481640379,127275.44444444444,124363.04761904762,77.24046300779204
2024-07-16,129322,129521,128761,129110,0,-0.0016315988895848,127658.55555555556,124837.90476190476,75.16638592249453
2024-07-17,129112,129658,128741,129450,0,0.0026334133684455,128023.66666666667,125305.52380952382,76.2720455941543
2024-07-18,129450,129454,127523,127652,0,-0.0138895326380842,128177.55555555556,125657.47619047618,60.84445797001866
2024-07-19,127652,128360,127413,127616,0,-0.0002820167329927,128296.22222222222,125998.90476190476,60.58024074973886
2024-07-22,127616,128151,127456,127860,0,0.0019119859578735,128379.77777777778,126309.33333333333,61.791324250660516
2024-07-23,127860,127860,126530,126590,0,-0.0099327389332082,128310.0,126497.57142857143,52.71352174614973
2024-07-24,126596,126823,126218,126423,0,-0.0013192195276088,128102.11111111111,126692.42857142857,51.63921017844206
2024-07-25,126423,126423,125626,125954,12863808770,-0.0037097680010758,127775.11111111111,126850.19047619047,48.641067006228184
2024-07-26,125964,127700,125953,127492,0,0.0122108071200597,127571.88888888889,127001.80952380953,57.37993302589935
2024-07-29,127492,127657,126606,126954,0,-0.0042198726194584,127332.33333333333,127146.90476190476,53.92350269965772
2024-07-30,126951,126951,125973,126139,0,-0.0064196480615026,126964.44444444444,127214.57142857143,49.09851567999519
2024-07-31,126139,127853,126139,127652,0,0.01199470425483,126964.44444444444,127351.0,56.82250251219741
2024-08-01,127652,128762,127150,127395,0,-0.0020132861216431,126939.88888888889,127433.52380952382,55.28781698021109
2024-08-02,127395,128104,125731,125854,0,-0.012096236116017,126717.0,127418.76190476191,47.07739200597464
2024-08-05,125851,125851,123073,125270,0,-0.004640297487565,126570.33333333333,127371.28571428571,44.387167535271296
2024-08-06,125270,126966,125261,126267,0,0.0079588089726192,126553.0,127357.90476190476,49.674440469983175
2024-08-07,126268,127517,126268,127514,0,0.0098758978988968,126726.33333333333,127377.23809523809,55.38750588602473
2024-08-08,127515,128793,127515,128661,0,0.008995090735135,126856.22222222222,127445.95238095238,59.89710519773622
2024-08-09,128662,130631,128662,130615,0,0.0151871973636144,127263.0,127556.47619047618,66.17074658575419
2024-08-12,130615,131662,130615,131116,0,0.0038357003406959,127816.0,127662.14285714286,67.57152160496327
2024-08-13,131115,132430,131115,132398,17872424071,0.0097776015131638,128343.33333333333,127808.66666666667,70.89284192084143
2024-08-14,132398,133777,132112,133318,0,0.0069487454493271,129001.44444444444,128009.04761904762,73.02778039264159
2024-08-15,133319,134575,133319,134153,19829188708,0.0062632202703309,129923.55555555556,128233.0,74.8321093095689
2024-08-16,134154,134781,133852,133953,0,-0.0014908350912763,130888.33333333333,128533.04761904762,73.56274824879512
2024-08-19,133953,136179,133953,135778,0,0.0136241816159399,131945.11111111112,128921.71428571429,77.33999042446612
2024-08-20,135779,136330,135312,136087,0,0.0022757736894047,132897.66666666666,129313.47619047618,77.9153370795717
2024-08-21,136088,137040,136086,136464,0,0.0027702866548604,133764.66666666666,129783.66666666667,78.62831458905713
2024-08-22,136462,136462,134836,135173,0,-0.0094603705006448,134271.11111111112,130200.33333333333,70.26301649166767
2024-08-23,135174,136478,135174,135608,15556551587,0.0032180982888594,134770.22222222222,130660.04761904762,71.36835782626909
2024-08-26,135608,137013,135596,136889,0,0.009446345348357,135269.22222222222,131107.52380952382,74.38757749752597
2024-08-27,136888,137213,136664,136776,0,-0.0008254863429494,135653.44444444444,131575.2380952381,73.64978550382332
2024-08-28,136776,137469,135746,137344,0,0.0041527753407031,136008.0,132108.80952380953,74.992425760875
2024-08-29,137349,137370,135858,136041,0,-0.0094871272134202,136240.0,132508.2857142857,66.60783978788939
2024-08-30,136041,136139,134910,136004,38824567006,-0.0002719768305142,136265.11111111112,132918.2380952381,66.38087984340933
2024-09-02,136004,136004,134497,134906,0,-0.0080732919620011,136133.88888888888,133349.2857142857,59.8621703717518
2024-09-03,134907,135011,134171,134353,0,-0.004099150519621,135899.33333333334,133781.80952380953,56.834966275360856
2024-09-04,134359,136838,134359,136111,0,0.013084932975073,136003.55555555556,134250.57142857142,63.205184324230075
2024-09-05,136112,136656,135959,136502,0,0.0028726554062492,136102.88888888888,134678.57142857142,64.46140248797266
2024-09-06,136508,136653,134476,134572,0,-0.0141389869745498,135845.44444444444,134960.04761904763,54.5595886065252
2024-09-09,134574,135250,134399,134737,0,0.0012261094432719,135618.88888888888,135156.33333333334,55.1932680176088
2024-09-10,134738,134738,133754,134320,14899662539,-0.0030949182481426,135282.88888888888,135308.90476190476,53.17503225176147
2024-09-11,134319,135087,133757,134677,0,0.0026578320428827,135131.33333333334,135417.42857142858,54.70217618550627
2024-09-12,134677,134777,133591,134029,12696839288,-0.0048115119879414,134911.88888888888,135451.2857142857,51.423804702898195
2024-09-13,134031,135879,134031,134882,0,0.0063642942945183,134909.22222222222,135486.0,55.22764444844301
2024-09-16,134885,135715,134870,135118,0,0.0017496774958853,134994.22222222222,135541.47619047618,56.24844263037511
2024-09-17,135118,135118,134180,134960,0,-0.001169348273361,134866.33333333334,135502.52380952382,55.33876158171487
2024-09-18,134960,135203,133748,133748,0,-0.0089804386484884,134560.33333333334,135391.14285714287,48.816800898284214
2024-09-19,133748,134759,133123,133123,0,-0.0046729670724048,134399.33333333334,135232.04761904763,45.818004426282656
2024-09-20,133121,133128,130907,131065,0,-0.0154593871832816,133991.33333333334,135036.42857142858,37.6225050530877
2024-09-23,131065,131065,130100,130568,14597522366,-0.003792011597299,133574.44444444444,134796.42857142858,35.9501236052196
2024-09-24,130570,133073,130570,132156,0,0.0121622449604803,133294.33333333334,134571.04761904763,44.44724845137776
2024-09-25,132156,132982,131489,131586,0,-0.0043130845364569,133022.88888888888,134323.90476190476,42.27910254799354
2024-09-26,131595,133313,131594,133010,22006636458,0.0108218199504506,132814.88888888888,134117.52380952382,48.97551329972748
2024-09-27,133010,133923,132628,132730,0,-0.0021051048793323,132549.55555555556,133959.85714285713,47.80120909110666
2024-09-30,132761,133120,131816,131816,16006307227,-0.0068861598734272,132200.22222222222,133760.42857142858,44.08527483781713
2024-10-01,131817,133405,131817,132495,0,0.0051511197426716,132061.0,133645.61904761905,47.359137080588035
2024-10-02,132495,134922,132495,133515,0,0.0076984037133476,132104.55555555556,133605.7142857143,51.91392937748964
2024-10-03,133514,133514,131176,131672,0,-0.0138036924690109,132172.0,133394.33333333334,44.43291881983334
2024-10-04,131672,131936,131156,131792,0,0.0009113554893978,132308.0,133170.04761904763,44.98878239643901
2024-10-07,131792,132943,131676,132018,0,0.0017148233580186,132292.66666666666,133048.42857142858,46.08271489659556
2024-10-08,132016,132016,130371,131512,0,-0.0038328106773318,132284.44444444444,132894.85714285713,43.974258826303455
2024-10-09,131510,131520,129719,129962,0,-0.0117859967151287,131945.77777777778,132687.33333333334,38.207393887694934
2024-10-10,129963,130418,129835,130353,0,0.0030085717363537,131681.66666666666,132481.42857142858,40.333105897676205
2024-10-11,130354,130354,129338,129992,0,-0.0027694030823993,131479.0,132289.19047619047,38.99915976473987
2024-10-14,129992,131220,129729,131005,0,0.007792787248446,131313.44444444444,132104.57142857142,44.54194656923958
2024-10-15,131005,131457,130200,131043,0,0.0002900652646844,131038.77777777778,131910.52380952382,44.74477300517531
2024-10-16,131045,132233,130780,131750,0,0.0053951756293735,131047.44444444444,131757.66666666666,48.517376057067594
2024-10-17,131716,131716,129902,130793,0,-0.0072637571157495,130936.44444444444,131616.95238095237,44.12564240958124
2024-10-18,130793,131725,130121,130499,16586930884,-0.0022478267185552,130767.66666666667,131492.0,42.842618440411044
2024-10-21,130499,131124,130157,130362,0,-0.0010498164736894,130639.88888888889,131458.52380952382,42.22646850024332
2024-10-22,130346,130346,129094,129951,0,-0.0031527592396557,130638.66666666667,131429.14285714287,40.35157405134733
2024-10-23,129949,129949,128589,129233,0,-0.0055251594831897,130514.22222222222,131289.95238095237,37.24073454530718
2024-10-24,129233,130130,128798,130067,0,0.0064534600295589,130522.55555555556,131217.61904761905,42.76071587015658
2024-10-25,130067,130529,129806,129893,15609861663,-0.0013377720713171,130399.0,131069.19047619047,41.93206070186592
2024-10-28,129894,131421,129894,131213,0,0.0101622104347425,130417.88888888889,130996.95238095238,49.86886670436993
2024-10-29,131214,131765,130693,130730,0,-0.0036810377020569,130304.55555555556,130945.23809523809,47.32019576808934
2024-10-30,130730,131027,130473,130639,0,-0.0006960911802952,130287.44444444444,130856.85714285714,46.83453898116427
2024-10-31,130639,130798,129642,129713,16036700088,-0.0070882355192553,130200.11111111111,130675.80952380953,42.099592256038214
2024-11-01,129718,129902,128070,128121,0,-0.0122732494044544,129951.11111111111,130506.71428571429,35.46176488601655
2024-11-04,128130,130609,128128,130515,0,0.0186854613997704,130013.77777777778,130445.90476190476,48.588918559694555
2024-11-05,130515,130769,129692,130661,14608053850,0.0011186453664329,130172.44444444444,130381.28571428571,49.26665428839458
2024-11-06,130613,130670,128822,130341,18133052665,-0.0024490858021903,130202.88888888889,130325.52380952382,47.77992827220125
2024-11-07,130341,131319,129406,129682,18296430685,-0.0050559685747385,130179.44444444444,130312.19047619047,44.78277474712715
2024-11-08,129647,129647,126973,127830,0,-0.0142810875834734,129803.55555555556,130192.04761904762,37.63742279931095
2024-11-11,127829,128095,127306,127874,13841378487,0.0003442071501211,129486.22222222222,130091.19047619047,37.89097286657821
2024-11-12,127873,128210,127411,127698,17567074466,-0.0013763548493047,129159.44444444444,129933.71428571429,37.238774465049424
2024-11-13,127698,128100,126869,127734,0,0.0002819151435418,128939.55555555556,129776.14285714286,37.47583887763079
2024-11-14,127734,128423,127389,127792,21070337645,0.000454068611333,128903.0,129587.66666666667,37.88293414902421
2024-11-18,127791,128277,127226,127768,0,-0.000187805183423,128597.77777777778,129443.61904761905,37.77333644334816
2024-11-19,127768,128579,127235,128197,0,0.0033576482374302,128324.0,129334.0,41.05601301599914
2024-11-21,128197,128197,126594,126922,16643661637,-0.009945630552977,127944.11111111111,129170.19047619047,35.125273258808704
2024-11-22,126944,129126,126944,129126,16452302458,0.017364995824207,127882.33333333333,129130.90476190476,48.873938107904216
2024-11-25,129125,129495,128932,129036,0,-0.0006969936341247,128016.33333333333,129121.52380952382,48.422654890116824
2024-11-26,129043,130361,129042,129922,16352893929,0.0068663008772744,128243.88888888889,129114.61904761905,53.021481750166345
2024-11-27,129923,130283,127669,127669,0,-0.0173411739351303,128240.66666666667,129008.71428571429,42.61579354220223
2024-11-28,127667,127668,124390,124610,0,-0.0239603975906446,127893.55555555556,128694.28571428571,33.113524458934464
2024-11-29,124611,126056,123946,125668,0,0.008490490329829,127657.55555555556,128453.23809523809,38.242573035793654
2024-12-02,125668,125901,124734,125236,18157845296,-0.0034376293089728,127376.22222222222,128195.95238095238,36.99511583573855
2024-12-03,125235,126417,125233,126139,0,0.007210386789741,127147.55555555556,128025.76190476191,41.30502537931173
2024-12-04,126139,126720,125828,126087,0,-0.0004122436359889,127054.77777777778,127928.90476190476,41.130540166428496
2024-12-05,126088,127989,126087,127858,16135484308,0.0140458572255663,126913.88888888889,127802.38095238095,49.02799817210701
2024-12-06,127856,127872,125833,125946,17390372179,-0.0149540896932534,126570.55555555556,127577.85714285714,42.4127292382881
2024-12-09,125946,127542,125946,127210,15650201916,0.0100360471948295,126269.22222222222,127428.76190476191,47.4597951282309
2024-12-10,127213,128511,127213,128228,14047249204,0.008002515525509,126331.33333333333,127359.52380952382,51.17148261834876
2024-12-11,128228,130899,127362,129593,21994612930,0.0106451009139969,126885.0,127443.47619047618,55.69146355435196
2024-12-12,129587,129587,125829,126042,20748634433,-0.0274011713595642,126926.55555555556,127356.23809523809,44.22281689949454
2024-12-13,126102,126290,124578,124612,17130092381,-0.011345424541026,126857.22222222222,127209.28571428571,40.59714053910684
2024-12-16,124610,124956,123495,123560,0,-0.0084422046030879,126570.66666666667,127010.52380952382,38.12102135008848
2024-12-17,123560,125301,123560,124698,22832672172,0.0092101003561022,126416.33333333333,126863.19047619047,42.22607802010395
2024-12-18,124699,124699,120457,120772,26384609772,-0.0314840655022534,125629.0,126530.04761904762,33.87645768108483
2024-12-19,120768,121770,120768,121188,0,0.0034445070049349,125100.33333333333,126196.28571428571,35.335538560233175
2024-12-20,121183,122209,120700,122102,0,0.0075420008581708,124532.77777777778,125966.76190476191,38.54419848871847
2024-12-23,122105,122105,120617,120767,14808260246,-0.0109334818430492,123703.77777777778,125568.71428571429,35.75359879932232
2024-12-26,120767,121612,120428,121078,0,0.002575206803183,122757.66666666667,125189.76190476191,36.899727955881794
2024-12-27,121078,121609,120252,120269,0,-0.0066816432382431,122116.22222222222,124730.09523809524,35.14341643555909
2024-12-30,120267,121050,120158,120283,0,0.0001164057238356,121635.22222222222,124378.38095238095,35.200895750788504
2025-01-02,120283,120782,119120,120125,14091950035,-0.0013135688335009,121253.55555555556,124164.80952380953,34.825774185265146
2025-01-03,120125,120356,118404,118533,0,-0.0132528616024973,120568.55555555556,123825.04761904762,31.216102855526387
2025-01-06,118534,120322,118534,120022,0,0.0125619025925269,120485.22222222222,123576.76190476191,37.71834776430315
2025-01-07,120022,121713,120022,121163,0,0.0095065904584159,120482.44444444444,123339.80952380953,42.225366602934315
2025-01-08,121160,121160,119351,119625,0,-0.0126936440992712,120207.22222222222,123032.09523809524,38.211368069786324
2025-01-09,119625,120145,119502,119781,0,0.0013040752351096,120097.66666666667,122647.47619047618,38.84637567671871
2025-01-10,119781,120052,118732,118856,0,-0.0077224267621742,119850.77777777778,122309.85714285714,36.45406215082944
2025-01-13,118856,119729,118743,119007,0,0.0012704449081242,119710.55555555556,121919.23809523809,37.134672688564386
2025-01-14,119007,119451,118223,119299,0,0.0024536371810062,119601.22222222222,121494.04761904762,38.50628752971183
2025-01-15,119309,122988,119303,122650,0,0.028089087083714,119881.77777777778,121163.42857142857,51.5663310298734
2025-01-16,122649,122660,120796,121234,24646155869,-0.0115450468813697,120181.88888888889,120934.47619047618,47.02182293554597
2025-01-17,121258,122674,121074,122350,0,0.0092053384364121,120440.55555555556,120826.76190476191,50.70884130203225
2025-01-20,122349,123172,121511,122855,0,0.0041275030649774,120628.55555555556,120793.19047619047,52.325708696504925
2025-01-21,122850,123462,122290,123338,0,0.0039314639208822,121041.11111111111,120728.42857142857,53.88382228807421
2025-01-22,123345,123865,122926,122972,0,-0.0029674552854757,121395.66666666667,120833.19047619047,52.484039145915055
2025-01-23,122965,123958,122159,122483,0,-0.0039765149790196,121798.66666666667,120894.85714285714,50.59298012883344
2025-01-24,122483,122908,122196,122447,10642321022,-0.0002939183396879,122180.88888888889,120911.28571428571,50.448865667542236
2025-01-27,122443,124862,122207,124862,0,0.019722818852238,122799.0,121106.28571428571,58.9055446883565
2025-01-28,124861,124881,123973,124056,12317941998,-0.0064551264596114,122955.22222222222,121248.09523809524,55.501069390891985
2025-01-29,124056,124767,123278,123432,11297499697,-0.0050299864577287,123199.44444444444,121398.71428571429,52.949596842095474
2025-01-30,123433,127169,123432,126913,0,0.0282017629139932,123706.44444444444,121714.42857142857,63.131870597669824
2025-01-31,126914,127532,126057,126135,0,-0.0061301836691276,124070.88888888889,122000.61904761905,60.00623697596877
2025-02-03,126135,126473,125566,125970,0,-0.0013081222499702,124363.33333333333,122354.76190476191,59.33528494003644
2025-02-04,125964,125964,124694,125147,0,-0.0065333015797411,124605.0,122598.80952380953,55.97344016995929
2025-02-05,125146,125846,124637,125534,0,0.0030923633806643,124944.0,122806.95238095238,57.20141605249034
2025-02-06,125531,126399,125249,126225,0,0.0055044848407603,125363.77777777778,123121.23809523809,59.379964155387704
2025-02-07,126219,126524,124320,124619,15989146584,-0.0127233115468409,125336.77777777778,123351.61904761905,52.66954707295901
2025-02-10,124619,126386,124619,125572,0,0.0076473089978252,125505.22222222222,123671.42857142857,55.85740861920396
2025-02-11,125571,126886,125570,126522,0,0.0075653808173796,125848.55555555556,124029.28571428571,58.83395927547587
2025-02-12,126513,126513,124116,124380,0,-0.0169298620002845,125567.11111111111,124271.23809523809,50.556238842000745
2025-02-13,124372,124853,123778,124850,13843654967,0.003778742563113,125424.33333333333,124376.0,52.14717706744287
2025-02-14,124849,128482,124849,128219,19055117037,0.026984381257509,125674.22222222222,124708.61904761905,61.66829229425812
2025-02-17,128229,129534,128229,128552,0,0.0025971189917251,126052.55555555556,125003.95238095238,62.46328730043515
2025-02-18,128553,129294,128012,128532,0,-0.0001555790652809,126385.66666666667,125274.28571428571,62.379607753934565
2025-02-19,128528,128528,127028,127309,14755458672,-0.0095151401985498,126506.11111111111,125463.38095238095,57.3225156038595
2025-02-20,127309,127871,127063,127601,0,0.0022936320291573,126837.44444444444,125683.80952380953,58.19395735798485
2025-02-21,127601,127654,126483,127128,0,-0.0037068675010384,127010.33333333333,125905.0,56.19234630014249
2025-02-24,127129,127275,125162,125401,14866674610,-0.0135847334969479,126885.77777777778,126045.66666666667,49.49803860354816
2025-02-25,125401,126718,125382,125980,16225960147,0.0046171880607013,127063.55555555556,126098.90476190476,51.580696565076536
2025-02-26,125980,126563,124732,124769,0,-0.0096126369264962,127054.55555555556,126132.85714285714,47.19668709979762
2025-02-27,124768,125497,124352,124799,24010556833,0.0002404443411423,126674.55555555556,126197.95238095238,47.316147399885956
2025-02-28,124798,124916,122659,122799,23696811686,-0.016025769437255,126035.33333333333,126002.04761904762,40.70464937367145
2025-03-05,122799,123364,122747,123047,2376852206,0.0020195604198731,125425.88888888889,125855.0,41.79079616684893
2025-03-06,123048,124112,122681,123358,0,0.0025274894958837,124986.88888888889,125730.61904761905,43.1960027386006
2025-03-07,123357,125822,122530,125035,15344423270,0.0135945783816209,124701.77777777778,125725.28571428571,50.18007803487672
2025-03-10,125031,125031,123471,124519,0,-0.0041268444835446,124411.88888888889,125676.95238095238,48.215722841001096
2025-03-11,124519,124625,122636,123507,0,-0.0081272737493875,124201.44444444444,125547.52380952382,44.53364923848609
2025-03-12,123507,124048,122969,123864,0,0.0028905244237169,123966.33333333333,125511.57142857143,46.09746421177777
2025-03-13,123863,125774,123590,125637,0,0.0143140864173609,124062.77777777778,125514.66666666667,53.16052571864154
2025-03-14,125647,129194,125647,128957,21096236354,0.0264253364852711,124524.77777777778,125630.61904761905,62.950475456903696
2025-03-17,128959,131313,128957,130834,0,0.014555239343347,125417.55555555556,125937.95238095238,67.1330075965466
2025-03-18,130832,131834,130722,131475,0,0.0048993380925448,126354.0,126253.42857142857,68.44317963272732
2025-03-19,131476,132984,131451,132508,0,0.0078570070355581,127370.66666666667,126457.66666666667,70.48509055329333
2025-03-20,132505,132713,131813,131955,0,-0.0041733329308418,128139.55555555556,126619.71428571429,67.95028680046434
2025-03-21,131934,132588,131776,132345,25720752090,0.0029555530294418,129009.11111111111,126801.28571428571,68.80239070121122
2025-03-24,132344,132424,130992,131321,0,-0.0077373531300767,129877.33333333333,126992.33333333333,63.99165207887774
2025-03-25,131327,133471,131325,132068,14564994968,0.0056883514441712,130788.88888888889,127205.04761904762,65.86661596799864
2025-03-26,132069,132984,132068,132520,0,0.0034224793288306,131553.66666666666,127461.80952380953,66.9867762343787
2025-03-27,132522,133904,132479,133149,15629226764,0.0047464533655297,132019.44444444444,127830.76190476191,68.53429246375815
2025-03-28,133143,133143,131315,131902,0,-0.0093654477314887,132138.11111111112,128112.76190476191,62.29936522360183
2025-03-31,131900,131901,130115,130260,0,-0.0124486361086261,132003.11111111112,128374.23809523809,55.18064954985841
2025-04-01,130267,131982,130081,131147,13375075396,0.0068094580070627,131851.88888888888,128676.52380952382,57.97427627828596
2025-04-02,131151,131424,130393,131190,12616240946,0.0003278763524898,131766.88888888888,129076.09523809524,58.11058906342007
2025-04-03,131185,132552,130182,131141,0,-0.0003735040780546,131633.11111111112,129461.52380952382,57.88019901618639
2025-04-04,131139,131139,126466,127256,0,-0.029624602527051,131181.44444444444,129647.14285714286,43.24184419108488
2025-04-07,127229,128411,123876,125588,0,-0.0131074369774313,130461.44444444444,129673.47619047618,38.714667037227315
2025-04-08,125588,127652,123454,123932,21087974250,-0.0131859731821512,129507.22222222222,129645.52380952382,34.81733201536977
2025-04-09,123928,128649,122887,127796,0,0.0311783881483393,128912.44444444444,129849.76190476191,47.97710014481854
2025-04-10,127796,127797,124895,126355,0,-0.0112757832796018,128296.11111111111,129968.38095238095,44.3787553986322
2025-04-11,126355,128386,126078,127682,0,0.0105021566222152,128009.66666666667,130065.76190476191,48.229483861136636
2025-04-14,127683,129955,127683,129454,0,0.0138782287244874,127821.55555555556,130089.42857142857,52.91701002869023
2025-04-15,129452,129927,128951,129245,0,-0.0016144730946899,127605.44444444444,130013.76190476191,52.31534118317974
2025-04-16,129245,129605,128149,128317,19184566437,-0.0071801617083833,127291.66666666667,129863.38095238095,49.61769383591183
2025-04-17,128316,130091,127973,129650,15334650493,0.0103883351387579,127557.66666666667,129727.28571428571,53.33964768473827
2025-04-22,129650,130877,128726,130464,0,0.0062784419591206,128099.44444444444,129656.28571428571,55.501458363440875
2025-04-23,130468,133318,130468,132216,0,0.013428991905813,129019.88888888889,129650.14285714286,59.81674041890063
2025-04-24,132245,134938,132223,134580,20017785813,0.0178798330005445,129773.66666666667,129805.33333333333,64.77983798268109
2025-04-25,134579,134992,134186,134739,0,0.0011814534106107,130705.22222222222,129932.52380952382,65.09213317296718
2025-04-28,134741,135709,134711,135016,0,0.0020558264496544,131520.11111111112,130051.38095238095,65.6633476757165
2025-04-29,135017,136150,134899,135093,0,0.0005703027789298,132146.66666666666,130143.95238095238,65.83072910279591
2025-04-30,135094,135171,133955,135067,0,-0.0001924600090308,132793.55555555556,130294.66666666667,65.71424246043759
2025-05-02,135067,135275,134355,135134,0,0.0004960501084647,133551.0,130526.76190476191,65.88178300673988
2025-05-05,135131,135198,133390,133491,0,-0.0121583021297378,133977.77777777778,130638.38095238095,58.351586799042266
2025-05-06,133499,134135,133260,133516,0,0.0001872785431227,134316.88888888888,130749.14285714286,58.42944670621428
2025-05-07,133517,134110,132872,133398,0,-0.0008837892087839,134448.22222222222,130856.61904761905,57.879441957308664
2025-05-08,133458,137635,133458,136232,28002350522,0.0212446963222836,134631.77777777778,131284.04761904763,66.12647265007092
2025-05-09,136232,137286,136105,136512,0,0.0020553173997299,134828.77777777778,131804.2380952381,66.81774979276929
2025-05-12,136516,137519,136356,136563,0,0.0003735935302391,135000.66666666666,132405.7142857143,66.95004966142915
2025-05-13,136565,139419,136550,138963,0,0.0175743063640956,135430.66666666666,132937.47619047618,72.50556262476574
2025-05-14,138965,139362,138228,138423,17160513456,-0.0038859264696358,135803.55555555556,133512.14285714287,69.66794699050477
2025-05-15,138425,139408,138321,139334,0,0.0065812762329959,136270.22222222222,134067.0,71.68149445911266
2025-05-16,139335,139335,137713,139187,22542747317,-0.0010550188755077,136903.11111111112,134530.47619047618,70.8640287456253
2025-05-19,139186,140203,138587,139636,16472952151,0.0032258759797969,137583.11111111112,135025.2857142857,71.91747489634483
2025-05-20,139636,140244,138966,140110,15011801073,0.0033945400899482,138328.88888888888,135586.85714285713,73.02624359204617
2025-05-21,140109,140109,137538,137881,0,-0.0159089286988795,138512.11111111112,135978.80952380953,60.85774336139684
2025-05-22,137881,138837,137088,137273,19221561351,-0.0044095995822485,138596.66666666666,136303.04761904763,58.01787564806515
2025-05-23,137273,137824,134997,137824,0,0.0040138993101337,138736.77777777778,136570.09523809524,59.84655588368014
2025-05-26,137824,138800,137795,138136,0,0.0022637566751799,138644.88888888888,136739.42857142858,60.88551545969987
2025-05-27,138136,140382,138136,139541,0,0.010171135692361,138769.11111111112,136968.09523809524,65.24646665932607
2025-05-28,139541,139547,138580,138888,0,-0.0046796282096301,138719.55555555556,137152.47619047618,61.797898135139164
2025-05-29,138869,139108,137993,138534,0,-0.0025488163124244,138647.0,137316.33333333334,59.948068135353516
2025-05-30,138546,138637,136726,137027,0,-0.0108781959663332,138357.11111111112,137409.66666666666,52.714056168191874
2025-06-02,137026,138471,136483,136787,0,-0.0017514796354003,137987.88888888888,137488.38095238095,51.64520627116202
2025-06-03,136787,137672,136175,137546,16899935467,0.0055487729097063,137950.66666666666,137681.47619047618,54.768726466363496
2025-06-04,137547,138797,136695,137002,0,-0.0039550404955432,137920.55555555556,137847.47619047618,52.167679983526604
2025-06-05,137003,137451,136031,136236,0,-0.0055911592531495,137744.11111111112,137982.61904761905,48.663146522108846
2025-06-06,136236,136890,135601,136102,0,-0.0009835873043835,137518.11111111112,137976.42857142858,48.054972683122294
2025-06-09,136102,136106,134119,135699,14705157527,-0.0029610145332177,137091.22222222222,137937.7142857143,46.18550411541877
2025-06-10,135716,137369,135716,136436,0,0.0054311380334417,136818.77777777778,137931.66666666666,50.01520514838068
2025-06-11,136443,137531,135628,137128,16454894752,0.0050719751385264,136662.55555555556,137844.2857142857,53.37063660678542
2025-06-12,137127,137931,136175,137800,0,0.0049005308908465,136748.44444444444,137814.61904761905,56.4294393312631
2025-06-13,137800,137800,136586,137213,0,-0.0042597968069666,136795.77777777778,137713.61904761905,53.149650329022215
2025-06-16,137212,139988,137212,139256,0,0.0148892597640164,136985.77777777778,137716.90476190476,61.53024029065399
2025-06-17,139256,139497,138293,138840,0,-0.0029873039581777,137190.0,137679.0,59.20777030818111
2025-06-18,138844,139161,138443,138717,0,-0.0008859118409679,137465.66666666666,137612.66666666666,58.504620073594225
2025-06-20,138715,138719,136815,137116,0,-0.0115414837402769,137578.33333333334,137576.2380952381,50.15520035766636
2025-06-23,137116,137130,135835,136551,0,-0.0041205986172292,137673.0,137541.85714285713,47.574812360774324
2025-06-24,136552,138156,136254,137165,0,0.0044964884914793,137754.0,137510.47619047618,50.55210457804843
2025-06-25,137163,137163,135565,135767,0,-0.0101921043998104,137602.77777777778,137397.66666666666,44.37302249787778
2025-06-26,135767,137353,135756,137114,0,0.0099214094735833,137526.55555555556,137282.09523809524,50.63419992911087
2025-06-27,137113,137209,136469,136866,0,-0.0018087139168866,137488.0,137185.80952380953,49.52885554421371
2025-06-30,136865,139103,136430,138855,0,0.014532462408487,137443.44444444444,137201.09523809524,57.53545213545915
2025-07-01,138855,139695,138855,139549,0,0.004998019516762,137522.22222222222,137321.19047619047,59.92433524761404
2025-07-02,139586,140049,138384,139051,0,-0.0035686389726905,137559.33333333334,137429.0,57.42775907471032
2025-07-03,139051,141304,139051,140928,0,0.0134986443822771,137982.88888888888,137590.04761904763,63.58567158473393
2025-07-04,140928,141564,140597,141264,5965434222,0.0023841961852861,138506.55555555556,137793.0,64.57352970660709
2025-07-07,141265,141342,139295,139490,0,-0.01255804734398,138764.88888888888,137947.95238095237,55.94421210632685
2025-07-08,139491,139591,138770,139303,0,-0.0013405978923219,139157.77777777778,138100.38095238095,55.108203297898704
2025-07-09,139303,139331,137299,137481,0,-0.0130794024536442,139198.55555555556,138185.2380952381,47.63847223128348
2025-07-10,137472,137472,136014,136743,0,-0.0053680144892749,139184.88888888888,138199.85714285713,44.97902473140674
2025-07-11,136742,136742,135528,136187,14348431281,-0.0040660216610722,138888.44444444444,138155.04761904763,43.030039904396844
2025-07-14,136187,136187,134840,135299,13826931391,-0.0065204461512479,138416.22222222222,138035.95238095237,40.04551527384343
2025-07-15,135298,136022,134380,135250,0,-0.0003621608437608,137993.88888888888,137942.47619047618,39.881139136476854
2025-07-16,135250,135641,134265,135511,0,0.0019297597042513,137392.0,137764.14285714287,41.264124058405514
2025-07-17,135515,135792,135016,135565,0,0.0003984916353654,136758.77777777778,137608.19047619047,41.563645387356644
2025-07-18,135562,135562,133296,133382,19672543526,-0.0161029764319698,136080.11111111112,137354.14285714287,34.012575608264726
2025-07-21,133382,134865,133367,134167,0,0.005885351846576,135509.44444444444,137213.7142857143,38.34996846804905
2025-07-22,134180,135300,133986,134036,0,-0.0009763950897015,135126.66666666666,137093.95238095237,37.902235849786855
2025-07-23,134036,135782,133676,135368,0,0.009937628696768,134973.88888888888,137008.38095238095,44.94104658927215
2025-07-24,135357,135363,133648,133808,0,-0.0115241415991962,134709.55555555556,136915.09523809524,39.319720225699896
2025-07-25,133820,134204,133285,133524,0,-0.0021224440990075,134512.33333333334,136744.14285714287,38.37856179013644
2025-07-28,133538,133902,131550,132129,0,-0.0104475599892154,134165.55555555556,136518.57142857142,34.06530642716572
2025-07-29,132130,133346,132130,132726,0,0.0045183116499785,133856.11111111112,136226.7142857143,37.3123155602405
2025-07-30,132702,134368,131883,133990,0,0.0095233789913053,133681.11111111112,135962.0,43.64069581549429
2025-07-31,133987,133987,132096,133071,0,-0.0068587208000596,133646.55555555556,135677.2380952381,40.44388915794591
2025-08-01,132920,133237,132140,132437,16703678514,-0.0047643739056594,133454.33333333334,135272.90476190476,38.35641483830779
2025-08-04,132440,133929,132440,132971,11542262390,0.0040321058314518,133336.0,134878.0,41.11332094414208
2025-08-05,132971,134233,132682,133151,13892947759,0.0013536786216543,133089.66666666666,134576.14285714287,42.05406821771988
2025-08-06,133169,135241,133169,134538,0,0.0104167448986489,133170.77777777778,134349.2380952381,48.836766917773645
2025-08-07,134538,137007,134533,136528,18118535691,0.0147913600618412,133504.55555555556,134303.85714285713,56.67288000895307
2025-08-08,136526,136761,135659,135913,0,-0.0045045704910348,133925.0,134264.33333333334,53.92414601491834
2025-08-11,135913,136307,135496,135623,0,-0.0021337178930639,134246.88888888888,134237.47619047618,52.62791863618276
2025-08-12,135629,138414,135629,137914,17727130612,0.0168924150033549,134682.88888888888,134362.0,60.671002012394005
2025-08-13,137911,137913,136535,136687,16703993696,-0.0088968487608219,135084.66666666666,134430.42857142858,55.2595750415686
2025-08-14,136681,137437,135588,136356,0,-0.0024215909340317,135520.11111111112,134470.66666666666,53.86386168391157
2025-08-15,136354,136431,135583,136341,17823546058,-0.0001100061603449,135894.55555555556,134507.61904761905,53.797548614643084
2025-08-18,136341,137902,136341,137322,0,0.0071951944022707,136358.0,134695.2380952381,57.484062194330114
2025-08-19,137321,137321,133997,134432,0,-0.0210454260788511,136346.22222222222,134707.85714285713,45.87194323647582
2025-08-20,134430,134964,134122,134666,12100738830,0.0017406569864317,136139.33333333334,134737.85714285713,46.8088706263279
2025-08-21,134664,134837,133874,134511,0,-0.0011509957970089,135983.55555555556,134697.04761904763,46.23794109068832
2025-08-22,134511,138072,134511,137968,0,0.0257005003308279,136244.11111111112,134895.14285714287,58.41936008086214
2025-08-25,137971,138890,137971,138025,10733269598,0.0004131392786732,136256.44444444444,135109.47619047618,58.58598100039028
2025-08-26,138026,138037,137058,137771,0,-0.0018402463321861,136376.88888888888,135378.14285714287,57.480621976043075
2025-08-27,137773,139281,137456,139206,11751105388,0.0104158349725269,136693.55555555556,135686.7142857143,61.858921709166594
2025-08-28,139206,142138,139206,141049,16507064721,0.0132393718661552,137216.66666666666,136022.85714285713,66.61384111208332
2025-08-29,141049,142379,141000,141422,16926787871,0.0026444710703372,137672.22222222222,136420.52380952382,67.49700589362284
2025-09-01,141423,141950,140878,141283,8476816626,-0.0009828739517189,138433.44444444444,136841.7619047619,66.7879765258545
2025-09-02,141279,141279,139625,140335,0,-0.0067099367935279,139063.33333333334,137192.42857142858,62.004116543556044
2025-09-03,140332,140496,139582,139864,0,-0.0033562546763102,139658.11111111112,137512.09523809524,59.715543305172375
2025-09-04,139832,141482,139832,140993,13200351475,0.0080721272092889,139994.22222222222,137819.47619047618,63.21994869895432
2025-09-05,141003,143409,141003,142640,16020497657,0.0116814309930279,140507.0,138110.52380952382,67.64217077706589
2025-09-08,142640,143089,141329,141792,0,-0.0059450364554122,140953.77777777778,138390.47619047618,63.4144765744654
2025-09-09,141794,142286,141605,141618,13892127165,-0.0012271496276236,141221.77777777778,138675.95238095237,62.5505923643665
2025-09-10,141612,143182,141612,142349,0,0.0051617732209181,141366.22222222222,138887.14285714287,64.72474531893806
2025-09-11,142349,144013,142349,143151,0,0.0056340402812804,141558.33333333334,139194.95238095237,66.9890986672736
2025-09-12,143151,143202,142241,142272,0,-0.0061403692604312,141668.22222222222,139476.66666666666,62.27108026266649
2025-09-15,142292,144194,142292,143547,0,0.0089617071524965,142025.11111111112,139819.80952380953,66.01051589645195
2025-09-16,143547,144584,143547,144062,0,0.0035876751168606,142491.55555555556,140140.7619047619,67.41535445994441
2025-09-17,144059,146331,143910,145594,0,0.010634310227541,143002.77777777778,140672.2857142857,71.22537827370017
2025-09-18,145594,145726,144993,145499,0,-0.0006524994161847,143320.44444444444,141188.14285714287,70.67352835066008
2025-09-19,145499,146399,145496,145865,0,0.0025154812060563,143773.0,141728.80952380953,71.58689893643877
2025-09-22,145864,145864,144117,145109,0,-0.0051828745758063,144160.88888888888,142068.85714285713,66.94864630082989
2025-09-23,145112,147178,145107,146425,0,0.0090690446491947,144613.77777777778,142468.85714285713,70.52832793530271
2025-09-24,146429,146521,146130,146492,0,0.0004575721359056,144985.0,142884.14285714287,70.7023050807918
2025-09-25,146492,146519,145187,145306,0,-0.0080960052426071,145322.11111111112,143174.61904761905,63.55071763031768
2025-09-26,145326,146235,145146,145447,0,0.0009703659862634,145533.22222222222,143384.04761904763,64.01672064675907
2025-09-29,145447,147558,145447,146337,0,0.0061190674266227,145786.0,143618.09523809524,66.89387812140633
2025-09-30,146337,147578,145774,146237,18124712186,-0.0006833541756356,145857.44444444444,143854.0,66.25287185191695
2025-10-01,146237,146879,145193,145517,15421478657,-0.0049235145688163,145859.44444444444,144100.7619047619,61.67069423212964
2025-10-02,145517,145621,143635,143950,13648344128,-0.0107685012747651,145646.66666666666,144295.33333333334,53.068227919139886
2025-10-03,143950,144518,143676,144201,0,0.0017436609934005,145545.77777777778,144448.09523809524,54.170970667543834
2025-10-06,144202,144532,143376,143608,0,-0.0041123154485752,145232.77777777778,144494.19047619047,51.11518526379053
2025-10-07,143606,143606,141035,141356,0,-0.0156815776279872,144662.11111111112,144473.42857142858,41.53329850192284
2025-10-08,141356,142385,141356,142145,0,0.0055816519992075,144310.88888888888,144498.52380952382,45.395399520577406
2025-10-09,142148,143212,141603,141708,0,-0.0030743255126807,143895.44444444444,144468.0,43.67458927653668
2025-10-10,141725,142274,140231,140680,0,-0.0072543540237671,143266.88888888888,144350.33333333334,39.84790208488362
2025-10-13,140682,142303,140682,141783,0,0.0078404890531702,142772.0,144327.04761904763,45.37795364918009
2025-10-14,141788,142589,141334,141683,0,-0.0007053031745696,142346.0,144238.2857142857,44.9742602929261
2025-10-15,141683,142905,141154,142604,22529365469,0.0065004270095918,142196.44444444444,144168.85714285713,49.43588861011565
2025-10-16,142604,143191,141446,142200,0,-0.0028330201116377,141974.11111111112,144007.2380952381,47.61219401352298
2025-10-17,142200,143424,141248,143399,18403861835,0.0084317862165963,141950.88888888888,143907.2380952381,53.1375157879645
2025-10-20,143399,145216,143396,144509,0,0.0077406397534152,142301.22222222222,143842.66666666666,57.596329188846866
2025-10-21,144509,144795,143829,144085,11799192763,-0.0029340733103128,142516.77777777778,143793.90476190476,55.426916045964504
2025-10-22,144094,145048,144039,144873,0,0.0054689939965992,142868.44444444444,143720.0,58.5515610563495
2025-10-23,144881,146358,144881,145721,0,0.0058534026354117,143428.55555555556,143683.2857142857,61.66591136867582
2025-10-24,145721,147240,145721,146172,0,0.0030949554285244,143916.22222222222,143724.52380952382,63.24756287602971
2025-10-27,146174,147977,146174,146969,0,0.0054524806392468,144503.55555555556,143797.0,65.92333545522932
2025-10-28,146970,147811,146575,147429,0,0.0031299117500969,145039.66666666666,143849.0,67.39864418091713
2025-10-29,147430,149067,147430,148633,0,0.0081666429264255,145754.44444444444,143963.09523809524,70.94440141452615
2025-10-30,148632,149234,147546,148780,0,0.0009890132070267,146352.33333333334,144118.47619047618,71.3540505923231
2025-10-31,148774,149636,148774,149540,17481717941,0.0051082134695523,146911.33333333334,144384.66666666666,73.43905387215153
2025-11-03,149551,150761,149551,150454,15627783301,0.0061120770362443,147619.0,144682.42857142858,75.72718521794977
2025-11-04,150453,150888,149979,150704,0,0.0016616374440028,148266.88888888888,145020.33333333334,76.3278789212159
2025-11-05,150709,153583,150296,153294,19435781125,0.0171860070071132,149108.33333333334,145588.80952380953,81.44973614207917
2025-11-06,153297,154352,153235,153339,0,0.0002935535637402,149904.66666666666,146121.85714285713,81.52453296530217
2025-11-07,153339,154066,152368,154064,0,0.0047280861359471,150693.0,146710.2380952381,82.73254580490513
2025-11-10,154061,155601,154058,155257,16046756056,0.0077435351542216,151562.77777777778,147404.38095238095,84.52553949828567
2025-11-11,155257,158467,155252,157749,0,0.0160508060828175,152575.66666666666,148164.66666666666,87.45568768820745
2025-11-12,157749,158134,156560,157633,22937069980,-0.000735345390462,153559.33333333334,148924.19047619047,86.63334321657543
2025-11-13,157633,158319,156509,157162,0,-0.0029879530301396,154406.22222222222,149617.42857142858,83.21198004998848
2025-11-14,157162,158366,156656,157739,0,0.0036713709420852,155215.66666666666,150357.38095238095,84.04335197776247
2025-11-17,157742,157901,156568,156993,0,-0.0047293313638352,155914.44444444444,151004.7142857143,78.62223285436166
2025-11-18,156990,157040,155834,156522,16191727364,-0.0030001337639258,156273.11111111112,151576.7619047619,75.31887099874237
2025-11-19,156522,156522,155212,155381,17597521450,-0.0072897100727054,156500.0,152114.66666666666,67.8785333180724
2025-11-21,155381,155387,153571,154770,16127551054,-0.0039322697112259,156578.44444444444,152585.95238095237,64.2200607235796
2025-11-24,154769,155832,154529,155278,0,0.003282289849454,156580.77777777778,153041.04761904763,65.8672583772987
2025-11-25,155278,156373,154821,155910,0,0.0040701193987557,156376.44444444444,153504.7619047619,67.85025380979968
2025-11-26,155915,158714,155914,158555,0,0.0169649156564684,156478.88888888888,154056.47619047618,74.52163038539213
2025-11-27,158554,158864,158167,158360,8383312400,-0.0012298571473621,156612.0,154577.0,73.3137690688088
2025-11-28,158358,159689,158078,159072,0,0.0044960848699167,156760.11111111112,155074.09523809524,74.9126619620181
2025-12-01,159073,159224,158029,158611,0,-0.002898058740696,156939.88888888888,155542.2380952381,71.90853562950514
2025-12-02,158612,161092,158612,161092,0,0.0156420424812906,157447.66666666666,156092.33333333334,77.20625718608775
2025-12-03,161094,161963,161093,161755,0,0.0041156606162937,158155.88888888888,156630.47619047618,78.37966407727913
2025-12-04,161760,164551,161759,164456,0,0.0166980927946585,159232.11111111112,157285.33333333334,82.3630487227626
2025-12-05,164461,165036,157007,157369,0,-0.0430935934231648,159464.44444444444,157479.38095238095,54.164486309872494
2025-12-08,157369,159235,157369,158187,0,0.0051979741880547,159717.44444444444,157710.2380952381,56.035480502471266
2025-12-09,158187,158851,155188,157981,0,-0.001302256190458,159653.66666666666,157896.7619047619,55.42192962837481
2025-12-10,157984,159691,157628,159075,0,0.0069248833720509,159733.11111111112,158078.57142857142,58.048959441238914
2025-12-11,159072,159850,158098,159189,0,0.0007166430928806,159746.11111111112,158147.14285714287,58.32457011763294
2025-12-12,159189,161263,159189,160766,17007612422,0.0099064633862893,159985.55555555556,158296.33333333334,62.03985941784063
2025-12-15,160766,163073,160766,162482,0,0.0106738987099261,160140.0,158549.66666666666,65.6303809880225
2025-12-16,162482,162482,158558,158578,0,-0.0240272768675915,159787.0,158589.61904761905,53.282520879328274
2025-12-17,158578,158611,156351,157327,0,-0.0078888622633657,158994.88888888888,158605.52380952382,50.03401038779835
2025-12-18,157327,158495,157124,157923,16518823829,0.0037882880878679,159056.44444444444,158672.2380952381,51.549562405917214
2025-12-19,157928,159552,157906,158473,0,0.0034827099282561,159088.22222222222,158819.47619047618,52.96730482391704
2025-12-22,158480,158634,157306,158142,0,-0.0020886838767487,159106.11111111112,158980.04761904763,51.981483324286145
2025-12-23,158144,160456,158144,160456,0,0.0146324189652338,159259.55555555556,159226.61904761905,57.88305059211912
2025-12-26,160456,160913,159359,160897,9809107415,0.002748417011517,159449.33333333334,159464.09523809524,58.91928156631876
2025-12-29,160897,161133,159702,160490,0,-0.0025295686060026,159418.66666666666,159556.2380952381,57.5128928333842
2025-12-30,160491,162075,160491,161125,11436102131,0.0039566328120133,159267.88888888888,159687.90476190476,59.15118515592077
2026-01-02,161124,161957,160059,160539,0,-0.0036369278510473,159485.77777777778,159757.7619047619,56.968081281475364
2026-01-05,160542,162166,160215,161870,0,0.0082908202991174,159990.55555555556,159912.95238095237,60.53119775994566
2026-01-06,161870,164135,161870,163664,0,0.0110829678136776,160628.44444444444,160035.42857142858,64.76597555027098
2026-01-07,163661,163661,161746,161975,17921506377,-0.0103199237462117,161017.55555555556,160045.90476190476,58.41166864631632
2026-01-08,161975,162936,161748,162936,0,0.005933014354067,161550.22222222222,159973.52380952382,60.77006751279634
2026-01-09,162938,164263,162638,163370,0,0.0026636225266363,161874.0,160259.2857142857,61.82299542147988
2026-01-12,163370,163493,162277,163150,12571111448,-0.001346636469364,162124.33333333334,160495.61904761905,60.93024181595553
2026-01-13,163146,163146,161765,161973,0,-0.0072142200429052,162289.11111111112,160685.7142857143,56.250255987883534
2026-01-14,161974,165146,161974,165146,0,0.0195896847005365,162735.88888888888,160974.80952380953,64.2272949097174
2026-01-15,165180,166070,164833,165568,0,0.0025553146912429,163294.66666666666,161278.57142857142,65.13772985916997
2026-01-16,165557,165872,164100,164800,0,-0.004638577502899,163620.22222222222,161470.66666666666,62.04299568820977
2026-01-19,164800,165155,164265,164849,0,0.0002973300970874,163751.88888888888,161583.38095238095,62.16650132513637
2026-01-20,164846,166468,163575,166277,17147928614,0.0086624729297721,164229.88888888888,161950.0,65.67207584278356
2026-01-21,166278,171969,166278,171817,0,0.033317897243756,165216.66666666666,162640.0,75.25242899138667
2026-01-22,171817,177742,171817,175589,0,0.0219535901569694,166574.33333333334,163481.2380952381,79.45637924365941
2026-01-23,175590,180532,175590,178859,26486807362,0.0186230344725466,168319.77777777778,164452.0,82.26848463913635
2026-01-26,178859,179543,177694,178721,0,-0.000771557483828,170180.66666666666,165431.95238095237,81.75984444296617
2026-01-27,178852,183360,178852,181919,0,0.017893812142949,172044.33333333334,166454.0,84.19805779737312
2026-01-28,181921,185065,181921,184691,0,0.0152375507780935,174169.11111111112,167587.04761904763,85.95107332715715
2026-01-29,184692,186450,181567,183134,0,-0.0084302970908165,176206.22222222222,168665.33333333334,80.54602621671717
2026-01-30,183133,183620,180089,181364,0,-0.0096650540041718,178041.22222222222,169629.09523809524,74.78829793440912
2026-02-02,181369,182890,181348,182793,0,0.0078791821971284,179876.33333333334,170688.80952380953,76.26355072912037
2026-02-03,182816,187334,182816,185674,0,0.0157609974123735,181416.0,171822.33333333334,78.93923100502484
2026-02-04,185671,185671,180269,181708,0,-0.0213600180962332,182095.88888888888,172681.57142857142,67.63626958676895
2026-02-05,181708,184017,181569,182127,0,0.0023058973738085,182459.0,173641.19047619047,68.15505276318939
2026-02-06,182128,183262,181391,182950,0,0.0045188247761178,182928.88888888888,174594.2380952381,69.19942804850129
2026-02-09,182950,186460,182950,186241,20529150053,0.0179885214539492,183409.11111111112,175683.33333333334,73.01108808335312
2026-02-10,186241,186959,185083,185929,0,-0.0016752487368517,183546.66666666666,176768.04761904763,72.10012083122234
2026-02-11,185936,190561,185936,189699,0,0.020276557180429,184276.11111111112,178088.33333333334,75.99726223660558
2026-02-12,189694,189990,186959,187766,0,-0.0101898270417872,184987.44444444444,179165.47619047618,70.55537971032825
2026-02-13,187766,187766,183662,186464,0,-0.0069341627344673,185395.33333333334,180160.52380952382,67.0715770481842
2026-02-18,186464,187657,185001,186016,18157779946,-0.0024026085464218,185433.33333333334,181170.80952380953,65.86643215266736
2026-02-19,186020,188687,185928,188534,0,0.0135364699810769,186191.77777777778,182298.66666666666,69.2146050207368
2026-02-20,188531,190727,186700,190534,0,0.0106081661663148,187125.88888888888,183453.7619047619,71.59768632604337
2026-02-23,190532,191003,188526,188853,22575245029,-0.0088225723492919,187781.77777777778,184265.0,66.90950553279899
2026-02-24,188854,191781,188854,191490,0,0.0139632412511319,188365.0,185022.19047619047,70.20537761869323
2026-02-25,191491,192624,190419,191247,0,-0.001268995770014,188955.88888888888,185612.09523809524,69.51823536005456
2026-02-26,191248,191978,188977,191005,0,-0.0012653793262116,189101.0,186197.04761904763,68.79607488566839
2026-02-27,191005,191005,188478,188787,0,-0.011612261459124,189214.44444444444,186524.09523809524,62.39817122880901
2026-03-02,188786,190110,186638,189307,0,0.0027544269467707,189530.33333333334,186743.90476190476,63.26081218154161
2026-03-03,189284,189602,180518,183105,34005023230,-0.0327615988843519,189206.88888888888,186742.52380952382,48.86254343338481
2026-03-04,183110,186306,183110,185366,19526038606,0.0123481062778187,188854.88888888888,186933.09523809524,53.05721398429753
2026-03-05,185365,185366,179895,180464,0,-0.0264449791223848,187736.0,186822.19047619047,44.52898327758596
2026-03-06,180463,181091,178556,179365,24787836639,-0.0060898572568489,186681.77777777778,186521.7619047619,42.8654519837109
2026-03-09,179367,181952,177637,180915,0,0.0086415967440693,185506.77777777778,186484.0,45.93331943610954
2026-03-10,180921,185324,180693,183447,0,0.0139955227593069,184640.11111111112,186546.85714285713,50.599738427312865
2026-03-11,183446,185714,182021,183969,0,0.0028455085119953,183858.33333333334,186595.38095238095,51.52855818997279
2026-03-12,183968,183992,178495,179284,0,-0.0254662470307497,182802.44444444444,186264.09523809524,43.60435132262529
2026-03-13,179285,180996,177322,177653,0,-0.0090972981414961,181507.55555555556,185870.0,41.227386948835
2026-03-16,177656,181255,177656,179875,0,0.0125075287217215,181148.66666666666,185402.19047619047,45.57977818321944
2026-03-17,179882,182800,179850,180410,0,0.0029742876997915,180598.0,185051.90476190476,46.60506969445772
2026-03-18,180409,181551,179576,179640,0,-0.0042680560944515,180506.44444444444,184726.95238095237,45.28273518511325
2026-03-19,179624,181251,176296,180271,0,0.0035125807169895,180607.11111111112,184453.38095238095,46.619377247677576
2026-03-20,180262,180305,175039,176219,0,-0.0224772703318891,180085.33333333334,183866.95238095237,39.8819791876408
2026-03-23,176221,182973,176221,181932,23842058873,0.0324198866183556,179917.0,183457.33333333334,50.700088178590484
2026-03-24,181932,182649,179915,182509,17789386686,0.0031715146318405,179754.77777777778,183155.2380952381,51.64648014336647
2026-03-25,182528,186401,182524,185424,20805048405,0.015971815088571,180437.0,182866.38095238095,56.21902295602426
2026-03-26,185424,185424,182570,182733,0,-0.0145126844421433,181001.44444444444,182460.95238095237,51.38787673170454
2026-03-27,182733,183351,180976,181557,18912131832,-0.0064356191820853,181188.33333333334,182011.04761904763,49.390373429381455
2026-03-30,181561,184414,181559,182514,0,0.0052710718947768,181422.11111111112,181712.33333333334,51.05762513659486
2026-03-31,182515,187508,182515,187462,27933898052,0.0271102490767831,182291.22222222222,181624.47619047618,58.64362660327451
2026-04-01,187463,189131,187256,187953,27000288470,0.0026191974906915,183144.77777777778,181855.33333333334,59.31749036765994
2026-04-02,187923,189251,185214,188052,0,0.0005267274265374,184459.55555555556,181983.2380952381,59.46092100213302
2026-04-06,188054,189220,187811,188162,12609120281,0.0005849445897943,185151.77777777778,182349.80952380953,59.63122386183031
2026-04-07,188162,188259,185885,188259,0,0.000515513227963,185790.66666666666,182773.33333333334,59.79163267813244
2026-04-08,188261,193759,188260,192201,32681231398,0.0209392379647188,186543.66666666666,183310.7619047619,65.74819491632618
2026-04-09,192206,195514,192206,195129,0,0.0152340518519675,187921.0,183867.04761904763,69.37701848241488
2026-04-10,195130,197554,195129,197324,0,0.0112489686310082,189672.88888888888,184503.0,71.78989566890462
2026-04-13,197324,198173,196223,198001,0,0.0034309055158014,191393.66666666666,185394.2857142857,72.50936347949636
2026-04-14,198001,199355,198001,198657,0,0.0033131145802294,192637.55555555556,186394.47619047618,73.22202652091588
2026-04-15,198657,199232,196966,197738,30093444834,-0.0046260640198936,193724.77777777778,187245.09523809524,70.46604871160498
2026-04-16,197738,198587,196354,196819,21627654276,-0.0046475639482547,194698.88888888888,188026.47619047618,67.72104882446519
2026-04-17,196881,198666,195368,195734,0,-0.0055126791620727,195540.22222222222,188792.85714285713,64.52516877540538
2026-04-20,195734,196724,195282,196132,17525639714,0.0020333718209406,196415.0,189548.14285714287,65.17440590077192
2026-04-22,196132,196132,192687,192889,20385864916,-0.016534782697367,196491.44444444444,190341.95238095237,56.15603658233961
2026-04-23,192889,193347,190930,191378,18333810193,-0.0078335208332253,196074.66666666666,190791.7619047619,52.510203072680994
2026-04-24,191378,191390,189963,190745,17484196673,-0.0033075902141311,195343.66666666666,191183.95238095237,51.01592949600115
2026-04-27,190745,191340,189579,189579,0,-0.0061128732076856,194407.88888888888,191381.80952380953,48.28994932472567
2026-04-28,189579,189579,187237,188619,0,-0.005063852008925,193292.55555555556,191662.09523809524,46.105571954747184
2026-04-29,188619,188710,184504,184750,22387936838,-0.0205122495612849,191849.44444444444,191814.14285714287,38.539227562321734
2026-04-30,184759,187921,184759,187318,0,0.0138998646820027,190793.77777777778,192042.90476190476,44.991909166237136
2026-05-04,187318,187666,185538,185600,0,-0.0091715692031731,189667.77777777778,191954.2380952381,41.82801261029156
2026-05-05,185597,187428,185364,186754,19397341833,0.006217672413793,188625.77777777778,191897.14285714287,44.643933247029146
2026-05-06,186762,188674,186762,187691,22098813114,0.0050172954796148,188048.22222222222,191879.95238095237,46.89187941755993
2026-05-07,187690,187779,182868,183218,23873835586,-0.023831723417745,187141.55555555556,191644.52380952382,38.79310633834792
2026-05-08,183222,185584,183217,184108,0,0.0048576013273804,186404.11111111112,191446.85714285713,40.97742276617683
2026-05-11,184103,184530,181615,181909,21263568888,-0.0119440763030395,185551.88888888888,190956.7619047619,37.42371272175478
2026-05-12,181897,181897,179939,180342,21846585893,-0.0086141972084943,184632.22222222222,190252.61904761905,35.08847905308011
2026-05-13,180342,180513,176787,177098,29157268083,-0.0179880449368422,183782.0,189289.47619047618,30.803228299391208
2026-05-14,177104,179476,177104,178366,22003866804,0.0071598775819037,182787.33333333334,188354.47619047618,34.18659557498525
2026-05-15,178341,178341,175417,177284,0,-0.0060661785317829,181863.33333333334,187336.7142857143,32.7165736372892
2026-05-18,177281,177330,175811,176976,18094383920,-0.0017373254213578,180776.88888888888,186348.04761904763,32.2909198350611
2026-05-19,176973,176973,173544,174279,0,-0.0152393544887442,179286.66666666666,185274.7142857143,28.762138197703678
2026-05-20,174279,178199,174279,177356,0,0.0176555982074719,178635.33333333334,184399.57142857142,37.194911638836935
2026-05-21,177352,178547,175805,177650,17708743458,0.0016576828525676,177917.77777777778,183519.47619047618,37.950701308651674
2026-05-22,177649,177649,174893,176210,15199873905,-0.0081058260624824,177284.55555555556,182725.2380952381,35.68554439482497
2026-05-25,176210,177816,176210,177816,9995857808,0.0091141251915327,177003.88888888888,182079.42857142858,39.987703473922714
2026-05-26,177816,177816,175516,176589,16507269684,-0.0069003914158456,176947.33333333334,181405.33333333334,37.901676167858945
2026-05-27,176602,177640,175555,175744,16376190208,-0.004785122516125,176656.0,180746.52380952382,36.48990881764101
2026-05-28,175744,176627,174686,175063,15601763363,-0.0038749544792425,176409.22222222222,180101.0,35.34720193182575
2026-05-29,175064,175064,172686,173787,36949217845,-0.0072888046017719,176054.88888888888,179578.95238095237,33.24635527643591
