date,open,high,low,closed,vol,return
2010-01-05,70045,70594,69927,70239,5291956224,0.002769648083374987
2010-01-06,70236,70936,70016,70729,5347834368,0.006976181323766095
2010-01-07,70722,70722,70045,70451,4432724480,-0.0039304952706810115
2010-01-08,70455,70765,70158,70262,4366168064,-0.0026827156463357094
2010-01-11,70267,71068,70158,70433,4133910784,0.0024337479718767874
2010-01-12,70428,70428,69284,70075,4275255040,-0.00508284468927922
2010-01-13,70080,70626,69535,70385,4933125632,0.004423831608990403
2010-01-14,70376,70508,69661,69801,4997297664,-0.008297222419549666
2010-01-15,69779,69787,68695,68978,4762878464,-0.011790662024899312
2010-01-18,68983,69748,68983,69400,3215670784,0.006117892661428259
2010-01-19,69396,70036,68867,69908,3904477952,0.007319884726224801
2010-01-20,69901,69901,67546,68200,5129431040,-0.0244321107741603
2010-01-21,68200,68458,65996,66270,5855884800,-0.028299120234604125
2010-01-22,66263,66660,65445,66220,5519219200,-0.0007544892108042323
2010-01-26,66212,66212,64718,65523,5070391296,-0.010525520990637305
2010-01-27,65527,65663,64553,65069,4770545664,-0.006928864673473423
2010-01-28,65071,66049,64541,65587,4289017600,0.007960780094976139
2010-01-29,65591,66575,65140,65401,4863500288,-0.0028359278515559527
2010-02-01,65402,66763,65361,66571,4333211136,0.01788963471506544
2010-02-02,66588,67320,66538,67163,4107745536,0.008892761112196057
2010-02-03,67163,67346,66774,67108,4452461568,-0.0008189032651906292
2010-02-04,67100,67100,63749,63934,5750446080,-0.04729689455802588
2010-02-05,63934,64000,61341,62762,6866149376,-0.018331404260643835
2010-02-08,62759,63922,62727,63153,4571245568,0.006229884324910007
2010-02-09,63163,65525,63163,64718,5783735296,0.024781087200924645
2010-02-10,64721,65169,64320,65051,4232616960,0.005145400043264692
2010-02-11,65049,66145,64344,66128,5498840064,0.016556240488232232
2010-02-12,66128,66128,64965,65854,3979614464,-0.004143479312847864
2010-02-17,65863,67542,65863,67284,4200304128,0.021714702220062554
2010-02-18,67284,67836,66550,67836,4068338432,0.008204030675940777
2010-02-19,67810,67935,67210,67597,3608861440,-0.0035232030190459618
2010-02-22,67598,68119,67035,67184,4028345344,-0.006109738597866787
2010-02-23,67178,67178,65660,66108,4428962304,-0.016015718028101977
2010-02-24,66110,66513,65534,65794,3842718720,-0.00474980335209052
2010-02-25,65765,66324,64428,66121,4701898240,0.004970058060005389
2010-02-26,66117,66510,65607,66503,4920619008,0.005777287094871575
2010-03-01,66510,67397,66510,67227,3842062592,0.010886726914575373
2010-03-02,67227,68249,67227,67779,5131984384,0.008210986657146702
2010-03-03,67779,68813,67481,67641,5786530816,-0.002036028858495964
2010-03-04,67642,68197,66923,67814,4137843200,0.0025576203781729756
2010-03-05,67822,68930,67822,68846,5728591872,0.015218096558232919
2010-03-08,68850,69070,68318,68575,4550315520,-0.003936321645411467
2010-03-09,68573,70143,68255,69576,7820790784,0.014597156398104216
2010-03-10,69577,70476,69577,69979,5909522432,0.005792227204783229
2010-03-11,69980,70183,69411,69884,4532294144,-0.0013575501221795294
2010-03-12,69900,70486,69341,69341,4190892800,-0.007770018888443753
2010-03-15,69339,69384,68622,69023,3987431168,-0.0045860313523024
2010-03-16,69023,69948,69021,69942,3690661376,0.01331440244556159
2010-03-17,69944,70423,69376,69723,3783383040,-0.003131165823110571
2010-03-18,69725,70127,68972,69697,4304095232,-0.0003729042066462629
2010-03-19,69701,69998,68773,68828,4913732096,-0.012468255448584542
2010-03-22,68813,69121,67899,69041,3626454272,0.0030946707735224344
2010-03-23,69048,69612,68913,69386,4547057664,0.004997030749844367
2010-03-24,69382,69677,68743,68913,4250716160,-0.006816937134292211
2010-03-25,68915,69571,68376,68441,4168680192,-0.0068492156777385516
2010-03-26,68442,68909,68024,68682,4483108864,0.0035212811034321945
2010-03-29,68681,69942,68681,69939,4219143424,0.018301738446754534
2010-03-30,69941,70450,69750,69959,4073166848,0.0002859634824632362
2010-03-31,69959,70391,69573,70371,4895222272,0.005889163652996743
2010-04-01,70374,71401,70373,71136,4438244864,0.01087095536513627
2010-04-05,71148,71645,71148,71289,3751378176,0.0021508097165992
2010-04-06,71289,71711,70822,71095,4692504064,-0.002721317454305705
2010-04-07,71092,71257,70531,70792,4743616000,-0.004261903087418251
2010-04-08,70792,71805,70461,71784,5086915584,0.014012882811617056
2010-04-09,71783,71989,71306,71417,4415095296,-0.005112559901928049
2010-04-12,71413,71606,70505,70614,4389280768,-0.011243821499082873
2010-04-13,70618,71053,70168,70792,4333203968,0.002520746594159906
2010-04-14,70793,71207,70628,71034,5342541312,0.003418465363317802
2010-04-15,71036,71065,70429,70524,7109872128,-0.0071796604442943
2010-04-16,70521,70521,69012,69421,6226697216,-0.015640065793205205
2010-04-19,69418,69431,68377,69097,4944678912,-0.004667175638495502
2010-04-20,69100,69701,69100,69318,4635961344,0.003198402246117782
2010-04-22,69312,69527,68080,69386,4993193472,0.0009809861796359343
2010-04-23,69387,69709,68831,69509,3890981888,0.0017726918975009553
2010-04-26,69509,69810,68813,68871,3279123456,-0.009178667510682081
2010-04-27,68868,68868,66499,66511,5767497216,-0.03426696287261688
2010-04-28,66512,67253,65914,66655,5243012608,0.002165055404369287
2010-04-29,66660,68012,66660,67978,4200288000,0.019848473482859452
2010-04-30,67975,67975,67242,67529,5484873728,-0.006605078113507301
2010-05-03,67533,67968,66722,67119,5089508352,-0.006071465592560221
2010-05-04,67116,67116,64588,64869,8090933760,-0.03352254950163147
2010-05-05,64859,65611,63533,64914,6292374528,0.0006937057762568255
2010-05-06,64914,65533,60774,63414,7791615488,-0.023107496071725686
2010-05-07,63416,63945,61662,62870,6394807808,-0.008578547323934815
2010-05-10,62871,66083,62871,65452,5428304384,0.041068872276125434
2010-05-11,65448,65732,64424,64424,4966447104,-0.015706166350913597
2010-05-12,64438,65351,64438,65223,4378496512,0.012402210356388998
2010-05-13,65222,65427,64737,64788,4155748096,-0.006669426429327108
2010-05-14,64786,64786,63049,63412,5276333568,-0.021238500956967332
2010-05-17,63406,63593,61824,62866,5704921600,-0.008610357661010482
2010-05-18,62870,63529,60809,60841,5703244288,-0.032211370216015056
2010-05-19,60841,60849,59068,59689,6724526592,-0.01893460002301084
2010-05-20,59684,59684,57633,58192,6467471872,-0.025079997989579272
2010-05-21,58192,60302,57996,60259,5453498880,0.035520346439373185
2010-05-24,60254,60849,59814,59915,3668595200,-0.005708690817969098
2010-05-25,59911,59911,57876,59184,5689588224,-0.012200617541517134
2010-05-26,59182,60701,59178,60190,7749422592,0.01699783725331172
2010-05-27,60191,62261,60188,62091,5418848768,0.031583319488287076
2010-05-28,62080,62246,61305,61946,4925797888,-0.002335282085970558
2010-05-31,61949,63046,61949,63046,2936869632,0.017757401607852108
2010-06-01,63033,63033,61605,61840,4535975424,-0.01912889001681317
2010-06-02,61836,63197,61813,62942,3702443008,0.01782018111254846
2010-06-04,62940,62940,61422,61675,4276467712,-0.020129643163547373
2010-06-07,61674,62118,61099,61182,3915068928,-0.007993514389947332
2010-06-08,61186,62000,61186,61793,3811439104,0.009986597365238215
2010-06-09,61799,62684,61478,61478,4065651200,-0.005097664784037059
2010-06-10,61484,63146,61484,63048,3967004672,0.02553759068284589
2010-06-11,63043,63766,62370,63605,3168855040,0.008834538764116218
2010-06-14,63613,64295,63529,63532,3367766272,-0.0011477085134816711
2010-06-15,63533,64554,63533,64442,2885064448,0.014323490524460025
2010-06-16,64442,65097,63974,64750,5885869568,0.004779491635889643
2010-06-17,64744,65182,64114,64540,4468407296,-0.00324324324324321
2010-06-18,64542,64940,64239,64437,5157199872,-0.0015959095134799872
2010-06-21,64441,65516,64441,64829,4267524864,0.00608346136536464
2010-06-22,64833,65830,64689,64810,4370752000,-0.00029307871477268765
2010-06-23,64811,65160,64247,65160,4169031424,0.005400401172658498
2010-06-24,65153,65153,63735,63936,4085614336,-0.018784530386740328
2010-06-25,63936,64868,63806,64823,2613882624,0.013873248248248204
2010-06-28,64825,65104,64225,64225,2480609024,-0.00922512071332704
2010-06-29,64215,64215,61670,61977,5527966720,-0.03500194628260023
2010-06-30,61971,62644,60935,60935,5107738112,-0.016812688578020873
2010-07-01,60934,61381,60055,61236,5848882176,0.004939689833429073
2010-07-02,61236,61811,60763,61429,3038044416,0.0031517408060617313
2010-07-05,61435,61667,60796,60865,1933056384,-0.009181331293037442
2010-07-06,60869,62450,60869,62064,4431351808,0.0196993345929517
2010-07-07,62066,63313,62004,63283,4665054208,0.019641015725702538
2010-07-08,63281,63595,62894,63476,4581470208,0.0030497922032772795
2010-07-12,63477,63972,62749,62960,3271586816,-0.008129056651332789
2010-07-13,62964,63777,62964,63685,4048594176,0.011515247776366033
2010-07-14,63685,63687,63014,63479,3660057088,-0.00323467064457883
2010-07-15,63482,63612,62960,63489,3780948480,0.00015753241229377046
2010-07-16,63486,63492,62298,62339,3316266496,-0.01811337397029411
2010-07-19,62350,63299,62350,63297,3231750912,0.015367586903864305
2010-07-20,63289,64481,62901,64462,6125996544,0.018405295669621013
2010-07-21,64468,65136,64209,64476,4368272384,0.00021718221587918585
2010-07-22,64503,66212,64503,65748,4898444800,0.01972827098455232
2010-07-23,65748,66322,65427,66322,3706231040,0.008730303583379007
2010-07-26,66321,66618,66150,66443,2941780736,0.0018244323150689024
2010-07-27,66449,67102,66293,66674,4046209792,0.003476664208419189
2010-07-28,66669,67050,66427,66808,4659282944,0.002009778924318306
2010-07-29,66795,67428,66596,66953,4459837440,0.0021703987546402015
2010-07-30,66950,67608,66217,67515,5246885376,0.008393947993368567
2010-08-02,67523,68753,67523,68517,4802424320,0.014841146411908479
2010-08-03,68516,68560,67942,67997,4640005120,-0.0075893573857582775
2010-08-04,67995,68534,67577,68272,4847779328,0.004044296071885611
2010-08-05,68271,68470,68002,68411,3953806336,0.002035973752050557
2010-08-06,68416,68508,67685,68094,3845603840,-0.004633757729020194
2010-08-09,68096,68512,67749,67862,3195773440,-0.003407054953446731
2010-08-10,67836,67836,66946,67223,4220495360,-0.009416168105861877
2010-08-11,67216,67216,65690,65790,4315524096,-0.021317108727667566
2010-08-12,65787,66027,65257,65966,3974558208,0.0026751785985712484
2010-08-13,65963,66589,65921,66264,4661128192,0.004517478701149047
2010-08-16,66260,66867,66186,66701,4000313856,0.006594832790052019
2010-08-17,66701,67665,66701,67583,4375600640,0.013223190057120693
2010-08-18,67583,67745,67005,67638,5374536192,0.0008138141248539288
2010-08-19,67640,67712,66823,66887,4326843392,-0.011103225997220467
2010-08-20,66891,66891,66336,66677,3429821440,-0.0031396235441865095
2010-08-23,66677,67175,65981,65981,3293991424,-0.01043838205078218
2010-08-24,65946,65946,65012,65156,3995120384,-0.012503599521074271
2010-08-25,65156,65156,64163,64803,4300934656,-0.005417766590950945
2010-08-26,64801,65270,63803,63867,4395935744,-0.014443775751122656
2010-08-27,63875,65589,63847,65585,4229730048,0.026899650836895495
2010-08-30,65585,65585,64254,64260,3192519680,-0.02020279027216587
2010-08-31,64261,65181,64201,65145,4878799360,0.01377217553688137
2010-09-01,65154,67072,65154,67072,5983851008,0.029580167319057438
2010-09-02,67072,67167,66404,66808,4012409600,-0.00393606870229013
2010-09-03,66811,67672,66541,66678,5107529216,-0.001945874745539422
2010-09-06,66678,66949,66379,66747,1649487232,0.0010348240799065156
2010-09-08,66739,66739,66101,66407,4712499200,-0.005093861896414809
2010-09-09,66411,66806,66352,66624,3790759680,0.003267727799780129
2010-09-10,66621,66919,66459,66806,3716198656,0.0027317483189241987
2010-09-13,66807,68141,66807,68030,5087822848,0.01832170763105112
2010-09-14,68029,68092,67561,67691,6458371072,-0.0049830956930765335
2010-09-15,67689,68107,67119,68106,5195687424,0.006130800254095847
2010-09-16,68102,68102,67506,67662,3579286272,-0.006519249405338767
2010-09-17,67664,67773,66992,67089,3956329728,-0.008468564334486173
2010-09-20,67087,68241,67009,68190,4553140224,0.016411036086392716
2010-09-21,68188,68255,67528,67719,4635038720,-0.006907171139463264
2010-09-22,67710,68549,67346,68325,6182950400,0.008948744074779524
2010-09-23,68320,69600,67892,68794,7867721728,0.006864251738016858
2010-09-24,68800,69571,68021,68196,9172168704,-0.008692618542314734
2010-09-27,68197,68926,68011,68815,5759135232,0.009076778696697652
2010-09-28,68817,69431,68454,69227,4827762688,0.0059870667732326854
2010-09-29,69224,69419,68958,69228,8145856512,1.4445230906989792e-05
2010-09-30,69229,69736,68924,69429,6391541248,0.0029034494713122694
2010-10-01,69438,70242,69227,70229,5904827392,0.01152256261792628
2010-10-04,70230,70551,70089,70384,4566529536,0.0022070654572896586
2010-10-05,70389,71285,70389,71283,6974397440,0.012772789270288687
2010-10-06,71284,71290,70342,70541,7292257792,-0.010409213978087362
2010-10-07,70545,70738,69313,69918,6406579200,-0.008831743241519141
2010-10-08,69920,70827,69698,70808,5517343232,0.012729197059412556
2010-10-11,70810,71110,70810,70946,2967019264,0.0019489323240311496
2010-10-13,70949,71994,70949,71674,7463997440,0.010261325515180664
2010-10-14,71675,71961,71263,71692,7366489088,0.00025113709294855013
2010-10-15,71698,72139,71351,71830,5039221248,0.0019249009652402282
2010-10-18,71830,71884,71340,71735,5631830528,-0.001322567172490574
2010-10-19,71734,71734,69628,69863,6142802432,-0.026096047954276114
2010-10-20,69863,70720,69813,70404,5180111360,0.007743727008573842
2010-10-21,70406,70958,68951,69652,6066690048,-0.010681211294812809
2010-10-22,69658,70311,68847,69529,5263563776,-0.0017659220122896446
2010-10-25,69535,70230,69450,69580,4419276800,0.0007335068820204516
2010-10-26,69582,70833,69054,70740,5496139776,0.016671457315320604
2010-10-27,70735,70844,70059,70568,5576621568,-0.002431439072660413
2010-10-28,70572,71262,70233,70320,5400514560,-0.0035143407776896396
2010-10-29,70322,70775,70322,70673,5436054016,0.005019908987485833
2010-11-01,70686,71751,70673,71560,3608376832,0.012550761960012924
2010-11-03,71560,72109,71510,71904,5675884032,0.004807154835103411
2010-11-04,71909,73103,71909,72995,5866206720,0.015173008455718673
2010-11-05,72987,72987,72534,72606,4508390400,-0.005329132132337877
2010-11-08,72606,72875,72336,72657,4210889728,0.0007024212874968683
2010-11-09,72654,73044,71651,71679,5236421120,-0.01346050621412942
2010-11-10,71673,71854,70867,71638,5569627136,-0.0005719945869780974
2010-11-11,71638,71638,70940,71195,4561211392,-0.006183868896395772
2010-11-12,71191,71191,70004,70367,4937955840,-0.011630030198749863
2010-11-16,70364,70364,68662,69192,5441503744,-0.016698168175423134
2010-11-17,69189,70079,69187,69708,3483929600,0.007457509538675078
2010-11-18,69716,70904,69716,70781,4718328832,0.015392781316348136
2010-11-19,70773,70897,70235,70897,3752307712,0.0016388578855908165
2010-11-22,70897,70897,69201,69632,3930367232,-0.017842786013512524
2010-11-23,69628,69628,67727,67952,5017526272,-0.024126838235294157
2010-11-24,67954,69745,67954,69629,4939730432,0.024679185307275642
2010-11-25,69634,69780,69361,69361,1866946816,-0.0038489709747375755
2010-11-26,69349,69349,68219,68226,3559362048,-0.01636366257695243
2010-11-29,68218,68421,67102,67908,4068297472,-0.004660979685163991
2010-11-30,67900,68476,67270,67705,6683671552,-0.0029893385168168196
2010-12-01,67731,69605,67731,69345,4850422272,0.024222730965216765
2010-12-02,69341,69942,69218,69527,4452548096,0.0026245583675823525
2010-12-03,69529,69963,68943,69766,4686130688,0.003437513483970367
2010-12-06,69759,69931,69377,69551,3447867648,-0.003081730355760648
2010-12-07,69563,70589,69337,69337,4433207808,-0.0030768788371123845
2010-12-08,69338,69353,68046,68174,4708700160,-0.016773151419876786
2010-12-09,68173,68561,67563,67879,4870547968,-0.004327162848006605
2010-12-10,67889,68514,67866,68341,4160812800,0.006806228730535269
2010-12-13,68341,69221,68341,69126,4341720064,0.011486516146968828
2010-12-14,69126,69126,68531,68742,3953629696,-0.005555073344327699
2010-12-15,68740,68740,67711,67870,6573178368,-0.012685112449448699
2010-12-16,67874,68376,67137,67306,4798331904,-0.008310004420215122
2010-12-17,67304,67981,66947,67981,4341703680,0.010028823581849977
2010-12-20,67979,68196,67263,67263,4938082304,-0.010561774613494945
2010-12-21,67261,68461,67261,68214,3826791168,0.014138530841621755
2010-12-22,68218,68471,67727,68470,3546088192,0.003752895300084935
2010-12-23,68470,68561,68249,68485,2546854144,0.00021907404702781186
2010-12-27,68476,68476,67803,67803,2353434880,-0.00995838504782065
2010-12-28,67810,68104,67810,68040,3208207360,0.0034954205566124497
2010-12-29,68043,69039,68043,68952,3437207552,0.013403880070546714
2010-12-30,68953,69527,68940,69304,4739039232,0.00510500058011365
2011-01-03,69309,70470,69304,69962,4492861952,0.009494401477548209
2011-01-04,69962,70317,69559,70317,5844493312,0.005074183127983689
2011-01-05,70311,71172,69801,71091,5637829632,0.011007295533085992
2011-01-06,71092,71167,70469,70578,5979612672,-0.007216103304215737
2011-01-07,70579,70782,69718,70057,4305502208,-0.007381903709371196
2011-01-10,70056,70133,69666,70127,3833828096,0.0009991863768075149
2011-01-11,70145,70647,70145,70423,5131654144,0.004220913485533329
2011-01-12,70429,71632,70429,71632,6390057984,0.017167686693267736
2011-01-13,71631,71923,70719,70721,5238572544,-0.012717779763234294
2011-01-14,70722,71184,70396,70940,4255626752,0.0030966756691788166
2011-01-17,70939,70939,70544,70609,3857228544,-0.00466591485762613
2011-01-18,70612,71093,70612,70919,4785725952,0.0043903751646390266
2011-01-19,70921,71189,69966,70058,4581055488,-0.012140611119728195
2011-01-20,70056,70083,69176,69561,5779858432,-0.0070941220131890415
2011-01-21,69559,70026,69095,69133,4384051712,-0.006152873017926663
2011-01-24,69134,69512,68786,69426,3180545024,0.004238207513054482
2011-01-26,69426,69556,68514,68709,5297871360,-0.010327542995419603
2011-01-27,68716,69107,67774,68050,5151532544,-0.009591174373080658
2011-01-28,68050,68181,65897,66697,5969647104,-0.01988243938280676
2011-01-31,66697,67165,66270,66574,5203335168,-0.0018441609067874065
2011-02-01,66574,67921,66574,67847,5036573184,0.019121578994802713
2011-02-02,67844,68011,66643,66688,5608898048,-0.017082553392191224
2011-02-03,66688,66848,66090,66764,5120465408,0.001139635316698584
2011-02-04,66752,66946,65159,65269,5830360576,-0.022392307231442143
2011-02-07,65272,65892,64915,65362,4315552768,0.0014248724509338118
2011-02-08,65359,66237,65110,65771,6067508736,0.006257458462103349
2011-02-09,65767,65767,64016,64217,5785718784,-0.023627434583631035
2011-02-10,64217,65106,64184,64577,5266133504,0.0056059921827553705
2011-02-11,64581,65890,64562,65755,5289156608,0.018241788872199072
2011-02-14,65751,66743,65461,66557,4296537088,0.012196791118546102
2011-02-15,66557,66860,66117,66341,5160573440,-0.003245338581967294
2011-02-16,66341,67793,66341,67570,5688073216,0.018525497053104356
2011-02-17,67579,67875,67106,67684,4856777216,0.00168713926298647
2011-02-18,67684,68225,67385,68066,4443208704,0.005643874475503852
2011-02-21,68066,68066,67084,67258,3387042304,-0.011870831252020153
2011-02-22,67254,67569,66342,66439,7119767552,-0.012176990097832241
2011-02-23,66439,67265,66049,66910,7700466176,0.0070892096509580504
2011-02-24,66909,67343,66692,66948,6550946304,0.0005679270662082292
2011-02-25,66951,67632,66331,66902,5479644160,-0.0006871004361593824
2011-02-28,66909,67458,66686,67383,5734808576,0.007189620639143746
2011-03-01,67380,67708,66242,66242,4753548800,-0.016933054331211173
2011-03-02,66241,67281,66101,67281,5445592576,0.015684912895141956
2011-03-03,67283,68188,67283,68145,4986406912,0.01284166406563525
2011-03-04,68137,68219,67513,68012,4433044992,-0.0019517205957884087
2011-03-09,68010,68056,67108,67263,3383188224,-0.011012762453684655
2011-03-10,67255,67255,65853,66040,6014769152,-0.01818235880052932
2011-03-11,66041,67014,65558,66684,5703819776,0.009751665657177444
2011-03-14,66684,67333,66087,67169,4064160768,0.007273108991662225
2011-03-15,67167,67167,65463,67005,6212299776,-0.0024416025249742734
2011-03-16,67010,67502,65662,66002,7063817728,-0.014969032161778917
2011-03-17,66016,66950,66014,66215,4575363584,0.003227174934092858
2011-03-18,66216,67384,66216,66879,5833669120,0.010027939288680843
2011-03-21,66886,67675,66656,66689,5342806528,-0.002840951569251904
2011-03-22,66683,67630,66531,67578,5511607296,0.013330534271019268
2011-03-23,67570,67917,67316,67795,4931766784,0.0032111042055107397
2011-03-24,67798,68008,67405,67532,4076436736,-0.003879342134375685
2011-03-25,67528,68256,67496,67765,4688081408,0.0034502161938043674
2011-03-28,67766,68070,67192,67192,3493006848,-0.008455692466612597
2011-03-29,67194,67862,67046,67418,4092605184,0.0033634956542445416
2011-03-30,67422,68003,67422,67997,4284256512,0.008588210863567536
2011-03-31,68000,68606,68000,68586,5226864640,0.00866214685942035
2011-04-01,68588,69387,68588,69268,5387832320,0.009943720292771019
2011-04-04,69269,69787,69269,69703,4507706368,0.006279956112490659
2011-04-05,69703,70046,69464,69837,5736710144,0.0019224423625956444
2011-04-06,69841,70107,68954,69036,4693648896,-0.011469564843850644
2011-04-07,69039,69333,68695,69176,5013244928,0.002027927458137846
2011-04-08,69179,69429,68471,68718,4889787904,-0.006620793338730224
2011-04-11,68718,69176,68029,68164,4350082048,-0.008061934282138639
2011-04-12,68153,68153,66721,66896,5644344832,-0.0186021947068834
2011-04-13,66908,67410,66251,66486,5543477248,-0.006128916527146644
2011-04-14,66483,67041,66089,66278,5083931648,-0.003128478175856597
2011-04-15,66281,66765,65832,66684,4862406656,0.006125712906243308
2011-04-18,66688,66705,65158,65415,6223974912,-0.0190300521864315
2011-04-19,65416,66256,65416,66158,4470469632,0.011358251165634714
2011-04-20,66164,67076,66164,67058,5274030080,0.013603796970887982
2011-04-25,67058,67124,66552,66972,3158268672,-0.001282471890005632
2011-04-26,66971,67413,66722,67144,3916592896,0.0025682374723765555
2011-04-27,67142,67228,65885,66264,4842220544,-0.013106159895150737
2011-04-28,66249,66249,65105,65673,6332900352,-0.00891886997464686
2011-04-29,65664,66293,65460,66132,5396293120,0.00698917363299989
2011-05-02,66119,66500,65345,65462,4899779584,-0.010131252646222721
2011-05-03,65457,65468,64243,64318,4828915712,-0.017475787479759197
2011-05-04,64320,64807,63547,63615,5542350336,-0.010930066233402758
2011-05-05,63608,64267,62972,63407,5885973504,-0.0032696691031989245
2011-05-06,63422,64703,63422,64417,5333359104,0.01592884066427991
2011-05-09,64415,64781,64149,64621,3983818240,0.003166865889439041
2011-05-10,64621,65143,64618,64876,4198565632,0.003946085637795749
2011-05-11,64876,64876,63621,63775,4940067840,-0.01697083667303778
2011-05-12,63771,64328,63125,64003,4811405312,0.003575068600548903
2011-05-13,64003,64165,63063,63235,4967599104,-0.011999437526365897
2011-05-16,63233,63828,62675,62829,4764877312,-0.006420494979046398
2011-05-17,62830,63680,62414,63673,4286330880,0.013433287176303876
2011-05-18,63675,64015,62830,62840,4848121344,-0.013082468236144007
2011-05-19,62843,63607,62224,62367,4372073984,-0.007527052832590697
2011-05-20,62369,63043,62086,62596,4140079104,0.0036718136193820694
2011-05-23,62596,62596,61658,62345,3273626624,-0.004009840884401594
2011-05-24,62350,63414,62350,63336,3840878080,0.015895420643195157
2011-05-25,63328,63857,63024,63388,3455074560,0.0008210180623973162
2011-05-26,63388,64121,63231,64098,5235373056,0.01120085820660055
2011-05-27,64100,64548,64092,64294,3788254208,0.0030578177166213916
2011-05-30,64294,64460,63914,63953,1206268544,-0.005303760848601735
2011-05-31,63960,64620,63931,64620,5093189120,0.010429534189170253
2011-06-01,64616,64673,63401,63411,4661256704,-0.01870937790157845
2011-06-02,63410,64218,63277,64218,4523717120,0.012726498557032784
2011-06-03,64216,64978,63628,64340,4755500032,0.0018997788781960345
2011-06-06,64340,64512,62959,63067,3769579776,-0.01978551445446064
2011-06-07,63071,63784,63071,63217,4451059200,0.0023784229470245055
2011-06-08,63204,63353,62709,63032,3965725952,-0.0029264280177799806
2011-06-09,63036,63772,62872,63468,4174013696,0.006917121462114428
2011-06-10,63470,63478,62495,62697,3793149440,-0.01214785403667995
2011-06-13,62701,62967,62021,62022,3029845504,-0.010766065361978994
2011-06-14,62023,62697,62023,62204,3695302400,0.002934442617135824
2011-06-15,62198,62198,61448,61603,5200180736,-0.009661758086296657
2011-06-16,61602,62040,60489,60880,4198354432,-0.011736441407074305
2011-06-17,60882,61268,60565,61059,4030380544,0.0029402102496713933
2011-06-20,61059,61571,60783,61168,3913043712,0.0017851586170751776
2011-06-21,61187,61542,61178,61423,3430872320,0.004168846455663067
2011-06-22,61420,61858,61194,61194,4074251264,-0.003728245119906215
2011-06-24,61191,61458,60920,61016,3087307008,-0.002908781906722835
2011-06-27,61017,61456,60771,61216,3352280576,0.003277828766225177
2011-06-28,61216,62308,61216,62303,4040785920,0.017756795608991016
2011-06-29,62303,62624,62032,62333,5114359296,0.0004815177439287943
2011-06-30,62337,62574,61959,62403,3935979264,0.0011230006577576113
2011-07-01,62403,63454,62148,63394,5507518976,0.015880646763777317
2011-07-04,63396,63891,63314,63891,1848668160,0.007839858661703003
2011-07-05,63886,63886,63030,63038,3690846208,-0.013350863188868578
2011-07-06,63038,63038,62390,62565,3328164864,-0.007503410641200525
2011-07-07,62573,63206,62207,62207,3886252032,-0.005722049068968227
2011-07-08,62206,62206,61366,61513,3619504384,-0.011156300737859115
2011-07-11,61501,61501,60098,60223,3780418560,-0.020971176824411075
2011-07-12,60219,60516,59704,59704,4198472960,-0.008617969878617848
2011-07-13,59717,60846,59717,60669,5084411392,0.016163071151011676
2011-07-14,60672,60684,59451,59679,5061476864,-0.016318053701231294
2011-07-15,59679,60104,59180,59478,4122170368,-0.0033680189011210393
2011-07-18,59478,59479,58630,58837,4441709056,-0.010777094051582115
2011-07-19,58837,59394,58676,59082,3850648320,0.004164046433366764
2011-07-20,59094,59551,59044,59119,3855350272,0.0006262482651231416
2011-07-21,59120,60441,59119,60262,4315413504,0.01933388589116869
2011-07-22,60263,60696,60076,60270,3674811904,0.00013275364242804066
2011-07-25,60263,60285,59639,59970,3518457600,-0.004977600796416182
2011-07-26,59972,60204,59261,59339,4523716096,-0.010521927630481875
2011-07-27,59336,59336,58168,58288,5033077248,-0.017711791570467983
2011-07-28,58297,59166,58290,58708,4491959808,0.0072055997804008065
2011-07-29,58703,58952,58009,58823,5066284544,0.001958847175853373
2011-08-01,58823,59541,58167,58535,4158959104,-0.0048960440643965875
2011-08-02,58525,58673,57258,57310,5170096128,-0.020927650123857555
2011-08-03,57318,57352,55249,56017,6529698304,-0.022561507590298402
2011-08-04,55999,55999,52628,52811,7936740352,-0.057232625810021975
2011-08-05,52811,53865,51152,52949,7162632192,0.0026130919694760113
2011-08-08,52938,52938,47793,48668,7838327296,-0.08085138529528413
2011-08-09,48670,51150,48666,51150,8514081280,0.05099860277800605
2011-08-10,51150,52163,49946,51395,6676097536,0.004789833822091971
2011-08-11,51398,53723,51398,53343,6831079936,0.03790251970035996
2011-08-12,53343,53642,52649,53473,5648470016,0.0024370582831860776
2011-08-15,53478,54967,53474,54651,4430785536,0.022029809436538095
2011-08-16,54651,54651,53539,54323,4599262720,-0.006001720005123445
2011-08-17,54323,55073,53827,55073,5337313792,0.01380630672091021
2011-08-18,55036,55036,52246,53134,5785161728,-0.035207815081800486
2011-08-19,53135,53601,52335,52447,4717230592,-0.01292957428388597
2011-08-22,52471,53552,52397,52440,3726737664,-0.00013346807253034054
2011-08-23,52439,53786,51853,53786,4689299456,0.02566742944317313
2011-08-24,53786,54279,52992,53795,4486923776,0.00016732978842082247
2011-08-25,53796,54155,52677,52953,4169250048,-0.0156520122687982
2011-08-26,52955,53597,51971,53350,4074112256,0.007497214510981509
2011-08-29,53356,55026,53356,54860,4186078720,0.02830365510777888
2011-08-30,54860,55768,54424,55385,4137929472,0.009569814072183824
2011-08-31,55399,56495,55399,56495,5553046016,0.020041527489392363
2011-09-01,56498,58589,56498,58118,7775173632,0.028728206035932402
2011-09-02,58113,58113,56301,56531,5749946880,-0.02730651433290887
2011-09-05,56520,56520,54817,54998,2678641152,-0.027117864534503155
2011-09-06,54998,56676,54121,56607,5105538560,0.029255609294883467
2011-09-08,56608,58241,56608,57623,5030019072,0.017948310279647384
2011-09-09,57614,57614,55527,55778,4355412992,-0.03201846484910542
2011-09-12,55772,55792,54309,55685,4202817024,-0.0016673240345655982
2011-09-13,55690,56336,55166,55543,4014857984,-0.002550058364011898
2011-09-14,55543,56776,55089,56286,5017935360,0.013377023207244765
2011-09-15,56287,57161,56196,56381,4048223232,0.0016878086913263424
2011-09-16,56381,57210,56257,57210,3826641408,0.014703534878771185
2011-09-19,57208,57208,56059,57102,4856999424,-0.001887781856318771
2011-09-20,57104,57619,56378,56378,4965257728,-0.012679065531855271
2011-09-21,56381,57599,55914,55981,5376295936,-0.007041753875625223
2011-09-22,55980,55980,52706,53280,6556459520,-0.04824851288830134
2011-09-23,53272,53855,52754,53230,4864332288,-0.0009384384384384381
2011-09-26,53242,53872,52398,53747,4027446272,0.009712568100695096
2011-09-27,53751,54992,53751,53920,4379685376,0.003218784304240163
2011-09-28,53921,54796,53257,53270,4099569408,-0.012054896142433269
2011-09-29,53276,54207,52848,53384,4144459520,0.002140041299042661
2011-09-30,53384,53384,51897,52324,5054633984,-0.019856136670163393
2011-10-03,52319,52319,50791,50791,5093403648,-0.02929821879061234
2011-10-04,50789,50789,49432,50686,6375775744,-0.0020672953869780297
2011-10-05,50682,51198,50209,51013,4596045824,0.0064514856173303325
2011-10-06,51015,52728,51015,52290,5087503872,0.025032834767608314
2011-10-07,52290,52891,50901,51243,4401433600,-0.020022948938611562
2011-10-10,51243,53293,51243,53273,4014095616,0.039615166949632075
2011-10-11,53270,54113,52819,53838,5070894592,0.010605747752144623
2011-10-13,53836,54751,53308,54601,6583303168,0.014172146067833236
2011-10-14,54602,55179,54447,55030,4548969472,0.007856998956063066
2011-10-17,55021,55021,53535,53911,4343683072,-0.0203343630746865
2011-10-18,53915,55224,53188,55031,4928751616,0.020774980987182667
2011-10-19,55037,55244,54483,54966,4829578240,-0.0011811524413511965
2011-10-20,54953,54953,53609,54009,4459666944,-0.017410763017137842
2011-10-21,54013,55504,54013,55255,4025439744,0.0230702290359015
2011-10-24,55259,57225,55259,56891,5532780544,0.029608180255180416
2011-10-25,56884,56884,55769,56285,4495283712,-0.010651948462850003
2011-10-26,56305,57333,56248,57143,4636838912,0.015243848272186167
2011-10-27,57145,59901,57145,59270,8170926592,0.0372224069439826
2011-10-28,59270,59668,58759,59513,5082880000,0.004099881896406199
2011-10-31,59512,59512,58093,58338,4826559488,-0.019743585435115008
2011-11-01,58300,58300,56099,57322,5573350912,-0.017415749597175068
2011-11-03,57326,58481,57326,58196,5319463424,0.015247200027912466
2011-11-04,58185,58804,57546,58669,4121272832,0.008127706371571897
2011-11-07,58669,59440,58645,59198,3827237888,0.009016686836319066
2011-11-08,59205,59616,58505,59026,3873266944,-0.0029055035643096305
2011-11-09,59010,59010,57201,57549,4791152640,-0.025022871277064374
2011-11-10,57560,58313,57294,57321,3626775040,-0.003961841213574568
2011-11-11,57324,58747,57324,58546,3703241472,0.02137087629315615
2011-11-14,58538,58716,58013,58258,2981882112,-0.004919208827246946
2011-11-16,58255,58877,57784,58559,4867389952,0.005166672388341453
2011-11-17,58549,58555,56663,56988,5512978432,-0.026827643914684285
2011-11-18,56988,57477,56417,56731,4199215104,-0.004509721344844508
2011-11-21,56721,56721,55504,56284,5433956864,-0.007879289982549276
2011-11-22,56289,56570,55608,55878,4438863872,-0.007213417667543132
2011-11-23,55878,55878,54812,54972,4287778816,-0.016213894555996977
2011-11-24,54978,55519,54537,55279,2197890816,0.005584661282107328
2011-11-25,55270,55609,54741,54894,3165313792,-0.006964670127896699
2011-11-28,54899,56443,54899,56017,3831754240,0.020457609210478456
2011-11-29,56027,56363,55299,55299,4511660544,-0.01281753753324888
2011-11-30,55307,57591,55307,56874,7901541888,0.028481527694895092
2011-12-01,56876,58302,56876,58143,5712290816,0.02231248021943233
2011-12-02,58146,58979,57618,57885,5042928128,-0.004437335534802078
2011-12-05,57893,59244,57893,58910,4760928256,0.017707523538049497
2011-12-06,58909,59575,58496,59536,3867677184,0.010626379222542948
2011-12-07,59533,59534,58580,58662,4542273536,-0.014680193496371952
2011-12-08,58664,59216,57259,57455,5058612224,-0.02057550032388944
2011-12-09,57455,58540,57455,58236,3617500160,0.013593246888869537
2011-12-12,58234,58234,56838,57346,3726380032,-0.015282643038670218
2011-12-13,57355,58153,57333,57494,4744615424,0.0025808251665329074
2011-12-14,57495,57495,56646,56646,6602332672,-0.014749365151146221
2011-12-15,56646,57332,56232,56331,4712174592,-0.005560851604702877
2011-12-16,56334,56823,56086,56096,3979983872,-0.004171770428360921
2011-12-19,56100,56375,55298,55298,4106157568,-0.014225613234455259
2011-12-20,55301,56864,55301,56864,4722338816,0.02831928822018881
2011-12-21,56864,56864,56046,56653,3907792384,-0.0037106077658976
2011-12-22,56655,57459,56557,57347,3705140992,0.012250013238486845
2011-12-23,57347,57791,57347,57701,3002233344,0.006172947146319663
2011-12-26,57701,57856,57669,57669,943692864,-0.0005545831094782017
2011-12-27,57665,58110,57610,58005,2518485504,0.005826353846954069
2011-12-28,58006,58010,56447,56533,2883864576,-0.025377122661839446
2011-12-29,56533,56945,56312,56754,3862524928,0.003909221162860632
2012-01-02,56755,57993,56649,57829,3340276736,0.018941396201148875
2012-01-03,57835,59288,57835,59264,5139448320,0.024814539417939097
2012-01-04,59263,59518,58557,59364,4220530688,0.0016873650107991356
2012-01-05,59353,59353,57962,58546,4474779648,-0.01377939491947977
2012-01-06,58564,59260,58355,58600,3528678656,0.0009223516551088995
2012-01-09,58601,59220,58598,59082,3634138368,0.0082252559726963
2012-01-10,59089,60111,59089,59805,4881573888,0.012237229613080158
2012-01-11,59798,60093,59422,59962,4199942400,0.0026251985619931695
2012-01-12,59965,60503,59586,59920,4610727424,-0.0007004436142890036
2012-01-13,59917,59917,58874,59146,5362235392,-0.012917222963951924
2012-01-16,59146,59981,59146,59956,3423047424,0.013694924424305865
2012-01-17,59961,60890,59961,60645,5131957248,0.011491760624458003
2012-01-18,60643,61722,60610,61722,5602003456,0.01775908978481322
2012-01-19,61726,62181,61565,61926,5590263808,0.0033051424127539253
2012-01-20,61932,62312,61592,62312,4427976704,0.006233246132480774
2012-01-23,62311,62693,61908,62386,4873352704,0.0011875722172294267
2012-01-24,62386,62535,61666,62486,5405030912,0.001602923732888728
2012-01-26,62486,63804,62485,62953,6402436096,0.0074736741029990394
2012-01-27,62954,63263,62769,62904,4808527360,-0.0007783584578971992
2012-01-30,62901,62901,61989,62770,4805518848,-0.002130230192038618
2012-01-31,62772,63393,62663,63072,7208447488,0.004811215548829129
2012-02-01,63085,64567,63085,64567,7722681856,0.02370306950786394
2012-02-02,64568,64854,64224,64593,6426820608,0.0004026824848606392
2012-02-03,64588,65619,64136,65217,6199900672,0.009660489526728933
2012-02-06,65216,65229,64743,65223,3801511680,9.200055200331292e-05
2012-02-07,65213,65944,64800,65917,6393153024,0.010640418257363171
2012-02-08,65917,66383,65647,65831,6385478656,-0.001304671025683768
2012-02-09,65831,66323,65188,65530,5731732480,-0.00457231395543134
2012-02-10,65525,65525,63879,63997,7544730624,-0.023393865405157976
2012-02-13,63998,65713,63998,65691,5621241856,0.02646999078081791
2012-02-14,65699,65855,64825,65038,5966730240,-0.009940478908830763
2012-02-15,65041,66003,65041,65368,7372112896,0.005073956763738119
2012-02-16,65364,66161,64798,66141,6748980224,0.011825357973320294
2012-02-17,66158,66561,65823,66203,5102225408,0.0009373913306420789
2012-02-22,66204,66290,65850,66092,3915094272,-0.001676661178496408
2012-02-23,66084,66328,65589,65819,5067090944,-0.004130605822187272
2012-02-24,65819,66335,65819,65942,4817670144,0.001868761299928634
2012-02-27,65938,65953,65067,65241,4513538560,-0.01063055412332048
2012-02-28,65244,66152,65240,65958,5405730816,0.010990021612176326
2012-02-29,65970,66661,65532,65811,6204744192,-0.0022286909851724213
2012-03-01,65811,66930,65811,66809,5030058496,0.015164638130403807
2012-03-02,66810,67790,66810,67781,5067331072,0.014548938017332924
2012-03-05,67782,67782,66755,66964,4837449216,-0.012053525324205894
2012-03-06,66962,66962,64892,65114,5723196416,-0.027626784540947358
2012-03-07,65123,66052,65123,66016,5603536384,0.013852627699112219
2012-03-08,66032,67271,66032,66908,5923113984,0.013511875908870596
2012-03-09,66908,67419,66679,66703,4972917760,-0.0030639086506845103
2012-03-12,66686,66686,65965,66384,4447060480,-0.004782393595490486
2012-03-13,66385,68419,66385,68394,6544528384,0.030278380332610322
2012-03-14,68386,68969,67797,68257,5912063488,-0.0020030996871071016
2012-03-15,68259,68259,67458,67749,5413188608,-0.007442460113980975
2012-03-16,67749,68152,67504,67684,5320874496,-0.0009594237553322005
2012-03-19,67684,68159,67546,67730,4651073024,0.0006796288635424474
2012-03-20,67724,67724,66704,67295,4409698304,-0.0064225601653624675
2012-03-21,67297,67436,66762,66860,3887977728,-0.006464076082918546
2012-03-22,66860,66860,65534,65828,5302146048,-0.015435237810349944
2012-03-23,65831,66252,65576,65812,4937386496,-0.00024305766543109009
2012-03-26,65817,66775,65817,66684,4106345984,0.013249863246824312
2012-03-27,66682,66967,65924,66037,5270799872,-0.009702477355887473
2012-03-28,66031,66031,64819,65079,5250755072,-0.014507018792495163
2012-03-29,65074,65074,64095,64871,5706014720,-0.0031961154904039946
2012-03-30,64875,65363,64245,64510,6304407552,-0.005564890320790439
2012-04-02,64514,65593,64198,65216,5617869824,0.01094403968376989
2012-04-03,65217,65530,64015,64284,4798699008,-0.014290971540726227
2012-04-04,64301,64301,63450,63528,5314060288,-0.011760313608362938
2012-04-05,63518,64298,63383,63691,4780295680,0.0025657977584687686
2012-04-09,63690,63690,62461,62923,3426871808,-0.01205821858661349
2012-04-10,62922,62922,61343,61738,5744597504,-0.01883254136007506
2012-04-11,61741,62356,61291,61293,5406888448,-0.007207878454112526
2012-04-12,61300,63061,61300,63058,6506595840,0.028796110485699744
2012-04-13,63039,63039,61777,62105,5834151936,-0.015113070506517778
2012-04-16,62119,62688,61465,61954,4864065024,-0.0024313662346027165
2012-04-17,61959,62961,61959,62698,5267979776,0.012008909836330073
2012-04-18,62695,63243,62429,63010,7131745280,0.004976235286612063
2012-04-19,63007,63274,62478,62618,4134122752,-0.0062212347246468624
2012-04-20,62620,63369,62430,62494,4015104256,-0.001980261266728456
2012-04-23,62494,62494,60897,61539,4228768000,-0.015281467020833994
2012-04-24,61536,62000,61380,61971,4412280320,0.007019938575537399
2012-04-25,61988,62440,61327,61750,6247967744,-0.0035661841829243146
2012-04-26,61750,62282,61032,62198,6154152448,0.007255060728744933
2012-04-27,62202,62486,61666,61691,4522361856,-0.008151387504421348
2012-04-30,61691,61900,61230,61820,3812899840,0.0020910667682481066
2012-05-02,61820,62502,61593,62423,5942560256,0.009754124878680104
2012-05-03,62426,62782,61731,62104,5423450112,-0.005110295884529714
2012-05-04,62103,62166,60438,60820,8209096704,-0.0206749967795955
2012-05-07,60801,61299,60391,61220,5032641536,0.006576783952647158
2012-05-08,61217,61217,59871,60365,5526435840,-0.013966024175106173
2012-05-09,60345,60345,59198,59786,5206340608,-0.009591650791021311
2012-05-10,59795,60751,59636,59702,4562755584,-0.0014050112066370524
2012-05-11,59702,60340,59138,59445,4498840576,-0.00430471340993599
2012-05-14,59443,59443,57538,57539,4713701376,-0.03206325174531077
2012-05-15,57539,58024,56144,56237,6074189312,-0.022628130485409903
2012-05-16,56245,57693,55415,55887,6738364928,-0.006223660579333878
2012-05-17,55886,56295,54038,54038,6325415936,-0.03308461717394029
2012-05-18,54032,54913,53856,54513,6902921216,0.008790110662866946
2012-05-21,54515,56678,54515,56590,6064240128,0.03810100343037437
2012-05-22,56586,56586,54886,55038,5647328768,-0.027425340166107093
2012-05-23,55038,55051,53028,54619,6659650560,-0.00761292198117669
2012-05-24,54619,54819,53176,54063,5742563328,-0.010179607828777582
2012-05-25,54061,54970,53846,54463,4248263424,0.007398775502654331
2012-05-28,54466,55608,54466,55212,2382997248,0.013752455795677854
2012-05-29,55213,55763,54554,54633,4849277952,-0.01048685068463373
2012-05-30,54632,54632,53382,53797,5032813568,-0.015302106785276326
2012-05-31,53804,54508,53089,54490,7151964672,0.01288175920590362
2012-06-01,54488,54488,53086,53402,4795028992,-0.019966966415856158
2012-06-04,53407,53959,53367,53416,3807207424,0.00026216246582522196
2012-06-05,53413,53917,52481,52481,3843472384,-0.01750411861614498
2012-06-06,52486,54194,52486,54156,5715733504,0.031916312570263505
2012-06-08,54149,54432,53684,54429,4273997312,0.005040992687790791
2012-06-11,54434,55400,53904,54001,4160205568,-0.007863455143397813
2012-06-12,54001,55049,53906,55049,4552874496,0.01940704801762938
2012-06-13,55041,55988,54523,55650,6365110272,0.01091754618612506
2012-06-14,55641,55768,54952,55351,5065327104,-0.005372866127583142
2012-06-15,55349,56104,55202,56104,6953573888,0.013604090260338486
2012-06-18,56066,56578,55486,56195,5016227840,0.0016219877370597935
2012-06-19,56210,57567,56210,57195,6353594880,0.017795177506895632
2012-06-20,57196,57611,56528,57166,5150813184,-0.0005070373284378205
2012-06-21,57162,57218,55505,55505,4320755200,-0.029055732428366565
2012-06-22,55518,56019,55083,55439,3530043904,-0.0011890820646788258
2012-06-25,55405,55405,53694,53805,3649268480,-0.029473836108154905
2012-06-26,53805,54193,53397,53836,4886600192,0.0005761546324691835
2012-06-27,53837,54005,53083,53108,4672814080,-0.0135225499665651
2012-06-28,53106,53305,52271,52652,4437688320,-0.00858627702041126
2012-06-29,52656,54354,52656,54354,5008315392,0.032325457722403694
2012-07-02,54355,54753,53960,54692,3827136000,0.006218493579129403
2012-07-03,54703,56228,54703,55780,5963673600,0.019893220215022378
2012-07-04,55780,56322,55485,56076,2200187136,0.005306561491573936
2012-07-05,56083,56943,55828,56379,5113703936,0.005403381125615336
2012-07-06,56376,56376,54967,55394,4055880448,-0.017471044183117845
2012-07-10,55392,55588,53667,53705,4978849280,-0.030490666859226634
2012-07-11,53708,54135,53232,53569,4353671168,-0.0025323526673494134
2012-07-12,53563,53615,52489,53420,4351228416,-0.002781459426160704
2012-07-13,53421,54427,53420,54330,4490873856,0.017034818420067488
2012-07-16,54315,54418,53215,53401,4174019072,-0.017099208540401256
2012-07-17,53402,54037,53118,53909,3800482048,0.009512930469466774
2012-07-18,53908,54587,53551,54583,3681465600,0.012502550594520434
2012-07-19,54587,55490,54587,55346,4236803584,0.013978711320374426
2012-07-20,55337,55337,54137,54194,4514684416,-0.02081451234054854
2012-07-23,54183,54183,52212,53033,4277157632,-0.021423035760416265
2012-07-24,53037,53416,52399,52638,4838458880,-0.007448192634774586
2012-07-25,52658,53232,52345,52607,3857754112,-0.0005889281507656108
2012-07-26,52638,54126,52638,54002,5707421184,0.026517383618149593
2012-07-27,54024,57046,54024,56553,7478838272,0.04723899114847607
2012-07-30,56550,57240,56089,57240,4374046720,0.012147896663307067
2012-07-31,57242,57465,56097,56097,5431022592,-0.01996855345911952
2012-08-02,56288,56288,55239,55520,4536699392,-0.01028575503146334
2012-08-03,55523,57399,55523,57255,5165604864,0.03125
2012-08-06,57255,58995,56893,58344,5453827072,0.019020172910662714
2012-08-07,58342,59316,57678,57725,5421967872,-0.010609488550665014
2012-08-08,57723,58963,57603,58950,5617867776,0.021221307925508803
2012-08-09,58949,59201,58115,58797,4399352320,-0.002595419847328251
2012-08-10,58774,59365,58127,59280,4763394560,0.00821470483187925
2012-08-13,59280,59543,58600,59122,3818058752,-0.002665317139001311
2012-08-14,59122,59605,57903,58082,5324443136,-0.017590744562091976
2012-08-15,58082,58374,57630,58189,6320315392,0.001842223063944104
2012-08-16,58190,59543,58190,59445,5102378496,0.02158483562185287
2012-08-17,59443,59822,58943,59082,4478265344,-0.006106484986121652
2012-08-20,59082,59462,58629,59283,4657510400,0.0034020513862089707
2012-08-21,59297,60208,58684,58917,5692257280,-0.00617377663073726
2012-08-22,58917,59584,58442,59380,5303009280,0.007858512823124109
2012-08-23,59381,59381,58145,58511,5118611968,-0.014634557089929223
2012-08-24,58510,58750,57833,58425,4870664192,-0.0014698090957255827
2012-08-27,58424,58461,57852,58111,3584215040,-0.005374411638853216
2012-08-28,58108,58745,57976,58406,3946337536,0.005076491542048922
2012-08-29,58413,58552,57060,57369,5506267136,-0.01775502516864702
2012-08-30,57365,57507,56900,57256,4353782784,-0.0019697048928863925
2012-08-31,57257,57834,56719,57061,7699119616,-0.0034057566019282115
2012-09-03,57065,57456,56954,57281,2980942592,0.003855523036750075
2012-09-04,57272,57272,56202,56233,4675443712,-0.018295769976082843
2012-09-05,56236,56904,56236,56863,4516382720,0.011203385912186725
2012-09-06,56868,58328,56868,58321,5651690496,0.025640574714665076
2012-09-10,58324,59420,58324,58404,6681859584,0.0014231580391281806
2012-09-11,58404,59514,58404,59422,5845011968,0.017430312992260832
2012-09-12,59428,60135,59205,59921,8284045312,0.008397563192083846
2012-09-13,59920,62116,59629,61958,9573039104,0.03399475976702648
2012-09-14,61954,63428,61823,62105,10502777856,0.0023725749701410948
2012-09-17,62105,62691,61551,61805,7064411136,-0.004830528942919243
2012-09-18,61805,62131,61446,61804,5240284160,-1.6179920718339957e-05
2012-09-19,61806,62514,61518,61651,5660663296,-0.0024755679244061746
2012-09-20,61651,61908,60960,61687,4966519808,0.000583932134109677
2012-09-21,61694,62223,61300,61320,5001259008,-0.005949389660706461
2012-09-24,61319,61931,61075,61909,5703311360,0.009605348988910523
2012-09-25,61913,61947,60357,60501,6887090176,-0.0227430583598508
2012-09-26,60506,60506,59724,60478,5182615552,-0.00038015900563626026
2012-09-27,60482,60888,59876,60239,5323134976,-0.003951850259598544
2012-09-28,60239,60239,58864,59175,6627158528,-0.01766297581301146
2012-10-01,59171,60215,59171,59570,4613638144,0.006675116180819618
2012-10-02,59574,60090,59027,59222,4624015360,-0.005841866711431942
2012-10-03,59222,59483,58541,58627,4554063360,-0.010046942014791838
2012-10-04,58627,59002,58104,58458,5049572352,-0.002882630869735836
2012-10-05,58460,59440,58414,58571,5053081600,0.0019330117349207754
2012-10-08,58571,59317,58169,59317,4323961856,0.012736678561062531
2012-10-09,59318,59696,58615,58939,4942926848,-0.00637254075560123
2012-10-10,58944,59319,58340,58456,4236844032,-0.008194913385025204
2012-10-11,58460,59359,58460,59161,4446273024,0.012060353086081887
2012-10-15,59164,59757,58789,59601,5099885056,0.0074373320261658105
2012-10-16,59602,60411,59484,59743,5883283456,0.0023825103605643605
2012-10-17,59742,60397,59682,60087,6573536256,0.005757996752757677
2012-10-18,60087,60087,59321,59733,5590466048,-0.005891457386789201
2012-10-19,59701,59846,58782,58922,4785861632,-0.01357708469355301
2012-10-22,58924,59204,58540,58700,4005842432,-0.0037676928821153144
2012-10-23,58678,58678,57387,57690,5078330880,-0.017206132879046043
2012-10-24,57685,57985,57158,57160,4366479360,-0.009187034148032569
2012-10-25,57160,58273,57160,57836,4913750528,0.01182645206438071
2012-10-26,57833,57833,57060,57276,4410229760,-0.009682550660488287
2012-10-29,57266,57266,56580,57176,2425205760,-0.0017459319784901561
2012-10-30,57178,57763,57178,57683,2260851968,0.00886735693297891
2012-10-31,57682,57935,56929,57068,4390023680,-0.01066172009084132
2012-11-01,57065,58382,56959,58382,4824526336,0.023025162963482115
2012-11-05,58374,58374,57550,58209,4076004352,-0.0029632420951662963
2012-11-06,58220,59560,58173,59458,4779409920,0.021457162981669553
2012-11-07,59460,59460,58274,58517,4523812352,-0.01582629755457632
2012-11-08,58522,59007,57420,57524,4998778368,-0.016969427687680505
2012-11-09,57516,58108,56861,57357,4845650944,-0.002903136082330837
2012-11-12,57357,57712,56987,57064,2918061312,-0.005108356434262551
2012-11-13,57048,57529,56593,57486,4648561152,0.007395205383429193
2012-11-14,57472,57472,56038,56279,4845608448,-0.020996416518804573
2012-11-16,56276,56276,55125,55402,4867762688,-0.015583077169103898
2012-11-19,55387,56666,55387,56450,4018793472,0.018916284610663858
2012-11-21,56453,56789,55946,56242,5332737536,-0.003684676705048684
2012-11-22,56245,56642,56242,56436,2545491712,0.0034493794673020606
2012-11-23,56438,57574,56247,57574,3943871744,0.02016443404918844
2012-11-26,57571,57572,56501,56737,3865581312,-0.014537812206898981
2012-11-27,56737,57419,56248,56248,4851922944,-0.008618714419162066
2012-11-28,56205,56590,55685,56539,4992877056,0.005173517280614437
2012-11-29,56562,57852,56562,57852,5037060096,0.023222908081147464
2012-11-30,57845,58030,56704,57474,7947828224,-0.0065339141257000355
2012-12-03,57479,58332,57479,58202,5194108416,0.012666597069979524
2012-12-04,58211,58519,57546,57563,5066296832,-0.010979004157932737
2012-12-05,57596,58126,57231,57678,5171170304,0.0019978110939318228
2012-12-06,57684,57860,57128,57656,4584986112,-0.0003814279274593213
2012-12-07,57656,58594,57635,58487,4178084352,0.014413070625780566
2012-12-10,58467,59248,58090,59248,4274971136,0.013011438439311407
2012-12-11,59257,59746,58950,59623,5514371584,0.006329327572238697
2012-12-12,59625,59858,59290,59474,6280094208,-0.002499035607064437
2012-12-13,59458,59968,59153,59316,5334599680,-0.002656623062178398
2012-12-14,59319,59824,59272,59604,5707248128,0.004855351001416208
2012-12-17,59604,59914,59322,59566,4976119296,-0.0006375411046238844
2012-12-18,59568,60538,59565,60460,4964908032,0.015008561931303177
2012-12-19,60460,61212,60395,60998,6629715456,0.008898445253059828
2012-12-20,60991,61276,60621,61276,4853843456,0.004557526476277829
2012-12-21,61270,61270,60221,61007,4914385408,-0.004389973235850886
2012-12-26,61002,61322,60860,60959,3649210368,-0.0007867949579556388
2012-12-27,60963,61191,60232,60415,3703230208,-0.008924030906018787
2012-12-28,60415,61066,60415,60952,4299083264,0.008888521062649923
2013-01-02,60990,62886,60990,62550,5823450624,0.02621735135844605
2013-01-03,62555,63472,62341,63312,5595627520,0.012182254196642761
2013-01-04,63314,63314,62414,62523,8113965056,-0.012462092494313848
2013-01-07,62523,62698,61639,61932,5591572992,-0.009452521472098296
2013-01-08,61932,62264,61080,61127,5634229248,-0.012998126977975866
2013-01-09,61128,61811,61102,61578,5276369920,0.00737808169875831
2013-01-10,61578,61947,61156,61678,6128320512,0.0016239566078795065
2013-01-11,61661,61682,61198,61497,6575114752,-0.0029345958040144504
2013-01-14,61511,62284,61511,62080,5287528960,0.009480137242467102
2013-01-15,62078,62151,61694,61727,5174961664,-0.005686211340206193
2013-01-16,61725,61787,61241,61787,4223801600,0.0009720219676965236
2013-01-17,61806,62309,61683,62194,5149412352,0.006587146163432367
2013-01-18,62196,62395,61822,61956,5210741248,-0.0038267356979773126
2013-01-21,61962,62051,61804,61899,2854704128,-0.0009200077474336155
2013-01-22,61904,61995,61534,61692,4603848704,-0.0033441574177288658
2013-01-23,61692,61969,61542,61966,4500313088,0.004441418660442231
2013-01-24,61965,62249,60838,61169,5394110464,-0.012861892005293196
2013-01-28,61177,61312,59921,60027,5480742912,-0.018669587536170318
2013-01-29,60027,60427,59757,60406,5261429760,0.006313825445216414
2013-01-30,60404,60404,59305,59336,7059853312,-0.017713472171638545
2013-01-31,59344,59771,59114,59761,6955569664,0.007162599433733208
2013-02-01,59764,60496,59742,60351,5312094208,0.009872659426716446
2013-02-04,60350,60350,59256,59575,5021566976,-0.012858113370118107
2013-02-05,59575,59974,59132,59444,6953744896,-0.0021989089383130933
2013-02-06,59441,59582,58587,58951,5448044544,-0.008293519951551032
2013-02-07,58936,59435,58115,58372,6265827328,-0.009821716340689735
2013-02-08,58374,58638,58024,58497,5034828800,0.0021414376755979347
2013-02-13,58494,58754,58251,58405,3794300416,-0.0015727302254816555
2013-02-14,58405,58405,57750,58077,3782529536,-0.0056159575378820215
2013-02-15,58075,58352,57801,57903,5270926336,-0.002996022521824515
2013-02-18,57905,57929,57420,57613,3769329408,-0.00500837607723259
2013-02-19,57619,58060,57233,57314,5499099136,-0.005189800912988374
2013-02-20,57312,57568,56034,56177,6132424704,-0.019838084935617784
2013-02-21,56152,56227,55430,56154,6474429440,-0.00040942022535916944
2013-02-22,56158,56742,56106,56697,6914479104,0.009669836520995734
2013-02-25,56697,57157,56418,56617,5887349248,-0.0014110094008501495
2013-02-26,56616,57007,56047,56948,6315600384,0.0058463005810975854
2013-02-27,56948,57402,56684,57273,6106004992,0.0057069607361102115
2013-02-28,57273,57798,56925,57424,6380669440,0.0026364953817681336
2013-03-01,57422,57422,56525,56883,5540350976,-0.009421147952075826
2013-03-04,56877,56877,56067,56499,5039776256,-0.006750698802805766
2013-03-05,56508,57226,55950,55950,5879427072,-0.009716986141347639
2013-03-06,55953,58149,55953,57940,7263226880,0.03556747095621082
2013-03-07,57939,59472,57939,58846,7883593216,0.015636865723161808
2013-03-08,58841,59031,58128,58432,5618068992,-0.00703531251062095
2013-03-11,58440,58546,57800,58544,4681013248,0.00191675794085433
2013-03-12,58542,58709,58112,58208,4948723712,-0.005739273025416769
2013-03-13,58204,58410,57285,57385,5921766400,-0.014138949972512416
2013-03-14,57385,57850,56722,57281,5883227136,-0.0018123202927594617
2013-03-15,57274,57532,56805,56869,6650491904,-0.0071926118608264256
2013-03-18,56868,57151,56139,56972,4860339712,0.0018111800805360456
2013-03-19,56972,57037,56099,56361,5308212224,-0.010724566453696571
2013-03-20,56360,56396,55831,56030,5600786944,-0.005872855343233785
2013-03-21,56025,56043,55382,55576,5054192640,-0.008102802070319437
2013-03-22,55576,55893,55097,55243,4529055744,-0.005991795019432811
2013-03-25,55250,55450,54647,54873,4646725632,-0.006697681154173352
2013-03-26,54878,55763,54878,55671,4191874048,0.014542671259089257
2013-03-27,55648,56177,55129,56034,4158117120,0.00652045050385297
2013-03-28,56035,56373,55873,56352,5062928384,0.0056751258164686735
2013-04-01,56348,56348,55896,55902,3550232064,-0.007985519591141355
2013-04-02,55900,56257,54809,54889,4752847872,-0.018120997459840416
2013-04-03,54888,55573,54739,55562,5793782784,0.012261108783180541
2013-04-04,55562,55579,54432,54648,5180683776,-0.016450091789352417
2013-04-05,54646,55226,53794,55050,5802498048,0.007356170399648754
2013-04-08,55048,55136,54333,55092,4977190912,0.0007629427792914534
2013-04-09,55100,56304,55100,55912,6878502912,0.014884193712335625
2013-04-10,55913,56975,55913,56186,7000232960,0.004900558019745205
2013-04-11,56189,56283,55173,55400,4926019584,-0.01398924999110096
2013-04-12,55398,55530,54458,54962,5653062656,-0.00790613718411548
2013-04-15,54951,54951,52949,52949,5824322048,-0.03662530475601322
2013-04-16,52952,54095,52952,53990,4761066496,0.019660427958979376
2013-04-17,53984,53984,52540,52881,8188449792,-0.020540840896462353
2013-04-18,52886,53473,52391,53165,5342694400,0.005370548968438582
2013-04-19,53168,54017,53168,53928,4640235520,0.014351547070441173
2013-04-22,53926,54297,53419,54297,4539491328,0.0068424566088116645
2013-04-23,54301,55282,54164,54884,5319739392,0.010810910363371784
2013-04-24,54875,55546,54722,54984,6077781504,0.0018220246337730117
2013-04-25,54989,55543,54792,54963,5642336256,-0.0003819292885203218
2013-04-26,54963,55033,54146,54252,4939927040,-0.012935975110528908
2013-04-29,54253,55335,54253,54887,5551487488,0.011704637617046432
2013-04-30,54888,55910,54584,55910,7226853888,0.01863829322061683
2013-05-02,55918,55918,55103,55321,5762919424,-0.01053478805222674
2013-05-03,55329,56366,55329,55488,7729036288,0.0030187451419894096
2013-05-06,55487,55541,54651,55429,5916298240,-0.0010632929642445665
2013-05-07,55428,56450,55206,56274,5536619008,0.015244727489220455
2013-05-08,56280,56813,55804,55804,5827190784,-0.008351992038952316
2013-05-09,55804,56071,54905,55447,4978959360,-0.006397390868038144
2013-05-10,55445,55445,54831,55107,5115050496,-0.00613198189261821
2013-05-13,55105,55105,54388,54447,4393331200,-0.011976699874788999
2013-05-14,54442,55029,54326,54666,5944773120,0.00402226017962426
2013-05-15,54667,55215,54487,54936,5772150272,0.004939084622983314
2013-05-16,54943,55538,54592,54772,5896881664,-0.002985291976117632
2013-05-17,54779,55489,54779,55164,5303787520,0.007156941502957759
2013-05-20,55161,55704,54630,55700,5454019584,0.009716481763468954
2013-05-21,55698,56265,55378,56265,5267205632,0.01014362657091561
2013-05-22,56268,57098,56036,56429,6244450304,0.00291477828134723
2013-05-23,56423,56423,55379,56349,5235585536,-0.0014177107515639387
2013-05-24,56349,56506,55901,56406,5986641408,0.001011553000053178
2013-05-27,56414,56562,56352,56395,1830971008,-0.00019501471474669962
2013-05-28,56399,56978,56008,56036,4877752832,-0.0063658125720365
2013-05-29,56032,56032,54634,54634,5647537152,-0.02501963023770437
2013-05-31,54632,54775,52942,53506,9752056832,-0.020646483874510402
2013-06-03,53512,53993,53143,53944,5558582272,0.008185997832018899
2013-06-04,53944,54289,53497,54017,5423474688,0.0013532552276434018
2013-06-05,54019,54206,52773,52798,6237168128,-0.02256696965770033
2013-06-06,52813,52937,52244,52884,5642754048,0.0016288495776355383
2013-06-07,52876,52876,51427,51618,6416934400,-0.02393918765600178
2013-06-10,51618,51835,51159,51316,4793100800,-0.005850672246115685
2013-06-11,51314,51314,49708,49769,6086230528,-0.03014654298854158
2013-06-12,49777,50380,48746,49180,7117693440,-0.011834676204062755
2013-06-13,49178,50444,48968,50414,6178802688,0.02509150061000409
2013-06-14,50415,50655,49329,49332,6031820800,-0.021462292220414958
2013-06-17,49336,50123,49074,49088,4749173760,-0.0049460796237735805
2013-06-18,49088,49550,48414,49464,5052733952,0.007659713168187698
2013-06-19,49456,49698,47838,47893,6230768128,-0.03176047226265566
2013-06-20,47884,48214,45929,48214,9441694720,0.006702440857745406
2013-06-21,48209,48209,46917,47056,7515129856,-0.02401792010619319
2013-06-24,47038,47038,45405,45965,6723313152,-0.023185141108466478
2013-06-25,45966,47119,45966,46893,5166213632,0.02018927444794949
2013-06-26,46903,47725,46903,47171,5109566976,0.005928390164843478
2013-06-27,47171,48053,47134,47609,4786460160,0.009285366008776608
2013-06-28,47609,47638,47058,47457,6826795008,-0.0031926736541409984
2013-07-01,47457,47674,46675,47229,4468393984,-0.004804349200328684
2013-07-02,47221,47221,44818,45228,6961885184,-0.04236803658768973
2013-07-03,45227,45826,44552,45044,5923616256,-0.004068276289024508
2013-07-04,45046,46097,45046,45763,3455128832,0.015962170322351588
2013-07-05,45756,45756,44107,45210,5905964032,-0.012083997989642326
2013-07-08,45211,45740,44838,45075,3809222400,-0.0029860650298606517
2013-07-10,45081,45955,45081,45483,4016182784,0.009051580698835382
2013-07-11,45493,46719,45493,46626,5215001600,0.02513026845194899
2013-07-12,46624,46624,45528,45533,3917819136,-0.023441856474928136
2013-07-15,45533,46839,45533,46738,3957168896,0.02646432257922826
2013-07-16,46748,47329,46416,46869,3821639168,0.0028028584877402007
2013-07-17,46869,47710,46869,47407,4797068800,0.011478802620068729
2013-07-18,47404,48056,47092,47656,4567098880,0.005252388887716952
2013-07-19,47650,47650,47163,47400,3328890368,-0.005371831458787946
2013-07-22,47407,48879,47407,48574,4413995008,0.024767932489451416
2013-07-23,48579,49379,48579,48819,4339529216,0.0050438506196730515
2013-07-24,48815,48887,47998,48374,4286181376,-0.009115303467912117
2013-07-25,48371,49122,48006,49066,4788366336,0.014305205275561228
2013-07-26,49068,49422,48632,49422,3883720960,0.007255533363225153
2013-07-29,49414,49461,48975,49212,3192476928,-0.00424911982517906
2013-07-30,49220,49669,48560,48561,5075748864,-0.013228480858327285
2013-07-31,48558,48823,48139,48234,4962139648,-0.006733798727373785
2013-08-01,48235,49281,48235,49140,5072446976,0.01878343077497191
2013-08-02,49140,49549,48448,48474,4218798592,-0.013553113553113505
2013-08-05,48477,48707,48263,48436,3283495424,-0.0007839254033089604
2013-08-06,48436,48522,47224,47421,5221059072,-0.020955487653811167
2013-08-07,47421,47665,47164,47446,4269670400,0.0005271925939984712
2013-08-08,47452,49230,47452,48928,5652643840,0.031235509842768572
2013-08-09,48948,50000,48835,49874,6324503552,0.019334532374100766
2013-08-12,49878,51380,49878,50299,7005163008,0.008521474114769223
2013-08-13,50298,50733,50040,50600,5927902720,0.0059842143979005336
2013-08-14,50593,51364,50414,50895,9826644992,0.0058300395256916104
2013-08-15,50880,51452,50049,50908,8589142528,0.00025542784163468113
2013-08-16,50906,51554,50800,51538,6921172992,0.012375265184253914
2013-08-19,51540,52089,51115,51574,7039586304,0.0006985137180333112
2013-08-20,51561,51561,50498,50507,5677196288,-0.02068871912203829
2013-08-21,50500,51170,50055,50405,6186677248,-0.0020195220464489516
2013-08-22,50408,51458,50408,51397,6445004288,0.019680587243328995
2013-08-23,51400,52197,51166,52197,5825127936,0.015565110804132587
2013-08-26,52199,52398,51429,51429,3925630976,-0.014713489280993142
2013-08-27,51425,51425,50017,50091,5481279488,-0.026016449862917845
2013-08-28,50091,50591,49530,49866,4730086912,-0.004491824878720685
2013-08-29,49866,50557,49845,49921,4454494208,0.0011029559218707075
2013-08-30,49932,50480,49648,50011,7439107072,0.0018028485006309491
2013-09-02,50012,51976,50012,51835,4546607104,0.03647197616524367
2013-09-03,51833,52289,51422,51625,5547951104,-0.004051316677920358
2013-09-04,51621,51829,51107,51716,4786850816,0.0017627118644067963
2013-09-05,51715,52498,51255,52351,5839852544,0.012278598499497306
2013-09-06,52353,54124,52353,53749,6123717120,0.026704360948214934
2013-09-09,53751,54531,53257,54251,7063203328,0.009339708645742295
2013-09-10,54252,54739,53769,53979,6733202432,-0.005013732465760978
2013-09-11,53982,54303,53307,53570,6417594880,-0.007577020693232517
2013-09-12,53570,53838,52945,53307,5573628928,-0.004909464252380036
2013-09-13,53311,53858,52917,53797,4589714432,0.009192038569043381
2013-09-16,53799,54462,53559,53821,4505842688,0.00044612153094036877
2013-09-17,53823,54271,53576,54271,4779327488,0.008361048661303272
2013-09-18,54272,55827,53981,55702,7196865536,0.0263676733430378
2013-09-19,55702,55900,54965,55095,5854216192,-0.010897274783670197
2013-09-20,55095,55242,54018,54110,4805149696,-0.017878210363916902
2013-09-23,54110,54682,54026,54602,4136856320,0.009092589170208942
2013-09-24,54600,54818,54163,54431,4906437632,-0.003131753415625771
2013-09-25,54425,54611,53967,54261,4295056896,-0.0031232202237695406
2013-09-26,54262,54344,53428,53782,3947248128,-0.008827703138534093
2013-09-27,53780,54131,53611,53738,4919615488,-0.0008181175858094081
2013-09-30,53736,53736,52290,52338,5872676864,-0.026052327961591404
2013-10-01,52337,53179,52093,53179,3984557824,0.016068630822729135
2013-10-02,53176,53473,52870,53100,3594319104,-0.0014855488068598044
2013-10-03,53101,53429,52296,52489,4228368128,-0.011506591337099858
2013-10-04,52488,52871,52113,52848,3950652416,0.006839528282116314
2013-10-07,52841,52912,52273,52417,3733064192,-0.008155464729034168
2013-10-08,52413,52555,51870,52312,4154139904,-0.0020031669114981554
2013-10-09,52312,52835,51955,52547,4790979584,0.004492277106591169
2013-10-10,52550,53132,52511,52996,4879055872,0.008544731383333115
2013-10-11,52999,53301,52738,53149,4035826688,0.0028870103404030623
2013-10-14,53149,54196,52833,54170,4559662592,0.019210145063877082
2013-10-15,54175,55190,54053,54980,6353162240,0.014952925973786169
2013-10-16,54983,56747,54901,55973,6849110016,0.018061113132048057
2013-10-17,55965,56167,55145,55358,5679689728,-0.010987440373037005
2013-10-18,55359,56052,55003,55378,5512567808,0.00036128472849461524
2013-10-21,55380,56109,55256,56077,4643662336,0.012622341001841786
2013-10-22,56074,56720,55897,56460,4983892992,0.006829894609198028
2013-10-23,56458,56458,55379,55440,4115123712,-0.018065887353878818
2013-10-24,55440,55864,54442,54877,4007510272,-0.01015512265512264
2013-10-25,54863,54910,54141,54154,4463574528,-0.013174918453997098
2013-10-28,54156,55076,54070,55073,5574842880,0.016970122243970875
2013-10-29,55075,55266,54223,54538,4879592448,-0.009714379096835146
2013-10-30,54540,54764,53917,54172,5330478080,-0.006710917158678331
2013-10-31,54174,54466,53602,54256,6114213888,0.0015506165546776973
2013-11-01,54255,54387,53752,54013,6054929408,-0.004478767325272748
2013-11-04,54014,54531,54008,54436,4559260672,0.007831447984744333
2013-11-05,54435,54538,53730,53831,5394122752,-0.011113968697185728
2013-11-06,53839,53856,53073,53384,5957224960,-0.008303765488287373
2013-11-07,53390,53890,52558,52740,6983518720,-0.012063539637344523
2013-11-08,52738,52867,51735,52248,6889367552,-0.009328782707622274
2013-11-11,52246,52645,52072,52623,3713871360,0.007177308222324319
2013-11-12,52624,52811,51635,51804,5819403264,-0.015563536856507576
2013-11-13,51804,52271,51290,52230,6059050496,0.00822330321982867
2013-11-14,52232,53566,52232,53451,5582337024,0.023377369327972408
2013-11-18,53451,54317,53451,54307,5599270400,0.016014667639520308
2013-11-19,54303,54303,52831,53032,5518678016,-0.023477636400464075
2013-11-21,53026,53026,52190,52688,5227259904,-0.006486649570070946
2013-11-22,52685,53221,52095,52800,4858208768,0.0021257212268448455
2013-11-25,52807,52995,52115,52263,4323664384,-0.01017045454545451
2013-11-26,52258,52410,51433,51446,5862904320,-0.01563247421694125
2013-11-27,51447,52112,51447,51861,4727525888,0.008066710725809667
2013-11-28,51861,52458,51696,51846,3437426688,-0.00028923468502339844
2013-11-29,51846,52482,51846,52482,4235782912,0.012267098715426528
2013-12-02,52479,52479,51244,51244,6093381120,-0.02358904005182727
2013-12-03,51239,51257,50223,50348,5217935360,-0.017484973850597108
2013-12-04,50358,50744,50113,50215,5050887680,-0.0026416143640263234
2013-12-05,50220,51123,50220,50787,5579527168,0.01139101861993419
2013-12-06,50787,51364,50609,50944,4997288448,0.003091342272628861
2013-12-09,50942,51298,50832,51165,3219205888,0.004338096733668362
2013-12-10,51166,51334,50955,50993,3110825984,-0.003361673018665079
2013-12-11,50990,51038,50067,50067,4181126656,-0.018159355205616512
2013-12-12,50076,50331,49842,50121,4655003136,0.0010785547366529702
2013-12-13,50133,50518,50006,50051,4289861376,-0.001396620179166419
2013-12-16,50048,50611,50048,50279,4398082048,0.00455535353938985
2013-12-17,50279,50563,50049,50090,4029886208,-0.0037590246424948903
2013-12-18,50110,50869,50110,50563,6000349696,0.009443002595328487
2013-12-19,50577,51633,50577,51633,4100808704,0.021161719043569338
2013-12-20,51619,51640,51024,51185,5350635520,-0.00867662154048765
2013-12-23,51187,51604,51187,51356,3227003904,0.0033408225065936215
2013-12-26,51357,51609,51184,51221,2722369024,-0.0026287094010436496
2013-12-27,51239,51395,51207,51266,3073985024,0.00087854590890446
2013-12-30,51274,51995,51274,51507,2982629120,0.00470097140404957
2014-01-02,51522,51656,50246,50341,4554028032,-0.022637699730133742
2014-01-03,50348,50981,50268,50981,0,0.012713295325877505
2014-01-06,50980,51002,50451,50973,4928803328,-0.00015692120593946424
2014-01-07,50981,51477,50429,50430,5098543616,-0.010652698487434553
2014-01-08,50431,50792,50423,50576,4849550848,0.002895102121752924
2014-01-09,50575,50575,49258,49321,6025309184,-0.024814141094590347
2014-01-10,49321,50145,49267,49696,5456270848,0.007603252164392504
2014-01-13,49708,50003,49308,49426,4268748544,-0.0054330328396651195
2014-01-14,49421,49833,49263,49703,4592588288,0.005604337797920023
2014-01-15,49714,50229,49714,50105,4384361984,0.008088042975273213
2014-01-16,50106,50577,49628,49696,4724616704,-0.00816285799820382
2014-01-17,49696,49868,49174,49181,4206182144,-0.010363007083065034
2014-01-20,49180,49292,48673,48708,2321950720,-0.009617535227018581
2014-01-21,48728,49123,48440,48542,4970891264,-0.0034080643836741364
2014-01-22,48542,49487,48542,49299,5466826752,0.01559474269704575
2014-01-23,49293,49598,48320,48320,5864194560,-0.019858414977991456
2014-01-24,48325,48327,47493,47787,5617301504,-0.011030629139072823
2014-01-27,47781,48146,47492,47701,4539008000,-0.001799652625190995
2014-01-28,47749,48487,47749,47840,4251482112,0.0029139850317603244
2014-01-29,47839,47884,47153,47556,5273589248,-0.0059364548494983405
2014-01-30,47553,48034,47114,47244,4821860352,-0.006560686348725753
2014-01-31,47233,47652,46813,47638,5696139264,0.00833968334603341
2014-02-03,47622,47622,46109,46147,5685529600,-0.0312985431798144
2014-02-04,46147,47131,46145,46964,5633483264,0.017704292803432553
2014-02-05,46964,47148,46224,46624,5322875904,-0.0072395877693552935
2014-02-06,46632,48033,46632,47738,5713645056,0.023893273850377428
2014-02-07,47739,48253,47556,48073,4978217984,0.007017470359043099
2014-02-10,48070,48135,47464,47710,3821572608,-0.007551016162918867
2014-02-11,47715,48603,47588,48462,5238450176,0.015761894780968344
2014-02-12,48467,48669,48044,48216,4356177408,-0.005076142131979711
2014-02-13,48211,48211,47128,47812,4702521344,-0.008378961340633762
2014-02-14,47815,48313,47756,48201,4726358016,0.008136032795114101
2014-02-17,48199,48297,47540,47576,2368602112,-0.012966535963984116
2014-02-18,47575,47712,46599,46599,5434698240,-0.02053556414999158
2014-02-19,46597,47155,46133,47150,5688945664,0.011824288074851363
2014-02-20,47126,47600,46634,47288,4625781760,0.0029268292682926855
2014-02-21,47289,47815,47075,47380,4166225920,0.0019455252918287869
2014-02-24,47375,47538,46991,47393,4330145792,0.00027437737441959875
2014-02-25,47388,47388,46613,46715,4387437056,-0.014305910155508195
2014-02-26,46717,47009,46402,46599,4825757184,-0.0024831424595954665
2014-02-27,46621,47781,46621,47606,4469608448,0.021609905791969863
2014-02-28,47613,47813,47043,47094,6684094976,-0.01075494685543843
2014-03-05,47092,47153,46472,46589,3394762240,-0.010723234382299274
2014-03-06,46591,47400,46501,47093,4779860992,0.01081800424993018
2014-03-07,47093,47218,46086,46244,5865040896,-0.01802815705094174
2014-03-10,46241,46241,45203,45533,5488550912,-0.015374967563359543
2014-03-11,45533,46049,45401,45697,4614852608,0.0036017833219863515
2014-03-12,45686,45915,45507,45861,4674141184,0.0035888570365669725
2014-03-13,45863,46176,45250,45443,4619717632,-0.009114498157475892
2014-03-14,45444,45561,44904,44965,4989399552,-0.010518671742622665
2014-03-17,44978,45498,44968,45117,4111965184,0.003380406983209072
2014-03-18,45115,46217,45074,46150,5136123392,0.02289602588824602
2014-03-19,46152,46803,45909,46567,4842835456,0.009035752979414946
2014-03-20,46565,47484,46150,47278,6131323392,0.015268323061395472
2014-03-21,47272,47831,46720,47380,6529158144,0.002157451668852284
2014-03-24,47381,48141,47381,47993,4716950528,0.012937948501477337
2014-03-25,47993,48440,47949,48180,4701513728,0.003896401558560525
2014-03-26,48181,48725,47963,47965,5087394304,-0.004462432544624306
2014-03-27,47964,49646,47962,49646,8863196160,0.03504638799124371
2014-03-28,49653,50180,49606,49768,5878561280,0.0024573983805342703
2014-03-31,49769,50417,49769,50414,5643785216,0.012980228259122262
2014-04-01,50412,50626,49773,50270,5297696768,-0.0028563494267465073
2014-04-02,50271,51794,50200,51701,7681790976,0.028466282076785365
2014-04-03,51711,51990,51059,51408,5775857152,-0.005667201794936294
2014-04-04,51428,52288,51034,51081,6111806464,-0.006360877684407074
2014-04-07,51115,52228,51115,52155,6207597056,0.02102543019909553
2014-04-08,52173,53393,51377,51629,8679967744,-0.010085322596107726
2014-04-09,51628,51628,50652,51185,6047789568,-0.00859981793178255
2014-04-10,51185,51522,50732,51127,5267415040,-0.001133144475920722
2014-04-11,51127,51870,50517,51867,5389236224,0.014473761417646225
2014-04-14,51867,52110,51361,51596,4092782080,-0.005224902153585176
2014-04-15,51593,51593,49890,50454,5745326592,-0.022133498720831035
2014-04-16,50469,51288,50469,51200,4981057024,0.014785745431482145
2014-04-17,51200,52338,50886,52111,4750920704,0.017792968750000027
2014-04-22,52112,52460,51681,51976,5304837120,-0.002590623860605268
2014-04-23,51974,51974,51399,51569,4590770688,-0.007830537171002017
2014-04-24,51569,51963,51237,51817,4812130816,0.004809090732804666
2014-04-25,51817,51817,51019,51399,4512032768,-0.008066850647470925
2014-04-28,51396,51471,50776,51395,4184457216,-7.782252573007575e-05
2014-04-29,51386,52415,51386,51838,5839652864,0.008619515517073628
2014-04-30,51837,51837,51250,51626,6266500096,-0.004089663953084632
2014-05-02,51630,53060,51628,52980,8800176128,0.02622709487467545
2014-05-05,52988,53505,52931,53446,5492458496,0.008795771989430046
2014-05-06,53446,53985,53093,53779,7196058112,0.00623058788309705
2014-05-07,53786,54225,53498,54052,6941332992,0.005076330909834725
2014-05-08,54052,54249,53222,53422,5346260480,-0.011655442906830404
2014-05-09,53422,53639,53056,53100,4215319808,-0.00602747931563774
2014-05-12,53102,54053,53102,54052,4001166848,0.01792843691148782
2014-05-13,54056,54242,53730,53907,4413753344,-0.0026826019388737077
2014-05-14,53913,54459,53866,54412,4544092160,0.00936798560483787
2014-05-15,54403,54403,53565,53855,4106568960,-0.010236712489891886
2014-05-16,53855,54382,53708,53975,4811226624,0.0022282053662612267
2014-05-19,53975,53991,53266,53353,4639955968,-0.01152385363594255
2014-05-20,53352,53842,52312,52366,6312159232,-0.018499428335801205
2014-05-21,52366,52875,52203,52203,5331211776,-0.0031127067180994894
2014-05-22,52205,52850,52132,52806,4666876416,0.011551060283891745
2014-05-23,52807,52935,52403,52626,4005894912,-0.0034087035564140944
2014-05-26,52649,53044,52649,52932,1670842112,0.005814616349333113
2014-05-27,52931,53309,52079,52173,4433187840,-0.014339152119700715
2014-05-28,52173,52858,52009,52639,4590235648,0.008931822973568648
2014-05-29,52649,52889,52031,52239,3605908224,-0.007598928551074247
2014-05-30,52233,52233,51239,51239,6970213376,-0.01914278604108044
2014-06-02,51239,51878,51239,51605,3951509248,0.007142996545600022
2014-06-03,51605,52032,51377,52032,3942888704,0.008274392016277554
2014-06-04,52032,52032,51608,51832,3677673216,-0.0038437884378843545
2014-06-05,51832,52245,51469,51558,4181246976,-0.005286309615681439
2014-06-06,51561,53174,51561,53128,6866819072,0.030451142402730946
2014-06-09,53128,54462,53091,54273,6013553152,0.02155172413793105
2014-06-10,54273,54604,53959,54604,5696369152,0.006098796823466479
2014-06-11,54676,55283,54676,55102,6135761920,0.009120210973555087
2014-06-13,55102,55104,54648,54806,4692238848,-0.005371855831004302
2014-06-16,54806,54854,54474,54629,4300940800,-0.0032295734043717994
2014-06-17,54629,54638,54150,54299,2649104640,-0.006040747588277329
2014-06-18,54300,55202,54046,55202,5826374144,0.016630140518241632
2014-06-20,55191,55191,54540,54638,3827341056,-0.010217021122423064
2014-06-23,54636,54724,54097,54210,2672678912,-0.007833376038654416
2014-06-24,54194,55002,54093,54280,5180241920,0.001291274672569731
2014-06-25,54280,54392,53362,53425,5195395072,-0.01575165806927048
2014-06-26,53426,53790,53331,53506,3903790080,0.0015161441272812937
2014-06-27,53506,53614,52918,53157,3308583936,-0.006522632975741072
2014-06-30,53158,53311,52709,53168,3823384576,0.00020693417611972187
2014-07-01,53170,53697,52886,53171,3428029952,5.6424917243447226e-05
2014-07-02,53170,53244,52734,53028,4641778688,-0.0026894359707358984
2014-07-03,53028,53877,52759,53874,4269518080,0.015953835709436426
2014-07-04,53892,54086,53703,54055,901283904,0.0033596911311579714
2014-07-07,54041,54041,53376,53801,3150848768,-0.004698917768939048
2014-07-08,53813,53905,53459,53634,2447289344,-0.003104031523577633
2014-07-10,53642,54599,53642,54592,6505031680,0.017861804079501775
2014-07-11,54592,54952,54319,54785,3942636032,0.0035353165298945832
2014-07-14,54785,55896,54785,55743,7481479168,0.017486538286027198
2014-07-15,55742,56106,55629,55973,4861583872,0.004126078610767303
2014-07-16,55973,56331,55573,55717,5558776832,-0.004573633716256076
2014-07-17,55711,56190,55237,55637,6064326656,-0.0014358274853276676
2014-07-18,55638,57483,55638,57012,8705968128,0.024713769613746273
2014-07-21,57013,57756,56864,57633,5455804416,0.010892443696064014
2014-07-22,57635,58138,57500,57983,5432018432,0.006072909617753641
2014-07-23,57982,57982,57141,57419,5032400896,-0.009726988945035653
2014-07-24,57420,58122,57357,57977,5289149952,0.009718037583378303
2014-07-25,57977,58069,57648,57821,3893332736,-0.002690722182934646
2014-07-28,57823,58040,57414,57695,4129307392,-0.002179139067120972
2014-07-29,57697,58013,57082,57118,4415172096,-0.010000866626224125
2014-07-30,57118,57439,56705,56877,4261815040,-0.004219335410903691
2014-07-31,56877,56877,55502,55829,6011123200,-0.018425725688766992
2014-08-01,55827,56058,55266,55902,5029345280,0.0013075641691593365
2014-08-04,55906,56620,55585,56616,3958040320,0.01277235161532686
2014-08-05,56621,56937,56063,56202,5459123200,-0.007312420517168294
2014-08-06,56201,56797,55695,56487,5919385088,0.005070993914807254
2014-08-07,56487,56922,55985,56188,4908205056,-0.005293253314922031
2014-08-08,56186,56186,55319,55572,4990268928,-0.01096319498825371
2014-08-11,55578,56657,55578,56613,4481700352,0.01873245519326283
2014-08-12,56613,56811,56312,56442,3678177536,-0.003020507657251814
2014-08-13,56454,56736,55238,55581,8520971776,-0.015254597640055323
2014-08-14,55557,55946,55436,55780,5462166528,0.0035803601950306074
2014-08-15,55783,56965,55783,56963,5605144064,0.02120831839368953
2014-08-18,56968,57664,56968,57560,5348529152,0.010480487333883293
2014-08-19,57561,58474,57370,58449,5532663296,0.015444753300903447
2014-08-20,58449,59010,58320,58878,5953816064,0.007339732074115979
2014-08-21,58878,59207,58558,58992,5132131840,0.0019362070722510616
2014-08-22,58991,58991,58164,58407,4025217536,-0.009916598860862491
2014-08-25,58407,59742,58407,59735,5033641472,0.02273700070197071
2014-08-26,59735,60092,59522,59821,6061226496,0.001439691972880297
2014-08-27,59821,61246,59821,60950,8719804416,0.018872971030240215
2014-08-28,60945,60980,60188,60290,7783850496,-0.010828547990155868
2014-08-29,60291,61442,60272,61288,8882565120,0.016553325592967294
2014-09-01,61294,62279,61141,61141,5169042944,-0.002398511943610515
2014-09-02,61141,62231,60930,61895,7564412416,0.012332150275592424
2014-09-03,61899,62304,61198,61837,7954604032,-0.0009370708457872023
2014-09-04,61836,61836,60739,60800,7349809152,-0.016769895046654937
2014-09-05,60800,61029,60243,60681,7760772096,-0.0019572368421052477
2014-09-08,60708,61512,59191,59192,7957193728,-0.024538158566931978
2014-09-09,59157,59484,57310,57310,7590801920,-0.031794837140154075
2014-09-10,58674,58674,57449,58198,6505768448,0.015494678066654943
2014-09-11,58202,58808,58112,58337,4996685312,0.0023883982267431936
2014-09-12,58336,58336,56666,56927,8694112256,-0.02416990931998564
2014-09-15,56929,57948,56851,57948,5341476352,0.017935250408417813
2014-09-16,57948,60242,57946,59114,8541175808,0.0201214882308276
2014-09-17,59115,60024,59095,59108,6166637568,-0.00010149879893084357
2014-09-18,59107,59266,58118,58374,6749798912,-0.012417946809230584
2014-09-19,58355,58516,57513,57788,6256784384,-0.010038715866652947
2014-09-22,57787,57787,55974,56818,6539565568,-0.016785491797605023
2014-09-23,56818,57332,56086,56540,5801430016,-0.004892815657010052
2014-09-24,56538,57130,55933,56824,5033179136,0.005022992571630747
2014-09-25,56821,56821,55875,55962,5081777152,-0.015169646628185318
2014-09-26,55965,57488,55946,57212,5206487040,0.022336585540188025
2014-09-29,57210,57210,54124,54625,8414084608,-0.045217786478361166
2014-09-30,54625,54625,53536,54115,8645017600,-0.009336384439359247
2014-10-01,54115,54115,52646,52858,8080640512,-0.023228310080384396
2014-10-02,52858,54022,52480,53518,6499467776,0.012486284006205217
2014-10-03,53518,54539,53367,54539,5568937984,0.019077693486303726
2014-10-06,54542,58897,54542,57115,12712631296,0.04723225581693824
2014-10-07,57124,58317,57124,57436,9434465280,0.005620239866935162
2014-10-08,57440,58190,56198,57058,8503867392,-0.00658123824778889
2014-10-09,57079,58246,57076,57267,7549693952,0.0036629394651057634
2014-10-10,57266,57266,55311,55311,6135527424,-0.034155796532034155
2014-10-13,55312,58747,55312,57956,8610265088,0.047820505866825735
2014-10-14,57945,58856,57258,58015,7669517312,0.0010180136655393301
2014-10-15,58012,58012,54919,56135,10339033088,-0.0324054123933466
2014-10-16,56123,56123,54132,54298,9227008000,-0.03272468157121222
2014-10-17,54298,55948,54298,55723,7553018368,0.02624406055471651
2014-10-20,55720,55720,54299,54302,6063417856,-0.02550113956535005
2014-10-21,54300,54300,51922,52432,10344262656,-0.0344370373098597
2014-10-22,52427,53229,52064,52411,5781622272,-0.00040051876716507007
2014-10-23,52409,52409,50653,50713,9933707264,-0.03239777909217534
2014-10-24,50687,53145,50595,51940,8983403520,0.024194979591031895
2014-10-27,51937,51937,48722,50503,16210030592,-0.02766653831343857
2014-10-28,50503,52374,50502,52330,8181038080,0.03617606874839119
2014-10-29,52330,52330,51049,51049,7231187968,-0.024479266195299054
2014-10-30,51049,52574,51049,52336,6955363840,0.025211071715410593
2014-10-31,52338,54628,52334,54628,7066637312,0.04379394680525839
2014-11-03,54628,54628,53053,53947,5137811456,-0.012466134582997723
2014-11-04,53947,54383,53431,54383,5475520512,0.00808200641370238
2014-11-05,54383,54383,53588,53698,4749489152,-0.012595847967195595
2014-11-06,53696,53696,52417,52637,5410635264,-0.01975865022905876
2014-11-07,52637,53483,52197,53222,5429712896,0.01111385527290687
2014-11-10,53222,53829,52716,52725,3947467776,-0.009338243583480565
2014-11-11,52718,52718,52003,52474,3822498816,-0.004760550023707899
2014-11-12,52473,53435,52187,52978,4742336000,0.009604756641384382
2014-11-13,52978,53322,51846,51846,4080261376,-0.02136736003624151
2014-11-14,51833,51899,50885,51772,5382247936,-0.0014273039385873654
2014-11-17,51772,52222,51047,51256,4096216576,-0.009966777408637828
2014-11-18,51257,52122,51067,52061,5418132480,0.015705478383018612
2014-11-19,52061,53402,52031,53402,6639033856,0.025758245135514057
2014-11-21,53403,56214,53403,56084,10564507648,0.050222838095951516
2014-11-24,56085,57359,55292,55406,7142049280,-0.012089009343128176
2014-11-25,55410,56386,55204,55560,7307573760,0.0027794823665308055
2014-11-26,55561,56099,54977,55098,4844056064,-0.008315334773218108
2014-11-27,55099,56065,54592,54721,3797818880,-0.006842353624450959
2014-11-28,54731,55436,54664,54724,4301336576,5.482355951103024e-05
2014-12-01,54719,54719,52156,52276,6362278912,-0.04473357210730211
2014-12-02,52277,52639,51471,51612,5049468416,-0.012701813451679533
2014-12-03,51610,52470,51610,52320,4053095168,0.013717740060451122
2014-12-04,52320,52539,51073,51426,4386458624,-0.01708715596330279
2014-12-05,51427,52023,51163,51992,3741972224,0.011006105860848603
2014-12-08,51992,51992,50015,50274,4232927744,-0.033043545160794
2014-12-09,50250,50260,49395,50193,5389075456,-0.0016111707841031109
2014-12-10,50192,50192,49297,49548,4178220032,-0.012850397465782093
2014-12-11,49548,49946,48808,49861,5021006848,0.006317106644062376
2014-12-12,49861,49861,47973,48001,5189577728,-0.03730370429794827
2014-12-15,48002,48401,46409,47018,6161763328,-0.020478740026249498
2014-12-16,47016,47594,45852,47007,7171546624,-0.00023395295418771056
2014-12-17,47008,49257,47008,48713,8376536576,0.03629246707937117
2014-12-18,48714,49564,48295,48495,5033665536,-0.004475191427339764
2014-12-19,48491,49657,48435,49650,4798051840,0.023816888339003972
2014-12-22,49650,50120,49104,50120,3674522880,0.009466263846928502
2014-12-23,50120,50889,49814,50889,3617041408,0.015343176376696022
2014-12-26,50890,50973,49913,50144,2111155840,-0.014639706026842725
2014-12-29,50145,50902,50008,50593,2732982528,0.008954211869814932
2014-12-30,50601,50841,49992,50007,4482269696,-0.011582630008103889
2015-01-02,50004,50004,48345,48512,4488553472,-0.029895814585957914
2015-01-05,48512,48512,47263,47516,5445966848,-0.020531002638522478
2015-01-06,47517,48061,47337,48000,6550189568,0.010186042596178169
2015-01-07,48006,49882,48006,49462,6373799936,0.030458333333333254
2015-01-08,49463,50260,49017,49943,5008797184,0.009724637095143818
2015-01-09,49954,49954,48500,48840,4344860160,-0.02208517710189617
2015-01-12,48839,48839,47955,48139,4656065536,-0.014352989352989343
2015-01-13,48144,48939,48041,48041,5655076352,-0.0020357714119528802
2015-01-14,48037,48280,47372,47645,5442282496,-0.008242959139068695
2015-01-15,47647,48853,47647,48026,5970369024,0.007996641830202433
2015-01-16,48028,49263,48028,49016,5239475200,0.020613834173156098
2015-01-19,49009,49009,47502,47758,3100382464,-0.025665088950546755
2015-01-20,47758,48687,47619,47876,4448416768,0.002470790234096798
2015-01-21,47887,49328,47887,49224,5356427264,0.02815606984710506
2015-01-22,49227,50281,49227,49442,6878306304,0.004428733950918362
2015-01-23,49432,49523,48496,48775,4489081344,-0.013490554589215664
2015-01-26,48711,48711,48004,48576,3964884992,-0.004079958995386934
2015-01-27,48576,48864,47351,48591,4867852800,0.00030879446640308394
2015-01-28,48589,48589,47550,47694,5083812864,-0.018460208680619816
2015-01-29,47696,47893,47006,47762,5847228928,0.0014257558602759346
2015-01-30,47759,47759,46484,46907,6686722048,-0.017901260416230524
2015-02-02,46933,47683,46760,47650,4508915712,0.015839853326795605
2015-02-03,47664,48992,47664,48963,6190830592,0.027555089192025095
2015-02-04,48964,49718,48213,49301,6868012032,0.006903171782774775
2015-02-05,49299,49816,49019,49233,5905909248,-0.0013792823674976251
2015-02-06,49231,49231,48209,48792,6328327680,-0.008957406617512653
2015-02-09,48791,49522,48415,49382,5090627072,0.012092146253484204
2015-02-10,49359,49798,48510,48510,5247002112,-0.017658256044712606
2015-02-11,48508,48762,47841,48239,5741305344,-0.005586477015048441
2015-02-12,48240,49689,48240,49532,5335438848,0.026804038226331484
2015-02-13,49545,50726,49475,50635,5489924608,0.022268432528466553
2015-02-18,50639,51867,50639,51280,4836476928,0.012738224548237476
2015-02-19,51280,51638,50869,51294,3797790464,0.0002730109204367448
2015-02-20,51301,51450,50711,51237,3101773056,-0.0011112410808281625
2015-02-23,51237,51689,50861,51280,4378509824,0.0008392372699417283
2015-02-24,51288,51956,51049,51874,4562310656,0.01158346333853344
2015-02-25,51862,51862,51050,51811,4969014784,-0.0012144812430119334
2015-02-26,51812,51922,51181,51760,4860825600,-0.0009843469533497018
2015-02-27,51760,52457,51474,51583,6683581440,-0.003419629057187068
2015-03-02,51579,51579,50774,51020,4281511936,-0.01091444855863366
2015-03-03,51020,51432,50995,51304,4410079744,0.005566444531556192
2015-03-04,51303,51303,50399,50468,5461193728,-0.016295025728988
2015-03-05,50472,50734,50114,50365,4239521280,-0.002040897202187475
2015-03-06,50355,50400,49779,49981,4431587840,-0.007624342301201237
2015-03-09,49978,49978,48951,49181,5240539136,-0.016006082311278313
2015-03-10,49177,49177,48292,48293,6883464192,-0.018055753238039096
2015-03-11,48308,48936,48308,48905,5808527360,0.01267264406849855
2015-03-12,48907,49632,48684,48880,5614753792,-0.0005111951743175247
2015-03-13,48858,48858,47904,48595,6272935936,-0.005830605564648095
2015-03-16,48601,49205,48393,48848,4672544768,0.0052062969441299956
2015-03-17,48849,50384,48840,50285,6035508224,0.029417785784474182
2015-03-18,50283,51772,49787,51526,6813679104,0.024679327831361286
2015-03-19,51530,51547,50790,50953,4644307456,-0.01112059930908671
2015-03-20,50964,52285,50964,51966,7185878528,0.019881066865542696
2015-03-23,51969,52177,51515,51908,4543956480,-0.0011161143824808262
2015-03-24,51907,52222,51006,51506,4413496832,-0.007744470987131047
2015-03-25,51507,52318,51507,51858,6219124224,0.006834155244049178
2015-03-26,51835,51835,50528,50579,5449245184,-0.024663504184503804
2015-03-27,50574,50574,49908,50094,5420269056,-0.009588959844994971
2015-03-30,50099,51264,50099,51243,4363961856,0.0229368786681039
2015-03-31,51242,51465,50612,51150,5483875328,-0.001814882032667886
2015-04-01,51186,52613,51186,52321,6553450496,0.02289345063538617
2015-04-02,52321,53311,52321,53123,6457903616,0.015328453202346992
2015-04-06,53123,54146,53122,53737,4967769088,0.011558082186623464
2015-04-07,53737,54002,53436,53729,5173415424,-0.00014887321584755586
2015-04-08,53731,54458,53507,53661,6623404544,-0.0012656107502465597
2015-04-09,53638,54002,53292,53802,6292977664,0.002627606641695035
2015-04-10,53802,54413,53555,54214,5474056192,0.007657707891900012
2015-04-13,54213,54866,54004,54239,5448520192,0.0004611355000554429
2015-04-14,54240,54625,53773,53981,5756582400,-0.00475672486587142
2015-04-15,54037,54960,54037,54918,6083241984,0.01735795928196948
2015-04-16,54918,54918,54315,54674,6074551296,-0.0044429877271569
2015-04-17,54671,54671,53896,53954,5366858240,-0.013168965138822819
2015-04-20,53965,54384,53510,53761,4262567680,-0.003577121251436388
2015-04-22,53762,54847,53762,54617,5810854912,0.015922322873458405
2015-04-23,54615,55781,54063,55684,8072293376,0.01953604189171876
2015-04-24,55687,56965,55687,56594,8435556864,0.016342216794770437
2015-04-27,56554,56962,55515,55534,6434891264,-0.018729900696186852
2015-04-28,55549,56017,54972,55812,6821000192,0.005005942305614575
2015-04-29,55808,55808,55067,55325,6263067648,-0.008725722066939001
2015-04-30,55312,56229,55079,56229,7664002048,0.01633981021238129
2015-05-04,56230,57519,56230,57353,6375106560,0.019989685037969718
2015-05-05,57349,58146,57096,58051,6851592704,0.01217024392795496
2015-05-06,58050,58574,56819,57103,7737658880,-0.01633046803672633
2015-05-07,57103,57289,56507,56921,5265472512,-0.00318722308810393
2015-05-08,56964,57620,56595,57149,5995358720,0.004005551553908138
2015-05-11,57166,57489,57013,57197,5521577472,0.0008399097097062658
2015-05-12,57193,57423,56752,56792,5398956032,-0.007080790950574345
2015-05-13,56790,56899,56199,56372,5287629312,-0.00739540780391601
2015-05-14,56376,56920,56104,56656,5438166016,0.005037962108848326
2015-05-15,56655,57287,56422,57248,5063789568,0.010449025698955117
2015-05-18,57249,57605,55926,56204,6677845504,-0.01823644494130794
2015-05-19,56204,56211,55027,55498,5656007168,-0.012561383531421222
2015-05-20,55497,55644,54819,54901,5933736960,-0.010757144401600027
2015-05-21,54900,55112,54526,55112,5862369792,0.003843281543141286
2015-05-22,55112,55223,54037,54377,6623324672,-0.013336478443896072
2015-05-25,54377,54867,53971,54609,2738989824,0.004266509737572921
2015-05-26,54609,54609,53548,53629,5567191552,-0.017945759856433874
2015-05-27,53630,54292,53135,54236,5597235712,0.011318503048723727
2015-05-28,54230,54230,53363,53976,4584121856,-0.0047938638542665
2015-05-29,53974,53974,52760,52760,8668371968,-0.022528531199051405
2015-06-01,52752,53232,52665,53031,4299922944,0.0051364670204701035
2015-06-02,53035,54236,53035,54236,5619433984,0.0227225585035169
2015-06-03,54253,54253,53462,53522,5642038272,-0.013164687661331942
2015-06-05,53517,53517,52808,52973,4816309248,-0.010257464220320589
2015-06-08,52974,53324,52809,52809,4103817216,-0.0030959167877975258
2015-06-09,52809,53292,52687,52815,5695277568,0.00011361699710277229
2015-06-10,52817,54102,52817,53876,6375116288,0.020088989870302054
2015-06-11,53876,54270,53443,53688,5400859648,-0.0034894943945356083
2015-06-12,53689,53689,53032,53347,4168673792,-0.006351512442258955
2015-06-15,53338,53338,52548,53137,4448711168,-0.003936491274110998
2015-06-16,53143,53968,53106,53702,5902121472,0.01063289233490794
2015-06-17,53697,53755,52965,53248,5093953024,-0.008454061301255034
2015-06-18,53251,54351,53213,54238,4600915968,0.018592247596153744
2015-06-19,54236,54236,53479,53749,4712892928,-0.009015819167373373
2015-06-22,53750,54341,53655,53863,4130500352,0.00212096969245934
2015-06-23,53864,54360,53772,53772,4421161984,-0.0016894714367933217
2015-06-24,53772,54236,53628,53842,4472182272,0.0013017927545935226
2015-06-25,53840,53840,52879,53175,5336036352,-0.012388098510456524
2015-06-26,53181,54076,53150,54016,4446918144,0.015815702867889136
2015-06-29,54012,54012,52647,53014,4116323328,-0.018550059241706163
2015-06-30,53014,53345,52812,53080,5316460032,0.0012449541630512595
2015-07-01,53080,53456,52603,52757,4639196672,-0.006085154483798094
2015-07-02,52757,53356,52757,53106,4415160320,0.006615235892867277
2015-07-03,53105,53105,52370,52519,2254573568,-0.011053364968176882
2015-07-06,52510,52678,51682,52149,4326895104,-0.007045069403453952
2015-07-07,52148,52387,51129,52343,5812401152,0.0037201096857082394
2015-07-08,52343,52467,51574,51781,4794301952,-0.010736870259633546
2015-07-10,51782,52785,51782,52590,4694174720,0.015623491241961274
2015-07-13,52590,53163,52590,53119,4273663488,0.010058946567788496
2015-07-14,53119,53415,52652,53239,3934009600,0.002259078672414816
2015-07-15,53239,53333,52790,52902,4036306944,-0.00632994609215054
2015-07-16,52902,53416,52713,53069,3293505792,0.0031567804619863082
2015-07-17,53069,53310,52221,52341,3768280576,-0.013717989786881213
2015-07-20,52341,52423,51525,51600,3906973696,-0.014157161689688724
2015-07-21,51603,51997,51244,51474,4056898560,-0.0024418604651162967
2015-07-22,51473,51473,50592,50915,4472887296,-0.010859851575552693
2015-07-23,50915,51063,49668,49806,6303745536,-0.021781400373171
2015-07-24,49804,49831,48624,49245,5472647680,-0.011263703168292949
2015-07-27,49245,49298,48639,48735,4945203200,-0.010356381358513578
2015-07-28,48740,49871,48740,49601,5989253120,0.01776957012414071
2015-07-29,49601,50332,49421,50245,5564614656,0.012983609201427493
2015-07-30,50245,50644,49612,49897,4959878656,-0.006926062294755675
2015-07-31,49897,50894,49892,50864,5336579584,0.019379922640639702
2015-08-03,50866,50866,50053,50138,4337009152,-0.014273356401384052
2015-08-04,50137,50574,49826,50058,4638968320,-0.0015955961546132436
2015-08-05,50066,50852,50066,50287,4068153344,0.004574693355707371
2015-08-06,50279,50534,49623,50011,5899189760,-0.005488496032771906
2015-08-07,50013,50013,48511,48577,4954086912,-0.028673691787806654
2015-08-10,48578,49511,48578,49353,4393811968,0.015974638203264835
2015-08-11,49339,49339,48305,49072,4818375680,-0.00569367616963512
2015-08-12,49063,49063,48027,48388,6813619712,-0.013938702314965745
2015-08-13,48389,48605,47721,48009,4871434240,-0.00783252045961813
2015-08-14,48010,48186,47508,47508,4395861504,-0.010435543335624575
2015-08-17,47508,47787,47217,47217,3622878976,-0.006125284162667333
2015-08-18,47220,48084,46675,47450,5829207552,0.004934663362771818
2015-08-19,47450,47450,45977,46588,4874029568,-0.018166491043203337
2015-08-20,46587,46780,46029,46649,4413207552,0.0013093500472225461
2015-08-21,46649,46649,45676,45719,4493968896,-0.01993611867349787
2015-08-24,45714,45714,42749,44336,6858076160,-0.030250005468186125
2015-08-25,44337,45587,44337,44544,5441819648,0.00469144713099956
2015-08-26,44545,46039,44540,46038,5604119552,0.03353987068965525
2015-08-27,46038,47996,46038,47715,6241011712,0.036426430340153804
2015-08-28,47696,47872,46847,47153,5475704320,-0.011778266792413339
2015-08-31,47151,47151,45569,46625,7229447680,-0.01119759082136873
2015-09-01,46625,46625,45278,45477,5613033472,-0.02462198391420911
2015-09-02,45484,46473,45445,46463,5538665984,0.021681289443015173
2015-09-03,46467,47532,46279,47365,6538196992,0.019413296601596963
2015-09-04,47365,47377,46320,46497,6690849792,-0.018325767972131368
2015-09-08,46500,47243,46496,46762,4527367168,0.005699292427468361
2015-09-09,46762,47839,46614,46657,5848388608,-0.002245412942132541
2015-09-10,46655,46819,45592,46503,6691132928,-0.0033006837130548083
2015-09-11,46508,46558,46175,46400,5045415424,-0.0022149108659655914
2015-09-14,46399,47385,46217,47281,5392660480,0.018987068965517162
2015-09-15,47281,47688,46745,47364,5334139904,0.0017554620249149444
2015-09-16,47364,48680,47364,48553,6700994048,0.02510345410016046
2015-09-17,48552,49395,48081,48551,6386668032,-4.1192099355380485e-05
2015-09-18,48549,48549,46927,47264,6977102848,-0.02650820786389574
2015-09-21,47263,47390,46424,46590,4040927232,-0.014260324983073835
2015-09-22,46585,46585,45276,46264,5913351680,-0.00699720970165274
2015-09-23,46262,46480,45340,45340,5689071104,-0.019972332699290996
2015-09-24,45339,45571,44182,45291,6399047680,-0.0010807234230260088
2015-09-25,45300,45968,44697,44831,4447170048,-0.010156543242586857
2015-09-28,44831,44831,43766,43956,4171849216,-0.019517744417925087
2015-09-29,43956,44530,43956,44131,4340389888,0.00398125398125404
2015-09-30,44131,45294,44131,45059,6874705408,0.021028302100564167
2015-10-01,45064,45547,44788,45313,5383476736,0.0056370536407821525
2015-10-02,45313,47033,44973,47033,5632898560,0.037958201840531336
2015-10-05,47033,48081,47018,47598,4793862656,0.012012842047073313
2015-10-06,47598,48091,47388,47735,4945555968,0.0028782721963107605
2015-10-07,47735,49290,47714,48914,10363127808,0.024698858280088
2015-10-08,48915,49247,48657,49106,5572239872,0.003925256572760327
2015-10-09,49105,49752,48698,49338,6510224384,0.004724473587748967
2015-10-13,49339,49339,47134,47362,6660510208,-0.04005026551542423
2015-10-14,47349,47714,46700,46710,9382654976,-0.013766310544318205
2015-10-15,46730,47187,46321,47161,5295608832,0.009655320059944295
2015-10-16,47161,47727,46516,47236,5349102592,0.0015902970674921413
2015-10-19,47242,47536,46916,47447,4382020608,0.004466932001016222
2015-10-20,47446,47727,46622,47076,4716383232,-0.007819250953695733
2015-10-21,47076,47273,46653,47025,4357192704,-0.0010833545755799534
2015-10-22,47026,47909,47026,47772,4611939840,0.015885167464114724
2015-10-23,47774,48837,47502,47596,5142495744,-0.0036841664573390442
2015-10-26,47606,47874,47104,47209,3690888448,-0.00813093537272036
2015-10-27,47204,47338,46742,47042,4814788608,-0.0035374610773369897
2015-10-28,47037,47441,46388,46740,6027437056,-0.006419795076739954
2015-10-29,46740,46740,45628,45628,4388957184,-0.023791185280273908
2015-10-30,45628,45975,45400,45868,5621070336,0.005259928114315748
2015-11-03,45868,48053,45866,48053,7582670336,0.04763669660765668
2015-11-04,48058,49054,47440,47710,5910703616,-0.007137951844838009
2015-11-05,47711,48061,47430,48046,4796915200,0.007042548731922116
2015-11-06,48046,48046,46397,46918,4815983104,-0.023477500728468548
2015-11-09,46914,47000,46057,46194,3347196160,-0.015431177799565154
2015-11-10,46195,46206,45396,46206,3741567232,0.00025977399662302503
2015-11-11,46207,47231,46207,47065,4724118016,0.018590659221746186
2015-11-12,47065,47459,46695,46883,4776799232,-0.0038669924572399816
2015-11-13,46883,46883,46311,46517,4923868160,-0.007806667662052291
2015-11-16,46518,46905,46398,46846,4586564608,0.007072683105101341
2015-11-17,46847,47697,46847,47247,4694775296,0.008559962430090051
2015-11-18,47241,47950,47241,47435,4870630400,0.003979088619383342
2015-11-19,47437,48226,47437,48138,5335433216,0.014820280383682993
2015-11-23,48138,48745,47987,48150,4912555520,0.0002492833104823511
2015-11-24,48142,48320,47441,48284,4420593152,0.002782969885773534
2015-11-25,48269,48269,46742,46866,5879268352,-0.02936790655289534
2015-11-26,46867,47199,46867,47145,3333195520,0.005953143003456729
2015-11-27,47144,47144,45811,45872,4341202944,-0.02700180294835086
2015-11-30,45871,45930,45105,45120,9883397120,-0.016393442622950838
2015-12-01,45121,45482,44775,45046,5984133120,-0.0016400709219858145
2015-12-02,45046,45338,44579,44914,6218811904,-0.0029303378768370525
2015-12-03,44923,47142,44923,46393,6584966656,0.03292959878879631
2015-12-04,46384,46384,45022,45360,4906582016,-0.022266290173086456
2015-12-07,45361,46156,45217,45222,4181919488,-0.0030423280423280685
2015-12-08,45223,45233,44231,44443,4362652160,-0.017226128875326152
2015-12-09,44444,46438,44444,46108,6603382784,0.03746371757082101
2015-12-10,46084,46322,45351,45630,4999315456,-0.01036696451808794
2015-12-11,45629,45981,45068,45262,4657906688,-0.008064869603331193
2015-12-14,45257,45257,44530,44747,3560186880,-0.011378198046926746
2015-12-15,44748,45423,44748,44872,3841592320,0.002793483362013127
2015-12-16,44867,45098,44094,45015,4823642624,0.0031868425744339124
2015-12-17,45016,46251,45016,45261,4476996608,0.0054648450516494584
2015-12-18,45248,45248,43690,43910,6534598144,-0.02984909745697184
2015-12-21,43912,44222,43196,43199,4623857152,-0.016192211341380047
2015-12-22,43208,43632,43136,43469,3770219264,0.006250144679275094
2015-12-23,43478,44232,43478,44014,3114364672,0.012537670523821598
2015-12-28,44015,44087,43709,43764,2562503680,-0.00568001090562098
2015-12-29,43781,44041,43523,43653,2285678336,-0.002536331231148936
2015-12-30,43653,43662,43217,43349,4000419072,-0.006964011637229928
2016-01-04,43348,43348,42125,42141,4401712640,-0.027866848139518785
2016-01-05,42139,42533,42137,42419,3446187520,0.006596900880377676
2016-01-06,42409,42409,41589,41773,4698317824,-0.015229024729484397
2016-01-07,41772,41772,40694,40694,5108162560,-0.025830081631675994
2016-01-08,40695,41217,40463,40612,3944526848,-0.0020150390720991007
2016-01-11,40612,40973,39924,39950,3877178368,-0.016300600807643062
2016-01-12,39954,40261,39425,39513,3959564032,-0.010938673341677085
2016-01-13,39518,40050,38822,38944,3974185984,-0.014400323944018467
2016-01-14,38944,39501,38458,39500,4151112704,0.01427691043549717
2016-01-15,39493,39493,37986,38569,4823569408,-0.023569620253164558
2016-01-18,38572,38633,37937,37937,2404352512,-0.016386216909953566
2016-01-19,37941,38856,37941,38057,3397401344,0.00316313888815678
2016-01-20,38056,38056,37046,37645,4369238016,-0.01082586646346273
2016-01-21,37647,38079,37494,37717,4258079744,0.0019126045955637494
2016-01-22,37736,38443,37736,38031,4326628864,0.008325158416629064
2016-01-26,38031,38031,37112,37497,3955837696,-0.014041176934605937
2016-01-27,37500,38765,37402,38376,5248955904,0.023441875350028063
2016-01-28,38376,39099,37996,38630,4410423808,0.006618720033354286
2016-01-29,38634,40405,38634,40405,6403942912,0.04594874449909403
2016-02-01,40396,40570,39738,40570,4098876928,0.004083653013240873
2016-02-02,40563,40563,38596,38596,5495553536,-0.048656642839536635
2016-02-03,38596,39725,38596,39588,5192529408,0.02570214530003101
2016-02-04,39589,41444,39589,40821,6103939584,0.03114580175810855
2016-02-05,40811,41248,40565,40592,4254582272,-0.005609857671296625
2016-02-10,40592,40592,39960,40376,2662976000,-0.0053212455656287405
2016-02-11,40370,40370,38927,39318,4125913088,-0.026203685357638173
2016-02-12,39324,39900,39324,39808,3806259200,0.012462485375654975
2016-02-15,39808,40671,39808,40092,1930138624,0.007134244372990262
2016-02-16,40093,41206,40074,40947,4191441664,0.021325950314277087
2016-02-17,40957,42436,40957,41630,6053143040,0.016680098664126897
2016-02-18,41623,41697,41183,41477,4010557184,-0.0036752342061013854
2016-02-19,41476,41827,41070,41543,3559859968,0.0015912433396823022
2016-02-22,41544,43345,41544,43234,5564815360,0.04070481188166486
2016-02-23,43235,43601,42358,42520,4353881088,-0.016514780034232346
2016-02-24,42520,42520,41210,42084,3890582784,-0.010253998118532448
2016-02-25,42083,42326,41441,41887,4108357632,-0.004681113962551109
2016-02-26,41889,42495,41416,41593,3757703680,-0.0070188841406642055
2016-02-29,41599,43052,41599,42793,5962680832,0.02885100858317502
2016-03-01,42795,44181,42795,44121,5964768768,0.031033112892295378
2016-03-02,44121,44982,43841,44893,6515363840,0.017497336869064517
2016-03-03,44900,47374,44900,47193,11162140672,0.05123293163744913
2016-03-04,47193,50023,47193,49084,14726878208,0.040069501832898924
2016-03-07,49089,49639,48746,49246,7667127808,0.0033004645098198004
2016-03-08,49244,49913,48846,49102,9822264320,-0.002924095357998646
2016-03-09,49102,50000,48623,48665,8318696448,-0.008899841147000154
2016-03-10,48666,49974,47922,49571,10035897344,0.018617075927257698
2016-03-11,49573,50038,49156,49638,8386473472,0.0013515966996833217
2016-03-14,49639,50165,48756,48867,6484359680,-0.0155324549740119
2016-03-15,48866,48866,46684,47130,7046248448,-0.035545460126465755
2016-03-16,47129,47813,46520,47763,6661453824,0.013430935709739078
2016-03-17,47770,51268,47770,50913,11030515712,0.06595063124175615
2016-03-18,50915,51307,50202,50814,7628934656,-0.0019444935478168945
2016-03-21,50815,51370,50764,51171,5507688960,0.0070256228598417625
2016-03-22,51170,51215,50811,51010,5603245056,-0.0031463133415411404
2016-03-23,51004,51004,49490,49690,4997851136,-0.02587727896490888
2016-03-24,49686,49686,48777,49657,5033343488,-0.0006641175286777878
2016-03-28,49686,51149,49686,50838,5112519680,0.023783152425639997
2016-03-29,50839,51764,50387,51154,6048689152,0.006215822809709337
2016-03-30,51154,52261,50899,51248,6554777600,0.0018375884583805568
2016-03-31,51248,51248,49642,50055,6703912960,-0.023278957227599095
2016-04-01,50054,50767,49360,50561,5513918976,0.010108880231745054
2016-04-04,50556,50556,48600,48779,4576274944,-0.035244556080773703
2016-04-05,48778,49629,48148,49053,4830489088,0.005617171323725412
2016-04-06,49053,49053,47873,48096,4938997760,-0.019509510121705098
2016-04-07,48099,48940,48099,48513,4067988480,0.008670159680638667
2016-04-08,48517,50485,48517,50292,6808092160,0.036670583142662805
2016-04-11,50303,51088,50078,50165,5761402368,-0.002525252525252486
2016-04-12,50166,52327,50166,52001,7374948864,0.03659922256553383
2016-04-13,52009,53843,52009,53149,9121371136,0.02207649852887439
2016-04-14,53150,53699,52242,52411,7381007360,-0.013885491730794564
2016-04-15,52414,53390,52414,53227,7221396992,0.015569250729808637
2016-04-18,53228,53478,52305,52894,6660997632,-0.006256223345294631
2016-04-19,52894,54054,52894,53710,6792706560,0.015427080576246865
2016-04-20,53710,53857,53148,53630,6389704704,-0.001489480543660382
2016-04-22,53630,53630,52629,52907,6199751168,-0.013481260488532487
2016-04-25,52911,52948,51748,51861,4683702784,-0.019770540760201905
2016-04-26,51867,53107,51838,53082,5239208448,0.023543703360906942
2016-04-27,53094,54559,53094,54477,7152990720,0.02628009494743977
2016-04-28,54475,54977,53963,54311,6601299968,-0.0030471575160159192
2016-04-29,54316,54705,53591,53910,7856099840,-0.007383402993868637
2016-05-02,53909,54112,53265,53561,4871129088,-0.006473752550547163
2016-05-03,53557,53557,52260,52260,5800260096,-0.02429006179869686
2016-05-04,52253,52672,51930,52552,5864678912,0.005587447378492261
2016-05-05,52568,53070,51310,51671,4861190656,-0.016764347693712933
2016-05-06,51670,52158,51204,51717,4664090624,0.0008902479146910558
2016-05-09,51716,51716,49907,50990,6692497408,-0.014057273237040091
2016-05-10,50994,53070,50994,53070,6091987456,0.040792312218081994
2016-05-11,53072,53976,52735,52764,6421206528,-0.005765969474279209
2016-05-12,52765,53798,52424,53241,7023897088,0.009040254719126617
2016-05-13,53236,53249,51365,51804,6199721472,-0.026990477263762913
2016-05-16,51803,52305,51584,51802,4608250880,-3.860705737013248e-05
2016-05-17,51795,51946,50689,50839,5352427008,-0.018590015829504702
2016-05-18,50836,51373,50300,50561,5728623104,-0.005468242884399732
2016-05-19,50556,50556,49588,50132,5138127360,-0.008484800537964077
2016-05-20,50132,50821,49722,49722,4371448832,-0.008178409000239362
2016-05-23,49709,49709,48694,49330,4506427904,-0.007883834117694333
2016-05-24,49330,50002,49152,49345,4081995776,0.0003040745996352179
2016-05-25,49346,50356,49346,49482,4615317504,0.00277637045293333
2016-05-27,49481,49805,48868,49051,3662537216,-0.008710238066367615
2016-05-30,49051,49203,48799,48964,1516009856,-0.0017736641454811908
2016-05-31,48963,49269,48291,48471,8214487040,-0.01006862184462054
2016-06-01,48468,49056,48199,49012,4631289856,0.011161312950011437
2016-06-02,49007,49905,48780,49887,4950142464,0.017852770750020452
2016-06-03,49888,50634,49888,50619,4666545664,0.014673161344638919
2016-06-06,50627,50923,50097,50431,4001111808,-0.00371402042711233
2016-06-07,50431,50641,50004,50487,4045275648,0.0011104281096945279
2016-06-08,50490,51811,50490,51629,6009864704,0.022619684275160035
2016-06-09,51632,51632,50831,51118,4431128064,-0.009897538205272283
2016-06-10,51117,51117,49420,49422,4205241856,-0.03317813685981452
2016-06-13,49418,49763,48803,49660,3713088256,0.004815669135203038
2016-06-14,49662,49894,48216,48648,5326209024,-0.0203785743052759
2016-06-15,48649,49414,48323,48914,6777857024,0.005467850682453479
2016-06-16,48900,49411,48066,49411,4917167104,0.010160690190947452
2016-06-17,49409,50190,49404,49533,5937309696,0.0024690858310902897
2016-06-20,49539,50781,49539,50329,4925167104,0.016070094684351943
2016-06-21,50326,50870,49677,50837,4782330880,0.010093584215859597
2016-06-22,50834,51238,50060,50156,4999758336,-0.013395755060290782
2016-06-23,50160,51672,50160,51559,4274129920,0.027972725097695106
2016-06-24,51561,51561,49544,50105,5733189120,-0.02820070210826431
2016-06-27,50105,50161,48954,49245,4538668544,-0.01716395569304463
2016-06-28,49252,50301,49252,50006,4771917312,0.015453345517311368
2016-06-29,50009,51229,50009,51001,6242715648,0.019897612286525534
2016-06-30,51001,51619,50585,51526,6784568832,0.010293915805572373
2016-07-01,51540,52346,51411,52233,6150671360,0.013721228117843376
2016-07-04,52241,52917,52241,52568,2800461056,0.0064135699653475875
2016-07-05,52565,52565,51510,51842,4407628288,-0.013810683305433002
2016-07-06,51842,51908,50824,51901,4292090368,0.0011380733767987206
2016-07-07,51901,52718,51888,52014,5169725952,0.0021772220188436275
2016-07-08,52019,53166,52019,53140,4783570432,0.02164801784135051
2016-07-11,53143,54020,53143,53960,4886129664,0.015430937147158375
2016-07-12,53960,54746,53960,54256,5711792640,0.0054855448480355395
2016-07-13,54256,54646,53732,54598,5510931456,0.006303450309643077
2016-07-14,54600,55633,54600,55480,7051323392,0.016154437891497953
2016-07-15,55481,55648,55233,55578,5490855936,0.00176640230713776
2016-07-18,55573,56508,55355,56484,5872016896,0.016301414228651723
2016-07-19,56487,56698,56246,56698,5839281152,0.003788683520997038
2016-07-20,56698,56927,56220,56578,5743000064,-0.002116476771667486
2016-07-21,56578,56906,56232,56641,5274780672,0.0011135070168617478
2016-07-22,56641,57170,56518,57002,4471326720,0.006373475044578969
2016-07-25,57006,57205,56397,56872,4479896064,-0.00228062173257082
2016-07-26,56876,57309,56707,56782,5116462592,-0.0015825010550006846
2016-07-27,56788,57380,56788,56852,5582209536,0.0012327850375117855
2016-07-28,56853,56853,55992,56667,5516035584,-0.003254063181594269
2016-07-29,56663,57473,56339,57308,7018720768,0.011311698166481365
2016-08-01,57309,57729,56675,56755,5268478464,-0.009649612619529568
2016-08-02,56755,56973,55695,56162,5817082880,-0.010448418641529345
2016-08-03,56157,57101,55787,57076,5860235776,0.016274349204088212
2016-08-04,57075,58030,57075,57593,6305771008,0.009058097974630419
2016-08-05,57609,57950,57289,57661,5078564352,0.0011806990432865483
2016-08-08,57655,57917,57504,57635,4362118144,-0.00045091136123198705
2016-08-09,57637,58094,57615,57689,4388767232,0.0009369306844799752
2016-08-10,57690,57952,56735,56919,5146166272,-0.013347431919429997
2016-08-11,56925,58308,56922,58299,5952155136,0.02424497970800621
2016-08-12,58299,58753,57986,58298,5965291520,-1.715295288085006e-05
2016-08-15,58316,59323,58316,59145,4994693632,0.014528800301897071
2016-08-16,59144,59187,58589,58855,5816269824,-0.004903203990193616
2016-08-17,58846,59323,58081,59323,6667790848,0.007951745815988343
2016-08-18,59323,59417,58828,59166,5301622784,-0.0026465283279671903
2016-08-19,59158,59239,58599,59098,4250399232,-0.0011493087246053912
2016-08-22,59079,59098,57631,57781,4727818240,-0.02228501810551964
2016-08-23,57781,58596,57781,58020,5540691968,0.004136307782835136
2016-08-24,58019,58332,57456,57717,4803817984,-0.005222337125129317
2016-08-25,57717,58123,57638,57722,4606725632,8.662958920258035e-05
2016-08-26,57724,58655,57259,57716,5811899904,-0.00010394650220024726
2016-08-29,57717,58957,57641,58610,4344364544,0.015489638921616145
2016-08-30,58610,58881,58292,58575,4275952896,-0.0005971677188193469
2016-08-31,58579,58910,57506,57901,7037856256,-0.011506615450277424
2016-09-01,57901,58416,57637,58236,6461206016,0.005785737724737006
2016-09-02,58240,59654,58240,59616,6258024448,0.023696682464454888
2016-09-05,59616,59985,59402,59566,2705967104,-0.0008387010198603884
2016-09-06,59565,60129,59182,60129,5053043712,0.009451700634590221
2016-09-08,60129,60310,59742,60231,6386314752,0.0016963528413909135
2016-09-09,60220,60220,57961,57999,6453027328,-0.03705732928226324
2016-09-12,57998,58595,57511,58586,5496071680,0.010120864152830311
2016-09-13,58579,58579,56459,56820,6824120832,-0.03014372034274404
2016-09-14,56812,57341,56694,57059,4957205504,0.004206265399507192
2016-09-15,57068,58127,57068,57909,4582726656,0.014896861143728346
2016-09-16,57909,57909,56794,57079,6091129344,-0.014332832547617858
2016-09-19,57082,58024,57082,57350,4227126272,0.004747805672839389
2016-09-20,57355,57902,57355,57736,4341154816,0.0067306015693111565
2016-09-21,57736,58574,57326,58393,6036343808,0.011379382014687467
2016-09-22,58407,59462,58407,58994,5350754816,0.010292329560050106
2016-09-23,58992,59130,58408,58697,4531698688,-0.005034410279011414
2016-09-26,58697,58697,57904,58053,3520204544,-0.010971599911409391
2016-09-27,58066,58490,57410,58382,4606531584,0.005667235112741809
2016-09-28,58382,59415,58353,59355,5102558208,0.01666609571443245
2016-09-29,59345,59621,58291,58350,5056168448,-0.016932019206469584
2016-09-30,58349,58900,58271,58367,5014374912,0.0002913453299058233
2016-10-03,58370,59548,58366,59461,4901364224,0.01874346805557936
2016-10-04,59461,59579,58891,59339,6596404224,-0.002051765022451746
2016-10-05,59340,60477,59340,60254,5638369280,0.015419875629855584
2016-10-06,60254,60723,60070,60644,5711996928,0.006472599329505169
2016-10-07,60645,61274,60478,61108,6944587776,0.007651210342325632
2016-10-10,61130,61756,61130,61668,5335272448,0.009164102899783977
2016-10-11,61668,61668,60884,61021,6409458176,-0.010491665045080145
2016-10-13,61020,61328,60243,61118,8912762880,0.0015896166893365482
2016-10-14,61120,62038,61120,61767,7316119040,0.010618802971301466
2016-10-17,61767,62696,61718,62696,6452666880,0.015040393737756341
2016-10-18,62701,63937,62701,63782,7928402944,0.017321679213984975
2016-10-19,63783,64088,63308,63505,6206674432,-0.004342918064657697
2016-10-20,63494,63927,62728,63837,5980503552,0.005227934808282875
2016-10-21,63838,64371,63378,64108,6071317504,0.004245186960540215
2016-10-24,64140,64691,63913,64059,5949488640,-0.0007643351843763524
2016-10-25,64058,64266,63247,63866,6664820736,-0.003012847531182139
2016-10-26,63859,63924,63083,63825,7427990016,-0.0006419691228509716
2016-10-27,63827,64608,63827,64249,6565769216,0.006643164904034382
2016-10-28,64250,64728,63777,64307,6564977664,0.0009027377858021879
2016-10-31,64311,65054,64311,64924,6936414720,0.009594600898813477
2016-11-01,64921,65291,63018,63326,7765001728,-0.024613394122358412
2016-11-03,63324,63523,61750,61750,7338171392,-0.02488709218962193
2016-11-04,61749,62698,61491,61598,6605883904,-0.002461538461538515
2016-11-07,61600,64193,61600,64051,5800334336,0.03982272151693245
2016-11-08,64051,64767,63381,64157,5613520896,0.001654931226678702
2016-11-09,64157,64358,61794,63258,9573427200,-0.014012500584503651
2016-11-10,63260,63903,60553,61200,13788038144,-0.032533434506307524
2016-11-11,61198,61626,58920,59183,13665397760,-0.03295751633986932
2016-11-14,59183,59961,58322,59657,8832336896,0.008009056654782576
2016-11-16,59658,60915,59363,60759,8185857536,0.018472266456576847
2016-11-17,60762,61492,59745,59770,6670320128,-0.016277423920736056
2016-11-18,59770,60193,59327,59961,5949702656,0.003195583068428931
2016-11-21,59962,61070,59962,61070,6276029952,0.018495355314287698
2016-11-22,61072,62549,61072,61954,7146034688,0.014475192402161552
2016-11-23,61955,62046,61233,61985,5657284608,0.0005003712431803642
2016-11-24,61998,62104,61392,61395,2497462528,-0.009518431878680289
2016-11-25,61393,61559,60572,61559,4492791296,0.00267122729864
2016-11-28,61558,62934,61240,62855,5107412992,0.021052973570071076
2016-11-29,62858,62858,60979,60986,6474872832,-0.029735104605838836
2016-11-30,60994,62589,60994,61906,8504769536,0.015085429442822873
2016-12-01,61906,61910,59058,59506,9995236352,-0.03876845540012275
2016-12-02,59498,60378,58092,60316,7512935424,0.013612072732161362
2016-12-05,60322,60720,59635,59831,5015676928,-0.008040984150142538
2016-12-06,59828,61234,59395,61088,6487045632,0.02100917584529749
2016-12-07,61110,61917,61062,61414,6880189952,0.005336563645887971
2016-12-08,61429,61935,60499,60676,5427315200,-0.012016803986061864
2016-12-09,60688,61129,60315,60500,6307487744,-0.0029006526468455807
2016-12-12,60516,60516,59034,59178,5615149568,-0.021851239669421485
2016-12-13,59177,59946,58757,59280,6367287296,0.0017236135050187062
2016-12-14,59280,59337,58212,58212,6769386496,-0.01801619433198376
2016-12-15,58213,58635,57574,58396,6172119040,0.0031608603037174277
2016-12-16,58397,59311,58365,58389,6580893184,-0.00011987122405643369
2016-12-19,58390,58599,57109,57110,5830645248,-0.02190481083765783
2016-12-20,57115,57918,57038,57582,4815492096,0.008264752232533645
2016-12-21,57583,58049,57221,57646,4236179456,0.0011114584418741025
2016-12-22,57645,57645,56828,57255,4951828480,-0.0067827776428546205
2016-12-23,57255,58142,57255,57937,3918750720,0.011911623439000874
2016-12-26,57940,58781,57940,58620,1174756480,0.011788667000362407
2016-12-27,58627,59067,58402,58696,2841011968,0.0012964858410098312
2016-12-28,58688,59911,58688,59781,3532731136,0.018485075643996263
2016-12-29,59781,60248,59277,60227,3982297088,0.007460564393369173
2017-01-02,60227,60227,59370,59588,1439010048,-0.010609859365400931
2017-01-03,59631,61814,59631,61813,6146158592,0.03733973283211389
2017-01-04,61810,61940,61302,61589,4889768960,-0.003623833174251412
2017-01-05,61594,62408,61594,62070,5811926528,0.0078098361720437826
2017-01-06,62071,62071,61395,61665,4212310528,-0.006524891251812437
2017-01-09,61680,62111,61307,61700,4676979712,0.0005675829076461358
2017-01-10,61710,62445,61710,62131,4977702400,0.006985413290113485
2017-01-11,62133,62674,61664,62446,5486102528,0.005069932883745576
2017-01-12,62448,64342,62448,63953,8706349056,0.024132850783076476
2017-01-13,63939,64091,63365,63651,5234393088,-0.004722217878754709
2017-01-16,63651,64013,63555,63831,3187306752,0.0028279210067398974
2017-01-17,63827,64658,63456,64354,5637782528,0.008193510989957797
2017-01-18,64359,64680,64062,64149,5828575744,-0.0031855051745035556
2017-01-19,64145,64455,63573,63950,5529258496,-0.003102152800511293
2017-01-20,63950,64693,63950,64521,6489755648,0.008928850664581711
2017-01-23,64518,65815,64500,65748,5774255104,0.019017064211652057
2017-01-24,65751,66172,65615,65840,7591694848,0.0013992821074404471
2017-01-26,65841,66593,65841,66190,7342973952,0.005315917375455559
2017-01-27,66195,66242,65875,66033,5090128896,-0.0023719595105000657
2017-01-30,66025,66025,64164,64301,4422124544,-0.026229309587630478
2017-01-31,64309,64900,64283,64670,5156595712,0.005738635480008192
2017-02-01,64686,65593,64686,64836,6319787520,0.002566877995979544
2017-02-02,64835,65132,64162,64578,5873742336,-0.003979270775495092
2017-02-03,64579,65387,64264,64953,6956953088,0.00580693115302422
2017-02-06,64957,65326,63932,63992,5072676352,-0.014795313534401777
2017-02-07,64022,64815,63937,64198,5713239040,0.0032191523940492406
2017-02-08,64199,64835,63739,64835,6281678336,0.009922427489952979
2017-02-09,64850,65302,64586,64964,5573187584,0.0019896660754221696
2017-02-10,64964,66291,64935,66124,7064255488,0.01785604334708446
2017-02-13,66124,67093,66124,66967,6611576320,0.012748775028733839
2017-02-14,66971,67110,66251,66712,6930967040,-0.0038078456553227724
2017-02-15,66712,68015,66712,67975,8936524800,0.018932126154215023
2017-02-16,67978,68455,67661,67814,7617842176,-0.002368517837440187
2017-02-17,67814,67819,67157,67748,5711812608,-0.000973250361282374
2017-02-20,67756,68673,67756,68532,4840133120,0.011572297337190784
2017-02-21,68536,69111,68536,69052,6468865024,0.007587696258682053
2017-02-22,69052,69052,68282,68589,6944932864,-0.006705091814864117
2017-02-23,68590,69487,67279,67461,8449805824,-0.01644578576739708
2017-02-24,67458,67458,66452,66662,6426526208,-0.011843880167800691
2017-03-01,66661,67397,66661,66988,4927317504,0.004890342323962571
2017-03-02,67000,67035,65593,65854,6425778176,-0.016928405087478393
2017-03-03,65860,66800,65860,66785,5590720000,0.014137334102712007
2017-03-06,66786,66891,66118,66341,6582061568,-0.006648199445983383
2017-03-07,66342,66641,65667,65742,5869522944,-0.009029107188616381
2017-03-08,65747,65809,64496,64718,6611697664,-0.015576039670226027
2017-03-09,64718,65067,64202,64585,6734460928,-0.0020550696869495733
2017-03-10,64585,65724,64471,64675,6786068992,0.001393512425485799
2017-03-13,64674,65651,64674,65534,4503762432,0.013281793583301171
2017-03-14,65511,65549,64699,64699,5758374400,-0.012741477706228799
2017-03-15,64701,66317,64537,66234,7764728320,0.023725250776673423
2017-03-16,66232,66554,65530,65782,6069032448,-0.0068242896397620045
2017-03-17,65783,66205,64151,64209,10424205312,-0.023912316439147485
2017-03-20,64209,65135,63672,64884,7339370496,0.010512544970331161
2017-03-21,64883,64964,62794,62980,7247119872,-0.029344676653720536
2017-03-22,62980,63747,62496,63521,7727376384,0.00859002858050184
2017-03-23,63521,63942,62840,63530,7423237632,0.00014168542686676666
2017-03-24,63553,63997,63468,63853,5421590528,0.005084212183220416
2017-03-27,63829,64356,63030,64308,5226750464,0.007125741938515118
2017-03-28,64308,64847,64041,64640,6754400256,0.0051626547241401255
2017-03-29,64635,65551,64476,65528,8008415744,0.013737623762376305
2017-03-30,65541,65775,65070,65265,4614589440,-0.004013551458918352
2017-03-31,65266,65596,64859,64984,5367251456,-0.0043055236344134995
2017-04-03,64989,65384,64774,65211,5436308480,0.003493167548935139
2017-04-04,65211,65775,64989,65768,4325063168,0.008541503734032618
2017-04-05,65769,66211,64492,64774,6082970624,-0.015113733122491202
2017-04-06,64774,64921,63762,64222,5733356032,-0.008521937814555236
2017-04-07,64201,65197,64016,64593,5628471296,0.0057768365980506164
2017-04-10,64593,64927,64115,64649,5974980608,0.0008669670088090609
2017-04-11,64650,64871,63351,64359,6292018176,-0.004485761574038238
2017-04-12,64362,64455,63814,63891,8203415040,-0.007271710250314589
2017-04-13,63891,63991,62826,62826,5932152320,-0.016669014415175876
2017-04-17,62827,64423,62827,64334,5931961856,0.024002801387960293
2017-04-18,64335,64590,63716,64158,5880949760,-0.0027357229458762067
2017-04-19,64164,64572,63218,63406,5604528640,-0.011721063624177797
2017-04-20,63406,64163,63388,63760,5292178432,0.005583067848468515
2017-04-24,63761,64753,63761,64389,6364600320,0.009865119196988736
2017-04-25,64383,65148,63875,65148,5984922112,0.011787727717467167
2017-04-26,65143,65436,64679,64861,6103491072,-0.004405353963283565
2017-04-27,64871,65326,64292,64676,6510424576,-0.0028522532800913103
2017-04-28,64679,65403,64591,65403,5936539136,0.011240645680004935
2017-05-02,65404,66851,65404,66721,7387321344,0.02015198079598801
2017-05-03,66720,66757,65898,66093,6878687744,-0.009412328951904247
2017-05-04,66069,66098,64720,64862,7380405760,-0.018625270452241494
2017-05-05,64868,65768,64863,65709,5068389888,0.01305849341679255
2017-05-08,65705,66014,65295,65526,4319142400,-0.0027850066200977297
2017-05-09,65533,66535,65533,66277,5040354304,0.011461099410920772
2017-05-10,66283,67528,66283,67349,6439174144,0.016174540187395392
2017-05-11,67355,67709,67191,67537,5994789376,0.002791429716848093
2017-05-12,67536,68428,67536,68221,7850769920,0.010127781808490166
2017-05-15,68226,68592,68081,68474,6556772864,0.00370853549493555
2017-05-16,68473,68791,68124,68684,7217915904,0.003066857493355224
2017-05-17,68674,68674,67163,67540,6426200064,-0.01665598975016014
2017-05-18,67535,67535,60314,61597,20466802688,-0.08799230085875032
2017-05-19,61596,63488,61596,62639,11148108800,0.01691640826663643
2017-05-22,62638,62638,60924,61673,9907995648,-0.01542170213445293
2017-05-23,61670,62774,61670,62662,7691476480,0.01603619087769359
2017-05-24,62672,64015,62672,63257,7450151424,0.009495387954422174
2017-05-25,63256,63991,62761,63226,6869617152,-0.0004900643407054206
2017-05-26,63227,64170,63227,64085,6800107520,0.013586182899440136
2017-05-29,64054,64054,63530,63760,2944768512,-0.005071389560739603
2017-05-30,63764,64107,63720,63962,4074896384,0.0031681304893349527
2017-05-31,63960,63984,62672,62711,8866338816,-0.019558487852162187
2017-06-01,62711,63293,62165,62288,5973555200,-0.006745228109900969
2017-06-02,62289,62773,62160,62510,5305172992,0.0035640893912149973
2017-06-05,62503,62800,62009,62450,4564017152,-0.0009598464245720306
2017-06-06,62449,63301,62426,62954,5410665984,0.008070456365092182
2017-06-07,62954,63636,62911,63170,5307503104,0.0034310766591478803
2017-06-08,63170,63170,62376,62755,4980242944,-0.006569574164951741
2017-06-09,62755,63065,62095,62210,5707488768,-0.008684566966775553
2017-06-12,62218,62286,61278,61700,5579756032,-0.008198038900498306
2017-06-13,61708,62011,61510,61828,4827228672,0.0020745542949756057
2017-06-14,61830,62475,61507,61922,8440335360,0.0015203467684543615
2017-06-16,61911,61921,61269,61626,9677524992,-0.004780207357643507
2017-06-19,61619,62272,61619,62014,4771050496,0.00629604387758409
2017-06-20,62010,62010,60766,60766,6615237632,-0.020124488018834485
2017-06-21,60783,61187,60543,60761,5570758656,-8.228285554423564e-05
2017-06-22,60762,61353,60758,61272,5258904576,0.00840999983542079
2017-06-23,61272,61399,60991,61087,4608403968,-0.003019323671497598
2017-06-26,61087,62250,61087,62188,4606251520,0.0180234747163881
2017-06-27,62188,62424,61580,61675,5938661376,-0.008249179906091197
2017-06-28,61684,62057,61433,62017,4615154176,0.005545196595054813
2017-06-29,62009,62498,61689,62238,4942473216,0.0035635390296209213
2017-06-30,62237,63037,62237,62899,4756759040,0.010620521224975032
2017-07-03,62900,63337,62900,63279,3659892480,0.006041431501295769
2017-07-04,63268,63345,63075,63231,1681491072,-0.0007585454890247645
2017-07-05,63215,63484,62708,63154,5459972096,-0.0012177571128085818
2017-07-06,63156,63188,62353,62470,5463268864,-0.010830667891186585
2017-07-07,62474,62925,62035,62322,5258822656,-0.0023691371858491905
2017-07-10,62322,63135,62322,63025,4227237376,0.011280125798273533
2017-07-11,63026,63891,62907,63832,4618918912,0.012804442681475514
2017-07-12,63840,64937,63826,64835,7732437504,0.01571312194510588
2017-07-13,64854,65302,64854,65178,5803675648,0.005290352433099388
2017-07-14,65178,65624,65178,65436,4931113984,0.0039583908680842494
2017-07-17,65431,65478,65119,65212,4460094464,-0.0034231921266580922
2017-07-18,65208,65337,64942,65337,4428506624,0.0019168251242103196
2017-07-19,65336,65603,64873,65179,4787172864,-0.002418231629857548
2017-07-20,65178,65505,64897,64938,4310023680,-0.0036975099341812756
2017-07-21,64935,65149,64599,64684,4076496640,-0.003911423203671216
2017-07-24,64694,65104,64677,65099,3691864832,0.006415806072599173
2017-07-25,65101,65748,65101,65667,5717615616,0.008725172429683958
2017-07-26,65668,65873,64991,65010,5515268608,-0.010005025355201203
2017-07-27,65012,65677,65012,65277,4722966528,0.004107060452238187
2017-07-28,65252,65497,64952,65497,4896216576,0.00337025292216242
2017-07-31,65502,66047,65502,65920,5042103296,0.006458311067682576
2017-08-01,65925,66605,65925,66516,5650564096,0.009041262135922379
2017-08-02,66503,67276,66304,67135,7565085696,0.009306031631487244
2017-08-03,67135,67256,66704,66777,5493516800,-0.005332538914128215
2017-08-04,66783,67104,66525,66897,4746212864,0.0017970259220989604
2017-08-07,66897,68043,66887,67939,5862550016,0.015576184283301098
2017-08-08,67936,68500,67671,67898,6354961920,-0.0006034825358042228
2017-08-09,67894,67894,67290,67671,4828267008,-0.0033432501693717587
2017-08-10,67671,67671,66649,66992,5780103168,-0.010033840197425814
2017-08-11,66991,67623,66677,67358,5703718912,0.005463338906138038
2017-08-14,67363,68641,67226,68284,5628303360,0.013747439056979172
2017-08-15,68295,68846,68292,68355,5520579584,0.0010397750571145004
2017-08-16,68356,68950,68304,68594,8060500480,0.0034964523443785644
2017-08-17,68595,68595,67866,67976,5307045376,-0.009009534361606009
2017-08-18,67989,68807,67979,68714,6784697344,0.010856772978698359
2017-08-21,68713,69068,68514,68634,5191117824,-0.0011642460051809467
2017-08-22,68644,70277,68644,70011,7887149568,0.02006294256490948
2017-08-23,70010,70586,69947,70477,6342231040,0.006656096899058772
2017-08-24,70482,71237,70482,71132,6285566464,0.009293812165671156
2017-08-25,71137,71505,70801,71073,4722876416,-0.0008294438508688051
2017-08-28,71074,71390,70909,71017,4467638520,-0.0007879222770953431
2017-08-29,71005,71330,70517,71330,0,0.004407395412366011
2017-08-30,71328,71454,70755,70886,0,-0.006224589934109126
2017-08-31,70887,71234,70516,70835,0,-0.0007194650565697236
2017-09-01,70848,72217,70846,71923,0,0.015359638596738945
2017-09-04,71921,72141,71671,72129,0,0.0028641741862824865
2017-09-05,72134,73180,71827,72151,0,0.00030500908095221213
2017-09-06,72157,73608,72157,73412,0,0.017477235242754796
2017-09-08,73413,73646,72925,73079,0,-0.004536043153707814
2017-09-11,73096,74636,73096,74319,7016566120,0.016967938805949823
2017-09-12,74322,75332,74294,74539,7413208030,0.0029602120588274605
2017-09-13,74543,75146,74196,74788,6972988520,0.003340533143723512
2017-09-14,74787,74949,74397,74657,6808833980,-0.001751617906616043
2017-09-15,74656,75820,74648,75757,11281929040,0.01473405039045228
2017-09-18,75758,76404,75621,75990,6968436050,0.003075623374737546
2017-09-19,75990,76071,75300,75974,6250532270,-0.0002105540202658185
2017-09-20,75974,76420,75074,76004,8145565250,0.0003948719298707548
2017-09-21,76014,76251,75282,75604,7100782940,-0.00526288090100524
2017-09-22,75618,75734,75029,75390,5967172160,-0.0028305380667689173
2017-09-25,75381,75470,74303,74443,6358399300,-0.01256134765884065
2017-09-26,74443,74971,74319,74319,7354021580,-0.001665703961420184
2017-09-27,74358,74744,73125,73797,7287792490,-0.00702377588503611
2017-09-28,73808,74011,73277,73567,6279090630,-0.0031166578587205063
2017-09-29,73571,74518,73571,74294,6448158820,0.00988214824581668
2017-10-02,74295,74506,73845,74360,5306036280,0.0008883624518802868
2017-10-03,74363,76763,74363,76763,8324942840,0.032315761161914924
2017-10-04,76763,77004,76422,76591,6494690490,-0.0022406628193269995
2017-10-05,76592,78024,76592,76618,8663348660,0.0003525218367692595
2017-10-06,76618,76618,75603,76055,5807158490,-0.007348142734083352
2017-10-09,76055,76067,75181,75727,4785415850,-0.004312668463611891
2017-10-10,75745,76996,75745,76897,7406425440,0.015450235715134708
2017-10-11,76910,76985,76323,76660,7986250750,-0.003082044813191631
2017-10-13,76659,77319,76659,76990,7529528410,0.004304722149752083
2017-10-16,76985,77382,76565,76892,7028014620,-0.001272892583452423
2017-10-17,76892,76892,76046,76201,6339329880,-0.008986630598761924
2017-10-18,76211,76730,76012,76591,6961039680,0.005118043070300837
2017-10-19,76591,76591,75366,76283,5284548670,-0.004021360212035363
2017-10-20,76291,76971,76291,76391,5857693910,0.0014157807112986642
2017-10-23,76398,76498,75315,75413,5618666980,-0.012802555274836092
2017-10-24,75426,76420,75426,76350,6586975210,0.012424913476456245
2017-10-25,76350,76883,75404,76671,6400965420,0.004204322200392907
2017-10-26,76671,77061,75813,75896,6436575380,-0.010108124323407797
2017-10-27,75898,76617,75601,75976,6952248030,0.0010540739959945533
2017-10-30,75973,75973,74305,74800,8084968720,-0.015478572180688599
2017-10-31,74798,75142,74145,74308,7453931590,-0.006577540106951885
2017-11-01,74310,75199,73823,73824,7749281424,-0.0065134305862087905
2017-11-03,73834,74254,73094,73915,9181345550,0.001232661465106144
2017-11-06,73911,74445,73830,74311,7105922769,0.005357505242508331
2017-11-07,74306,74306,72386,72415,9018192185,-0.02551439221649554
2017-11-08,72468,74481,72468,74363,6193986564,0.026900504039218287
2017-11-09,74363,74363,72795,72931,7034401807,-0.019256888506380854
2017-11-10,72932,73019,71920,72166,6625088411,-0.010489366661639132
2017-11-13,72167,72735,71776,72475,6042716232,0.004281794750990775
2017-11-14,72442,72838,70825,70827,6839738917,-0.022738875474301534
2017-11-16,70827,72896,70827,72512,6942103946,0.02379036243240562
2017-11-17,72512,73632,72390,73437,5699575425,0.012756509267431548
2017-11-21,73439,75073,73439,74595,6131321235,0.01576861799910123
2017-11-22,74611,75019,74242,74519,7360450951,-0.001018835042563171
2017-11-23,74519,74578,73851,74487,3019973730,-0.00042942068465756655
2017-11-24,74503,74542,74093,74157,5417407076,-0.004430303274396863
2017-11-27,74157,74157,73159,74059,5677012488,-0.0013215205577356004
2017-11-28,74060,74989,74056,74140,6624864239,0.0010937225725435873
2017-11-29,74146,74515,72700,72700,6532383127,-0.019422713784731593
2017-11-30,72700,72700,71215,71971,4554119712,-0.010027510316368615
2017-12-01,71955,72472,71488,72264,4640061257,0.004071084186686225
2017-12-04,72266,73749,72266,73090,5219801406,0.01143031108158965
2017-12-05,73090,74166,72319,72546,5724107233,-0.007442878642769157
2017-12-06,72535,73418,71906,73268,5604543479,0.009952306123011567
2017-12-07,73268,73268,71356,72487,5628740766,-0.01065949664246324
2017-12-08,72489,73425,72489,72732,6381883432,0.0033799163988026404
2017-12-11,72775,73361,72498,72800,5174630195,0.0009349392289501601
2017-12-12,72800,73814,71798,73814,6207841602,0.013928571428571512
2017-12-13,73827,74622,72569,72914,7462553977,-0.012192808952231293
2017-12-14,72913,72913,71969,72429,7460455326,-0.006651671832569872
2017-12-15,72428,73069,72277,72608,7386386431,0.0024713857708928977
2017-12-18,72621,73519,72621,73115,7081774262,0.006982701630674271
2017-12-19,73122,73139,72347,72680,3504121712,-0.005949531559871435
2017-12-20,72680,73492,72680,73367,4529486538,0.009452394056136404
2017-12-21,73367,75133,73265,75133,5234098790,0.024070767511279012
2017-12-22,75128,75227,74623,75187,4074503326,0.0007187254601839221
2017-12-26,75187,75837,74924,75708,3433955840,0.006929389389123131
2017-12-27,75708,76293,75708,76073,3764451916,0.004821154963808416
2017-12-28,76077,76437,76077,76402,4881507236,0.004324793290654938
2018-01-02,76403,77909,76403,77891,5654590375,0.01948901861207819
2018-01-03,77889,78414,77602,77995,6797876407,0.0013351991886096926
2018-01-04,77998,79135,77998,78647,7005344879,0.008359510225014466
2018-01-05,78644,79071,78218,79071,6185965581,0.005391178303050248
2018-01-08,79070,79395,78631,79379,5781434115,0.003895233397832376
2018-01-09,79379,79415,78699,78864,6756081491,-0.006487862029000091
2018-01-10,78864,78864,78164,78201,5874222772,-0.008406877662811896
2018-01-11,78201,79365,78201,79365,6897010478,0.01488472014424369
2018-01-12,79365,79440,78861,79349,7224633258,-0.00020160020160020498
2018-01-15,79349,79847,79349,79752,4084448509,0.005078828970749516
2018-01-16,79751,80246,79668,79832,6836755976,0.0010031096398837036
2018-01-17,79832,81189,79828,81189,7366051970,0.016998196212045347
2018-01-18,81185,81367,80498,80963,7608988935,-0.0027836283240340043
2018-01-19,80965,81429,80854,81220,6882212121,0.0031742894902608843
2018-01-22,81220,81675,80923,81675,6331246180,0.005602068456045384
2018-01-23,81676,81676,80524,80678,9338707170,-0.01220691766146309
2018-01-24,80679,83680,80679,83680,9248135152,0.03720964823124029
2018-01-26,83680,85531,83680,85531,10386378313,0.022119980879541146
2018-01-29,85531,85531,84341,84698,9492242755,-0.00973915890145094
2018-01-30,84697,84697,83804,84482,8288199840,-0.0025502373137500367
2018-01-31,84485,86213,84484,84913,8494820902,0.005101678464051407
2018-02-01,84913,86028,84833,85495,8670986569,0.00685407417003292
2018-02-02,85495,85495,83831,84041,8380891035,-0.017006842505409625
2018-02-05,84040,84311,81861,81861,7970000317,-0.025939719898620872
2018-02-06,81857,84162,80804,83894,10918103945,0.024834780909102072
2018-02-07,83894,84410,82548,82767,9687880100,-0.013433618613965193
2018-02-08,82773,83501,81109,81533,9507594000,-0.014909323764302207
2018-02-09,81532,81897,79690,80899,10176344035,-0.007775992542896737
2018-02-14,80901,83782,80901,83543,7481267084,0.03268272784583237
2018-02-15,83551,84686,83551,84291,7657568490,0.008953473061776629
2018-02-16,84291,84575,83824,84525,8872678895,0.0027760970922161565
2018-02-19,84525,84956,84525,84793,4990266605,0.0031706595681750827
2018-02-20,84792,86290,84261,85804,8148059275,0.011923154033941508
2018-02-21,85804,87358,85804,86052,10298829280,0.002890308144142484
2018-02-22,86050,87159,86050,86686,9149503468,0.007367638172267821
2018-02-23,86690,87345,86138,87293,10934437747,0.00700228410585324
2018-02-26,87296,88318,87242,87653,7430921024,0.004124042019405971
2018-02-27,87649,87839,86613,86935,7087559275,-0.008191391053358088
2018-02-28,86939,87109,85199,85354,10079164312,-0.01818600103525625
2018-03-01,85337,86260,84640,85378,8880746316,0.00028118190125825393
2018-03-02,85378,85761,83897,85761,8607892552,0.004485933144369847
2018-03-05,85761,86165,85053,86023,6933958594,0.0030550016907451294
2018-03-06,86023,86931,85653,85653,8852183222,-0.004301175267079738
2018-03-07,85653,85653,84397,85484,8681680613,-0.0019730774170197973
2018-03-08,85510,85830,84491,84985,8837008949,-0.005837349679472137
2018-03-09,84987,86389,84749,86371,8591966149,0.016308760369476927
2018-03-12,86386,87046,86386,86900,6833949664,0.0061247409431406385
2018-03-13,86902,87333,86119,86384,7092668106,-0.00593785960874571
2018-03-14,86383,86970,85691,86051,6915093056,-0.0038548805334320813
2018-03-15,86051,86051,84720,84928,9588157703,-0.013050400343982083
2018-03-16,84928,85495,84525,84886,14964021353,-0.0004945365486058728
2018-03-19,84886,84886,83678,83913,8643539343,-0.011462431967580011
2018-03-20,83919,84412,83682,84164,6450324591,0.002991193259685554
2018-03-21,84166,85145,84080,84977,8800488627,0.009659711990875008
2018-03-22,84984,85499,84197,84768,8226103358,-0.0024594890382103607
2018-03-23,84766,85450,84042,84377,8193905779,-0.004612589656474153
2018-03-26,84377,85553,84357,85088,5976457864,0.008426466928191267
2018-03-27,85103,85296,83542,83808,7515489111,-0.015043249341857856
2018-03-28,83806,83889,82889,83874,7149057767,0.0007875143184421507
2018-03-29,83874,85708,83874,85366,8397578738,0.01778858764336988
2018-04-02,85365,85675,84166,84666,6505478927,-0.008199985942881294
2018-04-03,84669,85411,84210,84623,6790376775,-0.0005078780147874662
2018-04-04,84610,84610,82826,84360,7234403352,-0.0031079021069921886
2018-04-05,84374,86148,84374,85210,11313040318,0.01007586533902316
2018-04-06,85210,85210,83833,84820,7666908229,-0.0045769275906584195
2018-04-09,84832,85110,83155,83307,7683052662,-0.017837774109879745
2018-04-10,83312,84538,83312,84510,8792783270,0.014440563217976932
2018-04-11,84494,85417,84340,85246,8225266150,0.008709028517335238
2018-04-12,85246,85577,85025,85444,7111080323,0.002322689627665797
2018-04-13,85441,85441,84144,84334,8179221434,-0.012990964842469976
2018-04-16,84328,84591,82762,82862,7373846494,-0.01745440747503968
2018-04-17,82862,84191,82810,84086,6596973289,0.014771547874779856
2018-04-18,84090,86149,84090,85776,10776141570,0.020098470613419517
2018-04-19,85775,86059,85197,85824,8718738837,0.0005595970900951208
2018-04-20,85823,85823,85025,85550,6988643728,-0.0031925801640566576
2018-04-23,85520,85746,84711,85603,6398773667,0.000619520748100566
2018-04-24,85603,86578,85106,85469,7260595356,-0.0015653656998002585
2018-04-25,85466,85466,84349,85044,8094684933,-0.004972563151552034
2018-04-26,85051,86383,85051,86383,8284353092,0.01574479093175296
2018-04-27,86383,87179,86262,86445,7847845888,0.0007177338133661504
2018-04-30,86443,86739,85979,86116,5491416844,-0.003805888136965696
2018-05-02,86111,86111,84383,84547,7849371501,-0.018219610757582827
2018-05-03,84547,84562,83178,83288,8034668829,-0.014891125646090297
2018-05-04,83286,83671,82746,83118,8823106569,-0.00204111036403809
2018-05-07,83122,83643,82602,82714,7464318570,-0.004860559686229227
2018-05-08,82715,83409,82201,82956,8284300651,0.0029257441303769394
2018-05-09,82977,84447,82855,84265,11691803845,0.01577944934664166
2018-05-10,84284,86201,84284,85861,12035841654,0.018940248027057516
2018-05-11,85861,86406,85183,85220,11087525357,-0.0074655547920475795
2018-05-14,85222,86105,84688,85232,7492015165,0.0001408120159587245
2018-05-15,85225,85231,83830,85130,7338948508,-0.0011967336211751167
2018-05-16,85122,86678,85044,86537,8413388535,0.016527663573358442
2018-05-17,86537,86537,83377,83622,9926025444,-0.03368501334689211
2018-05-18,83614,83614,81391,83082,10213377589,-0.006457630767022993
2018-05-21,83095,83883,81576,81815,8044828420,-0.01524999398184923
2018-05-22,81817,83396,81613,82739,8727657766,0.0112937725355986
2018-05-23,82742,82742,80867,80867,8397611659,-0.022625364096737988
2018-05-24,80860,80860,79027,80122,14191968332,-0.009212657820866332
2018-05-25,80123,80629,78622,78898,10321602620,-0.015276703027882532
2018-05-28,78886,78886,75337,75356,6131944658,-0.04489340667697539
2018-05-29,75361,77214,75361,76072,8522300802,0.009501565900525533
2018-05-30,76058,77097,75515,76754,6302127358,0.008965190871805584
2018-06-01,76779,78169,75524,77240,10406541110,0.006331917554785349
2018-06-04,77244,78637,77244,78596,9032494754,0.017555670636975718
2018-06-05,78595,78892,76412,76642,10046750613,-0.0248613160975113
2018-06-06,76641,76967,75518,76117,10757363355,-0.006850030009655228
2018-06-07,76117,76117,71162,73851,16824667971,-0.02976995940460081
2018-06-08,73848,74031,71679,72942,12585816442,-0.012308567250274183
2018-06-11,72943,73716,71843,72308,7623617426,-0.008691837350223497
2018-06-12,72308,73322,72124,72754,8153218778,0.006168058859324033
2018-06-13,72757,72977,71035,72122,8913020533,-0.008686807598207613
2018-06-14,72151,72708,71344,71421,9429324452,-0.009719641718199723
2018-06-15,71421,71421,69583,70758,14102044376,-0.009282983996303562
2018-06-18,70757,70757,69360,69815,7277904163,-0.013327114955199448
2018-06-19,69811,72010,69069,71394,11237696596,0.022616916135500986
2018-06-20,71397,72617,71155,72123,9330897493,0.010210942095974396
2018-06-21,72117,72207,70019,70075,7175655933,-0.02839593472262658
2018-06-22,70077,71058,69907,70641,6041161428,0.008077060292543736
2018-06-25,70642,71323,69779,70953,7084399230,0.004416698517857975
2018-06-26,70968,71622,70203,71405,7271190479,0.006370414217862441
2018-06-27,71405,72032,70134,70609,7487529147,-0.011147678733982258
2018-06-28,70609,72092,70439,71767,7181521841,0.016400175615006507
2018-06-29,71779,73020,71779,72763,8071436222,0.0138782448757786
2018-07-02,72763,72840,71935,72840,5639404512,0.0010582301444415076
2018-07-03,72848,74515,72848,73668,6846444571,0.011367380560131757
2018-07-04,73667,74904,73450,74743,4332683851,0.014592496063419613
2018-07-05,74751,75127,73756,74553,7442752252,-0.002542044071016658
2018-07-06,74558,75065,74048,75010,5676900491,0.006129867342695716
2018-07-10,75015,75895,74431,74862,8668387000,-0.001973070257298981
2018-07-11,74862,75025,74196,74399,8183196231,-0.006184713205631742
2018-07-12,74403,75898,74403,75856,8152538830,0.01958359655371722
2018-07-13,75856,76682,75554,76594,7849626138,0.009728960134992581
2018-07-16,76587,76924,76129,76653,6886569065,0.0007702953233934551
2018-07-17,76653,78522,76482,78130,8493536940,0.019268652238007666
2018-07-18,78124,78496,77164,77363,8138750994,-0.009816971713810352
2018-07-19,77360,77487,75890,77487,8658146830,0.0016028333958093555
2018-07-20,77500,79489,77500,78571,11036184051,0.01398944339050412
2018-07-23,78571,78639,77871,77996,5500768972,-0.007318221735754915
2018-07-24,78005,79497,78005,79155,7551720686,0.01485973639673821
2018-07-25,79154,80437,79154,80218,8409427571,0.013429347482786902
2018-07-26,80242,80589,79081,79405,9975887262,-0.010134882445336446
2018-07-27,79405,80251,79405,79866,7248687399,0.005805679743089209
2018-07-30,79866,80492,79699,80276,6199700601,0.005133598777953052
2018-07-31,80279,80279,79016,79220,7912057352,-0.013154616572823796
2018-08-01,79213,79731,78769,79302,8073042557,0.0010350921484474362
2018-08-02,79237,79896,78573,79637,7185536989,0.004224357519356348
2018-08-03,79656,81792,79656,81435,9253814624,0.022577445157401677
2018-08-06,81445,81765,80965,81051,6072049100,-0.0047154172039050035
2018-08-07,81093,81742,79923,80347,9722426804,-0.008685889131534452
2018-08-08,80347,80912,78966,79152,8865659557,-0.014872988412759636
2018-08-09,79171,79461,78156,78768,8394787343,-0.004851425106124907
2018-08-10,78766,78766,76043,76514,10062553205,-0.02861568149502336
2018-08-13,76513,77689,75931,77496,8299270161,0.012834252555087966
2018-08-14,77499,78742,77499,78602,7845860076,0.014271704346030756
2018-08-15,78614,78618,76829,77078,9946938098,-0.01938881962291039
2018-08-16,77085,77704,76381,76819,7490972877,-0.003360232491761539
2018-08-17,76817,76817,75633,76029,8383684098,-0.010283914135825745
2018-08-20,76029,76497,75608,76328,7847465733,0.003932709887016772
2018-08-21,76327,76340,74915,75180,8843275648,-0.015040352164343407
2018-08-22,75171,76904,74876,76902,7544434300,0.022905027932960786
2018-08-23,76898,77232,75466,75634,8365901995,-0.016488517853891937
2018-08-24,75647,76629,75647,76262,6400350236,0.008303144088637415
2018-08-27,76264,78008,76264,77930,5804522337,0.02187196769033073
2018-08-28,77928,78038,77149,77473,6575831597,-0.005864237135891237
2018-08-29,77472,78783,77399,78389,6897999058,0.011823473984484911
2018-08-30,78389,78389,76372,76404,7889024559,-0.02532243044304683
2018-08-31,76386,77202,76026,76678,9353092315,0.0035861996754096293
2018-09-03,76675,76675,75729,76193,3606439647,-0.006325151934061912
2018-09-04,76192,76192,74605,74712,6792904010,-0.019437481133437462
2018-09-05,74712,75370,74276,75092,6476277774,0.005086197665703063
2018-09-06,75098,76533,74986,76416,7183537051,0.017631705108400286
2018-09-10,76416,77293,76115,76436,7042588205,0.00026172529313228665
2018-09-11,76437,76437,74275,74657,7368699738,-0.023274373331937825
2018-09-12,74680,75680,74499,75125,8046768584,0.006268668711574277
2018-09-13,75126,75407,74501,74687,6883422322,-0.005830282861896796
2018-09-14,74687,75705,74445,75429,7284183529,0.009934794542557635
2018-09-17,75428,76893,75227,76789,7235100222,0.018030200585981593
2018-09-18,76781,78454,76677,78314,9229581759,0.019859615309484324
2018-09-19,78268,79021,77624,78169,8041733934,-0.00185152080087847
2018-09-20,78169,78944,77820,78116,6669743050,-0.0006780181401834229
2018-09-21,78116,80002,78116,79444,10862204049,0.01700035844129233
2018-09-24,79447,79447,77857,77984,6119406757,-0.01837772519007097
2018-09-25,77980,78688,77005,78630,8351146130,0.008283750512925625
2018-09-26,78634,79461,78530,78656,8771168148,0.0003306625969732302
2018-09-27,78676,80107,78676,80000,10106389882,0.01708706265256299
2018-09-28,80000,80000,78967,79342,8779236441,-0.008225000000000038
2018-10-01,79350,79557,78091,78624,6605930725,-0.00904943157470195
2018-10-02,78625,81778,78625,81612,11340738112,0.03800366300366309
2018-10-03,81624,85442,81623,83273,13401120105,0.020352399156986722
2018-10-04,83275,83430,81892,82953,11541210694,-0.0038427821742942347
2018-10-05,82972,83805,82030,82322,12272051001,-0.007606717056646506
2018-10-08,82324,87333,82324,86084,24595432165,0.0456985981876048
2018-10-09,86053,86573,85433,86088,14782313256,4.6466242275000624e-05
2018-10-10,86084,86085,83679,83679,11913449489,-0.02798299414552552
2018-10-11,83700,84749,82607,82921,12732704385,-0.009058425650402158
2018-10-15,82922,84278,82922,83360,11665915135,0.005294195680225711
2018-10-16,83420,85718,83420,85718,11838941561,0.028286948176583504
2018-10-17,85714,86167,84944,85764,12289181086,0.0005366434121187869
2018-10-18,85760,85760,83846,83847,9960608089,-0.022352035819224847
2018-10-19,83845,84954,83667,84220,7748777221,0.004448578959294958
2018-10-22,84222,85772,84222,85597,9047330074,0.016350035620992687
2018-10-23,85595,85595,84032,85300,10806342299,-0.003469747771534082
2018-10-24,85302,85786,83035,83064,11147158735,-0.02621336459554513
2018-10-25,83124,84831,83124,84084,13048903003,0.012279687951459062
2018-10-26,84084,85720,83497,85720,16170465816,0.01945673374244805
2018-10-29,85728,88377,82783,83797,19702001576,-0.02243350443303782
2018-10-30,83802,86990,83802,86886,16752688510,0.03686289485303762
2018-10-31,86889,88028,86213,87424,14887983202,0.006192021729622743
2018-11-01,87428,89017,87094,88419,15238719991,0.011381314055636915
2018-11-05,88418,89598,88347,89598,11987072819,0.013334238116242014
2018-11-06,89587,89587,88066,88669,11892738086,-0.010368535011942237
2018-11-07,88676,89565,87541,87714,11685126484,-0.010770393260327693
2018-11-08,87719,88570,85620,85620,13085396111,-0.023873041931732675
2018-11-09,85620,86233,84030,85641,12299594782,0.00024526979677652605
2018-11-12,85644,86227,85009,85525,8554011592,-0.0013544914235004146
2018-11-13,85531,85941,84071,84914,11014984820,-0.0071441099093831895
2018-11-14,84898,85973,84267,85973,13681274432,0.012471441693949092
2018-11-16,85975,88516,85975,88515,12952742678,0.029567422330266435
2018-11-19,88472,88484,87047,87901,9315290972,-0.006936677399310809
2018-11-21,87896,87896,86254,87269,10252731723,-0.007189906826998604
2018-11-22,87269,87656,87222,87477,5410976156,0.002383435125875133
2018-11-23,87479,87479,85763,86230,10376173282,-0.014255175646169849
2018-11-26,86237,87147,84905,85547,11343795553,-0.007920677258494768
2018-11-27,85547,88018,85377,87891,11990261788,0.02740014261166368
2018-11-28,87891,89483,87153,89251,13099117375,0.015473711756607722
2018-11-29,89249,89910,88475,89710,10425943006,0.0051427995204536
2018-11-30,89709,90246,89258,89504,16044229957,-0.0022962880392375373
2018-12-03,89511,91242,89429,89820,14806846067,0.0035305684662136905
2018-12-04,89820,90452,88041,88624,12415477483,-0.013315519928746355
2018-12-05,88644,89111,88449,89040,6604964156,0.00469398808449184
2018-12-06,88933,88933,87025,88846,10698387302,-0.0021787960467205547
2018-12-07,88849,89986,87907,88115,11132388260,-0.008227719874839612
2018-12-10,88115,88384,85915,85915,9559115150,-0.02496737218407763
2018-12-11,85918,87520,85583,86420,10589358374,0.005877902578129479
2018-12-12,86420,87946,86420,86977,10472894230,0.006445267299236335
2018-12-13,86979,87842,86856,87838,8640735227,0.009899168745760356
2018-12-14,87838,88184,87106,87450,8596640706,-0.004417222614358285
2018-12-17,87448,87820,86328,86400,9063987205,-0.012006861063464824
2018-12-18,86400,87274,86400,86611,9639329439,0.0024421296296295303
2018-12-19,86617,88101,85674,85674,13364393980,-0.010818487259124154
2018-12-20,85678,86584,84756,85269,12916449077,-0.0047272217942433414
2018-12-21,85269,86554,85134,85697,14362955541,0.005019409163939947
2018-12-26,85684,85684,83892,85136,7719374384,-0.006546320174568576
2018-12-27,85141,85739,84876,85460,8071687023,0.003805675624882543
2018-12-28,85469,88044,85469,87887,9040326085,0.028399251111631107
2019-01-02,87887,91479,87536,91012,14133446531,0.035557022085177525
2019-01-03,91011,91596,89922,91564,17253228213,0.006065134268008698
2019-01-04,91577,92701,90824,91841,13666880575,0.0030252064130007472
2019-01-07,91845,92552,91288,91699,12010133582,-0.0015461504121253578
2019-01-08,91699,92231,91064,92032,11570303424,0.003631446362555746
2019-01-09,92033,93626,92028,93613,13216605877,0.017178807371349025
2019-01-10,93599,93987,93050,93806,11776432796,0.0020616794675953898
2019-01-11,93806,93961,93359,93658,11918806069,-0.0015777242393876234
2019-01-14,93645,94474,93335,94474,10826141018,0.008712549915650625
2019-01-15,94474,94695,93402,94056,11835564249,-0.0044244977454114265
2019-01-16,94057,94393,93687,94393,10119249094,0.003582971846559424
2019-01-17,94393,95682,93950,95351,12553240717,0.010149057663174199
2019-01-18,95386,96396,95386,96097,12864102379,0.007823724974043378
2019-01-21,96093,96093,94863,96010,7062846754,-0.0009053352341904519
2019-01-22,96008,96070,94662,95103,10632696981,-0.009446932611186343
2019-01-23,95116,96576,95116,96558,11637013945,0.015299201917920557
2019-01-24,96558,97677,96558,97677,11990353600,0.011588889579320139
2019-01-28,97674,97937,94783,95444,20952535282,-0.022861062481443928
2019-01-29,95508,96751,95508,95639,14333493296,0.0020430828548678726
2019-01-30,95643,97107,95643,96996,15734506783,0.014188772362738966
2019-01-31,96996,98405,96996,97394,10645503343,0.00410326199018507
2019-02-01,97395,98044,96990,97861,11061767860,0.00479495656816642
2019-02-04,97861,98589,96901,98589,11363968870,0.007439122837493928
2019-02-05,98587,98587,97596,98311,13028874146,-0.0028197871973546507
2019-02-06,98308,98308,94636,94636,13971746540,-0.03738137136230946
2019-02-07,94654,95642,93507,94406,14342366960,-0.002430364766050963
2019-02-08,94401,95486,93424,95343,13499759637,0.009925216617587829
2019-02-11,95351,95499,93737,94413,9945686389,-0.009754255687360325
2019-02-12,94420,96571,94420,96168,13887338175,0.018588541832162964
2019-02-13,96169,96804,95389,95842,15445715875,-0.0033899010065718826
2019-02-14,95843,98019,94915,98015,14355183151,0.022672732205087476
2019-02-15,98015,98238,97083,97526,11959974454,-0.004989032290975914
2019-02-18,97527,97527,96239,96510,7567273230,-0.010417734757910746
2019-02-19,96513,98185,96513,97659,12176576563,0.011905502020516101
2019-02-20,97661,98544,96545,96545,14411126212,-0.011407038777788037
2019-02-21,96546,97231,95793,96932,13234863033,0.0040084934486508406
2019-02-22,96929,97887,96929,97886,11394770434,0.009841951058473963
2019-02-25,97881,98190,97087,97240,10146510610,-0.006599513720041639
2019-02-26,97242,97904,97235,97603,9040137594,0.0037330316742081315
2019-02-27,97603,97782,96886,97307,9949795325,-0.0030326936672028237
2019-02-28,97307,97528,95364,95584,13874948961,-0.017706845345144773
2019-03-01,95584,96113,94394,94604,10808551203,-0.01025276196853031
2019-03-06,94604,94889,93945,94217,6693617499,-0.0040907361210942295
2019-03-07,94216,94532,93729,94340,10293088434,0.0013054968848509318
2019-03-08,94340,95476,93305,95365,11468186480,0.010864956540173942
2019-03-11,95384,98027,95384,98027,11440515650,0.0279138048550307
2019-03-12,98038,98150,97267,97828,10008209680,-0.002030052944596905
2019-03-13,97831,99267,97464,98904,12898668470,0.010998896021588989
2019-03-14,98905,99036,97776,98605,9573099510,-0.0030231335436382567
2019-03-15,98605,99393,98597,99137,13897547490,0.005395263931849303
2019-03-18,99141,100038,99141,99994,11467976795,0.00864460292322744
2019-03-19,99991,100439,99373,99588,14151473821,-0.004060243614616876
2019-03-20,99588,99708,97981,98041,13032885094,-0.015534000080331012
2019-03-21,98041,98046,95456,96729,14103456333,-0.013382156444752713
2019-03-22,96725,96725,93380,93735,16298437308,-0.03095245479638986
2019-03-25,93735,94384,93103,93662,11855131889,-0.0007787912732704072
2019-03-26,93668,95525,93668,95307,12453421209,0.017563152612585675
2019-03-27,95297,95297,91903,91903,14388552791,-0.03571615935870398
2019-03-28,91901,94854,91584,94389,14233023290,0.027050259512747088
2019-03-29,94402,95863,94402,95415,12213985169,0.010869910688745543
2019-04-01,95423,96752,95423,96054,9011069625,0.006697060210658634
2019-04-02,96062,96690,94825,95387,9376149800,-0.006944010660670075
2019-04-03,95392,96442,94124,94491,11162977590,-0.009393313554257876
2019-04-04,94503,96394,94334,96313,10206978157,0.01928225968610775
2019-04-05,96319,97493,96152,97108,9121446935,0.008254337420701363
2019-04-08,97110,97610,96743,97369,9024107613,0.002687729126333638
2019-04-09,97366,97366,95488,96292,9551786569,-0.01106101531288195
2019-04-10,96292,96902,95670,95953,11326011235,-0.0035205416857059246
2019-04-11,95954,95954,94173,94755,8833366754,-0.012485279251300163
2019-04-12,94747,94768,92516,92875,17169433808,-0.019840641654793933
2019-04-15,92875,93723,92697,93083,12059670595,0.0022395693135934813
2019-04-16,93082,95062,92879,94333,11466482722,0.013428875304835497
2019-04-17,94337,95042,92338,93285,16608702286,-0.011109579892508492
2019-04-18,93285,95140,93285,94578,12401363750,0.013860749316610299
2019-04-22,94578,95038,93721,94588,7817068375,0.00010573283427439684
2019-04-23,94590,96315,94590,95923,10385057185,0.014113841079206768
2019-04-24,95923,95923,94163,95045,11420277484,-0.009153174942401754
2019-04-25,95027,96552,94213,96552,12409014085,0.015855647324951372
2019-04-26,96552,96563,95620,96236,9501574530,-0.0032728477918634313
2019-04-29,96254,97123,96004,96188,8312089464,-0.000498773847624645
2019-04-30,96191,96707,95613,96353,10478440301,0.0017153906932256824
2019-05-02,96339,96339,95312,95528,9725595572,-0.008562265835002525
2019-05-03,95521,96315,95521,96008,9652121812,0.0050247047985931825
2019-05-06,95992,95992,94540,95009,7649819280,-0.010405382884759562
2019-05-07,95009,95009,92750,94389,12050824709,-0.006525697565493815
2019-05-08,94389,96312,94389,95597,12253860909,0.01279810147368865
2019-05-09,95597,95597,93883,94808,10715734982,-0.008253397073129887
2019-05-10,94809,94848,93234,94258,10512831426,-0.005801198211121461
2019-05-13,94252,94252,91600,91727,10810990955,-0.026851832205223913
2019-05-14,91736,92529,91562,92092,9879210486,0.003979199145289769
2019-05-15,92088,92088,90295,91623,11325861961,-0.005092733353602941
2019-05-16,91622,91622,89778,90024,14139120384,-0.017451949837922753
2019-05-17,90023,91321,89409,89993,13284496778,-0.0003443526170798794
2019-05-20,90006,92117,89822,91946,11409927808,0.021701687909059686
2019-05-21,91946,94573,91946,94485,13798119481,0.02761403432449483
2019-05-22,94485,95212,93883,94361,11103251810,-0.001312377626078165
2019-05-23,94360,94547,93300,93910,10022252792,-0.004779516961456509
2019-05-24,93912,94900,93545,93628,9424987895,-0.0030028750931743176
2019-05-27,93626,95444,93626,94864,6725539419,0.01320117913444685
2019-05-28,94863,96552,94707,96393,17842028021,0.016117810760667872
2019-05-29,96389,96986,95690,96567,11661091804,0.0018051103295881887
2019-05-30,96566,97939,96511,97457,10954062165,0.009216398976876095
2019-05-31,97420,97992,96792,97030,13223187671,-0.004381419497829775
2019-06-03,97036,97757,96430,97020,11428782096,-0.00010306090899725451
2019-06-04,97020,97723,96593,97380,11185334819,0.0037105751391466324
2019-06-05,97381,97686,95686,95999,9865430062,-0.014181556787841498
2019-06-06,96002,97462,96002,97205,10229801084,0.012562630860738055
2019-06-07,97205,98326,97205,97821,9404521425,0.006337122575999166
2019-06-10,97828,97856,96782,97467,8973145694,-0.0036188548471187687
2019-06-11,97467,98985,97467,98960,13757608366,0.015318005068382101
2019-06-12,98960,99240,97831,98321,12344013827,-0.006457154405820509
2019-06-13,98321,99364,98321,98774,14587007052,0.004607357532978806
2019-06-14,98776,98981,97601,98040,14010972277,-0.007431105351610734
2019-06-17,98038,98439,97623,97623,10448679663,-0.004253365973072243
2019-06-18,97633,99412,97633,99404,12060860732,0.01824365159849628
2019-06-19,99403,100327,98978,100303,12095425830,0.009043901653857045
2019-06-21,100305,102100,100305,102013,14937057297,0.017048343519137088
2019-06-24,102018,102617,101589,102062,9308313679,0.0004803309382137577
2019-06-25,102061,102061,99890,100093,11787244034,-0.01929219494033041
2019-06-26,100095,101126,100095,100689,13153777750,0.005954462350014511
2019-06-27,100689,101025,99421,100724,11489652933,0.0003476050015394083
2019-06-28,100726,101563,100726,100967,10837896465,0.00241253325920332
2019-07-01,100973,102432,100973,101340,10877638564,0.0036942763477174623
2019-07-02,101342,101565,100073,100605,13293304810,-0.007252812314979318
2019-07-03,100576,102177,100451,102043,11712278925,0.014293524178718764
2019-07-04,102047,104022,102047,103636,10225761278,0.015611065923189171
2019-07-05,103628,104176,102622,104089,11692204328,0.004371067968659492
2019-07-08,104090,104679,103988,104530,9200189051,0.004236758927456341
2019-07-10,104537,106650,104537,105817,17499044728,0.012312254855065596
2019-07-11,105818,105886,104814,105146,12962386891,-0.006341136112344881
2019-07-12,105158,105731,103903,103906,12885798502,-0.011793125748958633
2019-07-15,103909,104578,103495,103803,10150885111,-0.0009912805805246672
2019-07-16,103805,104440,103361,103775,11574598712,-0.0002697417223008758
2019-07-17,103775,104453,103712,103856,10727474667,0.000780534810888911
2019-07-18,103859,104773,103859,104717,11187852245,0.008290325065475335
2019-07-19,104716,104723,103388,103452,0,-0.012080178003571529
2019-07-22,103452,104278,103452,103949,9210418238,0.004804160383559575
2019-07-23,103949,104430,103518,103704,11731813020,-0.002356925030543855
2019-07-24,103707,104570,103707,104120,12665300035,0.004011417110236781
2019-07-25,104119,104440,102390,102655,15067627186,-0.014070303495966163
2019-07-26,102654,103209,102196,102819,13917095290,0.0015975841410549307
2019-07-29,102817,103483,102461,103483,9559323730,0.006457950378821131
2019-07-30,103483,103555,102596,102933,11475509773,-0.005314882637727947
2019-07-31,102946,103129,100950,101812,14526211134,-0.01089057930887083
2019-08-01,101819,104056,101819,102126,20133944606,0.0030841158213177344
2019-08-02,102122,103180,101667,102674,13856923252,0.00536592052954199
2019-08-05,102658,102658,99630,100098,13695794294,-0.025089117011122597
2019-08-06,100098,102178,100098,102164,13784204399,0.020639773022437913
2019-08-07,102163,102784,100476,102782,15076538152,0.006049097529462477
2019-08-08,102782,104282,102782,104115,15018688397,0.012969196941098549
2019-08-09,104102,104848,103547,103996,12905594180,-0.0011429669115881058
2019-08-12,103946,103946,101621,101915,11661525449,-0.02001038501480823
2019-08-13,101912,103778,101414,103299,13608109915,0.013579944071039574
2019-08-14,103270,103270,99955,100258,15948571971,-0.029438813541273423
2019-08-15,100262,101014,98200,99057,15122356648,-0.01197909393764085
2019-08-16,99059,100567,99059,99806,12752567602,0.007561303088120974
2019-08-19,99810,100948,98908,99469,12056889424,-0.003376550507985465
2019-08-20,99472,99665,98002,99222,11408540641,-0.0024831857161528026
2019-08-21,99227,101240,99221,101202,14242069332,0.01995525185946656
2019-08-22,101209,101469,100011,100011,11224380517,-0.011768542123673398
2019-08-23,100007,100025,97085,97667,14044095155,-0.02343742188359277
2019-08-26,97687,98436,95961,96430,10016062237,-0.012665485783324937
2019-08-27,96434,97951,95855,97276,11737404014,0.008773203359950132
2019-08-28,97273,98346,96557,98194,9998267041,0.009437065668818523
2019-08-29,98194,100684,98194,100524,12458548337,0.02372853738517633
2019-08-30,100526,101551,100526,101135,15819043484,0.006078150491424905
2019-09-02,101133,101611,100626,100626,7044981700,-0.005032876847777756
2019-09-03,100626,101417,99406,99681,10912790972,-0.009391211019020962
2019-09-04,99706,101201,99706,101201,11081464945,0.015248643171717813
2019-09-05,101204,103258,101204,102243,12953534424,0.010296340945247673
2019-09-06,102247,103182,102246,102935,10593316250,0.006768189509306355
2019-09-09,102937,104260,102793,103181,14747150549,0.0023898576771748115
2019-09-10,103180,103503,102231,103032,13594914914,-0.0014440643141663267
2019-09-11,103036,104156,103036,103446,12879795422,0.00401816911250874
2019-09-12,103453,104618,103453,104371,13175155684,0.00894186338766123
2019-09-13,104371,104699,103275,103501,11132052233,-0.008335648791330974
2019-09-16,103496,104005,102782,103680,16282370375,0.0017294518893538058
2019-09-17,103680,104619,103079,104617,12495141116,0.00903742283950626
2019-09-18,104616,104762,103684,104532,10104737196,-0.0008124874542377869
2019-09-19,104555,106001,104286,104339,12537143963,-0.0018463245704664066
2019-09-20,104339,105045,103914,104817,18399056899,0.004581220828261623
2019-09-23,104817,104817,104020,104638,8349193944,-0.001707738248566515
2019-09-24,104638,104893,103504,103876,10433475065,-0.00728224927846477
2019-09-25,103857,104481,103034,104481,10484581356,0.0058242519927607095
2019-09-26,104485,105342,104337,105319,10560001027,0.00802059704635294
2019-09-27,105319,105633,104506,105078,9223658765,-0.002288286064242917
2019-09-30,105077,105178,104638,104745,9893554921,-0.0031690744018728623
2019-10-01,104745,105121,103837,104053,10202393891,-0.006606520597641885
2019-10-02,104049,104049,100944,101031,12800868952,-0.029042891603317522
2019-10-03,101031,101560,99826,101516,11823582281,0.0048005067751482056
2019-10-04,101516,102580,101057,102551,12269936295,0.010195437172465516
2019-10-07,102546,102546,100542,100573,10161144663,-0.019287964037405736
2019-10-08,100565,101296,99868,99981,10925888834,-0.005886271663368858
2019-10-09,100005,101567,100005,101249,9538331604,0.01268240965783507
2019-10-10,101244,102483,101152,101817,10608428777,0.0056099319499451905
2019-10-11,101819,104381,101819,103832,11930955752,0.019790408281524785
2019-10-14,103834,104305,103438,104302,7898066166,0.004526542876954975
2019-10-15,104299,105048,104052,104490,11393626542,0.0018024582462465855
2019-10-16,104486,105462,103521,105423,12691436780,0.008929084122882625
2019-10-17,105389,105891,104827,105016,11447378663,-0.0038606376217713567
2019-10-18,105012,105464,104525,104729,12449146420,-0.0027329168888550193
2019-10-21,104729,106027,104696,106022,9491075123,0.01234615054091992
2019-10-22,106023,107421,105927,107381,14228005686,0.0128180943577747
2019-10-23,107381,107959,107041,107544,13138536737,0.0015179594155390053
2019-10-24,107553,107744,106593,106986,15175015568,-0.005188573979022504
2019-10-25,106990,108083,106990,107364,14049232435,0.00353317256463459
2019-10-28,107366,108393,107362,108187,11140463722,0.007665511717149132
2019-10-29,108189,108195,107313,107556,11343221881,-0.005832493737694899
2019-10-30,107557,108408,106622,108408,14896119227,0.007921454870021272
2019-10-31,108403,108403,106356,107220,15144759135,-0.01095860084126632
2019-11-01,107221,108496,107220,108196,15961680153,0.00910277933221404
2019-11-04,108196,109352,108196,108779,14773922729,0.005388369255795
2019-11-05,108779,109343,108253,108719,16253890019,-0.0005515770507175111
2019-11-06,108719,109633,107446,108360,15404666198,-0.003302090710915251
2019-11-07,108360,109672,108360,109581,15768469086,0.01126799557032121
2019-11-08,109572,109572,107127,107629,15274512364,-0.017813307051404936
2019-11-11,107622,108367,106814,108367,11038337024,0.0068568880134536325
2019-11-12,108368,108368,106232,106751,14149314726,-0.014912288796404827
2019-11-13,106751,106786,105261,106060,13673280571,-0.006473007278620324
2019-11-14,106052,106758,105820,106557,13160985180,0.004686026777295904
2019-11-18,106566,107519,106246,106269,13543346147,-0.002702778794448024
2019-11-19,106269,106950,105367,105864,10079959625,-0.0038110831945346035
2019-11-21,105866,107497,105864,107497,15088251968,0.015425451522708356
2019-11-22,107497,108692,107157,108692,12517596826,0.011116589300166568
2019-11-25,108692,108915,108080,108424,11736394984,-0.0024656828469437064
2019-11-26,108424,108424,106414,107059,19372803097,-0.012589463587397653
2019-11-27,107059,107991,106312,107708,11677186229,0.006062077919651854
2019-11-28,107708,108333,107148,108290,9491209764,0.0054034983473836284
2019-11-29,108290,108708,107759,108233,10643390178,-0.000526364391910561
2019-12-02,108233,109279,108233,108928,12221657380,0.006421331756488291
2019-12-03,108931,109198,108190,108956,12971688420,0.0002570505287895486
2019-12-04,108962,110301,108962,110301,13082560778,0.012344432615000622
2019-12-05,110297,111073,110008,110622,11638960010,0.0029102184023717115
2019-12-06,110623,111430,110623,111126,12991531048,0.004556055757444222
2019-12-09,111125,111453,110870,110977,13944530923,-0.0013408203300757648
2019-12-10,110973,111184,110133,110672,13020595909,-0.002748317218883245
2019-12-11,110672,111227,110530,110964,14612325063,0.0026384270637560547
2019-12-12,110963,112445,110963,112200,15315330674,0.01113874770195733
2019-12-13,112205,112829,111780,112565,0,0.0032531194295899457
2019-12-16,112565,113197,111896,111896,16497335090,-0.005943232798827358
2019-12-17,111897,112695,111897,112616,14964529702,0.006434546364481264
2019-12-18,112618,114339,112300,114315,22741326356,0.015086666193080855
2019-12-19,114313,115132,113712,115131,16042424581,0.007138170843721259
2019-12-20,115133,115171,114526,115121,19529134657,-8.685757962667573e-05
2019-12-23,115119,115863,114964,115863,0,0.006445392239469827
2019-12-26,115864,117220,115673,117203,10553557375,0.01156538325436074
2019-12-27,117205,117803,115995,116534,10900985546,-0.0057080450159125995
2019-12-30,116530,117085,115599,115645,0,-0.007628674893164211
2020-01-02,115652,118573,115649,118573,0,0.025318863764105748
2020-01-03,118564,118792,117341,117707,0,-0.007303517664223769
2020-01-06,117707,117707,116269,116878,21063594150,-0.007042911636521154
2020-01-07,116872,117076,115965,116662,0,-0.0018480809048752045
2020-01-08,116667,117335,115693,116247,17813435563,-0.0035572851485488055
2020-01-09,116248,116820,115411,115947,17978977765,-0.0025807117603035
2020-01-10,115948,116745,114952,115503,14350887615,-0.0038293358172268865
2020-01-13,115503,117333,115503,117325,16709187828,0.015774482048085403
2020-01-14,117325,117705,116610,117632,15731513691,0.002616663115277973
2020-01-15,117632,117632,116188,116414,16551267195,-0.010354325353645222
2020-01-16,116415,117106,115961,116704,14679286477,0.0024911093167487852
2020-01-17,116710,118479,116710,118478,14964700033,0.015200850013709966
2020-01-20,118478,118862,117928,118862,11057071302,0.0032411080538159442
2020-01-21,118861,118861,117026,117026,16111030115,-0.01544648415809935
2020-01-22,117035,118401,117035,118391,15562061015,0.011664074650077794
2020-01-23,118391,119535,116906,119528,19352926685,0.00960377055688344
2020-01-24,119528,119593,118108,118376,13942723490,-0.009637909109162734
2020-01-27,118347,118347,114376,114482,17627794836,-0.03289518145570047
2020-01-28,114482,116797,114475,116479,14835798423,0.01744379029017673
2020-01-29,116494,117171,115164,115385,0,-0.009392250963693005
2020-01-30,115375,115528,112825,115528,12408710611,0.001239329202235906
2020-01-31,115518,115518,113148,113761,18345985053,-0.015294993421508196
2020-02-03,113761,115299,113467,114629,16360175525,0.007630031381580693
2020-02-04,114631,116556,114631,115557,17502115064,0.00809568259340998
2020-02-05,115563,117701,115562,116028,21741157334,0.004075910589579124
2020-02-06,116033,117382,114723,115190,21646347559,-0.00722239459440821
2020-02-07,115190,115190,113769,113770,18768796433,-0.012327458980814332
2020-02-10,113771,114176,112134,112570,0,-0.010547596027072115
2020-02-11,112574,115576,112574,115371,20491974715,0.024882295460602277
2020-02-12,115371,117581,115371,116674,23971859338,0.01129399935859099
2020-02-13,116660,116660,114801,115662,16378108478,-0.008673740507739502
2020-02-14,115663,115663,114132,114381,14792845941,-0.01107537479898324
2020-02-17,114381,115696,114381,115309,13175004948,0.008113235589827017
2020-02-18,115309,115309,113532,114977,15307607073,-0.0028792201822928076
2020-02-19,114982,116545,114774,116518,17859884455,0.013402680536107159
2020-02-20,116518,116552,114379,114586,19669994401,-0.016581129095933678
2020-02-21,114585,114585,112661,113681,16767291697,-0.007897998010228169
2020-02-26,113647,113647,105053,105718,18537128688,-0.07004688558334282
2020-02-27,105711,106656,102984,102984,0,-0.025861253523524863
2020-02-28,102984,104172,99951,104172,14003807977,0.011535772547191847
2020-03-02,104260,107220,103779,106625,19339079648,0.023547594363168667
2020-03-03,106630,108804,104405,105537,18806816681,-0.010203985932004667
2020-03-04,105540,107809,105042,107224,16780986443,0.01598491524299539
2020-03-05,107217,107217,100536,102233,18011656932,-0.04654741475789004
2020-03-06,102231,102231,96886,97997,24646793993,-0.04143476176968297
2020-03-09,97982,97982,85880,86067,31755908575,-0.12173842056389483
2020-03-10,86071,92230,86071,92214,29946497338,0.07142110216459274
2020-03-11,92202,92202,80796,85171,25223180920,-0.0763766890060078
2020-03-12,85103,85103,68488,72583,21301908596,-0.147796785290768
2020-03-13,72621,83758,72621,82678,21301908596,0.13908215422344083
2020-03-16,82565,82565,70855,71168,21301908596,-0.1392147850697888
2020-03-17,71178,77255,70783,74617,21301908596,0.048462792266187105
2020-03-18,74576,74576,63547,66895,21301908596,-0.10348848117721166
2020-03-19,66883,70071,61691,68332,21301908596,0.02148142611555426
2020-03-20,68344,72247,66120,67069,21301908596,-0.01848328747878003
2020-03-23,67067,67603,62161,63569,21301908596,-0.05218506314392646
2020-03-24,63604,71535,63604,69729,21301908596,0.096902578300744
2020-03-25,69727,76714,69360,74956,21301908596,0.07496163719542803
2020-03-26,74956,78846,74923,77710,21301908596,0.036741555045626706
2020-03-27,77708,77708,73057,73429,21301908596,-0.055089435079140436
2020-03-30,73431,75430,73184,74639,21301908596,0.016478503043756643
2020-03-31,74629,75511,72385,73020,21301908596,-0.021691073031525065
2020-04-01,73011,73011,69569,70967,21301908596,-0.0281155847712955
2020-04-02,70969,73861,70957,72253,21301908596,0.01812109853875743
2020-04-03,72241,72241,67802,69538,21301908596,-0.03757629440992072
2020-04-06,69556,75260,69556,74073,21301908596,0.06521614081509397
2020-04-07,74078,79855,74078,76358,21301908596,0.030847947295235878
2020-04-08,76335,79058,76115,78625,21301908596,0.029689096099950296
2020-04-09,78640,80428,77457,77682,21301908596,-0.011993640699523023
2020-04-13,77682,78836,76405,78836,21301908596,0.014855436265801547
2020-04-14,78848,81668,78848,79918,21301908596,0.013724694302095442
2020-04-15,79911,80035,77546,78831,21301908596,-0.013601441477514409
2020-04-16,78837,80167,77452,77812,21301908596,-0.012926386827517122
2020-04-17,77817,79846,77754,78990,21301908596,0.015139053102349198
2020-04-20,78989,80106,76943,78973,21301908596,-0.00021521711609062688
2020-04-22,78973,81184,78973,80687,21301908596,0.02170362022463368
2020-04-23,80690,81934,78622,79673,21301908596,-0.012567080198792824
2020-04-24,79667,79667,72041,75331,21301908596,-0.05449775959233372
2020-04-27,75334,78563,75327,78239,21301908596,0.038602965578579784
2020-04-28,78243,81427,78243,81312,21301908596,0.03927708687483222
2020-04-29,81313,83598,81313,83171,21301908596,0.022862554112554223
2020-04-30,83169,83169,80168,80506,21301908596,-0.03204241863149415
2020-05-04,80501,80502,77640,78876,21301908596,-0.02024693811641365
2020-05-05,78887,81066,78886,79471,15937025174,0.007543485977990816
2020-05-06,79473,79996,78056,79064,18417080185,-0.005121365026235947
2020-05-07,79072,80061,78061,78119,26200487736,-0.01195234240615195
2020-05-08,78152,80557,78152,80263,18957269768,0.02744530779963905
2020-05-11,80263,80723,78994,79065,17162840117,-0.014925931001831483
2020-05-12,79065,80344,77872,77872,18008731622,-0.01508885094542467
2020-05-13,77877,78911,77152,77772,19957172548,-0.0012841586192726684
2020-05-14,77770,79011,75697,79011,23774995781,0.015931183459342746
2020-05-15,79011,79538,77426,77557,21341139716,-0.018402500917593767
2020-05-18,77576,81420,77571,81194,21906823066,0.04689454207872923
2020-05-19,81197,82175,80647,80742,19982437093,-0.005566913811365426
2020-05-20,80747,82290,80740,81319,18414229392,0.007146218820440309
2020-05-21,81320,83309,81317,83027,22818212086,0.021003701471980607
2020-05-22,83027,83027,81669,82173,17711702263,-0.010285810639912296
2020-05-25,82198,85876,82193,85663,16436025136,0.04247137137502577
2020-05-26,85668,87333,85396,85469,23767313068,-0.002264688371875878
2020-05-27,85468,87946,85468,87946,21224661939,0.028981268062104437
2020-05-28,87946,88091,86767,86949,18678250781,-0.011336501944374966
2020-05-29,86951,87410,85384,87403,33772486720,0.005221451655568199
2020-06-01,87395,89019,86837,88620,19650879141,0.013924007185108112
2020-06-02,88622,91046,88622,91046,23150342764,0.027375310313698886
2020-06-03,91048,93710,91048,93002,31079325405,0.021483645629681636
2020-06-04,92993,94132,92221,93829,24470383816,0.008892281886411002
2020-06-05,93839,97356,93839,94637,30177107563,0.008611410118406937
2020-06-08,94640,97693,94635,97645,25196975492,0.0317846085569069
2020-06-09,97644,97644,95386,96747,24614807608,-0.009196579445952202
2020-06-10,96747,97646,94665,94686,25921763643,-0.021302986139105085
2020-06-12,94677,94703,90811,92795,27439281135,-0.019971273472319084
2020-06-15,92780,93112,90148,92376,24627463489,-0.004515329489735431
2020-06-16,92387,95216,92387,93531,24290618340,0.012503247596778344
2020-06-17,93531,96611,93531,95547,24586466836,0.02155435096385161
2020-06-18,95547,97110,94698,96125,21731656724,0.006049378839733333
2020-06-19,96138,97540,95874,96572,30068077973,0.004650195058517603
2020-06-22,96572,96870,94869,95336,17051867939,-0.012798740835853084
2020-06-23,95344,97486,95344,95975,20418916522,0.006702609717210706
2020-06-24,95974,95974,93259,94377,19548391225,-0.0166501693149258
2020-06-25,94382,96260,94152,95983,18047396369,0.017016857920891804
2020-06-26,95979,95979,93514,93834,17732330333,-0.02238938145296565
2020-06-29,93837,95735,93825,95735,17496469284,0.020259181107061375
2020-06-30,95728,96257,94806,95056,21637026573,-0.007092494907818492
2020-07-01,95062,96852,95062,96203,21266983960,0.012066571284295557
2020-07-02,96206,97864,96052,96235,20984233660,0.0003326299595647342
2020-07-03,96237,96765,95803,96765,10389116656,0.0055073517950849915
2020-07-06,96776,99257,96768,98937,20103744643,0.022446132382576423
2020-07-07,98937,98938,97272,97761,19969920796,-0.011886351920919358
2020-07-08,97765,99973,97765,99770,20688211822,0.02055011712236987
2020-07-09,99770,100191,98861,99160,21091130359,-0.006114062343389848
2020-07-10,99160,100101,98739,100032,18692321762,0.008793868495361012
2020-07-13,100027,100858,98697,98697,21489906776,-0.013345729366602721
2020-07-14,98699,100632,98289,100440,23109620544,0.017660111249582
2020-07-15,100444,102114,100444,101791,21918972695,0.013450816407805766
2020-07-16,101791,101792,100160,100553,18479597220,-0.012162175437907097
2020-07-17,100554,103017,100554,102888,20591203430,0.02322158463695767
2020-07-20,102888,104439,102744,104426,20591203430,0.01494829328979086
2020-07-21,104426,105449,103732,104310,26303861940,-0.0011108344665121672
2020-07-22,104312,104980,103277,104290,22892352500,-0.0001917361710286336
2020-07-23,104291,104949,102119,102293,21947407720,-0.01914852814267909
2020-07-24,102292,102694,100859,102382,20828028042,0.000870049759025493
2020-07-27,102381,104585,102381,104477,22123113081,0.020462581313121397
2020-07-28,104477,104663,103592,104109,20432666611,-0.0035223063449371095
2020-07-29,104112,105704,104112,105605,20386646856,0.014369554985639965
2020-07-30,105605,105607,103920,105009,22753575526,-0.005643672174612924
2020-07-31,105010,105462,102642,102912,26974786941,-0.019969716881410138
2020-08-03,102913,103863,102304,102830,24026810481,-0.0007967972636815368
2020-08-04,102826,103012,100005,101216,32456135123,-0.0156958086161626
2020-08-05,101220,103763,101220,102802,24485188480,0.015669459374012096
2020-08-06,102795,104523,102795,104126,20836080636,0.012879126865236179
2020-08-07,104116,104126,101957,102776,22993247486,-0.012965061560033075
2020-08-10,102776,103722,101282,103444,18982145120,0.006499571884486688
2020-08-11,103449,104409,102174,102174,21862949570,-0.012277174123197065
2020-08-12,102176,103116,100698,102118,23746144727,-0.0005480846399279482
2020-08-13,102118,103237,100187,100461,25089815050,-0.01622632640670596
2020-08-14,100469,101717,100445,101353,21081668510,0.008879067498830384
2020-08-17,101348,101689,98513,99595,25465986707,-0.017345317849496333
2020-08-18,99597,102247,99597,102065,23337410750,0.024800441789246452
2020-08-19,102072,102334,100800,100854,21862383963,-0.011864987997844523
2020-08-20,100853,101749,99131,101468,22249896432,0.006088008408194012
2020-08-21,101460,101566,100412,101521,18617630072,0.0005223321638347933
2020-08-24,101525,102515,101525,102298,18152329683,0.007653588912638787
2020-08-25,102293,102708,101623,102118,18638589413,-0.0017595651918903554
2020-08-26,102119,102521,99359,100627,23011583508,-0.014600755988170566
2020-08-27,100625,101548,99857,100624,17073194472,-2.9813072038309407e-05
2020-08-28,100631,102347,100631,102143,17788281164,0.015095802194307506
2020-08-31,102142,102142,99369,99369,26951498632,-0.0271580039748196
2020-09-01,99382,102238,99382,102168,21503889289,0.028167738429490052
2020-09-02,102168,102824,100872,101911,16775102289,-0.002515464724767047
2020-09-03,101911,103226,99751,100721,30487984521,-0.01167685529530671
2020-09-04,100733,101582,98961,101242,27709690579,0.005172704798403593
2020-09-08,101239,101239,99373,100050,19571431485,-0.011773769779340637
2020-09-09,100050,101578,100050,101292,17898037057,0.012413793103448256
2020-09-10,101291,101536,98687,98835,21732861809,-0.024256604667693416
2020-09-11,98839,99435,97758,98363,21811990540,-0.004775636161278851
2020-09-14,98367,100520,98367,100275,18936506369,0.019438203389485986
2020-09-15,100277,100949,99647,100298,19780659301,0.00022936923460492586
2020-09-16,100299,100663,99663,99676,17081011924,-0.00620151947197356
2020-09-17,99674,100251,98562,100098,17751078838,0.0042337172438702275
2020-09-18,100098,100102,98045,98290,24543964075,-0.01806229894703193
2020-09-21,98283,98283,95820,96991,22078282718,-0.013215993488655986
2020-09-22,96995,97684,96390,97294,16347739895,0.003124001195987214
2020-09-23,97294,97389,95728,95735,20082450250,-0.016023598577507348
2020-09-24,95735,97955,95653,97012,20032684535,0.013338904266986917
2020-09-25,97011,97012,95632,96999,14965437115,-0.0001340040407372678
2020-09-28,97005,98314,94371,94666,22994788083,-0.024051794348395328
2020-09-29,94665,95505,93408,93580,18789087159,-0.011471911774026622
2020-09-30,93586,95340,93584,94603,19894224161,0.010931823039110888
2020-10-01,94604,95486,93599,95479,19508708677,0.00925974863376422
2020-10-02,95475,95996,93897,94016,19195437074,-0.015322741126320927
2020-10-05,94019,96414,93984,96089,17887243020,0.02204943839346485
2020-10-06,96091,97405,95211,95615,22144551806,-0.004932926765810808
2020-10-07,95616,96380,94881,95526,20536552738,-0.0009308162945144138
2020-10-08,95530,97938,95530,97920,21990086925,0.025061239871867258
2020-10-09,97924,98642,97161,97483,23126255874,-0.004462826797385633
2020-10-13,97483,98998,97336,98503,19265883910,0.010463362842752177
2020-10-14,98502,99571,98501,99334,20703517635,0.008436291280468522
2020-10-15,99328,99486,97778,99054,17917675834,-0.0028187730283689705
2020-10-16,99054,99172,98309,98309,16863525987,-0.007521150079754513
2020-10-19,98310,99917,98310,98658,20568772976,0.0035500310246263656
2020-10-20,98664,100722,98664,100540,19756529569,0.019075999918911846
2020-10-21,100541,101586,100149,100552,19796986873,0.00011935548040575839
2020-10-22,100553,102020,100457,101918,22641129931,0.013585010740711168
2020-10-23,101918,102218,101188,101260,17812831467,-0.0064561706469906666
2020-10-26,101260,101784,99762,101017,16590869468,-0.0023997629863716785
2020-10-27,101017,101660,99414,99606,19153885504,-0.013967945989288966
2020-10-28,99598,99598,95369,95369,22022698753,-0.04253759813665847
2020-10-29,95368,96688,93387,96582,25781968875,0.012719017710157487
2020-10-30,96579,96579,93559,93952,22744961762,-0.02723074693006977
2020-11-03,93968,96350,93968,95980,21700599881,0.02158549046321534
2020-11-04,95992,98296,95987,97867,22599623759,0.019660345905397003
2020-11-05,97873,100922,97872,100751,22871884666,0.029468564480366277
2020-11-06,100751,101104,99837,100925,18369568659,0.0017270300046650089
2020-11-09,100954,105147,100954,103515,39613826411,0.02566262075798864
2020-11-10,103516,105758,103453,105067,39481386443,0.014992996184127971
2020-11-11,105067,105462,104143,104809,25280184077,-0.002455575965812251
2020-11-12,104810,105019,102034,102507,24681624654,-0.021963762653970598
2020-11-13,102509,104726,102509,104723,22870478595,0.02161803584145483
2020-11-16,104729,106518,104729,106430,29776720048,0.016300144189910437
2020-11-17,106430,107810,105847,107249,29776720048,0.007695198722164731
2020-11-18,107246,107467,106043,106119,23544061636,-0.010536228776025891
2020-11-19,106117,106973,105545,106670,20674632786,0.005192284133849645
2020-11-20,106670,106764,105680,106042,16876885344,-0.005887316021374378
2020-11-23,106050,107495,106050,107379,22509344066,0.012608211840591466
2020-11-24,107378,109956,107361,109786,29116614080,0.022415928626640325
2020-11-25,109786,110596,109315,110133,21296409197,0.003160694441914247
2020-11-26,110133,110245,109418,110227,14475093443,0.0008535134791569643
2020-11-27,110229,111603,110161,110575,21999432999,0.0031571212134957616
2020-11-30,110598,110934,108829,108893,39323938585,-0.015211394980782278
2020-12-01,108897,111840,108897,111400,29860080198,0.02302260016713653
2020-12-02,111402,112315,110579,111879,27186412883,0.0042998204667863416
2020-12-03,111874,113377,111874,112292,28087620605,0.0036914881255643017
2020-12-04,112294,113864,112294,113750,24380677119,0.01298400598439775
2020-12-07,113751,114531,112629,113590,22776328040,-0.0014065934065934371
2020-12-08,113590,114381,112820,113793,21628257039,0.0017871291486926122
2020-12-09,113799,114020,112567,113001,21331814603,-0.006960006327278445
2020-12-10,113002,115262,112732,115129,29690828843,0.01883169175494026
2020-12-11,115128,115527,113949,115128,20653442133,-8.685908850059043e-06
2020-12-14,115137,115740,114431,114611,19208467549,-0.004490653880897755
2020-12-15,114613,116390,114613,116149,20231692062,0.013419305302283302
2020-12-16,116149,118178,115496,117857,25239326268,0.014705249291857792
2020-12-17,117864,119027,117856,118401,19767874491,0.004615763170622067
2020-12-18,118395,119370,117638,118024,22600446262,-0.003184094728929665
2020-12-21,118021,118021,114730,115823,23457410679,-0.01864874940690031
2020-12-22,115825,116903,115648,116636,17167203306,0.007019331220914582
2020-12-23,116636,118311,116636,117807,15519239501,0.010039781885524235
2020-12-28,117806,119213,117805,119124,15811071299,0.011179301739285386
2020-12-29,119130,119861,118750,119409,14888843395,0.0023924649944595533
2020-12-30,119410,120150,118919,119017,20052106051,-0.0032828346272056885
2021-01-04,119024,120354,118062,118855,22706023624,-0.0013611500878025762
2021-01-05,118835,119790,116756,119376,24088182294,0.004383492490850127
2021-01-06,119377,120924,118917,119100,32026800513,-0.002312022517088841
2021-01-07,119103,122697,119101,122386,32565406793,0.02759026028547429
2021-01-08,122387,125324,122386,125077,33003412100,0.021987809063128028
2021-01-11,125075,125075,122506,123255,26930570156,-0.014567026711545639
2021-01-12,123255,124584,123227,123998,25368340390,0.00602815301610482
2021-01-13,123996,124032,121016,121933,27651556016,-0.01665349441120023
2021-01-14,121947,123896,121947,123481,23400548807,0.012695496707208154
2021-01-15,123472,123472,120185,120349,26111174102,-0.02536422607526667
2021-01-18,120351,122586,120351,121242,19223491942,0.007420086581525487
2021-01-19,121250,122120,119257,120636,21841564822,-0.004998267926956013
2021-01-20,120645,121449,118740,119646,20607093157,-0.008206505520740093
2021-01-21,119628,120243,117785,118329,23559553172,-0.011007472042525501
2021-01-22,118318,118318,116109,117380,22645362057,-0.008020012000439447
2021-01-26,117381,119167,116109,116464,26651946216,-0.007803714431760089
2021-01-27,116463,117840,114887,115882,26974169561,-0.004997252369831062
2021-01-28,115882,119355,115734,118883,26630422300,0.02589703318893366
2021-01-29,118880,118880,114973,115068,26295917212,-0.03209037456995534
2021-02-01,115093,117862,115093,117518,22765249160,0.02129175791705773
2021-02-02,117520,119805,117519,118234,30138246292,0.006092683673990296
2021-02-03,118235,120210,118234,119725,23597310129,0.012610585787506068
2021-02-04,119728,120560,118918,119261,22003180450,-0.003875548131133888
2021-02-05,119261,121117,119261,120240,22440111635,0.008208886392030879
2021-02-08,120239,120844,119140,119696,22671921415,-0.00452428476380573
2021-02-09,119696,119975,118246,119472,22049150730,-0.0018714075658334828
2021-02-10,119472,119738,117970,118435,23905539391,-0.008679858042051736
2021-02-11,118440,120283,118440,119300,20801730788,0.007303584244522376
2021-02-12,119300,119763,118163,119429,17991023738,0.0010813076278290978
2021-02-17,119421,120597,118880,120356,21921716489,0.007761933868658311
2021-02-18,120361,120845,118515,119199,29159351432,-0.009613147661936217
2021-02-19,119199,119250,117867,118431,27423896312,-0.006443007072207019
2021-02-22,118388,118388,111650,112668,54321209731,-0.048661245788687135
2021-02-23,112676,115380,112667,115227,39478642067,0.022712748961550844
2021-02-24,115229,116208,114668,115668,29215570596,0.003827227993439042
2021-02-25,115668,116506,111764,112256,31589753471,-0.02949821904070271
2021-02-26,112260,113466,109827,110035,38524709612,-0.019785133979475455
2021-03-01,110036,112445,110036,110335,27922889471,0.002726405234698026
2021-03-02,110328,112428,107319,111540,35818983993,0.010921285176961115
2021-03-03,111529,112398,107466,111184,37221638701,-0.0031916801147570117
2021-03-04,111191,114433,111163,112690,37390364270,0.01354511440495032
2021-03-05,112690,115504,112504,115202,36085687192,0.022291241458869404
2021-03-08,115202,115202,110268,110612,35520480784,-0.03984305828023815
2021-03-09,110611,112525,109343,111331,32085221385,0.006500198893429232
2021-03-10,111331,112928,109999,112776,30535136370,0.01297931393771723
2021-03-11,112782,115127,112776,114984,31167299590,0.019578633751862196
2021-03-12,114984,114984,113253,114160,20817104529,-0.007166214429833673
2021-03-15,114093,114903,113635,114851,21165132396,0.006052908199018825
2021-03-16,114845,114974,113370,114019,19943646178,-0.007244168531401529
2021-03-17,114018,116736,113428,116549,24144932199,0.022189284242100094
2021-03-18,116549,116751,114302,114835,24960531146,-0.014706260885979261
2021-03-19,114837,116446,114610,116222,32245918171,0.012078199155309832
2021-03-22,116222,116225,113620,114979,20031012958,-0.010695049130113099
2021-03-23,114977,115599,113062,113262,20123789238,-0.014933161707790132
2021-03-24,113272,114823,112064,112064,24092990211,-0.010577245678162095
2021-03-25,112065,114024,110927,113750,25467147914,0.01504497430039975
2021-03-26,113750,115416,113305,114781,21711772736,0.009063736263736244
2021-03-29,114776,115553,114096,115419,19621546398,0.005558411235308869
2021-03-30,115414,117090,114999,116850,20728408292,0.012398305305019175
2021-03-31,116850,117249,115932,116634,24302182116,-0.001848523748395392
2021-04-01,116644,117088,114991,115253,20029087876,-0.011840458185434777
2021-04-05,115262,117668,115262,117518,19509273141,0.019652416856827948
2021-04-06,117519,118213,117176,117499,18596265033,-0.00016167736006400535
2021-04-07,117499,118303,116748,117624,21636767618,0.0010638388411816635
2021-04-08,117624,118850,117486,118313,22357126743,0.005857648099027335
2021-04-09,118313,118643,117336,117670,19419408433,-0.005434736673062157
2021-04-12,117661,118812,117661,118812,17586307517,0.009705107504036636
2021-04-13,118809,119529,118041,119297,21727546319,0.004082079251254145
2021-04-14,119298,120871,119298,120295,26295067011,0.008365675582789223
2021-04-15,120290,121409,120084,120701,20943112308,0.003375036368926443
2021-04-16,120701,121333,120199,121114,21578928488,0.0034216783622340596
2021-04-19,121116,121974,120682,120934,25995400144,-0.001486203081394355
2021-04-20,120925,121354,119841,120062,20732435877,-0.007210544594572266
2021-04-22,120064,120995,119203,119371,21756505713,-0.005755359730805765
2021-04-23,119372,120815,119372,120530,19952671980,0.009709225858876902
2021-04-26,120534,121393,119860,120595,18448200552,0.0005392848253547022
2021-04-27,120595,121012,119003,119388,22107496889,-0.0100087068286413
2021-04-28,119392,121276,119392,121053,22947015521,0.01394612523871741
2021-04-29,121053,121498,119703,120066,22597886511,-0.00815345344601126
2021-04-30,120064,120125,118894,118894,30244887582,-0.00976129795279268
2021-05-03,118951,119904,118528,119209,23232066531,0.0026494188100325555
2021-05-04,119209,119293,117631,117712,23683076711,-0.01255777667793534
2021-05-05,117725,119734,117725,119564,23545174638,0.015733315210004095
2021-05-06,119577,119966,119071,119921,24272985867,0.002985848583185513
2021-05-07,119922,122038,119922,122038,23846044339,0.017653288414873014
2021-05-10,122038,122772,121795,121909,23828778191,-0.0010570478047821075
2021-05-11,121904,122964,120145,122964,22683017485,0.008653996013419762
2021-05-12,122964,122964,119458,119710,25872439984,-0.026463029829868923
2021-05-13,119711,121426,119711,120706,25649674540,0.008320106925068904
2021-05-14,120719,122195,120719,121881,26176566113,0.009734395970374399
2021-05-17,121880,123074,121680,122938,19895441766,0.008672393564214342
2021-05-18,122937,123544,122550,122980,20244483588,0.0003416356212073701
2021-05-19,122976,123013,121595,122636,23771474789,-0.002797202797202747
2021-05-20,122636,122734,122136,122701,20651872835,0.0005300238103003174
2021-05-21,122701,122799,121760,122592,24260739419,-0.0008883383183511118
2021-05-24,122592,124167,122526,124032,21532483776,0.011746280344557603
2021-05-25,124032,124696,122701,122988,21350000565,-0.008417182662538658
2021-05-26,122988,124256,122988,123989,22439250450,0.008139005431424096
2021-05-27,123989,124537,123470,124367,36422216646,0.003048657542201294
2021-05-28,124367,125698,124284,125561,22738240717,0.009600617527157462
2021-05-31,125561,126216,125540,126216,15801959866,0.005216587953265739
2021-06-01,126218,128363,126218,128267,32442238814,0.016249920770742277
2021-06-02,128268,129601,128167,129601,31743096483,0.010400180872710774
2021-06-04,129600,130137,129148,130126,25348472433,0.004050894669022531
2021-06-07,130125,131190,129498,130776,25882798975,0.004995158538647182
2021-06-08,130776,130776,129230,129787,27875104578,-0.007562549703309496
2021-06-09,129800,130882,129281,129907,26703945017,0.0009245918312312806
2021-06-10,129911,130527,129526,130076,19109787351,0.0013009306657840725
2021-06-11,130076,130294,128678,129441,15576719350,-0.00488176143177832
2021-06-14,129441,131084,129441,130208,20274096829,0.005925479562117086
2021-06-15,130208,130436,129304,130091,19437442870,-0.0008985623003194831
2021-06-16,130091,130283,128345,129259,35175586478,-0.006395523133806313
2021-06-17,129259,129919,127576,128057,26182340544,-0.00929915905275458
2021-06-18,128050,128796,127595,128405,34718411871,0.0027175398455374644
2021-06-21,128405,129412,128048,129265,19653829054,0.0066975585062887255
2021-06-22,129242,129259,127803,128767,23148251364,-0.003852550961203738
2021-06-23,128769,129901,128182,128428,21677761947,-0.002632662095102045
2021-06-24,128433,129541,128428,129514,19724082042,0.008456099915906234
2021-06-25,129513,129748,126697,127256,24907001448,-0.017434408635359833
2021-06-28,127255,128067,126629,127429,20420097288,0.001359464386748055
2021-06-29,127429,127507,126184,127327,20528979382,-0.000800445738411204
2021-06-30,127323,127323,126199,126802,23877063760,-0.004123241731918581
2021-07-01,126802,127204,124994,125666,23602266268,-0.008958849229507404
2021-07-02,125667,127672,125667,127622,19363941728,0.015565069310712554
2021-07-05,127622,127633,126531,126920,14065908824,-0.005500619015530228
2021-07-06,126919,126919,124866,125095,19628021499,-0.01437913646391431
2021-07-07,125096,127249,125094,127019,21529895823,0.015380310963667654
2021-07-08,127013,127013,124310,125428,22196036007,-0.0125256851337201
2021-07-12,125428,127782,125428,127594,19600664253,0.017268871384379825
2021-07-13,127594,128420,126441,128168,17805064916,0.004498644136871732
2021-07-14,128169,129620,128085,128407,24532503591,0.0018647400287123972
2021-07-15,128407,128976,126922,127468,19123133701,-0.007312685445497569
2021-07-16,127468,128010,125808,125960,19324512437,-0.011830420183889245
2021-07-19,125958,125958,123317,124395,21452521124,-0.012424579231502086
2021-07-20,124395,125631,123631,125401,17866922077,0.00808714176614811
2021-07-21,125404,126112,125247,125929,17109230243,0.004210492739292304
2021-07-22,125930,126428,125416,126147,14982138261,0.0017311342105472693
2021-07-23,126140,126204,124422,125053,14611651649,-0.008672421857039758
2021-07-26,125058,126214,125006,126004,15898791629,0.007604775575156042
2021-07-27,126004,126026,123670,124612,18379066656,-0.011047268340687588
2021-07-28,124615,126712,124542,126286,24198619246,0.013433698199210253
2021-07-29,126285,126476,124917,125675,20639110867,-0.004838224347908704
2021-07-30,125672,125673,121748,121801,25657530014,-0.030825542072806855
2021-08-02,121803,124536,121797,122516,21789823285,0.005870230950484778
2021-08-03,122516,123765,120807,123577,23522820064,0.008660093375559175
2021-08-04,123577,123587,121072,121801,22976177820,-0.014371606366880618
2021-08-05,121801,123541,121128,121633,29231238346,-0.0013792990205334643
2021-08-06,121633,123287,121568,122810,17839532428,0.009676650251165375
2021-08-09,122809,123597,122258,123019,18617743692,0.001701815813044627
2021-08-10,123021,123513,122061,122202,20082372231,-0.006641250538534704
2021-08-11,122203,122756,120827,122056,21365891254,-0.0011947431302270495
2021-08-12,122056,122095,120534,120701,24811373853,-0.01110146162417247
2021-08-13,120701,121275,120045,121194,23292658208,0.004084473202376149
2021-08-16,121191,121191,118684,119180,23312951327,-0.01661798438866613
2021-08-17,119179,119179,116248,117904,25653326066,-0.01070649437825133
2021-08-18,117904,118739,116489,116643,27732849933,-0.010695141810286302
2021-08-19,116641,117453,114801,117165,27970932299,0.004475193539260847
2021-08-20,117163,118308,116040,118053,21937849989,0.007579055178594363
2021-08-23,118053,118445,117062,117472,18701620941,-0.004921518301102101
2021-08-24,117474,120463,117474,120211,21612519381,0.02331619449741207
2021-08-25,120210,120818,119226,120818,17124334461,0.00504945470880358
2021-08-26,120817,120833,118719,118724,19599037180,-0.017331854524987977
2021-08-27,118725,120678,118721,120678,17547917117,0.01645834035241389
2021-08-30,120677,120684,119354,119740,14553764455,-0.007772750625631875
2021-08-31,119738,120157,117911,118781,26615198594,-0.008009019542341789
2021-09-01,118793,119942,118067,119396,21500979738,0.0051775957434270214
2021-09-02,119394,119397,116534,116677,21792332682,-0.022772957217997214
2021-09-03,116679,117396,115583,116933,28954104784,0.0021940913804776585
2021-09-06,116926,117981,116156,117869,12000573991,0.008004583821504596
2021-09-08,117866,117866,113172,113413,27552181380,-0.03780468146840987
2021-09-09,113413,116354,112435,115361,30298034592,0.017176161462971518
2021-09-10,115370,116896,114286,114286,23021867284,-0.009318573868118296
2021-09-13,114300,117046,114300,116404,19187965641,0.0185324536688658
2021-09-14,116405,117270,115809,116181,19397019686,-0.0019157417270884158
2021-09-15,116191,116312,114741,115063,21464470770,-0.009622915967326895
2021-09-16,115062,115062,113395,113794,23412403492,-0.011028740776791834
2021-09-17,113794,113794,111157,111439,35200155678,-0.020695291491642842
2021-09-20,111435,111435,107520,108844,25066367776,-0.023286282181283036
2021-09-21,108859,110923,108859,110250,22391459836,0.012917570100327014
2021-09-22,110252,113321,110251,112282,27692382338,0.018430839002267607
2021-09-23,112282,114330,112281,114064,26365530347,0.01587075399440696
2021-09-24,114062,114062,112505,113283,20007941401,-0.006847033244494316
2021-09-27,113283,114432,112360,113583,24273444214,0.002648234951404982
2021-09-28,113584,113584,109981,110124,28544475680,-0.03045350096405275
2021-09-29,110125,112028,110125,111107,24261267325,0.008926301260397285
2021-09-30,111117,112371,110743,110979,27911144864,-0.00115204262557711
2021-10-01,110980,113020,110980,112900,22570769018,0.01730958109191838
2021-10-04,112900,112900,109979,110393,27128949720,-0.022205491585473913
2021-10-05,110397,111691,110087,110458,23056970405,0.0005888054496208106
2021-10-06,110454,110614,108180,110560,26402246821,0.0009234279092504849
2021-10-07,110563,111522,110563,110585,23477648302,0.00022612156295220842
2021-10-08,110586,114172,110586,112833,26626618689,0.02032825428403484
2021-10-11,112834,113982,112052,112180,21842788673,-0.005787313995019194
2021-10-13,112180,114159,111807,113456,24193925334,0.011374576573364159
2021-10-14,113457,113881,112708,113185,19207912171,-0.002388591171908039
2021-10-15,113189,114776,113049,114648,23724227355,0.012925741043424477
2021-10-18,114647,114927,112841,114428,22959687036,-0.0019189170330053962
2021-10-19,114422,114422,109947,110673,27305967853,-0.03281539483343243
2021-10-20,110677,112023,110176,110786,23546849938,0.0010210259051439685
2021-10-21,110767,110767,105714,107735,33037853018,-0.027539580813460196
2021-10-22,107714,107749,102854,106296,39793802647,-0.013356847821042406
2021-10-25,106298,109372,106296,108715,23229120095,0.022757206291864174
2021-10-26,108713,108713,106321,106420,20687793776,-0.02111024237685688
2021-10-27,106433,108224,106045,106363,21347802959,-0.0005356136064649242
2021-10-28,106369,107210,105282,105705,22149683066,-0.006186361798745765
2021-10-29,105707,105954,103430,103501,25898081484,-0.020850480109739333
2021-11-01,103514,106136,103514,105551,20697836157,0.019806571917179605
2021-11-03,105547,106754,104205,105617,30178766597,0.000625290144101065
2021-11-04,105617,105627,102835,103412,22908592478,-0.020877320885842265
2021-11-05,103412,105555,103412,104824,22908592478,0.013654121378563477
2021-11-08,104824,105679,104182,104781,24687122583,-0.0004102114019690628
2021-11-09,104783,106674,104783,105535,24687122583,0.007195961099817794
2021-11-10,105535,107407,105140,105968,24687122583,0.004102904249774886
2021-11-11,105988,108669,105988,107595,23822855850,0.015353691680507264
2021-11-12,107576,107915,105842,106335,24943303470,-0.011710581346716875
2021-11-16,106336,106971,104113,104404,20610757233,-0.018159589975078716
2021-11-17,104405,105535,102551,102948,22897766570,-0.013945825830427916
2021-11-18,102948,103757,102014,102426,22897766570,-0.005070521039748255
2021-11-19,102426,103975,102143,103035,20364528349,0.005945755960400589
2021-11-22,103036,104613,102122,102122,19617778827,-0.008861066627844916
2021-11-23,102124,103841,101736,103654,19617778827,0.01500166467558417
2021-11-24,103652,105041,102464,104514,19570129676,0.00829683369672174
2021-11-25,104514,106400,104514,105811,19570129676,0.012409820693878304
2021-11-26,105810,105810,101495,102224,20342976278,-0.03390006710077398
2021-11-29,102227,104149,102226,102814,20342976278,0.005771638754108688
2021-11-30,102814,103066,100075,101915,34499265850,-0.008743945377088669
2021-12-01,101916,104087,100727,100775,25662372364,-0.011185792081636614
2021-12-02,100785,104466,100785,104466,25662372364,0.03662614735797565
2021-12-03,104467,106814,104090,105070,26104819038,0.005781785461298483
2021-12-06,105070,107498,105070,106859,20872174754,0.01702674407537841
2021-12-07,106868,108655,106868,107558,20872174754,0.006541330164048009
2021-12-08,107558,108521,107309,108096,22177954426,0.005001952434965373
2021-12-09,108095,108095,105890,106291,18297081029,-0.016698120189461263
2021-12-10,106296,108275,106296,107758,16416472649,0.013801732978333092
2021-12-13,107758,109493,107383,107383,21078796581,-0.003480020044915433
2021-12-14,107387,109148,106445,106760,19831187406,-0.0058016632055353234
2021-12-15,106763,107603,105697,107431,23020506630,0.006285125515174128
2021-12-16,107433,109034,107433,108326,23020506630,0.008330928689112005
2021-12-17,108324,108324,106518,107201,29102276285,-0.010385318390783382
2021-12-20,107171,107171,104358,105020,29102276285,-0.02034495946866166
2021-12-21,105020,105906,105020,105500,15710753021,0.00457055798895456
2021-12-22,105499,105711,104386,105244,13859409306,-0.002426540284360179
2021-12-23,105251,105453,104637,104891,13859409306,-0.0033541104481015216
2021-12-27,104892,105694,104798,105554,11850104652,0.006320847355826498
2021-12-28,105555,105652,104503,104864,11850104652,-0.006536938439092754
2021-12-29,104863,105190,103851,104107,10839394591,-0.007218873970094575
2021-12-30,104106,105269,104106,104822,18984064142,0.006867933952568128
2022-01-03,104823,106125,103413,103922,18741650806,-0.008585983858350299
2022-01-04,103922,104276,103096,103514,18741650806,-0.003926021439156324
2022-01-05,103514,103514,100850,101006,18741650806,-0.024228606758506133
2022-01-06,101006,102235,101000,101561,18741650806,0.00549472308575738
2022-01-07,101561,102719,101104,102719,20823962510,0.011402014552830408
2022-01-10,102719,102719,101038,101945,17773225262,-0.0075351200848917665
2022-01-11,101946,103780,101918,103779,21789937443,0.017990092697042437
2022-01-12,103779,105869,103771,105686,23638005983,0.018375586583027292
2022-01-13,105686,106251,104974,105530,23638005983,-0.001476070624302217
2022-01-14,105530,107062,105028,106928,23638005983,0.01324741779588745
2022-01-17,106927,106928,106097,106374,11553622513,-0.005181056411791118
2022-01-18,106369,107013,105786,106668,11553622513,0.0027638332675277155
2022-01-19,106670,108602,106669,108013,11553622513,0.012609217384782712
2022-01-20,108015,109873,108015,109102,11553622513,0.010082119744845519
2022-01-21,109097,109786,108368,108942,23363148262,-0.001466517570713699
2022-01-24,108941,108948,106624,107937,23489911527,-0.009225092250922495
2022-01-25,107935,110711,107185,110204,23489911527,0.02100299248635773
2022-01-26,110207,112695,110204,111289,23489911527,0.009845377663242783
2022-01-27,111303,113057,111303,112612,23489911527,0.011887967364249796
2022-01-28,112611,112969,111407,111910,25689730681,-0.00623379391183887
2022-01-31,111910,112678,111195,112144,25689730681,0.0020909659547851955
2022-02-01,112143,113302,112135,113228,20776764702,0.009666143529747373
2022-02-02,113228,113666,111645,111894,19428202505,-0.011781538135443581
2022-02-03,111897,112502,111225,111696,18830440576,-0.0017695318783849112
2022-02-04,111696,112415,110321,112245,20165787052,0.004915126772668588
2022-02-07,112247,112517,111490,111996,19934941632,-0.0022183616196712608
2022-02-08,111995,112251,110943,112234,19934941632,0.002125075895567763
2022-02-09,112233,113163,111710,112461,19934941632,0.002022560008553498
2022-02-10,112462,113812,112163,113368,26265474962,0.008065018095161802
2022-02-11,113368,114899,113128,113572,35942313457,0.0017994495801283428
2022-02-14,113643,114167,113358,113899,20144948697,0.002879230796323018
2022-02-15,113905,114828,113882,114828,24004192347,0.008156349046084754
2022-02-16,114830,115734,114816,115181,24608408097,0.0030741630961088617
2022-02-17,115181,115214,113389,113528,21571650184,-0.014351325305388962
2022-02-18,113534,114213,112701,112880,18981545426,-0.00570784299908389
2022-02-21,112880,113405,111608,111725,13820558250,-0.010232104890148808
2022-02-22,111727,113315,111727,112892,23584382633,0.010445289773998612
2022-02-23,112892,113721,111748,112008,23650066879,-0.007830492860433025
2022-02-24,112001,112001,109125,111592,31962489252,-0.00371402042711233
2022-02-25,111591,113142,110673,113142,33305579004,0.013889884579539657
2022-03-02,113143,115429,113143,115174,22831523887,0.017959732018171914
2022-03-03,115173,115948,115010,115166,25253133781,-6.946012120789824e-05
2022-03-04,115166,115166,113389,114474,21910962279,-0.006008717850754519
2022-03-07,114469,114529,111140,111593,30562757544,-0.025167286894840712
2022-03-08,111594,112390,110969,111203,31120550820,-0.003494842866488046
2022-03-09,111210,114051,111207,113900,29171884527,0.02425294281629098
2022-03-10,113900,113939,111889,113663,24839153778,-0.002080772607550463
2022-03-11,113664,114627,111332,111713,21966770368,-0.017155978638607072
2022-03-14,111716,112299,109717,109928,19164383701,-0.015978444764709554
2022-03-15,109925,109925,107781,108959,23838701816,-0.008814860636052635
2022-03-16,108958,111183,108958,111112,23561054302,0.019759726135518907
2022-03-17,111113,113088,111070,113076,28537696794,0.017675858593131144
2022-03-18,113076,115311,112475,115311,36892557123,0.019765467473203957
2022-03-21,115307,116360,115208,116155,19651294355,0.007319336403291965
2022-03-22,116157,117541,116157,117272,22356668170,0.009616460763634871
2022-03-23,117270,118270,117036,117457,20596961500,0.0015775291629716026
2022-03-24,117460,119256,117151,119053,23698218942,0.013587951335382265
2022-03-25,119062,119729,118548,119081,23815225023,0.00023518936944055824
2022-03-28,119082,119444,118061,118738,17227930967,-0.0028803923379884244
2022-03-29,118740,120900,118740,120014,25447704442,0.010746349104751696
2022-03-30,120013,120531,119775,120260,20331297520,0.0020497608612328744
2022-03-31,120261,120880,119999,119999,22964862190,-0.002170297688341871
2022-04-01,120001,121579,120001,121570,25864308377,0.013091775764798141
2022-04-04,121569,121570,120754,121280,16943181595,-0.0023854569383894297
2022-04-05,121279,121628,118794,118885,21876004709,-0.019747691292876013
2022-04-06,118885,118885,116791,118228,24473375311,-0.005526348992724084
2022-04-07,118226,119247,117509,118862,22164040239,0.005362519876848104
2022-04-08,118861,118868,117487,118322,21312851610,-0.0045430835759115995
2022-04-11,118320,118320,116953,116953,17081897419,-0.011570122208887645
2022-04-12,116963,118615,116054,116147,19763494195,-0.006891657332432688
2022-04-13,116150,117329,116150,116782,24181863106,0.005467209656728089
2022-04-14,116781,116781,115624,116182,20675391147,-0.005137778082238698
2022-04-18,116182,116191,115177,115687,16451063612,-0.004260556712743835
2022-04-19,115687,115687,114277,115057,21202976977,-0.005445728560685259
2022-04-20,115057,115057,113945,114344,20749606138,-0.006196928478927832
2022-04-22,114343,114343,110591,111078,22017711442,-0.028562932904218852
2022-04-25,111077,111155,109222,110685,20525724907,-0.003538054340193386
2022-04-26,110684,110685,107978,108213,22011522024,-0.022333649546008916
2022-04-27,108214,110107,108214,109349,21812859197,0.010497814495485702
2022-04-28,109349,110702,108905,109919,21823187263,0.00521266769700679
2022-04-29,109922,111819,107876,107876,26846947883,-0.018586413631856202
2022-05-02,107876,107884,105218,106639,21543939224,-0.01146686936853425
2022-05-03,106640,107127,106033,106528,18011021955,-0.001040894982135998
2022-05-04,106529,108382,104933,108344,25817011663,0.01704716130970252
2022-05-05,108337,108337,103923,105304,24236560315,-0.02805877575131066
2022-05-06,105303,106268,103984,105135,24636880789,-0.001604877307604613
2022-05-09,105109,105109,102768,103250,22938639360,-0.017929328958006363
2022-05-10,103251,104286,102386,103110,20552834113,-0.0013559322033898091
2022-05-11,103110,105374,103008,104397,23388768946,0.012481815536805385
2022-05-12,104395,105708,103579,105688,23258936954,0.012366255735318132
2022-05-13,105691,107773,105691,106924,20971209165,0.011694799788055432
2022-05-16,106925,108795,106852,108233,18628018008,0.012242340353896264
2022-05-17,108246,109774,108245,108789,24364538740,0.005137065405190544
2022-05-18,108788,108923,106038,106247,23576865700,-0.023366332993225436
2022-05-19,106249,107420,105760,107005,18909521670,0.007134319086656626
2022-05-20,107056,108795,107056,108488,22150158614,0.013859165459557898
2022-05-23,108500,110680,108500,110346,20447559524,0.01712631811813292
2022-05-24,110340,110635,108399,110581,23733222582,0.0021296648723108103
2022-05-25,110580,111006,109699,110580,18464786456,-9.043144844067541e-06
2022-05-26,110577,112102,110388,111890,22082318358,0.011846626876469424
2022-05-27,111890,112441,111558,111942,19561612633,0.0004647421574761612
2022-05-30,111944,112690,110655,111032,14831448785,-0.008129209769344836
2022-05-31,111036,111903,110685,111351,32565934691,0.0028730456084731237
2022-06-01,111351,111931,110822,111360,18773269454,8.082549775045855e-05
2022-06-02,111363,112709,111218,112393,17504600880,0.009276221264367779
2022-06-03,112392,112392,110935,111102,15135802414,-0.01148648047476264
2022-06-06,111102,111935,110015,110186,12881804786,-0.00824467606343715
2022-06-07,110185,110435,109394,110070,16560485812,-0.0010527653240883783
2022-06-08,110067,110142,108045,108368,17246632519,-0.015462887253565927
2022-06-09,108367,108510,107068,107094,20221670415,-0.011756238003838737
2022-06-10,107091,107092,104648,105481,23731410834,-0.015061534726501957
2022-06-13,105476,105478,101700,102598,22808746275,-0.02733193655729471
2022-06-14,102598,103328,101325,102063,18128453528,-0.005214526598959046
2022-06-15,102068,103952,102046,102807,27199637344,0.007289615237647373
2022-06-17,102800,102801,98402,99825,34346293270,-0.029005806997577932
2022-06-20,99824,100481,98409,99853,17233100594,0.0002804908590032795
2022-06-21,99854,101069,99167,99685,18423658077,-0.001682473235656401
2022-06-22,99678,100374,98050,99522,18685809959,-0.001635150724783041
2022-06-23,99523,100232,97775,98080,19722714794,-0.014489258656377513
2022-06-24,98081,99313,98031,98672,15925116246,0.006035889070146849
2022-06-27,98673,101106,98672,100764,16806177212,0.021201556672612254
2022-06-28,100766,102237,99956,100591,16464095225,-0.001716883013774706
2022-06-29,100592,101313,99218,99622,34346293270,-0.009633068564782188
2022-06-30,99619,99619,97758,98542,21147908770,-0.010840978900242937
2022-07-01,98542,99340,97231,98954,0,0.004180958373079413
2022-07-04,98952,99353,98264,98609,0,-0.0034864684600925955
2022-07-05,98608,98608,96499,98295,0,-0.003184293522903614
2022-07-06,98294,99141,97423,98719,0,0.004313545958594123
2022-07-07,98722,101420,98722,100730,0,0.02037095189375915
2022-07-08,100732,101577,99958,100289,0,-0.0043780403057679385
2022-07-11,100282,100282,97854,98212,0,-0.020710147673224433
2022-07-12,98212,98737,97253,98271,0,0.000600741253614645
2022-07-13,98258,98928,97403,97881,0,-0.003968617394755292
2022-07-14,97879,97879,95431,96121,0,-0.01798101776647154
2022-07-15,96119,96971,95267,96551,0,0.004473528157218576
2022-07-18,96553,98291,96553,96916,0,0.0037803854957483285
2022-07-19,96920,98346,96917,98245,0,0.013712906021709603
2022-07-20,98244,98366,97277,98287,0,0.00042750267189162194
2022-07-21,98286,99057,97088,99033,0,0.007590016991056769
2022-07-22,99034,99724,98321,98925,0,-0.0010905455757171945
2022-07-25,98926,100508,98925,100270,0,0.013596158706090433
2022-07-26,100270,100753,99365,99772,0,-0.004966590206442634
2022-07-27,99773,101471,99772,101438,0,0.016698071603255427
2022-07-28,101437,102686,101045,102597,0,0.011425698456199784
2022-07-29,102597,103989,102514,103165,0,0.0055362242560699215
2022-08-01,103165,103317,101764,102225,0,-0.009111617312072884
2022-08-02,102225,103660,101694,103362,0,0.011122523844460774
2022-08-03,103362,103878,102822,103775,0,0.003995665718542707
2022-08-04,103777,106162,103777,105892,0,0.02039990363767763
2022-08-05,105893,107176,105518,106472,0,0.005477278736826241
2022-08-08,106473,108489,106473,108402,0,0.018126831467428106
2022-08-09,108403,109331,107842,108651,0,0.0022970055903026587
2022-08-10,108658,110362,108657,110236,0,0.01458799274742062
2022-08-11,110236,111310,109604,109718,0,-0.004699009398018816
2022-08-12,109718,112764,109718,112764,0,0.02776208097121713
2022-08-15,112767,113214,111067,113032,0,0.002376645028555169
2022-08-16,113034,113626,112690,113512,0,0.004246585037865458
2022-08-17,113508,114146,112483,113708,0,0.0017266896891958705
2022-08-18,113708,114375,113304,113813,0,0.0009234178773700474
2022-08-19,113807,113807,111146,111496,0,-0.020357955593824917
2022-08-22,111487,111487,109858,110501,0,-0.008924086962761035
2022-08-23,110504,112965,110503,112857,0,0.021321074017429664
2022-08-24,112856,113888,112632,112898,0,0.0003632915991031993
2022-08-25,112898,114156,112768,113532,0,0.005615688497581983
2022-08-26,113533,114091,111978,112299,0,-0.010860374167635523
2022-08-29,112296,113222,111689,112323,0,0.00021371517110568838
2022-08-30,112323,112869,110103,110431,0,-0.01684427944410316
2022-08-31,110431,111364,109523,109523,0,-0.00822232887504415
2022-09-01,109524,110405,108217,110405,0,0.008053103001196105
2022-09-02,110409,112264,110409,110864,26529415919,0.004157420406684542
2022-09-05,110868,112671,110865,112203,0,0.012077861163227066
2022-09-06,112203,112203,109348,109764,0,-0.021737386700890315
2022-09-08,109771,110768,108619,109916,0,0.001384789184067703
2022-09-09,109922,112540,109922,112300,19591881224,0.02168929000327524
2022-09-12,112307,114160,112305,113407,18111054221,0.009857524487978608
2022-09-13,113398,113400,110522,110794,20261514564,-0.023040905764194486
2022-09-14,110794,111504,110118,110547,17274872583,-0.0022293626008628165
2022-09-15,110547,111100,109524,109954,17289088883,-0.0053642342171202895
2022-09-16,109951,109952,108489,109280,32950139335,-0.006129836113283771
2022-09-19,109283,111976,108508,111824,20441703817,0.023279648609077608
2022-09-20,111824,112544,111393,112517,22022856215,0.006197238517670733
2022-09-21,112517,113294,111380,111936,23075704221,-0.0051636641574162034
2022-09-22,111942,114392,111819,114070,0,0.01906446540880502
2022-09-23,114047,114047,110732,111716,25530440184,-0.020636451301832226
2022-09-26,111713,111713,109022,109114,21770730501,-0.023291202692541813
2022-09-27,109122,110161,108120,108376,21963303466,-0.006763568378026608
2022-09-28,108377,108970,107914,108451,21503959173,0.0006920351369306132
2022-09-29,108449,108449,106244,107664,0,-0.007256733455662023
2022-09-30,107664,110502,107315,110037,27004106031,0.02204079358002664
2022-10-03,110048,116134,110048,116134,37781193071,0.05540863527722495
2022-10-04,116147,118280,115837,116230,0,0.0008266313052163188
2022-10-05,116231,117514,115906,117198,0,0.008328314548739613
2022-10-06,117200,118382,117144,117561,0,0.0030973224799057952
2022-10-07,117560,117960,115924,116375,0,-0.010088379649713763
2022-10-10,116377,116841,115261,115941,0,-0.0037293233082706934
2022-10-11,115928,115928,114297,114827,0,-0.009608335273975532
2022-10-13,114819,115367,112690,114300,0,-0.0045895129194353235
2022-10-14,114301,114712,111631,112072,0,-0.019492563429571286
2022-10-17,112107,114406,112090,113624,0,0.013848240416874935
2022-10-18,113627,115795,113627,115743,0,0.018649229036119097
2022-10-19,115744,116459,115264,116274,0,0.0045877504471112385
2022-10-20,116276,117367,116276,117171,0,0.00771453635378494
2022-10-21,117170,120752,116736,119929,0,0.02353824751858391
2022-10-24,119922,119924,115793,116013,0,-0.03265265281958496
2022-10-25,116016,116203,114626,114626,0,-0.011955556704852044
2022-10-26,114626,114626,112577,112764,0,-0.01624413309371342
2022-10-27,112766,116236,112765,114641,0,0.0166453832783513
2022-10-28,114636,114712,113336,114539,0,-0.0008897340393052566
2022-10-31,114533,116763,112113,116037,0,0.013078514741703628
2022-11-01,116037,118261,115547,116929,0,0.007687203219662653
2022-11-03,116927,117373,114485,116896,0,-0.00028222254530529955
2022-11-04,116907,120039,116904,118155,0,0.010770257322748389
2022-11-07,118148,118240,115221,115342,0,-0.023807710211163347
2022-11-08,115340,117072,114688,116160,0,0.007091952627837239
2022-11-09,116153,116183,113110,113580,0,-0.022210743801652888
2022-11-10,113579,113579,108516,109775,0,-0.03350061630568757
2022-11-11,109775,113010,109408,112253,0,0.022573445684354265
2022-11-14,112256,114322,111930,113161,0,0.00808887067606201
2022-11-16,113166,113473,109512,110243,0,-0.025786269120986915
2022-11-17,110241,110242,107245,109703,0,-0.004898270184955034
2022-11-18,109706,111585,108512,108870,0,-0.007593228991003009
2022-11-21,108868,110235,107957,109748,0,0.008064664278497391
2022-11-22,109750,110224,107867,109037,0,-0.006478477967707841
2022-11-23,109036,109285,107902,108841,0,-0.0017975549584086092
2022-11-24,108846,112612,108846,111831,0,0.027471265423875124
2022-11-25,111831,112025,108552,108977,0,-0.025520651697650942
2022-11-28,108977,109476,108378,108782,0,-0.0017893683988364772
2022-11-29,108784,112187,108784,110910,0,0.01956205989961579
2022-11-30,110910,112486,110202,112486,0,0.014209719592462422
2022-12-01,112479,112479,110548,110926,0,-0.013868392511068084
2022-12-02,110926,113761,109963,111924,0,0.008996988983646759
2022-12-05,111922,112150,109270,109401,0,-0.022542082127157692
2022-12-06,109403,110663,109217,110189,0,0.007202859206040246
2022-12-07,110188,110247,108612,109069,0,-0.010164353973627138
2022-12-08,109068,109286,106906,107249,0,-0.01668668457581901
2022-12-09,107250,108566,107089,107520,0,0.0025268300869938365
2022-12-12,107518,107561,103877,105343,0,-0.020247395833333348
2022-12-13,105345,106689,103409,103540,0,-0.017115517879688236
2022-12-14,103536,104516,101632,103746,0,0.0019895692485996097
2022-12-15,103739,105483,103014,103738,0,-7.711140670485506e-05
2022-12-16,103737,104018,102248,102856,0,-0.008502188204900785
2022-12-19,102859,105107,102770,104740,0,0.018316870187446543
2022-12-20,104740,107792,104607,106864,0,0.02027878556425433
2022-12-21,106866,107991,106066,107433,21533041347,0.005324524629435556
2022-12-22,107436,108383,106510,107552,0,0.0011076671041485575
2022-12-23,107552,109994,107552,109698,0,0.019953138946742
2022-12-26,109699,109755,108309,108738,0,-0.0087512990209484
2022-12-27,108739,109353,107418,108578,0,-0.0014714267321451757
2022-12-28,108578,110536,108578,110237,0,0.01527933835583628
2022-12-29,110237,111178,109560,109735,0,-0.004553824940809359
2023-01-02,109734,109734,105981,106376,0,-0.030610106164851714
2023-01-03,106377,106684,103852,104166,20100196936,-0.02077536286380388
2023-01-05,105336,107743,105333,107641,0,0.03336021350536633
2023-01-06,107642,109433,107642,108964,0,0.012290855714829796
2023-01-09,108964,109938,108134,109130,0,0.0015234389339597865
2023-01-10,109129,111193,108478,110817,18532769329,0.015458627325208418
2023-01-11,110816,112552,110752,112517,0,0.015340606585632077
2023-01-12,112516,113129,110982,111850,0,-0.005927993103264417
2023-01-13,111843,111847,110428,110916,0,-0.008350469378632042
2023-01-16,110908,110908,108753,109213,14464289321,-0.015353961556493156
2023-01-17,109214,111577,109214,111439,0,0.020382188933551815
2023-01-18,111442,113306,111441,112228,0,0.007080106605407366
2023-01-19,112219,113172,111307,112922,0,0.0061838400399187865
2023-01-20,112922,113025,111735,112041,21254684528,-0.0078018455216875005
2023-01-23,112041,113061,111542,111737,18643082162,-0.002713292455440386
2023-01-24,111746,113040,111669,113028,0,0.011553916786740226
2023-01-25,113028,114426,111927,114270,0,0.010988427646246857
2023-01-26,114271,114835,113591,114178,0,-0.0008051107027216009
2023-01-27,114178,114191,112044,112316,0,-0.01630787016763302
2023-01-30,112319,112920,111824,112273,0,-0.0003828483920367276
2023-01-31,112273,113691,112145,113431,0,0.010314144985882567
2023-02-01,113430,113598,110729,112074,0,-0.011963219931059421
2023-02-02,112072,112943,109747,110141,0,-0.017247532880061422
2023-02-03,110141,110570,108185,108523,0,-0.014690260665873756
2023-02-06,108518,108744,107416,108722,0,0.0018337126692038463
2023-02-07,108727,109037,107234,107830,0,-0.008204411250712806
2023-02-08,107832,110175,107830,109951,0,0.019669850690902324
2023-02-09,109952,110046,107767,108008,0,-0.017671508217296794
2023-02-10,108002,108647,107620,108078,0,0.0006481001407303566
2023-02-13,108074,109193,107420,108836,0,0.0070134532467291955
2023-02-14,108839,109564,107557,107849,0,-0.009068690506817578
2023-02-15,107849,110210,107267,109600,0,0.01623566282487543
2023-02-16,109599,110437,108378,109941,19313152573,0.003111313868613186
2023-02-17,109941,109941,108968,109177,0,-0.006949181833892704
2023-02-22,109174,109174,106720,107152,0,-0.018547862645062585
2023-02-23,107152,108663,106731,107593,0,0.004115648797969218
2023-02-24,107582,107611,105360,105798,0,-0.016683241474817145
2023-02-27,105807,106402,105227,105711,0,-0.000822321783020441
2023-02-28,105706,106794,104932,104932,0,-0.007369147960004208
2023-03-02,104375,104912,103321,103326,0,-0.01530515000190602
2023-03-03,103326,104440,103323,103866,0,0.005226177341617788
2023-03-06,103865,105171,103170,104700,0,0.00802957656981107
2023-03-07,104700,105179,103480,104228,0,-0.004508118433619868
2023-03-08,104228,106721,104228,106540,0,0.02218213915646472
2023-03-09,106540,106724,105053,105071,0,-0.013788248545147375
2023-03-10,105071,105071,103201,103618,0,-0.013828744372852642
2023-03-13,103608,103907,102255,103121,0,-0.004796463934837569
2023-03-14,103121,104153,102482,102932,0,-0.0018327983630880285
2023-03-15,102930,103048,100692,102675,0,-0.0024967939999223088
2023-03-16,102683,103911,102455,103435,0,0.007401996591185789
2023-03-17,103434,103434,101664,101982,0,-0.014047469425242931
2023-03-20,101982,102328,100679,100923,0,-0.010384185444490157
2023-03-21,100923,101670,100923,100998,0,0.0007431408103206749
2023-03-22,100998,101888,100129,100221,0,-0.0076932216479533855
2023-03-23,100221,101126,96997,97926,0,-0.022899392342922154
2023-03-24,97926,99258,97688,98829,0,0.009221248697996343
2023-03-27,98833,99997,98833,99670,0,0.008509647977820167
2023-03-28,99672,101559,99488,101185,0,0.015200160529748263
2023-03-29,101185,102213,100248,101793,0,0.006008795770124031
2023-03-30,101796,104085,101796,103713,0,0.018861807786390017
2023-03-31,103714,104041,101476,101882,0,-0.01765448882975129
2023-04-03,101883,101916,100651,101506,0,-0.0036905439626234715
2023-04-04,101505,103056,101505,101869,0,0.0035761432821705963
2023-04-05,101869,101960,99898,100978,0,-0.008746527402840876
2023-04-06,100978,101628,100443,100822,0,-0.0015448909663491328
2023-04-10,100822,102196,100819,101847,0,0.010166431929539144
2023-04-11,101849,106455,101848,106214,0,0.04287804255402716
2023-04-12,106218,108277,106217,106890,0,0.00636450938670996
2023-04-13,106890,107037,106220,106458,0,-0.004041538029750158
2023-04-14,106458,106701,104934,106279,0,-0.0016814142666591314
2023-04-17,106279,106830,105623,106016,0,-0.0024746186923099156
2023-04-18,106023,106475,105122,106163,0,0.001386583157259258
2023-04-19,106149,106149,103604,103913,0,-0.02119382459048824
2023-04-20,103913,104615,103087,104367,0,0.004369039484953818
2023-04-24,104367,104822,103247,103947,0,-0.004024260542125346
2023-04-25,103947,103947,102633,103220,0,-0.0069939488393123694
2023-04-26,103220,103668,102233,102312,0,-0.008796744816895963
2023-04-27,102310,103177,101975,102923,0,0.005971929001485687
2023-04-28,102923,104432,102449,104432,0,0.014661445935310935
2023-05-02,104431,104447,101569,101927,0,-0.023986900566876024
2023-05-03,101927,102331,101433,101797,0,-0.0012754226063751428
2023-05-04,101798,103321,101063,102174,0,0.0037034490210909876
2023-05-05,102175,105306,102175,105148,0,0.029107209270460288
2023-05-08,105161,106716,105161,106042,0,0.008502301517860467
2023-05-09,106028,107731,105549,107114,0,0.010109202014296326
2023-05-10,107114,107744,106538,107448,0,0.0031181731613048047
2023-05-11,107446,108667,106419,108256,0,0.007519916610825739
2023-05-12,108256,108817,107497,108464,0,0.0019213715637007578
2023-05-15,108469,109271,108356,109029,0,0.005209101637409619
2023-05-16,109029,110151,108085,108194,0,-0.007658512872721901
2023-05-17,108194,109774,108188,109460,0,0.011701203393903459
2023-05-18,109459,110206,108864,110108,0,0.005919970765576377
2023-05-19,110113,111211,109787,110745,0,0.005785229047843954
2023-05-22,110745,111643,110178,110213,0,-0.004803828615287387
2023-05-23,110213,111325,109713,109929,0,-0.0025768285048043404
2023-05-24,109920,109920,108546,108800,0,-0.010270265353091501
2023-05-25,108800,111115,108800,110054,0,0.0115257352941176
2023-05-26,110058,111706,109900,110906,0,0.007741654097079609
2023-05-29,110906,111168,110195,110333,0,-0.005166537428092255
2023-05-30,110333,111291,108552,108967,0,-0.012380702056501658
2023-05-31,108967,109137,108193,108335,0,-0.005799921077023318
2023-06-01,108339,110745,108335,110565,0,0.02058429870309686
2023-06-02,110568,113070,110567,112558,0,0.018025595803373484
2023-06-05,112558,113071,111736,112696,0,0.0012260345777288517
2023-06-06,112697,114783,112696,114610,0,0.0169837438773337
2023-06-07,114610,115978,114610,115488,0,0.007660762586161773
2023-06-09,115489,117603,115489,117019,0,0.013256788584095291
2023-06-12,117022,117735,116704,117336,0,0.0027089617925293297
2023-06-13,117337,117924,116363,116743,0,-0.0050538624122179465
2023-06-14,116753,119085,116745,119069,0,0.019924106798694607
2023-06-15,119068,119686,118693,119221,0,0.0012765707278972194
2023-06-16,119208,119555,118487,118758,0,-0.003883544006508921
2023-06-19,118757,119939,118558,119858,0,0.009262533892453462
2023-06-20,119858,119858,118416,119622,0,-0.001968996646031118
2023-06-21,119623,120519,119332,120420,0,0.0066710136931333874
2023-06-22,120420,120420,118018,118934,0,-0.012340142833416334
2023-06-23,118959,119386,118178,118977,0,0.00036154505860386266
2023-06-26,118977,119148,117491,118243,0,-0.006169259604797528
2023-06-27,118246,119212,116561,117523,0,-0.006089155383405376
2023-06-28,117524,117937,116560,116681,0,-0.007164555023272068
2023-06-29,116683,118623,116683,118383,0,0.014586779338538358
2023-06-30,118388,119447,118087,118087,0,-0.002500359004248942
2023-07-03,118092,119877,118092,119673,0,0.013430775614589274
2023-07-04,119673,119678,118830,119076,0,-0.004988593918427764
2023-07-05,119072,120200,118688,119549,0,0.003972253014881355
2023-07-06,119548,119548,117096,117426,0,-0.01775840868597811
2023-07-07,117427,119549,117427,118898,0,0.012535554306541963
2023-07-10,118897,118897,117814,117942,0,-0.0080405053070699
2023-07-11,117942,117942,115704,117556,0,-0.003272795102677639
2023-07-12,117557,119156,117557,117666,0,0.0009357242505698693
2023-07-13,117671,119739,117668,119264,0,0.013580813489028287
2023-07-14,119268,119329,117526,117711,0,-0.013021532063321684
2023-07-17,117711,118302,116591,118219,0,0.004315654441810812
2023-07-18,118218,118732,117324,117841,0,-0.003197455569747709
2023-07-19,117842,118011,116660,117552,0,-0.0024524571244304294
2023-07-20,117558,118290,117484,118083,0,0.004517149857084624
2023-07-21,118090,120373,118086,120217,0,0.018072034077724952
2023-07-24,120220,121772,120099,121342,0,0.009358077476563142
2023-07-25,121344,123010,121344,122008,0,0.005488618944800683
2023-07-26,122003,122747,121370,122560,0,0.0045242934889515585
2023-07-27,122560,122599,119825,119990,0,-0.020969321148825104
2023-07-28,120002,120660,119706,120187,0,0.0016418034836236384
2023-07-31,120188,122149,120188,121943,0,0.014610565202559433
2023-08-01,121945,121945,120154,121248,0,-0.005699384138490915
2023-08-02,121249,121252,119798,120859,0,-0.0032083003430984913
2023-08-03,120859,122619,120365,120586,0,-0.002258830538064971
2023-08-04,120586,121442,119215,119508,0,-0.00893967790622463
2023-08-07,119509,120104,118894,119380,0,-0.001071058004485037
2023-08-08,119378,119553,117492,119090,0,-0.0024292176243927432
2023-08-09,119090,119090,117901,118409,0,-0.005718364262322639
2023-08-10,118412,119438,118113,118350,0,-0.0004982729353343318
2023-08-11,118350,119054,117415,118065,0,-0.0024081115335867764
2023-08-14,118067,118082,116530,116810,0,-0.010629737856265642
2023-08-15,116809,117697,116033,116171,0,-0.005470422052906376
2023-08-16,116171,117338,115534,115592,0,-0.00498403215948906
2023-08-17,115592,116610,114859,114982,0,-0.005277181811890075
2023-08-18,114973,115729,114423,115409,0,0.00371362474126391
2023-08-21,115404,115425,114067,114429,0,-0.008491538788136133
2023-08-22,114433,116286,114433,116156,0,0.015092327993777799
2023-08-23,116160,118135,116159,118135,0,0.017037432418471665
2023-08-24,118135,118136,116848,117026,0,-0.009387565073856186
2023-08-25,117025,117252,115397,115837,0,-0.010160135354536637
2023-08-28,115838,117253,115836,117121,0,0.011084541208767451
2023-08-29,117124,118493,117124,118404,0,0.010954482970602974
2023-08-30,118404,118841,117471,117535,0,-0.0073392790784094775
2023-08-31,117537,117637,115742,115742,0,-0.015255030416471693
2023-09-01,115744,117991,115744,117893,0,0.01858443780131669
2023-09-04,117893,118576,117590,117777,0,-0.0009839430670184335
2023-09-05,117776,117957,116637,117331,0,-0.0037868174601153326
2023-09-06,117331,117971,115984,115985,0,-0.011471819041855902
2023-09-08,115979,115979,114839,115313,0,-0.0057938526533602985
2023-09-11,115316,117131,115316,116883,0,0.013615117116023256
2023-09-12,116885,118154,116885,117968,0,0.009282787060564734
2023-09-13,117968,119318,117722,118176,0,0.0017631900176318105
2023-09-14,118181,119748,118181,119392,0,0.010289737340915206
2023-09-15,119393,119780,118666,118758,0,-0.0053102385419459
2023-09-18,118759,119486,118123,118288,0,-0.003957628117684742
2023-09-19,118293,118458,117628,117846,0,-0.0037366427701880367
2023-09-20,117864,119616,117847,118695,0,0.007204317499108992
2023-09-21,118695,118695,116013,116145,0,-0.021483634525464423
2023-09-22,116147,116968,115855,116009,0,-0.0011709501054716354
2023-09-25,116009,116031,115573,115925,0,-0.0007240817522778942
2023-09-26,115922,115922,114162,114193,0,-0.014940694414492084
2023-09-27,114194,115340,113366,114327,0,0.00117345196290497
2023-09-28,114327,115954,114180,115731,0,0.012280563646382747
2023-09-29,115742,116899,115742,116565,0,0.007206366487803706
2023-10-02,116565,116672,114761,115057,0,-0.012936987946639222
2023-10-03,115055,115056,113151,113419,0,-0.014236421947382616
2023-10-04,113430,114075,113036,113607,0,0.0016575706010457658
2023-10-05,113609,114359,112705,113284,0,-0.0028431346659977264
2023-10-06,113283,114491,111599,114170,0,0.007821051516542443
2023-10-09,114169,115219,113448,115156,0,0.00863624419724962
2023-10-10,115158,116900,115158,116737,0,0.013729202125811968
2023-10-11,116737,117099,116231,117051,0,0.0026898070020644482
2023-10-13,117050,117070,115658,115754,0,-0.011080640062878566
2023-10-16,115760,116905,115760,116534,0,0.0067384280456830314
2023-10-17,116526,116917,115564,115908,0,-0.005371822815658955
2023-10-18,115907,115907,113952,114060,0,-0.015943679469924477
2023-10-19,114059,115063,113768,114004,0,-0.0004909696650885476
2023-10-20,113996,114090,112533,113155,0,-0.007447107119048502
2023-10-23,113145,113680,112164,112785,0,-0.00326985108921396
2023-10-24,112814,114249,112814,113762,0,0.008662499445848404
2023-10-25,113762,114319,112680,112830,0,-0.008192542325205276
2023-10-26,112840,114886,112840,114777,0,0.017256048923158795
2023-10-27,114777,115342,112953,113301,0,-0.01285971928173768
2023-10-30,113303,114204,112309,112532,14135555763,-0.006787230474576522
2023-10-31,112534,113597,112098,113144,0,0.005438453062240001
2023-11-01,113157,115433,113157,115053,0,0.016872304320158404
2023-11-03,115062,118502,115062,118160,0,0.027004945546834858
2023-11-06,118160,118758,118045,118431,0,0.002293500338524046
2023-11-07,118422,119577,118026,119268,0,0.00706740633786751
2023-11-08,119268,119976,118464,119177,0,-0.0007629875574336475
2023-11-09,119180,120257,118446,119034,0,-0.0011998959530782338
2023-11-10,119036,120823,119036,120568,0,0.012887074281297872
2023-11-13,120561,120606,119878,120410,0,-0.0013104638046579353
2023-11-14,120411,123370,120411,123166,0,0.02288846441325476
2023-11-16,123165,124737,123165,124639,0,0.011959469334069439
2023-11-17,124639,125431,124547,124773,0,0.0010751049029598114
2023-11-21,125957,125957,125060,125626,0,0.006836414929511925
2023-11-22,125626,126875,125439,126035,21392458703,0.003255695477050846
2023-11-23,126035,126760,125764,126576,0,0.004292458444083103
2023-11-24,126553,126553,125341,125517,13296416305,-0.00836651497914298
2023-11-27,125517,125826,124840,125731,0,0.0017049483336919469
2023-11-28,125726,126916,125388,126538,0,0.006418464817745884
2023-11-29,126541,127388,126018,126166,0,-0.0029398283519574964
2023-11-30,126168,127399,126168,127331,0,0.009233866493350007
2023-12-01,127331,128185,126656,128185,0,0.006706929184566279
2023-12-04,128183,128183,126643,126803,0,-0.010781292662948028
2023-12-05,126802,127489,126491,126903,0,0.0007886248748059099
2023-12-06,126907,127538,125614,125623,17816420430,-0.010086443976895731
2023-12-07,125623,126581,125566,126010,0,0.0030806460600367735
2023-12-08,126010,127289,125562,127094,0,0.008602491865725037
2023-12-11,127093,127154,126526,126916,11241783921,-0.0014005381843360531
2023-12-12,126923,127359,126013,126403,0,-0.004042043556367947
2023-12-13,126406,129793,126299,129465,0,0.024224108605017225
2023-12-14,129469,131260,129469,130842,0,0.010636079249217945
2023-12-15,130842,131661,129884,130197,0,-0.004929609758334452
2023-12-18,130202,131447,130198,131084,0,0.006812752982019665
2023-12-19,131088,132047,131086,131851,0,0.005851209911202027
2023-12-20,131851,132341,130710,130804,0,-0.007940781639881433
2023-12-21,130826,132277,130822,132182,0,0.010534846029173428
2023-12-22,132182,133035,132094,132753,0,0.00431980148583011
2023-12-26,132753,133645,132753,133533,0,0.005875573433368642
2023-12-27,133523,134195,133328,134194,0,0.004950087244351531
2023-12-28,134194,134392,133832,134185,0,-6.706708198578326e-05
2024-01-02,134186,134195,132095,132697,0,-0.01108916793978465
2024-01-03,132697,133576,132250,132834,16214019589,0.0010324272590940264
2024-01-04,132831,132885,131024,131226,0,-0.012105334477618634
2024-01-05,131218,132635,130579,132023,14918287417,0.0060734915336899675
2024-01-08,132023,132498,131015,132427,0,0.0030600728660914456
2024-01-09,132424,132426,131203,131447,0,-0.007400303563472654
2024-01-10,131447,131628,130438,130841,14413017100,-0.004610223131756519
2024-01-11,130841,131308,129898,130649,15543116727,-0.0014674299340420305
2024-01-12,130652,131927,130410,130988,0,0.00259473857434811
2024-01-15,130988,131606,130253,131521,0,0.004069075029773828
2024-01-16,131515,131517,129147,129294,0,-0.016932657142205376
2024-01-17,129293,129296,128312,128524,0,-0.0059554194316828735
2024-01-18,128524,129047,127316,127316,16765349063,-0.00939902275061466
2024-01-19,127319,127820,126533,127636,0,0.002513431147695533
2024-01-22,127636,127843,125876,126602,0,-0.008101162681375174
2024-01-23,126612,128331,126612,128263,0,0.01311985592644671
2024-01-24,128275,129446,127680,127816,0,-0.0034850268588758615
2024-01-25,127815,128697,127803,128169,15430411761,0.0027617825624335346
2024-01-26,128196,129252,127869,128967,0,0.006226154530346584
2024-01-29,128970,129068,127853,128503,0,-0.0035978195972613536
2024-01-30,128492,128492,127105,127402,16237784890,-0.008567893356575373
2024-01-31,127402,129558,127326,127752,0,0.002747209619943236
2024-02-01,127752,128481,127284,128481,0,0.0057063685891414195
2024-02-02,128471,128878,126628,127182,0,-0.010110444345856617
2024-02-05,127182,127834,126443,127593,0,0.003231589375854993
2024-02-06,127593,130417,127593,130416,21396908005,0.022125038207425174
2024-02-07,130412,130552,129426,129950,22419933447,-0.003573181204760134
2024-02-08,129950,130126,127912,128217,20319282937,-0.013335898422470183
2024-02-09,128216,128896,127579,128026,18288782342,-0.001489662057293506
2024-02-14,128026,128026,126663,127018,11944522104,-0.007873400715479706
2024-02-15,127018,127824,126932,127804,0,0.0061880993245051474
2024-02-16,127809,129069,127653,128726,0,0.007214171700416161
2024-02-19,128720,129036,128097,129036,9211059635,0.002408215900439714
2024-02-20,129033,129916,128326,129916,22170746670,0.006819802225735527
2024-02-21,129916,130034,129359,130032,0,0.0008928846331475171
2024-02-22,130035,130829,129971,130241,17309228036,0.001607296665436131
2024-02-23,130240,130624,129077,129419,16939889134,-0.0063113766018381146
2024-02-26,129417,129978,129077,129609,13330303697,0.001468099738060058
2024-02-27,129613,131696,129613,131689,16515277886,0.01604826825297634
2024-02-28,131685,131685,129771,130155,17783384241,-0.01164865706323226
2024-02-29,130155,130155,128669,129020,0,-0.008720371864315624
2024-03-01,129026,129716,128717,129180,0,0.001240117811192043
2024-03-04,129176,129307,128278,128341,0,-0.006494813438612801
2024-03-05,128336,128989,127823,128098,0,-0.0018933933816940307
2024-03-06,128099,129323,128099,128890,19784132991,0.006182766319536626
2024-03-07,128890,129188,128033,128340,14160377705,-0.004267204593063845
2024-03-08,128335,128338,125802,127071,0,-0.009887798036465667
2024-03-11,127068,127068,126065,126124,0,-0.007452526540280613
2024-03-12,126124,128039,126121,127668,0,0.012241920649519455
2024-03-13,127668,128530,127439,128006,0,0.002647491932199042
2024-03-14,127992,128256,127192,127690,0,-0.002468634282768001
2024-03-15,127682,127957,126502,126742,27606997221,-0.007424230558383593
2024-03-18,126758,127540,126272,126954,0,0.0016726894005143489
2024-03-19,126955,128000,126955,127529,0,0.004529199552593788
2024-03-20,127534,129210,127349,129125,0,0.012514800555167849
2024-03-21,129125,129556,128093,128159,0,-0.0074811229428848325
2024-03-22,128159,128159,126879,127027,0,-0.008832778033536437
2024-03-25,127027,127224,126750,126931,0,-0.0007557448416478652
2024-03-26,126931,127193,126591,126863,15388981260,-0.000535724133584381
2024-03-27,126863,127756,126223,127691,15183999972,0.006526725680458423
2024-03-28,127689,128364,127270,128106,15665519901,0.003250033283473286
2024-04-01,128106,128659,126772,126990,14936846375,-0.008711535759449163
2024-04-02,126990,127654,126669,127549,0,0.004401921411134824
2024-04-03,127546,127694,126181,127318,17005902368,-0.0018110686873280546
2024-04-04,127313,129627,127178,127428,25025320741,0.000863978384831654
2024-04-05,127422,127432,126394,126795,16158240148,-0.004967511065072094
2024-04-08,126796,129178,126796,128857,14917983336,0.016262470917622895
2024-04-09,128858,129956,128826,129890,0,0.008016638599377623
2024-04-10,129872,129872,127732,128054,18131982978,-0.014135037339287115
2024-04-11,128051,128051,127069,127396,14584607010,-0.005138457213363146
2024-04-12,127396,127640,125635,125946,0,-0.011381833024584731
2024-04-15,125946,126250,125034,125334,0,-0.004859225382306653
2024-04-16,125316,125316,123756,124389,0,-0.007539853511417505
2024-04-17,124389,125301,123642,124171,0,-0.0017525665452733374
2024-04-18,124171,125140,123397,124196,0,0.00020133525541399244
2024-04-19,124197,125509,124056,125124,0,0.0074720602917968115
2024-04-22,125124,126081,124633,125573,0,0.0035884402672548
2024-04-23,125572,125826,124310,125148,0,-0.003384485518383773
2024-04-24,125149,125473,124556,124741,0,-0.003252149455045261
2024-04-25,124718,124732,123703,124646,0,-0.0007615779895944197
2024-04-26,124651,126826,124651,126526,0,0.015082714246746898
2024-04-29,126527,127352,126467,127352,0,0.006528302483284065
2024-04-30,127352,127352,125856,125924,0,-0.01121301589295809
2024-05-02,125926,127670,125926,127122,0,0.009513674915028192
2024-05-03,127130,128787,127130,128509,0,0.010910778622110984
2024-05-06,128506,129181,128294,128466,0,-0.00033460691469078263
2024-05-07,128466,129745,128464,129210,0,0.0057914156274812
2024-05-08,129210,129564,128048,129481,0,0.0020973608853804837
2024-05-09,129468,129468,127376,128188,20290425058,-0.009986021115067079
2024-05-10,128188,129022,127467,127600,0,-0.004587012824913361
2024-05-13,127600,128669,127599,128155,0,0.004349529780564243
2024-05-14,128155,128965,127962,128515,0,0.0028090983574577955
2024-05-15,128514,128646,127029,128028,21555203440,-0.0037894409212931857
2024-05-16,128029,128965,127922,128284,0,0.001999562595682125
2024-05-17,128280,128464,127696,128151,0,-0.0010367621839044716
2024-05-20,128151,128730,127488,127751,0,-0.0031213178203837177
2024-05-21,127754,128272,127205,127412,15830391678,-0.002653599580433763
2024-05-22,127412,127412,125524,125650,0,-0.013829152670078226
2024-05-23,125650,125665,124431,124729,16737560832,-0.00732988460007955
2024-05-24,124731,125257,124259,124306,0,-0.003391352452116192
2024-05-27,124297,124535,124081,124496,0,0.0015284861551332352
2024-05-28,124498,125392,123537,123780,0,-0.005751188793214235
2024-05-29,123780,123780,122458,122707,0,-0.008668605590563927
2024-05-31,122704,122837,121929,122098,0,-0.0049630420432411615
2024-06-03,122100,122495,121496,122032,0,-0.0005405493947484574
2024-06-04,122032,122032,120878,121802,0,-0.0018847515405795434
2024-06-05,121803,122170,121253,121407,0,-0.0032429680957619667
2024-06-06,121408,123246,121377,122899,0,0.012289241971220832
2024-06-07,122899,122899,120679,120767,0,-0.01734757809258014
2024-06-10,120769,121421,120540,120760,0,-5.7962854090987115e-05
2024-06-11,120760,121759,120757,121635,0,0.007245776747267341
2024-06-12,121644,122483,119544,119936,0,-0.01396801907345746
2024-06-13,119936,120222,119171,119568,0,-0.0030683030949839596
2024-06-14,119558,120214,118828,119662,0,0.0007861635220125507
2024-06-17,119663,119663,118685,119138,0,-0.004379000852400949
2024-06-18,119138,120109,118872,119630,0,0.0041296647585153945
2024-06-19,119630,120383,118960,120261,0,0.0052745966730753935
2024-06-20,120267,121607,120156,120446,0,0.0015383208188854969
2024-06-21,120446,121580,120061,121341,0,0.007430715839463309
2024-06-24,121343,122840,121307,122637,0,0.010680643805473844
2024-06-25,122634,122849,121997,122331,0,-0.0024951686685095176
2024-06-26,122331,122701,121402,122641,0,0.0025341082799943404
2024-06-27,122642,124308,122642,124308,0,0.013592517999690079
2024-06-28,124308,124500,123298,123907,0,-0.003225858351835753
2024-07-01,123905,125220,123735,124718,0,0.00654523150427333
2024-07-02,124720,125491,124310,124787,0,0.0005532481277763512
2024-07-03,124787,126581,124787,125662,0,0.0070119483600055155
2024-07-04,125666,126660,125666,126164,0,0.003994843309831131
2024-07-05,126165,126662,125556,126267,0,0.0008163977045749782
2024-07-08,126280,126551,125614,126548,0,0.0022254429106576268
2024-07-09,126548,127295,125937,127108,0,0.004425198343711578
2024-07-10,127109,127769,126928,127218,0,0.000865405796645291
2024-07-11,127221,128326,127221,128294,0,0.008457922621012859
2024-07-12,128293,129015,128002,128897,0,0.004700141861661455
2024-07-15,128898,129485,128723,129321,0,0.003289448164037978
2024-07-16,129322,129521,128761,129110,0,-0.001631598889584862
2024-07-17,129112,129658,128741,129450,0,0.0026334133684455807
2024-07-18,129450,129454,127523,127652,0,-0.013889532638084234
2024-07-19,127652,128360,127413,127616,0,-0.00028201673299277363
2024-07-22,127616,128151,127456,127860,0,0.0019119859578735632
2024-07-23,127860,127860,126530,126590,0,-0.00993273893320823
2024-07-24,126596,126823,126218,126423,0,-0.001319219527608828
2024-07-25,126423,126423,125626,125954,12863808770,-0.0037097680010758083
2024-07-26,125964,127700,125953,127492,0,0.01221080712005973
2024-07-29,127492,127657,126606,126954,0,-0.004219872619458442
2024-07-30,126951,126951,125973,126139,0,-0.006419648061502636
2024-07-31,126139,127853,126139,127652,0,0.011994704254830069
2024-08-01,127652,128762,127150,127395,0,-0.0020132861216431985
2024-08-02,127395,128104,125731,125854,0,-0.012096236116017067
2024-08-05,125851,125851,123073,125270,0,-0.004640297487565004
2024-08-06,125270,126966,125261,126267,0,0.007958808972619247
2024-08-07,126268,127517,126268,127514,0,0.009875897898896868
2024-08-08,127515,128793,127515,128661,0,0.008995090735135047
2024-08-09,128662,130631,128662,130615,0,0.015187197363614402
2024-08-12,130615,131662,130615,131116,0,0.0038357003406959134
2024-08-13,131115,132430,131115,132398,17872424071,0.00977760151316387
2024-08-14,132398,133777,132112,133318,0,0.0069487454493271095
2024-08-15,133319,134575,133319,134153,19829188708,0.006263220270330994
2024-08-16,134154,134781,133852,133953,0,-0.0014908350912763435
2024-08-19,133953,136179,133953,135778,0,0.013624181615939923
2024-08-20,135779,136330,135312,136087,0,0.002275773689404792
2024-08-21,136088,137040,136086,136464,0,0.0027702866548604543
2024-08-22,136462,136462,134836,135173,0,-0.009460370500644855
2024-08-23,135174,136478,135174,135608,15556551587,0.003218098288859439
2024-08-26,135608,137013,135596,136889,0,0.009446345348357088
2024-08-27,136888,137213,136664,136776,0,-0.000825486342949433
2024-08-28,136776,137469,135746,137344,0,0.00415277534070313
2024-08-29,137349,137370,135858,136041,0,-0.009487127213420266
2024-08-30,136041,136139,134910,136004,38824567006,-0.00027197683051427557
2024-09-02,136004,136004,134497,134906,0,-0.008073291962001128
2024-09-03,134907,135011,134171,134353,0,-0.004099150519621064
2024-09-04,134359,136838,134359,136111,0,0.013084932975073071
2024-09-05,136112,136656,135959,136502,0,0.002872655406249258
2024-09-06,136508,136653,134476,134572,0,-0.01413898697454985
2024-09-09,134574,135250,134399,134737,0,0.00122610944327195
2024-09-10,134738,134738,133754,134320,14899662539,-0.003094918248142675
2024-09-11,134319,135087,133757,134677,0,0.002657832042882724
2024-09-12,134677,134777,133591,134029,12696839288,-0.004811511987941497
2024-09-13,134031,135879,134031,134882,0,0.006364294294518347
2024-09-16,134885,135715,134870,135118,0,0.0017496774958853933
2024-09-17,135118,135118,134180,134960,0,-0.001169348273361015
2024-09-18,134960,135203,133748,133748,0,-0.008980438648488409
2024-09-19,133748,134759,133123,133123,0,-0.004672967072404832
2024-09-20,133121,133128,130907,131065,0,-0.015459387183281659
2024-09-23,131065,131065,130100,130568,14597522366,-0.0037920115972990276
2024-09-24,130570,133073,130570,132156,0,0.01216224496048035
2024-09-25,132156,132982,131489,131586,0,-0.004313084536456957
2024-09-26,131595,133313,131594,133010,22006636458,0.010821819950450617
2024-09-27,133010,133923,132628,132730,0,-0.0021051048793323535
2024-09-30,132761,133120,131816,131816,16006307227,-0.006886159873427222
2024-10-01,131817,133405,131817,132495,0,0.005151119742671684
2024-10-02,132495,134922,132495,133515,0,0.0076984037133476235
2024-10-03,133514,133514,131176,131672,0,-0.01380369246901092
2024-10-04,131672,131936,131156,131792,0,0.0009113554893978026
2024-10-07,131792,132943,131676,132018,0,0.0017148233580186467
2024-10-08,132016,132016,130371,131512,0,-0.003832810677331877
2024-10-09,131510,131520,129719,129962,0,-0.0117859967151287
2024-10-10,129963,130418,129835,130353,0,0.0030085717363537157
2024-10-11,130354,130354,129338,129992,0,-0.0027694030823993687
2024-10-14,129992,131220,129729,131005,0,0.007792787248446009
2024-10-15,131005,131457,130200,131043,0,0.00029006526468444704
2024-10-16,131045,132233,130780,131750,0,0.005395175629373528
2024-10-17,131716,131716,129902,130793,0,-0.007263757115749558
2024-10-18,130793,131725,130121,130499,16586930884,-0.002247826718555279
2024-10-21,130499,131124,130157,130362,0,-0.0010498164736894022
2024-10-22,130346,130346,129094,129951,0,-0.0031527592396557447
2024-10-23,129949,129949,128589,129233,0,-0.005525159483189768
2024-10-24,129233,130130,128798,130067,0,0.006453460029558933
2024-10-25,130067,130529,129806,129893,15609861663,-0.0013377720713171337
2024-10-28,129894,131421,129894,131213,0,0.010162210434742525
2024-10-29,131214,131765,130693,130730,0,-0.0036810377020569662
2024-10-30,130730,131027,130473,130639,0,-0.000696091180295233
2024-10-31,130639,130798,129642,129713,16036700088,-0.007088235519255304
2024-11-01,129718,129902,128070,128121,0,-0.0122732494044544
2024-11-04,128130,130609,128128,130515,0,0.018685461399770453
2024-11-05,130515,130769,129692,130661,14608053850,0.0011186453664329132
2024-11-06,130613,130670,128822,130341,18133052665,-0.002449085802190387
2024-11-07,130341,131319,129406,129682,18296430685,-0.005055968574738556
2024-11-08,129647,129647,126973,127830,0,-0.014281087583473462
2024-11-11,127829,128095,127306,127874,13841378487,0.00034420715012117853
2024-11-12,127873,128210,127411,127698,17567074466,-0.0013763548493047617
2024-11-13,127698,128100,126869,127734,0,0.000281915143541811
2024-11-14,127734,128423,127389,127792,21070337645,0.0004540686113330139
2024-11-18,127791,128277,127226,127768,0,-0.00018780518342309538
2024-11-19,127768,128579,127235,128197,0,0.003357648237430233
2024-11-21,128197,128197,126594,126922,16643661637,-0.009945630552977036
2024-11-22,126944,129126,126944,129126,16452302458,0.01736499582420703
2024-11-25,129125,129495,128932,129036,0,-0.0006969936341247873
2024-11-26,129043,130361,129042,129922,16352893929,0.006866300877274467
2024-11-27,129923,130283,127669,127669,0,-0.01734117393513035
2024-11-28,127667,127668,124390,124610,0,-0.02396039759064461
2024-11-29,124611,126056,123946,125668,0,0.00849049032982907
2024-12-02,125668,125901,124734,125236,18157845296,-0.003437629308972845
2024-12-03,125235,126417,125233,126139,0,0.007210386789741063
2024-12-04,126139,126720,125828,126087,0,-0.000412243635988907
2024-12-05,126088,127989,126087,127858,16135484308,0.014045857225566394
2024-12-06,127856,127872,125833,125946,17390372179,-0.014954089693253403
2024-12-09,125946,127542,125946,127210,15650201916,0.010036047194829534
2024-12-10,127213,128511,127213,128228,14047249204,0.008002515525509013
2024-12-11,128228,130899,127362,129593,21994612930,0.010645100913996952
2024-12-12,129587,129587,125829,126042,20748634433,-0.027401171359564214
2024-12-13,126102,126290,124578,124612,17130092381,-0.01134542454102605
2024-12-16,124610,124956,123495,123560,0,-0.008442204603087977
2024-12-17,123560,125301,123560,124698,22832672172,0.009210100356102258
2024-12-18,124699,124699,120457,120772,26384609772,-0.03148406550225347
2024-12-19,120768,121770,120768,121188,0,0.003444507004934927
2024-12-20,121183,122209,120700,122102,0,0.007542000858170805
2024-12-23,122105,122105,120617,120767,14808260246,-0.010933481843049209
2024-12-26,120767,121612,120428,121078,0,0.0025752068031830166
2024-12-27,121078,121609,120252,120269,0,-0.006681643238243162
2024-12-30,120267,121050,120158,120283,0,0.00011640572383564418
2025-01-02,120283,120782,119120,120125,14091950035,-0.0013135688335009776
2025-01-03,120125,120356,118404,118533,0,-0.01325286160249739
2025-01-06,118534,120322,118534,120022,0,0.012561902592526986
2025-01-07,120022,121713,120022,121163,0,0.009506590458415953
2025-01-08,121160,121160,119351,119625,0,-0.012693644099271206
2025-01-09,119625,120145,119502,119781,0,0.0013040752351096696
2025-01-10,119781,120052,118732,118856,0,-0.007722426762174273
2025-01-13,118856,119729,118743,119007,0,0.0012704449081242242
2025-01-14,119007,119451,118223,119299,0,0.0024536371810062185
2025-01-15,119309,122988,119303,122650,0,0.02808908708371405
2025-01-16,122649,122660,120796,121234,24646155869,-0.011545046881369703
2025-01-17,121258,122674,121074,122350,0,0.009205338436412136
2025-01-20,122349,123172,121511,122855,0,0.004127503064977445
2025-01-21,122850,123462,122290,123338,0,0.003931463920882283
2025-01-22,123345,123865,122926,122972,0,-0.0029674552854757064
2025-01-23,122965,123958,122159,122483,0,-0.00397651497901963
2025-01-24,122483,122908,122196,122447,10642321022,-0.00029391833968794856
2025-01-27,122443,124862,122207,124862,0,0.019722818852238033
2025-01-28,124861,124881,123973,124056,12317941998,-0.006455126459611438
2025-01-29,124056,124767,123278,123432,11297499697,-0.005029986457728786
2025-01-30,123433,127169,123432,126913,0,0.028201762913993234
2025-01-31,126914,127532,126057,126135,0,-0.0061301836691276534
2025-02-03,126135,126473,125566,125970,0,-0.0013081222499702339
2025-02-04,125964,125964,124694,125147,0,-0.006533301579741191
2025-02-05,125146,125846,124637,125534,0,0.0030923633806643203
2025-02-06,125531,126399,125249,126225,0,0.005504484840760382
2025-02-07,126219,126524,124320,124619,15989146584,-0.01272331154684092
2025-02-10,124619,126386,124619,125572,0,0.007647308997825286
2025-02-11,125571,126886,125570,126522,0,0.007565380817379674
2025-02-12,126513,126513,124116,124380,0,-0.016929862000284568
2025-02-13,124372,124853,123778,124850,13843654967,0.003778742563113058
2025-02-14,124849,128482,124849,128219,19055117037,0.026984381257509016
2025-02-17,128229,129534,128229,128552,0,0.0025971189917251003
2025-02-18,128553,129294,128012,128532,0,-0.0001555790652809641
2025-02-19,128528,128528,127028,127309,14755458672,-0.00951514019854982
2025-02-20,127309,127871,127063,127601,0,0.002293632029157333
2025-02-21,127601,127654,126483,127128,0,-0.0037068675010384355
2025-02-24,127129,127275,125162,125401,14866674610,-0.013584733496947998
2025-02-25,125401,126718,125382,125980,16225960147,0.004617188060701327
2025-02-26,125980,126563,124732,124769,0,-0.009612636926496276
2025-02-27,124768,125497,124352,124799,24010556833,0.00024044434114234292
2025-02-28,124798,124916,122659,122799,23696811686,-0.01602576943725509
2025-03-05,122799,123364,122747,123047,2376852206,0.0020195604198731676
2025-03-06,123048,124112,122681,123358,0,0.0025274894958837724
2025-03-07,123357,125822,122530,125035,15344423270,0.013594578381620925
2025-03-10,125031,125031,123471,124519,0,-0.004126844483544612
2025-03-11,124519,124625,122636,123507,0,-0.008127273749387598
2025-03-12,123507,124048,122969,123864,0,0.002890524423716956
2025-03-13,123863,125774,123590,125637,0,0.014314086417360983
2025-03-14,125647,129194,125647,128957,21096236354,0.026425336485271123
2025-03-17,128959,131313,128957,130834,0,0.014555239343347015
2025-03-18,130832,131834,130722,131475,0,0.004899338092544836
2025-03-19,131476,132984,131451,132508,0,0.007857007035558139
2025-03-20,132505,132713,131813,131955,0,-0.004173332930841878
2025-03-21,131934,132588,131776,132345,25720752090,0.0029555530294418375
2025-03-24,132344,132424,130992,131321,0,-0.0077373531300767295
2025-03-25,131327,133471,131325,132068,14564994968,0.005688351444171236
2025-03-26,132069,132984,132068,132520,0,0.003422479328830663
2025-03-27,132522,133904,132479,133149,15629226764,0.004746453365529701
2025-03-28,133143,133143,131315,131902,0,-0.00936544773148873
2025-03-31,131900,131901,130115,130260,0,-0.012448636108626121
2025-04-01,130267,131982,130081,131147,13375075396,0.006809458007062785
2025-04-02,131151,131424,130393,131190,12616240946,0.00032787635248987534
2025-04-03,131185,132552,130182,131141,0,-0.0003735040780546983
2025-04-04,131139,131139,126466,127256,0,-0.029624602527051014
2025-04-07,127229,128411,123876,125588,0,-0.01310743697743133
2025-04-08,125588,127652,123454,123932,21087974250,-0.0131859731821512
2025-04-09,123928,128649,122887,127796,0,0.031178388148339398
2025-04-10,127796,127797,124895,126355,0,-0.011275783279601881
2025-04-11,126355,128386,126078,127682,0,0.010502156622215209
2025-04-14,127683,129955,127683,129454,0,0.013878228724487407
2025-04-15,129452,129927,128951,129245,0,-0.0016144730946899832
2025-04-16,129245,129605,128149,128317,19184566437,-0.007180161708383315
2025-04-17,128316,130091,127973,129650,15334650493,0.01038833513875792
2025-04-22,129650,130877,128726,130464,0,0.00627844195912064
2025-04-23,130468,133318,130468,132216,0,0.013428991905813037
2025-04-24,132245,134938,132223,134580,20017785813,0.01787983300054452
2025-04-25,134579,134992,134186,134739,0,0.001181453410610711
2025-04-28,134741,135709,134711,135016,0,0.0020558264496544076
2025-04-29,135017,136150,134899,135093,0,0.0005703027789298876
2025-04-30,135094,135171,133955,135067,0,-0.00019246000903083704
2025-05-02,135067,135275,134355,135134,0,0.0004960501084647628
2025-05-05,135131,135198,133390,133491,0,-0.012158302129737897
2025-05-06,133499,134135,133260,133516,0,0.0001872785431227264
2025-05-07,133517,134110,132872,133398,0,-0.0008837892087839583
2025-05-08,133458,137635,133458,136232,28002350522,0.02124469632228365
2025-05-09,136232,137286,136105,136512,0,0.0020553173997299723
2025-05-12,136516,137519,136356,136563,0,0.0003735935302391358
2025-05-13,136565,139419,136550,138963,0,0.017574306364095627
2025-05-14,138965,139362,138228,138423,17160513456,-0.0038859264696358142
2025-05-15,138425,139408,138321,139334,0,0.006581276232995981
2025-05-16,139335,139335,137713,139187,22542747317,-0.0010550188755077405
2025-05-19,139186,140203,138587,139636,16472952151,0.003225875979796955
2025-05-20,139636,140244,138966,140110,15011801073,0.003394540089948217
2025-05-21,140109,140109,137538,137881,0,-0.0159089286988795
2025-05-22,137881,138837,137088,137273,19221561351,-0.0044095995822485134
2025-05-23,137273,137824,134997,137824,0,0.0040138993101337395
2025-05-26,137824,138800,137795,138136,0,0.002263756675179973
2025-05-27,138136,140382,138136,139541,0,0.010171135692361055
2025-05-28,139541,139547,138580,138888,0,-0.004679628209630193
2025-05-29,138869,139108,137993,138534,0,-0.002548816312424429
2025-05-30,138546,138637,136726,137027,0,-0.010878195966333215
2025-06-02,137026,138471,136483,136787,0,-0.0017514796354003437
2025-06-03,136787,137672,136175,137546,16899935467,0.005548772909706345
2025-06-04,137547,138797,136695,137002,0,-0.003955040495543294
2025-06-05,137003,137451,136031,136236,0,-0.005591159253149569
2025-06-06,136236,136890,135601,136102,0,-0.0009835873043835264
2025-06-09,136102,136106,134119,135699,14705157527,-0.0029610145332177318
2025-06-10,135716,137369,135716,136436,0,0.005431138033441751
2025-06-11,136443,137531,135628,137128,16454894752,0.005071975138526419
2025-06-12,137127,137931,136175,137800,0,0.004900530890846522
2025-06-13,137800,137800,136586,137213,0,-0.0042597968069666425
2025-06-16,137212,139988,137212,139256,0,0.01488925976401645
2025-06-17,139256,139497,138293,138840,0,-0.0029873039581777006
2025-06-18,138844,139161,138443,138717,0,-0.0008859118409679789
2025-06-20,138715,138719,136815,137116,0,-0.01154148374027697
2025-06-23,137116,137130,135835,136551,0,-0.004120598617229243
2025-06-24,136552,138156,136254,137165,0,0.004496488491479322
2025-06-25,137163,137163,135565,135767,0,-0.010192104399810442
2025-06-26,135767,137353,135756,137114,0,0.009921409473583331
2025-06-27,137113,137209,136469,136866,0,-0.0018087139168866395
2025-06-30,136865,139103,136430,138855,0,0.014532462408487046
2025-07-01,138855,139695,138855,139549,0,0.004998019516762042
2025-07-02,139586,140049,138384,139051,0,-0.003568638972690552
2025-07-03,139051,141304,139051,140928,0,0.013498644382277103
2025-07-04,140928,141564,140597,141264,5965434222,0.0023841961852861804
2025-07-07,141265,141342,139295,139490,0,-0.012558047343980028
2025-07-08,139491,139591,138770,139303,0,-0.001340597892321993
2025-07-09,139303,139331,137299,137481,0,-0.013079402453644251
2025-07-10,137472,137472,136014,136743,0,-0.00536801448927493
2025-07-11,136742,136742,135528,136187,14348431281,-0.004066021661072283
2025-07-14,136187,136187,134840,135299,13826931391,-0.006520446151247916
2025-07-15,135298,136022,134380,135250,0,-0.00036216084376083924
2025-07-16,135250,135641,134265,135511,0,0.0019297597042513548
2025-07-17,135515,135792,135016,135565,0,0.00039849163536542775
2025-07-18,135562,135562,133296,133382,19672543526,-0.016102976431969895
2025-07-21,133382,134865,133367,134167,0,0.005885351846576015
2025-07-22,134180,135300,133986,134036,0,-0.0009763950897015983
2025-07-23,134036,135782,133676,135368,0,0.009937628696768064
2025-07-24,135357,135363,133648,133808,0,-0.011524141599196236
2025-07-25,133820,134204,133285,133524,0,-0.0021224440990075255
2025-07-28,133538,133902,131550,132129,0,-0.010447559989215427
2025-07-29,132130,133346,132130,132726,0,0.0045183116499785125
2025-07-30,132702,134368,131883,133990,0,0.009523378991305398
2025-07-31,133987,133987,132096,133071,0,-0.00685872080005967
2025-08-01,132920,133237,132140,132437,16703678514,-0.004764373905659425
2025-08-04,132440,133929,132440,132971,11542262390,0.00403210583145186
2025-08-05,132971,134233,132682,133151,13892947759,0.001353678621654364
2025-08-06,133169,135241,133169,134538,0,0.010416744898648966
2025-08-07,134538,137007,134533,136528,18118535691,0.01479136006184123
2025-08-08,136526,136761,135659,135913,0,-0.0045045704910348094
2025-08-11,135913,136307,135496,135623,0,-0.0021337178930639356
2025-08-12,135629,138414,135629,137914,17727130612,0.01689241500335492
2025-08-13,137911,137913,136535,136687,16703993696,-0.008896848760821974
2025-08-14,136681,137437,135588,136356,0,-0.0024215909340317143
2025-08-15,136354,136431,135583,136341,17823546058,-0.00011000616034495536
2025-08-18,136341,137902,136341,137322,0,0.007195194402270788
2025-08-19,137321,137321,133997,134432,0,-0.02104542607885118
2025-08-20,134430,134964,134122,134666,12100738830,0.0017406569864317767
2025-08-21,134664,134837,133874,134511,0,-0.0011509957970089468
2025-08-22,134511,138072,134511,137968,0,0.025700500330827936
2025-08-25,137971,138890,137971,138025,10733269598,0.00041313927867325795
2025-08-26,138026,138037,137058,137771,0,-0.0018402463321861573
2025-08-27,137773,139281,137456,139206,11751105388,0.01041583497252696
2025-08-28,139206,142138,139206,141049,16507064721,0.013239371866155203
2025-08-29,141049,142379,141000,141422,16926787871,0.002644471070337273
2025-09-01,141423,141950,140878,141283,8476816626,-0.0009828739517189211
2025-09-02,141279,141279,139625,140335,0,-0.0067099367935279375
2025-09-03,140332,140496,139582,139864,0,-0.0033562546763102885
2025-09-04,139832,141482,139832,140993,13200351475,0.00807212720928896
2025-09-05,141003,143409,141003,142640,16020497657,0.011681430993027986
2025-09-08,142640,143089,141329,141792,0,-0.005945036455412223
2025-09-09,141794,142286,141605,141618,13892127165,-0.0012271496276236027
2025-09-10,141612,143182,141612,142349,0,0.005161773220918153
2025-09-11,142349,144013,142349,143151,0,0.00563404028128045
2025-09-12,143151,143202,142241,142272,0,-0.0061403692604312665
2025-09-15,142292,144194,142292,143547,0,0.008961707152496556
2025-09-16,143547,144584,143547,144062,0,0.0035876751168606447
2025-09-17,144059,146331,143910,145594,0,0.010634310227541022
2025-09-18,145594,145726,144993,145499,0,-0.0006524994161847264
2025-09-19,145499,146399,145496,145865,0,0.0025154812060563803
2025-09-22,145864,145864,144117,145109,0,-0.005182874575806351
2025-09-23,145112,147178,145107,146425,0,0.00906904464919478
2025-09-24,146429,146521,146130,146492,0,0.0004575721359056928
2025-09-25,146492,146519,145187,145306,0,-0.008096005242607118
2025-09-26,145326,146235,145146,145447,0,0.0009703659862634328
2025-09-29,145447,147558,145447,146337,0,0.006119067426622715
2025-09-30,146337,147578,145774,146237,18124712186,-0.0006833541756356976
2025-10-01,146237,146879,145193,145517,15421478657,-0.004923514568816345
2025-10-02,145517,145621,143635,143950,13648344128,-0.010768501274765141
2025-10-03,143950,144518,143676,144201,0,0.0017436609934005087
2025-10-06,144202,144532,143376,143608,0,-0.0041123154485752655
2025-10-07,143606,143606,141035,141356,0,-0.015681577627987275
2025-10-08,141356,142385,141356,142145,0,0.005581651999207571
2025-10-09,142148,143212,141603,141708,0,-0.00307432551268072
2025-10-10,141725,142274,140231,140680,0,-0.007254354023767173
2025-10-13,140682,142303,140682,141783,0,0.007840489053170252
2025-10-14,141788,142589,141334,141683,0,-0.000705303174569627
2025-10-15,141683,142905,141154,142604,22529365469,0.006500427009591858
2025-10-16,142604,143191,141446,142200,0,-0.002833020111637774
2025-10-17,142200,143424,141248,143399,18403861835,0.008431786216596349
2025-10-20,143399,145216,143396,144509,0,0.007740639753415213
2025-10-21,144509,144795,143829,144085,11799192763,-0.0029340733103128125
2025-10-22,144094,145048,144039,144873,0,0.005468993996599281
2025-10-23,144881,146358,144881,145721,0,0.005853402635411786
2025-10-24,145721,147240,145721,146172,0,0.0030949554285244485
2025-10-27,146174,147977,146174,146969,0,0.0054524806392468594
2025-10-28,146970,147811,146575,147429,0,0.0031299117500969142
2025-10-29,147430,149067,147430,148633,0,0.008166642926425549
2025-10-30,148632,149234,147546,148780,0,0.0009890132070267121
2025-10-31,148774,149636,148774,149540,17481717941,0.0051082134695523695
2025-11-03,149551,150761,149551,150454,15627783301,0.00611207703624439
2025-11-04,150453,150888,149979,150704,0,0.001661637444002828
2025-11-05,150709,153583,150296,153294,19435781125,0.017186007007113258
2025-11-06,153297,154352,153235,153339,0,0.00029355356374027863
2025-11-07,153339,154066,152368,154064,0,0.004728086135947107
2025-11-10,154061,155601,154058,155257,16046756056,0.007743535154221659
2025-11-11,155257,158467,155252,157749,0,0.016050806082817504
2025-11-12,157749,158134,156560,157633,22937069980,-0.0007353453904620499
2025-11-13,157633,158319,156509,157162,0,-0.002987953030139656
2025-11-14,157162,158366,156656,157739,0,0.0036713709420852503
2025-11-17,157742,157901,156568,156993,0,-0.004729331363835243
2025-11-18,156990,157040,155834,156522,16191727364,-0.0030001337639258274
2025-11-19,156522,156522,155212,155381,17597521450,-0.007289710072705402
2025-11-21,155381,155387,153571,154770,16127551054,-0.003932269711225955
2025-11-24,154769,155832,154529,155278,0,0.003282289849454001
2025-11-25,155278,156373,154821,155910,0,0.004070119398755789
2025-11-26,155915,158714,155914,158555,0,0.016964915656468404
2025-11-27,158554,158864,158167,158360,8383312400,-0.0012298571473621234
2025-11-28,158358,159689,158078,159072,0,0.0044960848699167055
2025-12-01,159073,159224,158029,158611,0,-0.002898058740696041
2025-12-02,158612,161092,158612,161092,0,0.01564204248129064
2025-12-03,161094,161963,161093,161755,0,0.004115660616293759
2025-12-04,161760,164551,161759,164456,0,0.016698092794658503
2025-12-05,164461,165036,157007,157369,0,-0.04309359342316488
2025-12-08,157369,159235,157369,158187,0,0.005197974188054788
2025-12-09,158187,158851,155188,157981,0,-0.0013022561904580954
2025-12-10,157984,159691,157628,159075,0,0.006924883372050994
2025-12-11,159072,159850,158098,159189,0,0.0007166430928806644
2025-12-12,159189,161263,159189,160766,17007612422,0.00990646338628931
2025-12-15,160766,163073,160766,162482,0,0.010673898709926188
2025-12-16,162482,162482,158558,158578,0,-0.02402727686759154
2025-12-17,158578,158611,156351,157327,0,-0.007888862263365715
2025-12-18,157327,158495,157124,157923,16518823829,0.003788288087867908
2025-12-19,157928,159552,157906,158473,0,0.003482709928256167
2025-12-22,158480,158634,157306,158142,0,-0.0020886838767487648
2025-12-23,158144,160456,158144,160456,0,0.014632418965233818
2025-12-26,160456,160913,159359,160897,9809107415,0.002748417011517068
2025-12-29,160897,161133,159702,160490,0,-0.002529568606002619
2025-12-30,160491,162075,160491,161125,11436102131,0.003956632812013305
2026-01-02,161124,161957,160059,160539,0,-0.0036369278510473
2026-01-05,160542,162166,160215,161870,0,0.00829082029911743
2026-01-06,161870,164135,161870,163664,0,0.01108296781367768
2026-01-07,163661,163661,161746,161975,17921506377,-0.010319923746211712
2026-01-08,161975,162936,161748,162936,0,0.005933014354067012
2026-01-09,162938,164263,162638,163370,0,0.0026636225266363223
2026-01-12,163370,163493,162277,163150,12571111448,-0.0013466364693640598
2026-01-13,163146,163146,161765,161973,0,-0.007214220042905284
2026-01-14,161974,165146,161974,165146,0,0.01958968470053657
2026-01-15,165180,166070,164833,165568,0,0.002555314691242927
2026-01-16,165557,165872,164100,164800,0,-0.004638577502899088
2026-01-19,164800,165155,164265,164849,0,0.00029733009708743374
2026-01-20,164846,166468,163575,166277,17147928614,0.00866247292977218
2026-01-21,166278,171969,166278,171817,0,0.033317897243756
2026-01-22,171817,177742,171817,175589,0,0.021953590156969405
2026-01-23,175590,180532,175590,178859,26486807362,0.01862303447254665
2026-01-26,178859,179543,177694,178721,0,-0.000771557483828067
2026-01-27,178852,183360,178852,181919,0,0.01789381214294905
2026-01-28,181921,185065,181921,184691,0,0.015237550778093523
2026-01-29,184692,186450,181567,183134,0,-0.008430297090816552
2026-01-30,183133,183620,180089,181364,0,-0.009665054004171836
2026-02-02,181369,182890,181348,182793,0,0.007879182197128465
2026-02-03,182816,187334,182816,185674,0,0.01576099741237358
2026-02-04,185671,185671,180269,181708,0,-0.021360018096233224
2026-02-05,181708,184017,181569,182127,0,0.0023058973738085964
2026-02-06,182128,183262,181391,182950,0,0.004518824776117869
2026-02-09,182950,186460,182950,186241,20529150053,0.017988521453949247
2026-02-10,186241,186959,185083,185929,0,-0.0016752487368517643
2026-02-11,185936,190561,185936,189699,0,0.02027655718042909
2026-02-12,189694,189990,186959,187766,0,-0.01018982704178728
2026-02-13,187766,187766,183662,186464,0,-0.006934162734467342
2026-02-18,186464,187657,185001,186016,18157779946,-0.002402608546421825
2026-02-19,186020,188687,185928,188534,0,0.013536469981076937
2026-02-20,188531,190727,186700,190534,0,0.01060816616631488
2026-02-23,190532,191003,188526,188853,22575245029,-0.008822572349291957
2026-02-24,188854,191781,188854,191490,0,0.013963241251131908
2026-02-25,191491,192624,190419,191247,0,-0.0012689957700140475
2026-02-26,191248,191978,188977,191005,0,-0.0012653793262116242
2026-02-27,191005,191005,188478,188787,0,-0.011612261459124085
2026-03-02,188786,190110,186638,189307,0,0.0027544269467707494
2026-03-03,189284,189602,180518,183105,34005023230,-0.03276159888435193
2026-03-04,183110,186306,183110,185366,19526038606,0.012348106277818793
2026-03-05,185365,185366,179895,180464,0,-0.02644497912238486
2026-03-06,180463,181091,178556,179365,24787836639,-0.006089857256848963
2026-03-09,179367,181952,177637,180915,0,0.00864159674406939
2026-03-10,180921,185324,180693,183447,0,0.013995522759306933
2026-03-11,183446,185714,182021,183969,0,0.002845508511995387
2026-03-12,183968,183992,178495,179284,0,-0.025466247030749734
2026-03-13,179285,180996,177322,177653,0,-0.00909729814149618
2026-03-16,177656,181255,177656,179875,0,0.012507528721721561
2026-03-17,179882,182800,179850,180410,0,0.002974287699791578
2026-03-18,180409,181551,179576,179640,0,-0.004268056094451578
2026-03-19,179624,181251,176296,180271,0,0.003512580716989566
2026-03-20,180262,180305,175039,176219,0,-0.022477270331889176
2026-03-23,176221,182973,176221,181932,23842058873,0.0324198866183556
2026-03-24,181932,182649,179915,182509,17789386686,0.0031715146318405107
2026-03-25,182528,186401,182524,185424,20805048405,0.01597181508857104
2026-03-26,185424,185424,182570,182733,0,-0.014512684442143375
2026-03-27,182733,183351,180976,181557,18912131832,-0.00643561918208535
2026-03-30,181561,184414,181559,182514,0,0.005271071894776824
2026-03-31,182515,187508,182515,187462,27933898052,0.027110249076783166
2026-04-01,187463,189131,187256,187953,27000288470,0.002619197490691505
2026-04-02,187923,189251,185214,188052,0,0.0005267274265374766
2026-04-06,188054,189220,187811,188162,12609120281,0.0005849445897943006
2026-04-07,188162,188259,185885,188259,0,0.0005155132279630603
2026-04-08,188261,193759,188260,192201,32681231398,0.02093923796471886
2026-04-09,192206,195514,192206,195129,0,0.015234051851967578
2026-04-10,195130,197554,195129,197324,0,0.011248968631008216
2026-04-13,197324,198173,196223,198001,0,0.0034309055158014967
2026-04-14,198001,199355,198001,198657,0,0.003313114580229426
2026-04-15,198657,199232,196966,197738,30093444834,-0.004626064019893628
2026-04-16,197738,198587,196354,196819,21627654276,-0.004647563948254718
2026-04-17,196881,198666,195368,195734,0,-0.005512679162072764
2026-04-20,195734,196724,195282,196132,17525639714,0.002033371820940655
2026-04-22,196132,196132,192687,192889,20385864916,-0.01653478269736708
2026-04-23,192889,193347,190930,191378,18333810193,-0.007833520833225305
2026-04-24,191378,191390,189963,190745,17484196673,-0.003307590214131184
2026-04-27,190745,191340,189579,189579,0,-0.00611287320768561
2026-04-28,189579,189579,187237,188619,0,-0.005063852008925007
2026-04-29,188619,188710,184504,184750,22387936838,-0.020512249561284945
2026-04-30,184759,187921,184759,187318,0,0.013899864682002772
2026-05-04,187318,187666,185538,185600,0,-0.009171569203173191
2026-05-05,185597,187428,185364,186754,19397341833,0.006217672413793007
2026-05-06,186762,188674,186762,187691,22098813114,0.005017295479614825
2026-05-07,187690,187779,182868,183218,23873835586,-0.023831723417745088
2026-05-08,183222,185584,183217,184108,0,0.004857601327380445
2026-05-11,184103,184530,181615,181909,21263568888,-0.011944076303039508
2026-05-12,181897,181897,179939,180342,21846585893,-0.008614197208494323
2026-05-13,180342,180513,176787,177098,29157268083,-0.01798804493684225
2026-05-14,177104,179476,177104,178366,22003866804,0.007159877581903729
2026-05-15,178341,178341,175417,177284,0,-0.006066178531782929
2026-05-18,177281,177330,175811,176976,18094383920,-0.0017373254213578493
2026-05-19,176973,176973,173544,174279,0,-0.01523935448874425
2026-05-20,174279,178199,174279,177356,0,0.01765559820747198
2026-05-21,177352,178547,175805,177650,17708743458,0.0016576828525676213
2026-05-22,177649,177649,174893,176210,15199873905,-0.008105826062482446
2026-05-25,176210,177816,176210,177816,9995857808,0.009114125191532763
2026-05-26,177816,177816,175516,176589,16507269684,-0.006900391415845641
2026-05-27,176602,177640,175555,175744,16376190208,-0.004785122516125062
2026-05-28,175744,176627,174686,175063,15601763363,-0.003874954479242576
2026-05-29,175064,175064,172686,173787,36949217845,-0.007288804601771948
