date,open,high,low,closed,vol,return
2010-01-05,40.22,40.38,39.9,40.38,157144560,0.006480558325025143
2010-01-06,40.25,40.49,39.7,40.03,192944352,-0.00866765725606744
2010-01-07,39.75,40.05,39.55,39.62,180137872,-0.010242318261304062
2010-01-08,39.78,39.78,38.92,39.02,173860448,-0.01514386673397261
2010-01-11,39.19,39.45,38.15,38.68,237587024,-0.008713480266530071
2010-01-12,38.31,38.73,38.04,38.32,162960032,-0.009307135470527417
2010-01-13,38.4,38.98,38.0,38.44,172588880,0.0031315240083507057
2010-01-14,38.5,38.8,37.7,37.91,175677008,-0.013787721123829422
2010-01-15,37.8,38.29,37.02,37.27,278305120,-0.016882089158533176
2010-01-18,37.4,37.98,37.35,37.6,81208352,0.00885430641266427
2010-01-19,37.3,38.03,37.21,37.5,181418160,-0.0026595744680851796
2010-01-20,37.18,37.27,35.74,36.51,222114608,-0.02640000000000009
2010-01-21,36.62,36.79,35.43,35.84,358007872,-0.018351136674883417
2010-01-22,35.45,36.5,35.38,36.25,205710832,0.011439732142856984
2010-01-26,35.41,36.49,35.05,36.34,193945424,0.0024827586206896957
2010-01-27,36.24,36.24,35.39,35.82,181271104,-0.014309301045679734
2010-01-28,36.22,36.89,35.64,36.89,207327056,0.029871580122836416
2010-01-29,37.12,37.27,35.9,36.13,207005232,-0.0206017891027378
2010-02-01,36.29,37.07,36.1,36.81,164539968,0.01882092443952388
2010-02-02,37.29,37.67,36.82,37.3,170064496,0.013311600108665944
2010-02-03,37.35,37.58,36.71,37.14,131490736,-0.004289544235924869
2010-02-04,36.7,36.9,35.29,35.71,189674688,-0.038502961766289756
2010-02-05,35.33,36.07,33.81,34.8,312269536,-0.025483057966956157
2010-02-08,34.89,35.21,34.42,34.7,184655680,-0.002873563218390607
2010-02-09,35.7,36.45,35.54,36.25,319575008,0.04466858789625361
2010-02-10,36.37,36.68,36.01,36.45,174643216,0.0055172413793105335
2010-02-11,36.45,37.3,35.89,37.09,162243360,0.017558299039780456
2010-02-12,36.6,37.4,36.0,37.08,141983952,-0.00026961445133477646
2010-02-17,37.48,38.03,37.48,37.88,161698592,0.02157497303128375
2010-02-18,37.59,38.0,37.4,38.0,194093648,0.0031678986272438703
2010-02-19,37.7,37.8,37.4,37.4,112905472,-0.015789473684210575
2010-02-22,37.31,37.35,36.62,36.62,130291496,-0.02085561497326205
2010-02-23,36.37,36.5,35.6,36.01,119644112,-0.01665756417258324
2010-02-24,36.0,36.15,35.51,35.61,140220432,-0.011108025548458689
2010-02-25,35.0,36.23,34.85,35.6,131063568,-0.0002808199943835632
2010-02-26,35.7,36.5,35.34,36.5,242162176,0.02528089887640439
2010-03-01,36.75,36.89,36.46,36.56,139486112,0.0016438356164383272
2010-03-02,36.89,37.25,36.82,37.15,158257984,0.016137855579868576
2010-03-03,37.32,37.87,36.97,37.15,249394272,0.0
2010-03-04,37.4,37.56,36.8,37.1,102455184,-0.0013458950201883368
2010-03-05,37.6,37.65,37.22,37.3,158441808,0.005390835579514697
2010-03-08,37.17,37.63,37.1,37.28,119008752,-0.0005361930294904838
2010-03-09,37.09,38.24,37.04,37.74,217473264,0.012339055793991527
2010-03-10,38.0,38.52,37.72,37.9,197705648,0.004239533651298366
2010-03-11,37.64,38.05,37.41,38.0,108033896,0.0026385224274407815
2010-03-12,38.38,38.38,37.33,37.39,112134568,-0.01605263157894732
2010-03-15,37.21,37.74,37.1,37.61,99353056,0.005883926183471555
2010-03-16,37.62,38.05,37.49,37.85,113058496,0.006381281574049602
2010-03-17,38.07,38.17,37.15,37.5,133049024,-0.009247027741083214
2010-03-18,37.67,37.67,36.76,37.2,183004448,-0.007999999999999896
2010-03-19,37.39,37.49,36.66,37.05,174981248,-0.0040322580645162365
2010-03-22,36.65,37.6,36.48,37.6,169389744,0.014844804318488558
2010-03-23,37.69,37.69,36.82,37.29,102637024,-0.00824468085106389
2010-03-24,36.94,37.09,36.49,36.5,156873296,-0.021185304371145075
2010-03-25,36.7,37.38,36.65,36.94,141446048,0.012054794520547807
2010-03-26,36.81,37.6,36.81,37.6,147866608,0.017866811044937814
2010-03-29,37.5,38.25,37.44,38.16,172668432,0.014893617021276562
2010-03-30,38.25,38.55,38.07,38.55,170085616,0.010220125786163603
2010-03-31,38.5,39.25,38.18,39.0,211079072,0.011673151750972943
2010-04-01,39.19,39.6,39.1,39.2,177494960,0.00512820512820511
2010-04-05,39.17,39.77,39.12,39.45,111258048,0.0063775510204082675
2010-04-06,39.0,39.54,38.92,38.95,140779744,-0.012674271229404344
2010-04-07,38.81,39.01,38.51,38.6,158566288,-0.00898587933247752
2010-04-08,38.6,40.15,38.3,39.98,248946336,0.035751295336787337
2010-04-09,40.0,40.27,39.61,40.1,191636400,0.0030015007503751967
2010-04-12,39.93,40.16,39.42,39.55,156057712,-0.01371571072319211
2010-04-13,39.69,39.79,39.26,39.43,123927344,-0.003034134007585232
2010-04-14,39.5,39.97,39.01,39.65,194440800,0.005579507988840993
2010-04-15,39.75,39.78,39.36,39.59,184290928,-0.0015132408575030398
2010-04-16,39.36,39.5,38.12,38.35,210287792,-0.031321040666835054
2010-04-19,38.18,38.47,37.43,37.91,181032016,-0.011473272490221786
2010-04-20,37.95,38.25,37.64,38.25,135363840,0.008968609865470878
2010-04-22,37.79,38.1,37.21,37.9,213431440,-0.0091503267973857
2010-04-23,37.81,38.0,37.39,37.95,140390848,0.0013192612137205018
2010-04-26,37.95,38.03,37.41,37.46,130849200,-0.01291172595520429
2010-04-27,37.17,37.37,36.21,36.21,181256928,-0.03336892685531234
2010-04-28,36.6,37.13,36.26,37.13,166797552,0.02540734603700634
2010-04-29,37.31,37.93,36.91,37.8,193996112,0.018044707783463343
2010-04-30,37.61,38.24,36.9,37.7,249752368,-0.002645502645502451
2010-05-03,37.5,38.11,37.44,37.8,162846560,0.0026525198938991412
2010-05-04,37.55,37.58,36.48,36.8,243779152,-0.02645502645502651
2010-05-05,36.44,37.3,36.01,36.68,215319024,-0.003260869565217317
2010-05-06,36.38,37.2,34.77,36.24,279821344,-0.01199563794983638
2010-05-07,36.25,36.44,34.82,36.14,286857632,-0.0027593818984548157
2010-05-10,37.91,37.91,37.17,37.69,160135136,0.042888765910348514
2010-05-11,36.99,37.79,36.99,37.17,131376720,-0.013796763067126405
2010-05-12,37.31,37.5,36.78,37.1,180474448,-0.0018832391713747842
2010-05-13,37.0,37.22,36.47,36.55,97323024,-0.01482479784366586
2010-05-14,36.11,36.29,35.56,35.95,141877088,-0.01641586867305045
2010-05-17,36.0,36.49,35.13,35.9,172283200,-0.0013908205841447474
2010-05-18,36.22,36.65,34.8,34.99,208235040,-0.02534818941504169
2010-05-19,32.9,33.6,32.6,33.2,507239328,-0.051157473563875344
2010-05-20,32.6,33.59,32.32,32.85,270285408,-0.010542168674698815
2010-05-21,33.0,34.26,32.61,33.5,233578880,0.019786910197869156
2010-05-24,33.4,33.69,32.79,32.92,199702736,-0.017313432835820874
2010-05-25,31.55,32.54,31.03,32.11,738848576,-0.02460510328068055
2010-05-26,32.5,33.37,32.0,33.19,693125056,0.03363438181251932
2010-05-27,33.64,34.04,33.3,33.79,344536800,0.01807773425730641
2010-05-28,33.55,33.93,33.12,33.6,232314128,-0.005622965374371014
2010-05-31,34.18,34.7,33.69,34.7,189374368,0.032738095238095344
2010-06-01,34.06,34.79,33.51,34.0,198784688,-0.02017291066282434
2010-06-02,34.05,35.17,34.0,34.96,156225408,0.028235294117647136
2010-06-04,34.6,34.6,33.9,34.25,144683248,-0.02030892448512589
2010-06-07,34.3,34.45,33.15,33.21,142349456,-0.03036496350364959
2010-06-08,33.48,34.08,33.01,33.81,117603632,0.01806684733513997
2010-06-09,34.09,34.25,33.41,33.5,108382296,-0.009168884945282563
2010-06-10,33.75,34.67,33.56,34.4,111220256,0.02686567164179099
2010-06-11,34.02,35.05,33.87,34.91,114545960,0.014825581395348841
2010-06-14,35.2,35.34,34.35,34.35,108169136,-0.01604124892580905
2010-06-15,34.55,35.3,34.45,35.19,101530088,0.024454148471615644
2010-06-16,34.81,35.47,34.67,35.3,214320064,0.003125888036374036
2010-06-17,35.25,35.47,34.69,35.14,148804336,-0.004532577903682666
2010-06-18,35.23,35.38,34.91,35.3,161444832,0.004553215708594127
2010-06-21,35.48,35.76,35.13,35.45,118736616,0.004249291784702791
2010-06-22,35.32,35.78,35.0,35.3,140387376,-0.0042313117066292705
2010-06-23,35.42,35.47,34.65,35.47,168654800,0.004815864022662986
2010-06-24,35.22,35.4,34.14,34.35,202226000,-0.03157597970115589
2010-06-25,34.42,34.6,33.8,34.6,149419472,0.00727802037845704
2010-06-28,34.4,34.98,34.28,34.51,95326320,-0.0026011560693642855
2010-06-29,34.0,34.0,32.8,33.09,222946752,-0.041147493480150565
2010-06-30,33.1,33.59,32.43,32.5,290540288,-0.017830160169235554
2010-07-01,33.1,33.99,32.51,33.99,403912128,0.04584615384615387
2010-07-02,34.0,34.39,33.51,34.31,133560040,0.009414533686378457
2010-07-05,34.16,34.2,33.48,33.48,73854816,-0.024191197901486605
2010-07-06,33.98,34.28,33.81,34.28,193627216,0.0238948626045401
2010-07-07,34.39,36.29,34.28,36.29,336880992,0.058634772462077045
2010-07-08,36.25,37.39,36.15,37.1,483578400,0.02232019840176358
2010-07-12,37.32,37.95,36.77,37.23,224728160,0.0035040431266846195
2010-07-13,37.35,37.54,37.15,37.35,218545936,0.003223207091055613
2010-07-14,37.09,37.4,36.78,37.08,162778896,-0.0072289156626507145
2010-07-15,36.94,37.19,36.37,37.0,163419504,-0.0021574973031283085
2010-07-16,36.95,37.13,35.89,36.07,182716608,-0.0251351351351351
2010-07-19,36.4,36.9,36.08,36.9,129420944,0.023010812309398387
2010-07-20,36.66,37.45,36.46,37.21,232679600,0.008401084010840165
2010-07-21,37.45,37.52,36.76,37.09,182654672,-0.003224939532383675
2010-07-22,37.48,38.16,37.33,38.1,257043088,0.02723105958479377
2010-07-23,38.19,38.5,37.85,38.5,152654384,0.01049868766404205
2010-07-26,38.55,38.8,38.27,38.59,119855760,0.002337662337662527
2010-07-27,38.8,38.97,38.39,38.5,174702688,-0.0023322104172066593
2010-07-28,38.5,39.58,38.31,39.4,341982144,0.023376623376623273
2010-07-29,39.59,39.6,38.88,39.43,194764112,0.0007614213197970621
2010-07-30,39.05,39.65,38.71,39.59,264310784,0.004057823991884479
2010-08-02,39.6,39.89,39.38,39.71,229426176,0.0030310684516290376
2010-08-03,38.99,39.25,38.38,38.5,333791104,-0.030470914127423865
2010-08-04,38.74,38.84,37.57,37.84,306443744,-0.017142857142857015
2010-08-05,37.89,38.25,37.71,37.91,220989360,0.001849894291754639
2010-08-06,37.72,38.45,37.7,38.35,174012784,0.011606436296491829
2010-08-09,38.6,38.8,38.3,38.5,119466472,0.003911342894393766
2010-08-10,38.25,38.5,37.93,38.32,135270368,-0.004675324675324721
2010-08-11,37.81,37.85,37.01,37.47,166623360,-0.022181628392484387
2010-08-12,37.23,37.71,37.05,37.65,115219616,0.0048038430744594685
2010-08-13,37.53,38.03,37.52,37.71,103053680,0.0015936254980080111
2010-08-16,37.45,38.0,37.45,37.89,132956272,0.004773269689737569
2010-08-17,38.0,38.28,37.81,38.14,138901856,0.006598046978094407
2010-08-18,38.0,38.15,37.77,38.05,194754736,-0.0023597273203985747
2010-08-19,37.85,38.38,37.51,37.6,145060368,-0.011826544021024898
2010-08-20,37.5,37.62,37.2,37.52,110636032,-0.0021276595744680327
2010-08-23,37.37,37.82,37.26,37.26,95791736,-0.006929637526652543
2010-08-24,37.05,37.13,36.43,36.62,155519200,-0.01717659688674178
2010-08-25,36.55,36.67,35.91,36.6,198941536,-0.0005461496450026582
2010-08-26,36.65,36.79,35.66,35.69,215141760,-0.024863387978142137
2010-08-27,36.07,37.2,35.67,37.2,294526432,0.042308769963575354
2010-08-30,36.9,37.1,36.47,36.75,171975792,-0.012096774193548487
2010-08-31,36.95,37.82,36.8,37.82,531761408,0.02911564625850338
2010-09-01,38.0,38.57,37.88,38.31,365914464,0.012956107879428913
2010-09-02,38.26,38.26,37.8,37.9,163635216,-0.010702166536152524
2010-09-03,38.2,38.32,37.68,37.85,139372416,-0.0013192612137202797
2010-09-06,37.85,37.95,37.22,37.5,30209370,-0.009247027741083214
2010-09-08,37.64,37.64,37.26,37.45,171984064,-0.0013333333333332975
2010-09-09,37.54,37.78,37.08,37.27,106511384,-0.004806408544726248
2010-09-10,37.22,37.37,36.96,37.19,98676168,-0.002146498524282392
2010-09-13,37.53,38.5,37.53,38.5,242088240,0.03522452272116161
2010-09-14,38.4,39.19,38.31,39.05,233888576,0.014285714285714235
2010-09-15,38.84,39.28,38.6,39.28,176625312,0.005889884763124353
2010-09-16,39.03,39.13,38.71,38.9,96700696,-0.009674134419552005
2010-09-17,38.78,39.18,38.22,38.7,142286000,-0.005141388174807138
2010-09-20,38.77,39.0,38.53,39.0,161674064,0.007751937984496138
2010-09-21,38.87,39.05,38.18,38.39,171728448,-0.015641025641025652
2010-09-22,38.38,39.01,38.12,38.65,221806000,0.0067725970304766125
2010-09-23,38.3,39.6,38.3,38.95,379121856,0.0077619663648125226
2010-09-24,39.19,39.19,38.15,38.65,318720800,-0.007702182284980874
2010-09-27,38.6,38.9,38.2,38.7,127943856,0.001293661060802087
2010-09-28,38.7,39.32,38.55,39.05,185130016,0.009043927648578753
2010-09-29,38.82,39.76,38.82,39.76,316216416,0.0181818181818183
2010-09-30,39.76,40.47,39.7,40.47,377009696,0.017857142857142794
2010-10-01,40.55,40.9,40.23,40.8,270050304,0.008154188287620379
2010-10-04,40.68,40.85,40.39,40.85,154641824,0.001225490196078427
2010-10-05,41.0,41.98,40.89,41.87,318375232,0.02496940024479799
2010-10-06,41.93,41.93,41.25,41.5,280523328,-0.008836876044900799
2010-10-07,41.76,41.76,41.04,41.58,185018480,0.001927710843373509
2010-10-08,41.45,42.49,41.45,42.49,254662144,0.021885521885522063
2010-10-11,42.45,42.5,42.04,42.17,97353032,-0.007531183807954811
2010-10-13,42.4,42.87,41.96,42.66,322439392,0.011619634811477209
2010-10-14,42.5,42.6,41.65,42.35,285623584,-0.007266760431317243
2010-10-15,42.5,42.77,42.08,42.77,223439952,0.009917355371900971
2010-10-18,42.37,43.18,42.08,43.0,199612480,0.0053776011222819164
2010-10-19,42.25,42.86,41.75,42.14,214419120,-0.020000000000000018
2010-10-20,42.21,42.88,41.89,42.55,154182224,0.009729473184622695
2010-10-21,42.6,43.0,41.74,42.01,195537952,-0.012690951821386576
2010-10-22,42.3,42.53,41.9,42.39,192797424,0.009045465365389305
2010-10-25,42.67,42.9,42.31,42.5,217527776,0.0025949516395376016
2010-10-26,42.22,42.56,42.13,42.4,250537488,-0.0023529411764706687
2010-10-27,42.47,42.51,41.08,41.54,381299744,-0.020283018867924496
2010-10-28,42.0,42.0,41.14,41.14,220961408,-0.009629272989889248
2010-10-29,41.38,41.5,40.96,41.5,190105552,0.00875060768108904
2010-11-01,41.57,42.28,41.4,42.28,273316896,0.018795180722891658
2010-11-03,42.15,42.71,41.86,42.15,397580800,-0.0030747398297067408
2010-11-04,42.5,43.27,42.31,43.27,369730816,0.026571767497034493
2010-11-05,43.08,43.49,42.85,43.49,155994848,0.0050843540559277756
2010-11-08,43.2,43.66,43.02,43.53,114504432,0.0009197516670498285
2010-11-09,43.72,43.72,42.36,42.36,309193184,-0.026878015161957314
2010-11-10,42.3,42.85,41.76,42.85,240505008,0.011567516525023747
2010-11-11,42.44,42.44,41.82,42.0,173441328,-0.019836639439906656
2010-11-12,41.75,42.0,41.25,42.0,208001536,0.0
2010-11-16,41.71,42.12,40.69,41.15,245299232,-0.020238095238095277
2010-11-17,41.2,41.36,40.92,41.1,128650816,-0.0012150668286755595
2010-11-18,41.65,41.94,41.42,41.51,174185008,0.009975669099756557
2010-11-19,41.32,42.06,41.08,41.93,202301888,0.010118043844856706
2010-11-22,41.78,41.87,40.77,41.28,132619872,-0.01550202718817073
2010-11-23,40.69,40.96,39.81,40.19,297995488,-0.026405038759690025
2010-11-24,40.39,41.32,40.3,40.54,369777760,0.008708633988554482
2010-11-25,40.69,40.7,40.14,40.47,89036832,-0.0017266896891958705
2010-11-26,40.12,40.3,39.78,40.1,184694144,-0.009142574746725862
2010-11-29,39.95,40.02,39.1,39.6,293633472,-0.012468827930174564
2010-11-30,39.45,39.92,39.16,39.25,354363776,-0.008838383838383868
2010-12-01,40.0,40.47,39.65,40.01,285506464,0.01936305732484067
2010-12-02,40.29,40.59,40.15,40.15,198759776,0.0034991252186953314
2010-12-03,39.82,40.07,39.25,39.53,252456560,-0.015442092154420828
2010-12-06,39.55,39.6,38.94,39.17,170150512,-0.00910700733620029
2010-12-07,39.52,39.86,39.2,39.3,160437680,0.003318866479448346
2010-12-08,39.3,39.31,38.46,38.93,218745056,-0.009414758269720047
2010-12-09,38.95,39.05,38.13,38.39,296178560,-0.013871050603647572
2010-12-10,38.59,38.75,38.0,38.39,205734864,0.0
2010-12-13,38.69,38.77,38.11,38.5,226600304,0.002865329512893977
2010-12-14,38.59,38.67,37.88,38.67,228459376,0.004415584415584428
2010-12-15,38.35,38.6,38.04,38.45,249264080,-0.005689164727178619
2010-12-16,38.5,38.71,37.81,38.14,260155456,-0.008062418725617748
2010-12-17,38.1,38.51,37.7,38.5,184069168,0.009438909281594077
2010-12-20,38.6,38.64,37.66,37.66,217571872,-0.02181818181818196
2010-12-21,37.8,38.68,37.75,38.53,193413264,0.023101433882103173
2010-12-22,38.59,39.43,38.21,39.43,277885536,0.02335842200882432
2010-12-23,39.18,39.66,39.12,39.33,164289024,-0.002536139994927744
2010-12-27,39.2,39.23,38.65,38.65,95898968,-0.017289600813628292
2010-12-28,38.89,38.91,38.38,38.63,103801376,-0.0005174644243207682
2010-12-29,38.7,39.52,38.66,39.49,141844864,0.02226249029251881
2010-12-30,39.6,39.79,39.1,39.79,181946528,0.007596859964547953
2011-01-03,39.6,40.08,39.45,39.68,181457856,-0.002764513696908777
2011-01-04,39.7,40.23,39.6,40.0,230731872,0.008064516129032251
2011-01-05,39.8,40.65,39.54,40.6,223354048,0.015000000000000124
2011-01-06,40.41,40.49,39.6,39.64,309517280,-0.02364532019704435
2011-01-07,39.56,39.86,38.46,38.67,269777728,-0.02447023208879917
2011-01-10,38.46,38.98,37.98,38.98,183511872,0.008016550297388125
2011-01-11,39.26,39.56,39.1,39.22,217957312,0.0061570035915854415
2011-01-12,39.59,40.25,39.44,40.25,223535728,0.026262111167771662
2011-01-13,40.4,40.43,39.37,39.37,158014576,-0.021863354037267135
2011-01-14,39.4,39.79,39.2,39.61,199638016,0.00609601219202438
2011-01-17,39.45,39.45,39.0,39.05,122115368,-0.014137843978793252
2011-01-18,39.3,39.3,38.41,38.55,355483872,-0.012804097311139517
2011-01-19,38.62,38.76,38.0,38.13,272748608,-0.010894941634241095
2011-01-20,38.0,38.05,36.99,37.2,447603904,-0.024390243902439046
2011-01-21,37.31,37.7,37.0,37.21,225667120,0.0002688172043010528
2011-01-24,37.26,37.5,37.15,37.48,119548840,0.007256113947863296
2011-01-26,37.44,37.68,36.95,36.95,170581216,-0.01414087513340434
2011-01-27,37.2,37.32,35.92,37.1,272521952,0.004059539918809252
2011-01-28,36.9,37.05,35.52,36.29,349476064,-0.0218328840970351
2011-01-31,36.38,36.56,35.5,35.59,266399152,-0.019289060347203013
2011-02-01,35.85,36.21,35.77,36.1,247472160,0.014329867940432672
2011-02-02,36.16,36.55,35.64,35.76,276862496,-0.009418282548476542
2011-02-03,35.78,35.78,35.2,35.39,168773024,-0.010346756152125214
2011-02-04,35.3,35.31,34.17,34.41,348839040,-0.027691438259395462
2011-02-07,34.64,34.89,34.18,34.76,204265504,0.010171461784365121
2011-02-08,34.58,36.22,34.53,35.8,260565008,0.029919447640966546
2011-02-09,35.62,36.0,34.81,34.96,223849936,-0.02346368715083791
2011-02-10,34.9,35.33,34.7,34.76,279442528,-0.005720823798627039
2011-02-11,34.98,36.18,34.64,36.11,260087648,0.03883774453394717
2011-02-14,35.95,36.67,35.85,36.38,180472064,0.007477153143173654
2011-02-15,36.24,37.1,35.94,37.02,303009216,0.017592083562396832
2011-02-16,37.08,37.87,37.08,37.85,356576704,0.0224203133441383
2011-02-17,37.87,38.39,37.5,38.21,361626656,0.009511228533685578
2011-02-18,38.0,38.36,37.85,38.04,185702224,-0.004449097095001409
2011-02-21,37.98,37.98,37.35,37.45,130002112,-0.015509989484752795
2011-02-22,37.3,37.6,36.15,36.63,372042368,-0.021895861148197637
2011-02-23,36.8,37.0,36.13,36.81,318645952,0.004914004914004844
2011-02-24,36.97,37.6,36.05,36.47,425863808,-0.009236620483564328
2011-02-25,36.69,37.0,35.67,36.31,342324128,-0.004387167534960157
2011-02-28,36.5,37.07,36.31,37.0,363551808,0.019003029468465993
2011-03-01,37.02,37.2,36.12,36.2,184932512,-0.021621621621621512
2011-03-02,36.05,36.55,36.05,36.33,247873408,0.0035911602209943716
2011-03-03,36.49,37.33,36.36,37.22,186262192,0.02449766033581069
2011-03-04,37.01,37.55,36.72,37.34,157166592,0.003224073078989864
2011-03-09,36.55,37.0,36.11,36.21,106413328,-0.03026245313336906
2011-03-10,35.5,35.5,34.82,34.82,386735200,-0.038387185860259576
2011-03-11,34.7,35.68,34.55,35.68,348875296,0.024698449167145364
2011-03-14,35.44,36.0,35.25,35.85,183800768,0.004764573991031362
2011-03-15,34.89,36.3,34.81,36.28,272023104,0.011994421199442051
2011-03-16,36.4,36.44,34.87,35.42,309742496,-0.023704520396912843
2011-03-17,35.75,35.85,34.95,35.23,251535776,-0.005364201016375025
2011-03-18,35.4,36.08,35.37,35.98,226428816,0.021288674425205878
2011-03-21,36.25,36.3,35.9,35.99,127520736,0.0002779321845471916
2011-03-22,36.0,37.24,35.9,37.17,259789520,0.032786885245901676
2011-03-23,36.99,37.16,36.63,36.78,270399200,-0.01049233252623083
2011-03-24,36.67,37.33,36.63,36.83,239176576,0.0013594344752583254
2011-03-25,36.99,37.04,36.6,36.84,306393440,0.0002715177844150318
2011-03-28,36.8,37.27,36.67,36.83,168967152,-0.00027144408251911223
2011-03-29,37.0,37.09,36.49,36.57,172610720,-0.007059462394786831
2011-03-30,36.8,37.61,36.64,37.61,218558112,0.028438610883237514
2011-03-31,37.69,38.9,37.5,38.9,396903840,0.034299388460515834
2011-04-01,38.96,39.47,38.61,38.84,298997888,-0.0015424164524420192
2011-04-04,38.98,39.03,38.24,38.5,215088576,-0.008753861997940371
2011-04-05,38.41,38.78,38.23,38.52,181152256,0.0005194805194805863
2011-04-06,38.5,38.73,38.2,38.39,150793296,-0.003374870197300206
2011-04-07,38.37,38.68,38.13,38.45,272803744,0.0015629070070330986
2011-04-08,38.18,38.37,37.5,37.65,315050016,-0.02080624187256186
2011-04-11,37.7,37.84,37.18,37.37,235340784,-0.007436918990703867
2011-04-12,37.01,37.31,36.71,37.18,231016304,-0.005084292213004993
2011-04-13,37.5,37.5,36.93,37.2,176737648,0.0005379236148468358
2011-04-14,37.11,37.33,36.56,36.84,178164096,-0.009677419354838679
2011-04-15,36.85,37.12,36.4,36.98,210795968,0.003800217155265795
2011-04-18,36.7,36.83,35.91,36.69,212354160,-0.007842076798269315
2011-04-19,36.9,37.4,36.9,37.26,168625552,0.015535568274734235
2011-04-20,37.61,37.9,37.42,37.9,242040368,0.01717659688674189
2011-04-25,37.76,37.93,37.4,37.77,155300512,-0.0034300791556727273
2011-04-26,37.81,38.28,37.7,38.17,205031376,0.010590415673815246
2011-04-27,38.17,38.3,37.24,37.65,409545600,-0.013623264343725516
2011-04-28,37.4,37.5,36.27,36.63,374437632,-0.0270916334661353
2011-04-29,36.5,37.1,36.32,37.1,246607328,0.012831012831012734
2011-05-02,37.38,37.38,36.28,36.55,223543616,-0.01482479784366586
2011-05-03,36.45,36.45,35.16,35.3,577149184,-0.034199726402188824
2011-05-04,35.56,35.75,35.0,35.35,356513024,0.0014164305949009304
2011-05-05,35.15,36.11,35.08,35.75,331258560,0.011315417256011262
2011-05-06,36.14,36.67,35.89,36.6,345292832,0.023776223776223793
2011-05-09,36.4,36.84,36.12,36.71,210213088,0.0030054644808743536
2011-05-10,36.9,37.38,36.71,37.38,312713600,0.01825115772269137
2011-05-11,37.27,37.27,36.7,36.83,314898272,-0.01471375066880698
2011-05-12,36.55,36.99,36.4,36.64,312926688,-0.005158837903882607
2011-05-13,36.5,36.64,35.72,35.72,183104864,-0.025109170305676942
2011-05-16,35.81,36.16,35.21,35.37,171045344,-0.009798432250839872
2011-05-17,35.33,35.5,34.76,35.49,234551264,0.003392705682782049
2011-05-18,35.41,35.6,34.7,34.7,199489280,-0.022259791490560676
2011-05-19,35.0,35.2,34.6,34.64,143019472,-0.0017291066282421053
2011-05-20,34.79,34.92,34.41,34.55,151810704,-0.002598152424942324
2011-05-23,34.02,34.85,34.0,34.4,169139840,-0.004341534008682979
2011-05-24,34.68,35.12,34.5,35.12,149640640,0.020930232558139528
2011-05-25,35.01,35.1,34.63,34.75,155754128,-0.010535307517084203
2011-05-26,35.03,35.87,34.88,35.87,314210048,0.03223021582733798
2011-05-27,35.86,36.22,35.64,35.7,238303632,-0.004739336492890822
2011-05-30,35.88,35.9,35.5,35.55,56734840,-0.004201680672269115
2011-05-31,35.83,35.98,35.42,35.84,271170528,0.008157524613221057
2011-06-01,35.69,35.96,35.25,35.42,261671136,-0.01171875
2011-06-02,35.57,35.76,34.9,35.76,277396800,0.00959909655561808
2011-06-03,35.5,36.2,35.24,35.85,235739120,0.002516778523490082
2011-06-06,35.95,35.95,34.87,35.02,194929936,-0.023152022315202192
2011-06-07,35.2,35.73,35.1,35.55,233324432,0.015134209023415002
2011-06-08,35.3,35.63,35.05,35.37,205999776,-0.005063291139240533
2011-06-09,35.3,35.46,34.77,35.1,201010576,-0.007633587786259444
2011-06-10,35.01,35.09,34.58,34.9,187400960,-0.005698005698005826
2011-06-13,34.96,35.18,34.8,34.8,141897056,-0.002865329512893977
2011-06-14,35.0,35.29,34.86,35.26,161764592,0.013218390804597746
2011-06-15,34.94,35.76,34.77,35.6,376054336,0.0096426545660806
2011-06-16,35.33,35.76,34.85,35.38,213643760,-0.006179775280898858
2011-06-17,35.5,35.56,34.7,34.99,212328224,-0.011023176936122092
2011-06-20,34.72,35.25,34.69,35.2,159885632,0.0060017147756501465
2011-06-21,35.2,35.25,34.86,34.93,128972232,-0.007670454545454675
2011-06-22,34.78,35.64,34.77,35.2,260629296,0.00772974520469516
2011-06-24,35.2,35.24,34.75,35.0,164838656,-0.005681818181818232
2011-06-27,35.1,35.24,34.76,35.01,154040080,0.0002857142857142225
2011-06-28,35.06,36.05,34.98,36.05,264375872,0.029705798343330425
2011-06-29,36.15,36.47,35.96,36.38,229263344,0.00915395284327336
2011-06-30,36.5,36.57,36.1,36.45,236213920,0.0019241341396372125
2011-07-01,36.38,36.7,35.93,36.48,198743024,0.0008230452674895528
2011-07-04,36.44,36.89,36.36,36.8,76163216,0.00877192982456143
2011-07-05,36.66,36.8,36.39,36.76,159061552,-0.0010869565217390686
2011-07-06,36.36,36.72,36.08,36.21,157172480,-0.014961915125135894
2011-07-07,36.49,36.54,35.41,35.45,248291568,-0.020988677161005165
2011-07-08,35.29,35.29,34.69,34.7,206550672,-0.021156558533145242
2011-07-11,34.35,34.58,33.18,33.42,342906400,-0.036887608069164246
2011-07-12,33.55,33.78,32.55,32.55,386597856,-0.026032315978456122
2011-07-13,32.93,33.48,32.61,32.76,395004192,0.006451612903225934
2011-07-14,32.85,32.85,31.3,31.79,543732992,-0.029609279609279615
2011-07-15,32.13,32.35,31.69,31.69,449467936,-0.003145643284051536
2011-07-18,31.55,31.8,31.0,31.4,262530672,-0.009151151782896938
2011-07-19,31.8,32.3,31.61,32.15,279526688,0.023885350318471277
2011-07-20,32.44,32.68,32.11,32.38,223170288,0.007153965785381189
2011-07-21,32.6,33.25,32.4,32.82,264687488,0.013588634959851742
2011-07-22,32.94,33.32,32.75,32.83,262705840,0.00030469226081653034
2011-07-25,32.5,32.5,31.95,32.15,159908944,-0.020712762717027156
2011-07-26,32.09,32.09,31.4,31.58,281603744,-0.017729393468118193
2011-07-27,31.45,31.53,30.84,30.96,258072592,-0.01963267891070286
2011-07-28,31.13,31.5,30.94,31.05,229317552,0.0029069767441860517
2011-07-29,30.6,31.47,30.32,31.44,211897152,0.012560386473430052
2011-08-01,31.82,31.99,30.93,31.4,225260896,-0.0012722646310433516
2011-08-02,30.78,30.78,29.26,29.58,812057984,-0.05796178343949043
2011-08-03,29.69,29.85,28.57,28.95,542309312,-0.02129817444219062
2011-08-04,28.27,28.63,27.1,28.05,472720704,-0.031088082901554404
2011-08-05,28.15,29.3,27.12,28.3,408499296,0.00891265597147961
2011-08-08,26.81,27.19,25.15,25.55,548645952,-0.09717314487632511
2011-08-09,26.2,27.3,25.76,27.3,619035200,0.06849315068493156
2011-08-10,26.65,27.0,25.9,26.4,506778848,-0.03296703296703307
2011-08-11,26.7,27.54,26.5,27.28,366519200,0.03333333333333344
2011-08-12,27.4,27.89,27.06,27.79,287791136,0.01869501466275647
2011-08-15,28.09,28.4,28.02,28.4,239595296,0.021950341849586108
2011-08-16,27.97,28.08,27.45,28.01,293179680,-0.01373239436619711
2011-08-17,28.02,28.85,27.9,28.85,245385456,0.029989289539450237
2011-08-18,27.84,27.85,26.9,27.68,393290496,-0.04055459272097062
2011-08-19,27.08,27.55,26.62,26.65,286975552,-0.03721098265895961
2011-08-22,27.1,27.2,26.08,26.3,270739392,-0.013133208255159401
2011-08-23,26.34,26.5,25.38,26.5,377295904,0.0076045627376426506
2011-08-24,26.39,26.68,25.6,26.35,320181248,-0.005660377358490565
2011-08-25,26.1,27.23,25.97,26.59,259711472,0.009108159392789306
2011-08-26,26.36,27.3,26.0,27.25,333102624,0.024821361414065546
2011-08-29,27.6,27.9,27.41,27.65,293053216,0.014678899082568808
2011-08-30,27.62,28.37,27.43,28.2,267257776,0.019891500904159143
2011-08-31,28.5,29.04,28.36,28.85,312053376,0.02304964539007104
2011-09-01,29.88,31.13,29.6,30.8,742409920,0.0675909878682841
2011-09-02,30.3,30.44,29.51,29.99,371311008,-0.026298701298701377
2011-09-05,29.22,29.29,28.58,28.8,184926512,-0.03967989329776589
2011-09-06,28.15,29.35,27.91,29.31,313147264,0.017708333333333215
2011-09-08,29.7,30.1,29.51,29.67,256715616,0.0122824974411464
2011-09-09,29.37,29.46,28.28,28.8,243894304,-0.029322548028311468
2011-09-12,28.24,28.29,27.4,28.29,289216128,-0.017708333333333437
2011-09-13,28.5,28.56,27.61,28.02,198962208,-0.009544008483563071
2011-09-14,28.2,28.6,27.45,28.28,281030496,0.009279086366880795
2011-09-15,28.75,29.06,28.5,28.75,238469840,0.016619519094766666
2011-09-16,28.82,29.39,28.6,29.3,289333856,0.019130434782608674
2011-09-19,28.5,29.11,28.41,29.05,250667952,-0.008532423208191142
2011-09-20,29.05,29.56,28.86,28.97,217323328,-0.002753872633390775
2011-09-21,29.19,29.65,28.8,28.88,277620384,-0.003106662064204291
2011-09-22,27.65,28.23,27.3,27.75,372241152,-0.03912742382271461
2011-09-23,27.9,28.15,27.22,27.43,290144960,-0.011531531531531525
2011-09-26,27.78,28.2,27.11,28.03,229182896,0.021873860736419948
2011-09-27,28.68,29.59,28.5,29.19,431562496,0.04138423118087764
2011-09-28,29.25,30.0,29.05,29.1,367576000,-0.0030832476875641834
2011-09-29,29.45,29.95,29.05,29.3,316111424,0.0068728522336769515
2011-09-30,29.0,29.49,28.75,29.05,362586240,-0.008532423208191142
2011-10-03,28.85,29.2,28.41,28.67,291133408,-0.013080895008605764
2011-10-04,28.39,28.44,27.51,28.32,399877632,-0.012207882804325165
2011-10-05,28.2,28.97,28.11,28.8,304833440,0.016949152542372836
2011-10-06,29.2,29.75,29.02,29.35,309325472,0.01909722222222232
2011-10-07,29.7,29.87,28.61,28.99,247692816,-0.012265758091993262
2011-10-10,29.3,30.45,29.18,30.13,288871936,0.03932390479475689
2011-10-11,29.99,30.96,29.79,30.7,342398016,0.018918021905077964
2011-10-13,31.11,31.4,30.48,31.05,443769760,0.01140065146579805
2011-10-14,31.25,31.5,30.87,31.4,266736720,0.011272141706924144
2011-10-17,30.95,31.3,30.8,31.3,213605056,-0.0031847133757960666
2011-10-18,31.12,31.56,30.67,31.4,292297760,0.0031948881789136685
2011-10-19,31.37,32.0,31.11,32.0,326929760,0.019108280254777066
2011-10-20,31.9,32.1,31.0,31.6,289927552,-0.012499999999999956
2011-10-21,31.8,32.44,31.8,32.21,252952144,0.01930379746835431
2011-10-24,32.31,33.25,32.31,32.94,238722976,0.022663769015833557
2011-10-25,32.55,32.76,31.72,32.03,254077312,-0.02762598664238003
2011-10-26,32.4,32.7,31.95,32.59,277276192,0.017483609116453414
2011-10-27,34.07,34.22,33.37,33.59,470373280,0.030684258975145706
2011-10-28,33.49,33.83,32.99,33.1,307254592,-0.014587674903245085
2011-10-31,32.84,33.27,32.35,32.73,276892000,-0.011178247734139113
2011-11-01,31.4,32.44,31.26,32.13,431645696,-0.018331805682859637
2011-11-03,32.8,32.94,32.16,32.5,288840192,0.011515717398070224
2011-11-04,32.12,32.8,31.92,32.62,191607616,0.0036923076923076614
2011-11-07,32.8,33.16,32.41,32.6,208635664,-0.0006131207847944742
2011-11-08,32.83,32.9,32.14,32.55,208135696,-0.0015337423312884457
2011-11-09,31.84,32.08,31.47,31.73,287268032,-0.025192012288786425
2011-11-10,31.9,32.2,31.33,31.4,164098048,-0.010400252127324316
2011-11-11,31.9,32.03,31.61,31.84,120093224,0.014012738853503182
2011-11-14,31.97,32.73,31.86,31.92,209864944,0.002512562814070307
2011-11-16,31.91,32.18,31.66,32.13,250925824,0.006578947368421018
2011-11-17,31.69,31.84,30.74,30.92,263306448,-0.037659508247743556
2011-11-18,31.1,31.2,30.25,30.45,223769840,-0.015200517464424412
2011-11-21,29.82,30.45,29.76,30.01,443028352,-0.01444991789819372
2011-11-22,30.0,30.2,29.59,29.93,264421232,-0.002665778073975389
2011-11-23,29.65,29.84,29.41,29.56,224945952,-0.012362178416304714
2011-11-24,29.8,29.94,29.05,29.68,103818040,0.004059539918809252
2011-11-25,29.3,29.89,29.16,29.51,155188128,-0.005727762803234393
2011-11-28,30.3,30.5,30.07,30.34,223970992,0.028126058963063416
2011-11-29,30.5,30.83,30.06,30.1,209474640,-0.007910349373764003
2011-11-30,30.9,32.11,30.58,31.9,509989088,0.05980066445182719
2011-12-01,32.7,33.29,32.25,33.15,409967360,0.03918495297805635
2011-12-02,33.52,33.82,32.9,33.27,363864064,0.0036199095022626526
2011-12-05,33.6,34.14,33.57,33.8,407453920,0.01593026750826554
2011-12-06,33.64,34.0,33.34,33.95,263215424,0.004437869822485396
2011-12-07,33.66,34.23,33.65,33.9,310215744,-0.0014727540500737435
2011-12-08,34.19,34.43,33.51,33.83,468873344,-0.0020648967551623043
2011-12-09,33.99,34.43,33.82,34.2,222487744,0.010937038131835886
2011-12-12,34.1,34.1,33.41,33.8,230818192,-0.011695906432748648
2011-12-13,34.05,34.21,33.52,33.75,269418752,-0.0014792899408283544
2011-12-14,33.67,34.0,33.45,33.5,319889152,-0.007407407407407418
2011-12-15,33.85,33.9,33.0,33.0,249570480,-0.014925373134328401
2011-12-16,33.2,33.31,32.9,33.2,199305168,0.0060606060606061
2011-12-19,33.11,33.57,33.0,33.0,333956000,-0.006024096385542244
2011-12-20,33.4,34.1,33.2,33.8,273989504,0.024242424242424176
2011-12-21,33.5,33.91,33.43,33.8,197468656,0.0
2011-12-22,33.93,34.8,33.82,34.4,301189440,0.01775147928994092
2011-12-23,34.6,34.97,34.52,34.69,153420208,0.008430232558139572
2011-12-26,34.75,34.94,34.46,34.5,46724936,-0.0054770827327759175
2011-12-27,34.35,34.45,34.08,34.31,140742160,-0.005507246376811548
2011-12-28,34.3,34.31,33.43,33.53,162182240,-0.022733896823083688
2011-12-29,33.69,34.0,33.39,33.99,162618944,0.0137190575603936
2012-01-02,34.22,34.25,33.5,34.03,115146592,0.0011768167107972793
2012-01-03,34.08,34.88,34.08,34.88,221383760,0.024977960622979856
2012-01-04,34.59,35.07,34.28,34.92,219366864,0.0011467889908256534
2012-01-05,34.55,35.01,33.98,34.66,231684320,-0.0074455899198169195
2012-01-06,34.8,35.17,34.53,34.92,172692288,0.007501442585112761
2012-01-09,35.05,35.38,34.67,35.14,180841392,0.006300114547537206
2012-01-10,35.47,35.79,35.35,35.6,251114240,0.013090495162208393
2012-01-11,35.36,35.81,35.35,35.65,180967008,0.001404494382022392
2012-01-12,35.7,36.1,35.37,35.73,165342496,0.0022440392706872814
2012-01-13,35.7,35.91,35.2,35.5,333809728,-0.0064371676462355865
2012-01-16,35.63,35.84,35.42,35.74,148042512,0.006760563380281637
2012-01-17,36.0,36.06,35.68,35.95,274553952,0.005875769445998991
2012-01-18,35.99,36.74,35.81,36.74,310244128,0.021974965229485388
2012-01-19,36.65,36.96,36.41,36.95,368942272,0.005715841045182302
2012-01-20,36.8,37.41,36.63,37.1,367879232,0.004059539918809252
2012-01-23,37.05,37.12,36.17,36.4,301256064,-0.018867924528301994
2012-01-24,36.17,36.25,35.65,35.74,279543008,-0.018131868131868067
2012-01-26,36.21,36.7,35.95,36.3,260550864,0.015668718522663605
2012-01-27,36.29,36.64,35.73,36.11,491412160,-0.005234159779614278
2012-01-30,35.74,35.74,34.93,35.5,345091200,-0.01689282747161447
2012-01-31,35.59,35.59,34.74,35.12,348488032,-0.010704225352112795
2012-02-01,35.3,35.78,34.67,35.7,561043264,0.016514806378132185
2012-02-02,35.5,35.85,35.3,35.7,196694048,0.0
2012-02-03,35.3,36.06,35.2,35.84,383826528,0.0039215686274509665
2012-02-06,35.65,36.06,35.41,36.06,187629040,0.006138392857142794
2012-02-07,35.79,36.44,35.35,36.4,389473120,0.00942872989462007
2012-02-08,36.41,37.3,36.4,37.2,434478112,0.021978021978022122
2012-02-09,36.9,37.37,36.7,36.95,327317280,-0.006720430107526876
2012-02-10,36.27,36.75,36.2,36.3,216678640,-0.017591339648173387
2012-02-13,36.74,37.56,36.51,37.45,291788544,0.031680440771350016
2012-02-14,37.45,37.45,36.82,36.98,222698128,-0.012550066755674383
2012-02-15,37.4,37.49,36.35,36.4,282737696,-0.01568415359653863
2012-02-16,36.1,36.49,35.69,36.49,230013808,0.0024725274725274637
2012-02-17,36.56,36.85,36.11,36.66,176881216,0.00465881063305007
2012-02-22,36.73,36.87,36.15,36.33,175266800,-0.009001636661211121
2012-02-23,36.01,36.4,35.9,36.1,176549088,-0.006330856041838584
2012-02-24,36.21,36.46,35.8,36.0,180531520,-0.0027700831024931594
2012-02-27,35.92,35.95,35.49,35.61,151662784,-0.010833333333333361
2012-02-28,35.7,36.6,35.61,36.58,264486336,0.027239539455209183
2012-02-29,36.7,37.1,36.61,36.8,293056288,0.006014215418261415
2012-03-01,36.67,37.4,36.52,37.2,285645056,0.010869565217391353
2012-03-02,37.27,37.97,37.27,37.7,244040432,0.013440860215053752
2012-03-05,37.49,37.6,36.83,37.15,228031280,-0.01458885941644572
2012-03-06,36.51,36.71,35.77,35.9,268202752,-0.03364737550471064
2012-03-07,36.29,36.65,36.0,36.65,231373824,0.02089136490250687
2012-03-08,36.97,37.98,36.86,37.82,453076512,0.031923601637107835
2012-03-09,37.94,38.64,37.69,38.42,459901888,0.015864621893178166
2012-03-12,38.1,38.29,37.7,37.81,229542192,-0.015877147319104612
2012-03-13,37.93,38.46,37.91,38.25,289524928,0.011637133033588931
2012-03-14,38.09,38.61,38.01,38.4,215006752,0.0039215686274509665
2012-03-15,37.91,38.61,37.75,38.47,261563472,0.001822916666666785
2012-03-16,38.47,38.94,38.33,38.6,287358144,0.003379256563555977
2012-03-19,38.5,38.87,38.12,38.5,310294464,-0.002590673575129543
2012-03-20,38.06,38.23,37.73,37.92,216760992,-0.015064935064935003
2012-03-21,37.73,38.07,37.52,37.7,167329632,-0.005801687763713037
2012-03-22,37.31,37.5,36.5,36.65,361456096,-0.02785145888594176
2012-03-23,36.77,36.77,36.13,36.3,322860160,-0.009549795361528002
2012-03-26,36.5,36.95,36.49,36.94,193292960,0.01763085399449027
2012-03-27,37.0,37.43,36.71,36.97,219355248,0.0008121277747699107
2012-03-28,36.79,36.9,35.78,36.0,264140320,-0.02623748985664054
2012-03-29,35.85,35.88,35.16,35.63,321397472,-0.010277777777777719
2012-03-30,35.98,36.0,34.63,34.93,350528544,-0.01964636542239695
2012-04-02,35.03,35.58,34.76,35.3,209089664,0.010592613799026651
2012-04-03,35.2,35.55,34.65,34.75,198137696,-0.015580736543909235
2012-04-04,34.48,34.62,33.68,33.68,337889280,-0.030791366906474882
2012-04-05,33.63,34.0,32.87,33.0,377143200,-0.020190023752969077
2012-04-09,32.7,32.71,32.27,32.5,203997360,-0.015151515151515138
2012-04-10,32.5,33.14,31.24,31.84,475221536,-0.02030769230769236
2012-04-11,32.26,32.5,31.75,31.75,351006304,-0.0028266331658290955
2012-04-12,32.26,32.96,31.63,32.96,330563104,0.03811023622047238
2012-04-13,32.45,32.63,31.62,31.68,364246272,-0.03883495145631066
2012-04-16,32.0,32.1,31.32,31.45,252566640,-0.007260101010100994
2012-04-17,31.95,31.95,31.28,31.5,210242240,0.0015898251192369983
2012-04-18,31.43,31.76,30.92,31.31,335820608,-0.006031746031746055
2012-04-19,31.15,31.73,31.07,31.54,264288416,0.0073458958799106355
2012-04-20,31.97,32.63,31.7,32.23,358637536,0.02187698161065299
2012-04-23,31.51,31.92,31.32,31.79,292801984,-0.013651877133105783
2012-04-24,31.45,32.15,31.23,31.45,478513984,-0.010695187165775444
2012-04-25,30.35,30.51,29.56,29.6,968524032,-0.05882352941176461
2012-04-26,29.35,29.79,29.01,29.61,513687616,0.00033783783783780663
2012-04-27,29.85,30.0,29.5,29.7,268010320,0.003039513677811634
2012-04-30,29.75,30.05,29.46,30.0,196047792,0.010101010101010166
2012-05-02,29.79,30.18,29.2,29.24,417741088,-0.02533333333333343
2012-05-03,29.4,29.45,28.7,29.2,425147392,-0.001367989056087482
2012-05-04,29.3,29.61,28.37,28.8,614641088,-0.013698630136986245
2012-05-07,28.9,29.03,28.44,29.0,245178128,0.00694444444444442
2012-05-08,28.89,29.2,28.5,29.05,319315232,0.0017241379310344307
2012-05-09,28.68,28.93,28.4,28.62,318398624,-0.01480206540447504
2012-05-10,29.2,29.76,28.5,28.63,436838848,0.00034940600978328185
2012-05-11,28.1,29.32,28.1,29.01,273549984,0.01327279077890342
2012-05-14,28.4,28.7,28.26,28.4,288622048,-0.021027231988969386
2012-05-15,28.4,29.15,28.3,28.48,378630560,0.0028169014084507005
2012-05-16,29.05,29.36,27.77,27.81,334120768,-0.02352528089887651
2012-05-17,27.99,28.09,26.73,27.05,440365824,-0.027328299172959314
2012-05-18,27.2,27.63,26.94,27.19,295654688,0.005175600739371511
2012-05-21,27.31,28.83,27.26,28.68,307596480,0.054799558661272396
2012-05-22,28.65,29.05,28.4,28.56,325398944,-0.004184100418410108
2012-05-23,28.45,28.61,27.19,28.52,434520416,-0.0014005602240896309
2012-05-24,28.48,28.6,27.82,28.12,341044992,-0.014025245441795176
2012-05-25,27.95,28.8,27.95,28.46,222794832,0.012091038406827792
2012-05-28,28.55,28.8,28.46,28.54,152204576,0.0028109627547434624
2012-05-29,28.6,28.88,28.1,28.27,332498048,-0.009460406447091785
2012-05-30,27.5,28.19,27.38,28.12,387386368,-0.005305978068623984
2012-05-31,28.15,29.3,27.94,29.3,465092768,0.041963015647226154
2012-06-01,28.73,29.4,28.55,28.58,334599168,-0.024573378839590543
2012-06-04,28.55,28.78,28.15,28.15,195448032,-0.015045486354093751
2012-06-05,28.3,28.45,27.7,27.72,180226704,-0.015275310834813483
2012-06-06,27.8,28.91,27.27,28.88,431329184,0.0418470418470418
2012-06-08,28.78,29.23,28.53,28.71,251415152,-0.0058864265927977
2012-06-11,29.1,29.49,28.73,29.0,254533552,0.010101010101010166
2012-06-12,29.34,29.5,28.88,29.5,200680848,0.01724137931034475
2012-06-13,29.28,29.9,29.0,29.55,337144352,0.0016949152542373724
2012-06-14,29.6,29.88,29.19,29.57,219204720,0.0006768189509305245
2012-06-15,29.73,30.2,29.42,30.2,258906800,0.021305377071356046
2012-06-18,29.81,30.28,29.55,30.0,239619216,-0.0066225165562913135
2012-06-19,30.15,30.68,29.91,30.48,220982000,0.016000000000000014
2012-06-20,30.48,30.54,29.55,30.05,313206016,-0.014107611548556442
2012-06-21,30.1,30.1,28.87,28.87,167679280,-0.039267886855241296
2012-06-22,28.98,29.04,28.0,28.27,221380720,-0.020782819535850372
2012-06-25,27.74,28.02,27.15,27.2,137640192,-0.037849310222851096
2012-06-26,27.47,27.56,26.9,27.16,241023840,-0.0014705882352941124
2012-06-27,27.1,28.0,26.95,27.51,198443120,0.012886597938144284
2012-06-28,27.2,27.49,26.92,27.25,186938048,-0.00945110868775001
2012-06-29,28.25,28.29,27.8,28.29,244533712,0.03816513761467877
2012-07-02,28.17,28.38,27.77,28.38,155383984,0.0031813361611876534
2012-07-03,28.44,29.32,28.3,28.95,183530544,0.02008456659619462
2012-07-04,28.9,29.14,28.57,29.12,81269096,0.005872193436960327
2012-07-05,29.28,29.87,28.93,29.45,292364576,0.011332417582417431
2012-07-06,29.01,29.25,28.59,29.25,219399120,-0.006791171477079749
2012-07-10,29.35,29.5,27.94,27.94,250511392,-0.044786324786324716
2012-07-11,28.1,28.75,27.67,28.06,258342800,0.0042949176807443035
2012-07-12,27.66,28.48,27.55,28.35,265764080,0.010334996436208277
2012-07-13,28.65,29.15,28.4,29.15,252552608,0.02821869488536155
2012-07-16,29.15,29.31,28.62,29.12,273061440,-0.0010291595197254866
2012-07-17,29.28,29.46,28.7,28.9,176456864,-0.007554945054945139
2012-07-18,29.0,29.6,28.7,29.59,185252768,0.02387543252595159
2012-07-19,29.7,30.2,29.7,30.16,192166016,0.01926326461642458
2012-07-20,29.93,30.27,29.71,30.05,309353280,-0.003647214854111347
2012-07-23,29.6,29.69,28.71,29.2,284799712,-0.02828618968386032
2012-07-24,30.0,30.38,29.71,30.19,477686496,0.03390410958904111
2012-07-25,30.49,30.63,30.05,30.4,274315168,0.006955945677376452
2012-07-26,30.71,31.46,30.54,31.24,431905376,0.02763157894736845
2012-07-27,31.5,32.8,31.37,32.4,472928096,0.03713188220230479
2012-07-30,32.4,33.3,32.1,33.29,383185408,0.027469135802469236
2012-07-31,33.55,33.55,32.04,32.47,360986912,-0.024632021628116507
2012-08-01,32.48,32.66,31.7,32.23,257827088,-0.007391438250692994
2012-08-02,31.4,31.99,31.25,31.4,276257344,-0.025752404591995015
2012-08-03,32.28,32.66,32.05,32.35,278474976,0.030254777070063854
2012-08-06,32.37,33.4,32.28,33.08,269791424,0.02256568778979906
2012-08-07,33.2,33.66,33.2,33.39,397351744,0.009371221281741393
2012-08-08,33.25,34.18,32.93,34.15,374550336,0.022761305780173657
2012-08-09,34.12,34.15,33.48,33.81,227976416,-0.009956076134699732
2012-08-10,33.4,34.34,33.3,34.18,242762288,0.010943507837917643
2012-08-13,34.09,34.35,33.7,33.95,196085152,-0.006729081334113429
2012-08-14,34.0,34.42,33.53,33.69,271960320,-0.007658321060383111
2012-08-15,33.44,34.25,33.44,33.85,269708416,0.00474918373404587
2012-08-16,34.22,34.7,33.94,34.52,258799360,0.019793205317577556
2012-08-17,34.6,34.98,34.48,34.66,189807536,0.004055619930474874
2012-08-20,34.82,34.94,34.21,34.35,181163600,-0.008944027697634027
2012-08-21,34.6,34.87,33.94,34.15,331801344,-0.005822416302765698
2012-08-22,34.0,34.48,33.72,34.28,257524048,0.0038067349926793614
2012-08-23,34.05,34.15,33.56,34.05,260140688,-0.006709451575262704
2012-08-24,33.8,34.29,33.65,34.01,194044048,-0.0011747430249632318
2012-08-27,33.99,34.1,33.23,33.5,329013472,-0.014995589532490361
2012-08-28,33.49,33.61,33.25,33.5,170950784,0.0
2012-08-29,33.63,33.77,32.53,32.69,270713216,-0.024179104477611957
2012-08-30,32.56,32.56,32.14,32.5,218365920,-0.005812174977057105
2012-08-31,32.85,32.91,31.7,31.7,417074016,-0.024615384615384595
2012-09-03,31.8,32.35,31.78,32.05,139323792,0.011041009463722329
2012-09-04,31.8,32.1,31.32,31.4,236940208,-0.020280811232449292
2012-09-05,31.6,31.7,31.13,31.5,231500336,0.0031847133757962887
2012-09-06,31.7,32.56,31.65,32.4,324444448,0.02857142857142847
2012-09-10,33.02,33.2,32.59,32.59,307351072,0.005864197530864423
2012-09-11,32.69,33.14,32.6,32.94,220497600,0.010739490641300753
2012-09-12,33.14,33.83,33.1,33.81,291466400,0.02641165755919861
2012-09-13,33.64,34.79,33.15,34.5,374084992,0.020408163265306145
2012-09-14,34.45,35.6,34.45,34.9,452635840,0.011594202898550732
2012-09-17,35.09,35.43,34.26,34.5,415625440,-0.011461318051575908
2012-09-18,34.74,34.74,33.6,33.68,337659264,-0.02376811594202899
2012-09-19,33.74,34.21,33.4,33.7,320963808,0.000593824228028561
2012-09-20,33.51,33.72,33.2,33.45,240505440,-0.007418397626112738
2012-09-21,33.85,34.11,33.47,33.65,298351520,0.005979073243647104
2012-09-24,33.5,34.09,33.39,33.76,299957056,0.00326894502228825
2012-09-25,33.19,33.45,31.67,31.73,876155328,-0.06013033175355442
2012-09-26,31.52,31.9,31.09,31.9,458654784,0.005357705641348742
2012-09-27,32.05,32.18,31.2,31.5,404737472,-0.01253918495297801
2012-09-28,30.95,31.04,30.41,30.59,535277856,-0.028888888888888853
2012-10-01,30.78,31.29,30.51,31.05,304063552,0.015037593984962516
2012-10-02,31.11,31.45,30.85,30.9,195633696,-0.004830917874396157
2012-10-03,31.07,31.17,30.5,30.5,180377344,-0.012944983818770184
2012-10-04,30.62,30.72,30.2,30.55,180633552,0.0016393442622950616
2012-10-05,31.05,31.29,30.63,30.79,262741952,0.007855973813420514
2012-10-08,30.68,31.09,30.29,30.86,222469248,0.0022734654108476082
2012-10-09,30.9,30.9,29.91,30.1,270866208,-0.024627349319507386
2012-10-10,30.1,30.39,29.3,29.4,195800960,-0.023255813953488413
2012-10-11,29.67,30.08,29.4,29.65,217171808,0.008503401360544283
2012-10-15,29.47,29.87,29.47,29.81,257742336,0.005396290050590169
2012-10-16,30.13,30.27,29.6,29.91,231194256,0.0033545790003355336
2012-10-17,30.06,30.08,29.08,29.9,360598944,-0.00033433634236046395
2012-10-18,29.71,30.06,29.45,29.82,230787568,-0.0026755852842809125
2012-10-19,29.82,29.87,29.22,29.5,220263536,-0.010731052984574108
2012-10-22,29.55,29.74,29.16,29.35,248453344,-0.005084745762711784
2012-10-23,28.55,28.86,28.19,28.42,497108320,-0.031686541737649065
2012-10-24,28.48,29.71,28.48,29.58,438431168,0.04081632653061207
2012-10-25,29.98,30.44,29.59,30.0,260429824,0.014198782961460488
2012-10-26,29.68,29.93,29.56,29.59,193223104,-0.013666666666666716
2012-10-29,29.5,29.7,29.12,29.6,93081240,0.00033795201081443516
2012-10-30,29.81,30.05,29.67,29.96,81675392,0.012162162162162149
2012-10-31,30.0,30.0,29.43,29.7,174642432,-0.008678237650200371
2012-11-01,29.5,31.0,29.5,31.0,344176896,0.043771043771043905
2012-11-05,30.8,31.1,30.6,30.97,229997904,-0.000967741935483879
2012-11-06,31.1,31.46,30.82,31.26,245625360,0.009363900548918336
2012-11-07,31.1,31.25,30.33,30.48,234877008,-0.0249520153550864
2012-11-08,30.64,30.87,29.67,29.8,319685312,-0.022309711286089273
2012-11-09,29.7,30.2,29.47,29.82,232135552,0.0006711409395971923
2012-11-12,29.78,30.08,29.57,29.8,98475072,-0.0006706908115358123
2012-11-13,29.85,30.43,29.67,30.35,205269360,0.01845637583892623
2012-11-14,30.15,30.3,29.63,29.93,293595968,-0.013838550247116999
2012-11-16,29.7,30.47,29.7,30.04,212826256,0.0036752422318744316
2012-11-19,29.99,31.05,29.99,30.97,263595968,0.030958721704394065
2012-11-21,30.91,31.48,30.7,31.35,266217520,0.0122699386503069
2012-11-22,31.44,31.85,31.43,31.72,174860448,0.01180223285486437
2012-11-23,31.67,32.09,31.5,32.09,190446176,0.01166456494325363
2012-11-26,31.88,31.99,31.5,31.5,151213536,-0.01838578996572149
2012-11-27,31.54,31.7,31.01,31.01,277021344,-0.015555555555555545
2012-11-28,30.75,31.2,30.67,31.15,264172896,0.004514672686230181
2012-11-29,31.27,31.94,30.96,31.94,288184160,0.025361155698234494
2012-11-30,31.83,32.54,31.35,32.14,484492864,0.006261740763932266
2012-12-03,32.37,33.23,32.32,33.0,410718816,0.026757934038581288
2012-12-04,32.79,32.94,32.32,32.64,308999680,-0.010909090909090868
2012-12-05,32.68,33.14,32.4,32.81,313667232,0.005208333333333481
2012-12-06,32.94,32.94,32.2,32.7,309814752,-0.003352636391344088
2012-12-07,32.65,32.99,32.28,32.76,256114560,0.0018348623853210455
2012-12-10,32.6,32.85,32.4,32.78,334811904,0.0006105006105006083
2012-12-11,32.95,33.17,32.5,32.99,248847056,0.006406345332519825
2012-12-12,33.09,33.15,32.66,32.86,274150112,-0.003940588056987049
2012-12-13,32.68,33.22,32.68,32.88,272213984,0.000608642726719566
2012-12-14,32.95,32.99,32.55,32.6,240901184,-0.008515815085158196
2012-12-17,32.67,32.84,32.55,32.7,272531328,0.0030674846625766694
2012-12-18,32.8,33.0,32.42,32.89,234491760,0.005810397553516644
2012-12-19,33.0,34.1,32.72,34.05,494622720,0.03526907874733953
2012-12-20,34.1,34.28,33.58,33.9,266995392,-0.004405286343612258
2012-12-21,33.64,34.47,33.45,34.41,313976224,0.015044247787610487
2012-12-26,34.09,34.23,33.58,33.74,189727792,-0.019471083987212867
2012-12-27,33.86,33.86,32.98,33.18,163911872,-0.016597510373444035
2012-12-28,33.36,33.62,32.96,33.39,238528064,0.006329113924050667
2013-01-02,34.0,34.5,33.91,34.48,325023520,0.03264450434261734
2013-01-03,34.31,35.61,34.11,35.51,464786784,0.02987238979118323
2013-01-04,35.51,35.56,34.93,35.19,260443584,-0.009011546043368068
2013-01-07,35.03,35.36,34.51,34.7,316913888,-0.013924410343847504
2013-01-08,34.88,35.09,34.52,34.84,254200528,0.004034582132564912
2013-01-09,34.95,35.4,34.83,35.4,309314080,0.016073478760045834
2013-01-10,35.45,35.58,34.83,34.95,342213312,-0.012711864406779516
2013-01-11,34.91,35.09,34.75,35.04,297740224,0.0025751072961373023
2013-01-14,35.12,35.63,35.12,35.47,353988672,0.012271689497716842
2013-01-15,35.35,35.5,34.91,35.03,200824512,-0.012404849168311194
2013-01-16,35.05,35.34,34.7,35.34,193230800,0.008849557522123908
2013-01-17,35.34,36.07,35.21,35.94,280209792,0.01697792869269943
2013-01-18,36.0,36.07,35.63,36.06,257154992,0.0033388981636062187
2013-01-21,36.04,36.15,35.66,35.8,123934664,-0.007210205213533105
2013-01-22,35.71,36.28,35.47,36.2,250936000,0.011173184357541999
2013-01-23,36.0,36.06,35.6,35.7,217340848,-0.013812154696132617
2013-01-24,35.69,36.1,35.46,35.74,343825376,0.0011204481792717047
2013-01-28,35.5,35.59,34.58,34.8,289622592,-0.026301063234471345
2013-01-29,34.69,35.0,34.35,34.75,359233088,-0.001436781609195359
2013-01-30,34.58,34.76,34.09,34.09,244079856,-0.018992805755395636
2013-01-31,34.09,34.54,33.8,34.35,333713440,0.00762687004986784
2013-02-01,34.28,34.57,33.9,34.15,246547488,-0.005822416302765698
2013-02-04,33.89,34.05,33.12,33.35,291512128,-0.02342606149341131
2013-02-05,33.84,34.55,33.7,34.19,552609792,0.025187406296851567
2013-02-06,34.11,34.29,33.18,33.48,365477216,-0.02076630593740858
2013-02-07,33.56,33.98,32.91,33.27,244448608,-0.006272401433691566
2013-02-08,33.28,33.88,33.01,33.87,288797632,0.018034265103696878
2013-02-13,33.93,33.95,33.55,33.78,218297696,-0.0026572187776792155
2013-02-14,33.7,33.75,33.18,33.62,199001248,-0.004736530491415203
2013-02-15,33.68,35.28,33.61,35.18,436187936,0.046400951814396185
2013-02-18,34.95,35.64,34.83,35.55,255022640,0.01051733939738475
2013-02-19,35.3,35.53,34.72,34.86,489504960,-0.01940928270042186
2013-02-20,34.89,35.05,34.06,34.25,275982464,-0.017498565691336787
2013-02-21,33.98,34.58,33.63,34.0,298582240,-0.007299270072992692
2013-02-22,34.1,35.1,34.1,35.1,451951840,0.032352941176470695
2013-02-25,35.16,35.73,35.16,35.17,344791616,0.0019943019943020612
2013-02-26,34.98,34.99,33.91,34.53,391168128,-0.018197327267557628
2013-02-27,34.6,34.75,34.01,34.66,217273776,0.003764842166232185
2013-02-28,34.7,35.24,34.48,35.07,258732800,0.011829197922677448
2013-03-01,34.65,35.5,34.65,35.2,250066720,0.003706871970345027
2013-03-04,35.0,35.15,34.57,35.05,224102224,-0.0042613636363637575
2013-03-05,35.32,35.99,34.87,35.41,334616544,0.010271041369472211
2013-03-06,35.46,35.75,34.86,35.61,299943424,0.005648121999435318
2013-03-07,35.8,36.18,35.28,35.84,383277952,0.006458859870822842
2013-03-08,35.67,36.98,35.56,36.9,473087968,0.029575892857142794
2013-03-11,36.66,37.03,36.4,36.7,224417920,-0.005420054200541924
2013-03-12,36.65,36.7,35.21,36.15,292027040,-0.014986376021798531
2013-03-13,36.1,36.49,35.91,36.1,307322752,-0.0013831258644535493
2013-03-14,36.24,36.28,35.14,35.55,316560128,-0.015235457063711988
2013-03-15,35.55,35.7,35.05,35.58,303281184,0.0008438818565401629
2013-03-18,35.48,36.28,35.34,36.03,316731360,0.012647554806070938
2013-03-19,36.13,36.33,35.35,35.82,318802112,-0.005828476269775229
2013-03-20,35.65,36.2,35.47,36.13,307777696,0.00865438302624244
2013-03-21,36.13,36.15,35.6,35.73,275365024,-0.011071132023249497
2013-03-22,36.0,36.0,35.26,35.29,221748656,-0.012314581584102924
2013-03-25,35.42,35.54,34.75,35.0,189678848,-0.00821762538962878
2013-03-26,35.05,35.73,35.02,35.37,302326016,0.010571428571428454
2013-03-27,35.35,35.45,34.67,35.45,262467056,0.002261803788521588
2013-03-28,35.5,36.09,35.35,35.99,356181312,0.015232722143864619
2013-04-01,35.8,36.08,35.2,35.45,235894608,-0.01500416782439562
2013-04-02,35.63,35.8,34.68,34.95,318369152,-0.014104372355430161
2013-04-03,34.75,34.94,34.31,34.82,271980864,-0.0037195994277540168
2013-04-04,34.83,34.94,33.72,33.83,339607872,-0.028431935669155695
2013-04-05,33.59,34.02,32.92,33.82,461732320,-0.00029559562518466365
2013-04-08,33.84,33.97,33.22,33.8,209320176,-0.0005913660555885158
2013-04-09,33.95,34.8,33.79,34.6,222879424,0.02366863905325456
2013-04-10,34.7,35.58,34.55,35.12,349439744,0.015028901734103872
2013-04-11,35.18,35.38,34.85,35.25,205036304,0.0037015945330296507
2013-04-12,35.07,35.16,34.41,34.6,262208432,-0.018439716312056653
2013-04-15,34.25,34.4,33.85,33.85,195337776,-0.021676300578034713
2013-04-16,34.25,34.78,34.14,34.7,217696928,0.025110782865583436
2013-04-17,34.3,34.4,33.37,33.85,453650240,-0.02449567723342938
2013-04-18,33.6,34.0,32.41,32.69,454102848,-0.03426883308714934
2013-04-19,32.86,33.41,32.3,33.41,321014816,0.02202508412358517
2013-04-22,33.3,33.47,32.78,33.3,287042688,-0.003292427416941024
2013-04-23,33.16,33.89,33.0,33.45,301986144,0.0045045045045046805
2013-04-24,33.44,34.09,33.34,33.69,190483520,0.007174887892376525
2013-04-25,33.7,34.12,33.38,33.89,227169488,0.005936479667557171
2013-04-26,33.6,33.97,32.48,32.77,392758880,-0.0330480967837119
2013-04-29,32.9,33.32,32.51,32.8,257153088,0.0009154714678056841
2013-04-30,32.82,33.64,32.13,33.64,476672224,0.025609756097561
2013-05-02,33.52,34.12,33.07,33.24,319459136,-0.01189060642092743
2013-05-03,33.45,34.21,33.45,33.7,327794048,0.013838748495788256
2013-05-06,33.55,33.95,33.07,33.65,209911584,-0.0014836795252226587
2013-05-07,33.65,34.66,33.4,34.64,225018000,0.02942050520059447
2013-05-08,34.64,35.29,34.51,35.0,346700544,0.010392609699769073
2013-05-09,35.0,35.4,34.36,35.0,251040032,0.0
2013-05-10,34.81,34.97,34.39,34.67,243088960,-0.009428571428571342
2013-05-13,34.61,34.72,33.95,34.01,247983840,-0.019036631093164225
2013-05-14,34.02,34.52,33.8,34.52,619403968,0.014995589532490694
2013-05-15,34.48,35.37,34.3,35.1,327188320,0.016801853997682414
2013-05-16,35.0,35.02,34.5,34.77,244617584,-0.009401709401709368
2013-05-17,34.85,35.25,34.62,35.25,291004480,0.01380500431406384
2013-05-20,35.05,35.63,34.9,35.55,437144672,0.008510638297872353
2013-05-21,32.62,32.83,31.99,32.83,289616416,-0.07651195499296759
2013-05-22,32.74,33.44,32.57,33.26,376763360,0.013097776424002339
2013-05-23,32.8,33.14,32.44,32.98,320881792,-0.008418520745640423
2013-05-24,32.73,32.99,32.36,32.88,371976320,-0.003032140691327956
2013-05-27,32.96,32.96,32.63,32.74,112018720,-0.0042579075425790425
2013-05-28,33.0,33.33,32.85,32.85,226571664,0.003359804520464138
2013-05-29,32.67,32.98,31.9,32.05,381948864,-0.024353120243531312
2013-05-31,32.0,32.4,31.74,32.4,495558208,0.010920436817472678
2013-06-03,32.4,32.43,31.93,32.12,447995392,-0.00864197530864197
2013-06-04,32.3,32.3,31.91,32.28,337498624,0.00498132004981322
2013-06-05,32.3,32.38,31.1,31.16,398653088,-0.03469640644361838
2013-06-06,31.2,31.58,30.62,31.45,265744208,0.009306803594351765
2013-06-07,31.0,31.8,30.9,31.25,373365664,-0.006359300476947549
2013-06-10,30.85,31.44,30.77,31.19,252564416,-0.0019199999999999218
2013-06-11,30.82,30.89,30.17,30.17,565239552,-0.0327027893555627
2013-06-12,30.36,30.55,29.63,30.1,386357152,-0.002320185614849146
2013-06-13,30.1,30.29,29.71,30.02,414845696,-0.0026578073089701393
2013-06-14,30.0,30.26,29.38,29.38,438339296,-0.02131912058627583
2013-06-17,29.52,29.96,29.46,29.54,285936768,0.005445881552076148
2013-06-18,29.41,29.6,29.04,29.36,244152144,-0.0060934326337169775
2013-06-19,29.42,29.46,28.41,29.0,505004800,-0.012261580381471404
2013-06-20,28.68,29.33,27.35,29.33,693554688,0.01137931034482742
2013-06-21,29.16,29.32,28.53,28.56,548073152,-0.026252983293556076
2013-06-24,28.01,28.2,27.37,27.6,615303296,-0.03361344537815114
2013-06-25,27.9,28.06,27.31,27.71,398404384,0.003985507246376807
2013-06-26,28.0,28.64,27.62,27.85,348011424,0.0050523276795380045
2013-06-27,27.85,28.63,27.85,28.41,360846336,0.020107719928186718
2013-06-28,28.35,28.91,28.13,28.77,486960960,0.012671594508975703
2013-07-01,28.71,29.11,28.38,28.5,235517488,-0.009384775808133461
2013-07-02,28.36,28.45,26.77,27.27,531093952,-0.04315789473684217
2013-07-03,27.2,27.6,26.58,26.96,480408512,-0.011367803447011271
2013-07-04,27.45,27.56,27.22,27.3,261159584,0.01261127596439171
2013-07-05,27.16,27.3,25.84,26.8,657056768,-0.01831501831501836
2013-07-08,26.69,27.36,26.21,26.8,271166400,0.0
2013-07-10,27.15,27.32,26.8,26.99,266502272,0.0070895522388059184
2013-07-11,27.34,27.77,27.05,27.66,358788672,0.02482400889218228
2013-07-12,27.52,27.75,27.16,27.38,248224752,-0.010122921185827916
2013-07-15,27.46,28.01,27.26,27.88,243440192,0.018261504747991264
2013-07-16,28.14,28.27,27.6,28.04,282121472,0.0057388809182210565
2013-07-17,28.06,28.52,28.05,28.4,262011024,0.012838801711840153
2013-07-18,28.3,28.61,28.06,28.44,329487264,0.0014084507042253502
2013-07-19,28.15,28.5,28.08,28.33,171545872,-0.003867791842475543
2013-07-22,28.3,29.13,28.09,28.92,328164000,0.02082597952700338
2013-07-23,29.2,29.68,29.1,29.31,297712160,0.013485477178423189
2013-07-24,29.3,29.45,28.55,28.96,347764896,-0.01194131695667
2013-07-25,28.83,29.15,28.74,29.0,261624048,0.0013812154696133394
2013-07-26,28.98,29.08,28.33,29.0,283124256,0.0
2013-07-29,29.06,29.27,28.62,28.99,148332544,-0.00034482758620690834
2013-07-30,29.39,30.06,29.2,29.22,441122624,0.00793377026560882
2013-07-31,29.0,29.44,28.88,29.14,387948864,-0.002737850787132068
2013-08-01,29.37,30.19,29.29,30.07,436880480,0.03191489361702127
2013-08-02,29.89,30.36,29.88,29.9,297637888,-0.005653475224476234
2013-08-05,29.95,30.1,29.4,29.43,230950800,-0.015719063545150513
2013-08-06,29.35,29.6,28.61,28.75,322815200,-0.023105674481821215
2013-08-07,28.35,28.56,28.1,28.42,265756800,-0.01147826086956516
2013-08-08,28.57,29.32,28.42,29.24,360070080,0.02885292047853616
2013-08-09,29.39,29.62,28.93,29.38,331243424,0.004787961696306464
2013-08-12,29.59,30.63,29.5,30.17,672139456,0.026889040163376565
2013-08-13,30.5,30.5,29.96,30.36,416023008,0.006297646668876222
2013-08-14,30.11,30.52,30.05,30.06,484806208,-0.00988142292490124
2013-08-15,29.64,30.15,29.45,29.81,381547360,-0.008316699933466398
2013-08-16,29.69,29.75,28.9,29.2,590855936,-0.02046293190204629
2013-08-19,28.93,29.23,28.53,28.94,336208320,-0.008904109589040976
2013-08-20,28.88,29.42,28.63,28.63,329116832,-0.01071181755355921
2013-08-21,28.57,29.0,28.23,28.42,354514784,-0.007334963325183241
2013-08-22,28.79,28.99,28.25,28.44,281717344,0.0007037297677692234
2013-08-23,28.61,29.61,28.51,29.41,371030688,0.034106891701828346
2013-08-26,29.4,29.58,28.91,28.91,232450256,-0.01700102006120363
2013-08-27,28.6,28.76,28.01,28.1,309457792,-0.02801798685575918
2013-08-28,28.24,28.58,27.91,28.2,226812704,0.003558718861209842
2013-08-29,28.4,28.99,28.34,28.45,258576704,0.00886524822695045
2013-08-30,28.6,29.0,28.58,29.0,329304160,0.019332161687170446
2013-09-02,29.65,30.0,29.2,29.3,223692480,0.010344827586207028
2013-09-03,29.32,29.56,28.9,29.01,275759744,-0.009897610921501654
2013-09-04,28.92,29.19,28.65,29.08,198849344,0.0024129610479144414
2013-09-05,29.01,29.51,28.99,29.39,266352320,0.01066024759284745
2013-09-06,29.7,30.23,29.64,29.99,402382240,0.020415107179312608
2013-09-09,30.17,31.1,30.11,30.83,462566688,0.02800933644548187
2013-09-10,30.76,31.35,30.76,31.05,387116864,0.00713590658449581
2013-09-11,30.91,31.15,30.65,30.9,322879200,-0.004830917874396157
2013-09-12,31.0,31.05,30.5,30.83,239056736,-0.0022653721682848182
2013-09-13,30.97,31.28,30.6,31.28,289959616,0.014596172559195653
2013-09-16,31.41,31.55,30.85,31.09,252081360,-0.006074168797953972
2013-09-17,31.19,31.59,31.11,31.59,299950464,0.01608234158893529
2013-09-18,31.45,32.78,31.39,32.5,452803936,0.028806584362139898
2013-09-19,32.5,32.5,31.81,32.3,470288096,-0.006153846153846287
2013-09-20,32.19,32.4,31.32,31.39,341654240,-0.028173374613002955
2013-09-23,31.86,31.89,31.26,31.64,392882816,0.007964319847085122
2013-09-24,31.72,31.8,31.32,31.48,291434016,-0.005056890012642201
2013-09-25,31.47,31.63,31.19,31.51,278898080,0.000952986022871638
2013-09-26,31.5,31.71,31.29,31.5,166014080,-0.0003173595683910735
2013-09-27,31.34,32.49,31.31,32.22,469287296,0.02285714285714291
2013-09-30,31.91,32.08,31.34,31.46,373235744,-0.02358783364369954
2013-10-01,31.52,31.87,30.96,31.75,288557632,0.009218054672600173
2013-10-02,31.65,31.96,31.58,31.62,255335888,-0.004094488188976397
2013-10-03,31.66,31.81,31.45,31.7,210437360,0.0025300442757747454
2013-10-04,31.6,32.02,31.43,31.8,181038080,0.003154574132492094
2013-10-07,31.68,31.93,31.4,31.61,198169264,-0.005974842767295652
2013-10-08,31.7,31.87,31.1,31.5,222510144,-0.0034799114204365766
2013-10-09,31.58,32.08,31.51,31.84,282224224,0.0107936507936508
2013-10-10,32.07,32.49,31.75,32.4,339754848,0.017587939698492372
2013-10-11,32.29,32.46,31.95,32.09,290687424,-0.009567901234567744
2013-10-14,32.05,32.48,31.82,32.32,285496000,0.00716734185104384
2013-10-15,32.31,32.5,32.07,32.45,398538304,0.004022277227722748
2013-10-16,32.49,32.98,32.38,32.82,407462336,0.011402157164869031
2013-10-17,32.53,33.25,32.53,33.1,397363488,0.008531383302864182
2013-10-18,33.08,33.92,33.08,33.92,456769760,0.02477341389728105
2013-10-21,33.81,33.9,33.33,33.61,261826336,-0.009139150943396346
2013-10-22,33.65,33.97,33.27,33.79,281429408,0.005355548943766664
2013-10-23,33.62,33.71,33.33,33.33,257975920,-0.013613495116898466
2013-10-24,33.5,33.53,32.88,33.17,234218320,-0.004800480048004707
2013-10-25,33.25,33.3,32.97,33.0,176181824,-0.0051251130539644585
2013-10-28,33.14,33.39,32.93,33.39,195145120,0.011818181818181728
2013-10-29,34.49,34.64,34.22,34.61,670348160,0.03653788559448934
2013-10-30,34.42,34.7,34.33,34.49,302848256,-0.0034672060098236424
2013-10-31,34.3,34.71,34.03,34.6,395284800,0.0031893302406493795
2013-11-01,34.55,34.7,33.95,34.25,322408992,-0.010115606936416222
2013-11-04,34.2,34.68,34.17,34.51,227689648,0.007591240875912453
2013-11-05,34.46,34.61,33.8,33.94,324873472,-0.016516951608229524
2013-11-06,33.88,33.9,33.16,33.53,314746720,-0.012080141426045854
2013-11-07,33.37,33.92,32.81,33.03,358839040,-0.014912019087384376
2013-11-08,32.98,33.05,31.85,32.16,318279488,-0.026339691189827596
2013-11-11,32.24,32.31,32.01,32.3,153716352,0.0043532338308458485
2013-11-12,32.17,33.08,32.0,32.25,351414912,-0.001547987616098978
2013-11-13,32.15,33.15,31.91,32.9,349380000,0.020155038759689825
2013-11-14,33.02,33.8,33.01,33.6,305679168,0.021276595744680993
2013-11-18,33.77,34.06,33.7,34.06,332147904,0.013690476190476142
2013-11-19,33.93,33.93,32.9,33.15,263724416,-0.026717557251908497
2013-11-21,32.76,33.15,32.65,32.81,298812640,-0.010256410256410109
2013-11-22,32.57,32.74,31.76,32.32,448996608,-0.014934471197805554
2013-11-25,32.41,32.48,31.25,31.84,357083168,-0.014851485148514865
2013-11-26,31.71,32.85,31.56,32.0,440200640,0.005025125628140614
2013-11-27,32.17,32.96,32.14,32.85,417223712,0.026562500000000044
2013-11-28,33.0,33.09,32.32,32.55,219615872,-0.009132420091324311
2013-11-29,32.64,32.97,32.42,32.96,272221152,0.012596006144393268
2013-12-02,32.45,33.25,32.21,32.22,408818368,-0.022451456310679685
2013-12-03,31.9,32.3,31.5,31.5,323132352,-0.022346368715083775
2013-12-04,31.78,32.05,31.19,31.2,316435616,-0.009523809523809601
2013-12-05,31.35,31.52,30.92,31.1,394728768,-0.0032051282051280827
2013-12-06,31.53,31.78,31.0,31.43,290777472,0.010610932475884294
2013-12-09,31.65,32.19,31.52,31.7,193997936,0.008590518612790365
2013-12-10,31.57,31.8,31.48,31.53,173391952,-0.005362776025236493
2013-12-11,31.5,31.6,30.69,30.69,284338016,-0.026641294005708804
2013-12-12,30.74,31.09,30.54,30.95,263752480,0.008471814923427745
2013-12-13,31.05,31.38,30.8,30.95,227509744,0.0
2013-12-16,31.09,31.52,31.0,31.17,247152544,0.007108239095314994
2013-12-17,31.23,31.39,31.05,31.21,271785472,0.0012832852101378744
2013-12-18,31.39,31.7,31.16,31.4,319463456,0.006087792374238843
2013-12-19,31.8,32.19,31.44,32.1,234949856,0.022292993630573354
2013-12-20,32.0,32.12,31.45,31.55,393224608,-0.017133956386292892
2013-12-23,31.5,31.75,31.42,31.47,191840944,-0.0025356576862124447
2013-12-26,31.63,31.85,31.48,31.69,167972544,0.00699078487448368
2013-12-27,31.64,31.98,31.59,31.6,211259168,-0.0028400126222782873
2013-12-30,31.65,32.07,31.35,31.35,304762112,-0.007911392405063333
2014-01-02,31.54,31.74,31.19,31.52,396545536,0.005422647527910662
2014-01-03,31.5,31.78,31.31,31.31,626004992,-0.006662436548223405
2014-01-06,31.38,31.7,31.34,31.51,402053600,0.006387735547748408
2014-01-07,31.48,31.83,31.27,31.27,398505568,-0.007616629641383765
2014-01-08,31.35,31.76,31.35,31.76,339213216,0.015669971218420287
2014-01-09,31.55,31.59,30.75,30.77,463989632,-0.03117128463476082
2014-01-10,30.88,31.26,30.7,30.92,329641408,0.004874878128046767
2014-01-13,30.91,31.19,30.78,30.78,305580736,-0.004527813712807305
2014-01-14,30.78,31.36,30.68,31.24,401732352,0.014944769330734076
2014-01-15,31.5,31.5,31.17,31.25,320782432,0.0003201024327785795
2014-01-16,31.39,31.43,30.47,30.6,456238464,-0.02079999999999993
2014-01-17,30.7,30.75,30.0,30.0,327585856,-0.019607843137254943
2014-01-20,29.97,30.12,29.61,29.76,129153584,-0.007999999999999896
2014-01-21,29.9,30.46,29.71,30.18,333194944,0.014112903225806495
2014-01-22,30.38,30.55,30.0,30.25,311016672,0.0023194168323392717
2014-01-23,30.01,30.76,29.6,29.65,371856768,-0.01983471074380172
2014-01-24,29.65,29.89,28.91,29.26,447444576,-0.013153456998313606
2014-01-27,29.4,29.98,29.16,29.85,337038656,0.02016404647983605
2014-01-28,30.21,30.5,29.95,30.06,303071520,0.007035175879396949
2014-01-29,29.9,30.05,29.33,29.49,365654784,-0.01896207584830345
2014-01-30,29.6,29.96,29.21,29.52,343522336,0.0010172939979653517
2014-01-31,29.35,30.29,29.2,30.28,375054368,0.0257452574525745
2014-02-03,30.0,30.18,29.44,29.9,527215008,-0.012549537648612996
2014-02-04,31.13,31.72,30.77,31.35,994902400,0.04849498327759205
2014-02-05,31.3,31.65,30.72,31.2,499278144,-0.004784688995215336
2014-02-06,31.42,32.2,31.25,31.85,416004128,0.02083333333333348
2014-02-07,31.93,32.3,31.25,31.83,364631040,-0.0006279434850864352
2014-02-10,31.61,31.9,31.46,31.78,206726832,-0.0015708451146716484
2014-02-11,32.0,32.0,31.36,31.84,344143264,0.0018879798615480947
2014-02-12,31.98,31.99,31.43,31.5,282392864,-0.010678391959799027
2014-02-13,31.37,31.38,30.83,31.36,330490464,-0.004444444444444473
2014-02-14,31.4,31.65,30.96,31.6,267324752,0.007653061224489832
2014-02-17,31.63,31.91,31.15,31.2,177571648,-0.012658227848101333
2014-02-18,31.19,31.68,31.1,31.11,309634656,-0.0028846153846153744
2014-02-19,30.49,31.14,30.25,31.1,348360224,-0.0003214400514303106
2014-02-20,30.81,31.5,30.68,31.06,300795360,-0.0012861736334406348
2014-02-21,31.1,31.3,30.87,31.1,237152544,0.0012878300064391723
2014-02-24,30.97,31.45,30.86,31.27,217858944,0.0054662379421221985
2014-02-25,31.27,31.33,30.93,31.06,177717232,-0.006715701950751551
2014-02-26,31.17,31.19,30.8,30.94,286158816,-0.003863490019317406
2014-02-27,31.1,31.57,30.94,31.43,246973856,0.015837104072398134
2014-02-28,31.51,31.85,30.98,31.23,384916416,-0.006363347120585394
2014-03-05,31.02,31.04,30.5,30.73,190526240,-0.016010246557797037
2014-03-06,30.9,31.58,30.54,31.58,260408352,0.02766026684022127
2014-03-07,31.36,31.76,30.8,30.95,293416096,-0.019949335022165893
2014-03-10,30.81,30.97,30.03,30.55,275598112,-0.012924071082390909
2014-03-11,30.88,31.14,30.62,30.88,249347584,0.010801963993453345
2014-03-12,30.57,30.71,30.2,30.5,288154592,-0.012305699481865218
2014-03-13,30.64,30.67,29.96,30.09,283738432,-0.01344262295081966
2014-03-14,30.06,30.3,29.1,29.29,371982688,-0.026586905948820183
2014-03-17,29.46,29.99,29.42,29.9,305998848,0.020826220553089803
2014-03-18,30.02,30.51,29.69,30.46,293552416,0.01872909698996672
2014-03-19,30.37,30.86,30.27,30.6,240217232,0.004596191726854881
2014-03-20,30.38,31.38,30.25,31.24,314835488,0.020915032679738488
2014-03-21,31.1,31.89,30.76,31.36,396910208,0.003841229193341844
2014-03-24,31.67,32.49,31.42,32.27,342738720,0.029017857142857206
2014-03-25,32.39,32.79,31.9,32.45,340581600,0.005577936163619457
2014-03-26,32.24,33.19,32.24,32.73,377903744,0.008628659476116907
2014-03-27,33.23,33.78,33.04,33.44,640779264,0.02169263672471744
2014-03-28,33.46,33.6,33.11,33.24,426086336,-0.005980861244018976
2014-03-31,33.38,33.94,33.14,33.9,356684576,0.019855595667869874
2014-04-01,33.89,34.3,33.61,34.15,375402528,0.007374631268436627
2014-04-02,34.0,35.29,33.92,35.25,510999680,0.03221083455344065
2014-04-03,35.25,35.31,34.5,34.84,343964416,-0.011631205673758749
2014-04-04,35.38,35.57,34.16,34.34,383705376,-0.014351320321469574
2014-04-07,34.6,35.17,34.48,35.12,459930528,0.022714036109493074
2014-04-08,35.48,36.27,34.46,34.61,676595136,-0.014521640091116117
2014-04-09,34.45,34.58,33.76,34.15,490679200,-0.013290956370991092
2014-04-10,34.15,34.65,34.07,34.52,319173152,0.010834553440702832
2014-04-11,34.22,35.34,33.98,35.34,390540416,0.023754345307068325
2014-04-14,35.4,35.46,34.57,34.89,233272800,-0.012733446519524683
2014-04-15,34.55,34.69,33.6,34.05,356676544,-0.024075666380051652
2014-04-16,34.38,34.79,34.06,34.67,320678528,0.018208516886931037
2014-04-17,34.65,35.58,34.25,35.55,360046944,0.025382174790885337
2014-04-22,35.68,35.9,35.02,35.8,440822816,0.007032348804500765
2014-04-23,35.6,36.05,35.45,35.73,336236800,-0.001955307262569872
2014-04-24,35.9,36.61,35.68,36.5,346437952,0.021550517772180422
2014-04-25,36.27,36.96,36.04,36.85,429952832,0.009589041095890538
2014-04-28,36.6,36.85,36.44,36.78,284953120,-0.001899592944369033
2014-04-29,37.02,37.32,36.35,36.8,687724864,0.0005437737901032857
2014-04-30,36.51,36.95,36.34,36.8,375973504,0.0
2014-05-02,36.63,37.82,36.56,37.45,773573632,0.017663043478260976
2014-05-05,37.7,37.9,37.33,37.85,366623328,0.010680907877169465
2014-05-06,37.62,37.62,36.9,37.5,476408448,-0.009247027741083214
2014-05-07,37.46,37.9,37.08,37.76,330819392,0.006933333333333236
2014-05-08,37.8,37.84,36.98,37.18,215927040,-0.01536016949152541
2014-05-09,37.18,37.28,36.65,36.85,296058912,-0.008875739644970349
2014-05-12,36.95,37.56,36.89,37.56,201705056,0.019267299864314857
2014-05-13,37.51,37.56,37.06,37.33,253889696,-0.006123535676251457
2014-05-14,37.24,37.58,37.11,37.49,252826640,0.004286096972944131
2014-05-15,37.22,37.42,36.88,37.21,192173056,-0.0074686583088824365
2014-05-16,37.24,37.68,37.18,37.58,218151296,0.009943563558183266
2014-05-19,37.6,37.66,37.15,37.34,284407904,-0.0063863757317720315
2014-05-20,37.24,37.73,36.56,36.68,331673056,-0.017675415104445702
2014-05-21,36.7,37.11,35.9,35.9,436500896,-0.021264994547437355
2014-05-22,35.45,36.9,35.41,36.34,441139360,0.012256267409470833
2014-05-23,36.3,36.45,35.57,35.79,328755616,-0.01513483764446899
2014-05-26,35.75,35.91,35.32,35.68,129671160,-0.0030734842134674256
2014-05-27,35.7,36.63,35.53,35.7,432670912,0.0005605381165920686
2014-05-28,35.6,36.57,35.6,36.35,427758112,0.0182072829131652
2014-05-29,36.43,36.64,35.63,35.8,215203376,-0.015130674002751143
2014-05-30,35.45,35.71,34.84,34.9,340267264,-0.025139664804469275
2014-06-02,34.92,35.29,34.75,35.02,189771952,0.0034383954154728613
2014-06-03,34.9,35.25,34.76,35.23,239811744,0.0059965733866360615
2014-06-04,35.11,35.13,34.67,34.83,391315008,-0.011353959693442994
2014-06-05,35.0,35.23,34.37,34.57,512328864,-0.0074648291702554825
2014-06-06,32.74,33.42,32.11,32.64,582714048,-0.05582875325426673
2014-06-09,32.6,33.97,32.36,33.87,461222304,0.037683823529411686
2014-06-10,33.8,33.94,33.39,33.78,471530432,-0.0026572187776792155
2014-06-11,34.19,34.64,34.03,34.48,471246656,0.02072232089994075
2014-06-13,34.03,34.46,34.03,34.29,364257760,-0.00551044083526675
2014-06-16,34.11,34.24,33.75,34.06,254333040,-0.006707494896471156
2014-06-17,33.94,34.0,33.39,33.61,181520944,-0.013211978860833917
2014-06-18,33.62,34.1,33.07,34.07,415199808,0.013686402856292856
2014-06-20,33.75,33.96,33.51,33.57,219338912,-0.014675667742882315
2014-06-23,33.58,33.71,32.79,33.32,235706784,-0.007447125409591915
2014-06-24,33.13,33.75,33.08,33.38,225239264,0.0018007202881153983
2014-06-25,33.25,33.4,32.27,32.32,313440960,-0.031755542240862855
2014-06-26,32.68,32.68,32.1,32.21,321594848,-0.0034034653465346842
2014-06-27,32.1,32.49,31.82,32.11,191452864,-0.003104625892579982
2014-06-30,32.04,32.29,31.6,31.97,217174480,-0.0043600124571784304
2014-07-01,32.09,32.35,31.76,32.08,136421168,0.003440725680325274
2014-07-02,31.96,32.06,31.42,31.56,246147360,-0.016209476309226867
2014-07-03,31.42,31.82,31.32,31.79,229888032,0.00728770595690742
2014-07-04,31.85,31.87,31.64,31.77,38508576,-0.0006291286568103072
2014-07-07,31.52,31.99,31.52,31.9,133041744,0.004091910607491256
2014-07-08,31.86,32.08,31.58,31.73,129642960,-0.005329153605015624
2014-07-10,32.28,33.2,31.9,33.2,649575424,0.04632839583989923
2014-07-11,33.03,33.44,32.75,33.17,277601632,-0.000903614457831381
2014-07-14,33.4,34.14,33.3,33.93,366817920,0.022912270123605527
2014-07-15,33.8,34.45,33.74,34.34,247922816,0.012083701738874186
2014-07-16,34.04,34.2,33.23,33.45,481457792,-0.025917297612114143
2014-07-17,33.13,33.89,33.0,33.5,315583616,0.001494768310911665
2014-07-18,34.8,35.41,34.44,35.14,664389440,0.04895522388059703
2014-07-21,35.0,35.78,34.82,35.44,329657632,0.008537279453614044
2014-07-22,35.46,35.64,35.05,35.37,267913920,-0.0019751693002257875
2014-07-23,34.99,35.49,34.86,35.38,221829712,0.0002827254735653373
2014-07-24,35.49,36.04,35.25,35.9,431499008,0.01469756924816279
2014-07-25,35.91,36.17,35.44,35.75,315066240,-0.00417827298050133
2014-07-28,35.89,35.89,35.34,35.51,227404336,-0.006713286713286748
2014-07-29,35.49,36.35,35.2,35.67,354694944,0.004505773021684201
2014-07-30,35.79,35.98,35.6,35.84,265862336,0.004765909728062789
2014-07-31,35.65,35.73,34.74,35.1,423041568,-0.020647321428571508
2014-08-01,34.83,35.19,34.53,34.95,379684544,-0.004273504273504258
2014-08-04,35.14,35.58,34.63,35.47,347647232,0.014878397711015623
2014-08-05,36.4,36.76,35.95,35.95,635247296,0.013532562729067
2014-08-06,35.9,36.4,35.51,35.8,322304640,-0.004172461752434131
2014-08-07,36.06,36.06,35.25,35.48,329872704,-0.00893854748603351
2014-08-08,35.15,35.39,34.56,35.0,269916032,-0.013528748590755257
2014-08-11,35.35,35.79,35.07,35.64,299889376,0.01828571428571424
2014-08-12,35.6,35.92,35.24,35.54,206710928,-0.0028058361391695152
2014-08-13,35.68,35.96,34.69,34.93,559693696,-0.017163759144625756
2014-08-14,34.79,35.23,34.66,35.23,439694656,0.008588605782994474
2014-08-15,35.59,35.96,35.5,35.75,327403552,0.014760147601476037
2014-08-18,36.22,36.36,35.71,36.27,316756256,0.014545454545454639
2014-08-19,36.1,37.51,36.04,37.51,417715456,0.03418803418803407
2014-08-20,37.44,37.77,37.19,37.69,440466368,0.004798720341242291
2014-08-21,37.64,37.94,37.33,37.91,317218304,0.005837092066861116
2014-08-22,37.66,37.85,37.26,37.48,301785280,-0.0113426536533896
2014-08-25,37.89,38.42,37.74,38.41,339242400,0.02481323372465316
2014-08-26,38.41,38.76,38.17,38.67,401948032,0.006769070554543122
2014-08-27,38.95,39.98,38.83,39.84,627271552,0.030256012412723132
2014-08-28,39.6,39.94,39.21,39.46,497636064,-0.009538152610441886
2014-08-29,39.8,40.65,39.52,40.36,544820096,0.022807906741003414
2014-09-01,41.11,41.28,40.16,40.5,335884000,0.003468780971258578
2014-09-02,40.47,41.41,40.08,41.24,435998368,0.018271604938271624
2014-09-03,41.5,41.62,40.42,41.1,542407104,-0.003394762366634385
2014-09-04,40.31,41.1,39.93,40.26,485449120,-0.020437956204379604
2014-09-05,40.08,40.59,40.01,40.56,605830784,0.007451564828614199
2014-09-08,40.9,41.1,39.5,39.51,481506400,-0.025887573964497146
2014-09-09,39.12,39.5,38.42,38.9,532569504,-0.01543912933434577
2014-09-10,38.6,38.75,37.89,38.48,505575456,-0.010796915167095134
2014-09-11,38.55,38.93,38.14,38.42,296015232,-0.0015592515592514067
2014-09-12,37.68,38.05,36.73,37.04,850303808,-0.0359187922956794
2014-09-15,37.13,37.98,36.78,37.98,470881472,0.025377969762419017
2014-09-16,38.14,40.05,38.14,38.96,676425280,0.025803054239073253
2014-09-17,39.73,39.87,39.06,39.13,456206976,0.004363449691991761
2014-09-18,38.81,39.16,38.39,38.67,447188864,-0.011755686174290791
2014-09-19,38.19,38.66,37.6,37.75,377708384,-0.02379105249547453
2014-09-22,36.97,37.32,36.64,37.24,320202592,-0.013509933774834337
2014-09-23,37.09,37.68,36.78,37.06,374836768,-0.004833512352309333
2014-09-24,36.84,37.5,36.56,37.35,313104832,0.007825148407986982
2014-09-25,37.1,37.12,36.18,36.18,401380352,-0.031325301204819356
2014-09-26,36.22,37.8,36.12,37.7,326462336,0.04201216141514652
2014-09-29,35.0,35.89,34.62,35.06,782535424,-0.07002652519893904
2014-09-30,34.81,34.98,33.53,33.87,780825600,-0.03394181403308627
2014-10-01,33.29,33.59,32.84,32.96,628204480,-0.02686743430764682
2014-10-02,33.21,34.53,32.85,34.06,591768576,0.033373786407767
2014-10-03,34.4,34.86,33.97,34.86,451254848,0.0234879624192601
2014-10-06,39.0,39.65,36.65,36.73,1255116288,0.05364314400458969
2014-10-07,37.38,37.75,36.31,36.79,964701056,0.0016335420637081377
2014-10-08,37.5,37.7,35.63,36.31,872185536,-0.01304702364773025
2014-10-09,37.0,37.35,36.56,36.77,612782400,0.012668686312310662
2014-10-10,36.4,36.49,35.17,35.33,476472960,-0.039162360620070835
2014-10-13,36.44,38.55,36.34,38.0,980040448,0.07557316727993202
2014-10-14,37.73,38.99,37.34,38.35,620735360,0.009210526315789558
2014-10-15,37.3,37.63,35.2,36.63,931982336,-0.044850065189048216
2014-10-16,35.36,36.67,35.13,35.66,756103232,-0.02648102648102668
2014-10-17,36.55,36.89,35.87,36.7,652986304,0.029164329781267595
2014-10-20,36.36,36.52,35.55,35.64,658519168,-0.028882833787466033
2014-10-21,33.61,34.19,33.1,33.85,898688256,-0.05022446689113358
2014-10-22,33.8,34.5,33.51,33.78,489942560,-0.002067946824224509
2014-10-23,33.48,33.48,32.22,32.25,820432960,-0.04529307282415629
2014-10-24,32.31,34.25,32.14,33.15,882028736,0.027906976744185963
2014-10-27,30.4,32.58,30.33,32.0,1478508416,-0.03469079939668174
2014-10-28,33.24,34.02,32.85,33.9,559156736,0.059374999999999956
2014-10-29,33.64,34.24,32.86,32.92,415532864,-0.02890855457227126
2014-10-30,33.9,35.58,33.9,35.58,879237760,0.08080194410692587
2014-10-31,35.8,36.75,35.64,36.75,653709952,0.03288364249578413
2014-11-03,36.34,36.6,35.76,36.6,527994528,-0.004081632653061162
2014-11-04,37.85,37.95,36.57,37.3,717080768,0.0191256830601092
2014-11-05,36.8,37.47,36.7,36.89,352710144,-0.010991957104557581
2014-11-06,36.7,36.7,35.5,35.55,424663840,-0.03632420710219586
2014-11-07,35.48,36.23,35.12,36.15,363741760,0.016877637130801704
2014-11-10,36.59,36.84,36.04,36.05,268316576,-0.0027662517289073207
2014-11-11,35.69,36.5,35.5,36.03,226071280,-0.0005547850208043048
2014-11-12,35.74,37.12,35.56,36.3,355296576,0.007493755203996644
2014-11-13,36.67,36.77,35.13,35.13,302036960,-0.03223140495867749
2014-11-14,34.81,35.4,34.26,35.3,427020128,0.004839168801593852
2014-11-17,35.39,35.76,34.76,35.04,267679520,-0.007365439093484416
2014-11-18,35.19,36.33,34.73,36.06,318786112,0.02910958904109595
2014-11-19,36.27,37.51,36.06,37.51,493641632,0.04021075984470324
2014-11-21,37.69,40.0,37.66,39.98,992450112,0.06584910690482526
2014-11-24,40.5,40.78,38.98,39.15,653033024,-0.020760380190094962
2014-11-25,39.6,40.18,38.91,39.65,496250144,0.012771392081736943
2014-11-26,40.0,40.07,39.1,39.32,429616288,-0.00832282471626733
2014-11-27,39.35,39.9,38.4,38.74,298925312,-0.014750762970498377
2014-11-28,38.97,39.37,38.52,38.6,343218016,-0.0036138358286009753
2014-12-01,38.0,38.42,36.33,36.98,578620096,-0.04196891191709862
2014-12-02,37.36,37.58,35.99,36.42,443396320,-0.015143320713899233
2014-12-03,36.74,37.15,36.41,36.89,269056128,0.012904997254255868
2014-12-04,37.23,37.25,35.95,36.34,323875456,-0.0149091894822444
2014-12-05,36.62,37.15,36.14,37.03,286026016,0.018987341772151778
2014-12-08,37.0,37.07,35.2,35.65,291944416,-0.037267080745341685
2014-12-09,35.18,36.15,35.11,35.79,541778496,0.003927068723702742
2014-12-10,35.64,35.71,34.8,35.25,321878400,-0.015088013411567402
2014-12-11,35.27,35.75,34.79,35.65,369167072,0.01134751773049647
2014-12-12,35.24,35.59,33.74,33.75,450755264,-0.05329593267882182
2014-12-15,34.1,34.25,32.5,33.03,629991104,-0.021333333333333315
2014-12-16,32.47,33.48,32.0,32.87,687053696,-0.004844081138359213
2014-12-17,33.02,35.24,33.02,34.53,792643328,0.050501977487070304
2014-12-18,34.75,35.43,33.93,34.27,380211936,-0.007529684332464481
2014-12-19,34.7,34.99,34.18,34.8,323069280,0.01546542165159015
2014-12-22,35.0,35.05,34.03,35.04,268077632,0.006896551724137945
2014-12-23,35.1,35.2,34.5,35.2,245383168,0.004566210045662267
2014-12-26,35.0,35.37,34.65,34.7,150962368,-0.014204545454545414
2014-12-29,34.55,35.1,34.52,34.8,321650208,0.0028818443804032867
2014-12-30,34.99,35.1,34.54,34.6,299175872,-0.005747126436781436
2015-01-02,34.25,34.81,33.52,33.83,382761568,-0.022254335260115665
2015-01-05,33.3,34.35,33.04,34.0,427000832,0.005025125628140836
2015-01-06,34.0,34.55,33.63,34.55,506822176,0.016176470588235237
2015-01-07,35.0,36.34,35.0,35.8,452329088,0.0361794500723589
2015-01-08,36.0,36.5,35.22,36.36,414372960,0.015642458100558754
2015-01-09,36.05,36.15,34.67,34.77,321069760,-0.04372937293729362
2015-01-12,34.6,34.93,33.88,33.93,369102784,-0.02415875754961183
2015-01-13,34.21,34.79,33.89,33.89,473382368,-0.0011788977306218529
2015-01-14,33.6,34.63,33.5,34.12,414874784,0.006786662732369386
2015-01-15,34.2,35.16,33.81,33.82,440876256,-0.008792497069167515
2015-01-16,33.91,34.52,33.6,34.34,471247488,0.015375517445298748
2015-01-19,34.11,34.53,32.95,33.1,279158656,-0.03610949330227142
2015-01-20,33.65,33.77,32.96,33.21,300678560,0.0033232628398791597
2015-01-21,33.7,34.43,33.17,34.19,488342336,0.02950918398072866
2015-01-22,34.59,35.0,34.17,34.36,417430752,0.004972214097689331
2015-01-23,34.34,34.7,33.71,34.03,378106624,-0.009604190919674016
2015-01-26,33.87,34.5,33.61,34.43,330339136,0.011754334410813971
2015-01-27,34.3,34.57,33.56,34.3,426147008,-0.0037757769387163354
2015-01-28,33.9,34.62,33.59,33.6,378881472,-0.020408163265306034
2015-01-29,33.9,34.04,32.81,33.37,397862720,-0.006845238095238182
2015-01-30,32.72,33.08,32.47,32.9,581354688,-0.014084507042253502
2015-02-02,33.22,33.38,32.65,33.32,379520896,0.01276595744680864
2015-02-03,34.49,34.67,34.08,34.25,617384256,0.027911164465786342
2015-02-04,34.22,35.72,34.0,35.51,837011072,0.03678832116788322
2015-02-05,35.35,35.78,35.0,35.21,663115072,-0.00844832441565746
2015-02-06,35.0,35.31,34.6,35.13,586588160,-0.002272081794944536
2015-02-09,34.81,35.46,34.81,35.35,432273408,0.006262453743239416
2015-02-10,35.4,35.65,34.9,34.9,403565216,-0.012729844413012836
2015-02-11,34.33,34.5,33.11,33.48,392413568,-0.04068767908309456
2015-02-12,33.84,34.53,33.7,34.36,391912448,0.0262843488649942
2015-02-13,34.58,35.52,34.45,35.5,427296256,0.03317811408614668
2015-02-18,36.21,36.35,35.51,35.71,412596160,0.005915492957746515
2015-02-19,35.57,36.07,35.35,35.7,277249216,-0.0002800336040323925
2015-02-20,36.0,36.02,35.27,35.89,215002224,0.005322128851540597
2015-02-23,35.34,36.49,35.34,36.24,336447616,0.009752020061298383
2015-02-24,36.48,36.62,35.8,36.62,348021600,0.010485651214127811
2015-02-25,36.15,36.71,35.95,36.71,300911712,0.0024576734025123503
2015-02-26,36.75,36.89,36.18,36.89,270966976,0.004903296104603605
2015-02-27,36.9,37.57,36.27,36.5,667370624,-0.01057197072377336
2015-03-02,36.4,36.73,36.01,36.32,420022432,-0.004931506849315093
2015-03-03,36.29,36.6,35.99,36.6,287405696,0.007709251101321701
2015-03-04,36.13,36.44,35.93,36.28,577025152,-0.008743169398907069
2015-03-05,36.22,36.5,35.62,35.96,371004384,-0.008820286659316445
2015-03-06,35.72,36.16,34.66,35.0,602638272,-0.026696329254727535
2015-03-09,34.2,34.72,33.46,34.09,669707072,-0.025999999999999912
2015-03-10,33.55,34.05,32.75,32.75,979063040,-0.039307714872396704
2015-03-11,33.03,33.91,33.0,33.86,839526528,0.03389312977099235
2015-03-12,34.2,34.39,33.79,34.0,531105376,0.0041346721795629815
2015-03-13,33.22,33.9,33.13,33.83,625263040,-0.0050000000000000044
2015-03-16,34.05,34.27,33.42,33.83,365484352,0.0
2015-03-17,33.99,34.8,33.76,34.8,605602176,0.028672775642920367
2015-03-18,34.64,36.0,34.35,35.85,596352256,0.030172413793103647
2015-03-19,35.75,35.83,35.08,35.63,354842176,-0.006136680613668011
2015-03-20,36.0,36.46,35.85,35.93,554912832,0.008419870895312931
2015-03-23,35.89,36.1,35.16,35.7,349381632,-0.006401335930976804
2015-03-24,35.7,36.09,35.09,35.48,405863072,-0.006162464985994598
2015-03-25,35.7,36.27,35.05,35.45,555388416,-0.0008455467869220579
2015-03-26,35.08,35.27,34.32,34.45,432680256,-0.028208744710860323
2015-03-27,34.47,34.47,33.6,33.85,484710176,-0.01741654571843254
2015-03-30,34.0,34.99,33.93,34.99,394457152,0.0336779911373708
2015-03-31,34.65,35.59,34.48,35.31,463214080,0.009145470134324096
2015-04-01,35.8,36.75,35.68,36.5,546415296,0.03370150099122049
2015-04-02,36.45,37.35,36.45,36.85,458189056,0.009589041095890538
2015-04-06,37.37,37.47,36.86,37.3,353865568,0.012211668928086672
2015-04-07,37.1,37.5,36.91,37.32,410288384,0.0005361930294907058
2015-04-08,37.65,37.96,37.38,37.5,500651104,0.004823151125401992
2015-04-09,36.7,36.94,36.2,36.75,731848704,-0.020000000000000018
2015-04-10,36.5,37.2,36.3,37.02,349175168,0.007346938775510292
2015-04-13,36.9,37.27,36.51,36.73,358032896,-0.007833603457590654
2015-04-14,36.92,37.03,36.21,36.73,346735904,0.0
2015-04-15,37.07,37.33,36.61,37.26,348618112,0.01442962156275529
2015-04-16,37.08,37.16,36.77,36.98,373237664,-0.007514761137949577
2015-04-17,36.62,36.8,36.48,36.51,402596960,-0.012709572742022668
2015-04-20,36.68,36.77,35.76,35.9,622717120,-0.01670775130101343
2015-04-22,36.0,37.15,35.9,36.9,488086208,0.027855153203342642
2015-04-23,36.53,37.95,36.27,37.9,502047744,0.027100271002709952
2015-04-24,37.91,39.44,37.86,39.13,911150464,0.03245382585751999
2015-04-27,38.98,39.5,38.23,38.4,432662912,-0.018655762841809476
2015-04-28,38.62,38.91,38.01,38.79,488438176,0.010156250000000089
2015-04-29,38.43,38.76,38.03,38.26,363466912,-0.013663315287445243
2015-04-30,38.1,38.69,37.9,38.53,395157696,0.007056978567694827
2015-05-04,38.75,39.41,38.71,38.95,410950016,0.010900596937451379
2015-05-05,38.7,39.24,38.1,38.57,557988736,-0.00975609756097573
2015-05-06,38.62,38.91,37.2,37.6,665352256,-0.02514907959554058
2015-05-07,37.31,37.75,37.1,37.75,456412000,0.003989361702127603
2015-05-08,38.29,38.3,37.3,38.25,533222272,0.013245033112582849
2015-05-11,38.37,38.5,37.78,38.07,277422432,-0.004705882352941115
2015-05-12,37.7,38.24,37.62,37.9,457539296,-0.0044654583661676295
2015-05-13,37.73,38.1,37.51,37.64,415915392,-0.0068601583113455655
2015-05-14,37.67,38.15,37.45,38.01,450038304,0.009829968119022148
2015-05-15,37.9,38.74,37.9,38.72,305088128,0.018679294922388845
2015-05-18,38.78,38.78,37.43,37.69,877646848,-0.026601239669421517
2015-05-19,37.6,38.04,36.58,37.16,423305280,-0.014062085433802052
2015-05-20,36.78,36.93,36.24,36.5,706782656,-0.017761033369214085
2015-05-21,36.12,36.18,35.6,36.06,649207680,-0.012054794520547918
2015-05-22,35.8,35.8,35.26,35.3,822185280,-0.021075984470327325
2015-05-25,35.4,35.67,35.04,35.43,270093696,0.0036827195467423746
2015-05-26,35.22,35.3,34.75,34.91,431280192,-0.014676827547276394
2015-05-27,35.18,35.72,34.63,35.62,508301888,0.02033801203093666
2015-05-28,35.32,35.45,34.78,35.2,315215104,-0.011791128579449639
2015-05-29,35.1,35.1,34.3,34.33,685883008,-0.02471590909090926
2015-06-01,34.44,34.62,34.04,34.08,423197760,-0.0072822604136324465
2015-06-02,34.37,34.95,34.14,34.84,482975008,0.02230046948356823
2015-06-03,34.77,34.77,33.91,33.96,474085632,-0.025258323765786517
2015-06-05,33.86,33.97,33.13,33.15,387251136,-0.023851590106007126
2015-06-08,33.46,33.47,33.0,33.01,427944096,-0.004223227752639502
2015-06-09,33.1,33.38,32.77,32.8,405383296,-0.006361708573159652
2015-06-10,33.29,34.03,33.26,33.76,811672448,0.029268292682926855
2015-06-11,34.14,34.24,33.3,33.55,509389408,-0.006220379146919419
2015-06-12,33.25,33.58,33.02,33.2,446675712,-0.010432190760059412
2015-06-15,33.0,33.37,32.4,33.37,462737728,0.005120481927710641
2015-06-16,33.74,34.56,33.57,34.55,675685376,0.03536110278693427
2015-06-17,34.33,34.59,33.8,33.94,531709024,-0.017655571635311174
2015-06-18,34.16,34.98,33.76,34.78,286436576,0.024749558043606568
2015-06-19,34.02,34.62,33.97,34.39,509409120,-0.011213341000575028
2015-06-22,34.55,34.83,34.23,34.49,402900896,0.0029078220412910305
2015-06-23,34.77,35.19,34.54,34.83,361959040,0.009857929834734547
2015-06-24,34.9,35.29,34.71,34.95,396464512,0.003445305770887197
2015-06-25,34.91,34.96,33.99,34.35,385747200,-0.01716738197424894
2015-06-26,34.23,34.98,34.23,34.65,327118368,0.008733624454148492
2015-06-29,34.07,34.56,33.9,34.21,235371776,-0.012698412698412653
2015-06-30,34.44,34.58,34.07,34.22,343970144,0.00029231218941827564
2015-07-01,34.45,34.47,34.03,34.4,354838304,0.005260081823495133
2015-07-02,34.74,35.07,34.51,34.86,339867680,0.013372093023255927
2015-07-03,34.65,34.85,34.4,34.51,147404272,-0.010040160642570295
2015-07-06,34.09,34.59,33.71,33.92,311852416,-0.017096493769921617
2015-07-07,33.71,34.12,33.28,34.05,333139584,0.0038325471698112956
2015-07-08,33.78,34.1,33.5,33.66,278813952,-0.011453744493392093
2015-07-10,34.4,34.8,34.06,34.68,428028352,0.030303030303030498
2015-07-13,34.89,35.32,34.74,35.0,243824320,0.009227220299884653
2015-07-14,31.74,31.98,31.44,31.84,238397936,-0.0902857142857143
2015-07-15,31.72,31.88,31.19,31.29,330842112,-0.017273869346733695
2015-07-16,31.65,31.75,31.1,31.38,274917792,0.0028763183125599667
2015-07-17,31.4,31.6,31.01,31.19,205140992,-0.006054811982154185
2015-07-20,31.22,31.32,30.83,31.0,272962496,-0.006091696056428342
2015-07-21,31.01,31.17,30.55,30.74,279133920,-0.008387096774193581
2015-07-22,30.51,30.66,29.94,30.26,395208768,-0.01561483409238762
2015-07-23,30.45,30.45,28.9,29.0,705706304,-0.04163912756113686
2015-07-24,28.9,28.95,28.16,28.87,729088192,-0.004482758620689586
2015-07-27,28.75,29.22,28.61,28.81,451343136,-0.0020782819535851704
2015-07-28,29.3,29.8,28.5,29.34,604571968,0.018396390142311647
2015-07-29,29.24,29.8,29.1,29.63,402655328,0.009884117246080404
2015-07-30,29.78,29.8,29.02,29.26,222053472,-0.012487343908201054
2015-07-31,29.51,30.08,29.43,30.08,393960000,0.028024606971975174
2015-08-03,29.9,30.1,29.53,29.92,386595520,-0.005319148936170137
2015-08-04,29.94,29.94,28.91,29.2,798915584,-0.02406417112299475
2015-08-05,29.5,29.77,29.01,29.15,355183488,-0.00171232876712335
2015-08-06,28.99,29.35,28.7,29.04,495083776,-0.0037735849056603765
2015-08-07,28.8,29.04,28.05,28.19,422771872,-0.029269972451790527
2015-08-10,28.41,28.77,28.13,28.56,419780224,0.013125221709826107
2015-08-11,28.5,28.64,28.04,28.5,314053760,-0.0021008403361344463
2015-08-12,28.17,28.18,27.46,27.68,725931072,-0.02877192982456145
2015-08-13,27.53,27.6,26.5,26.7,724607936,-0.03540462427745661
2015-08-14,26.87,26.93,26.32,26.67,605570560,-0.0011235955056179137
2015-08-17,26.62,27.27,26.39,26.39,358751232,-0.01049868766404205
2015-08-18,26.43,27.68,25.9,26.83,807538240,0.016672982190223395
2015-08-19,26.51,26.68,25.9,26.28,447778176,-0.020499440924338308
2015-08-20,25.97,26.7,25.82,26.34,453330400,0.0022831050228309113
2015-08-21,26.05,26.74,25.87,26.4,557851712,0.00227790432801811
2015-08-24,24.99,26.6,24.72,25.88,721381632,-0.019696969696969657
2015-08-25,26.79,26.88,25.65,25.81,674620608,-0.002704791344667723
2015-08-26,26.15,27.37,25.89,27.37,721241600,0.06044168926772575
2015-08-27,27.62,28.75,27.6,28.34,682808192,0.0354402630617463
2015-08-28,28.0,28.6,27.22,27.53,461063648,-0.028581510232886354
2015-08-31,26.84,26.92,26.22,26.55,612795648,-0.03559752996730836
2015-09-01,25.92,26.39,25.76,25.92,435375936,-0.023728813559321993
2015-09-02,26.26,26.53,25.84,26.53,330272256,0.023533950617284027
2015-09-03,26.68,27.54,26.26,27.54,696912256,0.038070109310214706
2015-09-04,26.88,27.18,26.42,26.42,625735808,-0.04066811909949153
2015-09-08,27.05,27.05,26.61,26.71,279435136,0.01097653292959877
2015-09-09,27.1,27.75,26.92,27.01,466298144,0.011231748408835562
2015-09-10,26.0,26.94,26.0,26.47,707264192,-0.019992595335061147
2015-09-11,26.4,26.52,26.15,26.52,498204096,0.0018889308651304226
2015-09-14,26.69,27.61,26.3,27.59,512516640,0.040346907993966896
2015-09-15,27.38,28.46,27.38,28.27,615434624,0.02464661109097488
2015-09-16,28.5,29.1,28.4,28.99,702082240,0.02546869472939517
2015-09-17,28.53,29.51,28.47,28.99,573521088,0.0
2015-09-18,28.6,29.0,27.61,27.85,800522112,-0.03932390479475667
2015-09-21,27.8,28.04,27.02,27.23,424473952,-0.022262118491921057
2015-09-22,26.92,27.71,26.44,27.49,508630624,0.009548292324641938
2015-09-23,27.44,27.69,26.4,26.4,427724864,-0.03965078210258277
2015-09-24,25.61,26.86,25.2,26.7,772211328,0.011363636363636465
2015-09-25,27.05,27.29,25.91,26.05,343719840,-0.02434456928838946
2015-09-28,25.83,26.25,25.54,26.03,411523840,-0.0007677543186179747
2015-09-29,26.07,26.36,25.87,25.92,323726432,-0.004225893200153652
2015-09-30,26.57,26.7,25.77,26.51,612601088,0.022762345679012252
2015-10-01,26.5,27.06,26.28,26.88,333935360,0.013956997359486856
2015-10-02,26.66,27.97,26.55,27.97,542811392,0.040550595238095344
2015-10-05,28.35,29.0,28.24,28.56,461379904,0.021094029317125562
2015-10-06,28.3,28.95,28.28,28.82,459034304,0.0091036414565826
2015-10-07,29.3,30.29,28.86,29.64,746584512,0.0284524635669674
2015-10-08,29.46,29.87,29.18,29.75,527383168,0.003711201079622084
2015-10-09,30.19,30.21,28.98,29.55,741211264,-0.006722689075630228
2015-10-13,28.7,28.89,27.66,27.97,745692480,-0.05346869712351954
2015-10-14,27.78,28.27,27.51,27.71,897645312,-0.009295673936360327
2015-10-15,27.83,27.96,26.86,27.25,654860992,-0.016600505232768015
2015-10-16,27.1,27.56,26.7,26.84,535349728,-0.015045871559632995
2015-10-19,26.95,27.55,26.8,27.48,401227200,0.023845007451564815
2015-10-20,27.65,27.84,26.71,26.92,497030080,-0.020378457059679667
2015-10-21,27.04,27.16,26.5,26.72,394540192,-0.007429420505200679
2015-10-22,26.82,27.36,26.75,27.28,492759008,0.020958083832335328
2015-10-23,27.85,28.1,27.08,27.1,480137120,-0.006598240469208205
2015-10-26,27.25,27.47,26.6,26.7,319023872,-0.014760147601476148
2015-10-27,26.7,26.87,26.31,26.55,321343488,-0.00561797752808979
2015-10-28,26.58,27.43,26.35,26.73,638142528,0.006779661016949046
2015-10-29,26.38,27.13,26.0,26.0,425662400,-0.02731013842124952
2015-10-30,26.27,26.52,26.02,26.47,312263104,0.0180769230769231
2015-11-03,26.7,28.16,26.67,28.16,686454400,0.0638458632414054
2015-11-04,28.59,28.8,27.97,28.23,515055744,0.002485795454545414
2015-11-05,28.23,28.6,27.93,28.57,275131968,0.012043924902585879
2015-11-06,28.5,28.5,27.8,28.14,368806080,-0.015050752537626888
2015-11-09,27.99,28.08,27.34,27.42,300772160,-0.02558635394456288
2015-11-10,27.36,27.59,26.9,27.59,278068896,0.006199854121079484
2015-11-11,27.84,28.49,27.78,28.34,402333376,0.02718376223269292
2015-11-12,28.33,28.5,27.93,28.42,327892416,0.0028228652081863093
2015-11-13,28.17,28.25,27.63,27.63,359431872,-0.027797325826882546
2015-11-16,27.76,28.41,27.7,28.41,471741472,0.028230184581976125
2015-11-17,28.6,29.17,28.45,28.61,409146496,0.007039774727208625
2015-11-18,28.59,29.08,28.43,28.54,468079776,-0.0024466969591052656
2015-11-19,29.0,29.39,28.4,29.32,553419904,0.027330063069376465
2015-11-23,29.62,29.73,29.15,29.31,397866272,-0.00034106412005463493
2015-11-24,29.05,29.36,28.62,29.35,281103136,0.0013647219379051556
2015-11-25,28.75,28.83,27.8,27.91,630867776,-0.049063032367972825
2015-11-26,28.0,28.61,27.9,28.32,296314848,0.014690075241848843
2015-11-27,28.12,28.22,27.5,27.57,415202048,-0.026483050847457612
2015-11-30,27.4,28.05,27.11,27.79,762259136,0.007979688066739099
2015-12-01,27.85,28.09,27.42,27.99,360249056,0.007196833393307012
2015-12-02,27.87,28.05,26.96,27.1,566032064,-0.0317970703822793
2015-12-03,28.3,29.42,28.1,28.82,930463488,0.06346863468634689
2015-12-04,28.57,28.69,27.7,28.18,487905632,-0.022206800832755058
2015-12-07,28.51,28.7,27.85,27.97,444665184,-0.0074520936834634455
2015-12-08,27.96,27.96,27.31,27.65,536458560,-0.011440829460135915
2015-12-09,28.05,29.23,28.02,29.15,835489088,0.054249547920433905
2015-12-10,28.88,29.09,28.61,28.8,416875264,-0.012006861063464713
2015-12-11,28.51,29.05,28.37,28.8,389364608,0.0
2015-12-14,28.52,28.58,27.91,28.12,339973088,-0.023611111111111138
2015-12-15,28.21,28.81,28.21,28.3,574759424,0.006401137980085236
2015-12-16,28.05,28.27,27.4,28.11,487242112,-0.006713780918727985
2015-12-17,28.7,29.07,28.46,28.59,346203712,0.01707577374599789
2015-12-18,27.87,27.97,26.93,26.93,928345344,-0.058062259531304616
2015-12-21,27.1,27.2,26.3,26.43,520411488,-0.018566654288897144
2015-12-22,26.75,26.96,26.3,26.6,450450688,0.006432084752175715
2015-12-23,27.09,27.09,26.31,26.5,315425792,-0.003759398496240629
2015-12-28,26.55,26.72,26.4,26.4,453832480,-0.0037735849056603765
2015-12-29,26.6,26.66,26.28,26.42,192910976,0.0007575757575759567
2015-12-30,26.53,26.53,26.07,26.33,336780256,-0.003406510219530756
2016-01-04,25.92,26.09,25.13,25.13,589067456,-0.04557538928978344
2016-01-05,25.4,25.78,25.08,25.34,321720608,0.008356545961002881
2016-01-06,25.0,25.83,24.8,25.24,515545888,-0.003946329913180779
2016-01-07,24.9,25.29,24.76,24.76,435710912,-0.019017432646592614
2016-01-08,24.95,25.25,24.77,24.77,273018112,0.0004038772213246222
2016-01-11,24.91,25.03,24.43,24.48,287180128,-0.011707710940654037
2016-01-12,24.8,25.04,24.41,24.59,272074752,0.004493464052287566
2016-01-13,24.86,25.0,24.06,24.21,289680992,-0.0154534363562423
2016-01-14,24.3,24.58,23.66,24.56,343132864,0.014456836018174268
2016-01-15,24.1,24.2,23.71,23.92,439208032,-0.026058631921824005
2016-01-18,24.0,24.07,23.64,23.64,158153040,-0.01170568561872909
2016-01-19,24.03,24.17,23.24,23.4,239140000,-0.010152284263959421
2016-01-20,23.0,23.22,22.81,23.07,514037024,-0.014102564102564052
2016-01-21,23.0,23.47,22.95,23.12,416990624,0.0021673168617251104
2016-01-22,23.35,23.65,23.21,23.34,223981248,0.009515570934256035
2016-01-26,23.05,23.59,22.92,23.59,259338736,0.010711225364181676
2016-01-27,23.47,24.02,23.23,23.68,334097024,0.0038151759220008685
2016-01-28,23.94,24.07,23.6,23.84,238790400,0.006756756756756799
2016-01-29,24.1,24.95,24.0,24.95,456123904,0.04656040268456363
2016-02-01,24.71,25.47,24.45,25.47,291454528,0.020841683366733532
2016-02-02,24.46,24.5,23.25,23.25,1078185472,-0.08716136631330973
2016-02-03,23.79,24.34,23.75,24.21,554917568,0.041290322580645133
2016-02-04,24.6,25.26,23.81,24.56,561153536,0.014456836018174268
2016-02-05,24.5,25.15,24.32,24.8,358590560,0.009771986970684043
2016-02-10,24.48,24.95,24.35,24.92,180886272,0.004838709677419395
2016-02-11,24.43,24.57,23.91,24.18,258947872,-0.029695024077046606
2016-02-12,24.36,24.42,23.92,24.37,246830176,0.007857733664185407
2016-02-15,24.79,24.84,24.29,24.29,160960512,-0.003282724661469061
2016-02-16,24.35,25.29,24.16,24.88,475798048,0.024289831206257606
2016-02-17,25.2,25.86,24.65,25.15,645111872,0.01085209003215426
2016-02-18,24.88,24.9,24.35,24.64,458161120,-0.020278330019880664
2016-02-19,23.87,24.43,23.76,24.27,298026944,-0.015016233766233844
2016-02-22,24.95,25.4,24.75,25.25,644639296,0.04037906880922959
2016-02-23,25.03,25.5,24.72,24.89,302739488,-0.01425742574257427
2016-02-24,24.54,24.85,24.15,24.68,258938400,-0.008437123342707964
2016-02-25,24.44,25.14,24.27,24.7,262161312,0.0008103727714747766
2016-02-26,24.87,25.18,24.52,24.7,233107280,0.0
2016-02-29,25.1,25.49,24.8,25.4,532512160,0.028340080971659853
2016-03-01,25.64,26.58,25.5,26.58,584223296,0.04645669291338583
2016-03-02,26.6,27.29,26.23,27.2,657719104,0.02332580887885638
2016-03-03,27.5,29.97,27.49,29.89,1205806464,0.0988970588235294
2016-03-04,31.89,32.44,30.59,31.35,1587832192,0.048845767815322905
2016-03-07,31.35,31.4,30.3,31.21,566448896,-0.004465709728867617
2016-03-08,31.08,32.38,30.82,31.91,614788288,0.02242870874719638
2016-03-09,32.29,32.69,30.85,30.85,715742144,-0.03321842682544651
2016-03-10,31.59,32.5,30.71,32.06,842327680,0.03922204213938407
2016-03-11,31.82,32.99,31.79,32.33,515818208,0.008421709295071578
2016-03-14,32.52,33.2,32.04,32.18,518284192,-0.004639653572533153
2016-03-15,31.0,31.56,30.08,30.75,686321856,-0.04443753884400248
2016-03-16,30.3,30.35,28.64,29.84,800788032,-0.029593495934959302
2016-03-17,32.6,33.48,31.29,33.1,1215070976,0.10924932975871315
2016-03-18,33.04,33.3,32.32,33.19,555471424,0.002719033232628343
2016-03-21,33.19,33.56,32.56,33.2,463677440,0.00030129557095515125
2016-03-22,33.1,33.1,32.17,32.35,450524256,-0.025602409638554202
2016-03-23,31.83,32.0,30.84,31.32,362956064,-0.03183925811437405
2016-03-24,30.4,31.04,30.4,30.99,295434432,-0.010536398467433039
2016-03-28,32.25,32.32,31.63,31.76,473453632,0.024846724749919336
2016-03-29,31.8,32.49,31.06,31.95,419304416,0.00598236775818628
2016-03-30,32.2,32.59,31.89,32.13,403847104,0.005633802816901401
2016-03-31,31.78,31.89,30.95,31.21,477445760,-0.028633675692499305
2016-04-01,30.75,31.63,30.52,31.41,425654560,0.006408202499198934
2016-04-04,31.07,31.27,30.18,30.31,321659296,-0.035020694046482004
2016-04-05,30.15,30.84,29.45,30.37,405836896,0.0019795447047179504
2016-04-06,29.95,30.26,29.32,29.5,324428992,-0.028646690813302622
2016-04-07,29.9,30.25,29.55,29.82,262652512,0.010847457627118695
2016-04-08,30.7,31.98,30.6,31.7,531016032,0.0630449362843728
2016-04-11,32.2,32.77,31.77,31.86,548838208,0.0050473186119874835
2016-04-12,32.23,33.54,32.12,33.3,571329472,0.04519774011299438
2016-04-13,34.15,34.39,33.6,33.71,648182912,0.012312312312312335
2016-04-14,33.82,34.0,32.54,32.73,683902848,-0.029071492138831312
2016-04-15,33.03,33.22,32.69,32.94,562092928,0.006416131989001039
2016-04-18,32.52,33.12,31.82,32.7,550780096,-0.007285974499089076
2016-04-19,33.0,33.28,32.54,32.88,501133056,0.005504587155963359
2016-04-20,32.65,32.65,31.95,32.27,342434048,-0.01855231143552305
2016-04-22,31.8,32.29,31.56,31.68,408169184,-0.018283235202975034
2016-04-25,31.6,31.92,31.17,31.4,229622736,-0.008838383838383868
2016-04-26,31.6,32.5,31.14,32.49,283302784,0.03471337579617839
2016-04-27,32.69,33.67,32.6,33.6,476495136,0.03416435826408115
2016-04-28,33.1,34.2,32.96,33.37,428226464,-0.006845238095238182
2016-04-29,33.58,33.84,32.45,32.87,644777984,-0.014983518130056939
2016-05-02,32.83,32.97,31.81,31.95,416494336,-0.027989047763918418
2016-05-03,31.08,31.09,30.08,30.11,666880576,-0.05758998435054774
2016-05-04,30.46,30.94,30.07,30.85,420208096,0.024576552640318994
2016-05-05,31.17,31.37,29.94,30.39,320796416,-0.014910858995137777
2016-05-06,30.0,30.68,29.95,30.4,260397808,0.00032905561039808795
2016-05-09,30.17,30.81,29.39,30.59,493924512,0.006250000000000089
2016-05-10,30.99,32.51,30.86,32.51,468361632,0.06276560967636469
2016-05-11,32.93,33.25,32.15,32.31,470176352,-0.006151953245155162
2016-05-12,32.8,33.04,32.06,32.63,444980928,0.009904054472299695
2016-05-13,32.42,32.63,31.07,31.4,426177728,-0.03769537235672704
2016-05-16,31.15,31.74,30.92,30.92,271769024,-0.015286624203821542
2016-05-17,31.11,31.53,30.25,30.26,325362272,-0.021345407503234104
2016-05-18,29.95,31.32,29.8,30.73,452807968,0.01553205551883674
2016-05-19,30.41,30.66,30.09,30.47,321368448,-0.008460787504067757
2016-05-20,30.81,30.95,30.06,30.08,255271104,-0.01279947489333777
2016-05-23,29.59,30.47,29.45,30.18,371310336,0.0033244680851063357
2016-05-24,30.52,30.97,29.81,30.15,207687776,-0.0009940357852883386
2016-05-25,30.45,30.72,29.95,30.01,264825680,-0.004643449419568735
2016-05-27,30.0,30.46,29.69,29.71,202981856,-0.009996667777407597
2016-05-30,29.65,29.99,29.5,29.7,75066592,-0.00033658700774152894
2016-05-31,29.58,29.84,28.77,29.05,934973952,-0.02188552188552184
2016-06-01,29.07,29.64,28.78,29.47,320990816,0.014457831325301207
2016-06-02,29.54,30.0,29.04,29.8,337817600,0.011197828299966073
2016-06-03,30.17,30.28,29.6,29.88,225718736,0.0026845637583892135
2016-06-06,30.0,30.09,29.3,29.59,199639552,-0.009705488621151281
2016-06-07,29.5,30.17,29.23,30.07,266098976,0.01622169651909422
2016-06-08,30.24,30.85,30.19,30.53,341126976,0.015297638842700412
2016-06-09,30.41,30.62,30.04,30.46,243276128,-0.0022928267278087278
2016-06-10,30.1,30.25,28.9,28.9,415828512,-0.051214707813525995
2016-06-13,28.8,29.18,28.51,29.03,239093312,0.004498269896193952
2016-06-14,29.06,29.53,28.37,28.61,465040256,-0.014467791939373087
2016-06-15,28.68,29.15,28.09,28.47,600371968,-0.00489339391821042
2016-06-16,28.21,29.21,28.01,28.99,406356544,0.0182648401826484
2016-06-17,29.29,29.6,28.81,28.92,454116288,-0.002414625733011322
2016-06-20,29.38,29.78,29.19,29.4,452809952,0.016597510373443924
2016-06-21,28.85,29.39,28.63,29.39,407885408,-0.0003401360544217358
2016-06-22,29.35,29.74,28.77,28.88,371137824,-0.01735284110241586
2016-06-23,29.19,30.1,28.98,30.0,323917952,0.03878116343490312
2016-06-24,29.0,29.48,28.69,28.95,512034752,-0.03500000000000003
2016-06-27,29.06,29.12,27.85,27.98,399347744,-0.033506044905008636
2016-06-28,28.53,29.03,28.41,28.96,366102464,0.03502501786990719
2016-06-29,29.39,29.75,29.16,29.61,397682272,0.022444751381215378
2016-06-30,29.56,30.52,29.44,30.3,632682432,0.023302938196555267
2016-07-01,30.41,30.99,30.0,30.91,606423424,0.020132013201320076
2016-07-04,31.08,31.22,30.71,30.89,112692424,-0.0006470397929472238
2016-07-05,30.6,30.84,30.4,30.67,215228656,-0.007122045969569446
2016-07-06,30.4,30.88,30.05,30.79,229362416,0.003912618193674611
2016-07-07,30.95,31.55,30.6,31.1,289033856,0.01006820396232544
2016-07-08,31.45,32.02,31.32,31.94,379808704,0.02700964630225089
2016-07-11,32.08,32.48,31.86,32.25,299542528,0.009705698184095057
2016-07-12,32.55,32.75,31.83,31.98,478452672,-0.008372093023255811
2016-07-13,31.93,32.66,31.83,32.64,361819008,0.02063789868667909
2016-07-14,33.25,33.63,33.02,33.57,661068608,0.028492647058823595
2016-07-15,33.5,33.68,33.11,33.46,388267488,-0.0032767351802204248
2016-07-18,33.59,34.17,33.36,34.03,331710560,0.01703526598924099
2016-07-19,33.8,34.2,33.72,33.83,298747328,-0.005877167205407097
2016-07-20,33.98,34.5,33.71,34.36,451744160,0.015666568134791614
2016-07-21,34.36,34.56,33.27,33.9,528282816,-0.013387660069848706
2016-07-22,33.81,34.38,33.66,34.11,258892928,0.006194690265486802
2016-07-25,34.1,34.37,33.61,33.85,179737536,-0.007622398123717344
2016-07-26,33.9,34.16,33.42,33.42,249920544,-0.012703101920236382
2016-07-27,33.6,34.09,33.45,33.55,347634304,0.0038898862956311397
2016-07-28,33.53,33.53,32.86,33.18,454243072,-0.011028315946348677
2016-07-29,32.91,33.96,32.91,33.79,398846304,0.018384569017480423
2016-08-01,33.75,34.1,33.31,33.43,310513152,-0.010654039656703196
2016-08-02,33.45,34.32,33.35,33.83,693678016,0.011965300628178133
2016-08-03,33.62,35.24,33.6,35.24,766528896,0.041678983151049565
2016-08-04,35.5,36.06,35.39,35.44,606068736,0.00567536889897835
2016-08-05,35.8,35.83,34.8,35.23,417696448,-0.0059255079006772515
2016-08-08,34.91,35.42,34.88,35.0,322325632,-0.00652852682372973
2016-08-09,35.25,35.52,35.06,35.07,282985600,0.0020000000000000018
2016-08-10,35.2,35.45,34.41,34.78,362710016,-0.008269175933846573
2016-08-11,35.1,35.7,34.79,35.67,422763136,0.025589419206440533
2016-08-12,35.7,36.16,35.55,35.94,387225184,0.007569386038687842
2016-08-15,35.79,36.41,35.65,36.32,331716672,0.01057317751808573
2016-08-16,36.1,36.52,36.02,36.17,510032160,-0.004129955947136499
2016-08-17,36.1,36.65,35.81,36.65,528378976,0.01327066629803686
2016-08-18,36.42,36.78,36.13,36.58,374908576,-0.0019099590723056226
2016-08-19,36.3,36.55,35.93,36.34,326178816,-0.006560962274466786
2016-08-22,36.17,36.27,35.55,35.64,241993120,-0.019262520638415048
2016-08-23,35.87,36.22,35.43,35.58,281888544,-0.0016835016835017313
2016-08-24,35.25,35.77,34.99,35.41,424396256,-0.004777965148960117
2016-08-25,35.38,35.74,35.12,35.3,308045600,-0.003106467099689314
2016-08-26,35.53,36.19,35.33,35.73,351030464,0.01218130311614729
2016-08-29,35.6,36.6,35.53,36.36,236123056,0.017632241813602123
2016-08-30,36.4,36.68,36.16,36.6,159349264,0.0066006600660066805
2016-08-31,36.7,36.89,35.5,35.85,604783808,-0.020491803278688492
2016-09-01,35.75,36.52,35.58,36.19,469738816,0.009483960948396097
2016-09-02,36.36,36.99,36.36,36.72,444117824,0.01464492953854668
2016-09-05,36.73,37.0,36.51,36.73,117096976,0.00027233115468394686
2016-09-06,36.9,37.08,36.33,37.08,266862880,0.009528995371630877
2016-09-08,36.74,36.94,36.55,36.64,443469696,-0.011866235167205974
2016-09-09,36.12,36.22,35.09,35.25,478172288,-0.037936681222707436
2016-09-12,35.18,35.83,34.81,35.71,406498496,0.01304964539007103
2016-09-13,35.34,35.55,34.64,35.0,601564608,-0.01988238588630642
2016-09-14,35.02,35.43,34.91,35.03,357089408,0.0008571428571428896
2016-09-15,35.2,35.97,35.07,35.79,404981088,0.021695689409077845
2016-09-16,35.61,35.69,34.76,34.98,510450912,-0.022632020117351326
2016-09-19,35.39,35.67,35.05,35.23,255983408,0.007146941109205329
2016-09-20,35.46,35.77,35.22,35.31,179538096,0.002270791938688843
2016-09-21,35.7,35.84,34.74,35.65,521889792,0.00962900028320579
2016-09-22,35.99,36.57,35.84,36.22,327528992,0.015988779803646658
2016-09-23,36.2,36.31,35.77,36.13,215158112,-0.002484815019326292
2016-09-26,35.71,35.93,35.57,35.85,283043200,-0.0077497924162746035
2016-09-27,35.97,36.3,35.45,36.26,453165280,0.011436541143654111
2016-09-28,36.3,36.71,36.0,36.52,395522752,0.007170435741864489
2016-09-29,36.6,36.82,35.57,35.59,464466528,-0.025465498357064575
2016-09-30,35.75,36.0,35.33,35.52,552874880,-0.001966844619275099
2016-10-03,35.5,36.45,35.5,36.35,516603488,0.02336711711711703
2016-10-04,36.46,36.84,36.25,36.67,976545984,0.008803301237964245
2016-10-05,36.8,37.55,36.72,37.39,482237152,0.019634578674665892
2016-10-06,37.33,37.86,37.27,37.7,378037120,0.008290986894891716
2016-10-07,38.0,38.18,37.51,38.05,431292896,0.009283819628647105
2016-10-10,38.41,38.58,38.0,38.1,301123840,0.0013140604467807293
2016-10-11,37.98,38.17,37.7,37.97,575074688,-0.0034120734908137385
2016-10-13,37.85,38.65,37.51,38.4,697467968,0.011324730050039422
2016-10-14,38.76,39.31,38.64,39.13,496258912,0.019010416666666696
2016-10-17,39.21,39.99,38.94,39.99,601214592,0.0219780219780219
2016-10-18,36.3,37.0,35.91,36.86,530020800,-0.07826956739184798
2016-10-19,36.65,36.89,36.15,36.26,335866880,-0.016277807921866616
2016-10-20,35.93,36.75,35.71,36.37,373149216,0.0030336458907886943
2016-10-21,36.22,36.57,36.03,36.31,238192384,-0.0016497113005222719
2016-10-24,36.58,36.59,35.91,36.0,339323232,-0.00853759294960077
2016-10-25,35.87,36.12,35.33,35.81,300443072,-0.005277777777777715
2016-10-26,35.58,36.23,35.45,36.03,361437856,0.0061435353253280756
2016-10-27,36.09,37.16,36.05,36.8,411218880,0.021371079655842173
2016-10-28,36.7,37.33,36.47,37.11,358975264,0.008423913043478226
2016-10-31,38.16,38.84,37.98,38.4,804092480,0.0347615198059823
2016-11-01,38.73,38.73,37.03,37.25,666233088,-0.02994791666666663
2016-11-03,37.0,37.85,36.45,36.45,605038464,-0.02147651006711404
2016-11-04,36.54,37.43,36.26,36.75,507753568,0.008230452674897082
2016-11-07,37.52,38.3,37.26,38.07,428831200,0.03591836734693876
2016-11-08,38.07,38.74,37.64,38.16,365628032,0.0023640661938533203
2016-11-09,36.6,37.94,36.5,36.94,724213248,-0.03197064989517817
2016-11-10,36.88,37.29,34.57,35.1,1049402240,-0.04981050351922023
2016-11-11,34.65,35.66,34.24,34.65,923454720,-0.012820512820512886
2016-11-14,34.36,35.24,33.91,34.44,602218304,-0.0060606060606061
2016-11-16,35.26,36.14,34.62,36.14,680463872,0.04936120789779341
2016-11-17,36.45,36.45,34.87,35.06,554363456,-0.029883785279468666
2016-11-18,34.92,35.88,34.92,35.39,324988864,0.009412435824301069
2016-11-21,35.65,35.86,35.38,35.68,438504832,0.008194405199208887
2016-11-22,36.2,36.33,35.32,35.8,461089600,0.0033632286995515237
2016-11-23,35.59,35.9,35.13,35.47,249591488,-0.009217877094972016
2016-11-24,35.58,35.6,34.98,35.1,135145376,-0.010431350436988951
2016-11-25,34.67,35.0,34.52,34.86,278745440,-0.006837606837606924
2016-11-28,34.87,35.73,34.59,35.6,259913488,0.021227768215720033
2016-11-29,35.35,35.53,34.74,34.74,255910688,-0.024157303370786476
2016-11-30,35.2,36.0,35.16,35.42,450943136,0.01957397812320094
2016-12-01,34.66,34.75,33.5,33.8,814584064,-0.04573687182382846
2016-12-02,33.44,34.61,33.04,33.94,447925120,0.004142011834319614
2016-12-05,34.06,34.27,33.6,33.82,236032272,-0.003535651149086494
2016-12-06,33.61,34.55,33.41,34.27,412884096,0.013305736250739386
2016-12-07,34.7,34.7,33.81,34.0,475825920,-0.007878611030055493
2016-12-08,34.4,34.4,33.69,33.8,310888320,-0.005882352941176561
2016-12-09,34.29,34.3,33.7,33.9,602121984,0.002958579881656931
2016-12-12,33.45,33.69,32.31,32.5,744305600,-0.041297935103244754
2016-12-13,32.31,33.12,32.27,32.65,677166976,0.004615384615384466
2016-12-14,32.51,33.24,32.51,32.58,501614208,-0.0021439509954058744
2016-12-15,32.5,32.79,31.86,32.45,569473344,-0.003990178023327018
2016-12-16,32.71,32.82,31.87,31.87,449689056,-0.017873651771956878
2016-12-19,32.0,32.24,31.01,31.01,428898432,-0.026984625039221832
2016-12-20,31.4,32.14,31.2,31.8,450310848,0.025475653015156308
2016-12-21,32.1,32.13,31.58,31.79,304339328,-0.0003144654088050869
2016-12-22,31.8,32.14,31.59,32.05,480523456,0.008178672538533993
2016-12-23,31.85,32.75,31.8,32.47,399795232,0.013104524180967303
2016-12-26,32.51,32.9,32.51,32.73,93318704,0.008007391438250577
2016-12-27,33.0,33.0,32.38,32.71,261831904,-0.0006110601894285805
2016-12-28,32.67,33.65,32.67,33.48,228365376,0.023540201773157854
2016-12-29,33.49,33.89,33.16,33.85,258863760,0.011051373954599875
2017-01-02,33.45,33.74,33.31,33.53,69351736,-0.00945347119645501
2017-01-03,33.84,34.97,33.78,34.95,583895104,0.0423501342081718
2017-01-04,34.8,35.23,34.71,35.1,317815552,0.0042918454935620964
2017-01-05,35.09,35.98,34.81,35.58,521309952,0.013675213675213627
2017-01-06,35.54,35.87,35.21,35.7,332993088,0.00337268128161905
2017-01-09,35.35,36.0,35.18,35.87,384665440,0.004761904761904523
2017-01-10,36.1,36.33,35.57,35.75,280940128,-0.003345413994981783
2017-01-11,35.99,36.15,35.45,35.82,275352608,0.001958041958042056
2017-01-12,36.6,36.85,36.3,36.73,526674432,0.02540480178671123
2017-01-13,36.6,36.92,35.73,35.98,252166640,-0.02041927579635172
2017-01-16,35.98,36.12,35.7,36.01,133879368,0.0008337965536409087
2017-01-17,35.9,37.06,35.79,36.98,382001376,0.026936961955012384
2017-01-18,37.15,37.15,36.52,36.69,295459936,-0.007842076798269315
2017-01-19,36.71,37.11,36.19,36.49,316253728,-0.0054510765876258915
2017-01-20,36.69,36.94,36.31,36.6,395885216,0.0030145245272676924
2017-01-23,36.55,37.83,36.45,37.83,487671680,0.033606557377048984
2017-01-24,37.65,37.95,37.23,37.74,427197408,-0.0023790642347342184
2017-01-26,38.0,38.53,37.94,38.25,524613920,0.013513513513513375
2017-01-27,38.4,38.58,37.95,38.05,349396992,-0.005228758169934733
2017-01-30,37.85,37.99,37.01,37.24,260457840,-0.02128777923784486
2017-01-31,37.26,37.47,36.84,37.24,418917088,0.0
2017-02-01,37.55,37.85,37.41,37.62,517312672,0.010204081632652962
2017-02-02,37.28,37.83,36.61,37.51,539523392,-0.0029239766081871066
2017-02-03,37.49,38.62,37.43,38.29,537793728,0.020794454812050223
2017-02-06,38.3,38.69,37.96,38.01,330531936,-0.007312614259597838
2017-02-07,39.32,39.55,38.63,38.75,884761536,0.019468560905025134
2017-02-08,38.78,39.75,38.54,39.75,755686784,0.02580645161290329
2017-02-09,39.69,40.49,39.39,39.93,793326592,0.004528301886792541
2017-02-10,39.94,40.25,39.6,40.06,836628416,0.0032556974705735264
2017-02-13,40.2,40.47,39.47,39.87,355026144,-0.004742885671492836
2017-02-14,39.87,40.2,39.58,40.0,505919392,0.003260596940055205
2017-02-15,40.34,41.68,40.19,41.68,1044111424,0.04200000000000004
2017-02-16,41.35,42.0,40.75,40.87,679883840,-0.01943378119001926
2017-02-17,40.56,41.0,40.3,40.85,380898560,-0.0004893564962074048
2017-02-20,41.06,41.35,40.87,41.04,179504608,0.0046511627906975495
2017-02-21,40.81,40.98,40.4,40.85,381233344,-0.004629629629629539
2017-02-22,40.75,41.02,40.48,40.97,407027584,0.0029375764993879727
2017-02-23,41.21,41.51,40.07,40.35,660316864,-0.015133024164022402
2017-02-24,39.9,40.38,39.71,40.03,253264880,-0.007930607187112804
2017-03-01,40.23,40.42,39.82,39.95,342974400,-0.001998501124156893
2017-03-02,39.8,40.0,39.29,39.54,338002016,-0.010262828535669732
2017-03-03,39.8,40.26,39.58,40.26,252409664,0.018209408194233667
2017-03-06,40.01,40.46,39.67,40.1,332177696,-0.003974167908594062
2017-03-07,40.28,40.28,39.18,39.43,305237824,-0.016708229426433907
2017-03-08,39.5,39.51,38.75,38.98,336288256,-0.011412629977174849
2017-03-09,38.85,39.35,38.6,39.1,348949760,0.003078501795792832
2017-03-10,39.3,39.86,38.86,39.12,369037824,0.000511508951406503
2017-03-13,39.36,39.97,39.27,39.83,258430368,0.018149284253578646
2017-03-14,39.65,40.2,39.44,39.44,346740320,-0.009791614361034373
2017-03-15,39.7,40.03,39.0,39.82,562540928,0.00963488843813387
2017-03-16,39.85,39.98,39.0,39.31,539848896,-0.012807634354595643
2017-03-17,39.7,39.71,38.18,38.18,761851328,-0.028745866191808744
2017-03-20,38.05,38.77,37.81,38.6,452799424,0.011000523834468368
2017-03-21,38.48,38.7,37.21,37.77,600959616,-0.021502590673575073
2017-03-22,37.6,38.58,37.52,38.08,325818336,0.008207572147206577
2017-03-23,37.56,38.17,37.51,37.87,327968928,-0.005514705882352922
2017-03-24,38.0,38.4,37.71,38.28,248357984,0.010826511750726242
2017-03-27,37.96,38.6,37.68,38.56,236964816,0.007314524555903867
2017-03-28,38.36,38.69,37.99,38.43,370319040,-0.003371369294605908
2017-03-29,38.32,39.19,38.3,39.0,306142560,0.014832162373145996
2017-03-30,39.25,39.25,38.33,38.54,391917344,-0.01179487179487182
2017-03-31,38.27,38.61,37.9,37.9,365744352,-0.01660612350804358
2017-04-03,37.99,38.57,37.8,38.52,433409056,0.016358839050132135
2017-04-04,38.38,38.84,38.23,38.72,372290944,0.005192107995846129
2017-04-05,38.92,38.98,37.74,38.01,352001824,-0.01833677685950419
2017-04-06,37.9,38.22,37.42,37.71,388664224,-0.007892659826361448
2017-04-07,37.71,38.46,37.5,38.0,343445280,0.007690267833465825
2017-04-10,38.0,38.25,37.5,37.93,490852224,-0.0018421052631578672
2017-04-11,38.1,38.33,37.28,37.86,436677440,-0.001845504877405757
2017-04-12,37.86,38.21,37.57,37.81,482590784,-0.001320655044902197
2017-04-13,37.6,37.88,37.12,37.12,331436192,-0.01824914043903747
2017-04-17,37.35,38.85,37.23,38.78,408494400,0.04471982758620707
2017-04-18,38.59,38.95,38.23,38.64,453195392,-0.0036101083032491488
2017-04-19,38.85,38.9,38.15,38.3,318882112,-0.008799171842650222
2017-04-20,38.5,38.75,37.6,37.74,376797728,-0.014621409921670936
2017-04-24,38.5,38.75,38.16,38.47,484005632,0.01934287228404874
2017-04-25,38.3,38.8,38.04,38.72,297740832,0.006498570314530827
2017-04-26,38.44,39.28,38.44,38.79,334579296,0.0018078512396695334
2017-04-27,39.16,39.51,38.93,39.01,945131328,0.005671564836297938
2017-04-28,39.0,39.37,38.69,39.26,426332800,0.006408613176108746
2017-05-02,39.6,40.15,39.5,40.05,867750592,0.02012226184411614
2017-05-03,40.24,40.25,39.04,39.39,760813504,-0.016479400749063622
2017-05-04,39.35,39.55,37.97,38.1,515599776,-0.03274942878903275
2017-05-05,38.29,38.8,37.94,38.7,442236064,0.015748031496062964
2017-05-08,38.41,39.08,38.41,38.79,315789376,0.0023255813953486637
2017-05-09,38.98,39.1,38.71,38.89,208872624,0.002577984016499224
2017-05-10,39.3,39.38,38.89,39.08,312618016,0.004885574697865769
2017-05-11,39.24,39.9,39.03,39.75,334881728,0.017144319344933434
2017-05-12,39.99,40.2,39.68,40.13,753324416,0.009559748427673043
2017-05-15,40.15,40.44,39.87,40.3,380836448,0.0042362322452029755
2017-05-16,40.35,40.44,39.86,40.25,433178336,-0.001240694789081842
2017-05-17,39.83,40.13,39.14,39.43,538546624,-0.02037267080745342
2017-05-18,31.7,35.94,31.7,34.68,2420449024,-0.12046664975906674
2017-05-19,35.75,36.42,35.14,35.58,1043493312,0.02595155709342567
2017-05-22,35.19,35.26,34.35,34.88,828669184,-0.019673974142776718
2017-05-23,35.16,35.79,35.03,35.43,674159424,0.015768348623853123
2017-05-24,35.52,36.37,35.52,35.72,684794048,0.008185153824442626
2017-05-25,35.98,36.11,34.82,35.05,761601664,-0.018756998880179232
2017-05-26,35.42,36.18,35.41,36.0,649035776,0.02710413694721825
2017-05-29,35.84,35.86,35.54,35.82,157526176,-0.0050000000000000044
2017-05-30,35.79,36.08,35.73,35.93,191519952,0.0030709101060859556
2017-05-31,35.87,36.22,35.52,35.55,455169312,-0.010576120233787956
2017-06-01,35.68,35.82,34.96,35.13,317801376,-0.01181434599156106
2017-06-02,35.48,35.68,35.13,35.48,331676224,0.00996299459151695
2017-06-05,35.28,35.89,35.2,35.44,299430400,-0.0011273957158962622
2017-06-06,35.41,36.17,35.3,36.01,448163232,0.01608352144469527
2017-06-07,36.35,36.77,36.28,36.6,379743008,0.016384337683976735
2017-06-08,36.48,36.49,35.91,36.22,331100736,-0.010382513661202242
2017-06-09,36.4,36.49,35.6,35.65,388782112,-0.01573716178906681
2017-06-12,35.55,35.7,35.17,35.65,341086880,0.0
2017-06-13,35.72,36.13,35.7,36.09,366754976,0.012342215988780048
2017-06-14,36.28,36.81,36.18,36.41,755522432,0.008866722083679557
2017-06-16,36.28,36.3,35.82,36.15,601967168,-0.007140895358417998
2017-06-19,36.15,36.59,35.91,36.34,219459568,0.0052558782849241314
2017-06-20,36.2,36.35,35.44,35.54,400279488,-0.022014309301045754
2017-06-21,35.75,35.84,35.26,35.58,265835408,0.0011254924029262536
2017-06-22,35.71,35.91,35.49,35.61,321533728,0.000843170320404818
2017-06-23,35.62,35.8,35.41,35.49,233020800,-0.0033698399326030914
2017-06-26,35.8,36.59,35.6,36.49,360391712,0.028176951253874316
2017-06-27,36.47,36.62,35.89,36.16,368806752,-0.00904357358180341
2017-06-28,36.4,36.4,35.74,36.15,275009824,-0.00027654867256632354
2017-06-29,36.4,36.51,36.02,36.51,274921440,0.009958506224066355
2017-06-30,36.64,36.97,36.52,36.75,307067744,0.006573541495480839
2017-07-03,36.93,37.1,36.78,37.08,179403584,0.00897959183673458
2017-07-04,37.0,37.17,36.9,36.93,89444064,-0.00404530744336562
2017-07-05,37.02,37.24,36.63,37.03,250229120,0.002707825616030446
2017-07-06,36.92,37.0,36.39,36.51,385575616,-0.014042668106940437
2017-07-07,36.86,36.86,35.95,36.16,574512512,-0.009586414680909372
2017-07-10,36.19,36.6,36.18,36.45,254861424,0.008019911504425048
2017-07-11,36.5,37.12,36.33,37.0,304306976,0.015089163237311354
2017-07-12,37.2,37.62,36.48,37.4,815168320,0.0108108108108107
2017-07-13,37.54,37.7,37.29,37.5,337061088,0.002673796791443861
2017-07-14,37.7,37.73,37.11,37.58,337052096,0.0021333333333333204
2017-07-17,37.44,37.53,37.05,37.22,292267680,-0.009579563597658325
2017-07-18,37.2,37.34,36.95,37.26,286175840,0.0010746910263299547
2017-07-19,37.54,37.54,36.7,36.72,303054656,-0.01449275362318836
2017-07-20,36.72,37.07,36.63,36.76,350705984,0.0010893246187364536
2017-07-21,36.7,36.95,36.55,36.77,275809600,0.00027203482045723426
2017-07-24,36.89,37.13,36.71,37.0,211871184,0.006255099265705555
2017-07-25,37.15,37.46,36.85,37.09,407947968,0.0024324324324325186
2017-07-26,37.1,37.26,36.81,36.92,299578080,-0.004583445672688091
2017-07-27,37.22,37.38,36.76,36.96,313516480,0.0010834236186347823
2017-07-28,36.76,37.23,36.63,37.1,267190512,0.0037878787878788955
2017-07-31,37.3,37.44,36.93,37.32,343321472,0.005929919137466211
2017-08-01,38.02,38.75,37.9,38.5,639022912,0.03161843515541274
2017-08-02,38.37,39.04,38.15,38.9,524839200,0.010389610389610393
2017-08-03,38.86,39.07,38.65,38.81,343286912,-0.00231362467866314
2017-08-04,39.0,39.03,38.57,38.71,168706464,-0.002576655501159486
2017-08-07,38.74,39.34,38.58,39.32,357363200,0.015758202014983125
2017-08-08,39.3,40.08,39.13,39.8,743621056,0.012207527975584886
2017-08-09,39.5,39.61,39.21,39.55,270638944,-0.006281407035175879
2017-08-10,39.55,39.55,38.9,39.05,263543584,-0.012642225031605614
2017-08-11,38.96,39.43,38.73,39.25,285159040,0.00512163892445594
2017-08-14,39.3,40.17,39.3,39.96,388863008,0.018089171974522422
2017-08-15,39.96,40.17,39.61,39.73,358217472,-0.00575575575575582
2017-08-16,40.05,40.06,39.36,39.81,468135392,0.002013591744274068
2017-08-17,39.7,39.78,39.26,39.49,394668640,-0.008038181361466945
2017-08-18,39.49,40.09,39.44,39.87,256162288,0.009622689288427244
2017-08-21,39.87,40.08,39.39,39.58,353828384,-0.007273639327815329
2017-08-22,39.88,40.69,39.82,40.42,406184192,0.021222839818090034
2017-08-23,40.69,40.94,40.38,40.86,284376480,0.010885700148441257
2017-08-24,40.92,41.35,40.83,41.2,404366336,0.008321096426823438
2017-08-25,41.3,41.37,40.81,41.08,269136512,-0.002912621359223433
2017-08-28,41.13,41.17,40.59,40.72,358890880,-0.008763388510223957
2017-08-29,40.4,41.09,40.23,41.09,283716704,0.00908644400785863
2017-08-30,41.2,41.2,40.64,40.87,277232320,-0.005354100754441649
2017-08-31,40.94,40.99,40.23,40.35,325023840,-0.012723268901394524
2017-09-01,40.65,41.45,40.62,41.18,414455392,0.020570012391573744
2017-09-04,40.9,41.22,40.9,40.97,158724480,-0.005099562894609
2017-09-05,41.52,41.7,40.5,40.99,628857856,0.00048816206980717425
2017-09-06,41.3,42.4,41.28,42.09,601673792,0.02683581361307641
2017-09-08,41.99,42.33,41.81,42.04,330875456,-0.001187930624851563
2017-09-11,42.26,43.13,42.23,42.75,408702944,0.01688867745004763
2017-09-12,42.54,43.04,42.44,42.63,318423296,-0.0028070175438595912
2017-09-13,42.72,43.19,42.32,42.93,385804576,0.0070372976776917895
2017-09-14,42.68,43.24,42.58,42.83,286885408,-0.0023293733985557674
2017-09-15,42.99,43.81,42.7,43.63,880876992,0.018678496381041354
2017-09-18,43.57,44.09,43.52,43.94,425430688,0.007105202842081049
2017-09-19,43.92,43.94,43.23,43.78,400547936,-0.0036413290851159408
2017-09-20,43.78,44.02,42.84,43.32,365292320,-0.010507080858839668
2017-09-21,43.52,43.97,43.06,43.38,364331264,0.0013850415512466352
2017-09-22,43.45,43.81,43.06,43.53,257349456,0.003457814661134151
2017-09-25,43.2,43.59,42.9,43.1,255322432,-0.009878244888582577
2017-09-26,43.4,43.74,43.06,43.18,446758464,0.001856148491879317
2017-09-27,43.45,43.58,42.76,43.21,550864448,0.000694766095414634
2017-09-28,43.18,43.31,42.83,42.98,350719200,-0.005322841934737421
2017-09-29,43.44,43.62,43.13,43.35,432420224,0.00860865518845988
2017-10-02,43.15,43.64,43.05,43.41,202814720,0.0013840830449824981
2017-10-03,43.53,44.9,43.27,44.9,557359296,0.034323888504952826
2017-10-04,45.0,45.08,44.44,44.5,328649376,-0.008908685968819552
2017-10-05,44.94,45.79,44.82,45.21,643675456,0.015955056179775218
2017-10-06,44.8,44.99,44.42,44.68,262554784,-0.011723070117230727
2017-10-09,44.6,44.68,44.01,44.15,261149184,-0.011862130707251617
2017-10-10,44.65,45.25,44.5,45.25,382645056,0.02491506228765572
2017-10-11,45.18,45.35,44.78,45.0,558296704,-0.0055248618784530246
2017-10-13,45.38,45.69,44.54,44.63,389434336,-0.00822222222222213
2017-10-16,44.98,44.98,44.18,44.4,327428416,-0.005153484203450631
2017-10-17,44.42,44.5,44.06,44.33,368812000,-0.001576576576576616
2017-10-18,44.4,44.72,44.11,44.41,376368192,0.0018046469659371844
2017-10-19,44.21,44.33,43.64,44.09,221847504,-0.007205584327853898
2017-10-20,44.41,44.48,44.0,44.0,176638576,-0.002041279201633106
2017-10-23,44.12,44.29,43.41,43.59,283519104,-0.009318181818181781
2017-10-24,43.63,44.04,43.22,43.91,345437632,0.007341133287451118
2017-10-25,44.1,44.41,43.38,44.21,344891520,0.006832156684126733
2017-10-26,44.48,44.64,43.73,43.94,318230016,-0.00610721556209004
2017-10-27,43.94,44.45,43.65,43.67,372665632,-0.00614474283113331
2017-10-30,43.67,43.8,42.69,43.11,463880096,-0.012823448591710584
2017-10-31,43.55,43.55,41.82,42.05,711135104,-0.024588262584087306
2017-11-01,42.45,42.53,41.33,41.33,532734912,-0.017122473246135472
2017-11-03,41.56,42.06,41.44,41.91,574726464,0.014033389789499084
2017-11-06,42.05,42.27,41.8,42.1,361464480,0.004533524218563789
2017-11-07,41.9,41.98,40.95,41.1,511564096,-0.02375296912114011
2017-11-08,41.25,42.66,41.25,42.6,533940960,0.03649635036496357
2017-11-09,42.7,42.78,41.37,41.45,530712512,-0.02699530516431925
2017-11-10,41.45,41.81,41.0,41.51,424083424,0.0014475271411338309
2017-11-13,41.2,42.03,41.18,41.72,403696448,0.005059021922428242
2017-11-14,41.8,41.9,40.89,40.92,542955264,-0.019175455417066112
2017-11-16,40.96,42.2,40.96,41.95,366727808,0.025171065493646116
2017-11-17,41.95,42.71,41.73,42.53,316639104,0.013825983313468404
2017-11-21,42.98,43.8,42.91,43.38,367465792,0.01998589231130965
2017-11-22,43.49,43.53,42.67,42.96,467048576,-0.009681881051175734
2017-11-23,42.92,42.92,42.37,42.83,120918536,-0.003026070763501032
2017-11-24,42.74,42.89,42.1,42.43,175340640,-0.009339248190520677
2017-11-27,42.1,42.71,41.95,42.69,262847072,0.006127739806740529
2017-11-28,42.99,43.33,42.58,42.76,304504256,0.0016397282736004826
2017-11-29,43.05,43.11,41.88,41.88,461222112,-0.020579981290925975
2017-11-30,41.64,41.94,41.12,41.27,746586240,-0.014565425023877698
2017-12-01,41.08,41.6,40.7,41.23,283330464,-0.0009692270414346504
2017-12-04,41.55,42.43,41.37,41.84,431872544,0.014795052146495458
2017-12-05,41.84,42.66,41.4,41.59,328585216,-0.0059751434034416295
2017-12-06,41.35,42.22,40.98,42.03,319099456,0.010579466217840672
2017-12-07,41.27,42.02,40.77,41.89,598146112,-0.0033309540804187243
2017-12-08,42.2,42.65,42.2,42.25,423790720,0.008593936500358001
2017-12-11,42.55,42.78,42.15,42.36,275281632,0.0026035502958579038
2017-12-12,42.21,42.88,41.67,42.7,460410912,0.008026440037771643
2017-12-13,42.99,43.1,41.61,41.75,1190399872,-0.022248243559718994
2017-12-14,41.59,41.59,40.88,41.09,1137932416,-0.01580838323353284
2017-12-15,40.99,41.51,40.77,41.09,1037428608,0.0
2017-12-18,41.58,41.75,41.08,41.08,964335680,-0.00024336821611115056
2017-12-19,41.0,41.12,40.67,40.85,484029664,-0.005598831548198513
2017-12-20,41.02,41.28,40.82,41.0,315489920,0.003671970624234966
2017-12-21,41.05,42.83,41.05,42.73,870792832,0.04219512195121933
2017-12-22,42.37,42.61,42.22,42.53,210558400,-0.004680552305171948
2017-12-26,42.54,42.99,42.39,42.7,188387552,0.0039971784622618856
2017-12-27,42.75,42.92,42.45,42.47,175799872,-0.005386416861826837
2017-12-28,42.51,42.8,42.51,42.58,453145376,0.0025900635742877043
2018-01-02,42.8,43.88,42.8,43.88,483649088,0.030530765617660993
2018-01-03,43.9,44.34,43.57,44.18,654269504,0.0068368277119414955
2018-01-04,44.25,45.3,44.25,45.1,696661824,0.02082390221819841
2018-01-05,45.12,45.32,44.6,45.23,472439104,0.0028824833702880692
2018-01-08,45.06,45.32,44.78,45.08,381831072,-0.00331638293168246
2018-01-09,44.96,45.0,44.41,44.59,637615040,-0.010869565217391242
2018-01-10,44.38,44.6,44.16,44.44,402886912,-0.0033639829558198553
2018-01-11,44.7,45.37,44.6,45.37,466672320,0.020927092709270845
2018-01-12,45.16,45.42,44.97,45.33,309610944,-0.0008816398501212408
2018-01-15,45.49,45.62,45.41,45.61,331411616,0.006176924773880543
2018-01-16,45.5,46.23,45.45,46.03,402925472,0.00920850690638031
2018-01-17,46.01,46.95,45.81,46.79,447340256,0.016510971105800465
2018-01-18,46.7,47.12,46.48,46.68,405156224,-0.002350929685830283
2018-01-19,46.9,47.18,46.63,47.06,346483776,0.008140531276778162
2018-01-22,47.06,48.23,46.97,48.23,569701440,0.024861878453038555
2018-01-23,48.0,48.6,47.91,48.06,939444480,-0.0035247771096826863
2018-01-24,48.44,50.43,48.4,50.37,729199552,0.04806491885143571
2018-01-26,51.2,53.12,51.01,53.12,1656077568,0.054595989676394785
2018-01-29,52.64,52.86,51.69,51.69,1151636608,-0.026920180722891596
2018-01-30,51.4,51.73,50.8,51.49,868640768,-0.003869220352099023
2018-01-31,52.15,53.06,52.11,52.26,734938880,0.014954360069916461
2018-02-01,51.84,52.96,51.55,52.51,897473728,0.004783773440489858
2018-02-02,51.66,51.97,51.22,51.85,626326848,-0.012569034469624762
2018-02-05,51.27,52.3,50.03,50.03,787981632,-0.035101253616200534
2018-02-06,49.98,52.26,49.96,51.83,3040596480,0.0359784129522287
2018-02-07,51.93,52.11,50.56,50.6,940660928,-0.023731429673933935
2018-02-08,50.95,51.55,50.0,50.35,761851904,-0.004940711462450564
2018-02-09,50.2,50.79,49.55,50.48,874567680,0.0025819265143991466
2018-02-14,51.51,52.81,51.2,52.66,764064960,0.043185419968304384
2018-02-15,53.01,53.29,52.61,52.67,1435135104,0.00018989745537423275
2018-02-16,50.7,50.84,50.3,50.83,1825654656,-0.03493449781659397
2018-02-19,50.83,51.12,50.23,50.43,278607936,-0.007869368483179207
2018-02-20,50.3,51.94,50.2,51.67,886048704,0.024588538568312446
2018-02-21,51.97,53.25,51.97,52.35,1003820352,0.013160441261854006
2018-02-22,52.75,53.19,52.26,52.64,602807360,0.005539637058261659
2018-02-23,53.23,53.23,51.87,53.0,778072384,0.006838905775075954
2018-02-26,53.2,53.34,52.6,52.94,611978112,-0.0011320754716981352
2018-02-27,52.71,53.08,52.0,52.15,403787456,-0.014922553834529673
2018-02-28,52.03,52.25,50.38,50.38,1448542080,-0.03394055608820701
2018-03-01,50.6,51.5,50.39,51.11,755876160,0.01448987693529169
2018-03-02,50.82,51.38,50.23,51.38,528838144,0.00528272353746817
2018-03-05,51.38,52.25,50.92,52.11,447451776,0.014207862981704844
2018-03-06,52.55,52.94,51.92,51.92,473746944,-0.0036461331798118835
2018-03-07,51.8,51.91,51.02,51.85,501031104,-0.0013482280431432736
2018-03-08,52.5,52.67,51.06,51.49,475711968,-0.006943105110896797
2018-03-09,51.54,52.24,51.31,52.2,472464480,0.013789085259273692
2018-03-12,52.34,52.85,52.13,52.79,352417280,0.011302681992337194
2018-03-13,52.79,52.91,52.05,52.36,332417504,-0.008145482098882328
2018-03-14,52.4,52.5,51.05,51.19,576891456,-0.022345301757066505
2018-03-15,51.0,51.69,50.61,51.43,668803840,0.004688415706192606
2018-03-16,51.58,52.07,50.91,51.22,1018747392,-0.004083219910558045
2018-03-19,50.82,51.2,49.96,50.12,571103616,-0.02147598594299105
2018-03-20,50.35,50.5,49.58,50.28,301327328,0.0031923383878691425
2018-03-21,50.31,50.42,49.86,50.08,831639232,-0.003977724741447974
2018-03-22,50.0,50.4,49.46,49.92,621468800,-0.0031948881789136685
2018-03-23,49.6,50.96,49.52,50.16,797150784,0.004807692307692291
2018-03-26,50.75,50.99,49.98,50.78,349943008,0.012360446570973016
2018-03-27,51.0,51.2,49.81,50.17,338281888,-0.012012603387160259
2018-03-28,49.63,50.66,49.63,50.63,397803904,0.009168825991628493
2018-03-29,50.91,51.86,50.76,51.31,953176320,0.013430772269405589
2018-04-02,51.24,51.76,50.67,51.05,436867872,-0.005067238355096593
2018-04-03,51.4,51.6,50.46,50.57,475055360,-0.009402546523016642
2018-04-04,49.85,51.11,49.51,50.9,497251520,0.006525608068024491
2018-04-05,52.18,52.27,50.91,51.0,706447424,0.0019646365422396617
2018-04-06,51.04,51.32,50.38,51.25,367271232,0.004901960784313708
2018-04-09,51.39,51.39,49.96,50.11,532321408,-0.02224390243902441
2018-04-10,50.54,50.69,49.89,50.36,443841728,0.004989024146876853
2018-04-11,50.31,51.21,50.26,51.19,347810816,0.01648133439237487
2018-04-12,51.36,51.7,50.89,51.64,308675360,0.008790779449111108
2018-04-13,51.55,51.62,50.26,50.44,498071584,-0.02323780015491872
2018-04-16,50.34,50.79,49.62,49.7,626165504,-0.014670896114195031
2018-04-17,49.82,50.81,49.65,50.52,398536544,0.016498993963782738
2018-04-18,51.1,52.0,51.03,51.48,780096064,0.019002375296911955
2018-04-19,51.3,51.54,50.66,51.0,447151328,-0.00932400932400923
2018-04-20,50.74,51.05,50.41,50.89,291826080,-0.002156862745098076
2018-04-23,50.64,50.98,50.15,50.98,343016448,0.0017685203379838033
2018-04-24,51.4,51.59,50.48,50.73,410876096,-0.004903883876029802
2018-04-25,50.22,50.74,49.94,50.43,476411072,-0.005913660555884048
2018-04-26,50.88,51.77,50.75,51.6,495610208,0.023200475907198204
2018-04-27,51.92,52.1,51.3,51.5,467308896,-0.0019379844961240345
2018-04-30,51.51,51.73,50.67,51.01,321958304,-0.009514563106796103
2018-05-02,50.17,50.3,48.49,48.7,1095660800,-0.045285238188590426
2018-05-03,48.75,49.07,47.64,47.74,715891200,-0.019712525667351155
2018-05-04,47.55,47.93,47.18,47.18,716124992,-0.011730205278592476
2018-05-07,47.4,47.86,47.0,47.25,493853536,0.0014836795252226587
2018-05-08,47.3,47.85,46.9,47.4,491228192,0.0031746031746031633
2018-05-09,47.61,47.95,47.04,47.55,471051008,0.0031645569620253333
2018-05-10,47.91,48.97,47.71,48.85,561890368,0.02733964248159837
2018-05-11,48.72,49.1,47.92,48.07,376446272,-0.015967246673490254
2018-05-14,48.4,48.64,46.98,47.35,514268512,-0.014978156854587032
2018-05-15,46.2,47.6,46.1,47.17,529948736,-0.003801478352692733
2018-05-16,47.32,48.26,47.24,47.99,400269792,0.01738393046427822
2018-05-17,47.85,47.85,45.37,45.48,1040411840,-0.05230256303396552
2018-05-18,44.51,45.16,43.92,45.16,1774337792,-0.0070360598065083435
2018-05-21,45.76,45.97,44.12,44.54,766342912,-0.013728963684676687
2018-05-22,45.0,46.27,44.72,45.62,996284864,0.02424786708576554
2018-05-23,45.0,45.47,44.69,44.76,919656064,-0.018851380973257337
2018-05-24,44.34,45.38,43.96,45.35,735268928,0.013181411974977797
2018-05-25,45.69,45.7,44.62,44.95,507880800,-0.008820286659316445
2018-05-28,44.49,44.53,42.87,43.05,570491200,-0.04226918798665191
2018-05-29,43.48,43.87,42.66,42.9,876258560,-0.0034843205574912606
2018-05-30,42.9,43.4,42.47,42.98,1058545600,0.0018648018648017572
2018-06-01,43.51,44.15,42.69,43.82,674708992,0.019543973941368087
2018-06-04,44.31,44.99,44.3,44.77,686222464,0.021679598356914687
2018-06-05,44.4,44.95,43.2,43.38,825896512,-0.031047576502121976
2018-06-06,43.01,43.28,41.84,42.28,641769152,-0.025357307514983884
2018-06-07,41.56,41.7,39.45,41.05,1094578432,-0.029091769157994385
2018-06-08,41.05,41.65,39.92,41.15,818766912,0.0024360535931791105
2018-06-11,41.31,41.87,39.85,39.96,582645120,-0.028918590522478693
2018-06-12,39.95,40.57,39.66,39.88,371284768,-0.002002002002001957
2018-06-13,40.1,40.27,38.91,39.49,565831424,-0.009779338014042183
2018-06-14,39.75,39.98,38.09,38.09,724881472,-0.035452013167890595
2018-06-15,38.2,38.65,37.55,38.46,1036066688,0.009713835652402247
2018-06-18,38.21,38.31,37.39,37.68,506371584,-0.020280811232449292
2018-06-19,37.51,39.96,37.26,39.38,1113500416,0.04511677282377935
2018-06-20,40.0,40.57,39.05,40.11,781327488,0.018537328593194458
2018-06-21,39.99,40.14,38.7,39.04,398448992,-0.0266766392420843
2018-06-22,39.53,39.63,38.8,39.34,318270720,0.007684426229508379
2018-06-25,39.7,39.89,38.75,39.42,568992512,0.0020335536349771477
2018-06-26,39.5,40.08,38.82,39.29,509475808,-0.0032978183663116
2018-06-27,39.14,39.75,38.35,38.58,451221856,-0.018070755917536263
2018-06-28,38.59,40.0,38.59,39.65,457140992,0.027734577501296043
2018-06-29,40.11,40.72,39.92,40.34,671514560,0.017402269861286346
2018-07-02,39.9,40.35,39.71,40.35,303692320,0.00024789291026272586
2018-07-03,40.76,41.75,40.47,41.3,399462368,0.023543990086740907
2018-07-04,41.5,41.98,41.21,41.97,322991520,0.016222760290556915
2018-07-05,42.1,42.2,41.0,41.7,404665408,-0.006433166547533897
2018-07-06,41.8,42.27,41.52,42.08,318800000,0.009112709832134192
2018-07-10,42.33,42.78,41.48,42.19,633683264,0.0026140684410647097
2018-07-11,41.76,42.62,41.76,42.36,661170624,0.004029390850912584
2018-07-12,42.56,43.26,42.49,43.16,580368960,0.018885741265344702
2018-07-13,42.93,44.27,42.93,44.26,574295360,0.025486561631139937
2018-07-16,44.19,44.46,43.71,44.1,416698176,-0.0036150022593763875
2018-07-17,43.8,45.14,43.73,44.93,491732480,0.018820861678004563
2018-07-18,44.77,45.0,44.31,44.36,436310784,-0.012686401068328523
2018-07-19,43.88,45.0,43.47,45.0,456514464,0.014427412082957725
2018-07-20,46.26,46.55,45.88,46.28,785974528,0.028444444444444494
2018-07-23,46.14,46.22,45.25,45.39,367528832,-0.019230769230769273
2018-07-24,45.88,45.98,45.12,45.36,521052832,-0.0006609385327165374
2018-07-25,45.81,47.08,45.78,46.79,552828800,0.03152557319223992
2018-07-26,46.42,46.8,45.71,46.05,650137024,-0.015815345159222116
2018-07-27,46.31,46.69,45.84,46.3,588015744,0.005428881650380024
2018-07-30,46.57,47.3,46.43,46.97,484815072,0.01447084233261342
2018-07-31,45.79,46.07,44.9,45.0,1070960448,-0.04194166489248452
2018-08-01,44.98,45.68,44.9,45.55,570659456,0.012222222222222134
2018-08-02,45.2,45.98,44.81,45.71,571963776,0.0035126234906697196
2018-08-03,46.05,46.93,46.05,46.8,558550464,0.023845985561146366
2018-08-06,46.99,47.16,46.2,46.46,407138144,-0.007264957264957239
2018-08-07,46.75,46.85,45.52,46.18,639709952,-0.0060266896254843605
2018-08-08,46.18,46.7,45.07,45.1,654996288,-0.023386747509744454
2018-08-09,45.5,45.65,44.52,44.86,462368352,-0.005321507760532196
2018-08-10,44.17,44.18,42.78,43.23,642381952,-0.03633526526972808
2018-08-13,42.9,44.01,42.45,43.57,718702912,0.007864908628267386
2018-08-14,44.26,44.53,43.75,44.47,464925376,0.02065641496442505
2018-08-15,43.73,44.35,43.5,44.17,687902080,-0.006746120980436143
2018-08-16,44.31,44.5,43.87,44.11,440197088,-0.001358388046185266
2018-08-17,43.5,43.87,42.94,42.98,584077440,-0.025617773747449668
2018-08-20,42.02,42.77,41.94,42.53,726968192,-0.010469986040018475
2018-08-21,42.22,42.54,41.6,41.98,625644032,-0.012932047966141669
2018-08-22,41.81,43.05,41.5,42.98,373527296,0.02382086707956166
2018-08-23,42.96,43.23,41.31,41.31,570686848,-0.03885528152629114
2018-08-24,42.1,42.18,41.19,41.62,283562912,0.007504236262406039
2018-08-27,42.1,43.09,41.86,43.0,457044384,0.033157135992311515
2018-08-28,42.75,43.07,42.33,42.7,379943904,-0.006976744186046435
2018-08-29,42.79,43.53,42.75,43.41,294659328,0.016627634660421498
2018-08-30,43.06,43.2,41.67,41.7,520645472,-0.03939184519695904
2018-08-31,41.68,42.63,41.68,42.27,516589600,0.013669064748201398
2018-09-03,41.63,42.06,41.45,41.67,180129600,-0.01419446415897807
2018-09-04,41.59,41.88,40.97,41.31,484722336,-0.008639308855291516
2018-09-05,41.0,41.85,40.81,41.55,323643840,0.005809731299927234
2018-09-06,41.87,42.94,41.36,42.6,528257024,0.02527075812274382
2018-09-10,43.09,43.15,42.5,42.99,403696224,0.009154929577464888
2018-09-11,42.18,42.19,41.27,41.51,595436416,-0.03442661083973031
2018-09-12,41.88,42.16,41.34,41.63,542812416,0.0028908696699592173
2018-09-13,41.87,41.99,41.21,41.4,490197888,-0.005524861878453136
2018-09-14,41.33,42.38,41.32,42.13,521237888,0.017632850241545928
2018-09-17,41.82,43.18,41.82,43.13,438135200,0.023736055067647754
2018-09-18,42.9,43.54,42.77,43.09,637630464,-0.000927428703918376
2018-09-19,42.52,43.77,42.42,43.39,523583616,0.006962172197725547
2018-09-20,43.65,44.1,43.06,43.11,374758176,-0.006453099792578909
2018-09-21,43.6,44.35,43.3,43.84,739224384,0.01693342611922999
2018-09-24,43.86,44.0,42.62,42.75,309504928,-0.024863138686131436
2018-09-25,42.28,43.11,41.93,42.85,582943296,0.002339181286549641
2018-09-26,43.2,43.86,42.98,43.32,528345760,0.010968494749124869
2018-09-27,43.6,44.51,43.48,44.51,636570240,0.027469990766389563
2018-09-28,43.77,44.25,43.5,44.13,417850048,-0.008537407324196722
2018-10-01,44.25,44.51,43.24,43.62,361583264,-0.011556764106050443
2018-10-02,44.68,45.58,44.64,45.3,954434176,0.038514442916093516
2018-10-03,47.79,48.8,46.89,47.35,1751371136,0.04525386313465796
2018-10-04,47.0,47.52,46.15,47.4,851235456,0.001055966209081216
2018-10-05,47.99,48.14,46.92,47.24,711103232,-0.0033755274261603185
2018-10-08,50.9,52.1,49.49,50.05,2195171328,0.0594834885690092
2018-10-09,50.3,50.38,49.37,49.79,764103104,-0.0051948051948051965
2018-10-10,49.1,49.2,48.07,48.07,681185024,-0.03454508937537659
2018-10-11,48.46,48.65,47.1,47.5,1080666240,-0.011857707509881465
2018-10-15,48.2,48.47,47.86,48.05,864905664,0.011578947368420911
2018-10-16,48.42,49.97,48.28,49.97,756481728,0.03995837669094704
2018-10-17,49.5,50.02,49.11,49.45,812529472,-0.010406243746247656
2018-10-18,49.14,49.14,47.98,47.98,472650240,-0.029726996966633057
2018-10-19,48.35,48.67,47.74,47.93,336721248,-0.0010421008753647154
2018-10-22,48.47,48.99,48.46,48.63,278424896,0.014604631754642217
2018-10-23,47.7,48.87,47.7,48.8,453998496,0.00349578449516752
2018-10-24,48.8,48.9,47.3,47.53,427799520,-0.026024590163934325
2018-10-25,47.85,48.85,47.52,48.08,739933696,0.011571638964864128
2018-10-26,48.52,48.98,47.78,48.98,1116773376,0.018718801996672196
2018-10-29,50.69,50.75,47.5,48.08,1268196224,-0.018374846876275996
2018-10-30,47.25,49.8,46.72,49.49,1403270784,0.029326123128119885
2018-10-31,50.0,50.27,48.22,49.25,786892800,-0.004849464538290604
2018-11-01,49.5,50.04,48.83,49.94,747643136,0.014010152284263944
2018-11-05,50.0,50.53,49.76,50.48,866298368,0.010812975570684724
2018-11-06,49.73,50.8,49.7,50.8,812430528,0.006339144215530945
2018-11-07,50.96,51.33,50.01,50.85,789408256,0.0009842519685039353
2018-11-08,51.0,51.48,50.1,50.15,713620352,-0.013765978367748288
2018-11-09,50.0,51.01,49.61,50.78,785666432,0.012562313060817676
2018-11-12,50.66,51.2,50.4,50.92,444087584,0.002756990941315429
2018-11-13,50.92,51.35,50.22,50.73,649635712,-0.003731343283582156
2018-11-14,50.69,51.35,50.31,51.17,924907456,0.008673368815296678
2018-11-16,51.5,52.9,51.33,52.75,1008527872,0.030877467265976177
2018-11-19,52.54,52.97,52.32,52.72,688163776,-0.0005687203791469031
2018-11-21,34.99,35.25,34.55,34.69,556589312,-0.3419954476479514
2018-11-22,35.0,35.04,34.45,34.61,229381264,-0.0023061400980108893
2018-11-23,34.61,34.72,34.28,34.57,410162432,-0.0011557353366078438
2018-11-26,34.75,35.08,33.72,34.0,743772416,-0.016488284639861184
2018-11-27,34.25,35.23,34.02,35.15,606257536,0.033823529411764586
2018-11-28,35.1,36.09,34.82,36.03,688240960,0.0250355618776672
2018-11-29,35.62,36.48,35.51,36.35,525977344,0.008881487649181175
2018-11-30,36.06,36.83,36.02,36.02,791259904,-0.00907840440165053
2018-12-03,36.8,36.8,35.27,35.55,857347584,-0.013048306496391104
2018-12-04,35.65,36.02,34.95,35.51,830706944,-0.0011251758087200692
2018-12-05,35.6,35.83,35.34,35.53,496778080,0.0005632216277104973
2018-12-06,35.01,35.85,34.8,35.85,656511424,0.009006473402758175
2018-12-07,35.63,36.35,35.4,35.56,608279488,-0.008089260808926024
2018-12-10,35.45,35.74,34.53,34.61,525913888,-0.026715410573678322
2018-12-11,35.1,35.16,34.35,34.92,687600000,0.008956948858711344
2018-12-12,35.1,35.38,34.73,35.16,1128069760,0.0068728522336767295
2018-12-13,35.14,35.78,34.93,35.78,580710720,0.017633674630261886
2018-12-14,35.49,35.75,35.21,35.52,432258144,-0.007266629401900482
2018-12-17,35.5,35.54,34.56,34.57,507257088,-0.02674549549549554
2018-12-18,34.72,35.41,34.58,35.12,508124384,0.015909748336708107
2018-12-19,35.35,35.75,34.65,34.65,528295840,-0.013382687927107062
2018-12-20,34.98,35.22,34.58,34.64,948291776,-0.000288600288600227
2018-12-21,34.9,35.03,34.22,34.48,973676800,-0.004618937644341958
2018-12-26,34.09,34.17,33.26,33.73,645045440,-0.021751740139211106
2018-12-27,33.66,34.46,33.66,34.3,465685920,0.016898903053661485
2018-12-28,34.63,35.64,34.44,35.5,481388896,0.03498542274052485
2019-01-02,35.44,37.14,35.35,37.0,933405696,0.04225352112676051
2019-01-03,36.75,37.61,36.45,37.61,811511616,0.01648648648648643
2019-01-04,37.22,37.71,36.75,36.98,922964096,-0.016750864131879872
2019-01-07,36.8,37.5,36.75,37.05,627283200,0.0018929150892375013
2019-01-08,37.18,37.57,36.56,37.52,725176256,0.012685560053981249
2019-01-09,37.9,38.09,37.58,38.09,769064768,0.015191897654584174
2019-01-10,37.92,38.39,37.64,37.83,940246464,-0.006825938566553003
2019-01-11,37.6,37.93,37.3,37.6,512139840,-0.006079830822098731
2019-01-14,37.57,37.88,37.45,37.88,656605568,0.007446808510638281
2019-01-15,37.68,37.74,36.88,37.29,1535556096,-0.01557550158394938
2019-01-16,37.35,37.39,36.7,37.18,641944512,-0.002949852507374562
2019-01-17,37.04,37.35,36.74,37.18,955077568,0.0
2019-01-18,37.2,37.78,37.2,37.66,802384640,0.012910166756320507
2019-01-21,37.5,37.63,37.05,37.35,289641312,-0.008231545406266472
2019-01-22,37.35,37.58,36.97,37.29,453435424,-0.0016064257028113316
2019-01-23,37.45,37.69,36.96,37.54,1017534912,0.006704210244033337
2019-01-24,37.35,37.73,37.24,37.49,797123200,-0.0013319126265316505
2019-01-28,37.07,38.35,37.07,38.16,853916544,0.017871432381968422
2019-01-29,38.4,38.55,37.88,37.88,603908736,-0.007337526205450584
2019-01-30,38.22,38.41,37.4,38.12,734788416,0.0063357972544877406
2019-01-31,38.46,39.39,38.37,38.78,1048522688,0.017313746065057867
2019-02-01,38.6,39.1,38.34,38.81,523786592,0.0007735946364104684
2019-02-04,38.67,39.79,38.4,39.69,693947968,0.022674568410203433
2019-02-05,38.56,38.8,37.62,38.0,2721312256,-0.04257999496094733
2019-02-06,37.8,37.89,36.4,36.4,1454782592,-0.04210526315789476
2019-02-07,36.82,37.08,36.06,36.53,1124809088,0.0035714285714285587
2019-02-08,36.48,37.55,36.35,37.31,1143508736,0.021352313167259718
2019-02-11,37.31,37.41,36.6,36.89,677720704,-0.011257035647279645
2019-02-12,37.44,37.99,37.22,37.77,833179712,0.02385470317159122
2019-02-13,37.92,37.97,36.85,36.91,1171108480,-0.0227693936987029
2019-02-14,37.2,37.89,36.43,37.89,1220338688,0.026551070170685476
2019-02-15,37.69,37.83,37.19,37.5,1006476160,-0.010292953285827355
2019-02-18,37.35,37.5,36.9,36.9,652344192,-0.016000000000000014
2019-02-19,37.3,38.0,37.19,37.75,850965760,0.023035230352303593
2019-02-20,38.03,38.38,37.27,37.27,1085951488,-0.012715231788079429
2019-02-21,37.65,37.95,37.26,37.95,952317760,0.018245237456399277
2019-02-22,36.53,36.66,36.23,36.66,637927104,-0.033992094861660216
2019-02-25,36.75,36.88,36.08,36.1,453204128,-0.015275504637206616
2019-02-26,36.19,36.42,36.09,36.23,291962944,0.003601108033240763
2019-02-27,36.22,36.37,35.91,35.91,364984448,-0.00883245928788301
2019-02-28,35.93,36.02,35.17,35.23,636563008,-0.01893622946254525
2019-03-01,35.49,35.59,34.84,34.84,568881600,-0.011070110701106861
2019-03-06,35.14,35.22,34.67,34.85,336675200,0.0002870264064294137
2019-03-07,34.8,35.54,34.67,35.33,666081920,0.01377331420373018
2019-03-08,35.12,35.89,34.85,35.75,481463840,0.011887913954146567
2019-03-11,35.85,37.02,35.83,36.92,730889920,0.032727272727272716
2019-03-12,36.92,37.0,36.59,37.0,482013120,0.0021668472372697867
2019-03-13,36.82,37.67,36.7,37.4,823986560,0.0108108108108107
2019-03-14,37.4,37.4,36.44,36.81,654486464,-0.01577540106951858
2019-03-15,36.73,37.17,36.48,36.8,701270528,-0.00027166530834021874
2019-03-18,36.86,37.06,36.74,36.86,414202688,0.001630434782608825
2019-03-19,37.0,37.0,36.0,36.0,1269760384,-0.023331524688008698
2019-03-20,36.06,36.22,35.19,35.19,925142400,-0.022500000000000075
2019-03-21,35.31,35.41,34.1,34.57,1088485888,-0.017618641659562284
2019-03-22,34.05,34.12,33.36,33.55,1024607808,-0.02950535146080424
2019-03-25,33.49,34.12,33.3,33.6,669294336,0.0014903129657228842
2019-03-26,34.0,34.11,33.5,33.95,541857792,0.01041666666666674
2019-03-27,33.43,33.64,32.79,32.8,921023488,-0.03387334315169388
2019-03-28,32.9,34.34,32.65,34.1,1048077376,0.03963414634146356
2019-03-29,34.52,34.55,33.92,34.43,674409664,0.009677419354838568
2019-04-01,34.7,34.8,34.0,34.16,589298624,-0.007841998257333782
2019-04-02,34.25,34.33,33.53,33.62,551446464,-0.015807962529273967
2019-04-03,34.04,34.19,33.17,33.32,654009984,-0.008923259964306873
2019-04-04,33.69,34.09,33.25,33.82,608172096,0.015006002400960394
2019-04-05,34.0,34.67,33.8,34.55,557130368,0.02158486102897683
2019-04-08,34.6,34.67,34.15,34.34,314767072,-0.006078147612156082
2019-04-09,34.2,34.22,33.61,34.15,453151136,-0.005532906231799806
2019-04-10,34.4,34.44,33.81,34.09,894275904,-0.0017569546120057566
2019-04-11,33.82,34.04,33.11,33.3,402432384,-0.023173951305368368
2019-04-12,33.0,33.82,32.65,32.95,972862272,-0.01051051051051033
2019-04-15,33.24,33.33,32.64,32.93,543236736,-0.0006069802731412111
2019-04-16,32.72,33.46,32.72,32.9,554000064,-0.0009110233829335845
2019-04-17,33.0,33.2,32.0,32.39,1169973632,-0.015501519756838888
2019-04-18,32.52,33.2,32.12,32.83,571252864,0.013584439641864732
2019-04-22,32.77,33.15,32.39,32.74,328834112,-0.002741395065488761
2019-04-23,33.0,33.45,33.0,33.16,444372512,0.012828344532681557
2019-04-24,33.18,33.24,32.68,33.21,480736096,0.0015078407720146014
2019-04-25,33.02,33.8,32.64,33.72,653094464,0.015356820234869062
2019-04-26,33.81,33.92,33.41,33.8,339263776,0.0023724792408066353
2019-04-29,33.95,34.11,33.39,33.53,370209536,-0.007988165680473225
2019-04-30,33.69,34.03,33.43,33.83,453514528,0.008947211452430492
2019-05-02,33.67,34.22,33.59,34.04,495480160,0.006207508128879713
2019-05-03,34.2,34.28,33.64,33.71,1047507456,-0.009694477085781417
2019-05-06,33.34,33.49,32.93,32.97,481872480,-0.021951943043607258
2019-05-07,32.7,32.72,31.95,32.6,933626816,-0.011222323324234118
2019-05-08,32.74,33.38,32.74,32.97,595994624,0.011349693251533566
2019-05-09,32.57,32.87,32.24,32.56,703502848,-0.012435547467394503
2019-05-10,32.49,32.8,32.03,32.41,467947264,-0.004606879606879777
2019-05-13,31.72,32.05,31.66,31.9,602739584,-0.015735883986423893
2019-05-14,32.07,32.18,31.63,31.75,421261184,-0.00470219435736674
2019-05-15,31.51,31.85,31.14,31.85,666447040,0.0031496062992126816
2019-05-16,31.5,31.67,31.16,31.44,564227648,-0.012872841444270033
2019-05-17,31.37,32.0,31.11,31.5,751521984,0.00190839694656475
2019-05-20,31.7,32.38,31.39,32.32,772111104,0.026031746031746072
2019-05-21,32.4,33.59,32.36,33.56,779336768,0.03836633663366351
2019-05-22,33.7,33.8,32.97,33.6,439602432,0.0011918951132299238
2019-05-23,33.39,33.72,33.13,33.53,525833440,-0.002083333333333326
2019-05-24,33.8,33.85,33.01,33.03,381914592,-0.014912019087384376
2019-05-27,33.33,33.58,33.03,33.15,351458592,0.0036330608537691322
2019-05-28,33.28,34.08,33.12,34.08,1102464768,0.028054298642533837
2019-05-29,33.85,34.89,33.85,34.72,971349376,0.018779342723004744
2019-05-30,34.81,35.22,34.68,35.08,557011200,0.010368663594469973
2019-05-31,34.89,35.4,34.75,35.0,639361408,-0.0022805017103761926
2019-06-03,35.2,35.32,34.73,35.08,662393856,0.0022857142857142243
2019-06-04,35.2,35.3,34.76,35.02,579003264,-0.0017103762827820335
2019-06-05,35.09,35.16,34.27,34.34,418850688,-0.01941747572815533
2019-06-06,34.69,34.89,34.38,34.7,394004832,0.01048340128130465
2019-06-07,34.78,35.28,34.67,35.07,466604448,0.01066282420749265
2019-06-10,34.85,34.87,34.11,34.63,628616896,-0.01254633589962928
2019-06-11,34.85,34.98,34.24,34.8,1005742400,0.004909038406006205
2019-06-12,34.8,35.12,34.47,34.6,613289856,-0.005747126436781436
2019-06-13,34.55,34.58,33.71,33.98,1254335360,-0.017919075144508856
2019-06-14,33.9,34.07,33.48,33.99,634726336,0.0002942907592702326
2019-06-17,33.9,34.32,33.81,33.95,533338592,-0.0011768167107972793
2019-06-18,34.35,34.83,34.18,34.83,785972032,0.02592047128129593
2019-06-19,34.64,35.49,34.47,35.38,816758912,0.01579098478323293
2019-06-21,35.58,36.18,35.5,36.18,984754240,0.022611644997173386
2019-06-24,36.24,36.5,35.79,36.1,820647616,-0.002211166390270858
2019-06-25,36.0,36.23,35.48,35.65,850391808,-0.01246537396121894
2019-06-26,35.85,36.5,35.73,36.5,1186907392,0.02384291725105192
2019-06-27,36.2,36.43,35.7,36.25,742634624,-0.006849315068493178
2019-06-28,36.45,36.59,36.14,36.26,633473344,0.0002758620689655711
2019-07-01,36.77,36.77,35.94,36.08,579583296,-0.004964147821290621
2019-07-02,36.05,36.32,35.71,35.95,677338432,-0.003603104212860142
2019-07-03,35.7,36.65,35.63,36.57,641662784,0.017246175243393447
2019-07-04,36.77,37.5,36.71,36.99,860474560,0.011484823625922846
2019-07-05,36.84,37.45,36.67,37.4,531626240,0.011084076777507335
2019-07-08,37.47,37.5,37.06,37.3,368143648,-0.002673796791443861
2019-07-10,37.53,37.72,36.95,37.2,851987520,-0.002680965147452974
2019-07-11,36.97,37.15,36.58,37.15,563795520,-0.0013440860215054862
2019-07-12,37.45,37.46,36.46,36.46,686973568,-0.01857335127860016
2019-07-15,36.68,36.7,36.12,36.36,602230464,-0.0027427317608338386
2019-07-16,36.4,36.65,36.21,36.5,648533568,0.0038503850385038785
2019-07-17,36.59,36.92,36.38,36.4,846497024,-0.002739726027397249
2019-07-18,36.47,37.37,36.46,37.37,598406464,0.026648351648351554
2019-07-19,37.08,37.28,36.4,36.4,626691456,-0.025956649719025893
2019-07-22,36.69,37.25,36.62,37.02,689622528,0.017032967032967194
2019-07-23,37.25,37.55,36.73,37.38,780050560,0.00972447325769843
2019-07-24,37.5,37.75,37.13,37.35,548250432,-0.0008025682182986049
2019-07-25,37.65,37.65,35.98,36.2,813578816,-0.0307898259705488
2019-07-26,36.48,37.08,36.01,36.85,871470976,0.017955801104972302
2019-07-29,36.76,37.27,36.45,37.0,737935808,0.00407055630936215
2019-07-30,36.8,36.8,35.66,35.77,1586669824,-0.033243243243243126
2019-07-31,35.74,35.78,34.7,34.82,1240407040,-0.02655856863293271
2019-08-01,35.21,36.12,34.88,34.88,1164785408,0.001723147616312426
2019-08-02,35.0,35.2,34.58,34.93,968141440,0.0014334862385321223
2019-08-05,34.2,34.72,34.04,34.45,731167296,-0.013741769252791247
2019-08-06,34.94,35.49,34.8,35.49,623465216,0.030188679245283012
2019-08-07,35.07,36.8,34.96,36.8,1158315264,0.036911806142575276
2019-08-08,37.0,37.35,36.67,37.0,1118635392,0.005434782608695787
2019-08-09,36.99,37.0,36.35,36.72,435825056,-0.007567567567567601
2019-08-12,36.0,36.04,35.19,35.2,717409920,-0.04139433551198246
2019-08-13,35.18,36.12,35.12,35.89,487232000,0.019602272727272663
2019-08-14,35.4,35.57,35.02,35.1,728071552,-0.022011702424073576
2019-08-15,35.48,35.48,34.81,35.0,667223680,-0.002849002849002913
2019-08-16,34.8,34.86,34.13,34.35,492406080,-0.018571428571428572
2019-08-19,34.65,34.87,33.91,34.2,775143360,-0.004366812227074246
2019-08-20,34.37,34.45,33.55,33.82,584390400,-0.011111111111111183
2019-08-21,34.19,34.34,33.76,34.08,664467648,0.007687758722649152
2019-08-22,34.15,34.33,33.5,33.54,453865728,-0.015845070422535135
2019-08-23,33.09,33.9,32.93,33.15,872493632,-0.011627906976744207
2019-08-26,33.41,33.43,32.69,33.14,583400896,-0.00030165912518842486
2019-08-27,33.15,33.93,33.08,33.53,957996992,0.011768255884127887
2019-08-28,33.22,34.09,33.16,33.91,488401888,0.011333134506412046
2019-08-29,34.05,34.47,33.54,34.09,572817856,0.005308168681805059
2019-08-30,34.53,34.56,33.78,33.94,854460416,-0.004400117336462506
2019-09-02,33.9,34.19,33.5,33.5,281599616,-0.012964054213317588
2019-09-03,33.51,33.81,32.77,32.86,632220736,-0.01910447761194034
2019-09-04,33.28,33.31,32.81,33.09,508604640,0.0069993913572734545
2019-09-05,33.42,34.66,33.39,34.03,1437997568,0.0284073738289512
2019-09-06,34.25,35.23,34.25,35.17,744494464,0.03349985307081993
2019-09-09,35.37,36.3,35.36,36.03,1253548032,0.02445265851578049
2019-09-10,36.11,36.29,35.09,35.33,793884864,-0.019428254232583986
2019-09-11,35.51,35.68,34.99,35.17,573374976,-0.004528729125389042
2019-09-12,35.5,35.6,35.15,35.39,482180512,0.006255331248222973
2019-09-13,35.51,36.41,35.51,35.87,902096768,0.013563153433173047
2019-09-16,35.53,35.62,34.91,35.23,710199936,-0.017842207973236657
2019-09-17,34.9,35.45,34.87,35.36,428758560,0.0036900369003691758
2019-09-18,35.37,35.64,34.83,35.25,468861120,-0.0031108597285067763
2019-09-19,35.54,35.83,34.52,34.66,627418752,-0.016737588652482316
2019-09-20,34.88,35.1,34.62,34.75,1142221440,0.00259665320253899
2019-09-23,34.7,34.72,34.2,34.64,454689568,-0.0031654676258993097
2019-09-24,34.82,34.89,34.11,34.28,359608832,-0.010392609699769073
2019-09-25,34.19,34.92,34.05,34.68,487717440,0.011668611435239118
2019-09-26,34.88,35.7,34.6,35.68,658779968,0.028835063437139485
2019-09-27,35.59,35.64,34.97,35.53,570339776,-0.004204035874439405
2019-09-30,35.55,35.79,35.03,35.03,556303424,-0.01407261469180976
2019-10-01,35.22,35.31,34.2,34.22,590242496,-0.023123037396517332
2019-10-02,33.85,33.94,33.12,33.28,793155392,-0.02746931618936288
2019-10-03,33.24,33.6,32.85,33.29,727868288,0.0003004807692306155
2019-10-04,33.23,33.5,32.77,33.45,833288320,0.0048062481225594755
2019-10-07,33.29,33.64,32.78,32.83,515506272,-0.018535127055306577
2019-10-08,33.12,33.27,32.56,32.69,485069280,-0.004264392324093813
2019-10-09,32.99,33.44,32.63,33.21,411730240,0.01590700520036714
2019-10-10,33.1,33.56,33.01,33.45,360993824,0.0072267389340561206
2019-10-11,33.6,34.28,33.59,33.88,675020800,0.012855007473841606
2019-10-14,33.81,34.54,33.72,34.45,352241504,0.016824085005903155
2019-10-15,34.48,34.64,34.19,34.37,548422976,-0.002322206095791146
2019-10-16,34.47,34.98,33.83,34.86,607026688,0.014256619144602967
2019-10-17,34.85,35.13,34.32,34.65,588963200,-0.006024096385542244
2019-10-18,34.62,34.62,34.15,34.24,390572928,-0.01183261183261175
2019-10-21,34.26,34.87,33.99,34.8,563599936,0.01635514018691575
2019-10-22,34.77,35.89,34.67,35.88,1260373376,0.031034482758620863
2019-10-23,35.59,36.75,35.51,36.39,1248873600,0.014214046822742521
2019-10-24,36.46,36.83,36.13,36.56,994294144,0.004671613080516668
2019-10-25,36.55,37.13,36.34,36.8,693634752,0.006564551422319376
2019-10-28,36.65,37.53,36.53,37.3,777133568,0.013586956521739024
2019-10-29,37.09,37.23,36.57,36.64,606839744,-0.017694369973190294
2019-10-30,36.47,37.0,35.91,36.87,856417984,0.00627729257641918
2019-10-31,36.3,36.67,35.68,36.23,937693696,-0.017358285869270462
2019-11-01,36.66,36.91,35.91,36.35,689891840,0.003312172232956323
2019-11-04,36.45,36.75,36.24,36.47,366555232,0.0033012379642365364
2019-11-05,37.64,37.99,36.8,37.1,1750998912,0.017274472168905985
2019-11-06,37.1,37.36,36.57,36.6,701593792,-0.013477088948787075
2019-11-07,36.78,36.95,36.57,36.82,576190144,0.006010928961748707
2019-11-08,36.36,36.78,36.02,36.27,548066048,-0.014937533948940707
2019-11-11,36.2,36.8,35.9,36.43,636457344,0.004411359250068747
2019-11-12,36.02,36.29,35.43,35.81,702516608,-0.01701894043370844
2019-11-13,35.67,35.84,35.18,35.45,626444672,-0.010053057805082366
2019-11-14,35.5,35.79,35.16,35.68,497815392,0.006488011283497741
2019-11-18,36.0,36.2,35.48,35.52,477355936,-0.004484304932735328
2019-11-19,35.5,35.6,34.85,35.13,628093760,-0.010979729729729715
2019-11-21,35.13,35.5,35.03,35.49,919446208,0.010247651579846195
2019-11-22,35.26,35.83,35.21,35.73,585711296,0.006762468300929747
2019-11-25,35.79,35.9,35.01,35.22,536831712,-0.014273719563392073
2019-11-26,35.0,35.09,34.35,34.5,904505984,-0.020442930153321992
2019-11-27,34.7,34.93,34.26,34.7,669860928,0.005797101449275477
2019-11-28,34.45,34.7,34.02,34.6,545589312,-0.0028818443804035088
2019-11-29,34.67,34.83,34.3,34.8,572877056,0.005780346820809079
2019-12-02,34.92,35.52,34.84,35.28,580646720,0.01379310344827589
2019-12-03,35.59,35.71,34.91,35.29,564683008,0.00028344671201807614
2019-12-04,35.39,36.57,35.3,36.56,1230231424,0.03598753187871928
2019-12-05,36.37,37.07,36.3,36.51,1068991168,-0.001367614879649981
2019-12-06,36.5,36.68,35.85,35.85,1040564416,-0.018077239112571752
2019-12-09,36.0,36.88,35.77,36.55,972609728,0.019525801952580135
2019-12-10,36.55,36.77,35.78,36.02,776558016,-0.014500683994527863
2019-12-11,36.5,36.67,35.56,35.6,1333736704,-0.011660188784008985
2019-12-12,35.95,36.09,35.35,35.59,833928320,-0.0002808988764044784
2019-12-13,35.8,36.37,35.35,36.31,981739136,0.02023040179825797
2019-12-16,36.44,36.64,35.48,35.48,783161408,-0.022858716606995455
2019-12-17,35.75,36.28,35.54,36.02,691057024,0.015219842164599928
2019-12-18,35.92,36.75,35.73,36.48,1470101376,0.012770682953914259
2019-12-19,36.16,36.71,36.11,36.66,806806912,0.004934210526315708
2019-12-20,36.63,36.7,36.3,36.5,906813312,-0.004364429896344668
2019-12-23,36.5,36.84,36.31,36.84,428097504,0.009315068493150669
2019-12-26,36.8,37.4,36.65,37.4,607767168,0.015200868621063846
2019-12-27,37.5,37.69,36.91,37.3,502017568,-0.002673796791443861
2019-12-30,37.34,37.59,36.86,37.1,342892128,-0.005361930294906059
2020-01-02,37.28,38.03,36.99,38.03,781215168,0.02506738544474385
2020-01-03,37.5,38.24,37.45,37.63,940038400,-0.010518012095713902
2020-01-06,37.55,37.58,36.91,37.07,829472512,-0.014881743289928306
2020-01-07,37.07,37.24,36.21,36.21,729492736,-0.0231993525762072
2020-01-08,36.45,36.81,35.62,35.62,934524288,-0.016293841480254145
2020-01-09,35.79,35.93,34.52,34.91,1694588800,-0.01993262212240321
2020-01-10,35.08,35.45,34.57,34.6,890022912,-0.008879977083929957
2020-01-13,35.02,35.4,34.74,35.06,1025651200,0.013294797687861237
2020-01-14,34.92,35.06,34.63,35.06,642460352,0.0
2020-01-15,34.89,34.94,34.4,34.63,1134814848,-0.01226468910439249
2020-01-16,34.9,35.07,34.42,34.7,794064384,0.0020213687554144766
2020-01-17,34.9,35.3,34.73,34.94,690059392,0.006916426512968199
2020-01-20,34.8,35.0,34.16,34.23,631180096,-0.020320549513451636
2020-01-21,34.01,34.48,33.44,33.5,907738240,-0.02132632193981876
2020-01-22,33.85,34.07,33.5,33.7,587453184,0.005970149253731405
2020-01-23,33.5,34.81,33.4,34.5,1135769856,0.023738872403560762
2020-01-24,34.61,34.62,33.95,34.24,505261600,-0.007536231884057942
2020-01-27,33.74,34.09,33.41,33.5,484984000,-0.02161214953271029
2020-01-28,33.77,33.97,33.3,33.49,575816256,-0.00029850746268655914
2020-01-29,33.69,33.79,32.92,32.97,668022336,-0.015527022991937978
2020-01-30,32.65,33.45,32.58,33.45,1374939264,0.01455868971792551
2020-01-31,32.99,33.39,32.54,32.82,835834176,-0.01883408071748882
2020-02-03,33.0,33.31,32.79,32.9,581744512,0.0024375380865324647
2020-02-04,33.36,33.46,32.9,33.16,522012704,0.007902735562310026
2020-02-05,33.71,34.12,33.36,33.36,1169224576,0.006031363088057962
2020-02-06,33.7,33.74,33.11,33.28,882603520,-0.0023980815347721673
2020-02-07,33.05,34.15,33.0,33.71,1252736768,0.012920673076923128
2020-02-10,33.73,34.57,33.68,34.28,1577076864,0.016908929101157044
2020-02-11,35.16,35.45,34.64,35.07,3357091072,0.023045507584597447
2020-02-12,35.17,35.48,34.76,34.93,2331973632,-0.003992015968063867
2020-02-13,34.71,34.79,34.2,34.39,697522048,-0.015459490409390209
2020-02-14,34.27,34.4,33.67,33.81,1071378112,-0.01686536783948822
2020-02-17,33.99,33.99,33.36,33.5,1084384000,-0.009168884945282563
2020-02-18,33.38,33.74,32.97,33.64,798025216,0.00417910447761205
2020-02-19,33.7,34.42,33.52,34.12,674745920,0.014268727705112783
2020-02-20,34.23,34.27,33.83,34.0,1633941376,-0.003516998827666984
2020-02-21,32.78,32.9,32.45,32.68,636884416,-0.0388235294117647
2020-02-26,31.1,31.6,30.77,31.05,1098097920,-0.04987760097919214
2020-02-27,30.7,32.33,30.57,31.07,1930859392,0.0006441223832527321
2020-02-28,31.1,32.08,30.8,32.0,1764073984,0.02993241068554875
2020-03-02,31.9,32.29,31.27,31.88,1633933696,-0.003750000000000031
2020-03-03,31.65,31.97,30.96,31.3,1367573760,-0.018193224592220725
2020-03-04,31.81,31.83,30.93,31.6,981006848,0.009584664536741228
2020-03-05,31.26,31.49,30.18,30.52,934598528,-0.03417721518987349
2020-03-06,29.6,30.35,29.32,29.87,967665088,-0.021297509829619865
2020-03-09,28.0,28.45,27.37,27.8,1316520448,-0.0693003013056579
2020-03-10,29.5,29.7,27.57,28.49,1256098432,0.024820143884892065
2020-03-11,27.8,28.14,25.03,26.17,1257095040,-0.08143208143208136
2020-03-12,23.2,24.56,22.41,23.6,1370631808,-0.09820405043943448
2020-03-13,26.94,27.18,23.65,26.21,2247437056,0.110593220338983
2020-03-16,23.5,25.66,22.72,23.8,1517103360,-0.09194963754292251
2020-03-17,24.51,26.71,23.5,25.2,1777683328,0.05882352941176472
2020-03-18,23.97,24.25,21.54,23.45,1912518656,-0.06944444444444442
2020-03-19,22.77,23.73,21.13,22.85,1671285248,-0.025586353944562767
2020-03-20,23.39,23.97,21.6,22.05,1636744192,-0.035010940919037226
2020-03-23,22.26,22.49,20.0,20.52,1098038784,-0.06938775510204087
2020-03-24,21.7,23.28,21.5,22.5,1157863936,0.09649122807017552
2020-03-25,22.23,24.73,22.01,23.6,1024242752,0.04888888888888898
2020-03-26,24.23,24.82,23.72,24.25,1232361344,0.02754237288135597
2020-03-27,23.02,24.02,22.51,22.97,965276224,-0.052783505154639254
2020-03-30,23.11,24.39,22.83,24.11,712789376,0.04962995211144983
2020-03-31,23.95,24.25,22.81,23.09,948071360,-0.04230609705516386
2020-04-01,22.22,22.38,21.19,21.4,955507264,-0.07319185794716332
2020-04-02,21.38,22.0,21.15,21.5,843066112,0.004672897196261738
2020-04-03,21.42,21.48,20.01,20.66,763384448,-0.039069767441860415
2020-04-06,22.14,22.68,21.89,22.18,872776640,0.07357212003872204
2020-04-07,23.5,23.88,22.92,23.0,891406976,0.03697024346257893
2020-04-08,23.01,24.39,22.94,24.18,977786496,0.05130434782608684
2020-04-09,24.46,24.7,23.5,23.5,890018624,-0.028122415219189456
2020-04-13,23.45,24.0,23.02,24.0,503680480,0.02127659574468077
2020-04-14,24.46,25.15,24.3,24.3,832998784,0.012499999999999956
2020-04-15,23.85,24.48,23.37,23.4,821413248,-0.03703703703703709
2020-04-16,23.7,23.82,22.8,22.81,713314816,-0.025213675213675235
2020-04-17,23.44,23.61,22.61,23.22,577732160,0.01797457255589663
2020-04-20,22.72,22.97,22.5,22.64,646814528,-0.0249784668389319
2020-04-22,22.4,23.13,22.21,22.37,1079144832,-0.011925795053003507
2020-04-23,22.66,22.74,21.84,22.05,913042880,-0.014304872597228457
2020-04-24,21.74,21.82,20.37,20.88,1425141760,-0.053061224489796
2020-04-27,21.54,22.14,21.1,21.57,828872896,0.033045977011494365
2020-04-28,22.98,23.61,22.59,23.35,1340700928,0.08252202132591568
2020-04-29,24.0,24.12,23.16,23.66,740089600,0.013276231263383176
2020-04-30,22.59,23.33,22.46,22.77,1055252992,-0.03761622992392222
2020-05-04,21.95,22.09,21.78,21.89,696741056,-0.03864734299516903
2020-05-05,22.2,23.37,21.91,22.7,1174887936,0.037003197807217836
2020-05-06,22.6,22.78,22.0,22.24,644073856,-0.02026431718061683
2020-05-07,22.38,22.48,21.13,21.44,1125523328,-0.03597122302158262
2020-05-08,22.02,22.77,21.9,22.32,795038208,0.041044776119402826
2020-05-11,22.17,23.03,22.17,22.38,859308288,0.0026881720430107503
2020-05-12,22.51,22.66,21.59,21.61,946394304,-0.034405719392314515
2020-05-13,21.74,21.94,21.2,21.6,744917888,-0.0004627487274408981
2020-05-14,21.31,22.59,20.73,22.55,1336054016,0.0439814814814814
2020-05-15,22.5,22.77,21.63,21.63,830305280,-0.04079822616407991
2020-05-18,22.45,22.94,22.01,22.67,1111460864,0.04808136846971811
2020-05-19,22.63,22.72,21.61,21.69,890242240,-0.04322893692104102
2020-05-20,21.93,21.95,21.36,21.6,891286528,-0.004149377593360981
2020-05-21,21.72,22.84,21.71,22.84,1362834560,0.05740740740740735
2020-05-22,22.6,23.35,22.21,22.96,1154014720,0.005253940455341555
2020-05-25,23.91,24.19,23.39,23.96,663214720,0.04355400696864109
2020-05-26,24.33,24.42,22.86,23.01,1234064768,-0.03964941569282132
2020-05-27,23.64,23.73,23.16,23.73,852536832,0.0312907431551499
2020-05-28,23.49,24.05,23.31,23.31,560679616,-0.017699115044247815
2020-05-29,23.18,23.3,22.71,23.04,1235402624,-0.01158301158301156
2020-06-01,22.83,23.85,22.7,23.66,917552832,0.02690972222222232
2020-06-02,24.0,25.3,23.83,25.25,1426676224,0.0672020287404902
2020-06-03,26.3,26.77,25.8,25.92,1527343104,0.026534653465346558
2020-06-04,25.77,26.83,25.48,26.67,1162214016,0.02893518518518512
2020-06-05,28.16,28.7,27.18,27.26,1787923712,0.022122234720659995
2020-06-08,27.61,28.48,27.51,28.36,888439744,0.0403521643433602
2020-06-09,27.57,28.24,27.26,27.8,1432884096,-0.019746121297602226
2020-06-10,28.11,28.17,26.48,26.59,1325750016,-0.04352517985611515
2020-06-12,25.91,26.37,25.62,26.06,1405920640,-0.019932305377961645
2020-06-15,25.1,25.99,25.03,25.45,948019840,-0.023407521105141993
2020-06-16,26.5,26.57,25.7,26.18,989408064,0.028683693516699416
2020-06-17,26.18,26.94,26.15,26.51,948299840,0.0126050420168069
2020-06-18,26.5,27.91,26.32,27.55,1478617600,0.03923047906450394
2020-06-19,28.1,28.24,27.58,28.09,1723207552,0.019600725952813036
2020-06-22,28.04,28.24,26.91,27.22,799112448,-0.030971876112495633
2020-06-23,27.7,27.75,26.56,26.86,1610557312,-0.01322556943423947
2020-06-24,26.79,26.92,25.6,25.84,1485384960,-0.03797468354430378
2020-06-25,26.03,26.33,25.51,26.15,1194379392,0.01199690402476783
2020-06-26,25.71,26.22,25.54,25.71,1019483776,-0.016826003824091718
2020-06-29,25.9,26.52,25.75,26.48,801256640,0.029949436017113973
2020-06-30,26.22,26.31,25.45,25.45,1168755584,-0.03889728096676737
2020-07-01,25.6,26.21,25.54,26.1,1014002368,0.025540275049116046
2020-07-02,26.5,27.25,26.41,26.55,1111622912,0.01724137931034475
2020-07-03,26.39,26.69,26.2,26.5,262051984,-0.0018832391713747842
2020-07-06,27.12,27.85,26.85,27.73,806913920,0.04641509433962265
2020-07-07,27.43,27.71,26.32,26.37,1714221696,-0.049044356292823665
2020-07-08,26.65,27.07,26.5,26.94,912371840,0.021615472127417545
2020-07-09,27.02,27.17,26.58,26.95,1165326208,0.000371195248700662
2020-07-10,26.95,27.31,26.62,27.2,647789248,0.00927643784786647
2020-07-13,27.45,27.55,26.8,26.8,666446272,-0.014705882352941124
2020-07-14,26.75,27.42,26.44,27.25,762805312,0.01679104477611948
2020-07-15,27.54,27.8,27.07,27.44,872327424,0.006972477064220328
2020-07-16,27.17,27.32,26.92,26.98,523421184,-0.01676384839650147
2020-07-17,27.11,27.4,27.0,27.22,879742080,0.008895478131949464
2020-07-20,27.25,27.53,26.96,27.3,778786496,0.0029390154298309934
2020-07-21,27.6,28.04,27.36,27.7,1022235968,0.0146520146520146
2020-07-22,27.85,27.85,26.77,27.07,1232121984,-0.022743682310469304
2020-07-23,27.1,27.14,26.46,26.5,779005440,-0.021056520132988532
2020-07-24,26.35,26.88,26.11,26.47,796107200,-0.0011320754716981352
2020-07-27,26.63,27.92,26.54,27.8,1353186304,0.05024556101246702
2020-07-28,27.72,28.26,27.52,27.64,657740800,-0.0057553956834532904
2020-07-29,28.15,28.49,27.88,28.29,763723776,0.02351664254703323
2020-07-30,27.87,28.23,27.42,27.81,801332672,-0.016967126193001114
2020-07-31,27.94,27.98,26.79,26.89,833004288,-0.03308162531463499
2020-08-03,27.1,27.71,26.5,27.28,898870336,0.014503532911863237
2020-08-04,26.25,26.69,25.41,25.69,2049168384,-0.05828445747800581
2020-08-05,26.15,26.3,25.36,25.67,1280189440,-0.0007785130400933538
2020-08-06,25.7,26.3,25.41,26.03,767268800,0.014024152707440507
2020-08-07,25.63,26.45,25.4,25.48,1697404800,-0.02112946600076837
2020-08-10,25.52,26.08,25.41,25.81,771723776,0.012951334379905699
2020-08-11,26.12,26.29,25.51,25.51,674439168,-0.01162340178225485
2020-08-12,25.69,25.86,24.91,25.22,1243142784,-0.011368090944727682
2020-08-13,25.46,25.55,24.5,24.5,1016864064,-0.028548770816812064
2020-08-14,24.57,25.21,24.37,24.73,755863744,0.009387755102040929
2020-08-17,24.72,24.75,23.85,24.14,906718720,-0.023857662757784115
2020-08-18,24.62,24.64,24.05,24.24,1013029888,0.004142502071250886
2020-08-19,24.32,24.42,24.02,24.12,658833856,-0.004950495049504844
2020-08-20,23.7,24.24,23.54,24.12,790180800,0.0
2020-08-21,23.91,24.24,23.81,24.08,567954688,-0.0016583747927032544
2020-08-24,24.25,24.83,24.23,24.48,813099520,0.01661129568106312
2020-08-25,24.64,24.7,24.12,24.3,773751168,-0.007352941176470562
2020-08-26,24.3,24.36,23.51,23.79,725205824,-0.020987654320987703
2020-08-27,23.89,24.5,23.8,24.18,849616192,0.016393442622950838
2020-08-28,24.3,24.56,24.15,24.43,1363315456,0.01033912324234909
2020-08-31,24.17,24.29,23.55,23.55,1064068224,-0.036021285304952855
2020-09-01,23.87,24.34,23.73,24.34,1350196096,0.033545647558386404
2020-09-02,24.35,24.45,23.9,24.29,601183296,-0.0020542317173377622
2020-09-03,24.2,25.5,24.16,24.88,2026643456,0.024289831206257606
2020-09-04,25.16,25.29,24.55,24.96,1032494784,0.003215434083601254
2020-09-08,24.56,24.77,24.27,24.4,712499200,-0.022435897435897578
2020-09-09,24.6,24.81,24.16,24.43,721732800,0.0012295081967212962
2020-09-10,24.4,24.66,23.9,23.91,868380096,-0.021285304952926687
2020-09-11,23.95,24.07,23.43,23.63,552147968,-0.011710581346716875
2020-09-14,23.79,24.22,23.32,24.05,1029413632,0.01777401608125273
2020-09-15,24.17,24.23,23.6,23.73,692776064,-0.013305613305613306
2020-09-16,23.76,24.22,23.64,23.66,606747584,-0.002949852507374673
2020-09-17,23.5,23.83,23.39,23.69,589100608,0.001267962806424494
2020-09-18,23.5,23.62,23.03,23.1,893657664,-0.024905023216547084
2020-09-21,22.75,23.02,22.45,22.9,832397952,-0.008658008658008809
2020-09-22,22.85,23.31,22.76,23.1,624173696,0.008733624454148492
2020-09-23,22.92,23.13,22.47,22.48,556289536,-0.026839826839826886
2020-09-24,22.5,23.34,22.42,23.03,915525888,0.024466192170818468
2020-09-25,22.81,22.98,22.62,22.91,493793344,-0.00521059487624842
2020-09-28,23.25,23.9,22.58,22.9,1349517696,-0.0004364906154518122
2020-09-29,22.9,22.91,22.3,22.4,607498240,-0.02183406113537123
2020-09-30,22.58,22.69,22.37,22.5,499195488,0.0044642857142858094
2020-10-01,22.55,22.6,22.18,22.52,453963232,0.000888888888888939
2020-10-02,22.36,23.32,22.34,22.59,799366656,0.003108348134991168
2020-10-05,22.72,23.01,22.34,22.83,515663008,0.010624169986719778
2020-10-06,23.09,23.38,22.71,22.87,484507168,0.001752080595707417
2020-10-07,22.93,23.0,22.57,22.7,515764832,-0.007433318758198637
2020-10-08,22.72,24.28,22.6,24.07,1491067776,0.06035242290748899
2020-10-09,23.9,24.61,23.59,24.0,1175692672,-0.00290818446198593
2020-10-13,23.98,24.13,23.62,23.77,732832512,-0.009583333333333388
2020-10-14,23.89,23.97,23.66,23.7,517420224,-0.002944888514934796
2020-10-15,23.46,23.73,23.26,23.49,509714752,-0.008860759493670933
2020-10-16,23.41,23.45,23.09,23.11,491217888,-0.016177096636866728
2020-10-19,23.25,23.95,22.94,23.36,897068288,0.01081782778018181
2020-10-20,23.52,24.4,23.5,24.29,1102757632,0.03981164383561642
2020-10-21,24.26,24.94,24.07,24.51,935260288,0.009057225195553853
2020-10-22,24.57,25.92,24.55,25.77,1682113152,0.05140758873928997
2020-10-23,25.9,26.3,25.41,25.44,1298384768,-0.012805587892898651
2020-10-26,25.3,25.86,25.16,25.62,819011776,0.007075471698113178
2020-10-27,26.1,26.17,24.69,24.89,1176840960,-0.02849336455893836
2020-10-28,24.25,24.42,23.73,23.78,921160640,-0.044596223382884714
2020-10-29,23.58,24.04,23.04,23.9,1007313664,0.005046257359125228
2020-10-30,23.65,23.93,23.23,23.48,916836416,-0.01757322175732212
2020-11-03,23.9,24.32,23.71,24.04,899280832,0.023850085178875657
2020-11-04,25.5,25.74,24.87,25.0,2450923008,0.03993344425956735
2020-11-05,25.51,25.94,25.41,25.59,1133351552,0.023600000000000065
2020-11-06,25.35,25.82,25.26,25.56,813668864,-0.0011723329425556983
2020-11-09,26.74,28.02,26.74,27.63,2744393216,0.08098591549295775
2020-11-10,27.65,29.15,27.65,28.88,2438245120,0.045240680419833534
2020-11-11,28.76,29.0,28.21,28.64,1761623936,-0.008310249307479145
2020-11-12,28.42,28.85,27.59,27.94,1294742144,-0.0244413407821229
2020-11-13,28.17,28.6,27.99,28.47,1045104576,0.018969219756621136
2020-11-16,29.02,29.59,28.9,29.47,1585848320,0.03512469265893925
2020-11-17,29.37,29.61,28.9,29.49,1189091840,0.000678656260604038
2020-11-18,29.43,29.57,28.71,28.77,1199002112,-0.024415055951169884
2020-11-19,28.9,29.4,28.67,28.81,770736640,0.0013903371567605127
2020-11-20,28.72,28.98,28.39,28.55,522486816,-0.009024644220756661
2020-11-23,28.85,29.21,28.73,28.9,798698176,0.012259194395796813
2020-11-24,29.1,30.18,29.1,29.71,1419874816,0.02802768166089975
2020-11-25,29.62,29.79,28.93,29.36,1240976000,-0.011780545270952625
2020-11-26,29.29,29.34,28.62,28.74,882773248,-0.021117166212534122
2020-11-27,29.05,29.79,28.9,28.96,1297227136,0.0076548364648574285
2020-11-30,28.97,29.2,28.56,28.56,1719504768,-0.013812154696132617
2020-12-01,29.05,30.47,28.94,29.75,1531877504,0.04166666666666674
2020-12-02,29.92,30.24,29.44,29.98,959799168,0.007731092436974896
2020-12-03,30.14,30.88,29.9,29.96,1211227520,-0.0006671114076050033
2020-12-04,30.22,30.41,29.65,30.26,1059436160,0.010013351134846582
2020-12-07,30.25,31.06,30.03,30.44,939928832,0.00594844679444817
2020-12-08,30.44,31.13,30.19,30.36,851994496,-0.0026281208935611255
2020-12-09,30.39,30.74,30.29,30.54,964672576,0.005928853754940677
2020-12-10,30.76,31.72,30.76,31.55,1582483072,0.03307138179436819
2020-12-11,31.17,31.48,30.81,31.3,750795200,-0.007923930269413626
2020-12-14,31.47,31.63,30.88,30.88,834944384,-0.013418530351437807
2020-12-15,30.97,31.4,30.93,31.16,781331392,0.0090673575129534
2020-12-16,31.24,32.18,31.02,31.75,1303408128,0.018934531450577552
2020-12-17,31.89,32.15,31.57,31.71,568298240,-0.0012598425196850283
2020-12-18,31.72,32.12,31.51,31.66,1007452992,-0.0015767896562598471
2020-12-21,31.05,31.5,30.91,31.1,812262912,-0.017687934301958252
2020-12-22,31.17,31.65,31.15,31.25,616913152,0.004823151125401992
2020-12-23,31.32,32.05,31.27,31.94,635655680,0.0220800000000001
2020-12-28,32.22,32.43,32.01,32.17,497334016,0.00720100187852224
2020-12-29,32.27,32.39,31.93,32.1,525464768,-0.0021759403170655833
2020-12-30,32.2,32.33,31.63,31.63,816211712,-0.014641744548286706
2021-01-04,31.98,31.99,30.84,30.9,974494912,-0.023079355042680993
2021-01-05,30.73,31.06,30.17,30.7,864870528,-0.006472491909385036
2021-01-06,30.98,32.06,30.79,31.55,1365655168,0.027687296416938123
2021-01-07,31.65,33.06,31.5,32.83,1502078464,0.04057052297939778
2021-01-08,32.93,33.44,32.43,32.82,1721606656,-0.0003045994517208994
2021-01-11,32.47,32.7,31.72,32.08,1016568320,-0.022547227300426576
2021-01-12,32.18,32.45,32.02,32.18,1066563328,0.0031172069825435855
2021-01-13,32.18,32.53,31.26,31.65,1354697984,-0.01646985705407089
2021-01-14,32.02,32.94,31.67,32.59,916664768,0.029699842022117062
2021-01-15,32.05,32.39,31.35,31.36,1193353344,-0.037741638539429356
2021-01-18,31.66,31.93,31.14,31.2,595983552,-0.005102040816326481
2021-01-19,31.49,31.61,30.55,30.83,839294144,-0.011858974358974428
2021-01-20,31.05,31.1,30.11,30.32,879715968,-0.01654232890042162
2021-01-21,30.32,30.46,29.65,29.91,1036740480,-0.013522427440633256
2021-01-22,29.25,29.47,28.98,29.27,1075171584,-0.021397525911066584
2021-01-26,28.99,29.85,28.14,28.25,1466091392,-0.03484796720191319
2021-01-27,28.11,28.99,27.86,28.23,1218420224,-0.000707964601769917
2021-01-28,28.29,29.63,28.23,29.39,1519177472,0.04109103790294011
2021-01-29,29.22,29.55,28.29,28.34,1328965632,-0.03572643756379723
2021-02-01,29.0,29.42,28.74,29.08,1346895360,0.026111503175723305
2021-02-02,29.08,29.3,28.0,28.46,2869109504,-0.021320495185694566
2021-02-03,28.76,28.9,28.21,28.32,1180928000,-0.004919184820801115
2021-02-04,28.53,28.56,27.88,28.2,1849474432,-0.004237288135593209
2021-02-05,28.31,28.45,27.89,28.08,1102579584,-0.004255319148936176
2021-02-08,28.0,28.2,27.51,27.56,804551040,-0.01851851851851849
2021-02-09,27.49,28.41,27.23,27.89,1055550848,0.011973875181422455
2021-02-10,27.9,28.19,27.38,27.69,793231808,-0.007171029042667643
2021-02-11,27.99,28.13,27.5,27.69,622376128,0.0
2021-02-12,27.53,28.1,27.4,27.76,692136640,0.002527988443481455
2021-02-17,27.8,28.28,27.64,28.11,689522944,0.012608069164265157
2021-02-18,27.92,28.5,27.81,27.91,1388490880,-0.007114905727499066
2021-02-19,27.89,28.2,27.34,27.62,748265920,-0.010390541024722255
2021-02-22,26.55,26.61,25.53,25.61,2244029696,-0.07277335264301232
2021-02-23,25.91,27.43,25.85,27.25,2055633536,0.06403748535728226
2021-02-24,27.43,27.52,26.61,26.85,957225664,-0.014678899082568808
2021-02-25,26.9,27.06,25.98,26.08,1085651840,-0.028677839851024345
2021-02-26,26.2,26.39,25.51,25.55,1245925760,-0.020322085889570407
2021-03-01,25.9,25.97,24.77,24.77,1143921024,-0.03052837573385525
2021-03-02,24.33,26.32,23.92,25.77,1685914240,0.04037141703673797
2021-03-03,25.77,26.29,24.82,25.83,1570970624,0.002328288707799775
2021-03-04,26.02,27.1,25.93,26.64,1756928512,0.03135888501742179
2021-03-05,26.73,27.82,26.52,27.63,2127396480,0.03716216216216206
2021-03-08,26.9,27.98,26.56,26.75,1560635520,-0.03184943901556281
2021-03-09,26.62,27.56,26.35,27.12,1013981376,0.013831775700934523
2021-03-10,27.11,27.49,26.61,27.32,1015027328,0.007374631268436627
2021-03-11,27.6,27.88,26.98,27.36,945487360,0.0014641288433381305
2021-03-12,27.15,27.51,27.06,27.18,669372544,-0.006578947368421018
2021-03-15,27.15,27.59,26.98,27.5,767337664,0.011773362766740236
2021-03-16,27.51,27.54,26.61,26.94,586753344,-0.02036363636363636
2021-03-17,26.86,28.05,26.77,27.99,987184128,0.03897550111358572
2021-03-18,27.93,28.72,27.84,28.15,1292919424,0.005716327259735587
2021-03-19,28.24,28.58,27.75,28.21,1324610048,0.002131438721136858
2021-03-22,27.99,28.38,27.5,28.37,996617088,0.0056717476072314366
2021-03-23,28.0,28.52,27.64,27.65,885748224,-0.025378921395840748
2021-03-24,27.64,27.8,27.17,27.17,1098104576,-0.017359855334538765
2021-03-25,27.0,27.68,26.87,27.65,1416357632,0.01766654398233336
2021-03-26,27.52,28.11,27.49,28.07,910615808,0.0151898734177216
2021-03-29,28.12,28.21,27.6,28.06,636955584,-0.00035625222657642563
2021-03-30,27.84,28.55,27.83,28.52,667436992,0.016393442622950838
2021-03-31,28.31,28.48,27.68,27.97,821775104,-0.019284712482468436
2021-04-01,28.13,28.13,27.1,27.1,864323776,-0.031104755094744307
2021-04-05,27.36,27.59,27.12,27.45,653693952,0.012915129151291449
2021-04-06,27.5,27.63,26.95,27.13,627452096,-0.011657559198542833
2021-04-07,27.02,27.35,26.65,26.89,839525184,-0.008846295613711752
2021-04-08,27.01,27.1,26.67,26.68,710394752,-0.007809594644849427
2021-04-09,26.53,26.99,26.5,26.64,547048576,-0.0014992503748125774
2021-04-12,26.8,27.3,26.77,27.3,669831104,0.024774774774774855
2021-04-13,27.17,27.44,26.88,27.29,729957376,-0.000366300366300476
2021-04-14,27.36,28.09,27.05,27.64,1122959488,0.012825210699890066
2021-04-15,27.66,28.08,27.39,27.64,827012864,0.0
2021-04-16,27.49,28.1,27.49,27.95,561231360,0.01121562952243127
2021-04-19,27.88,27.96,27.45,27.53,744970112,-0.015026833631484715
2021-04-20,27.41,27.78,27.27,27.39,540808448,-0.005085361423901258
2021-04-22,27.53,27.72,27.23,27.4,660392320,0.00036509675063878255
2021-04-23,27.45,27.9,27.4,27.53,472084416,0.004744525547445422
2021-04-26,27.67,27.85,27.28,27.51,561591232,-0.0007264802034144813
2021-04-27,27.47,27.75,27.02,27.09,807842624,-0.01526717557251911
2021-04-28,27.52,28.3,27.44,28.21,1042523712,0.04134366925064614
2021-04-29,28.18,28.35,27.27,27.32,919561152,-0.03154909606522516
2021-04-30,27.18,27.59,26.95,27.53,1159916544,0.007686676427525629
2021-05-03,27.7,28.19,27.58,27.9,1151923200,0.013439883763167293
2021-05-04,28.1,28.35,26.65,26.71,2127476224,-0.04265232974910382
2021-05-05,26.9,27.65,26.52,27.47,1365366912,0.02845376263571686
2021-05-06,27.36,27.62,27.09,27.3,647933888,-0.006188569348379969
2021-05-07,27.41,27.7,27.24,27.63,730826112,0.012087912087912045
2021-05-10,27.67,28.24,27.52,28.04,802340096,0.0148389431777054
2021-05-11,27.74,28.16,27.72,27.98,705458944,-0.002139800285306692
2021-05-12,27.7,27.8,27.38,27.57,633128064,-0.014653323802716223
2021-05-13,27.61,28.57,27.57,28.37,1204943872,0.02901704751541523
2021-05-14,28.66,29.18,28.34,29.0,1282983424,0.022206556221360474
2021-05-17,28.87,29.03,28.37,28.98,1065462976,-0.0006896551724138167
2021-05-18,28.8,29.25,28.68,28.92,761413632,-0.0020703933747411307
2021-05-19,28.53,29.24,28.2,29.13,764165824,0.007261410788381717
2021-05-20,29.19,29.72,29.06,29.29,943207936,0.005492619292825296
2021-05-21,29.33,29.48,28.94,29.43,808558016,0.004779788323659995
2021-05-24,29.52,29.6,29.2,29.35,734605888,-0.0027183146449201168
2021-05-25,29.32,29.38,28.78,29.0,971699456,-0.011925042589437829
2021-05-26,29.08,29.57,29.08,29.4,616570304,0.01379310344827589
2021-05-27,29.4,29.5,28.87,29.15,1739327360,-0.008503401360544172
2021-05-28,29.06,29.74,29.0,29.63,779549568,0.016466552315608896
2021-05-31,29.67,29.93,29.39,29.54,456209248,-0.0030374620317246137
2021-06-01,29.84,30.6,29.8,30.6,1304631808,0.035883547731889065
2021-06-02,30.65,31.79,30.63,31.62,1774000384,0.033333333333333215
2021-06-04,31.57,32.38,31.44,32.28,1178550400,0.020872865275142427
2021-06-07,32.28,33.18,31.87,33.04,1947053312,0.023543990086740907
2021-06-08,32.82,33.15,32.26,32.81,2361965056,-0.006961259079903082
2021-06-09,32.67,34.19,32.42,33.26,2998712832,0.013715330691862038
2021-06-10,33.6,33.88,32.92,33.09,1662791808,-0.005111244738424392
2021-06-11,33.04,33.15,32.36,32.75,754536256,-0.01027500755515276
2021-06-14,32.94,33.06,32.36,32.64,771632128,-0.0033587786259541286
2021-06-15,32.76,32.83,32.29,32.64,572489216,0.0
2021-06-16,32.68,33.61,32.45,33.29,2219355136,0.019914215686274384
2021-06-17,33.66,34.34,32.86,32.9,1654787456,-0.011715229798738402
2021-06-18,32.75,32.97,32.08,32.3,1325703552,-0.01823708206686936
2021-06-21,32.22,32.74,32.06,32.45,882937728,0.004643962848297489
2021-06-22,32.23,32.46,31.81,32.03,1298728960,-0.012942989214175693
2021-06-23,32.05,32.62,31.65,31.8,915914880,-0.007180768029971918
2021-06-24,32.17,32.2,31.48,31.81,755966720,0.00031446540880497587
2021-06-25,31.98,32.13,30.61,30.8,1207439232,-0.03175102169129196
2021-06-28,30.84,30.9,30.05,30.45,1090354560,-0.011363636363636465
2021-06-29,30.26,30.44,29.83,30.15,914988608,-0.009852216748768461
2021-06-30,30.0,30.27,29.77,29.8,668531776,-0.011608623548922004
2021-07-01,29.79,29.98,29.32,29.69,597954688,-0.003691275167785224
2021-07-02,29.88,30.1,29.57,30.01,751048384,0.010778039744021584
2021-07-05,29.72,29.86,29.55,29.6,358604768,-0.013662112629123646
2021-07-06,29.48,29.73,29.23,29.27,709989824,-0.011148648648648729
2021-07-07,29.58,29.94,29.15,29.68,1158237568,0.014007516228220052
2021-07-08,29.15,29.67,28.96,29.29,1428046720,-0.013140161725067379
2021-07-12,29.4,30.0,29.32,29.69,796253440,0.013656538067599922
2021-07-13,29.5,30.03,29.16,29.87,930729984,0.006062647356012141
2021-07-14,30.2,30.85,29.82,29.91,1284884864,0.0013391362571142373
2021-07-15,29.86,30.07,29.38,29.55,667047744,-0.012036108324974926
2021-07-16,29.77,29.79,29.02,29.07,533886240,-0.01624365482233503
2021-07-19,28.7,29.09,28.61,28.9,993724800,-0.005847953216374324
2021-07-20,28.77,29.47,28.62,29.28,765976768,0.01314878892733562
2021-07-21,29.26,29.66,29.23,29.4,394305440,0.004098360655737654
2021-07-22,29.42,29.52,28.95,29.1,500743904,-0.010204081632652962
2021-07-23,29.21,29.33,28.8,29.02,485827424,-0.0027491408934708916
2021-07-26,29.08,29.74,29.08,29.53,712765952,0.017574086836664504
2021-07-27,29.5,30.02,29.33,29.82,1083462784,0.009820521503555613
2021-07-28,30.15,31.22,30.1,30.79,2140652416,0.032528504359490285
2021-07-29,30.88,30.98,30.3,30.63,708033216,-0.00519649236765185
2021-07-30,30.4,31.09,30.06,30.3,1289983360,-0.010773751224289807
2021-08-02,30.8,31.51,30.47,30.47,1153048576,0.0056105610561054675
2021-08-03,31.4,31.43,30.16,30.77,1688408448,0.009845749917952062
2021-08-04,30.58,30.73,29.83,29.91,1519948288,-0.027949301267468307
2021-08-05,30.2,30.57,29.7,30.0,1484732928,0.0030090270812437314
2021-08-06,30.12,31.04,29.95,30.84,1019366208,0.028000000000000025
2021-08-09,30.77,31.43,30.77,31.2,1054532224,0.011673151750972721
2021-08-10,31.16,31.17,30.57,30.61,973258688,-0.018910256410256454
2021-08-11,30.4,31.29,30.14,30.95,1072696000,0.01110748121528915
2021-08-12,30.84,31.09,30.37,30.37,836493504,-0.018739903069466823
2021-08-13,30.42,30.94,30.12,30.78,922540736,0.01350016463615411
2021-08-16,30.66,31.16,30.27,30.34,1087801856,-0.014294996751137101
2021-08-17,30.31,30.58,29.74,30.23,1162532864,-0.003625576796308483
2021-08-18,30.12,31.12,30.01,30.29,1444457216,0.001984783327819928
2021-08-19,29.9,30.83,29.65,29.9,1191097344,-0.012875536480686733
2021-08-20,29.6,29.93,29.2,29.79,1025221312,-0.0036789297658862408
2021-08-23,29.86,30.23,29.78,30.11,644692160,0.010741859684457955
2021-08-24,30.25,31.01,30.24,30.95,925648960,0.027897708402524035
2021-08-25,30.75,31.05,30.52,30.99,537640000,0.0012924071082389688
2021-08-26,30.9,30.94,30.17,30.24,1067645824,-0.024201355275895398
2021-08-27,30.42,30.86,30.1,30.76,678444672,0.01719576719576721
2021-08-30,30.69,30.8,30.34,30.54,572792576,-0.007152145643693153
2021-08-31,30.63,31.27,30.53,30.94,1343236608,0.013097576948264633
2021-09-01,31.06,31.63,31.0,31.06,893583104,0.003878474466709747
2021-09-02,30.89,30.9,29.78,29.94,978569600,-0.03605924018029616
2021-09-03,30.13,30.16,29.27,29.77,1460348160,-0.0056780227120909466
2021-09-06,29.67,30.27,29.62,30.15,817358336,0.012764528048370805
2021-09-08,30.04,30.1,28.57,28.72,1389965696,-0.0474295190713101
2021-09-09,28.96,29.51,28.36,29.1,1595668224,0.013231197771587766
2021-09-10,29.5,29.66,28.59,28.81,1038469888,-0.00996563573883169
2021-09-13,29.33,29.42,28.95,29.17,902995712,0.01249566122874013
2021-09-14,29.1,29.36,28.9,28.99,703140096,-0.006170723345903406
2021-09-15,29.05,29.07,28.52,28.52,752288320,-0.016212487064504955
2021-09-16,28.32,28.66,28.16,28.5,1315444864,-0.0007012622720897754
2021-09-17,28.47,28.5,27.82,27.82,1216351616,-0.023859649122807025
2021-09-20,27.3,27.63,26.86,27.19,1186794624,-0.022645578720345005
2021-09-21,27.32,27.55,27.07,27.12,908344384,-0.0025744759102611647
2021-09-22,27.33,27.99,27.3,27.75,1074737024,0.023230088495575174
2021-09-23,27.93,28.95,27.81,28.71,1433165184,0.034594594594594685
2021-09-24,28.5,28.68,28.27,28.31,1176034688,-0.013932427725531271
2021-09-27,28.43,29.33,28.03,29.05,1671406464,0.02613917343694805
2021-09-28,28.92,29.61,28.37,28.39,1766381056,-0.02271944922547331
2021-09-29,28.65,28.97,28.39,28.9,1509658496,0.017964071856287456
2021-09-30,29.09,29.23,28.7,28.93,1204442496,0.0010380622837371511
2021-10-01,29.12,29.87,28.94,29.67,1255126912,0.025578983753888673
2021-10-04,24.75,24.81,23.84,24.34,1424140800,-0.1796427367711494
2021-10-05,24.6,25.38,24.34,24.93,1224297728,0.02423993426458515
2021-10-06,24.55,25.13,24.36,25.01,967284608,0.003208985158443811
2021-10-07,25.13,25.25,24.4,24.48,948959360,-0.021191523390643785
2021-10-08,24.66,25.35,24.63,24.66,1209295872,0.007352941176470562
2021-10-11,24.58,24.81,24.22,24.23,1035084672,-0.01743714517437145
2021-10-13,24.3,24.45,23.78,24.26,1016113984,0.0012381345439538283
2021-10-14,24.43,24.61,23.84,24.14,883437056,-0.004946413849958864
2021-10-15,24.22,24.87,24.08,24.76,1286229376,0.025683512841756517
2021-10-18,24.58,25.05,24.37,24.93,710312256,0.006865912762520132
2021-10-19,24.7,24.79,24.17,24.34,1024726016,-0.023666265543521803
2021-10-20,24.55,25.05,24.31,24.9,923148736,0.02300739523418227
2021-10-21,24.38,25.15,24.12,24.48,1738600320,-0.016867469879518038
2021-10-22,24.12,24.27,22.91,23.54,2185370368,-0.0383986928104576
2021-10-25,23.67,24.3,23.67,24.0,951589952,0.01954120645709434
2021-10-26,23.69,23.99,23.48,23.74,681991680,-0.010833333333333361
2021-10-27,23.88,24.44,23.78,23.92,708794176,0.007582139848357317
2021-10-28,23.67,23.98,23.38,23.87,867547328,-0.002090301003344508
2021-10-29,23.94,24.14,23.3,23.31,829018432,-0.02346041055718484
2021-11-01,23.71,24.37,23.65,24.22,849912512,0.039039039039038936
2021-11-03,24.01,24.87,24.01,24.45,1508387456,0.009496284062758154
2021-11-04,24.48,24.73,23.02,23.16,1679821952,-0.052760736196318936
2021-11-05,23.5,23.55,22.54,22.88,2546041856,-0.012089810017271163
2021-11-08,22.8,23.18,22.63,22.76,758363648,-0.005244755244755095
2021-11-09,22.86,23.19,22.38,22.53,984089152,-0.010105448154657304
2021-11-10,22.53,23.53,22.42,23.1,1109814656,0.025299600532623145
2021-11-11,23.43,23.47,22.82,23.05,913989056,-0.0021645021645021467
2021-11-12,23.03,23.4,22.76,23.0,845767424,-0.002169197396963196
2021-11-16,23.08,23.41,22.56,22.76,565215104,-0.01043478260869557
2021-11-17,22.93,23.18,22.66,22.85,683021888,0.003954305799648505
2021-11-18,22.81,22.97,22.19,22.47,748589184,-0.016630196936542774
2021-11-19,22.4,22.48,22.09,22.28,641400064,-0.008455718736092521
2021-11-22,22.01,22.48,21.88,22.07,619098304,-0.009425493716337607
2021-11-23,22.25,22.44,21.91,22.44,858545600,0.016764839148164956
2021-11-24,22.21,23.17,22.14,23.04,1053667136,0.026737967914438387
2021-11-25,23.1,23.49,23.05,23.25,414463072,0.009114583333333481
2021-11-26,22.76,22.96,22.48,22.81,733783360,-0.018924731182795806
2021-11-29,23.07,23.19,22.6,22.66,768929280,-0.006576063130205978
2021-11-30,22.68,22.75,22.05,22.38,1364729984,-0.012356575463371655
2021-12-01,22.56,22.92,22.2,22.22,536789568,-0.007149240393208189
2021-12-02,22.44,23.16,22.34,23.06,718994944,0.03780378037803778
2021-12-03,22.97,23.6,22.82,22.98,822698880,-0.003469210754553309
2021-12-06,23.1,23.77,23.0,23.25,872182144,0.011749347258485532
2021-12-07,23.62,23.64,22.8,22.96,706855808,-0.012473118279569873
2021-12-08,23.09,23.14,22.45,22.74,860905984,-0.009581881533101133
2021-12-09,22.78,22.79,21.95,22.13,620844032,-0.026824978012313094
2021-12-10,22.28,22.43,21.87,22.16,456945824,0.0013556258472662286
2021-12-13,22.2,22.42,21.57,21.57,1060034240,-0.02662454873646214
2021-12-14,21.76,22.16,21.68,21.78,687790784,0.009735744089012455
2021-12-15,21.91,21.97,21.38,21.71,686875264,-0.003213957759412356
2021-12-16,21.9,21.96,21.57,21.93,548530560,0.01013357899585432
2021-12-17,21.63,21.85,21.32,21.45,752174912,-0.02188782489740082
2021-12-20,21.48,21.49,20.91,21.12,471556928,-0.01538461538461533
2021-12-21,21.19,21.31,21.03,21.15,527170656,0.0014204545454543638
2021-12-22,21.23,21.31,20.97,21.23,382766464,0.00378250591016549
2021-12-23,21.33,21.57,21.17,21.34,479149664,0.005181347150259086
2021-12-27,21.48,21.7,21.31,21.56,302568896,0.010309278350515427
2021-12-28,21.63,21.7,21.4,21.48,329049792,-0.0037105751391465214
2021-12-29,21.53,21.58,21.23,21.3,274566016,-0.008379888268156388
2021-12-30,21.44,21.44,20.95,20.95,842176512,-0.016431924882629123
2022-01-03,21.17,21.81,21.09,21.51,705674560,0.026730310262530033
2022-01-04,21.62,22.18,21.43,22.12,964325888,0.028358902835890154
2022-01-05,22.09,22.22,21.53,21.7,691701888,-0.018987341772152
2022-01-06,21.64,22.24,21.52,22.14,790280320,0.02027649769585249
2022-01-07,22.09,22.65,21.88,22.63,958965568,0.02213188798554655
2022-01-10,22.57,22.88,22.31,22.84,944073920,0.009279717189571324
2022-01-11,22.79,23.35,22.7,23.35,1288926080,0.02232924693520144
2022-01-12,23.26,23.5,22.93,23.25,965786240,-0.004282655246252709
2022-01-13,23.09,23.82,23.05,23.68,1024971136,0.018494623655914033
2022-01-14,23.57,23.85,23.41,23.5,705515264,-0.007601351351351315
2022-01-17,23.46,23.75,23.15,23.5,412553856,0.0
2022-01-18,23.39,23.96,23.27,23.64,1032774272,0.005957446808510625
2022-01-19,23.82,24.08,23.4,23.48,729917888,-0.006768189509306244
2022-01-20,23.54,23.67,23.18,23.29,605913856,-0.008091993185689983
2022-01-21,23.18,23.65,23.12,23.3,878426176,0.0004293688278231844
2022-01-24,23.35,23.55,22.87,23.27,917049792,-0.0012875536480687622
2022-01-25,23.06,24.15,23.0,24.11,934548672,0.03609798023205846
2022-01-26,24.33,24.5,23.81,24.37,1350822528,0.010783907092492884
2022-01-27,24.49,24.92,24.2,24.46,1018178176,0.0036930652441526934
2022-01-28,24.16,24.81,24.13,24.79,725014592,0.013491414554374526
2022-01-31,24.67,25.51,24.52,25.33,1112183552,0.021782977006857607
2022-02-01,25.29,25.69,25.18,25.49,733693312,0.006316620607974777
2022-02-02,25.47,25.51,24.92,25.09,866680832,-0.015692428403295322
2022-02-03,25.2,25.53,24.71,25.38,1052783104,0.011558389796731738
2022-02-04,25.24,25.76,25.2,25.46,883360000,0.0031520882584712417
2022-02-07,25.45,25.55,25.23,25.32,585633920,-0.005498821681068411
2022-02-08,25.28,25.72,25.03,25.6,950507520,0.011058451816745807
2022-02-09,24.95,25.41,24.57,24.58,2212931584,-0.03984375000000007
2022-02-10,24.55,25.31,24.46,25.05,1509108224,0.019121236777868367
2022-02-11,26.35,27.0,26.17,26.53,4279020032,0.059081836327345316
2022-02-14,26.6,26.69,26.27,26.47,1006588224,-0.0022615906520920825
2022-02-15,26.8,26.9,26.5,26.72,786509248,0.009444654325651669
2022-02-16,26.78,26.87,26.38,26.44,1041644032,-0.010479041916167553
2022-02-17,26.4,26.48,25.96,26.07,882997312,-0.013993948562783687
2022-02-18,26.22,26.55,26.06,26.17,692616384,0.003835826620636862
2022-02-21,26.23,26.28,25.23,25.53,576732224,-0.0244554833779137
2022-02-22,25.75,26.14,25.49,25.75,779841536,0.008617312965139012
2022-02-23,25.77,26.08,25.33,25.39,577328768,-0.013980582524271812
2022-02-24,24.75,25.13,24.34,24.96,1089508224,-0.016935801496652192
2022-02-25,24.87,25.5,24.81,25.47,985102400,0.02043269230769229
2022-03-02,25.17,25.41,24.91,25.03,815620864,-0.01727522575579099
2022-03-03,25.04,25.85,24.7,25.05,1126654976,0.0007990411506193507
2022-03-04,25.07,25.13,24.28,24.67,744245632,-0.015169660678642671
2022-03-07,24.27,24.45,24.02,24.14,1280104704,-0.021483583299554132
2022-03-08,24.23,24.46,23.79,23.91,1046743168,-0.00952775476387735
2022-03-09,24.21,25.31,24.16,25.1,1288276224,0.04976997072354661
2022-03-10,24.74,25.12,24.48,25.12,736608448,0.0007968127490038945
2022-03-11,25.23,25.59,24.78,24.84,1077124480,-0.011146496815286677
2022-03-14,25.02,25.54,25.01,25.19,806953472,0.014090177133655457
2022-03-15,25.11,25.44,24.7,25.1,921282880,-0.0035728463676062416
2022-03-16,25.35,25.66,25.14,25.59,1024895936,0.019521912350597637
2022-03-17,25.64,26.19,25.46,26.15,1111236608,0.02188354826103933
2022-03-18,26.09,26.6,26.07,26.34,1692655360,0.00726577437858511
2022-03-21,26.44,27.09,26.36,26.99,961586880,0.024677296886864042
2022-03-22,27.2,27.53,27.1,27.36,1006456320,0.013708781030011163
2022-03-23,27.39,27.64,27.17,27.24,736946432,-0.004385964912280715
2022-03-24,27.33,27.73,27.23,27.42,1301965440,0.006607929515418665
2022-03-25,27.52,27.52,27.13,27.47,875409856,0.0018234865061996786
2022-03-28,27.54,27.71,27.12,27.45,587034432,-0.0007280669821623231
2022-03-29,27.71,28.08,27.39,27.77,826396416,0.011657559198542833
2022-03-30,27.84,27.96,27.52,27.83,912092096,0.002160604969391411
2022-03-31,27.88,28.0,27.29,27.48,1127706752,-0.012576356449874204
2022-04-01,27.7,27.88,27.33,27.54,1104228736,0.0021834061135370675
2022-04-04,27.45,27.51,27.02,27.29,684115264,-0.009077705156136484
2022-04-05,27.23,27.27,26.62,26.74,985102272,-0.02015390252839866
2022-04-06,26.57,26.91,26.46,26.73,894650304,-0.0003739715781599928
2022-04-07,26.51,26.76,26.41,26.71,626657408,-0.0007482229704451893
2022-04-08,26.56,26.9,26.41,26.66,695795840,-0.0018719580681393344
2022-04-11,26.6,26.73,26.44,26.56,722498624,-0.0037509377344336903
2022-04-12,26.8,26.9,26.01,26.09,779872192,-0.017695783132530063
2022-04-13,26.28,26.54,25.97,26.16,886672512,0.00268302031429668
2022-04-14,26.07,26.47,26.01,26.33,615857984,0.006498470948012258
2022-04-18,26.24,26.56,26.21,26.48,555045504,0.005696923661222986
2022-04-19,26.52,26.61,25.75,26.01,896733760,-0.017749244712990886
2022-04-20,26.02,26.25,25.86,26.18,654614592,0.006535947712418277
2022-04-22,25.9,26.02,25.46,25.67,787469056,-0.01948051948051943
2022-04-25,25.5,25.65,25.09,25.57,946350528,-0.0038955979742890667
2022-04-26,25.26,25.5,24.65,24.7,1045919808,-0.03402424716464614
2022-04-27,24.99,25.1,24.4,24.5,599081216,-0.0080971659919028
2022-04-28,24.51,24.59,24.06,24.3,880112320,-0.008163265306122436
2022-04-29,24.46,24.95,23.87,23.87,1083752704,-0.017695473251028826
2022-05-02,23.87,24.08,23.44,23.75,930015360,-0.0050272308336825056
2022-05-03,23.8,24.16,23.68,23.87,626805952,0.00505263157894742
2022-05-04,23.76,23.84,23.4,23.84,1118714368,-0.0012568077084206264
2022-05-05,23.59,23.59,22.9,23.29,931921408,-0.02307046979865779
2022-05-06,23.28,24.22,23.27,23.79,1435010432,0.021468441391155002
2022-05-09,23.74,23.9,23.01,23.45,1312227968,-0.01429171920975203
2022-05-10,23.59,23.74,23.17,23.33,830614848,-0.0051172707889126645
2022-05-11,23.38,24.22,23.37,24.11,1350640768,0.03343334762108885
2022-05-12,23.93,24.67,23.93,24.49,1331856000,0.0157610949813356
2022-05-13,24.69,24.92,24.5,24.78,648297088,0.011841567986933477
2022-05-16,24.85,25.31,24.62,25.04,684765312,0.010492332526230719
2022-05-17,25.36,25.62,25.21,25.26,691622016,0.008785942492012921
2022-05-18,25.18,25.37,24.84,24.9,949439488,-0.014251781472684244
2022-05-19,24.92,25.13,24.69,24.82,561899904,-0.003212851405622441
2022-05-20,25.09,25.23,24.85,25.13,944625216,0.012489927477840501
2022-05-23,25.29,26.0,25.28,25.78,992490496,0.02586549940310401
2022-05-24,25.68,26.3,25.55,26.17,1018126208,0.015128006206361455
2022-05-25,26.05,26.13,25.66,25.7,744804032,-0.017959495605655462
2022-05-26,25.73,26.17,25.72,26.02,914262144,0.012451361867704236
2022-05-27,26.06,26.42,25.87,26.16,635606592,0.005380476556495095
2022-05-30,26.27,26.44,25.92,25.92,465256384,-0.00917431192660545
2022-05-31,26.2,26.4,26.02,26.16,1733088384,0.0092592592592593
2022-06-01,26.29,26.32,25.78,25.78,733879680,-0.014525993883792054
2022-06-02,26.02,26.08,25.49,25.89,462068032,0.004266873545383909
2022-06-03,25.75,25.96,25.58,25.65,513640160,-0.009269988412514585
2022-06-06,25.85,25.98,25.56,25.56,339592128,-0.0035087719298245723
2022-06-07,25.47,25.69,25.37,25.56,536557152,0.0
2022-06-08,25.45,25.58,24.93,25.07,734317632,-0.019170579029733847
2022-06-09,25.06,25.12,24.52,24.64,946543040,-0.01715197447147987
2022-06-10,24.54,24.54,23.86,24.1,851108992,-0.021915584415584388
2022-06-13,24.0,24.13,23.43,23.81,794739328,-0.012033195020746956
2022-06-14,23.82,23.94,23.46,23.65,469645952,-0.006719865602688002
2022-06-15,23.92,24.15,23.61,23.75,1013943552,0.0042283298097252064
2022-06-17,23.34,23.58,22.92,23.45,1060520256,-0.012631578947368438
2022-06-20,23.58,24.51,23.58,24.47,1079003392,0.04349680170575687
2022-06-21,24.56,24.65,24.09,24.21,802144000,-0.010625255414793533
2022-06-22,24.27,24.32,23.82,24.03,885285952,-0.0074349442379182396
2022-06-23,24.06,24.13,23.36,23.48,635464256,-0.022888056595921746
2022-06-24,23.69,23.73,23.3,23.44,623294848,-0.0017035775127768327
2022-06-27,23.53,23.67,23.43,23.58,545069696,0.0059726962457336
2022-06-28,23.73,23.84,23.02,23.32,809627712,-0.011026293469041493
2022-06-29,23.47,23.68,23.0,23.08,710857728,-0.010291595197255643
2022-06-30,22.82,22.88,22.53,22.67,826378368,-0.017764298093587372
2022-07-01,22.32,22.97,22.24,22.85,787483520,0.007940008822232114
2022-07-04,22.67,22.8,22.51,22.63,196924944,-0.009628008752735284
2022-07-05,22.5,22.79,22.21,22.79,644291584,0.007070260715863919
2022-07-06,22.61,22.87,22.35,22.58,633626240,-0.009214567792891648
2022-07-07,22.79,23.05,22.72,22.9,921661248,0.01417183348095663
2022-07-08,23.23,23.26,22.78,22.91,506599744,0.0004366812227074579
2022-07-11,22.59,22.71,22.33,22.54,370551264,-0.016150152771715498
2022-07-12,22.53,22.71,22.11,22.49,441590560,-0.002218278615794156
2022-07-13,22.38,22.74,22.29,22.4,761656640,-0.0040017785682525675
2022-07-14,22.22,22.3,21.64,22.15,1061298368,-0.011160714285714302
2022-07-15,22.2,22.7,22.02,22.55,696451648,0.01805869074492117
2022-07-18,22.68,23.0,22.48,22.85,470244576,0.01330376940133049
2022-07-19,22.83,23.77,22.83,23.62,813420864,0.03369803063457333
2022-07-20,23.5,23.66,23.24,23.32,692576320,-0.012701100762066098
2022-07-21,23.28,23.63,22.95,23.51,505453184,0.00814751286449411
2022-07-22,23.6,23.7,23.09,23.26,525676608,-0.01063377286261169
2022-07-25,23.4,23.76,23.19,23.6,758076544,0.014617368873602654
2022-07-26,23.63,23.9,23.32,23.47,510382656,-0.005508474576271349
2022-07-27,23.62,23.8,23.4,23.55,562280704,0.003408606731998276
2022-07-28,23.55,23.73,23.29,23.7,554542976,0.006369426751592355
2022-07-29,23.74,23.98,23.47,23.62,700868992,-0.0033755274261603185
2022-08-01,23.85,23.85,23.24,23.47,586147968,-0.00635055038103316
2022-08-02,23.63,23.84,23.38,23.72,506760224,0.010651896037494613
2022-08-03,23.7,23.94,23.54,23.89,477052544,0.007166947723440176
2022-08-04,24.05,24.57,23.97,24.47,819908992,0.024277940560904154
2022-08-05,24.49,25.13,24.23,24.93,1396017280,0.018798528810788806
2022-08-08,25.08,25.29,24.78,25.24,1020688192,0.012434817488969019
2022-08-09,26.04,26.28,25.29,25.9,2668240640,0.0261489698890649
2022-08-10,26.16,26.5,25.9,26.38,1274727424,0.01853281853281863
2022-08-11,26.63,26.78,26.33,26.42,1073407808,0.0015163002274451998
2022-08-12,26.59,26.79,26.37,26.74,1012004224,0.012112036336108911
2022-08-15,26.34,27.11,26.34,26.97,975049920,0.0086013462976815
2022-08-16,26.94,27.35,26.63,27.24,696671744,0.010011123470522687
2022-08-17,27.08,27.48,27.0,27.35,687900352,0.004038179148311505
2022-08-18,27.38,27.52,27.11,27.27,888644096,-0.002925045703839224
2022-08-19,26.8,26.9,26.37,26.64,608598784,-0.02310231023102305
2022-08-22,26.4,26.44,26.08,26.34,578685952,-0.011261261261261257
2022-08-23,26.35,26.55,26.28,26.41,386956352,0.0026575550493546096
2022-08-24,26.35,26.65,26.35,26.52,535730592,0.004165088981446408
2022-08-25,26.61,26.87,26.53,26.85,737842496,0.012443438914027327
2022-08-26,26.9,27.14,26.56,26.69,668946624,-0.005959031657355673
2022-08-29,26.54,26.78,26.32,26.6,498407328,-0.0033720494567253123
2022-08-30,26.71,26.9,26.39,26.48,809946496,-0.004511278195488799
2022-08-31,26.66,26.66,25.81,25.81,1297469440,-0.02530211480362543
2022-09-01,26.06,26.21,25.54,26.19,1254918272,0.014722975590856446
2022-09-02,26.35,26.76,26.33,26.55,1239545216,0.013745704467353903
2022-09-05,26.64,27.23,26.6,26.98,665589760,0.016195856873822967
2022-09-06,26.7,27.02,26.55,26.73,1421361280,-0.009266123054114117
2022-09-08,26.9,27.0,26.49,26.54,758662976,-0.007108118219229409
2022-09-09,26.7,27.04,26.62,26.75,655319232,0.007912584777694187
2022-09-12,27.0,27.32,26.87,27.07,725392320,0.011962616822429828
2022-09-13,26.88,27.17,26.7,26.8,874227136,-0.009974141115626112
2022-09-14,26.74,26.89,26.47,26.7,772066496,-0.003731343283582156
2022-09-15,26.63,27.11,26.61,26.77,588636416,0.0026217228464420206
2022-09-16,26.6,26.87,26.46,26.68,1168036608,-0.0033619723571162163
2022-09-19,26.61,27.8,26.58,27.68,1117061760,0.03748125937031488
2022-09-20,27.82,28.66,27.77,28.6,1785732480,0.033236994219653315
2022-09-21,28.6,28.68,28.18,28.3,1363951744,-0.010489510489510523
2022-09-22,28.59,29.0,28.31,28.87,1249735936,0.020141342756183844
2022-09-23,28.4,28.55,27.98,28.3,966587392,-0.019743678559057898
2022-09-26,28.13,28.18,27.61,27.79,849483584,-0.018021201413427668
2022-09-27,27.98,27.99,27.39,27.53,1069275904,-0.009355883411299004
2022-09-28,27.58,28.0,27.31,27.52,1160397440,-0.00036324010170729615
2022-09-29,27.46,28.11,27.36,27.93,1440478464,0.014898255813953432
2022-09-30,27.81,28.14,27.71,28.06,946046592,0.0046544933762977525
2022-10-03,28.79,29.78,28.5,29.75,2086539520,0.060228082679971484
2022-10-04,29.97,30.21,29.4,29.8,1297583104,0.001680672268907557
2022-10-05,29.87,30.08,29.66,29.8,902639296,0.0
2022-10-06,29.9,29.94,29.14,29.26,1437867776,-0.018120805369127524
2022-10-07,29.2,29.32,28.65,29.32,1619337856,0.002050580997949414
2022-10-10,29.48,29.54,28.79,29.01,1401730432,-0.010572987721691685
2022-10-11,28.9,29.15,28.72,28.81,929660224,-0.006894174422612975
2022-10-13,28.5,28.97,28.35,28.64,1056574272,-0.005900728913571629
2022-10-14,28.75,29.17,28.46,28.65,1154456448,0.00034916201117307644
2022-10-17,28.94,29.1,28.7,28.88,588587072,0.008027923211169297
2022-10-18,29.3,29.59,29.05,29.59,1352917504,0.024584487534626165
2022-10-19,29.56,29.76,29.31,29.6,837499456,0.00033795201081443516
2022-10-20,29.8,30.25,29.62,30.06,2054867200,0.015540540540540437
2022-10-21,29.93,31.28,29.82,31.06,1495443328,0.03326679973386559
2022-10-24,30.81,30.89,29.44,29.65,1513710208,-0.04539600772698005
2022-10-25,29.65,29.77,29.41,29.41,768001984,-0.008094435075885253
2022-10-26,29.0,29.33,28.68,28.78,1406630272,-0.02142128527711662
2022-10-27,29.11,29.63,28.91,29.31,1154636672,0.018415566365531433
2022-10-28,29.21,29.65,29.1,29.54,837036736,0.007847151142954534
2022-10-31,29.0,30.57,28.95,30.4,2521903360,0.029113067027758843
2022-11-01,31.0,31.29,30.08,30.46,1271454464,0.0019736842105264607
2022-11-03,30.0,30.34,29.49,30.24,976206912,-0.007222586999343528
2022-11-04,30.69,30.93,30.25,30.35,951614912,0.0036375661375662727
2022-11-07,30.07,30.32,29.4,29.66,1379369600,-0.022734761120263625
2022-11-08,29.45,29.66,29.2,29.57,823045376,-0.0030343897505057393
2022-11-09,28.66,29.07,27.85,28.15,3701163008,-0.04802164355765981
2022-11-10,27.36,27.95,26.96,27.62,2391237376,-0.01882770870337469
2022-11-11,28.0,28.2,26.61,26.73,2653905920,-0.03222302679217959
2022-11-14,27.05,27.3,26.4,26.65,1391813632,-0.002992891881780868
2022-11-16,26.65,26.69,26.01,26.27,1175281920,-0.014258911819887365
2022-11-17,25.9,26.44,25.8,26.43,1791521024,0.0060905976398935024
2022-11-18,26.69,27.15,26.39,26.64,1320034304,0.007945516458569779
2022-11-21,27.0,27.14,26.36,26.72,1036707584,0.0030030030030030463
2022-11-22,26.8,26.95,26.09,26.28,1496468224,-0.01646706586826341
2022-11-23,26.09,26.22,25.85,26.01,1278279296,-0.010273972602739656
2022-11-24,26.2,27.14,26.11,26.94,730390400,0.035755478662053086
2022-11-25,26.78,26.82,25.89,25.99,1065889408,-0.03526354862657766
2022-11-28,26.1,26.21,25.49,25.52,1040007552,-0.01808387841477488
2022-11-29,25.54,26.11,24.92,25.74,1751637248,0.008620689655172376
2022-11-30,25.8,26.04,25.43,26.0,1364278656,0.010101010101010166
2022-12-01,25.61,26.1,25.59,25.98,1147740672,-0.0007692307692307443
2022-12-02,26.07,26.65,25.58,26.33,1466922880,0.013471901462663416
2022-12-05,26.14,26.14,25.44,25.56,849576448,-0.029244208127611082
2022-12-06,25.72,26.15,25.56,26.15,1220214144,0.02308294209702666
2022-12-07,26.22,26.33,25.89,25.96,580088192,-0.007265774378584999
2022-12-08,25.8,25.85,24.9,25.05,1554320512,-0.03505392912172578
2022-12-09,24.68,24.82,24.26,24.33,485295040,-0.028742514970059974
2022-12-12,24.32,24.5,23.69,24.1,2152151296,-0.009453349773941522
2022-12-13,24.25,24.34,23.12,23.19,1321386624,-0.03775933609958504
2022-12-14,22.91,23.57,22.62,23.29,1568108288,0.004312203536006809
2022-12-15,23.04,23.92,22.85,23.42,1161474304,0.005581794761700509
2022-12-16,23.52,23.85,23.39,23.68,1356326912,0.01110162254483349
2022-12-19,23.79,24.48,23.65,24.39,1172069760,0.029983108108108114
2022-12-20,24.39,25.19,24.29,24.65,976857536,0.010660106601065866
2022-12-21,24.74,25.0,24.43,24.75,1533033344,0.0040567951318459805
2022-12-22,24.79,25.1,24.47,24.8,553015616,0.002020202020202033
2022-12-23,25.03,25.52,24.87,25.19,639428608,0.015725806451613034
2022-12-26,24.95,25.18,24.55,24.69,389028288,-0.019849146486701108
2022-12-27,24.66,24.73,24.27,24.55,420744960,-0.005670311867152722
2022-12-28,24.75,25.2,24.52,25.05,565948800,0.020366598778004175
2022-12-29,25.24,25.48,24.96,25.0,622315136,-0.001996007984031989
2023-01-02,24.43,24.53,24.04,24.49,566420800,-0.020400000000000085
2023-01-03,24.49,24.65,23.83,23.98,718986688,-0.020824826459779455
2023-01-04,24.06,24.52,23.88,24.05,719284864,0.0029190992493743906
2023-01-05,24.1,24.91,24.02,24.8,894775424,0.031185031185031242
2023-01-06,24.93,25.31,24.8,25.23,942922624,0.01733870967741935
2023-01-09,25.0,25.66,24.89,25.41,650885952,0.007134363852556502
2023-01-10,25.13,26.0,24.92,25.9,808291840,0.01928374655647369
2023-01-11,25.88,26.48,25.76,26.35,895859456,0.01737451737451745
2023-01-12,25.5,26.31,25.4,25.98,1325175040,-0.014041745730550281
2023-01-13,25.61,25.89,25.14,25.85,533384864,-0.005003849114703529
2023-01-16,25.75,25.85,25.29,25.57,624012288,-0.010831721470019429
2023-01-17,25.66,26.15,25.49,26.1,837364928,0.020727414939382127
2023-01-18,26.37,26.64,26.2,26.57,1051789120,0.018007662835249016
2023-01-19,26.23,26.66,26.04,26.57,934827456,0.0
2023-01-20,26.66,26.68,26.03,26.1,877522304,-0.017689123071132795
2023-01-23,26.04,26.17,25.2,25.3,1173041280,-0.03065134099616862
2023-01-24,25.49,26.03,25.34,25.53,775434496,0.009090909090909038
2023-01-25,25.53,25.75,25.02,25.62,980328448,0.003525264394829586
2023-01-26,25.65,25.74,25.24,25.47,760620288,-0.005854800936768267
2023-01-27,25.41,25.46,24.82,24.93,758286464,-0.021201413427561766
2023-01-30,24.99,25.06,24.53,24.94,871508672,0.00040112314480555966
2023-01-31,25.11,25.59,25.09,25.33,738595584,0.015637530072173167
2023-02-01,25.19,25.5,24.78,24.98,703310784,-0.013817607579944657
2023-02-02,24.8,25.97,24.7,25.21,1173007872,0.009207365892714092
2023-02-03,24.9,25.36,24.83,25.12,922066432,-0.0035700119000396935
2023-02-06,25.24,25.24,24.72,25.13,702365504,0.00039808917197436955
2023-02-07,25.2,25.28,24.26,24.55,749628928,-0.023079984082769567
2023-02-08,25.45,26.61,25.32,26.58,2766217472,0.08268839103869641
2023-02-09,26.65,26.87,25.79,25.92,939841792,-0.02483069977426622
2023-02-10,25.72,25.98,25.51,25.8,1342017536,-0.00462962962962965
2023-02-13,25.78,26.83,25.78,26.71,1166640000,0.03527131782945747
2023-02-14,26.75,26.88,26.31,26.38,928579456,-0.012354923249719318
2023-02-15,26.28,27.07,26.12,26.77,988447552,0.014783927217589143
2023-02-16,26.59,27.09,26.42,26.97,823103936,0.007471049682480357
2023-02-17,26.96,27.15,26.7,26.88,501941984,-0.0033370411568409697
2023-02-22,26.3,26.51,26.26,26.38,483870464,-0.018601190476190466
2023-02-23,26.41,27.06,26.36,26.48,1014815808,0.0037907505686125553
2023-02-24,26.25,26.31,25.55,25.67,806065664,-0.030589123867069468
2023-02-27,25.79,25.8,25.28,25.34,451712128,-0.012855473315153909
2023-02-28,25.4,25.83,25.18,25.43,661549824,0.003551696921862746
2023-03-01,25.32,25.35,24.39,25.0,1086372608,-0.016909162406606337
2023-03-02,24.9,25.2,24.04,24.18,1130878336,-0.03280000000000005
2023-03-03,24.34,24.59,24.09,24.21,622669824,0.001240694789081953
2023-03-06,24.44,25.04,24.11,24.76,766552064,0.022717885171416707
2023-03-07,24.85,24.88,24.3,24.83,693031360,0.0028271405492727997
2023-03-08,24.99,25.33,24.76,25.14,886903168,0.012484897301651365
2023-03-09,25.0,25.08,24.61,24.66,1046570368,-0.019093078758949944
2023-03-10,24.55,24.61,23.89,24.07,793934464,-0.023925385239253805
2023-03-13,23.77,24.07,23.47,23.78,807453504,-0.012048192771084265
2023-03-14,23.56,23.95,23.47,23.7,915057664,-0.003364171572750263
2023-03-15,23.37,23.76,23.02,23.64,1184049280,-0.0025316455696201556
2023-03-16,23.66,24.15,23.52,24.03,949044992,0.016497461928933976
2023-03-17,23.9,23.92,23.3,23.34,1412957952,-0.02871410736579283
2023-03-20,23.4,23.86,23.18,23.4,763296576,0.0025706940874035134
2023-03-21,23.5,24.15,23.5,23.88,922248320,0.02051282051282044
2023-03-22,23.95,24.25,23.68,23.74,871540416,-0.005862646566164198
2023-03-23,23.75,24.25,22.89,23.15,1230710016,-0.024852569502948563
2023-03-24,23.16,23.42,22.74,23.22,694583872,0.0030237580993519586
2023-03-27,23.5,23.78,23.38,23.62,928367808,0.017226528854435985
2023-03-28,23.64,23.92,23.5,23.73,670476224,0.004657070279424191
2023-03-29,23.75,24.08,23.58,23.96,540698368,0.009692372524231052
2023-03-30,24.32,24.8,24.22,24.62,933730048,0.027545909849749695
2023-03-31,24.74,25.09,24.49,24.74,1435401344,0.004874086108854536
2023-04-03,24.68,24.7,23.81,24.03,809676544,-0.028698464025868953
2023-04-04,24.14,24.71,24.12,24.51,559480960,0.019975031210986316
2023-04-05,24.57,24.81,24.18,24.49,769614912,-0.000815993472052301
2023-04-06,24.56,24.67,24.23,24.41,530138592,-0.0032666394446712044
2023-04-10,24.64,24.75,24.51,24.67,347498144,0.010651372388365443
2023-04-11,25.2,25.62,25.01,25.47,1225780608,0.032428050263477726
2023-04-12,25.64,26.02,25.37,25.64,1076140032,0.0066745190420103295
2023-04-13,25.76,25.91,25.45,25.64,920766848,0.0
2023-04-14,25.55,26.13,25.44,26.01,889230848,0.014430577223089047
2023-04-17,26.05,26.24,25.72,25.96,552256768,-0.0019223375624759509
2023-04-18,26.01,26.24,25.68,25.94,622130048,-0.0007704160246533309
2023-04-19,25.75,25.85,25.49,25.53,701934400,-0.01580570547417115
2023-04-20,25.39,25.68,25.21,25.6,555436608,0.0027418723070897766
2023-04-24,25.59,25.78,25.18,25.37,640986880,-0.008984375000000044
2023-04-25,25.2,25.72,25.2,25.6,583610240,0.009065825778478587
2023-04-26,25.53,25.66,25.3,25.34,431465184,-0.010156250000000089
2023-04-27,25.33,25.8,25.33,25.79,535833984,0.017758484609313285
2023-04-28,25.93,25.93,25.51,25.92,526882912,0.0050407134548275945
2023-05-02,25.73,25.97,24.86,24.9,1093820544,-0.03935185185185197
2023-05-03,24.95,25.13,24.68,24.86,581665280,-0.0016064257028112205
2023-05-04,24.99,25.28,24.52,25.06,990214720,0.008045052292839916
2023-05-05,25.35,25.99,25.02,25.99,1112749696,0.03711093375897834
2023-05-08,26.45,26.57,25.81,26.35,1384112384,0.013851481338976734
2023-05-09,26.28,26.79,26.23,26.51,1012071488,0.006072106261859611
2023-05-10,26.46,27.04,26.29,26.9,826344960,0.014711429649188812
2023-05-11,26.76,27.34,26.61,27.16,854219584,0.009665427509293778
2023-05-12,26.81,27.05,26.67,26.91,476878528,-0.009204712812960203
2023-05-15,26.95,27.1,26.71,27.01,481093056,0.00371609067261236
2023-05-16,27.03,27.32,26.83,26.92,712194880,-0.0033320992225102097
2023-05-17,27.1,27.42,26.95,27.19,647985344,0.010029717682020767
2023-05-18,27.1,27.14,26.76,27.09,637235264,-0.0036778227289445686
2023-05-19,26.91,27.0,26.57,26.87,1295627264,-0.008121077888519679
2023-05-22,26.87,27.14,26.3,26.36,697078208,-0.01898027540007452
2023-05-23,26.49,26.97,26.26,26.57,738782848,0.007966616084977174
2023-05-24,26.4,26.7,26.25,26.42,758711872,-0.005645464809935996
2023-05-25,26.87,27.36,26.68,27.25,1233908224,0.03141559424678264
2023-05-26,27.4,27.76,26.79,27.04,808969856,-0.007706422018348702
2023-05-29,26.96,27.05,26.7,26.92,266564176,-0.004437869822485063
2023-05-30,27.08,27.19,26.21,26.54,1143012736,-0.01411589895988119
2023-05-31,26.49,26.56,26.2,26.33,883498304,-0.007912584777694076
2023-06-01,26.47,26.91,26.31,26.7,678070272,0.014052411697683231
2023-06-02,27.0,27.22,26.86,27.09,678599680,0.014606741573033766
2023-06-05,27.15,27.28,26.83,27.15,664113216,0.00221483942414169
2023-06-06,27.33,27.45,27.15,27.34,711827776,0.006998158379373898
2023-06-07,27.5,27.62,27.18,27.42,765674432,0.002926115581565636
2023-06-09,27.57,27.8,27.33,27.8,809220544,0.013858497447118756
2023-06-12,27.93,28.04,27.42,27.5,815911104,-0.010791366906474864
2023-06-13,27.64,27.9,27.54,27.81,920884928,0.011272727272727323
2023-06-14,27.97,28.22,27.77,28.19,1396375808,0.013664149586479768
2023-06-15,28.1,28.6,28.08,28.56,759293632,0.013125221709826107
2023-06-16,28.49,28.84,28.25,28.65,1189771392,0.0031512605042016695
2023-06-19,28.58,29.1,28.54,29.04,470221664,0.013612565445026092
2023-06-20,28.81,28.81,28.36,28.76,708233664,-0.009641873278236845
2023-06-21,28.74,29.17,28.69,29.04,763048640,0.009735744089012455
2023-06-22,28.87,29.0,28.56,28.76,684586688,-0.009641873278236845
2023-06-23,28.85,28.85,28.48,28.67,469525632,-0.0031293463143254874
2023-06-26,28.63,28.94,28.43,28.63,388413184,-0.0013951866062086316
2023-06-27,28.78,28.83,27.98,28.31,727654464,-0.01117708697170805
2023-06-28,28.3,28.37,28.0,28.15,524624096,-0.00565171317555635
2023-06-29,28.23,28.55,28.21,28.49,1752053632,0.012078152753108418
2023-06-30,28.77,28.92,28.35,28.42,792055296,-0.002457002457002311
2023-07-03,28.54,29.01,28.36,28.96,505987232,0.0190007037297677
2023-07-04,28.87,29.02,28.73,28.78,234888160,-0.006215469613259694
2023-07-05,28.72,29.2,28.66,29.03,511178976,0.008686587908269594
2023-07-06,28.83,28.91,28.6,28.6,811019648,-0.014812263176024798
2023-07-07,28.77,29.46,28.65,29.14,810698048,0.018881118881118875
2023-07-10,29.37,29.37,28.85,28.95,380198400,-0.006520247083047437
2023-07-11,28.81,28.86,28.1,28.44,794817600,-0.01761658031088076
2023-07-12,28.5,28.65,28.2,28.27,520919200,-0.005977496483825617
2023-07-13,28.22,28.79,28.16,28.58,625657472,0.010965688008489627
2023-07-14,28.65,28.79,28.16,28.28,698067008,-0.01049685094471653
2023-07-17,28.23,28.83,28.16,28.83,454296384,0.01944837340876937
2023-07-18,28.83,28.94,28.17,28.27,1110312960,-0.019424210891432536
2023-07-19,28.27,28.41,27.89,27.97,1099342848,-0.010611956137247969
2023-07-20,28.11,28.49,27.7,28.49,1063260416,0.018591347872720654
2023-07-21,28.5,29.0,28.43,29.0,918922176,0.017901017901017946
2023-07-24,29.0,29.25,28.34,28.54,938006144,-0.01586206896551723
2023-07-25,28.95,28.95,28.32,28.6,992221632,0.0021023125437982237
2023-07-26,28.59,28.8,28.33,28.76,957788736,0.005594405594405494
2023-07-27,28.72,28.72,28.09,28.12,545789824,-0.022253129346314293
2023-07-28,28.19,28.58,28.06,28.54,461145184,0.014935988620199181
2023-07-31,28.79,28.88,28.49,28.64,436105792,0.0035038542396637062
2023-08-01,28.33,28.73,28.28,28.71,422922528,0.002444134078212201
2023-08-02,28.69,28.75,28.31,28.62,523096672,-0.0031347962382445305
2023-08-03,28.84,29.13,28.28,28.4,623562112,-0.007686932215234199
2023-08-04,28.33,28.54,27.7,27.88,1241571456,-0.018309859154929553
2023-08-07,27.93,28.28,27.62,27.66,917296128,-0.00789096126255373
2023-08-08,27.36,28.01,27.11,27.6,1219077760,-0.002169197396963085
2023-08-09,27.5,27.6,26.92,27.5,953604800,-0.0036231884057971175
2023-08-10,27.65,27.94,27.52,27.59,847483520,0.003272727272727316
2023-08-11,27.63,27.8,27.46,27.64,536664672,0.0018122508155129502
2023-08-14,27.48,27.62,27.17,27.24,685164992,-0.01447178002894367
2023-08-15,27.3,27.36,26.87,27.09,668503680,-0.005506607929515406
2023-08-16,27.05,27.52,26.99,27.07,918333120,-0.0007382798080471931
2023-08-17,27.32,27.34,26.74,26.75,1020783104,-0.011821204285186515
2023-08-18,26.7,27.18,26.54,26.96,555822400,0.00785046728971972
2023-08-21,26.86,27.08,26.72,26.85,878722688,-0.004080118694361978
2023-08-22,27.0,27.35,26.93,27.27,576631680,0.01564245810055853
2023-08-23,27.27,27.72,27.11,27.61,663255552,0.01246791345801257
2023-08-24,27.6,27.6,27.14,27.29,509296384,-0.011590003621876122
2023-08-25,27.25,27.3,26.67,26.86,599335552,-0.015756687431293548
2023-08-28,26.88,27.99,26.72,27.77,937903616,0.033879374534623974
2023-08-29,28.0,28.59,27.89,28.21,1001255744,0.015844436442203902
2023-08-30,28.31,28.35,27.58,27.67,487526688,-0.01914214817440618
2023-08-31,27.55,27.64,27.18,27.43,1010476672,-0.008673653776653523
2023-09-01,27.46,27.92,27.33,27.65,813485504,0.00802041560335387
2023-09-04,27.53,27.71,27.32,27.4,265521488,-0.009041591320072317
2023-09-05,27.4,27.47,26.95,26.99,560550976,-0.014963503649635057
2023-09-06,27.06,27.17,26.6,26.73,512449312,-0.00963319748054825
2023-09-08,26.65,27.11,26.53,26.77,609260928,0.0014964459408903785
2023-09-11,27.0,27.49,26.89,27.45,750755008,0.025401568920433215
2023-09-12,27.48,27.7,27.32,27.61,453255008,0.005828779599271305
2023-09-13,27.66,28.04,27.49,27.75,642849600,0.005070626584570803
2023-09-14,27.8,27.97,27.47,27.64,832565696,-0.0039639639639639235
2023-09-15,27.92,28.0,27.44,27.58,990141824,-0.0021707670043416005
2023-09-18,27.65,27.8,27.36,27.51,394297728,-0.002538071065989689
2023-09-19,27.3,27.42,27.06,27.16,513817536,-0.012722646310432628
2023-09-20,27.27,27.84,27.23,27.62,678033152,0.016936671575846773
2023-09-21,27.3,27.4,26.96,26.99,605568000,-0.022809558291093546
2023-09-22,27.12,27.22,26.89,26.92,441061568,-0.002593553167839824
2023-09-25,26.94,27.19,26.93,27.0,381914080,0.002971768202080227
2023-09-26,26.97,27.0,26.58,26.6,646774912,-0.014814814814814725
2023-09-27,26.81,26.92,26.36,26.55,611031040,-0.00187969924812037
2023-09-28,26.53,27.38,26.45,27.25,775009920,0.026365348399246757
2023-09-29,27.5,27.57,27.02,27.21,478070464,-0.0014678899082568586
2023-10-02,27.14,27.19,26.76,26.94,338775136,-0.009922822491730932
2023-10-03,26.83,26.93,26.55,26.6,568005824,-0.012620638455827726
2023-10-04,26.7,27.33,26.62,27.21,642323712,0.022932330827067693
2023-10-05,27.16,27.83,27.07,27.64,788037632,0.015803013597941895
2023-10-06,27.39,28.29,27.23,27.9,1218330112,0.009406657018813158
2023-10-09,27.65,27.75,27.4,27.66,400976640,-0.008602150537634357
2023-10-10,27.72,28.05,27.49,27.63,679797952,-0.0010845986984816536
2023-10-11,27.7,28.02,27.58,27.98,439915328,0.01266739051755339
2023-10-13,27.94,28.09,27.59,27.69,617381312,-0.010364546104360217
2023-10-16,27.88,27.9,27.57,27.73,316440544,0.0014445648248464504
2023-10-17,27.6,27.65,27.2,27.32,733978368,-0.014785430941218869
2023-10-18,27.07,27.29,26.61,26.75,1503378688,-0.02086383601756958
2023-10-19,26.68,27.4,26.58,27.06,626787072,0.011588785046728889
2023-10-20,26.92,27.23,26.74,26.96,638028864,-0.003695491500369519
2023-10-23,26.9,27.31,26.82,26.99,434318368,0.001112759643916883
2023-10-24,27.25,27.38,26.82,26.99,428345472,0.0
2023-10-25,27.05,27.83,26.97,27.04,694621248,0.0018525379770284456
2023-10-26,27.2,27.82,27.09,27.71,791383744,0.024778106508875908
2023-10-27,27.84,27.9,27.19,27.3,831192384,-0.014796102490075791
2023-10-30,27.49,27.49,26.99,27.08,409521536,-0.008058608058608141
2023-10-31,27.08,27.18,26.66,26.82,680132160,-0.009601181683899451
2023-11-01,26.9,27.34,26.86,27.18,703664000,0.01342281879194629
2023-11-03,27.75,28.11,27.55,27.93,982833152,0.02759381898454749
2023-11-06,28.05,28.22,27.88,28.19,506210784,0.009308986752595727
2023-11-07,28.19,29.18,27.95,28.98,1754069760,0.028024122029088216
2023-11-08,29.06,29.23,28.78,29.11,687222144,0.00448585231193932
2023-11-09,29.12,29.43,28.78,29.24,754436672,0.004465819306080254
2023-11-10,29.42,29.87,29.27,29.59,726532544,0.01196990424076616
2023-11-13,29.48,29.52,29.17,29.39,440939712,-0.006759040216289258
2023-11-14,29.49,30.07,29.43,29.83,1245615488,0.01497107859816249
2023-11-16,30.0,30.56,29.77,30.31,1245271680,0.016091183372443973
2023-11-17,30.29,30.59,30.12,30.45,748326784,0.004618937644341736
2023-11-20,30.48,30.83,30.25,30.75,716656832,0.009852216748768461
2023-11-21,30.63,30.85,30.51,30.7,508757344,-0.001626016260162677
2023-11-22,30.9,31.23,30.77,30.89,1208078976,0.006188925081433316
2023-11-23,30.89,31.13,30.58,30.85,705666304,-0.001294917449012556
2023-11-24,30.73,30.89,30.4,30.68,626720704,-0.005510534846029258
2023-11-27,30.83,30.96,30.51,30.6,553897472,-0.0026075619295957697
2023-11-28,30.59,31.05,30.48,30.9,637228224,0.009803921568627416
2023-11-29,31.2,31.38,30.84,31.11,702953600,0.006796116504854455
2023-11-30,31.3,31.66,31.23,31.59,1356884608,0.015429122468659573
2023-12-01,31.55,31.68,31.13,31.5,955951296,-0.002849002849002802
2023-12-04,31.32,31.75,31.31,31.54,409147872,0.0012698412698413097
2023-12-05,31.59,31.96,31.52,31.8,825344064,0.008243500317057784
2023-12-06,31.92,32.0,31.32,31.52,734478976,-0.008805031446540879
2023-12-07,31.45,31.62,31.21,31.62,632771456,0.0031725888324873885
2023-12-08,31.53,32.12,31.44,32.02,590545664,0.012650221378874171
2023-12-11,31.85,32.07,31.73,31.8,618370112,-0.006870705808869504
2023-12-12,31.88,31.94,31.39,31.64,468834304,-0.005031446540880502
2023-12-13,31.64,32.77,31.64,32.6,1519862528,0.03034134007585343
2023-12-14,32.74,33.04,32.41,32.87,1395301248,0.008282208588956896
2023-12-15,32.92,33.04,32.3,32.73,914235712,-0.004259202920596339
2023-12-18,32.83,33.03,32.67,32.89,913552320,0.00488848151542931
2023-12-19,33.02,33.35,32.83,32.91,789788352,0.0006080875646092831
2023-12-20,32.79,32.97,32.48,32.57,744667968,-0.010331206320267294
2023-12-21,32.75,32.87,32.55,32.79,712606528,0.00675468222290454
2023-12-22,32.82,33.54,32.8,33.31,1085362944,0.015858493443122956
2023-12-26,33.37,33.78,33.23,33.65,776978944,0.010207145001500884
2023-12-27,33.61,33.95,33.57,33.88,614879104,0.006835066864784745
2023-12-28,33.88,33.97,33.74,33.97,425348864,0.002656434474616276
2024-01-02,33.89,33.89,33.24,33.52,634523712,-0.01324698263173374
2024-01-03,33.51,33.77,33.15,33.15,619056704,-0.01103818615751806
2024-01-04,33.15,33.23,32.7,32.93,877073408,-0.006636500754147789
2024-01-05,32.91,33.7,32.88,33.7,928003200,0.02338293349529308
2024-01-08,33.52,33.67,33.29,33.34,394687872,-0.010682492581602365
2024-01-09,33.2,33.44,32.79,33.32,629297152,-0.0005998800239952473
2024-01-10,33.21,33.54,33.19,33.29,336135776,-0.0009003601440576992
2024-01-11,33.21,33.58,33.13,33.35,680136448,0.00180234304595972
2024-01-12,33.26,33.48,32.96,33.39,812245120,0.0011994002998501063
2024-01-15,33.37,33.57,33.18,33.45,329465696,0.0017969451931716396
2024-01-16,33.2,33.57,32.95,32.98,1177279104,-0.014050822122571138
2024-01-17,32.9,33.16,32.83,33.0,891388864,0.0006064281382656134
2024-01-18,33.2,33.2,32.74,32.86,742847936,-0.00424242424242427
2024-01-19,32.95,33.04,32.71,32.94,1046358848,0.002434570906877598
2024-01-22,32.95,33.17,31.97,32.4,1182025472,-0.016393442622950838
2024-01-23,32.58,32.62,32.17,32.55,696337600,0.004629629629629539
2024-01-24,32.71,33.07,32.31,32.4,766116928,-0.004608294930875556
2024-01-25,32.58,32.67,32.25,32.33,498353376,-0.002160493827160548
2024-01-26,32.38,32.91,32.35,32.81,473200384,0.01484689143210649
2024-01-29,32.71,32.88,32.45,32.64,286562368,-0.005181347150259086
2024-01-30,32.57,32.74,32.33,32.43,683726720,-0.006433823529411797
2024-01-31,32.48,33.33,32.47,32.78,785875712,0.010792476102374327
2024-02-01,32.78,33.06,32.24,32.69,756580416,-0.0027455765710799884
2024-02-02,32.75,32.89,32.19,32.74,727325248,0.0015295197308047292
2024-02-05,32.88,33.37,32.8,33.36,617615296,0.018937080024434838
2024-02-06,33.56,34.87,33.28,34.79,2307302400,0.042865707434052824
2024-02-07,34.5,34.87,34.1,34.54,1622599040,-0.0071859729807416395
2024-02-08,34.43,34.84,33.86,33.86,1669027968,-0.01968731905037635
2024-02-09,33.88,34.41,33.74,34.29,921279872,0.01269935026580038
2024-02-14,34.2,34.44,34.12,34.29,433054432,0.0
2024-02-15,34.38,34.63,34.14,34.58,983185280,0.008457276173811534
2024-02-16,34.68,34.79,34.28,34.54,789352640,-0.0011567379988431936
2024-02-19,34.58,34.94,34.55,34.92,983188544,0.011001737116386856
2024-02-20,34.89,35.95,34.89,35.68,1958620928,0.021764032073310347
2024-02-21,35.65,35.83,35.48,35.48,1012413952,-0.005605381165919354
2024-02-22,34.7,34.73,34.16,34.16,737860096,-0.03720405862457721
2024-02-23,34.2,34.38,33.87,34.26,775622528,0.0029274004683841337
2024-02-26,34.29,34.44,34.16,34.36,465455776,0.0029188558085231353
2024-02-27,34.62,34.85,34.4,34.78,545094016,0.01222351571594893
2024-02-28,34.7,34.89,34.46,34.8,463243136,0.0005750431282345314
2024-02-29,34.67,34.75,33.74,33.94,1442931712,-0.02471264367816095
2024-03-01,34.12,34.27,33.91,34.07,494933856,0.0038302887448438128
2024-03-04,34.08,34.2,33.81,33.81,529635296,-0.007631347226298768
2024-03-05,33.92,34.04,33.6,33.78,612557312,-0.0008873114463177068
2024-03-06,33.96,34.29,33.76,34.15,1100853632,0.010953226761397206
2024-03-07,34.05,34.34,33.5,33.79,558244416,-0.010541727672035095
2024-03-08,33.68,34.26,33.65,34.1,589972480,0.009174311926605672
2024-03-11,34.01,34.27,33.99,34.27,688313600,0.004985337243401888
2024-03-12,34.46,34.61,34.13,34.41,740865408,0.004085205719287721
2024-03-13,34.31,34.92,34.2,34.75,924851200,0.009880848590526181
2024-03-14,34.8,34.93,34.55,34.73,993279232,-0.0005755395683454401
2024-03-15,34.87,34.9,34.4,34.54,1298027904,-0.005470774546501467
2024-03-18,34.67,34.95,34.38,34.68,447124192,0.004053271569195216
2024-03-19,34.76,34.85,34.64,34.73,363527840,0.0014417531718569077
2024-03-20,34.73,35.0,34.56,34.8,605999808,0.0020155485171322596
2024-03-21,34.8,34.93,34.27,34.44,1153229824,-0.010344827586206917
2024-03-22,34.1,34.2,33.61,33.72,390053600,-0.020905923344947674
2024-03-25,33.64,33.74,33.55,33.72,410607296,0.0
2024-03-26,33.68,34.39,33.58,34.39,579299200,0.01986951364175571
2024-03-27,34.3,34.68,34.15,34.58,574745792,0.0055248618784529135
2024-03-28,34.57,34.79,34.39,34.64,575878528,0.001735106998264957
2024-04-01,34.58,34.79,33.43,33.44,1055942720,-0.03464203233256358
2024-04-02,33.45,33.56,33.14,33.48,601675904,0.0011961722488038617
2024-04-03,33.44,33.58,33.01,33.23,989904384,-0.007467144563918726
2024-04-04,33.37,33.69,32.61,32.79,1574046336,-0.013241047246464022
2024-04-05,32.8,32.99,32.53,32.73,815287040,-0.0018298261665142812
2024-04-08,32.96,33.53,32.89,33.22,565636672,0.014970974641002277
2024-04-09,33.38,33.63,33.28,33.57,594104768,0.010535821794100064
2024-04-10,33.45,33.5,32.68,32.86,885167360,-0.021149836163241065
2024-04-11,32.72,32.93,32.55,32.8,597225152,-0.0018259281801583649
2024-04-12,32.7,32.73,32.39,32.46,741074304,-0.010365853658536484
2024-04-15,32.46,32.63,31.79,31.91,1010809792,-0.016943930991990208
2024-04-16,31.71,31.87,31.38,31.67,971641216,-0.007521153243497336
2024-04-17,31.69,31.77,31.38,31.69,799124608,0.000631512472371254
2024-04-18,31.75,32.0,31.36,31.73,685856768,0.001262227832123708
2024-04-19,31.78,31.97,31.45,31.55,851534656,-0.0056728647967223544
2024-04-22,31.64,31.74,31.28,31.53,684414976,-0.0006339144215530279
2024-04-23,31.4,32.31,31.4,32.0,1497313280,0.014906438312717984
2024-04-24,32.0,32.09,31.62,31.86,770006784,-0.004375000000000018
2024-04-25,31.78,32.0,31.45,31.68,644951808,-0.005649717514124242
2024-04-26,31.82,32.35,31.72,32.21,873115776,0.01672979797979801
2024-04-29,32.25,32.3,31.71,31.96,702388352,-0.007761564731449844
2024-04-30,31.91,32.2,31.36,31.36,1450698880,-0.018773466833541974
2024-05-02,31.92,32.11,31.52,31.8,888134464,0.0140306122448981
2024-05-03,32.26,32.59,32.08,32.2,932489664,0.012578616352201255
2024-05-06,32.18,32.67,32.1,32.4,601300032,0.006211180124223503
2024-05-07,32.5,33.24,32.18,33.07,1263398016,0.020679012345679038
2024-05-08,32.83,33.37,32.62,33.28,810588416,0.006350166313879635
2024-05-09,32.89,32.96,32.26,32.28,909992896,-0.030048076923076872
2024-05-10,32.33,33.02,32.31,32.65,764313088,0.011462205700123906
2024-05-13,32.81,33.18,32.72,33.05,771944000,0.012251148545176171
2024-05-14,32.82,33.56,32.81,33.41,1010663680,0.01089258698940987
2024-05-15,33.51,33.57,33.18,33.32,695758720,-0.002693804250224363
2024-05-16,33.47,33.62,33.12,33.22,595501824,-0.0030012004801921455
2024-05-17,33.16,33.37,33.06,33.23,617096448,0.0003010234798312972
2024-05-20,33.19,33.4,33.0,33.13,519768992,-0.0030093289196507778
2024-05-21,33.17,33.28,32.83,32.96,543768832,-0.005131300935707905
2024-05-22,32.79,32.85,32.32,32.45,681126144,-0.015473300970873738
2024-05-23,32.4,32.44,32.05,32.16,617851200,-0.008936825885978661
2024-05-24,32.22,32.24,31.73,31.85,655779840,-0.009639303482586903
2024-05-27,31.85,31.87,31.6,31.74,380340896,-0.0034536891679749493
2024-05-28,32.13,32.14,31.5,31.57,793337408,-0.00535601764335214
2024-05-29,31.36,31.53,30.95,31.35,777063808,-0.006968641114982521
2024-05-31,31.34,31.41,31.0,31.03,1064745600,-0.010207336523125998
2024-06-03,31.16,31.65,31.09,31.45,712154304,0.013535288430551073
2024-06-04,31.34,31.67,31.17,31.56,696246080,0.0034976152623211743
2024-06-05,31.45,31.64,31.33,31.5,703472448,-0.0019011406844106071
2024-06-06,31.51,32.0,31.46,31.9,400894464,0.012698412698412653
2024-06-07,31.58,31.8,31.33,31.45,733302336,-0.014106583072100332
2024-06-10,31.49,31.6,30.91,31.2,632328384,-0.007949125596184436
2024-06-11,31.38,31.69,31.24,31.55,467590592,0.011217948717948678
2024-06-12,31.67,31.74,31.15,31.5,1091769856,-0.0015847860538827918
2024-06-13,31.5,31.67,31.17,31.17,638793920,-0.010476190476190417
2024-06-14,31.13,31.37,30.94,31.14,479482528,-0.0009624639076034613
2024-06-17,31.41,32.0,31.29,31.9,852805056,0.02440590879897231
2024-06-18,31.84,32.23,31.72,31.88,693437696,-0.0006269592476488839
2024-06-19,31.74,32.29,31.6,32.13,465254720,0.007841907151819427
2024-06-20,32.38,32.46,31.86,31.91,651864768,-0.006847183317771677
2024-06-21,31.88,32.18,31.64,31.88,1650844928,-0.0009401441554371948
2024-06-24,31.99,32.86,31.98,32.34,1053330944,0.014429109159347586
2024-06-25,32.33,32.68,32.24,32.44,778935936,0.0030921459492885273
2024-06-26,32.23,32.38,31.81,32.38,758817344,-0.0018495684340319452
2024-06-27,32.45,32.61,32.28,32.44,487045888,0.0018529956763433386
2024-06-28,32.48,32.54,32.05,32.41,934738304,-0.0009247842170160281
2024-07-01,32.38,32.66,32.17,32.24,501542400,-0.005245294662141187
2024-07-02,32.28,32.66,32.23,32.66,988301760,0.013027295285359619
2024-07-03,32.86,33.29,32.76,32.86,833324096,0.006123698714023407
2024-07-04,33.17,33.24,32.9,32.91,330639648,0.0015216068167984709
2024-07-05,33.0,33.08,32.61,32.93,541486592,0.0006077180188392983
2024-07-08,32.83,33.0,32.6,32.87,569009792,-0.001822046765867058
2024-07-09,32.74,33.1,32.55,33.1,552403648,0.006997261940979715
2024-07-10,33.18,33.48,33.1,33.45,1145266688,0.010574018126888296
2024-07-11,33.45,33.66,33.38,33.65,656967680,0.005979073243647104
2024-07-12,33.65,33.69,33.32,33.46,736371328,-0.005646359583952432
2024-07-15,33.5,33.67,33.38,33.59,660651520,0.0038852361028094418
2024-07-16,33.56,33.85,33.52,33.79,655951808,0.005954153021732633
2024-07-17,33.72,34.25,33.61,34.16,553728640,0.010949985202722612
2024-07-18,34.07,34.21,33.77,34.0,530932672,-0.004683840749414414
2024-07-19,34.15,34.62,34.06,34.26,815365696,0.00764705882352934
2024-07-22,34.28,34.45,34.17,34.24,423232928,-0.0005837711617044938
2024-07-23,34.21,34.4,34.1,34.19,577765440,-0.0014602803738319459
2024-07-24,34.3,34.33,34.05,34.14,539180096,-0.00146241591108498
2024-07-25,34.07,34.21,33.84,33.99,674444416,-0.004393673110720475
2024-07-26,33.92,34.34,33.92,34.24,381926656,0.007355104442483107
2024-07-29,34.28,34.61,34.25,34.49,521050560,0.007301401869158841
2024-07-30,34.42,34.51,34.14,34.36,605074752,-0.003769208466222196
2024-07-31,34.26,34.41,33.85,33.88,857318848,-0.013969732246798539
2024-08-01,34.02,34.12,33.27,33.37,757301760,-0.01505312868949249
2024-08-02,33.49,33.54,32.79,32.95,795579456,-0.012586155229247664
2024-08-05,32.45,33.03,32.35,32.95,867257664,0.0
2024-08-06,33.01,33.94,33.01,33.68,865267456,0.022154779969650873
2024-08-07,34.05,34.18,33.07,33.77,1363732480,0.0026722090261284137
2024-08-08,33.85,34.14,33.54,33.65,662013760,-0.0035534498075215915
2024-08-09,33.8,34.56,33.75,34.56,818707392,0.02704309063893029
2024-08-12,34.67,34.82,34.47,34.61,716688768,0.0014467592592590783
2024-08-13,34.85,35.59,34.71,35.59,1393667200,0.02831551574689417
2024-08-14,35.59,36.78,35.59,36.47,1974405248,0.024726046642315147
2024-08-15,36.67,37.09,36.56,37.05,1202629504,0.015903482314230777
2024-08-16,37.24,37.49,36.64,36.74,1271074176,-0.008367071524966185
2024-08-19,36.88,37.26,36.78,36.96,822588160,0.0059880239520957446
2024-08-20,37.0,37.36,36.74,37.23,583491328,0.007305194805194759
2024-08-21,37.33,37.38,36.91,37.08,521712064,-0.0040290088638195165
2024-08-22,36.32,36.75,36.3,36.74,781729664,-0.00916936353829545
2024-08-23,36.79,37.05,36.37,36.46,796729920,-0.007621121393576513
2024-08-26,36.53,36.64,36.26,36.54,523671680,0.0021941854086668933
2024-08-27,36.53,36.71,36.33,36.58,535005504,0.0010946907498632363
2024-08-28,36.36,37.47,36.23,37.37,1180833280,0.021596500820120212
2024-08-29,37.19,37.38,36.96,36.96,825772288,-0.010971367407010879
2024-08-30,36.83,36.97,36.41,36.7,2260118528,-0.007034632034631949
2024-09-02,36.57,36.7,36.34,36.39,369426432,-0.008446866485013693
2024-09-03,36.49,36.99,36.36,36.98,578068352,0.016213245397086906
2024-09-04,37.15,37.79,37.02,37.24,758853504,0.007030827474310497
2024-09-05,37.3,37.6,37.14,37.48,432264032,0.0064446831364122215
2024-09-06,37.58,37.58,36.87,36.95,589661504,-0.01414087513340434
2024-09-09,37.02,37.45,36.97,37.31,508818624,0.009742895805141982
2024-09-10,37.05,37.38,37.02,37.31,496298112,0.0
2024-09-11,37.38,37.54,37.14,37.38,734426368,0.0018761726078799779
2024-09-12,37.21,37.28,36.7,36.97,531412864,-0.010968432316747045
2024-09-13,37.16,37.33,36.58,37.01,746853504,0.001081958344603784
2024-09-16,37.06,37.22,36.83,37.0,399702656,-0.00027019724398802403
2024-09-17,36.91,36.98,36.66,36.91,645259392,-0.0024324324324325186
2024-09-18,36.85,37.03,36.56,36.7,606816000,-0.005689515036575332
2024-09-19,36.8,36.88,36.37,36.6,871896448,-0.0027247956403270157
2024-09-20,36.32,36.48,35.91,35.93,1100247168,-0.01830601092896178
2024-09-23,35.74,35.98,35.57,35.72,547902272,-0.005844698023935502
2024-09-24,36.05,36.33,35.52,35.71,859866880,-0.00027995520716683764
2024-09-25,35.78,36.17,35.78,36.16,780940096,0.01260151218146155
2024-09-26,36.5,36.89,36.34,36.62,1378207744,0.012721238938053103
2024-09-27,36.54,36.86,36.52,36.76,1016915584,0.0038230475150191623
2024-09-30,36.6,37.0,36.11,36.11,913966016,-0.017682263329706127
2024-10-01,36.26,36.31,35.43,35.5,946462592,-0.01689282747161447
2024-10-02,35.87,36.26,35.52,35.72,742491584,0.006197183098591408
2024-10-03,35.22,35.32,34.65,34.84,1096917248,-0.024636058230682933
2024-10-04,34.69,35.14,34.63,34.91,540219968,0.0020091848450054517
2024-10-07,35.2,35.32,34.85,35.14,818349760,0.006588370094528839
2024-10-08,34.93,35.52,34.9,35.35,816569216,0.005976095617529875
2024-10-09,35.11,35.2,34.63,34.7,728462784,-0.018387553041018356
2024-10-10,34.71,34.97,34.57,34.89,712738304,0.005475504322766556
2024-10-11,34.83,34.97,34.55,34.63,588713920,-0.007451991974777861
2024-10-14,34.74,35.07,34.62,34.85,501853216,0.006352873231302292
2024-10-15,34.9,35.31,34.73,35.25,1009712256,0.011477761836441891
2024-10-16,35.25,35.27,34.85,35.04,1225353600,-0.005957446808510625
2024-10-17,34.69,35.43,34.54,35.11,687925376,0.001997716894977186
2024-10-18,35.2,35.38,35.02,35.28,548218048,0.004841925377385481
2024-10-21,35.39,35.42,35.0,35.1,523084736,-0.005102040816326481
2024-10-22,35.0,35.25,34.81,35.16,767609024,0.0017094017094014813
2024-10-23,35.01,35.4,35.0,35.38,540067264,0.006257110352673623
2024-10-24,35.38,35.83,35.29,35.7,761580352,0.009044657998869443
2024-10-25,35.7,35.78,35.22,35.3,543121536,-0.011204481792717269
2024-10-28,35.64,35.91,35.49,35.73,376414272,0.01218130311614729
2024-10-29,35.86,35.94,35.35,35.35,414947136,-0.010635320458997954
2024-10-30,35.34,35.59,35.13,35.25,375930176,-0.0028288543140028155
2024-10-31,35.25,35.61,35.02,35.02,705175232,-0.006524822695035404
2024-11-01,35.0,35.3,34.79,34.81,796291072,-0.005996573386636284
2024-11-04,35.13,35.54,34.89,35.28,722513216,0.013501867279517299
2024-11-05,35.7,36.65,35.6,36.34,1901146880,0.030045351473922954
2024-11-06,35.87,36.43,35.52,36.17,1398904960,-0.004678040726472266
2024-11-07,36.13,36.48,35.56,35.64,531725280,-0.01465302737074925
2024-11-08,35.07,35.37,34.88,35.08,813029504,-0.015712682379349086
2024-11-11,34.96,35.42,34.91,35.12,642452800,0.0011402508551880963
2024-11-12,35.15,35.28,34.66,34.7,818914112,-0.011958997722095521
2024-11-13,34.8,34.85,34.3,34.52,905283456,-0.005187319884726205
2024-11-14,34.45,34.61,34.17,34.42,1062465472,-0.0028968713789108147
2024-11-18,34.38,34.57,34.22,34.3,635474432,-0.0034863451481698116
2024-11-19,34.3,34.7,34.16,34.61,549722944,0.00903790087463574
2024-11-21,34.24,34.43,34.01,34.01,866866880,-0.017336030049118767
2024-11-22,34.4,34.4,33.94,34.11,437414976,0.0029403116730373213
2024-11-25,34.09,34.21,33.97,34.1,812993920,-0.0002931691586044449
2024-11-26,34.2,35.16,34.17,34.75,928784192,0.019061583577712593
2024-11-27,34.68,34.85,33.72,33.9,807164800,-0.024460431654676262
2024-11-28,33.77,33.83,32.63,32.68,1292776576,-0.03598820058997043
2024-11-29,32.76,32.93,32.18,32.6,1198135680,-0.00244798041615657
2024-12-02,32.39,32.65,32.0,32.12,711849152,-0.014723926380368235
2024-12-03,32.21,32.52,32.18,32.48,667465792,0.011207970112079746
2024-12-04,32.41,32.85,32.36,32.68,723969856,0.006157635467980427
2024-12-05,32.98,33.5,32.8,33.38,1085862272,0.02141982864137093
2024-12-06,33.28,33.39,32.68,32.7,703462656,-0.020371479928100622
2024-12-09,32.75,33.13,32.75,32.86,532518944,0.004892966360856121
2024-12-10,32.74,33.17,32.7,32.99,623991360,0.003956177723676291
2024-12-11,33.02,33.75,32.65,33.31,1053818368,0.009699909063352496
2024-12-12,33.0,33.18,32.37,32.48,792151872,-0.024917442209546836
2024-12-13,32.53,32.63,32.05,32.06,796454272,-0.012931034482758452
2024-12-16,32.01,32.11,31.71,31.71,1052340096,-0.01091703056768567
2024-12-17,31.8,32.18,31.6,31.88,1280611328,0.0053610848312835024
2024-12-18,31.77,31.84,30.87,30.97,1600855296,-0.028544542032622355
2024-12-19,31.19,31.54,30.91,31.14,1470989952,0.005489183080400473
2024-12-20,31.06,31.52,31.06,31.5,1664946304,0.01156069364161838
2024-12-23,31.13,31.31,30.75,30.89,858273728,-0.019365079365079363
2024-12-26,30.85,31.23,30.79,31.09,637633216,0.0064745872450631126
2024-12-27,31.15,31.23,30.78,30.78,420948320,-0.009971051785139906
2024-12-30,30.87,31.07,30.73,30.73,875726720,-0.0016244314489928247
2025-01-02,30.65,30.85,30.24,30.57,783618944,-0.00520663846404168
2025-01-03,30.59,30.62,29.82,29.82,1063490752,-0.024533856722276703
2025-01-06,30.21,31.25,30.11,31.16,960238656,0.04493628437290398
2025-01-07,31.32,31.86,31.24,31.5,797581312,0.010911424903722766
2025-01-08,31.22,31.41,30.86,30.99,596777536,-0.0161904761904762
2025-01-09,31.01,31.17,30.92,31.07,314266912,0.00258147789609553
2025-01-10,31.06,31.14,30.55,30.64,592901248,-0.013839716768587085
2025-01-13,30.63,31.13,30.63,30.86,478262720,0.007180156657963455
2025-01-14,30.93,30.95,30.42,30.88,623259584,0.0006480881399870686
2025-01-15,31.17,32.29,31.07,32.22,1131763200,0.04339378238341962
2025-01-16,32.15,32.39,31.85,32.12,701044416,-0.0031036623215394687
2025-01-17,32.27,32.57,32.09,32.35,674676736,0.007160647571606615
2025-01-20,32.2,32.9,32.2,32.66,301712352,0.009582689335394079
2025-01-21,32.66,32.9,32.53,32.73,459360224,0.002143294549908248
2025-01-22,32.85,32.96,32.51,32.61,687157824,-0.0036663611365719273
2025-01-23,32.71,32.87,32.33,32.54,658177472,-0.00214658080343455
2025-01-24,32.43,32.6,32.31,32.46,283711136,-0.0024585125998770607
2025-01-27,32.46,33.31,32.31,33.24,668132480,0.02402957486136792
2025-01-28,33.24,33.45,32.97,33.3,476786176,0.0018050541516243523
2025-01-29,33.44,33.55,33.2,33.22,401757920,-0.002402402402402304
2025-01-30,33.23,34.18,33.23,34.03,890084992,0.02438290186634573
2025-01-31,34.15,34.22,33.81,33.81,612550080,-0.006464883925947684
2025-02-03,33.68,33.79,33.24,33.48,759312960,-0.009760425909494441
2025-02-04,33.4,33.89,33.22,33.6,688059840,0.0035842293906811484
2025-02-05,33.82,34.41,33.75,34.11,1365776512,0.015178571428571264
2025-02-06,33.3,34.39,32.95,34.17,1316729728,0.0017590149516271136
2025-02-07,34.29,34.47,33.7,33.92,1204338816,-0.007316359379572757
2025-02-10,34.06,34.54,34.01,34.29,1293341184,0.010908018867924474
2025-02-11,34.4,34.9,34.4,34.65,1086876544,0.01049868766404205
2025-02-12,34.4,34.61,33.53,33.69,1024913408,-0.027705627705627678
2025-02-13,33.71,33.9,33.55,33.87,452382208,0.00534283170080152
2025-02-14,34.1,34.9,34.05,34.77,1025886144,0.02657218777679371
2025-02-17,34.88,35.3,34.84,34.84,626267776,0.002013229795800875
2025-02-18,33.31,33.35,32.86,33.2,1014023552,-0.04707233065442018
2025-02-19,33.05,33.08,32.75,32.89,740231744,-0.009337349397590455
2025-02-20,32.89,33.04,32.65,32.8,519102976,-0.002736394040741996
2025-02-21,32.77,32.81,32.54,32.7,990687744,-0.0030487804878046587
2025-02-24,32.87,32.97,32.32,32.52,837505344,-0.0055045871559632475
2025-02-25,32.78,33.14,32.63,32.85,862362880,0.010147601476014678
2025-02-26,33.15,33.18,32.75,32.77,710105920,-0.002435312024353098
2025-02-27,32.97,33.12,32.74,32.74,682724032,-0.0009154714678059062
2025-02-28,32.74,32.91,31.94,31.94,1137092864,-0.024434941967012902
2025-03-05,32.41,32.57,32.0,32.4,840466048,0.01440200375704448
2025-03-06,32.4,32.73,32.21,32.46,604245376,0.0018518518518519933
2025-03-07,32.38,32.92,32.25,32.6,674587072,0.004313000616142926
2025-03-10,32.45,32.89,32.26,32.89,904880128,0.008895705521472452
2025-03-11,32.95,32.95,32.41,32.6,603254336,-0.008817269686834828
2025-03-12,32.72,32.8,32.41,32.7,584386368,0.0030674846625766694
2025-03-13,32.7,33.33,32.64,33.23,954935424,0.016207951070336124
2025-03-14,33.4,34.55,33.33,34.31,1081584256,0.03250075233223004
2025-03-17,34.29,35.45,34.25,35.34,949958016,0.030020402215097608
2025-03-18,32.31,32.59,32.15,32.3,962232704,-0.08602150537634423
2025-03-19,32.5,32.61,32.24,32.38,798600000,0.002476780185758587
2025-03-20,32.33,32.55,31.85,32.08,1001077312,-0.009264978381717248
2025-03-21,32.11,32.3,31.98,32.15,1528151424,0.00218204488778051
2025-03-24,32.08,32.32,31.94,32.18,1022189888,0.0009331259720062324
2025-03-25,32.3,32.95,32.3,32.44,619393408,0.00807955251709136
2025-03-26,32.55,32.6,31.96,32.09,1023284224,-0.010789149198520143
2025-03-27,32.15,32.2,31.96,32.13,913838400,0.0012464942349641461
2025-03-28,31.98,32.14,31.47,31.69,706195072,-0.013694366635543131
2025-03-31,31.6,31.6,31.09,31.41,795736256,-0.008835594824865955
2025-04-01,31.39,31.67,31.17,31.4,388189824,-0.0003183699458771949
2025-04-02,31.37,31.62,31.18,31.41,366016000,0.0003184713375796733
2025-04-03,31.15,32.2,31.09,31.97,1016746304,0.01782871696911803
2025-04-04,31.58,31.74,30.91,31.14,986038208,-0.025961839224272754
2025-04-07,30.9,31.63,30.54,31.2,1005075840,0.0019267822736031004
2025-04-08,31.54,31.77,30.99,31.21,1126591616,0.0003205128205128194
2025-04-09,31.0,32.35,30.82,31.78,1161997824,0.018263377122717195
2025-04-10,31.66,32.04,31.13,31.65,1115432064,-0.00409062303335439
2025-04-11,31.76,32.13,31.44,31.81,874353600,0.0050552922590836324
2025-04-14,32.16,32.52,31.97,32.33,847713088,0.016347060672744496
2025-04-15,32.29,32.79,32.2,32.74,814900544,0.01268171976492427
2025-04-16,32.6,32.92,32.5,32.69,1028143296,-0.0015271838729384868
2025-04-17,32.57,32.83,32.36,32.75,650217920,0.0018354236769655419
2025-04-22,32.7,33.54,32.62,33.39,697458560,0.019541984732824424
2025-04-23,33.69,34.17,33.55,34.09,926076544,0.02096436058700224
2025-04-24,34.15,34.81,34.07,34.75,919495488,0.019360516280434004
2025-04-25,34.75,34.97,34.5,34.62,1102120704,-0.003741007194244639
2025-04-28,34.61,35.07,34.47,34.99,530540320,0.01068746389370312
2025-04-29,35.0,35.42,34.85,35.27,860345408,0.008002286367533529
2025-04-30,35.05,35.68,35.03,35.58,1113931392,0.008789339381910732
2025-05-02,35.42,35.68,34.75,35.47,1331545984,-0.003091624508150592
2025-05-05,35.25,35.39,34.75,34.84,966430592,-0.017761488581900076
2025-05-06,34.82,34.88,34.42,34.66,597988480,-0.005166475315729224
2025-05-07,34.92,35.14,34.73,35.04,467664448,0.0109636468551646
2025-05-08,35.6,36.0,35.14,35.32,1179674368,0.007990867579908745
2025-05-09,36.4,37.25,35.79,37.23,2137598592,0.05407701019252542
2025-05-12,37.44,37.44,36.25,36.48,984026368,-0.02014504431909747
2025-05-13,36.68,37.11,36.52,36.93,906130624,0.012335526315789602
2025-05-14,36.94,37.34,36.81,37.18,663064384,0.006769564040075782
2025-05-15,37.36,37.77,37.22,37.68,987329728,0.013448090371167343
2025-05-16,37.68,38.0,37.37,37.9,1116144128,0.0058386411889597145
2025-05-19,37.82,38.59,37.71,38.35,931660608,0.011873350923482962
2025-05-20,38.38,38.38,37.86,38.3,685073920,-0.0013037809647979959
2025-05-21,38.19,38.2,37.22,37.53,756071360,-0.020104438642297495
2025-05-22,37.64,37.74,37.14,37.27,851334976,-0.00692779110045294
2025-05-23,36.6,37.72,36.36,37.72,749298752,0.01207405419908758
2025-05-26,37.62,38.25,37.54,37.8,245536544,0.0021208907741250282
2025-05-27,38.3,38.62,37.87,38.1,560196224,0.00793650793650813
2025-05-28,38.08,38.15,37.7,37.79,548959232,-0.00813648293963265
2025-05-29,37.66,37.96,37.35,37.49,657427840,-0.007938608097380229
2025-05-30,37.63,37.72,37.09,37.43,1136066048,-0.001600426780474895
2025-06-02,37.67,37.76,37.03,37.15,856849728,-0.007480630510285913
2025-06-03,37.01,37.15,36.78,37.03,869597376,-0.0032301480484521194
2025-06-04,37.17,37.29,36.67,36.94,634776128,-0.002430461787739757
2025-06-05,37.0,37.0,36.38,36.49,901810752,-0.012181916621548328
2025-06-06,36.47,36.75,36.3,36.58,663325184,0.0024664291586735665
2025-06-09,36.47,36.63,35.87,36.39,867304640,-0.0051940951339529695
2025-06-10,36.5,36.58,35.97,36.0,735191360,-0.010717230008243983
2025-06-11,35.97,36.59,35.74,36.33,584781696,0.009166666666666545
2025-06-12,36.09,36.83,36.06,36.61,799091776,0.007707129094412402
2025-06-13,36.17,36.35,35.91,36.17,519891008,-0.012018574160065465
2025-06-16,36.53,37.22,36.52,36.83,640272192,0.01824716615980093
2025-06-17,36.99,37.09,36.77,37.05,721788672,0.0059733912571273695
2025-06-18,36.93,37.08,36.71,36.83,726326528,-0.005937921727395379
2025-06-20,36.52,36.67,36.39,36.64,774186432,-0.005158837903882607
2025-06-23,36.64,36.64,36.15,36.56,518330592,-0.0021834061135370675
2025-06-24,36.72,37.58,36.58,37.25,749768640,0.018873085339168316
2025-06-25,37.1,37.14,36.44,36.58,723978688,-0.017986577181208108
2025-06-26,36.63,36.79,36.2,36.31,836880448,-0.0073810825587752316
2025-06-27,36.0,36.36,35.94,36.27,499490112,-0.0011016248967226083
2025-06-30,36.15,36.96,35.92,36.95,1090943360,0.018748276812792897
2025-07-01,36.93,37.17,36.81,37.1,671342912,0.004059539918809252
2025-07-02,37.1,37.28,36.55,36.8,725444544,-0.008086253369272378
2025-07-03,36.84,37.8,36.84,37.71,507235200,0.024728260869565366
2025-07-04,37.7,37.99,37.58,37.73,275316544,0.0005303632988595819
2025-07-07,37.74,37.78,37.15,37.23,500298752,-0.013252054068380592
2025-07-08,37.16,37.32,36.9,37.14,774931776,-0.002417405318291599
2025-07-09,37.08,37.09,36.26,36.37,564911168,-0.02073236402800227
2025-07-10,35.9,35.9,35.24,35.25,1357774336,-0.030794610943084888
2025-07-11,35.15,35.2,34.73,34.96,1461097984,-0.008226950354609852
2025-07-14,34.93,35.03,34.51,34.9,901887360,-0.0017162471395881784
2025-07-15,34.9,35.22,34.69,35.02,928808320,0.0034383954154728613
2025-07-16,35.09,35.3,34.88,35.19,941671104,0.004854368932038611
2025-07-17,35.21,35.84,35.19,35.72,884111104,0.015061096902529103
2025-07-18,35.42,35.72,34.99,35.07,1100784384,-0.018197088465845446
2025-07-21,35.05,35.58,35.01,35.48,424244192,0.01169090390647276
2025-07-22,35.5,35.74,34.94,35.0,796260224,-0.013528748590755257
2025-07-23,34.96,35.53,34.86,35.39,455380032,0.011142857142857121
2025-07-24,35.27,35.27,34.85,35.06,387876896,-0.009324667985306512
2025-07-25,35.03,35.49,35.03,35.21,634345024,0.00427837992013691
2025-07-28,35.28,35.32,34.15,34.47,596168064,-0.021016756603237763
2025-07-29,34.44,34.86,34.37,34.67,560067392,0.0058021467943139005
2025-07-30,34.51,35.26,34.31,35.07,657477376,0.011537352177675153
2025-07-31,34.68,35.22,34.64,35.16,745874432,0.002566295979469446
2025-08-01,35.6,35.76,34.74,34.93,560832832,-0.006541524459613091
2025-08-04,35.44,35.56,35.03,35.3,596461120,0.010592613799026651
2025-08-05,35.22,35.93,35.06,35.69,1708786688,0.01104815864022668
2025-08-06,36.29,37.15,36.1,36.14,1456464896,0.012608573830204639
2025-08-07,36.24,37.01,36.11,36.78,960548672,0.017708909795240757
2025-08-08,36.79,37.15,36.75,37.03,656580800,0.006797172376291405
2025-08-11,36.81,37.37,36.74,37.26,816509440,0.006211180124223503
2025-08-12,37.46,38.27,37.39,38.03,1024026752,0.020665593129361337
2025-08-13,37.92,38.12,37.65,37.67,831058176,-0.009466210886142523
2025-08-14,37.35,38.0,37.28,37.62,980466112,-0.0013273161667110012
2025-08-15,37.49,37.83,37.35,37.49,637624000,-0.0034556087187664897
2025-08-18,37.6,38.06,37.51,37.76,794330752,0.007201920512136528
2025-08-19,36.91,36.92,35.89,36.31,1436424320,-0.03840042372881347
2025-08-20,36.27,36.53,36.05,36.33,594496000,0.0005508124483613042
2025-08-21,36.05,36.43,35.99,36.37,568405184,0.0011010184420587876
2025-08-22,36.5,37.42,36.39,37.39,1174490752,0.028045092108881065
2025-08-25,37.48,37.58,37.11,37.2,399747808,-0.00508157261299802
2025-08-26,37.25,37.29,36.55,36.95,789681472,-0.006720430107526876
2025-08-27,36.8,37.59,36.65,37.57,454279040,0.016779431664411204
2025-08-28,37.84,38.72,37.72,38.35,937461568,0.02076124567474058
2025-08-29,38.47,38.65,38.32,38.49,1214182912,0.0036505867014342552
2025-09-01,38.59,39.07,38.49,38.78,559179712,0.007534424525850847
2025-09-02,38.15,38.48,37.96,38.12,903423360,-0.017019082001031527
2025-09-03,38.12,38.29,37.63,37.79,759659200,-0.008656873032528822
2025-09-04,37.78,38.35,37.51,37.94,583820032,0.003969304048690114
2025-09-05,38.32,38.82,38.09,38.36,583567552,0.011070110701107083
2025-09-08,38.36,38.41,37.77,38.18,434693888,-0.004692387904066675
2025-09-09,38.37,38.37,37.8,37.85,717668480,-0.00864326872708221
2025-09-10,37.86,38.35,37.8,37.88,535365088,0.0007926023778070945
2025-09-11,38.05,38.74,37.95,37.95,672130752,0.0018479408658922392
2025-09-12,37.72,37.76,37.26,37.38,820137216,-0.015019762845849827
2025-09-15,37.51,38.18,37.41,38.0,521726624,0.016586409844836725
2025-09-16,38.19,38.25,37.67,37.9,734913152,-0.0026315789473684292
2025-09-17,37.93,38.84,37.86,38.44,942533184,0.014248021108179465
2025-09-18,38.44,38.55,38.16,38.49,573565696,0.0013007284079085135
2025-09-19,38.5,39.0,38.45,39.0,1007696384,0.013250194855806585
2025-09-22,38.73,38.86,38.28,38.44,659196800,-0.014358974358974375
2025-09-23,38.47,39.24,38.47,39.05,639741952,0.015868886576482888
2025-09-24,39.06,39.14,38.71,38.79,704311168,-0.006658130601792545
2025-09-25,38.81,39.02,38.47,38.48,567416448,-0.007991750451147306
2025-09-26,38.54,38.86,38.49,38.67,474859328,0.004937629937630028
2025-09-29,39.08,39.36,38.86,38.89,723952960,0.005689164727178619
2025-09-30,39.4,39.5,38.72,39.07,1259026688,0.004628439187451816
2025-10-01,39.26,39.41,38.3,38.35,954558336,-0.018428461735346735
2025-10-02,38.42,38.7,37.89,37.93,631866112,-0.010951760104302544
2025-10-03,37.91,38.21,37.72,38.21,655503040,0.007382019509623028
2025-10-06,38.2,38.25,37.77,37.77,543828480,-0.011515310128238587
2025-10-07,37.72,37.73,36.97,37.17,746383872,-0.01588562351072287
2025-10-08,37.25,37.45,37.05,37.24,555740864,0.0018832391713747842
2025-10-09,37.42,37.42,36.96,37.18,651786240,-0.001611170784103222
2025-10-10,37.37,37.56,37.03,37.14,840430912,-0.0010758472296933386
2025-10-13,37.28,37.53,37.28,37.29,296255424,0.0040387722132471104
2025-10-14,37.19,37.84,37.19,37.45,772094656,0.0042906945561813625
2025-10-15,37.32,37.7,37.06,37.45,798585152,0.0
2025-10-16,37.32,37.8,37.1,37.36,574294976,-0.0024032042723632907
2025-10-17,37.15,37.62,37.01,37.49,635135232,0.0034796573875803816
2025-10-20,37.62,38.35,37.58,38.16,704170880,0.017871432381968422
2025-10-21,38.16,38.23,37.77,37.8,515061120,-0.009433962264150941
2025-10-22,37.93,38.11,37.74,38.11,509603488,0.00820105820105832
2025-10-23,38.25,38.34,37.88,38.08,422409792,-0.0007871949619522312
2025-10-24,38.38,38.52,37.98,38.03,375518688,-0.001313025210083918
2025-10-27,38.32,38.61,38.19,38.35,417015264,0.008414409676571033
2025-10-28,38.24,38.48,38.19,38.48,390206976,0.003389830508474523
2025-10-29,38.55,39.51,38.55,39.34,1036809472,0.02234927234927242
2025-10-30,39.27,39.68,39.02,39.29,710828672,-0.0012709710218608006
2025-10-31,39.44,39.63,39.32,39.44,627902272,0.0038177653346906926
2025-11-03,39.9,40.13,39.55,40.08,697092864,0.016227180527383478
2025-11-04,40.05,40.17,39.81,39.96,791056512,-0.0029940119760478723
2025-11-05,39.47,40.16,39.3,40.13,1401198720,0.004254254254254297
2025-11-06,40.09,40.79,40.01,40.13,908501760,0.0
2025-11-07,40.13,40.2,39.77,40.17,492660096,0.0009967605282830139
2025-11-10,40.35,40.52,40.22,40.44,649152448,0.006721433905899854
2025-11-11,40.6,41.37,40.44,41.22,1486638720,0.01928783382789323
2025-11-12,41.22,41.35,40.13,40.28,1445149312,-0.02280446385249868
2025-11-13,40.46,41.05,40.18,40.44,1324792320,0.003972194637537063
2025-11-14,40.42,40.68,40.21,40.6,663221184,0.003956478733926794
2025-11-17,40.6,40.7,40.19,40.3,1723035904,-0.007389162561576512
2025-11-18,39.95,40.35,39.9,40.1,668015168,-0.004962779156327479
2025-11-19,40.05,40.2,39.74,39.85,997557440,-0.006234413965087282
2025-11-21,39.85,40.03,39.55,39.97,637469696,0.0030112923462985997
2025-11-24,39.92,40.17,39.72,39.82,1122741120,-0.0037528146109582217
2025-11-25,40.0,40.22,39.73,39.91,1175449728,0.0022601707684579697
2025-11-26,40.1,40.91,39.97,40.85,876729152,0.023552994237033387
2025-11-27,40.66,40.88,40.58,40.71,373967840,-0.0034271725826193755
2025-11-28,41.27,41.91,41.2,41.64,1832446208,0.02284450994841558
2025-12-01,41.71,41.75,41.15,41.3,639132160,-0.008165225744476534
2025-12-02,41.46,42.22,41.44,42.22,862421376,0.02227602905569004
2025-12-03,42.3,42.46,41.92,42.22,948079872,0.0
2025-12-04,42.36,43.26,42.35,43.26,969319616,0.024632875414495548
2025-12-05,43.31,43.4,41.15,41.26,1626791168,-0.04623208506703658
2025-12-08,41.95,42.08,41.22,41.46,1634858752,0.004847309743092554
2025-12-09,41.37,41.5,40.73,41.37,989339648,-0.0021707670043416005
2025-12-10,39.2,39.64,38.89,39.44,978302592,-0.04665216340343248
2025-12-11,39.4,39.76,39.22,39.41,816377408,-0.0007606490872211769
2025-12-12,39.7,40.06,39.35,39.76,676520128,0.008880994671403242
2025-12-15,40.18,40.58,39.9,40.36,695268544,0.015090543259557387
2025-12-16,40.16,40.21,39.32,39.32,783895168,-0.025768087215064406
2025-12-17,39.1,39.34,38.75,38.97,1196126592,-0.008901322482197438
2025-12-18,38.82,39.26,38.82,39.17,831862400,0.005132152938157608
2025-12-19,39.35,40.0,39.19,39.53,1365052672,0.009190707173857504
2025-12-22,39.47,39.72,39.29,39.61,608908416,0.002023779408044435
2025-12-23,39.8,40.35,39.74,40.26,408866592,0.016409997475385074
2025-12-26,39.02,39.22,38.71,39.1,475743296,-0.028812717337307392
2025-12-29,39.18,39.27,38.86,38.98,415888384,-0.003069053708440017
2025-12-30,39.23,39.67,39.15,39.23,542387584,0.006413545407901511
2026-01-02,39.63,39.77,39.15,39.15,739624960,-0.0020392556716798405
2026-01-05,39.24,40.14,39.06,39.72,970860160,0.014559386973180155
2026-01-06,40.09,40.48,39.96,39.96,881065536,0.0060422960725075026
2026-01-07,39.9,39.98,39.19,39.32,823658752,-0.016016016016015988
2026-01-08,39.35,40.09,39.23,39.93,685648192,0.015513733468972557
2026-01-09,39.93,40.29,39.77,39.85,679668992,-0.0020035061357375206
2026-01-12,39.85,39.91,39.49,39.49,422903744,-0.009033877038895799
2026-01-13,39.47,39.57,39.17,39.17,683975744,-0.008103317295517831
2026-01-14,39.47,39.66,39.22,39.6,838851776,0.010977789124329895
2026-01-15,39.8,40.22,39.66,39.94,763313152,0.008585858585858475
2026-01-16,39.97,40.09,39.46,39.61,782657664,-0.008262393590385497
2026-01-19,39.72,39.87,39.53,39.55,285054656,-0.0015147689977279555
2026-01-20,39.35,40.09,39.07,39.92,822636160,0.00935524652338815
2026-01-21,40.27,41.77,40.24,41.67,1628175872,0.04383767535070149
2026-01-22,41.96,43.57,41.9,43.08,1846038272,0.03383729301655869
2026-01-23,43.19,43.91,43.04,43.57,1784351104,0.011374187558031545
2026-01-26,43.51,44.34,43.28,44.15,1115967744,0.013311911865962811
2026-01-27,44.78,46.07,44.69,45.32,1835788544,0.026500566251415725
2026-01-28,45.64,46.42,45.63,46.34,1677172992,0.022506619593998245
2026-01-29,46.68,47.05,45.65,46.15,1673430528,-0.004100129477773051
2026-01-30,46.11,46.39,44.97,45.5,1737306496,-0.014084507042253502
2026-02-02,45.79,46.1,45.43,45.88,1287711488,0.008351648351648366
2026-02-03,46.3,46.98,45.89,46.14,2251925760,0.005666957279860441
2026-02-04,45.9,45.98,44.04,44.62,2176012800,-0.03294321629822283
2026-02-05,45.24,45.88,44.74,45.52,1637473920,0.020170327207530425
2026-02-06,45.59,46.94,45.11,46.75,1767850240,0.027021089630931305
2026-02-09,47.0,48.4,46.74,48.31,1996409472,0.03336898395721932
2026-02-10,48.31,49.19,48.19,48.42,2136017664,0.0022769612916579973
2026-02-11,48.8,49.67,48.6,49.37,2257613568,0.019619991738950793
2026-02-12,49.05,49.1,47.87,48.24,2035011072,-0.02288839376139351
2026-02-13,48.07,48.07,46.6,47.77,1531130624,-0.009742951907131037
2026-02-18,48.07,48.42,47.52,47.99,1117288704,0.004605400879212906
2026-02-19,48.1,49.17,47.93,48.55,1553720576,0.01166909772869329
2026-02-20,48.05,49.29,48.02,49.23,1545348608,0.014006179196704327
2026-02-23,48.8,48.89,47.29,47.45,1633128704,-0.036156814950233485
2026-02-24,47.64,48.35,47.25,48.17,1841010304,0.015173867228661653
2026-02-25,48.34,48.5,47.07,47.79,1381882112,-0.00788872742370772
2026-02-26,47.79,48.15,47.16,47.67,1261277056,-0.0025109855618329346
2026-02-27,47.6,47.62,46.28,46.78,2091713152,-0.018670023075309405
2026-03-02,45.83,46.33,45.58,45.92,2170972928,-0.01838392475416839
2026-03-03,44.22,44.87,43.44,44.38,2399693568,-0.03353658536585369
2026-03-04,45.24,45.49,44.52,45.01,1220661888,0.014195583596214423
2026-03-05,44.8,45.0,43.33,43.51,1619672320,-0.03332592757165076
2026-03-06,43.46,43.59,42.65,42.93,1120186240,-0.01333026890370026
2026-03-09,42.52,43.28,42.35,43.16,1753081984,0.005357558816678321
2026-03-10,43.58,44.2,42.82,43.8,2202474240,0.014828544949026856
2026-03-11,43.27,44.44,43.2,43.89,809130368,0.00205479452054802
2026-03-12,43.09,43.22,42.3,42.69,1154180864,-0.027341079972659
2026-03-13,42.83,43.35,42.33,42.4,1061348352,-0.0067931599906301265
2026-03-16,43.25,43.47,42.85,43.0,765830400,0.014150943396226356
2026-03-17,42.9,43.38,42.27,42.71,955997632,-0.006744186046511613
2026-03-18,42.5,43.04,42.27,42.28,1012030144,-0.010067899789276469
2026-03-19,41.7,42.6,41.37,42.58,1386152704,0.007095553453169368
2026-03-20,42.11,42.27,41.2,41.55,1563217280,-0.02418976045091592
2026-03-23,42.54,43.14,42.06,42.78,1175026688,0.029602888086642798
2026-03-24,42.5,42.81,41.96,42.54,778163008,-0.005610098176718092
2026-03-25,43.15,43.5,42.85,43.1,1514676608,0.01316408086506815
2026-03-26,42.69,42.84,41.94,41.94,766923392,-0.02691415313225065
2026-03-27,41.81,41.81,41.18,41.45,1151250432,-0.011683357176919262
2026-03-30,42.0,42.06,41.23,41.6,764292800,0.003618817852834688
2026-03-31,42.29,43.64,42.15,43.48,1437620096,0.04519230769230753
2026-04-01,43.84,44.28,43.5,43.83,1170571008,0.00804967801287959
2026-04-02,42.62,44.01,42.47,43.3,769730112,-0.012092174309833448
2026-04-06,43.35,43.74,43.2,43.49,477675584,0.004387990762124927
2026-04-07,43.3,43.47,42.64,43.46,871642304,-0.0006898137502874269
2026-04-08,45.7,45.73,44.7,44.98,1610486656,0.03497468936953507
2026-04-09,45.2,45.96,44.99,45.75,1009809216,0.017118719430858187
2026-04-10,45.83,46.38,45.77,46.07,1366138368,0.006994535519125655
2026-04-13,45.76,46.04,45.24,45.83,1414793728,-0.00520946385934451
2026-04-14,46.0,46.84,45.85,46.53,1085486976,0.015273838097316306
2026-04-15,46.37,47.41,46.37,47.04,1357976576,0.010960670535138606
2026-04-16,47.27,47.47,46.52,46.98,1056014144,-0.0012755102040816757
2026-04-17,47.5,47.9,46.75,46.8,1849176064,-0.003831417624521105
2026-04-20,46.8,47.03,46.23,46.37,891833472,-0.009188034188034155
2026-04-22,46.26,46.26,44.98,45.03,1150137344,-0.028897994392926396
2026-04-23,44.9,45.12,44.12,44.18,909815360,-0.018876304685765066
2026-04-24,44.46,44.52,43.89,44.37,807244608,0.004300588501584324
2026-04-27,44.5,44.56,43.98,43.99,604365248,-0.008564345278341157
2026-04-28,43.68,44.61,43.2,44.1,1196962688,0.0025005683109797783
2026-04-29,43.85,44.01,42.76,42.87,802449152,-0.02789115646258511
2026-04-30,43.32,43.56,43.13,43.19,974123776,0.007464427338465196
2026-05-04,43.11,43.25,42.25,42.4,1079109504,-0.01829127112757578
2026-05-05,42.5,42.7,42.12,42.46,1244861952,0.0014150943396227245
2026-05-06,43.24,43.29,41.54,41.78,1624723840,-0.01601507300989169
2026-05-07,41.79,41.87,40.52,40.79,1485829248,-0.023695548109143205
2026-05-08,41.16,41.55,40.98,41.26,1483627904,0.011522431968619795
2026-05-11,40.95,41.11,40.11,40.33,1663468928,-0.022539990305380453
2026-05-12,40.29,40.33,39.77,39.87,1732138880,-0.011405901314158196
2026-05-13,39.93,40.57,39.37,39.63,1936601856,-0.0060195635816402415
2026-05-14,40.15,40.65,39.99,40.4,1402533376,0.0194297249558415
2026-05-15,39.78,40.05,39.58,39.7,1858802816,-0.01732673267326723
2026-05-18,39.67,39.85,39.3,39.62,908192192,-0.002015113350126052
2026-05-19,39.05,39.42,38.7,38.78,1603337088,-0.021201413427561766
2026-05-20,39.22,39.98,39.1,39.67,1518170112,0.022949974213512192
2026-05-21,39.43,40.45,39.25,40.12,1636195328,0.011343584572724774
2026-05-22,40.01,40.04,39.31,39.43,851715456,-0.01719840478564305
2026-05-25,39.86,40.49,39.86,40.32,459294592,0.022571645954856612
2026-05-26,40.22,40.36,39.65,40.06,919613376,-0.0064484126984126755
2026-05-27,40.6,40.82,40.29,40.32,871833088,0.006490264603095319
2026-05-28,40.32,40.45,39.72,40.0,808035200,-0.007936507936507908
2026-05-29,39.87,40.16,39.54,40.04,3210740224,0.0009999999999998899
