date,open,high,low,closed,vol,return
2010-01-05,37.38,37.43,36.8,37.0,794327744,-0.008574490889603492
2010-01-06,36.8,37.5,36.8,37.5,697345664,0.013513513513513598
2010-01-07,37.27,37.45,37.07,37.15,408386368,-0.009333333333333416
2010-01-08,37.16,37.39,36.86,36.95,542061952,-0.005383580080753569
2010-01-11,37.21,37.34,36.62,36.83,566849152,-0.0032476319350475125
2010-01-12,36.59,36.68,36.04,36.36,540049728,-0.01276133586749928
2010-01-13,36.56,36.74,35.84,36.3,840384896,-0.0016501650165017256
2010-01-14,36.28,36.46,35.56,35.67,721136512,-0.017355371900826366
2010-01-15,35.57,36.1,35.51,35.75,756590208,0.0022427810485001753
2010-01-18,35.9,36.67,35.77,36.55,840761728,0.022377622377622197
2010-01-19,36.45,36.65,36.24,36.38,615281408,-0.0046511627906975495
2010-01-20,36.1,36.15,35.26,35.45,668141184,-0.025563496426608046
2010-01-21,35.58,35.7,34.29,34.33,852386880,-0.031593794076163695
2010-01-22,34.11,34.8,34.06,34.75,656497152,0.01223419749490251
2010-01-26,34.29,34.34,33.65,33.9,689112256,-0.024460431654676262
2010-01-27,33.9,34.29,33.51,34.11,675391040,0.006194690265486802
2010-01-28,34.6,34.69,33.87,34.61,474578080,0.014658457930225799
2010-01-29,34.78,35.05,33.93,34.17,557368768,-0.012713088702687059
2010-02-01,34.29,34.49,33.9,34.3,543143936,0.003804506877377767
2010-02-02,34.51,34.67,34.06,34.1,523683584,-0.005830903790087327
2010-02-03,34.05,34.18,33.73,34.04,546563520,-0.0017595307917889214
2010-02-04,33.84,33.94,32.12,32.3,798045312,-0.05111633372502944
2010-02-05,31.8,32.27,30.72,31.52,911990336,-0.02414860681114539
2010-02-08,31.8,32.26,31.42,31.74,595332608,0.006979695431472033
2010-02-09,32.2,32.68,32.1,32.24,585596672,0.015752993068683052
2010-02-10,32.33,32.73,31.77,32.64,707089600,0.012406947890818865
2010-02-11,32.89,33.47,32.73,33.36,799493760,0.022058823529411686
2010-02-12,33.0,34.02,32.95,33.8,641149568,0.01318944844124692
2010-02-17,34.39,34.5,34.03,34.25,569344256,0.013313609467455745
2010-02-18,34.24,34.69,33.82,34.69,583635392,0.01284671532846704
2010-02-19,34.42,34.65,34.16,34.35,409788960,-0.009801095416546501
2010-02-22,34.5,34.89,34.41,34.65,686616640,0.008733624454148492
2010-02-23,34.41,34.65,34.0,34.19,580570560,-0.01327561327561333
2010-02-24,34.29,34.35,33.64,33.94,460961376,-0.007312079555425566
2010-02-25,33.48,34.5,33.26,34.38,632682176,0.01296405421331781
2010-02-26,34.59,34.75,34.21,34.61,614412928,0.006689936009307562
2010-03-01,34.82,35.05,34.42,34.93,590228032,0.009245882692863416
2010-03-02,35.25,35.52,35.12,35.12,603852416,0.005439450329229878
2010-03-03,35.28,35.82,35.05,35.15,708339456,0.0008542141230067912
2010-03-04,35.39,35.49,34.81,35.2,494372352,0.0014224751066858055
2010-03-05,35.69,35.92,35.4,35.81,1006740352,0.01732954545454546
2010-03-08,35.94,35.99,35.41,35.7,567692224,-0.0030717676626640378
2010-03-09,35.5,36.85,35.46,36.5,2484231424,0.022408963585434094
2010-03-10,36.88,37.16,36.65,37.0,1189916672,0.013698630136986356
2010-03-11,36.93,37.47,36.81,37.05,722048640,0.0013513513513512265
2010-03-12,37.2,37.41,37.06,37.06,518493728,0.00026990553306349696
2010-03-15,36.76,37.23,36.47,36.77,731158016,-0.007825148407986982
2010-03-16,36.93,37.21,36.7,37.21,473648064,0.011966276856132607
2010-03-17,37.43,37.48,36.93,37.15,383329408,-0.001612469766191893
2010-03-18,37.14,37.4,36.76,37.02,446552320,-0.003499327052489787
2010-03-19,37.0,37.09,36.16,36.23,886050688,-0.0213398163155053
2010-03-22,35.61,36.36,35.5,36.24,485723680,0.0002760143527464898
2010-03-23,36.38,36.42,35.71,35.82,618785152,-0.011589403973509937
2010-03-24,35.8,36.57,35.6,36.09,675923456,0.007537688442211143
2010-03-25,36.33,36.43,35.2,35.2,632961920,-0.024660570795234205
2010-03-26,35.41,35.55,34.3,34.5,1002621952,-0.019886363636363757
2010-03-29,34.74,35.2,34.12,34.9,670385664,0.011594202898550732
2010-03-30,35.09,35.3,34.76,34.8,432364032,-0.002865329512893977
2010-03-31,34.6,35.39,34.51,35.39,580277888,0.0169540229885059
2010-04-01,35.66,35.9,35.55,35.75,490143008,0.010172365074879952
2010-04-05,35.95,36.25,35.82,36.01,437087456,0.0072727272727273196
2010-04-06,35.92,36.41,35.83,36.08,485085568,0.0019439044709803621
2010-04-07,35.94,36.24,35.59,35.8,540947328,-0.0077605321507761005
2010-04-08,35.58,35.9,35.46,35.81,483832992,0.0002793296089387276
2010-04-09,35.8,36.09,35.23,35.23,605518272,-0.016196593130410664
2010-04-12,35.25,35.43,34.28,34.39,1042568896,-0.02384331535623041
2010-04-13,34.47,34.59,33.9,34.19,671995840,-0.005815644082582283
2010-04-14,34.3,34.49,34.05,34.25,595697600,0.0017548990933022868
2010-04-15,34.28,34.45,33.54,33.6,1474462592,-0.01897810218978102
2010-04-16,33.5,33.58,32.72,32.95,1616615424,-0.019345238095238027
2010-04-19,32.6,33.55,32.51,33.55,794934336,0.018209408194233445
2010-04-20,33.8,34.3,33.8,34.3,755675776,0.02235469448584193
2010-04-22,33.9,34.04,33.41,33.86,670134784,-0.01282798833819232
2010-04-23,33.57,34.0,33.54,34.0,415942592,0.0041346721795629815
2010-04-26,34.1,34.18,33.31,33.31,465950176,-0.020294117647058796
2010-04-27,33.07,33.1,32.1,32.1,749683328,-0.036325427799459686
2010-04-28,32.32,33.0,31.9,32.39,560919104,0.00903426791277262
2010-04-29,32.84,33.1,32.52,33.02,392218304,0.01945044766903381
2010-04-30,32.81,33.2,32.56,32.8,515713568,-0.0066626287098729975
2010-05-03,32.55,32.63,31.46,31.5,918382144,-0.03963414634146334
2010-05-04,31.2,31.27,29.91,30.44,1195005568,-0.0336507936507936
2010-05-05,30.0,30.81,29.76,30.21,892742464,-0.007555847568988194
2010-05-06,30.09,30.78,28.3,29.81,963209856,-0.013240648791790877
2010-05-07,29.99,30.31,29.14,29.75,729407872,-0.002012747400201187
2010-05-10,31.0,31.1,30.15,30.15,640826432,0.013445378151260456
2010-05-11,29.82,30.28,29.6,29.62,518786240,-0.017578772802653297
2010-05-12,29.95,30.0,29.67,29.9,459003168,0.009453072248480687
2010-05-13,30.2,30.41,29.95,30.0,486494208,0.0033444816053511683
2010-05-14,29.79,30.1,29.31,30.09,720842496,0.0029999999999998916
2010-05-17,30.2,30.39,29.56,29.85,792656128,-0.007976071784645988
2010-05-18,30.12,30.14,29.17,29.22,522487840,-0.02110552763819107
2010-05-19,28.91,29.47,28.55,28.55,729337024,-0.02292950034223129
2010-05-20,28.0,28.1,27.43,27.43,713053568,-0.03922942206655
2010-05-21,27.48,28.05,27.13,27.58,787212224,0.0054684651841050425
2010-05-24,27.4,27.78,27.1,27.15,411371328,-0.015591007976794802
2010-05-25,26.3,26.72,26.0,26.55,637813824,-0.022099447513812098
2010-05-26,27.02,27.42,26.63,27.05,553761216,0.01883239171374762
2010-05-27,27.5,27.92,27.4,27.81,508974048,0.02809611829944547
2010-05-28,27.86,28.2,27.66,28.2,567219648,0.014023732470334505
2010-05-31,28.21,29.6,28.21,29.6,413418304,0.04964539007092217
2010-06-01,29.0,29.69,28.48,28.65,756872576,-0.03209459459459474
2010-06-02,28.64,29.35,28.64,29.1,402267200,0.015706806282722585
2010-06-04,28.87,29.68,28.75,29.25,445267552,0.005154639175257714
2010-06-07,29.45,30.08,29.33,29.52,488020512,0.009230769230769154
2010-06-08,29.76,30.03,29.44,29.66,479709664,0.004742547425474308
2010-06-09,29.9,30.38,29.55,29.55,603587136,-0.0037086985839513975
2010-06-10,30.0,30.25,29.76,29.9,535940096,0.011844331641285955
2010-06-11,29.69,29.82,29.42,29.62,343958304,-0.00936454849498325
2010-06-14,29.9,29.94,29.02,29.05,448659904,-0.01924375422012159
2010-06-15,29.1,29.24,28.73,29.0,364473792,-0.0017211703958691649
2010-06-16,28.85,29.8,28.8,29.65,719474752,0.022413793103448265
2010-06-17,29.7,29.85,29.32,29.52,459750880,-0.004384485666104498
2010-06-18,29.5,29.66,29.25,29.49,364437024,-0.001016260162601701
2010-06-21,29.71,29.97,29.38,29.4,704770240,-0.003051881993896277
2010-06-22,29.39,29.62,29.01,29.11,574108288,-0.009863945578231226
2010-06-23,29.2,29.33,28.36,28.5,690787712,-0.020954998282377124
2010-06-24,28.45,28.45,27.49,27.49,606794688,-0.03543859649122816
2010-06-25,27.35,28.05,27.31,27.91,298454048,0.015278283012004401
2010-06-28,27.92,28.06,27.34,27.42,201244240,-0.01755643138659968
2010-06-29,27.0,27.1,26.71,26.83,438036192,-0.02151714077315836
2010-06-30,26.96,27.5,26.82,26.86,489729248,0.001118151323145744
2010-07-01,27.11,27.21,26.31,26.45,493849056,-0.015264333581533895
2010-07-02,26.72,26.99,26.52,26.77,270016416,0.012098298676748609
2010-07-05,26.78,27.05,26.54,26.54,183802240,-0.008591707134852467
2010-07-06,27.0,27.3,26.76,27.05,429593376,0.019216277317257058
2010-07-07,27.05,27.52,26.78,27.4,450271360,0.012939001848428777
2010-07-08,27.48,27.64,27.21,27.58,287803456,0.006569343065693456
2010-07-12,27.62,27.74,27.18,27.23,256053008,-0.01269035532994911
2010-07-13,27.4,27.49,27.07,27.3,345642912,0.0025706940874035134
2010-07-14,27.05,27.4,26.93,27.3,302277184,0.0
2010-07-15,27.3,27.3,26.87,27.11,214012784,-0.006959706959707046
2010-07-16,27.04,27.09,26.71,26.84,263729728,-0.00995942456658061
2010-07-19,26.85,27.06,26.68,26.95,335209696,0.004098360655737654
2010-07-20,26.77,27.82,26.71,27.65,438735328,0.025974025974025983
2010-07-21,27.83,28.05,27.39,27.5,322385184,-0.005424954792043302
2010-07-22,27.84,28.28,27.68,27.98,374919712,0.01745454545454539
2010-07-23,27.99,28.05,27.59,27.79,354992416,-0.006790564689063694
2010-07-26,27.79,28.04,27.7,27.9,213897792,0.00395825836631869
2010-07-27,28.0,28.16,27.86,27.98,290364960,0.0028673835125447855
2010-07-28,27.95,28.05,27.73,27.8,315450272,-0.006433166547533897
2010-07-29,27.84,27.95,27.63,27.74,286860992,-0.0021582733812950394
2010-07-30,27.66,27.93,27.45,27.85,358740192,0.003965392934390799
2010-08-02,27.97,28.56,27.95,28.44,501862976,0.021184919210053943
2010-08-03,28.4,29.53,28.2,29.08,699081088,0.02250351617440205
2010-08-04,29.36,29.54,29.06,29.34,613441792,0.008940852819807388
2010-08-05,29.27,29.48,29.1,29.43,326571520,0.0030674846625766694
2010-08-06,29.2,29.45,28.94,29.09,326506144,-0.011552837240910607
2010-08-09,29.35,29.35,28.8,28.83,297930752,-0.008937779305603355
2010-08-10,28.62,28.62,28.18,28.41,467236800,-0.014568158168574374
2010-08-11,28.04,28.16,27.5,27.5,470494368,-0.0320309750087997
2010-08-12,27.38,27.86,27.2,27.53,373985088,0.0010909090909090313
2010-08-13,27.65,27.82,27.5,27.66,341741568,0.004722121322193962
2010-08-16,27.61,27.8,27.59,27.61,423366592,-0.0018076644974692746
2010-08-17,27.76,28.55,27.76,28.3,439568832,0.024990945309670387
2010-08-18,28.29,28.35,27.61,27.68,570021952,-0.021908127208480566
2010-08-19,26.91,27.39,26.71,26.78,712467648,-0.03251445086705196
2010-08-20,26.75,27.08,26.56,26.78,461053664,0.0
2010-08-23,26.92,27.19,26.66,26.66,281062336,-0.004480955937266606
2010-08-24,26.5,26.85,26.14,26.14,416468864,-0.019504876219054723
2010-08-25,26.07,26.29,25.5,26.08,556065920,-0.002295332823259444
2010-08-26,26.7,26.7,25.7,25.7,576798144,-0.014570552147239235
2010-08-27,25.95,26.59,25.62,26.56,389021504,0.033463035019455134
2010-08-30,26.35,26.43,25.45,25.45,570217984,-0.041792168674698815
2010-08-31,25.52,26.06,25.52,26.06,410637056,0.02396856581532414
2010-09-01,26.3,27.19,26.15,27.03,518447904,0.03722179585571772
2010-09-02,26.89,28.15,26.74,27.6,736820928,0.021087680355160954
2010-09-03,28.3,28.92,28.05,28.8,1315441792,0.04347826086956519
2010-09-06,29.18,29.29,28.63,29.09,569197696,0.010069444444444464
2010-09-08,28.31,28.48,27.79,27.83,906416896,-0.04331385355792372
2010-09-09,28.05,28.14,27.19,27.6,555649920,-0.008264462809917217
2010-09-10,27.5,27.94,27.41,27.52,460193376,-0.0028985507246377384
2010-09-13,27.75,28.32,27.55,28.3,679403584,0.02834302325581395
2010-09-14,28.19,28.57,26.85,26.85,1080012928,-0.051236749116607694
2010-09-15,26.0,26.6,25.75,26.45,1075958528,-0.014897579143389295
2010-09-16,26.11,26.68,26.05,26.36,535453024,-0.0034026465028355046
2010-09-17,26.13,26.54,26.1,26.44,474961664,0.003034901365705611
2010-09-20,26.42,27.43,26.2,27.1,722491008,0.024962178517397904
2010-09-21,27.12,27.25,26.35,26.35,765451072,-0.027675276752767486
2010-09-22,26.09,26.43,25.82,25.98,1138054400,-0.014041745730550281
2010-09-23,25.92,27.46,25.92,26.8,1486828160,0.03156274056966901
2010-09-24,27.05,27.09,26.3,26.3,2282613248,-0.018656716417910446
2010-09-27,26.34,26.69,26.05,26.5,1527330688,0.0076045627376426506
2010-09-28,26.76,26.89,26.45,26.7,925266752,0.007547169811320753
2010-09-29,26.6,27.5,26.54,27.5,2107722752,0.029962546816479474
2010-09-30,27.65,27.95,27.22,27.29,973470016,-0.007636363636363663
2010-10-01,27.58,27.7,27.31,27.5,617263104,0.007695126419934084
2010-10-04,27.48,27.85,27.35,27.38,690304832,-0.004363636363636347
2010-10-05,27.59,27.6,26.76,26.98,1146040576,-0.014609203798392922
2010-10-06,26.8,26.89,25.59,25.86,1764642688,-0.04151223128243142
2010-10-07,26.05,26.05,24.64,25.3,1494948096,-0.021655065738592327
2010-10-08,25.21,26.0,24.88,26.0,836534784,0.027667984189723382
2010-10-11,26.1,26.21,25.78,25.85,373014752,-0.005769230769230749
2010-10-13,26.02,26.09,25.58,25.71,777597504,-0.005415860735009659
2010-10-14,25.66,26.44,25.44,26.44,1055489408,0.02839362115908206
2010-10-15,26.53,26.64,26.18,26.29,704248000,-0.005673222390317756
2010-10-18,26.15,26.5,25.97,26.4,734797696,0.004184100418409997
2010-10-19,25.94,26.12,25.28,25.28,815909632,-0.042424242424242364
2010-10-20,25.47,25.63,24.99,24.99,781493824,-0.011471518987341889
2010-10-21,25.05,25.23,24.1,24.16,1096428288,-0.033213285314125596
2010-10-22,24.46,24.71,23.9,24.21,697496896,0.0020695364238410008
2010-10-25,24.45,24.79,24.35,24.57,531428736,0.014869888475836479
2010-10-26,24.52,26.25,24.45,25.85,1198400768,0.05209605209605206
2010-10-27,25.7,27.05,25.24,26.19,1480875776,0.013152804642166283
2010-10-28,26.49,26.84,25.87,26.26,963713344,0.002672775868652222
2010-10-29,26.59,26.59,25.85,25.85,829339840,-0.015613099771515593
2010-11-01,26.05,26.67,25.93,26.49,584643072,0.02475822050290133
2010-11-03,26.7,27.11,26.5,27.0,974409152,0.01925254813137034
2010-11-04,27.35,27.64,27.21,27.5,890837760,0.0185185185185186
2010-11-05,27.42,27.65,27.25,27.25,460446912,-0.009090909090909038
2010-11-08,27.11,27.58,27.1,27.53,686735296,0.010275229357798121
2010-11-09,27.62,27.77,27.12,27.12,570505792,-0.014892844169996367
2010-11-10,27.11,27.25,26.87,27.13,575163584,0.0003687315634217647
2010-11-11,27.07,27.11,26.65,26.72,733472960,-0.015112421673424303
2010-11-12,26.24,26.39,25.82,25.85,1085112320,-0.03255988023952083
2010-11-16,25.85,25.91,25.13,25.4,819935808,-0.01740812379110257
2010-11-17,25.49,25.69,25.28,25.45,429170368,0.0019685039370078705
2010-11-18,25.85,26.09,25.71,25.9,637167744,0.017681728880157177
2010-11-19,25.7,25.75,25.42,25.7,422024224,-0.007722007722007707
2010-11-22,25.64,25.67,24.95,25.06,486170880,-0.024902723735408583
2010-11-23,24.69,24.93,24.52,24.65,680543872,-0.016360734237829244
2010-11-24,24.9,25.37,24.75,25.24,600042304,0.023935091277890397
2010-11-25,25.35,25.35,24.85,24.85,223333632,-0.01545166402535647
2010-11-26,24.66,24.83,24.43,24.6,420759040,-0.010060362173038184
2010-11-29,24.55,24.94,24.46,24.7,459720544,0.00406504065040636
2010-11-30,24.69,25.1,24.51,24.59,701602880,-0.00445344129554659
2010-12-01,25.03,25.34,24.97,25.26,561913536,0.027246848312322047
2010-12-02,25.45,25.69,25.3,25.4,486475264,0.005542359461599311
2010-12-03,25.45,25.7,25.23,25.7,404362112,0.011811023622047223
2010-12-06,25.76,26.04,25.71,25.86,461911680,0.006225680933852118
2010-12-07,26.2,26.29,25.35,25.35,699590656,-0.019721577726218076
2010-12-08,25.38,25.5,25.0,25.0,541660096,-0.013806706114398493
2010-12-09,25.17,25.5,25.09,25.4,539980800,0.016000000000000014
2010-12-10,25.6,25.74,25.45,25.7,361420576,0.011811023622047223
2010-12-13,25.89,26.09,25.88,25.91,438761504,0.008171206225680905
2010-12-14,25.83,26.04,25.72,25.83,405612384,-0.0030876109610189495
2010-12-15,25.59,25.71,25.37,25.37,600886592,-0.01780874951606648
2010-12-16,25.5,25.65,25.26,25.35,397864832,-0.0007883326763894472
2010-12-17,25.23,25.94,25.04,25.94,455286624,0.023274161735700183
2010-12-20,25.94,26.06,25.57,25.57,823092480,-0.014263685427910566
2010-12-21,25.84,25.93,25.71,25.77,414000672,0.007821666014861117
2010-12-22,25.56,25.72,25.47,25.72,296701024,-0.0019402405898332198
2010-12-23,25.64,25.87,25.56,25.75,320066912,0.001166407465007735
2010-12-27,25.56,26.09,25.52,26.05,312272352,0.011650485436893288
2010-12-28,26.3,26.71,26.21,26.66,572688512,0.023416506717850227
2010-12-29,26.78,27.17,26.78,26.97,548328064,0.011627906976744207
2010-12-30,27.29,27.44,27.09,27.29,807665920,0.01186503522432325
2011-01-03,27.5,27.58,26.91,27.0,619848448,-0.010626603151337455
2011-01-04,27.01,27.06,26.4,26.9,825911424,-0.0037037037037037646
2011-01-05,26.68,27.35,26.58,27.22,658932480,0.011895910780669094
2011-01-06,27.2,27.46,27.01,27.11,662174848,-0.004041146216017588
2011-01-07,27.02,27.18,26.73,26.73,469865536,-0.014016967908520805
2011-01-10,26.65,27.02,26.58,26.98,385852960,0.009352787130564977
2011-01-11,27.1,27.4,27.07,27.15,631530688,0.006300963676797666
2011-01-12,27.38,27.98,27.32,27.9,1085585408,0.027624309392265234
2011-01-13,28.0,28.12,27.31,27.31,884760192,-0.021146953405017932
2011-01-14,27.27,27.71,27.25,27.55,556963648,0.008787989747345293
2011-01-17,27.42,27.77,27.36,27.45,531224896,-0.003629764065335772
2011-01-18,27.65,27.76,27.4,27.72,611717504,0.00983606557377037
2011-01-19,27.8,27.95,27.25,27.3,623855424,-0.015151515151515138
2011-01-20,27.15,27.52,26.96,27.27,583546112,-0.001098901098901095
2011-01-21,27.41,27.51,27.05,27.05,494131744,-0.008067473414008042
2011-01-24,27.08,27.25,26.81,27.0,291205984,-0.001848428835489857
2011-01-26,27.09,27.33,26.71,26.83,576725504,-0.006296296296296355
2011-01-27,26.95,27.15,26.71,26.87,499236704,0.001490868430860992
2011-01-28,27.05,27.08,26.25,26.67,746639488,-0.007443245254931119
2011-01-31,26.86,27.25,26.66,27.09,915317440,0.015748031496062964
2011-02-01,27.3,27.72,27.11,27.64,792509312,0.02030269472129942
2011-02-02,27.6,27.98,27.5,27.8,920249664,0.005788712011577379
2011-02-03,27.76,28.12,27.7,28.03,772404160,0.008273381294964022
2011-02-04,28.04,28.22,27.56,27.62,770812096,-0.014627185158758493
2011-02-07,27.8,27.87,27.11,27.22,654846592,-0.014482259232440287
2011-02-08,27.03,27.34,26.82,26.96,845198464,-0.009551800146950673
2011-02-09,26.86,26.97,26.11,26.18,863172224,-0.028931750741839846
2011-02-10,26.2,26.74,26.16,26.27,492606496,0.0034377387318562658
2011-02-11,26.45,26.7,26.3,26.4,516771872,0.004948610582413471
2011-02-14,26.41,26.91,26.24,26.75,486611808,0.013257575757575912
2011-02-15,26.67,27.32,26.63,26.97,755570752,0.008224299065420437
2011-02-16,27.2,27.45,27.07,27.31,659674304,0.012606599925843565
2011-02-17,27.4,27.44,27.04,27.25,521796192,-0.002196997436836323
2011-02-18,27.16,27.44,27.11,27.37,457891360,0.004403669724770687
2011-02-21,27.47,27.65,27.25,27.4,609496704,0.001096090610156919
2011-02-22,27.46,27.95,27.45,27.77,1018206784,0.013503649635036474
2011-02-23,27.91,28.9,27.8,28.71,1786001024,0.033849477853799215
2011-02-24,29.05,29.26,28.36,28.37,1454949248,-0.011842563566701547
2011-02-25,28.41,28.75,28.15,28.6,774861760,0.008107155445893577
2011-02-28,28.44,28.68,28.16,28.58,820185088,-0.0006993006993007977
2011-03-01,28.5,28.79,28.19,28.29,755041152,-0.010146955913226008
2011-03-02,28.3,28.96,28.17,28.9,740494144,0.021562389536938786
2011-03-03,28.92,28.97,28.6,28.96,499589056,0.0020761245674740803
2011-03-04,29.0,29.17,28.72,29.08,609583744,0.004143646408839796
2011-03-09,28.83,28.87,28.52,28.55,455112608,-0.018225584594222743
2011-03-10,28.4,28.43,27.88,28.12,640480640,-0.015061295971979027
2011-03-11,27.95,28.4,27.67,28.17,585290176,0.0017780938833571458
2011-03-14,28.0,28.42,27.87,28.28,382730880,0.003904863329783348
2011-03-15,27.45,28.17,27.45,28.04,628942144,-0.008486562942008558
2011-03-16,28.16,28.41,27.61,27.78,942836416,-0.00927246790299563
2011-03-17,28.14,28.2,27.88,28.08,463257152,0.010799136069114423
2011-03-18,28.2,28.22,27.82,27.9,605194368,-0.0064102564102563875
2011-03-21,28.16,28.35,27.98,28.13,805674112,0.008243727598566286
2011-03-22,28.05,28.54,28.02,28.33,669549376,0.00710984713828644
2011-03-23,28.3,28.68,28.23,28.62,582560320,0.010236498411577921
2011-03-24,28.66,28.78,28.35,28.43,350049344,-0.00663871418588402
2011-03-25,28.5,28.79,28.41,28.64,468047552,0.0073865634892720244
2011-03-28,28.56,28.8,28.35,28.35,326705536,-0.010125698324022325
2011-03-29,28.4,28.6,28.26,28.35,342202528,0.0
2011-03-30,28.52,28.55,28.3,28.37,394427424,0.000705467372134061
2011-03-31,28.41,28.65,28.38,28.51,396409568,0.004934790271413414
2011-04-01,28.62,28.74,28.52,28.74,433924544,0.008067344791301112
2011-04-04,28.8,28.85,28.56,28.61,387340000,-0.004523312456506612
2011-04-05,28.55,28.57,28.24,28.37,559777216,-0.008388675288360625
2011-04-06,28.35,28.42,28.07,28.17,413580832,-0.0070497003877334485
2011-04-07,28.13,28.25,27.72,28.0,610913600,-0.006034788782392719
2011-04-08,28.05,28.14,27.78,28.01,489088480,0.0003571428571429447
2011-04-11,27.99,27.99,27.42,27.49,536140032,-0.0185647982863264
2011-04-12,27.32,27.4,26.56,26.65,898170176,-0.03055656602400869
2011-04-13,26.8,26.8,26.05,26.15,787517056,-0.018761726078799223
2011-04-14,26.1,26.43,25.93,25.98,718149120,-0.006500956022944426
2011-04-15,26.08,26.56,26.05,26.53,718604096,0.02117013086989994
2011-04-18,26.31,26.31,25.48,25.49,924992192,-0.039200904636260914
2011-04-19,25.75,26.02,25.57,25.73,498540640,0.009415457041977326
2011-04-20,26.21,26.29,25.9,26.29,614765504,0.0217644772638943
2011-04-25,26.31,26.43,26.02,26.18,337235296,-0.004184100418409997
2011-04-26,26.2,26.33,25.95,26.2,316148768,0.0007639419404124048
2011-04-27,26.22,26.22,25.69,25.74,434729792,-0.017557251908396965
2011-04-28,25.65,25.66,25.26,25.45,608389504,-0.011266511266511237
2011-04-29,25.34,25.67,25.27,25.6,406373856,0.005893909626719207
2011-05-02,25.71,25.89,25.5,25.73,536108608,0.005078125000000044
2011-05-03,25.7,25.78,25.43,25.45,456049408,-0.01088223863194715
2011-05-04,25.59,25.63,25.2,25.32,648759232,-0.0051080550098231425
2011-05-05,25.19,25.34,24.24,24.47,767091776,-0.033570300157977906
2011-05-06,24.8,24.89,24.14,24.21,561733184,-0.010625255414793533
2011-05-09,24.24,24.69,24.2,24.6,447933216,0.01610904584882289
2011-05-10,24.72,24.86,24.51,24.68,310263712,0.003252032520325132
2011-05-11,24.55,24.58,24.01,24.01,531300896,-0.027147487844408347
2011-05-12,23.6,23.92,23.43,23.68,555548416,-0.01374427321949201
2011-05-13,23.77,23.85,23.48,23.52,474084832,-0.006756756756756799
2011-05-16,23.43,24.29,23.33,23.94,721225664,0.017857142857143016
2011-05-17,23.99,24.47,23.75,24.4,490860352,0.019214703425229684
2011-05-18,24.47,24.68,24.1,24.1,459054496,-0.012295081967212962
2011-05-19,24.25,24.39,23.64,23.64,423722176,-0.019087136929460624
2011-05-20,23.66,24.15,23.48,23.99,333132672,0.014805414551607443
2011-05-23,23.5,23.7,23.41,23.6,348385888,-0.016256773655689782
2011-05-24,23.86,24.08,23.74,23.85,305794208,0.010593220338983134
2011-05-25,23.83,24.21,23.65,23.9,297226240,0.002096436058700135
2011-05-26,24.0,24.2,23.76,24.2,402841376,0.012552301255230214
2011-05-27,24.32,24.44,24.14,24.29,333938656,0.0037190082644626976
2011-05-30,24.32,24.32,24.05,24.08,85829664,-0.008645533141210415
2011-05-31,24.3,24.35,23.88,24.09,389055040,0.0004152823920267057
2011-06-01,24.0,24.14,23.83,24.0,428732864,-0.0037359900373599153
2011-06-02,24.07,24.07,23.73,23.95,375937312,-0.002083333333333326
2011-06-03,23.78,24.16,23.67,23.78,367175968,-0.007098121085594933
2011-06-06,23.87,23.93,23.15,23.2,515581536,-0.024390243902439046
2011-06-07,23.36,23.37,22.94,23.0,536137280,-0.008620689655172376
2011-06-08,22.95,23.45,22.85,23.2,505122496,0.008695652173912993
2011-06-09,23.24,23.94,23.09,23.7,579162048,0.02155172413793105
2011-06-10,23.78,23.84,23.54,23.72,416441728,0.0008438818565401629
2011-06-13,23.77,23.82,23.26,23.33,284874496,-0.016441821247892063
2011-06-14,23.42,23.69,23.42,23.6,319019904,0.01157308186883843
2011-06-15,23.29,23.55,23.15,23.3,480430208,-0.012711864406779738
2011-06-16,23.29,23.75,23.09,23.29,472233568,-0.00042918454935625405
2011-06-17,23.47,23.48,23.19,23.24,330994272,-0.002146844139115478
2011-06-20,23.2,23.44,23.06,23.1,439826368,-0.0060240963855420215
2011-06-21,23.2,23.3,23.04,23.24,313778528,0.006060606060605878
2011-06-22,23.2,23.67,23.17,23.26,437091552,0.000860585197934638
2011-06-24,23.17,23.21,22.85,22.87,367269024,-0.016766981943250214
2011-06-27,23.0,23.19,22.87,23.08,345315424,0.009182334936598036
2011-06-28,23.17,23.45,23.1,23.45,366736512,0.01603119584055457
2011-06-29,23.5,23.54,23.2,23.38,330636064,-0.0029850746268657025
2011-06-30,23.59,23.72,23.5,23.72,379515168,0.014542343883661157
2011-07-01,23.65,23.89,23.47,23.75,431975360,0.001264755480607116
2011-07-04,23.72,23.85,23.71,23.8,134436384,0.002105263157894832
2011-07-05,23.8,23.98,23.51,23.56,302128128,-0.010084033613445453
2011-07-06,23.45,23.65,23.29,23.51,307918048,-0.0021222410865873176
2011-07-07,23.7,23.79,23.55,23.63,363721696,0.005104210974053558
2011-07-08,23.5,23.63,23.4,23.44,318478240,-0.008040626322471378
2011-07-11,23.2,23.32,23.06,23.15,383928096,-0.012372013651877234
2011-07-12,23.02,23.3,22.93,23.12,274187008,-0.001295896328293633
2011-07-13,23.29,23.44,23.13,23.39,357338528,0.011678200692041507
2011-07-14,23.27,23.36,22.86,22.95,396514208,-0.018811457887986327
2011-07-15,23.0,23.11,22.86,22.99,362842688,0.0017429193899782813
2011-07-18,22.81,23.0,22.53,22.76,372716448,-0.010004349717268268
2011-07-19,22.87,22.97,22.56,22.65,389216160,-0.004833040421792778
2011-07-20,22.75,22.81,22.38,22.38,426213696,-0.01192052980132452
2011-07-21,22.48,23.11,22.43,23.0,434773216,0.027703306523681803
2011-07-22,23.02,23.27,22.85,22.97,310445600,-0.0013043478260870156
2011-07-25,23.09,23.6,23.05,23.5,626728128,0.02307357422725298
2011-07-26,23.59,23.92,23.48,23.66,600796928,0.006808510638297793
2011-07-27,23.59,23.78,23.41,23.59,523798656,-0.00295857988165682
2011-07-28,23.69,23.74,23.44,23.5,406460992,-0.0038151759220008685
2011-07-29,23.18,23.54,23.17,23.5,320776640,0.0
2011-08-01,23.66,23.75,23.42,23.5,349950432,0.0
2011-08-02,23.49,23.63,23.09,23.17,338802944,-0.014042553191489282
2011-08-03,23.05,23.08,22.25,22.29,574200128,-0.037980146741476206
2011-08-04,21.9,21.99,20.65,20.65,906797376,-0.07357559443696726
2011-08-05,20.62,20.98,19.73,20.18,813073408,-0.022760290556900653
2011-08-08,19.22,19.48,18.37,18.65,767577344,-0.07581764122893964
2011-08-09,18.83,19.67,18.62,19.15,873564672,0.02680965147453085
2011-08-10,19.01,19.85,18.81,19.73,741865536,0.030287206266318645
2011-08-11,19.95,20.47,19.42,20.21,773732736,0.024328433857070397
2011-08-12,20.23,20.52,20.09,20.3,674487040,0.004453240969816807
2011-08-15,20.5,20.99,20.47,20.99,450457600,0.03399014778325116
2011-08-16,20.77,20.84,20.48,20.76,404770112,-0.010957598856598194
2011-08-17,20.8,20.96,20.54,20.87,391031776,0.005298651252408471
2011-08-18,20.35,20.37,19.77,20.3,515118656,-0.027311931001437473
2011-08-19,19.93,20.35,19.7,19.7,471422880,-0.029556650246305494
2011-08-22,20.1,20.27,19.64,19.65,341986752,-0.002538071065989911
2011-08-23,19.8,20.3,19.51,20.16,436960864,0.025954198473282508
2011-08-24,20.12,20.35,19.99,20.23,371635072,0.003472222222222321
2011-08-25,20.15,20.29,19.78,19.86,387278528,-0.018289668808699977
2011-08-26,19.71,20.07,19.58,19.9,351737792,0.002014098690835908
2011-08-29,20.18,20.63,20.17,20.49,334837984,0.029648241206030157
2011-08-30,20.38,20.73,20.3,20.55,348578752,0.002928257686676483
2011-08-31,20.76,20.87,20.43,20.8,545427136,0.012165450121654597
2011-09-01,21.12,21.14,20.85,21.04,455381536,0.011538461538461497
2011-09-02,20.66,20.76,20.03,20.37,494787328,-0.03184410646387825
2011-09-05,19.9,20.1,19.85,20.03,189600672,-0.016691212567501168
2011-09-06,19.73,20.54,19.68,20.47,436914144,0.02196704942586103
2011-09-08,20.75,20.88,20.57,20.66,334135136,0.009281875915974735
2011-09-09,20.5,20.6,20.07,20.15,398330048,-0.02468538238141349
2011-09-12,19.8,20.34,19.72,20.34,333796096,0.0094292803970224
2011-09-13,20.4,20.45,20.15,20.32,303962880,-0.000983284169124854
2011-09-14,20.35,20.82,20.18,20.52,402883584,0.009842519685039353
2011-09-15,20.7,20.78,20.47,20.55,267334112,0.0014619883040936088
2011-09-16,20.55,20.67,20.4,20.65,269411264,0.0048661800486617945
2011-09-19,20.33,20.82,20.32,20.8,413094208,0.007263922518159882
2011-09-20,20.78,21.08,20.58,20.6,310092960,-0.009615384615384581
2011-09-21,20.75,21.06,20.55,20.6,403664000,0.0
2011-09-22,20.02,20.17,19.3,19.5,618610432,-0.05339805825242727
2011-09-23,19.51,19.73,19.12,19.16,345806560,-0.017435897435897463
2011-09-26,19.35,19.78,18.97,19.78,339932000,0.03235908141962418
2011-09-27,20.09,20.1,19.52,19.55,305369344,-0.011627906976744207
2011-09-28,19.58,19.7,19.33,19.35,303202656,-0.010230179028132946
2011-09-29,19.48,19.58,19.23,19.4,295184640,0.0025839793281652312
2011-09-30,19.18,19.38,18.93,19.1,390826080,-0.01546391752577303
2011-10-03,18.96,19.07,18.41,18.41,534841216,-0.036125654450261835
2011-10-04,18.25,18.55,17.9,18.55,535950560,0.0076045627376426506
2011-10-05,18.4,18.75,18.05,18.21,373203872,-0.01832884097035037
2011-10-06,18.49,19.09,18.35,18.85,513038112,0.0351455244371226
2011-10-07,19.07,19.07,18.21,18.3,398480416,-0.02917771883289133
2011-10-10,18.5,18.98,18.35,18.91,330064544,0.033333333333333215
2011-10-11,18.7,19.21,18.55,19.16,562128000,0.01322051824431525
2011-10-13,19.4,19.54,18.98,19.39,520286464,0.012004175365344594
2011-10-14,19.55,19.7,19.31,19.64,407857120,0.012893243940175436
2011-10-17,19.45,19.7,18.98,19.3,439496768,-0.01731160896130346
2011-10-18,19.2,19.53,19.01,19.45,431278688,0.007772020725388629
2011-10-19,19.44,19.49,19.07,19.23,315596384,-0.01131105398457577
2011-10-20,19.18,19.18,18.62,18.82,326305824,-0.021320852834113335
2011-10-21,18.96,19.38,18.93,19.27,361336512,0.023910733262486605
2011-10-24,19.4,19.89,19.24,19.78,428191776,0.026466009340944563
2011-10-25,19.65,20.13,19.54,19.93,433780928,0.007583417593528763
2011-10-26,20.15,20.25,19.86,20.08,317253056,0.007526342197691882
2011-10-27,20.67,21.24,20.55,20.94,819304896,0.04282868525896433
2011-10-28,20.85,21.58,20.78,21.58,637421888,0.030563514804202274
2011-10-31,21.65,21.98,21.26,21.32,664549760,-0.012048192771084265
2011-11-01,20.4,21.25,20.4,21.13,581413696,-0.008911819887429728
2011-11-03,21.56,21.97,21.32,21.92,522500736,0.037387600567913015
2011-11-04,21.73,22.18,21.71,22.1,421136000,0.008211678832116709
2011-11-07,22.05,22.78,21.97,22.68,572855104,0.02624434389140262
2011-11-08,22.8,22.94,22.32,22.41,497152544,-0.011904761904761862
2011-11-09,22.01,22.19,21.44,21.46,604277376,-0.042391789379741196
2011-11-10,21.75,21.9,21.51,21.51,333920800,0.002329916123019693
2011-11-11,21.89,22.15,21.79,21.96,362434368,0.02092050209205021
2011-11-14,21.86,22.05,21.63,21.92,277140736,-0.0018214936247722413
2011-11-16,21.96,22.22,21.72,22.11,455535872,0.008667883211678662
2011-11-17,21.96,22.12,21.49,21.52,488452160,-0.0266847580280416
2011-11-18,21.7,21.87,21.47,21.75,434574976,0.010687732342007372
2011-11-21,21.41,21.85,21.31,21.8,710968576,0.0022988505747125743
2011-11-22,21.74,21.98,21.62,21.68,433017120,-0.005504587155963359
2011-11-23,21.49,21.68,21.44,21.57,361879424,-0.005073800738007339
2011-11-24,21.74,21.8,21.53,21.67,221279648,0.004636068613815603
2011-11-25,21.48,21.65,21.01,21.01,390064832,-0.030456852791878153
2011-11-28,21.51,21.68,21.36,21.5,321136384,0.023322227510709004
2011-11-29,21.52,21.89,21.32,21.41,396985440,-0.0041860465116279055
2011-11-30,21.8,22.22,21.68,22.05,645241984,0.029892573563755187
2011-12-01,22.33,22.53,22.13,22.52,500056416,0.021315192743764033
2011-12-02,22.62,22.73,22.35,22.53,394441664,0.000444049733570262
2011-12-05,22.74,23.12,22.64,22.97,438046048,0.019529516200621266
2011-12-06,22.82,23.36,22.82,23.32,394293280,0.015237265999129335
2011-12-07,23.34,23.47,23.01,23.29,432197504,-0.0012864493996569415
2011-12-08,23.35,23.45,22.37,22.52,577945792,-0.03306139974237865
2011-12-09,22.71,23.15,22.6,23.02,404387424,0.022202486678507993
2011-12-12,22.76,22.85,22.18,22.42,352875520,-0.026064291920069427
2011-12-13,22.59,22.8,22.37,22.42,518326624,0.0
2011-12-14,22.35,22.45,21.82,21.82,719457088,-0.0267618198037467
2011-12-15,22.05,22.3,21.47,21.51,543354432,-0.014207149404216302
2011-12-16,21.6,21.71,21.3,21.3,455494080,-0.009762900976290179
2011-12-19,21.37,21.62,21.12,21.12,404503424,-0.008450704225352101
2011-12-20,21.4,22.1,21.31,22.1,532891648,0.04640151515151514
2011-12-21,21.9,21.99,21.52,21.92,403643936,-0.008144796380090469
2011-12-22,22.08,22.3,21.92,22.15,311111072,0.010492700729926918
2011-12-23,22.27,22.39,22.17,22.22,207177312,0.0031602708803610824
2011-12-26,22.3,22.34,22.17,22.17,62724216,-0.0022502250225021614
2011-12-27,22.17,22.32,22.14,22.2,206410480,0.0013531799729362692
2011-12-28,22.24,22.24,21.42,21.43,343462208,-0.034684684684684663
2011-12-29,21.59,21.59,21.0,21.49,463590848,0.002799813345776947
2012-01-02,21.51,22.12,21.26,21.73,439552960,0.011167985109353351
2012-01-03,21.83,22.41,21.81,22.41,507187392,0.031293143120110445
2012-01-04,22.18,22.58,21.98,22.57,417970560,0.007139669790272141
2012-01-05,22.39,22.61,22.15,22.31,435807520,-0.011519716437749294
2012-01-06,22.47,22.58,22.25,22.33,312031360,0.0008964589870013029
2012-01-09,22.44,22.63,22.28,22.63,328707904,0.01343484102104786
2012-01-10,22.94,23.02,22.79,22.9,483295392,0.01193106495802021
2012-01-11,22.89,23.0,22.65,22.91,453264352,0.0004366812227074579
2012-01-12,22.99,23.27,22.78,23.08,653411584,0.007420340462680031
2012-01-13,22.95,23.1,22.85,23.05,622932736,-0.0012998266897745747
2012-01-16,23.05,23.7,23.02,23.65,704140352,0.026030368763557465
2012-01-17,23.97,24.13,23.7,23.8,642707648,0.00634249471458781
2012-01-18,23.82,24.46,23.82,24.37,624859840,0.023949579831932688
2012-01-19,24.4,24.54,24.21,24.21,556803328,-0.006565449322938011
2012-01-20,24.1,24.22,23.88,24.22,400319392,0.0004130524576619887
2012-01-23,24.09,25.49,24.04,25.13,909036224,0.037572254335260125
2012-01-24,25.05,25.78,24.95,25.4,948414144,0.010744130521289197
2012-01-26,25.73,25.89,24.92,24.92,775954432,-0.018897637795275424
2012-01-27,25.08,25.15,24.62,24.67,436799872,-0.010032102728731895
2012-01-30,24.43,24.63,24.35,24.57,412084352,-0.004053506282934771
2012-01-31,24.75,24.94,24.33,24.57,691236864,0.0
2012-02-01,24.7,25.17,24.63,24.95,606225792,0.015466015466015337
2012-02-02,24.88,25.22,24.45,24.53,658605760,-0.01683366733466929
2012-02-03,24.47,24.93,24.37,24.61,501537984,0.0032613126783529456
2012-02-06,24.49,24.86,24.4,24.86,355924640,0.010158472165786359
2012-02-07,24.72,25.64,24.72,25.6,744863808,0.02976669348350769
2012-02-08,25.65,25.88,25.3,25.43,635568448,-0.006640625000000067
2012-02-09,25.48,25.74,25.17,25.5,601670016,0.002752654345261618
2012-02-10,24.24,24.55,23.5,23.5,2110812928,-0.07843137254901966
2012-02-13,23.8,24.54,23.62,24.36,1128500096,0.03659574468085114
2012-02-14,24.36,24.36,23.1,23.21,993616128,-0.0472085385878489
2012-02-15,23.49,23.59,22.71,23.1,929303232,-0.004739336492890933
2012-02-16,22.95,23.93,22.83,23.88,864099648,0.033766233766233666
2012-02-17,24.1,24.15,23.65,24.05,580895872,0.0071189279731993516
2012-02-22,23.92,24.13,23.74,23.89,410406208,-0.006652806652806653
2012-02-23,23.68,24.09,23.67,23.92,501413056,0.0012557555462537895
2012-02-24,24.15,24.59,24.11,24.48,575761664,0.02341137123745818
2012-02-27,24.65,24.92,24.29,24.35,741120064,-0.00531045751633985
2012-02-28,24.51,24.69,24.33,24.33,573260544,-0.000821355236139798
2012-02-29,24.5,24.64,24.24,24.31,575327232,-0.0008220304151252966
2012-03-01,24.51,24.88,24.46,24.88,459703808,0.023447141094199875
2012-03-02,24.94,25.3,24.86,25.3,504735040,0.01688102893890675
2012-03-05,25.15,25.24,24.45,24.59,564046976,-0.028063241106719428
2012-03-06,24.1,24.13,23.59,23.75,601533248,-0.03416022773485161
2012-03-07,24.05,24.15,23.76,23.98,389813344,0.00968421052631574
2012-03-08,24.42,24.45,23.91,24.09,334933024,0.004587155963302836
2012-03-09,24.1,24.25,23.71,23.71,356541088,-0.01577418015774179
2012-03-12,23.55,23.76,23.36,23.43,326643712,-0.011809363137916584
2012-03-13,23.65,24.43,23.48,24.43,651675584,0.042680324370465206
2012-03-14,24.4,25.08,24.28,24.83,862639232,0.016373311502251298
2012-03-15,24.68,24.99,24.17,24.22,650143232,-0.02456705598066855
2012-03-16,24.25,24.45,23.62,24.35,932404352,0.005367464905037256
2012-03-19,24.27,24.67,24.02,24.51,918684736,0.006570841889117052
2012-03-20,24.01,24.31,23.97,24.27,425236064,-0.009791921664626724
2012-03-21,24.21,24.4,24.07,24.11,300447040,-0.006592501030078246
2012-03-22,23.99,24.05,23.7,23.8,394881856,-0.012857735379510515
2012-03-23,23.93,24.1,23.67,23.7,382552384,-0.004201680672269004
2012-03-26,23.94,24.28,23.86,24.21,356377568,0.021518987341772267
2012-03-27,24.21,24.29,23.8,23.8,493616288,-0.01693515076414709
2012-03-28,23.79,23.8,23.21,23.39,461012096,-0.01722689075630257
2012-03-29,23.21,23.4,22.93,23.32,544323392,-0.0029927319367251126
2012-03-30,23.5,23.54,23.11,23.35,411742144,0.0012864493996569415
2012-04-02,23.28,23.6,23.02,23.23,420093440,-0.005139186295503251
2012-04-03,23.22,23.3,22.52,22.55,474286976,-0.02927249246663799
2012-04-04,22.26,22.36,21.76,21.76,526724256,-0.03503325942350333
2012-04-05,21.82,22.18,21.66,22.0,443241792,0.011029411764705843
2012-04-09,21.76,21.87,21.51,21.59,311541952,-0.018636363636363673
2012-04-10,21.5,21.71,21.01,21.19,415372160,-0.018527095877721056
2012-04-11,21.45,21.59,21.27,21.35,528184512,0.007550731477111938
2012-04-12,21.51,22.08,21.38,22.01,420373376,0.030913348946135732
2012-04-13,21.88,22.05,21.55,21.67,422942592,-0.015447523852794132
2012-04-16,21.83,21.93,21.35,21.51,348439488,-0.007383479464697751
2012-04-17,21.78,21.78,21.38,21.58,353308288,0.0032543003254299485
2012-04-18,21.55,21.86,21.27,21.76,501881600,0.008341056533827773
2012-04-19,21.63,21.9,21.45,21.45,251397824,-0.014246323529411908
2012-04-20,21.62,21.79,21.46,21.46,186113264,0.00046620046620060585
2012-04-23,21.21,21.3,21.05,21.28,327353504,-0.008387698042870428
2012-04-24,21.33,21.39,21.11,21.24,288700640,-0.001879699248120481
2012-04-25,21.38,21.49,20.81,21.13,561490240,-0.005178907721280601
2012-04-26,20.9,21.33,20.83,21.24,475089152,0.005205868433506788
2012-04-27,21.35,21.35,20.87,20.93,309328640,-0.014595103578154411
2012-04-30,20.97,21.29,20.88,21.29,337934176,0.017200191113234675
2012-05-02,21.26,22.06,21.21,22.0,595954560,0.033348990136214285
2012-05-03,21.99,22.25,21.33,21.4,486613952,-0.027272727272727337
2012-05-04,21.26,21.37,20.2,20.48,799636416,-0.04299065420560744
2012-05-07,20.45,20.72,20.1,20.58,476406656,0.0048828125
2012-05-08,20.4,20.49,20.01,20.26,472615744,-0.015549076773566428
2012-05-09,20.05,20.25,19.78,20.16,493119200,-0.0049358341559724295
2012-05-10,20.3,20.5,19.92,19.92,388339136,-0.011904761904761862
2012-05-11,19.71,20.05,19.53,19.53,445220672,-0.01957831325301207
2012-05-14,19.08,19.25,18.9,18.9,497565376,-0.032258064516129115
2012-05-15,19.0,19.27,18.49,18.49,592326208,-0.021693121693121653
2012-05-16,19.27,19.6,18.95,19.29,1032027776,0.04326663061114111
2012-05-17,19.44,19.44,18.43,18.43,610294400,-0.04458268532918608
2012-05-18,18.6,19.21,18.43,19.07,583290304,0.03472599023331524
2012-05-21,19.19,20.4,19.14,20.4,804825152,0.06974305191400099
2012-05-22,20.32,20.5,19.7,19.71,513548768,-0.033823529411764586
2012-05-23,19.66,19.79,18.9,19.23,506548064,-0.0243531202435312
2012-05-24,19.34,19.56,18.56,18.7,463977600,-0.027561102444097818
2012-05-25,18.72,19.1,18.53,18.64,351960064,-0.0032085561497325887
2012-05-28,18.95,19.15,18.78,18.79,169954608,0.008047210300429208
2012-05-29,18.91,19.22,18.7,18.85,439318432,0.0031931878658861823
2012-05-30,18.56,18.68,18.32,18.35,433179936,-0.02652519893899208
2012-05-31,18.48,19.13,18.08,19.13,564546048,0.04250681198910078
2012-06-01,18.53,19.02,18.39,18.8,574960512,-0.017250392054364738
2012-06-04,18.84,19.26,18.68,19.11,444755840,0.01648936170212756
2012-06-05,19.21,19.32,18.74,18.8,392692128,-0.016221873364730466
2012-06-06,19.05,19.32,18.96,19.09,547511680,0.015425531914893487
2012-06-08,19.05,19.2,18.66,18.88,418839936,-0.011000523834468368
2012-06-11,19.11,19.19,18.39,18.39,431679392,-0.025953389830508433
2012-06-12,18.45,18.67,18.32,18.6,454727552,0.011419249592169667
2012-06-13,18.53,18.92,18.4,18.9,522610368,0.01612903225806428
2012-06-14,18.55,18.78,18.15,18.17,750249600,-0.03862433862433845
2012-06-15,18.27,18.55,17.83,18.55,528563904,0.02091359383599345
2012-06-18,18.43,19.04,18.21,18.9,641981568,0.01886792452830166
2012-06-19,19.0,19.99,18.95,19.65,965882048,0.039682539682539764
2012-06-20,19.73,20.15,19.65,19.9,620196992,0.012722646310432628
2012-06-21,20.01,20.07,19.27,19.27,539190528,-0.03165829145728638
2012-06-22,19.4,19.66,19.06,19.55,399623584,0.014530358069538174
2012-06-25,18.7,18.89,17.8,17.8,894361088,-0.08951406649616367
2012-06-26,18.04,18.25,17.76,18.0,665900288,0.011235955056179803
2012-06-27,18.0,18.21,17.62,17.64,375267968,-0.020000000000000018
2012-06-28,17.6,18.0,17.42,17.7,378882272,0.00340136054421758
2012-06-29,18.24,18.33,17.97,18.25,420871648,0.031073446327683607
2012-07-02,18.1,18.49,17.97,18.36,356652160,0.0060273972602740145
2012-07-03,18.52,19.13,18.4,18.99,556172416,0.034313725490195957
2012-07-04,18.89,19.22,18.79,18.95,231140368,-0.002106371774618143
2012-07-05,19.1,19.79,19.05,19.6,705880320,0.03430079155672838
2012-07-06,19.35,19.5,19.1,19.2,406762240,-0.020408163265306256
2012-07-10,19.1,19.18,18.35,18.39,573710144,-0.04218749999999993
2012-07-11,18.51,18.8,18.21,18.54,403274784,0.00815660685154973
2012-07-12,18.3,18.73,18.04,18.58,477387296,0.0021574973031284195
2012-07-13,19.55,19.64,19.33,19.55,1006591680,0.052206673842841944
2012-07-16,19.55,19.76,19.16,19.35,518879040,-0.010230179028132946
2012-07-17,19.43,19.59,19.12,19.25,320713568,-0.0051679586563307955
2012-07-18,19.15,19.33,18.98,19.33,328472064,0.004155844155844024
2012-07-19,19.33,19.77,19.33,19.62,407901184,0.015002586652871353
2012-07-20,19.38,19.56,19.11,19.18,367180672,-0.022426095820591296
2012-07-23,18.87,19.04,18.41,18.96,400622688,-0.01147028154327423
2012-07-24,19.05,19.2,18.63,18.79,367988064,-0.008966244725738481
2012-07-25,19.0,19.21,18.75,19.0,336710976,0.011176157530601527
2012-07-26,19.26,19.41,19.0,19.26,396359200,0.013684210526315965
2012-07-27,19.45,20.18,19.31,20.17,747948544,0.04724818276220155
2012-07-30,20.06,20.31,19.81,20.31,459853824,0.006941001487357212
2012-07-31,20.31,20.31,19.43,19.5,752519552,-0.039881831610044216
2012-08-01,19.5,19.92,19.1,19.82,541087232,0.016410256410256396
2012-08-02,19.55,20.04,19.41,19.6,497663040,-0.011099899091826404
2012-08-03,19.98,20.27,19.86,19.94,615248192,0.0173469387755103
2012-08-06,19.02,20.26,18.83,19.92,1087793024,-0.0010030090270811698
2012-08-07,20.15,20.64,20.07,20.25,732152128,0.016566265060240948
2012-08-08,20.39,21.2,20.25,21.18,861555776,0.045925925925925926
2012-08-09,20.91,21.13,20.7,21.0,500133440,-0.008498583569405138
2012-08-10,20.82,21.19,20.75,21.07,396446208,0.0033333333333334103
2012-08-13,21.02,21.29,20.91,21.03,412372320,-0.0018984337921215122
2012-08-14,21.15,21.35,20.81,20.84,418755936,-0.00903471231573949
2012-08-15,20.78,21.11,20.74,21.05,578789056,0.010076775431861806
2012-08-16,21.3,21.53,21.14,21.46,465549536,0.019477434679334937
2012-08-17,21.57,21.6,21.32,21.55,376269056,0.00419384902143527
2012-08-20,21.49,21.71,21.4,21.58,684179328,0.0013921113689094877
2012-08-21,21.86,21.88,21.16,21.24,648175872,-0.01575532900834109
2012-08-22,21.12,21.53,21.03,21.49,448306080,0.011770244821092346
2012-08-23,21.4,21.51,21.14,21.28,361285344,-0.009771986970683932
2012-08-24,21.1,21.49,21.05,21.23,494901248,-0.0023496240601503793
2012-08-27,21.27,21.39,21.03,21.37,311507680,0.006594441827602493
2012-08-28,21.26,21.49,21.26,21.34,264440736,-0.0014038371548901196
2012-08-29,21.49,21.52,21.1,21.21,407589248,-0.006091846298031833
2012-08-30,21.09,21.26,20.9,21.04,322316448,-0.008015087223008144
2012-08-31,21.15,21.21,20.75,20.75,498435904,-0.013783269961977096
2012-09-03,20.77,20.87,20.5,20.68,206179520,-0.0033734939759035854
2012-09-04,20.63,20.74,20.38,20.43,288155296,-0.012088974854932322
2012-09-05,20.55,20.7,20.28,20.59,272793568,0.007831620166421915
2012-09-06,20.67,21.14,20.6,21.0,390592512,0.019912578921806645
2012-09-10,21.44,21.54,21.14,21.23,486170560,0.010952380952381047
2012-09-11,21.27,21.76,21.25,21.72,407482592,0.023080546396608392
2012-09-12,21.81,22.07,21.68,21.99,600048192,0.012430939226519389
2012-09-13,21.94,23.06,21.81,22.9,902810368,0.04138244656662127
2012-09-14,23.07,23.84,23.05,23.3,1084782976,0.017467248908296984
2012-09-17,23.17,23.69,22.86,23.25,708799296,-0.0021459227467811592
2012-09-18,23.34,23.44,23.05,23.2,386924800,-0.0021505376344086446
2012-09-19,23.15,23.34,22.65,22.67,671415744,-0.022844827586206762
2012-09-20,22.54,23.2,22.42,22.93,479902080,0.011468901632112782
2012-09-21,23.15,23.25,22.7,22.7,427632064,-0.01003052769297863
2012-09-24,22.66,22.96,22.55,22.96,407453632,0.011453744493392204
2012-09-25,22.96,23.1,22.6,22.74,572587648,-0.009581881533101133
2012-09-26,22.52,22.82,22.46,22.77,420915328,0.0013192612137202797
2012-09-27,22.9,22.99,22.69,22.71,414918464,-0.0026350461133068936
2012-09-28,22.55,22.65,22.2,22.37,416939136,-0.014971378247468081
2012-10-01,22.33,22.84,22.31,22.51,351984800,0.006258381761287568
2012-10-02,22.67,22.8,22.34,22.7,353166688,0.008440693025322021
2012-10-03,22.76,22.88,22.28,22.34,505370528,-0.01585903083700435
2012-10-04,22.36,22.57,22.02,22.4,498294528,0.0026857654431511335
2012-10-05,22.68,22.68,22.2,22.25,327082432,-0.006696428571428492
2012-10-08,22.1,22.49,22.1,22.41,294803488,0.007191011235955003
2012-10-09,22.45,22.6,22.19,22.22,377976352,-0.008478357875948306
2012-10-10,22.27,22.4,22.11,22.12,352734432,-0.004500450045004434
2012-10-11,22.27,22.6,22.2,22.5,493375520,0.017179023508137492
2012-10-15,22.55,22.81,22.43,22.8,522980896,0.01333333333333342
2012-10-16,22.94,23.1,22.54,22.8,492777504,0.0
2012-10-17,22.74,22.88,22.55,22.62,613536640,-0.007894736842105288
2012-10-18,22.55,22.65,22.3,22.5,678767936,-0.0053050397877985045
2012-10-19,22.53,22.6,22.25,22.25,444554208,-0.011111111111111072
2012-10-22,22.33,22.55,22.01,22.05,413794400,-0.008988764044943753
2012-10-23,21.94,21.97,21.5,21.67,558607104,-0.01723356009070287
2012-10-24,21.73,21.81,21.54,21.54,232134032,-0.005999077065067082
2012-10-25,21.71,22.03,21.64,21.75,250119136,0.009749303621169991
2012-10-26,21.69,22.41,21.61,22.1,559408256,0.016091954022988464
2012-10-29,21.5,21.6,21.17,21.35,430541664,-0.0339366515837104
2012-10-30,21.4,21.68,21.4,21.53,180425152,0.00843091334894619
2012-10-31,21.63,21.72,20.8,20.8,617079232,-0.03390617742684632
2012-11-01,20.92,21.06,20.68,20.85,460913792,0.0024038461538462563
2012-11-05,20.63,21.25,20.43,21.24,467481536,0.01870503597122286
2012-11-06,21.44,21.8,21.27,21.68,456368896,0.020715630885122405
2012-11-07,21.62,21.72,21.04,21.18,492464736,-0.023062730627306238
2012-11-08,21.2,21.35,20.57,20.61,472153440,-0.026912181303116123
2012-11-09,20.55,21.11,20.52,20.78,423024384,0.008248423095584823
2012-11-12,20.83,20.96,20.44,20.44,341055296,-0.016361886429258843
2012-11-13,20.44,20.67,20.28,20.47,508640512,0.0014677103718199191
2012-11-14,20.29,20.54,19.66,19.8,554604864,-0.03273082559843665
2012-11-16,19.67,19.8,18.84,19.03,632700928,-0.03888888888888886
2012-11-19,19.44,19.62,19.13,19.13,416072064,0.005254860746190193
2012-11-21,19.47,19.56,18.62,18.62,601658432,-0.0266596968112911
2012-11-22,18.81,18.95,18.45,18.65,307609024,0.0016111707841028888
2012-11-23,18.65,19.18,18.5,19.17,361517920,0.02788203753351226
2012-11-26,19.13,19.13,18.7,18.82,332529248,-0.018257694314032458
2012-11-27,18.92,19.29,18.48,18.51,580802112,-0.016471838469713007
2012-11-28,18.44,18.83,18.35,18.65,467452000,0.007563479200431988
2012-11-29,19.0,19.15,18.74,19.15,488420384,0.02680965147453085
2012-11-30,19.09,19.28,18.51,18.66,673131520,-0.025587467362924166
2012-12-03,18.88,19.04,18.71,19.0,397640544,0.018220793140407254
2012-12-04,19.04,19.14,18.76,18.82,452273792,-0.0094736842105263
2012-12-05,19.0,19.01,18.74,18.94,312389856,0.006376195536663243
2012-12-06,18.92,18.98,18.7,18.7,363382976,-0.012671594508975814
2012-12-07,18.77,19.1,18.66,19.08,315804320,0.02032085561497321
2012-12-10,19.04,19.57,18.94,19.57,440434688,0.025681341719077766
2012-12-11,19.67,19.99,19.61,19.99,540498240,0.021461420541645237
2012-12-12,19.93,20.05,19.68,19.85,681685120,-0.007003501750875274
2012-12-13,19.73,19.83,19.5,19.57,634777152,-0.014105793450881698
2012-12-14,19.59,20.28,19.53,20.21,890058432,0.0327031170158405
2012-12-17,20.08,20.14,19.8,19.92,539266304,-0.014349332013854466
2012-12-18,19.86,20.26,19.85,20.17,492205120,0.012550200803212785
2012-12-19,20.4,20.99,20.4,20.93,1000132480,0.037679722359940326
2012-12-20,20.87,21.09,20.63,21.05,525441920,0.005733397037744892
2012-12-21,20.66,20.74,20.39,20.69,601361280,-0.017102137767220915
2012-12-26,20.54,20.68,20.06,20.06,462216928,-0.030449492508458298
2012-12-27,20.06,20.17,19.35,19.41,565185216,-0.032402791625124605
2012-12-28,19.5,19.63,19.3,19.52,545475648,0.005667181865018023
2013-01-02,19.99,20.21,19.69,19.69,594550464,0.008709016393442681
2013-01-03,19.81,20.4,19.7,20.4,610797120,0.0360589131538851
2013-01-04,20.33,20.62,20.17,20.48,735172736,0.0039215686274509665
2013-01-07,20.48,20.67,19.95,20.08,561481600,-0.01953125000000011
2013-01-08,20.11,20.23,19.46,19.5,560732672,-0.028884462151394286
2013-01-09,19.64,19.87,19.46,19.68,472545856,0.009230769230769154
2013-01-10,19.77,19.88,19.54,19.83,332349632,0.007621951219512146
2013-01-11,19.85,20.04,19.7,19.88,353080416,0.002521432173474558
2013-01-14,20.01,20.24,19.76,19.85,546860032,-0.0015090543259556055
2013-01-15,20.11,20.15,19.78,19.82,587358912,-0.0015113350125944836
2013-01-16,19.89,19.89,19.6,19.84,323872352,0.0010090817356205317
2013-01-17,19.86,19.93,19.69,19.71,373647392,-0.0065524193548386345
2013-01-18,19.8,19.89,19.58,19.58,363473568,-0.0065956367326232
2013-01-21,19.57,19.6,19.27,19.39,345656128,-0.009703779366700638
2013-01-22,19.42,19.58,19.23,19.58,453855040,0.009798865394533118
2013-01-23,19.5,19.63,19.43,19.55,330250656,-0.001532175689478943
2013-01-24,19.37,19.73,19.37,19.61,376412832,0.003069053708439906
2013-01-28,19.73,19.81,19.3,19.37,388980224,-0.012238653748087636
2013-01-29,19.35,19.37,18.84,19.11,511083680,-0.0134228187919464
2013-01-30,18.99,18.99,18.17,18.2,1223857920,-0.04761904761904767
2013-01-31,18.26,18.33,17.9,18.08,590303872,-0.006593406593406681
2013-02-01,18.14,18.65,18.12,18.46,512946048,0.021017699115044364
2013-02-04,18.16,18.35,17.89,18.0,573881088,-0.024918743228602436
2013-02-05,17.28,18.29,17.26,18.08,1374382208,0.004444444444444251
2013-02-06,17.93,18.0,17.53,17.6,540657344,-0.0265486725663715
2013-02-07,17.75,17.98,17.32,17.5,643431424,-0.005681818181818232
2013-02-08,17.55,17.74,17.38,17.74,537961728,0.013714285714285568
2013-02-13,17.95,18.0,17.73,17.8,392367904,0.0033821871476888976
2013-02-14,17.79,17.9,17.58,17.67,455555424,-0.007303370786516772
2013-02-15,17.61,17.79,17.53,17.63,436527552,-0.002263723825693398
2013-02-18,17.64,17.9,17.52,17.9,355793792,0.015314804310833763
2013-02-19,17.91,18.18,17.89,18.1,511580128,0.011173184357541999
2013-02-20,18.1,18.1,17.59,17.62,460034144,-0.026519337016574607
2013-02-21,17.47,17.57,17.2,17.32,523733792,-0.017026106696935384
2013-02-22,17.51,17.51,17.01,17.15,526702848,-0.009815242494226384
2013-02-25,17.05,17.1,16.85,16.95,512528256,-0.011661807580174877
2013-02-26,16.78,16.86,16.53,16.74,553806016,-0.012389380530973493
2013-02-27,16.79,16.98,16.64,16.81,478847904,0.004181600955794451
2013-02-28,16.76,16.85,16.55,16.61,459112192,-0.011897679952409201
2013-03-01,16.5,17.02,16.4,16.9,525256704,0.017459361830222786
2013-03-04,16.82,17.1,16.5,16.5,583720320,-0.023668639053254337
2013-03-05,16.63,16.76,16.47,16.56,523926240,0.0036363636363636598
2013-03-06,17.6,18.27,17.22,18.05,1302017024,0.08997584541062809
2013-03-07,18.31,19.58,18.31,18.95,1179529344,0.049861495844875314
2013-03-08,18.79,19.32,18.16,18.37,567106560,-0.030606860158311266
2013-03-11,18.29,18.97,17.92,18.93,454271552,0.03048448557430583
2013-03-12,18.85,19.14,18.63,18.74,492731136,-0.010036978341257385
2013-03-13,18.81,19.2,18.75,18.76,598230720,0.0010672358591250486
2013-03-14,18.98,19.38,18.6,19.38,510363264,0.03304904051172697
2013-03-15,19.4,19.55,19.01,19.09,834250880,-0.014963880288957676
2013-03-18,18.9,19.35,18.84,19.2,769485440,0.005762179151388214
2013-03-19,19.15,19.32,18.83,19.1,641859712,-0.005208333333333259
2013-03-20,19.05,19.16,18.68,18.85,520075488,-0.01308900523560208
2013-03-21,18.72,18.86,18.53,18.53,406423680,-0.01697612732095488
2013-03-22,18.55,18.71,18.46,18.63,299303008,0.00539665407447365
2013-03-25,18.73,18.82,18.42,18.63,446066816,0.0
2013-03-26,18.73,18.88,18.48,18.59,293046304,-0.0021470746108427363
2013-03-27,18.6,18.61,18.35,18.42,243204272,-0.009144701452393655
2013-03-28,18.41,18.53,18.22,18.35,287102144,-0.003800217155266017
2013-04-01,18.27,18.38,18.04,18.04,281736128,-0.016893732970027386
2013-04-02,18.11,18.2,17.7,17.7,366525472,-0.018847006651884657
2013-04-03,17.68,18.0,17.68,18.0,278496928,0.016949152542372836
2013-04-04,17.95,18.21,17.71,17.72,347369056,-0.015555555555555656
2013-04-05,17.58,17.91,17.55,17.8,301657856,0.004514672686230403
2013-04-08,17.86,17.91,17.34,17.41,380884224,-0.021910112359550538
2013-04-09,17.48,18.25,17.48,18.15,551053440,0.04250430786904058
2013-04-10,18.21,18.65,18.17,18.42,583363904,0.014876033057851457
2013-04-11,18.47,18.53,17.87,17.99,398891680,-0.023344191096634215
2013-04-12,17.94,18.08,17.53,17.96,486417632,-0.0016675931072817063
2013-04-15,17.7,17.83,17.23,17.23,621610624,-0.040645879732739476
2013-04-16,17.47,17.75,17.43,17.7,416152832,0.02727800348229814
2013-04-17,17.44,17.6,16.98,17.17,670849920,-0.02994350282485858
2013-04-18,17.32,17.94,17.12,17.82,499237760,0.03785672684915542
2013-04-19,18.15,18.48,17.95,18.48,695995456,0.03703703703703698
2013-04-22,18.37,18.78,18.17,18.77,446113664,0.015692640692640536
2013-04-23,18.71,19.52,18.66,19.18,666440512,0.021843367075119913
2013-04-24,19.06,19.66,19.01,19.45,647019776,0.014077163712200136
2013-04-25,19.47,19.69,19.14,19.2,679610304,-0.01285347043701801
2013-04-26,19.1,19.52,19.1,19.29,513496864,0.004687499999999956
2013-04-29,20.0,20.58,19.94,20.35,1205182976,0.054950751684810895
2013-04-30,19.65,20.09,19.44,20.09,904029632,-0.012776412776412838
2013-05-02,19.85,20.63,19.85,20.25,680070464,0.007964161274265802
2013-05-03,20.49,20.66,19.89,20.0,866162880,-0.012345679012345734
2013-05-06,20.01,20.35,19.82,20.35,626178432,0.01750000000000007
2013-05-07,20.4,20.74,20.28,20.62,540301248,0.013267813267813233
2013-05-08,20.75,20.82,20.22,20.29,497342944,-0.0160038797284191
2013-05-09,20.25,20.52,20.09,20.24,462776736,-0.00246426811237066
2013-05-10,20.16,20.39,19.71,19.95,437431936,-0.014328063241106692
2013-05-13,19.81,19.85,19.39,19.39,414664032,-0.028070175438596467
2013-05-14,19.53,19.68,19.25,19.55,595286784,0.008251676121712181
2013-05-15,19.5,19.64,19.33,19.57,423542528,0.001023017902813228
2013-05-16,19.52,20.08,19.46,19.75,495145632,0.009197751660705134
2013-05-17,19.91,20.05,19.79,19.95,378414848,0.010126582278481067
2013-05-20,19.9,20.25,19.56,20.2,608020096,0.012531328320801949
2013-05-21,20.19,20.38,19.98,20.24,472029536,0.001980198019801982
2013-05-22,20.27,20.4,19.68,19.92,698183040,-0.015810276679841695
2013-05-23,19.55,19.86,19.48,19.86,654344768,-0.003012048192771233
2013-05-24,19.89,20.16,19.79,20.05,740292544,0.009566968781470342
2013-05-27,20.01,20.15,19.94,19.94,115829016,-0.005486284289276777
2013-05-28,20.16,20.34,20.01,20.07,557568576,0.006519558676028048
2013-05-29,19.92,20.07,19.85,19.85,491658688,-0.010961634280019839
2013-05-31,19.87,20.36,19.8,20.05,706196352,0.010075566750629594
2013-06-03,20.11,20.44,19.94,20.29,619747392,0.011970074812967413
2013-06-04,20.46,20.47,19.96,20.07,488906848,-0.010842779694430704
2013-06-05,20.0,20.13,19.37,19.42,632023552,-0.03238664673642244
2013-06-06,19.46,19.55,19.21,19.46,521267904,0.002059732234809486
2013-06-07,18.95,19.27,18.72,18.84,730241664,-0.031860226104830525
2013-06-10,18.84,19.12,18.83,18.88,380523136,0.002123142250530785
2013-06-11,18.65,18.79,18.23,18.53,593468416,-0.018538135593220262
2013-06-12,18.67,18.8,18.06,18.12,681796608,-0.0221262817053427
2013-06-13,18.1,19.02,17.94,18.8,581205440,0.03752759381898452
2013-06-14,18.65,18.86,18.06,18.06,690040704,-0.03936170212765966
2013-06-17,18.45,18.53,18.02,18.09,451504160,0.0016611295681063787
2013-06-18,17.95,18.08,17.62,17.83,565350784,-0.014372581536760687
2013-06-19,17.89,17.95,17.15,17.2,683905216,-0.03533370723499718
2013-06-20,16.9,17.27,16.5,17.02,1073810560,-0.010465116279069764
2013-06-21,16.93,16.93,16.46,16.46,699627136,-0.03290246768507632
2013-06-24,15.97,16.25,15.57,15.91,640502656,-0.033414337788578385
2013-06-25,16.1,16.39,15.87,16.0,504545088,0.0056568196103079504
2013-06-26,16.14,16.44,16.08,16.15,483643968,0.009374999999999911
2013-06-27,16.22,16.47,16.17,16.38,426377792,0.014241486068111486
2013-06-28,16.35,16.35,15.94,16.18,548543040,-0.012210012210012167
2013-07-01,16.2,16.32,15.94,16.16,365609184,-0.0012360939431396156
2013-07-02,16.05,16.25,15.11,15.39,864587008,-0.047648514851485135
2013-07-03,15.24,15.98,15.15,15.9,781793792,0.033138401559454245
2013-07-04,16.1,16.17,15.88,15.96,380150368,0.0037735849056603765
2013-07-05,15.81,15.82,14.94,15.15,744470464,-0.050751879699248104
2013-07-08,15.2,15.35,14.97,14.98,337563584,-0.011221122112211268
2013-07-10,15.18,15.44,15.06,15.21,316756032,0.015353805073431204
2013-07-11,15.52,15.82,15.25,15.8,527644960,0.03879026955950038
2013-07-12,15.66,15.92,15.43,15.43,366372608,-0.023417721518987356
2013-07-15,15.45,15.69,15.35,15.54,313518048,0.0071289695398573105
2013-07-16,15.64,15.79,15.47,15.75,325200416,0.013513513513513598
2013-07-17,15.91,16.2,15.87,16.06,469132032,0.019682539682539524
2013-07-18,16.0,16.29,15.91,16.1,374048864,0.0024906600249068322
2013-07-19,16.07,16.1,15.85,15.88,295305472,-0.013664596273291973
2013-07-22,15.97,16.49,15.9,16.3,412034048,0.026448362720403074
2013-07-23,16.41,16.66,16.38,16.41,415769280,0.006748466257668673
2013-07-24,16.37,16.55,16.15,16.39,387131008,-0.0012187690432662324
2013-07-25,16.24,16.88,16.21,16.84,618241856,0.027455765710799218
2013-07-26,16.74,17.09,16.71,16.95,376779584,0.0065320665083135054
2013-07-29,16.99,17.06,16.63,16.68,295064096,-0.015929203539822967
2013-07-30,16.78,16.82,16.36,16.46,368053056,-0.01318944844124692
2013-07-31,16.33,16.5,16.17,16.29,382280576,-0.010328068043742533
2013-08-01,16.7,17.04,16.6,16.94,533872288,0.03990178023327218
2013-08-02,16.87,17.04,16.69,16.81,296344640,-0.00767414403778055
2013-08-05,16.77,16.87,16.54,16.65,247001520,-0.009518143961927406
2013-08-06,16.68,16.7,16.17,16.28,414413760,-0.022222222222222032
2013-08-07,16.27,16.46,16.1,16.25,286963584,-0.0018427518427519551
2013-08-08,16.35,16.85,16.2,16.65,426824416,0.024615384615384484
2013-08-09,16.74,17.12,16.52,17.08,536675648,0.02582582582582571
2013-08-12,17.3,17.66,16.47,16.53,933852352,-0.032201405152224694
2013-08-13,16.65,16.66,16.17,16.37,571108608,-0.009679370840895318
2013-08-14,16.36,17.0,16.29,16.95,902214912,0.035430665852168586
2013-08-15,16.7,17.96,16.67,17.83,1427498368,0.0519174041297934
2013-08-16,17.76,18.06,17.42,17.78,665875712,-0.0028042624789679227
2013-08-19,17.45,18.03,17.36,17.83,883025728,0.0028121484814396247
2013-08-20,17.71,17.85,17.11,17.13,528091264,-0.03925967470555236
2013-08-21,17.07,17.78,17.04,17.34,752123968,0.012259194395796813
2013-08-22,17.8,18.37,17.63,18.26,947221632,0.053056516724336866
2013-08-23,18.12,18.59,18.12,18.55,598364096,0.015881708652792925
2013-08-26,18.5,18.69,18.17,18.19,328491328,-0.019407008086253286
2013-08-27,17.95,18.05,17.45,17.45,511047648,-0.04068169323804294
2013-08-28,17.51,17.75,17.09,17.16,520531040,-0.01661891117478509
2013-08-29,17.32,17.48,16.85,16.9,411940960,-0.015151515151515249
2013-08-30,17.01,17.05,16.52,16.8,642445056,-0.005917159763313529
2013-09-02,17.15,17.23,16.86,16.94,321362560,0.008333333333333304
2013-09-03,16.89,17.13,16.68,16.78,529784576,-0.009445100354191216
2013-09-04,16.63,16.94,16.56,16.85,619508736,0.004171632896305066
2013-09-05,16.86,17.81,16.84,17.54,835571328,0.04094955489614227
2013-09-06,17.8,18.0,17.46,17.76,544637376,0.012542759407069726
2013-09-09,17.77,18.21,17.77,18.17,537011840,0.0230855855855856
2013-09-10,18.25,18.54,18.17,18.34,531560064,0.00935608145294431
2013-09-11,18.29,18.54,18.07,18.25,490953248,-0.004907306434023928
2013-09-12,18.17,18.4,17.75,17.85,856576448,-0.021917808219177992
2013-09-13,17.85,18.27,17.8,18.13,331447392,0.015686274509803866
2013-09-16,18.43,18.72,18.17,18.45,623720832,0.01765030336458917
2013-09-17,18.59,18.6,18.3,18.53,348902240,0.0043360433604338056
2013-09-18,18.41,19.0,18.16,18.9,573121920,0.019967620075552972
2013-09-19,18.96,19.31,18.76,19.16,465950016,0.013756613756613856
2013-09-20,19.09,19.18,18.78,18.94,357341024,-0.01148225469728592
2013-09-23,19.0,19.22,18.91,19.12,264777264,0.009503695881731833
2013-09-24,19.18,19.18,18.77,18.77,357635072,-0.01830543933054396
2013-09-25,18.73,18.91,18.62,18.8,317633920,0.0015982951518380695
2013-09-26,18.82,18.82,18.52,18.59,337173856,-0.011170212765957532
2013-09-27,18.57,18.82,18.44,18.5,353894560,-0.00484131253362019
2013-09-30,18.42,19.04,18.34,18.36,600626816,-0.007567567567567601
2013-10-01,18.53,18.69,18.37,18.67,286468000,0.01688453159041403
2013-10-02,18.58,18.84,18.54,18.78,202577920,0.005891805034815123
2013-10-03,18.8,18.83,18.43,18.54,342291776,-0.012779552715655007
2013-10-04,18.39,18.68,18.07,18.67,511167872,0.007011866235167252
2013-10-07,18.57,18.83,18.5,18.62,344130400,-0.0026780931976433386
2013-10-08,18.66,18.77,18.2,18.31,427649888,-0.016648764769065627
2013-10-09,18.4,18.46,17.97,18.07,352751072,-0.013107591480065461
2013-10-10,18.26,18.35,18.01,18.15,413009408,0.004427227448810189
2013-10-11,18.15,18.31,17.99,18.1,339234432,-0.0027548209366389242
2013-10-14,18.06,18.32,17.94,18.27,388768288,0.009392265193369997
2013-10-15,18.34,18.48,18.18,18.42,498708064,0.008210180623973828
2013-10-16,18.47,18.65,18.16,18.35,643228992,-0.003800217155266017
2013-10-17,18.27,18.53,18.16,18.21,491622144,-0.007629427792915533
2013-10-18,18.22,18.39,17.83,17.93,503880352,-0.01537616694124111
2013-10-21,17.99,18.98,17.71,18.88,950874944,0.052983825989960875
2013-10-22,18.96,19.06,18.51,18.55,610979200,-0.017478813559321904
2013-10-23,18.55,18.85,18.33,18.33,389389664,-0.011859838274932755
2013-10-24,18.36,18.57,18.04,18.24,409778112,-0.004909983633387904
2013-10-25,18.23,18.73,18.2,18.49,558348992,0.013706140350877138
2013-10-28,19.42,19.89,19.01,19.89,1425818624,0.07571660356949717
2013-10-29,19.71,19.96,19.33,19.7,649006208,-0.009552538964303747
2013-10-30,19.83,20.0,19.16,19.95,1049971456,0.012690355329949332
2013-10-31,19.96,20.56,19.85,20.43,844492608,0.024060150375939893
2013-11-01,20.12,20.35,19.82,19.86,866048704,-0.027900146842878115
2013-11-04,19.99,20.28,19.95,20.22,411345344,0.01812688821752273
2013-11-05,20.29,20.41,20.05,20.25,597535616,0.0014836795252226587
2013-11-06,20.29,20.41,20.08,20.41,440147968,0.00790123456790126
2013-11-07,20.27,20.63,19.95,20.0,420101952,-0.020088192062714394
2013-11-08,19.95,20.07,19.6,19.64,557017664,-0.018000000000000016
2013-11-11,19.66,20.09,19.5,20.09,437911040,0.022912423625254474
2013-11-12,20.06,20.25,19.53,19.55,479631232,-0.026879044300647026
2013-11-13,19.55,19.99,19.25,19.94,613427200,0.01994884910485939
2013-11-14,20.0,20.49,19.96,20.45,496998592,0.025576730190571606
2013-11-18,20.5,21.44,20.46,21.44,942885440,0.0484107579462103
2013-11-19,21.3,21.37,20.86,21.11,892626240,-0.01539179104477617
2013-11-21,20.5,21.13,20.39,20.9,742523520,-0.00994789199431556
2013-11-22,20.75,21.2,20.67,20.67,495561248,-0.011004784688995017
2013-11-25,20.83,20.95,20.36,20.36,349825888,-0.01499758103531701
2013-11-26,19.9,20.04,19.08,19.08,742496128,-0.06286836935166995
2013-11-27,19.21,19.36,18.81,18.97,553451520,-0.005765199161425594
2013-11-28,18.95,19.22,18.55,18.66,540456000,-0.016341591987348414
2013-11-29,18.89,19.39,18.77,19.12,721490816,0.024651661307609984
2013-12-02,17.86,18.07,17.36,17.36,1382243328,-0.09205020920502105
2013-12-03,17.45,17.88,17.05,17.51,792929344,0.008640552995391904
2013-12-04,17.76,17.76,17.37,17.4,475522016,-0.006282124500285757
2013-12-05,17.52,17.83,17.46,17.63,445121056,0.013218390804597746
2013-12-06,17.73,17.78,17.18,17.23,561400384,-0.022688598979012986
2013-12-09,17.32,17.47,17.12,17.25,235039856,0.0011607661056296514
2013-12-10,17.36,17.46,17.26,17.3,251193840,0.0028985507246377384
2013-12-11,17.28,17.34,16.78,16.78,361395680,-0.030057803468208077
2013-12-12,16.85,17.02,16.69,16.86,367320480,0.004767580452920139
2013-12-13,16.99,17.15,16.91,17.03,465532544,0.010083036773428367
2013-12-16,17.25,17.5,17.08,17.34,558471424,0.018203170874926622
2013-12-17,17.21,17.35,16.8,16.8,485233824,-0.03114186851211065
2013-12-18,16.95,17.04,16.83,16.84,373501984,0.0023809523809523725
2013-12-19,17.12,17.29,16.87,17.25,300425056,0.02434679334916856
2013-12-20,17.25,17.29,16.8,16.91,450096864,-0.0197101449275362
2013-12-23,17.02,17.17,16.87,17.06,195485664,0.008870490833825961
2013-12-26,17.15,17.19,16.89,16.92,256473808,-0.008206330597889666
2013-12-27,17.0,17.02,16.82,16.93,252962784,0.0005910165484632746
2013-12-30,16.95,17.25,16.95,17.08,179662848,0.008860011813349056
2014-01-02,17.15,17.2,16.65,16.75,288789152,-0.01932084309133475
2014-01-03,16.74,16.78,16.42,16.42,291100608,-0.019701492537313348
2014-01-06,16.45,16.64,16.16,16.62,336267232,0.012180267965895109
2014-01-07,16.65,16.83,16.16,16.16,309704416,-0.02767749699157651
2014-01-08,16.27,16.39,16.15,16.19,252937472,0.0018564356435644136
2014-01-09,16.19,16.29,15.65,15.7,406908576,-0.030265596046942678
2014-01-10,15.76,16.3,15.66,15.97,479959968,0.01719745222929947
2014-01-13,16.01,16.11,15.66,15.77,335923328,-0.012523481527864866
2014-01-14,15.71,15.87,15.62,15.7,253984032,-0.00443880786303108
2014-01-15,15.79,16.15,15.69,16.04,406052256,0.021656050955414008
2014-01-16,16.04,16.19,15.57,15.59,515191104,-0.028054862842892714
2014-01-17,15.72,15.77,15.45,15.51,350560032,-0.005131494547787052
2014-01-20,15.45,15.61,15.15,15.18,269252608,-0.021276595744680882
2014-01-21,15.22,15.5,15.2,15.34,304462624,0.010540184453228019
2014-01-22,15.42,15.87,15.27,15.84,692868416,0.0325945241199479
2014-01-23,15.67,15.91,15.47,15.47,373369248,-0.023358585858585856
2014-01-24,15.38,15.44,14.98,15.1,419920416,-0.023917259211376884
2014-01-27,15.21,15.29,15.04,15.11,310865280,0.0006622516556291647
2014-01-28,15.36,15.44,15.02,15.05,334137824,-0.003970880211780159
2014-01-29,15.06,15.14,14.77,14.8,371649472,-0.01661129568106312
2014-01-30,14.88,15.1,14.63,14.7,374914560,-0.006756756756756799
2014-01-31,14.64,15.07,14.55,14.7,717143424,0.0
2014-02-03,14.59,14.63,13.84,13.85,722795904,-0.05782312925170063
2014-02-04,14.04,14.22,13.77,14.09,502535168,0.017328519855595692
2014-02-05,14.15,14.28,13.56,13.83,538594560,-0.018452803406671436
2014-02-06,13.94,14.36,13.88,14.21,448282368,0.02747650036153293
2014-02-07,14.27,14.55,14.16,14.45,486744288,0.01688951442646003
2014-02-10,14.36,14.7,14.33,14.61,418168736,0.01107266435986154
2014-02-11,14.71,15.07,14.64,14.96,428624928,0.023956194387406038
2014-02-12,15.08,15.1,14.85,14.96,346236992,0.0
2014-02-13,14.78,14.83,14.44,14.61,403992544,-0.02339572192513384
2014-02-14,14.71,14.71,14.47,14.58,382271360,-0.002053388090349051
2014-02-17,14.65,14.7,14.33,14.43,182763888,-0.010288065843621408
2014-02-18,14.42,14.58,14.11,14.11,439787488,-0.022176022176022214
2014-02-19,14.02,14.2,13.88,14.2,395732032,0.006378454996456506
2014-02-20,14.06,14.34,13.98,14.16,339512448,-0.0028169014084505895
2014-02-21,14.2,14.32,14.07,14.15,263417824,-0.0007062146892655718
2014-02-24,14.11,14.57,14.01,14.5,297543712,0.02473498233215543
2014-02-25,14.45,14.67,14.12,14.18,506838624,-0.022068965517241357
2014-02-26,14.2,14.25,13.68,13.68,617640576,-0.035260930888575515
2014-02-27,13.82,14.09,13.65,14.04,323173504,0.02631578947368407
2014-02-28,14.1,14.15,13.59,13.59,380671616,-0.03205128205128205
2014-03-05,13.7,13.73,13.29,13.29,196715648,-0.02207505518763797
2014-03-06,13.42,13.72,13.31,13.43,387031232,0.010534236267870645
2014-03-07,13.43,13.62,13.21,13.32,441680288,-0.008190618019359608
2014-03-10,13.27,13.37,12.9,13.01,510189856,-0.02327327327327333
2014-03-11,13.06,13.17,12.96,13.11,485201824,0.00768639508070712
2014-03-12,13.11,13.46,13.08,13.32,570013120,0.016018306636155666
2014-03-13,13.39,13.48,13.06,13.11,297200192,-0.015765765765765827
2014-03-14,13.08,13.12,12.77,12.78,445212672,-0.02517162471395884
2014-03-17,12.88,12.96,12.57,12.57,499085952,-0.016431924882629012
2014-03-18,12.64,13.05,12.57,12.97,576979968,0.03182179793158313
2014-03-19,12.95,13.53,12.93,13.34,685728128,0.028527370855821133
2014-03-20,13.23,14.04,13.16,13.99,799989120,0.04872563718140932
2014-03-21,13.45,14.15,13.45,14.02,676692672,0.0021443888491778917
2014-03-24,14.17,14.43,13.87,14.4,483495488,0.02710413694721825
2014-03-25,14.26,14.6,14.13,14.48,580561152,0.005555555555555536
2014-03-26,14.55,14.69,14.35,14.4,427830688,-0.0055248618784530246
2014-03-27,14.39,15.57,14.32,15.57,1177915136,0.08125000000000004
2014-03-28,15.57,15.77,15.2,15.66,653588544,0.005780346820809301
2014-03-31,15.71,15.78,15.5,15.78,440012160,0.007662835249041988
2014-04-01,15.72,15.83,15.48,15.81,560135104,0.0019011406844107182
2014-04-02,15.71,16.6,15.7,16.56,1073847424,0.04743833017077792
2014-04-03,15.53,15.65,15.12,15.4,860137536,-0.07004830917874383
2014-04-04,15.62,15.71,15.35,15.44,511170112,0.0025974025974024872
2014-04-07,15.7,16.46,15.7,16.46,809375168,0.06606217616580312
2014-04-08,16.8,17.07,15.72,15.99,1136289536,-0.028554070473876147
2014-04-09,15.91,15.94,15.42,15.85,654969280,-0.008755472170106304
2014-04-10,15.66,16.05,15.55,15.68,437328576,-0.010725552050473208
2014-04-11,15.53,16.19,15.41,16.19,682873472,0.03252551020408179
2014-04-14,16.28,16.36,15.83,15.93,427536096,-0.01605929586164312
2014-04-15,15.76,16.09,15.13,15.32,553721024,-0.0382925298179535
2014-04-16,15.59,15.78,15.24,15.78,445396512,0.030026109660574285
2014-04-17,15.9,16.6,15.54,16.38,715965440,0.03802281368821281
2014-04-22,16.31,16.67,15.84,15.96,721225856,-0.02564102564102555
2014-04-23,15.97,16.07,15.75,16.03,353106208,0.004385964912280826
2014-04-24,16.2,16.33,15.87,16.13,488986080,0.00623830318153451
2014-04-25,15.95,16.06,15.65,16.03,496585440,-0.0061996280223185485
2014-04-28,15.95,16.56,15.77,16.56,514498240,0.03306300686213337
2014-04-29,16.68,17.1,16.51,16.69,706241408,0.007850241545893866
2014-04-30,16.6,16.74,16.39,16.57,447087552,-0.0071899340922708666
2014-05-02,16.55,17.6,16.51,17.6,899002304,0.062160531080265535
2014-05-05,17.65,17.77,17.31,17.57,621182848,-0.0017045454545455696
2014-05-06,17.43,18.48,17.31,18.24,865226368,0.038133181559476315
2014-05-07,18.14,18.85,18.07,18.58,819585344,0.018640350877193068
2014-05-08,18.6,18.8,17.75,17.88,964718592,-0.03767491926803013
2014-05-09,18.05,18.24,17.6,17.67,614621312,-0.011744966442952864
2014-05-12,17.95,18.1,17.77,18.03,368867392,0.02037351443123936
2014-05-13,18.0,18.4,17.86,17.96,494060896,-0.0038824181919023815
2014-05-14,17.96,18.34,17.85,18.29,424123840,0.01837416481069032
2014-05-15,18.17,18.23,17.93,18.03,366494144,-0.01421541826134487
2014-05-16,18.0,18.37,17.91,18.05,471335392,0.0011092623405435376
2014-05-19,17.98,18.04,17.82,17.94,461050784,-0.006094182825484684
2014-05-20,17.9,18.38,17.1,17.3,962352960,-0.035674470457079166
2014-05-21,17.46,17.82,17.1,17.46,711099968,0.009248554913294793
2014-05-22,17.51,17.77,17.34,17.65,564345216,0.010882016036655173
2014-05-23,17.58,17.83,17.55,17.7,320198624,0.0028328611898016387
2014-05-26,17.8,17.9,17.71,17.86,130932440,0.009039548022598876
2014-05-27,17.93,18.03,17.41,17.49,396016512,-0.020716685330347206
2014-05-28,17.55,17.79,17.26,17.7,392046720,0.012006861063464935
2014-05-29,17.75,17.8,17.3,17.3,340633184,-0.022598870056497078
2014-05-30,17.18,17.25,16.69,16.69,431125888,-0.035260115606936426
2014-06-02,16.8,16.87,16.38,16.6,432982048,-0.005392450569203122
2014-06-03,16.53,16.96,16.47,16.9,345062080,0.018072289156626287
2014-06-04,16.85,16.93,16.52,16.6,344116800,-0.017751479289940697
2014-06-05,16.71,16.83,16.29,16.32,383643168,-0.01686746987951815
2014-06-06,17.38,17.68,17.11,17.68,953648960,0.08333333333333326
2014-06-09,17.57,18.24,17.38,18.07,841927040,0.022058823529411686
2014-06-10,18.04,18.35,17.81,18.34,627289664,0.014941892639734444
2014-06-11,18.7,18.96,18.3,18.88,900704000,0.02944383860414379
2014-06-13,18.63,19.07,18.61,18.99,525874720,0.005826271186440746
2014-06-16,19.0,19.13,18.64,18.74,581463936,-0.013164823591363839
2014-06-17,18.65,18.68,18.2,18.32,331537856,-0.022411953041622135
2014-06-18,18.41,19.03,18.25,19.0,802498176,0.037117903930131035
2014-06-20,18.65,18.99,18.58,18.7,420803328,-0.015789473684210575
2014-06-23,18.75,18.75,18.3,18.3,262391488,-0.021390374331550777
2014-06-24,18.29,18.89,17.49,17.64,971501632,-0.0360655737704918
2014-06-25,17.2,17.77,17.13,17.29,838005952,-0.019841269841269882
2014-06-26,17.47,17.57,17.01,17.32,399681664,0.001735106998264957
2014-06-27,17.25,17.39,17.1,17.2,284952064,-0.006928406466512715
2014-06-30,17.36,17.55,17.04,17.29,359969472,0.005232558139534937
2014-07-01,17.35,17.45,16.92,17.19,390614304,-0.00578368999421619
2014-07-02,17.19,17.33,16.97,17.12,488576672,-0.004072134962187279
2014-07-03,16.9,17.5,16.85,17.5,455268320,0.022196261682242868
2014-07-04,17.43,17.55,17.35,17.5,164580896,0.0
2014-07-07,17.41,17.44,17.14,17.28,321555360,-0.012571428571428456
2014-07-08,17.36,17.42,17.17,17.33,198798832,0.0028935185185183787
2014-07-10,17.78,18.17,17.62,18.11,643583232,0.04500865551067523
2014-07-11,18.07,18.32,17.8,18.28,376122816,0.009387078961899498
2014-07-14,18.48,19.18,18.42,19.1,1331336448,0.0448577680525164
2014-07-15,19.1,19.37,18.83,19.26,829646208,0.008376963350785305
2014-07-16,19.35,19.39,19.08,19.31,527790240,0.0025960539979230646
2014-07-17,19.2,19.92,19.12,19.56,1115281408,0.012946659761781554
2014-07-18,20.81,20.87,20.15,20.52,1842893312,0.04907975460122693
2014-07-21,20.43,21.02,20.26,20.9,914641280,0.01851851851851838
2014-07-22,20.9,21.23,20.56,21.05,1301287552,0.0071770334928231705
2014-07-23,20.56,20.74,20.17,20.26,876030400,-0.03752969121140137
2014-07-24,20.36,20.44,19.95,20.31,759150016,0.0024679170779859927
2014-07-25,20.41,20.57,20.28,20.49,509545984,0.008862629246676468
2014-07-28,20.57,20.6,20.09,20.15,493207968,-0.0165934602244997
2014-07-29,20.1,20.12,19.57,19.62,750490688,-0.02630272952853585
2014-07-30,19.7,20.05,19.63,19.85,554772608,0.011722731906218087
2014-07-31,19.6,19.65,19.01,19.1,699725120,-0.03778337531486142
2014-08-01,19.01,19.21,18.72,19.01,577549248,-0.0047120418848167755
2014-08-04,19.15,19.45,18.87,19.45,424899296,0.02314571278274591
2014-08-05,19.46,20.09,19.3,19.7,1059259968,0.01285347043701801
2014-08-06,19.84,20.54,19.67,20.31,1472049664,0.030964467005076157
2014-08-07,20.6,20.69,19.88,20.15,1090789248,-0.007877892663712416
2014-08-08,19.8,19.86,19.31,19.31,814087616,-0.0416873449131514
2014-08-11,19.37,20.2,19.22,20.14,703280128,0.042982910409114616
2014-08-12,20.09,20.29,19.57,19.67,602502720,-0.023336643495531217
2014-08-13,19.75,19.93,18.5,18.69,1915656832,-0.04982206405693956
2014-08-14,18.68,19.05,18.33,18.6,841635648,-0.0048154093097912964
2014-08-15,18.9,20.1,18.9,20.06,1227453568,0.07849462365591386
2014-08-18,20.55,20.73,19.82,20.4,1351213824,0.016949152542372836
2014-08-19,20.21,20.99,20.17,20.91,887741568,0.025000000000000133
2014-08-20,20.8,21.49,20.71,21.36,1152382720,0.021520803443328518
2014-08-21,21.25,21.67,21.07,21.3,863840512,-0.002808988764044895
2014-08-22,21.14,21.32,20.73,20.92,715679296,-0.017840375586854362
2014-08-25,21.22,22.05,21.12,22.04,977189056,0.053537284894837445
2014-08-26,22.03,22.52,21.78,21.84,1144584448,-0.00907441016333932
2014-08-27,22.15,23.21,21.9,22.84,1649528832,0.04578754578754585
2014-08-28,22.69,23.33,22.55,22.8,1316948864,-0.0017513134851138146
2014-08-29,23.15,23.59,22.6,23.35,1304957312,0.02412280701754388
2014-09-01,23.95,24.59,23.81,23.83,956597312,0.02055674518201278
2014-09-02,24.0,24.9,23.4,24.56,1638705280,0.030633655056651277
2014-09-03,24.84,24.88,23.6,23.95,1441310720,-0.024837133550488555
2014-09-04,23.09,24.0,22.79,22.79,1552468992,-0.04843423799582469
2014-09-05,22.75,23.3,22.43,22.82,1218288128,0.0013163668275559814
2014-09-08,23.42,23.68,21.7,21.7,1773024128,-0.049079754601227044
2014-09-09,21.51,22.19,21.12,21.48,1544064640,-0.010138248847926246
2014-09-10,21.16,21.48,20.6,20.95,1282775936,-0.024674115456238432
2014-09-11,21.18,21.73,21.0,21.21,1094435200,0.012410501193317547
2014-09-12,20.87,21.0,19.85,20.14,1675627904,-0.05044790193305049
2014-09-15,20.25,20.66,20.06,20.55,1076820480,0.020357497517378365
2014-09-16,20.76,22.38,20.7,21.55,2157760256,0.048661800486617945
2014-09-17,22.33,22.53,21.86,22.12,1198227584,0.02645011600928071
2014-09-18,21.85,22.12,21.18,21.29,1231837824,-0.03752260397830032
2014-09-19,21.0,21.38,20.69,20.91,770999424,-0.01784875528417096
2014-09-22,20.45,20.59,19.68,20.59,1329186432,-0.015303682448589151
2014-09-23,20.1,21.0,19.9,20.13,1106258816,-0.022340942204953862
2014-09-24,19.95,20.61,19.84,20.23,770679232,0.004967709885742799
2014-09-25,20.29,20.4,19.84,19.84,519047168,-0.019278299555116174
2014-09-26,19.9,21.24,19.8,20.94,890562048,0.05544354838709675
2014-09-29,19.02,19.25,18.6,18.6,1778502912,-0.11174785100286533
2014-09-30,18.49,18.65,17.75,18.09,1484877440,-0.02741935483870972
2014-10-01,17.7,17.86,17.09,17.09,1372084992,-0.05527915975677167
2014-10-02,17.4,17.72,16.86,17.3,1123059968,0.012287887653598561
2014-10-03,17.6,18.52,17.24,18.35,1102914432,0.06069364161849711
2014-10-06,21.5,21.5,20.09,20.39,2354533376,0.11117166212534046
2014-10-07,20.85,21.79,20.64,21.21,1850317824,0.04021579205492887
2014-10-08,21.8,21.85,20.01,20.85,2146515968,-0.016973125884016893
2014-10-09,21.29,21.9,21.2,21.2,1758405632,0.01678657074340517
2014-10-10,20.9,21.14,20.02,20.02,1325353600,-0.05566037735849061
2014-10-13,21.36,22.42,21.11,22.13,1848617856,0.10539460539460532
2014-10-14,21.82,22.53,21.4,21.65,1760068608,-0.021690013556258547
2014-10-15,20.6,20.88,19.62,20.15,2429549568,-0.06928406466512704
2014-10-16,19.01,19.5,18.65,18.65,1830904320,-0.07444168734491319
2014-10-17,19.37,19.53,18.65,19.09,1315127168,0.02359249329758728
2014-10-20,18.92,18.99,17.87,17.92,1289341696,-0.06128863279203767
2014-10-21,16.74,17.35,16.4,16.68,1739595264,-0.06919642857142871
2014-10-22,16.81,17.25,16.38,16.61,1032922240,-0.004196642685851293
2014-10-23,16.37,16.45,15.41,15.41,1714111616,-0.07224563515954241
2014-10-24,15.8,16.89,15.52,16.3,1628594304,0.05775470473718358
2014-10-27,14.0,14.59,13.76,14.29,3042594304,-0.12331288343558289
2014-10-28,14.9,15.08,14.63,15.03,1403583616,0.051784464660601826
2014-10-29,14.77,14.79,14.01,14.02,1266210688,-0.06719893546240852
2014-10-30,14.6,14.69,14.01,14.32,1064366784,0.021398002853067144
2014-10-31,14.58,15.28,14.37,15.28,696325632,0.06703910614525133
2014-11-03,14.96,15.1,14.55,14.85,641630976,-0.02814136125654454
2014-11-04,15.0,15.03,14.37,14.82,653592000,-0.002020202020201922
2014-11-05,14.5,14.62,14.33,14.4,529849792,-0.028340080971659964
2014-11-06,14.28,14.28,13.78,14.06,754319808,-0.023611111111111138
2014-11-07,14.25,14.63,13.52,14.27,1089381376,0.014935988620199181
2014-11-10,14.3,14.37,13.92,13.98,494032448,-0.02032235459004894
2014-11-11,13.81,14.0,13.67,14.0,328385728,0.0014306151645206988
2014-11-12,13.97,14.49,13.83,14.11,430690112,0.007857142857142785
2014-11-13,14.32,14.37,13.6,13.6,490285600,-0.03614457831325302
2014-11-14,12.9,13.33,12.85,13.2,682925504,-0.02941176470588236
2014-11-17,13.07,13.25,12.52,12.6,601503744,-0.045454545454545414
2014-11-18,12.76,12.85,12.0,12.45,744664576,-0.011904761904761973
2014-11-19,12.4,12.97,12.31,12.78,609364736,0.026506024096385472
2014-11-21,13.01,14.31,13.01,14.3,887315392,0.11893583724569656
2014-11-24,14.62,15.26,14.1,14.21,1019247936,-0.0062937062937062915
2014-11-25,14.44,14.93,13.85,14.15,1168331136,-0.004222378606615118
2014-11-26,14.44,14.53,13.96,14.1,493532384,-0.0035335689045936647
2014-11-27,14.2,14.62,13.33,13.44,759935872,-0.04680851063829783
2014-11-28,13.45,13.56,12.8,12.8,598042560,-0.04761904761904756
2014-12-01,12.61,12.69,12.21,12.32,686099584,-0.03749999999999998
2014-12-02,12.5,12.56,12.09,12.13,477528000,-0.015422077922077837
2014-12-03,12.26,12.8,12.21,12.73,487136352,0.04946413849958775
2014-12-04,12.79,12.79,12.17,12.23,437088896,-0.03927729772191668
2014-12-05,12.32,12.37,12.05,12.26,358331136,0.002452984464431651
2014-12-08,12.15,12.15,11.41,11.5,503751488,-0.06199021207177813
2014-12-09,11.1,11.39,10.81,11.36,744329280,-0.012173913043478257
2014-12-10,11.35,11.36,10.82,10.83,542788736,-0.046654929577464754
2014-12-11,10.9,11.04,10.32,10.82,664955008,-0.0009233610341643494
2014-12-12,10.65,10.69,10.11,10.11,457230880,-0.06561922365988915
2014-12-15,10.21,10.29,9.18,9.18,929343808,-0.09198813056379818
2014-12-16,8.6,9.92,8.56,9.38,828856064,0.02178649237472774
2014-12-17,9.5,9.86,9.37,9.66,856102592,0.02985074626865658
2014-12-18,9.89,10.35,9.38,9.46,852025920,-0.020703933747411973
2014-12-19,9.95,9.98,9.57,9.83,616561536,0.039112050739957605
2014-12-22,9.9,10.32,9.71,10.32,523751936,0.04984740590030512
2014-12-23,10.37,10.99,10.19,10.97,466873024,0.06298449612403112
2014-12-26,10.87,10.88,10.21,10.3,280390912,-0.061075660893345485
2014-12-29,10.15,10.54,10.06,10.28,250632896,-0.001941747572815622
2014-12-30,10.16,10.35,10.02,10.02,272117920,-0.02529182879377434
2015-01-02,9.99,9.99,9.36,9.36,461678080,-0.06586826347305386
2015-01-05,9.14,9.19,8.58,8.61,643039616,-0.08012820512820518
2015-01-06,8.71,8.83,8.04,8.33,684906688,-0.03252032520325199
2015-01-07,8.56,8.73,8.36,8.67,717900224,0.04081632653061229
2015-01-08,8.79,9.39,8.74,9.18,747440704,0.05882352941176472
2015-01-09,9.2,9.4,8.93,9.4,447632672,0.023965141612200425
2015-01-12,9.27,9.58,8.79,8.91,518548288,-0.05212765957446808
2015-01-13,8.9,9.39,8.85,9.0,570356224,0.010101010101010166
2015-01-14,8.88,8.96,8.64,8.74,457075872,-0.028888888888888853
2015-01-15,9.0,9.39,8.87,9.34,738901248,0.06864988558352403
2015-01-16,9.46,9.63,9.24,9.44,534431744,0.01070663811563155
2015-01-19,9.35,9.54,9.15,9.19,283058368,-0.026483050847457612
2015-01-20,9.6,9.85,9.15,9.32,681444160,0.01414581066376508
2015-01-21,9.45,9.83,9.32,9.82,454703584,0.05364806866952798
2015-01-22,10.1,10.46,9.97,10.25,748822144,0.04378818737270862
2015-01-23,10.11,10.41,9.88,10.0,436857536,-0.024390243902439046
2015-01-26,9.79,9.97,9.66,9.91,316739488,-0.009000000000000008
2015-01-27,9.72,10.37,9.53,10.17,575839040,0.026236125126135157
2015-01-28,9.43,9.54,8.95,9.03,955749888,-0.11209439528023601
2015-01-29,9.05,9.08,8.34,8.75,950499968,-0.03100775193798444
2015-01-30,8.2,8.34,8.08,8.18,695091072,-0.06514285714285717
2015-02-02,8.46,8.68,8.13,8.66,469734144,0.05867970660146704
2015-02-03,9.01,10.0,9.01,10.0,903979072,0.15473441108545027
2015-02-04,10.3,10.78,9.56,10.02,1188332672,0.0020000000000000018
2015-02-05,9.86,10.29,9.7,9.8,767649344,-0.02195608782435121
2015-02-06,9.8,9.81,8.87,9.12,1054355776,-0.06938775510204098
2015-02-09,8.8,9.47,8.72,9.28,642160128,0.01754385964912286
2015-02-10,9.22,9.8,8.92,8.92,681396672,-0.0387931034482758
2015-02-11,8.94,9.19,8.81,9.03,424145664,0.012331838565022402
2015-02-12,9.35,9.54,9.27,9.5,571574016,0.052048726467331274
2015-02-13,9.68,10.1,9.66,9.99,698492928,0.05157894736842117
2015-02-18,10.16,10.34,10.04,10.12,425345408,0.01301301301301283
2015-02-19,9.96,9.97,9.65,9.75,368934432,-0.03656126482213429
2015-02-20,9.82,9.9,9.53,9.67,333000896,-0.008205128205128198
2015-02-23,9.55,9.59,9.39,9.49,381506432,-0.018614270941054833
2015-02-24,9.65,9.89,9.59,9.86,457688480,0.03898840885142252
2015-02-25,9.1,9.39,9.0,9.38,870460352,-0.04868154158214999
2015-02-26,9.4,9.52,9.16,9.27,391906144,-0.011727078891258125
2015-02-27,9.3,9.64,9.1,9.57,425991008,0.032362459546925626
2015-03-02,9.44,9.71,9.27,9.4,348342944,-0.017763845350052265
2015-03-03,9.69,9.8,9.52,9.6,401761248,0.02127659574468077
2015-03-04,9.41,9.45,9.21,9.21,438832768,-0.04062499999999991
2015-03-05,9.31,9.38,9.16,9.28,238955392,0.007600434310531812
2015-03-06,9.2,9.35,9.17,9.24,244478784,-0.004310344827586077
2015-03-09,9.13,9.18,8.9,8.91,318556672,-0.0357142857142857
2015-03-10,8.83,8.98,8.51,8.55,613866176,-0.04040404040404033
2015-03-11,8.67,8.83,8.58,8.79,376366688,0.028070175438596356
2015-03-12,8.97,9.08,8.44,8.5,538743488,-0.03299203640500559
2015-03-13,8.25,8.39,8.16,8.3,592352576,-0.0235294117647058
2015-03-16,8.49,8.5,8.19,8.46,438745920,0.01927710843373487
2015-03-17,8.35,8.93,8.32,8.89,541812032,0.05082742316784872
2015-03-18,8.85,9.29,8.67,9.27,582678272,0.04274465691788509
2015-03-19,9.18,9.23,8.85,8.9,384909440,-0.03991370010787476
2015-03-20,9.08,9.35,8.96,9.35,531199744,0.050561797752809
2015-03-23,9.3,9.44,9.2,9.35,310799872,0.0
2015-03-24,9.37,9.45,9.22,9.39,326664736,0.004278074866310266
2015-03-25,9.65,9.89,9.53,9.84,802742912,0.047923322683705916
2015-03-26,9.92,9.96,9.32,9.35,559071552,-0.04979674796747968
2015-03-27,9.3,9.61,9.17,9.38,470698080,0.0032085561497328108
2015-03-30,9.5,9.75,9.42,9.72,315733056,0.036247334754797356
2015-03-31,9.58,9.92,9.47,9.73,443900416,0.0010288065843622185
2015-04-01,9.93,10.37,9.87,10.21,590279424,0.04933196300102782
2015-04-02,10.17,10.72,10.17,10.72,715241920,0.04995102840352583
2015-04-06,10.8,10.99,10.69,10.69,481483168,-0.002798507462686728
2015-04-07,10.6,10.96,10.46,10.89,641660480,0.018709073900841977
2015-04-08,11.1,11.33,10.49,10.6,787524736,-0.026629935720844933
2015-04-09,10.7,11.57,10.58,11.56,876645952,0.09056603773584904
2015-04-10,11.52,11.93,11.27,11.82,802141632,0.02249134948096887
2015-04-13,11.97,12.75,11.9,12.27,1296526848,0.03807106598984755
2015-04-14,12.67,12.74,11.97,12.49,1069996096,0.01792991035044822
2015-04-15,12.7,13.38,12.47,13.33,1319748864,0.06725380304243389
2015-04-16,13.25,13.33,12.52,12.93,1379728128,-0.030007501875468856
2015-04-17,12.61,13.24,12.52,13.01,902852096,0.006187161639597871
2015-04-20,13.23,13.38,13.02,13.09,675827904,0.006149116064565696
2015-04-22,13.19,13.29,12.66,13.12,842123392,0.0022918258212374365
2015-04-23,12.3,13.26,11.89,12.92,2266956800,-0.015243902439024293
2015-04-24,13.19,13.78,13.18,13.26,1400958720,0.026315789473684292
2015-04-27,12.95,13.12,12.57,12.58,655541952,-0.05128205128205121
2015-04-28,12.76,12.87,12.25,12.78,750321024,0.015898251192368873
2015-04-29,12.58,12.93,12.53,12.82,454928992,0.003129890453834161
2015-04-30,12.83,13.15,12.8,13.05,618345728,0.017940717628705194
2015-05-04,13.31,13.85,13.3,13.8,742771968,0.05747126436781613
2015-05-05,13.7,14.61,13.67,14.38,1057454720,0.04202898550724643
2015-05-06,14.75,14.95,13.57,13.64,995699648,-0.05146036161335188
2015-05-07,13.8,14.05,13.33,13.7,600986752,0.004398826979472137
2015-05-08,14.04,14.09,13.36,13.52,573559168,-0.0131386861313868
2015-05-11,13.68,13.83,13.43,13.72,374214080,0.01479289940828421
2015-05-12,13.7,14.06,13.63,13.79,418653728,0.005102040816326481
2015-05-13,13.87,14.13,13.75,13.97,617449664,0.013052936910805002
2015-05-14,14.1,14.23,13.76,13.89,670507008,-0.005726556907659219
2015-05-15,13.92,14.12,13.61,14.06,736932864,0.01223902087832962
2015-05-18,14.64,14.65,13.52,13.78,1121954176,-0.019914651493598945
2015-05-19,13.55,13.59,12.79,12.91,897505280,-0.0631349782293178
2015-05-20,12.76,13.12,12.63,12.89,545759104,-0.0015491866769945517
2015-05-21,12.86,13.52,12.86,13.45,692725888,0.04344453064390996
2015-05-22,13.52,13.65,12.92,13.08,689301248,-0.02750929368029731
2015-05-25,12.98,13.01,12.72,12.8,291715808,-0.021406727828746086
2015-05-26,12.8,12.86,12.39,12.39,548526976,-0.032031249999999956
2015-05-27,12.5,12.66,12.29,12.55,578136896,0.012913640032284013
2015-05-28,12.47,12.82,12.4,12.67,730071040,0.009561752988047845
2015-05-29,12.71,12.78,12.33,12.33,901139520,-0.026835043409629056
2015-06-01,12.43,12.65,12.25,12.37,489916736,0.0032441200324411223
2015-06-02,12.55,12.95,12.47,12.84,582467520,0.03799514955537586
2015-06-03,12.96,13.1,12.72,12.83,629815424,-0.0007788161993769194
2015-06-05,12.58,12.78,12.42,12.56,452516608,-0.02104442712392829
2015-06-08,12.61,12.77,12.47,12.57,296627680,0.0007961783439489611
2015-06-09,12.61,13.17,12.57,12.97,565903360,0.03182179793158313
2015-06-10,13.3,13.44,12.92,13.05,584745408,0.006168080185042335
2015-06-11,13.13,13.14,12.85,13.05,448120896,0.0
2015-06-12,12.86,13.04,12.83,13.02,386738240,-0.0022988505747126853
2015-06-15,12.97,13.09,12.9,12.99,402321568,-0.0023041474654377225
2015-06-16,13.04,13.48,12.91,13.35,639173696,0.02771362586605086
2015-06-17,13.5,13.59,13.12,13.19,533563264,-0.011985018726591745
2015-06-18,13.28,13.44,13.15,13.44,349274368,0.018953752843063
2015-06-19,13.31,13.44,13.1,13.17,458649504,-0.0200892857142857
2015-06-22,13.3,13.37,13.13,13.2,292919616,0.00227790432801811
2015-06-23,13.27,13.43,12.95,12.97,631376128,-0.017424242424242342
2015-06-24,13.06,13.35,13.05,13.2,514887520,0.017733230531996824
2015-06-25,13.23,13.24,12.52,12.6,614510272,-0.045454545454545414
2015-06-26,12.66,13.21,12.64,13.21,446916128,0.04841269841269846
2015-06-29,13.0,13.59,12.62,12.75,806352320,-0.03482210446631351
2015-06-30,12.9,12.99,12.65,12.71,407838720,-0.0031372549019607066
2015-07-01,12.8,12.85,12.01,12.18,756665792,-0.041699449252557086
2015-07-02,12.35,12.53,12.16,12.3,448210944,0.009852216748768461
2015-07-03,12.25,12.31,11.68,11.73,370613664,-0.04634146341463419
2015-07-06,11.51,11.73,11.28,11.48,573564928,-0.021312872975277064
2015-07-07,11.36,11.81,10.82,11.78,797652864,0.026132404181184565
2015-07-08,11.62,11.99,11.33,11.55,492446176,-0.01952461799660432
2015-07-10,11.9,11.98,11.75,11.79,355828800,0.020779220779220564
2015-07-13,11.87,11.93,11.58,11.82,304652512,0.0025445292620867033
2015-07-14,11.69,12.08,11.58,12.0,428620288,0.015228426395939021
2015-07-15,11.96,12.06,11.72,11.8,382909440,-0.016666666666666607
2015-07-16,11.89,11.99,11.82,11.92,295217568,0.010169491525423568
2015-07-17,11.82,11.9,11.39,11.4,445075392,-0.043624161073825496
2015-07-20,11.46,11.54,10.75,10.79,532494304,-0.05350877192982462
2015-07-21,10.91,11.24,10.6,10.77,420748672,-0.001853568118628357
2015-07-22,10.61,10.72,10.33,10.36,306207616,-0.03806870937790163
2015-07-23,10.22,10.56,10.12,10.17,505651168,-0.018339768339768248
2015-07-24,10.17,10.23,9.76,10.04,439255552,-0.012782694198623434
2015-07-27,9.96,9.99,9.51,9.51,504600352,-0.0527888446215139
2015-07-28,9.69,10.22,9.61,9.97,696450624,0.04837013669821255
2015-07-29,10.01,10.72,9.91,10.72,893495360,0.07522567703109329
2015-07-30,10.83,10.93,10.24,10.47,491705600,-0.02332089552238803
2015-07-31,10.48,10.7,10.32,10.5,383879168,0.002865329512893977
2015-08-03,10.36,10.41,9.95,10.02,405060288,-0.04571428571428571
2015-08-04,10.14,10.45,10.1,10.18,309976960,0.015968063872255467
2015-08-05,10.41,10.55,10.01,10.01,442566176,-0.016699410609037346
2015-08-06,9.86,10.39,9.74,10.32,601745344,0.03096903096903092
2015-08-07,10.25,10.55,9.69,9.69,640788672,-0.061046511627907085
2015-08-10,9.81,10.03,9.57,9.95,489716544,0.026831785345717174
2015-08-11,9.79,9.86,9.47,9.83,421359328,-0.012060301507537563
2015-08-12,9.8,10.01,9.67,9.88,382808128,0.0050864699898272026
2015-08-13,9.91,9.97,9.51,9.51,292441888,-0.037449392712550655
2015-08-14,9.61,9.68,9.3,9.3,261115904,-0.022082018927444658
2015-08-17,9.2,9.36,9.12,9.12,300580352,-0.01935483870967758
2015-08-18,9.06,9.2,8.82,9.0,334615008,-0.013157894736842035
2015-08-19,8.95,9.05,8.63,8.79,315612960,-0.023333333333333428
2015-08-20,8.64,8.96,8.56,8.73,330794688,-0.0068259385665527805
2015-08-21,8.6,8.64,8.3,8.3,326728512,-0.049255441008018264
2015-08-24,7.76,8.17,7.53,7.76,549906816,-0.06506024096385554
2015-08-25,8.1,8.23,7.88,7.9,459854912,0.01804123711340222
2015-08-26,8.07,8.13,7.85,8.11,348533696,0.026582278481012578
2015-08-27,8.25,8.89,8.23,8.89,566645376,0.09617755856966714
2015-08-28,8.67,9.39,8.61,9.0,661300800,0.01237345331833506
2015-08-31,8.71,9.29,8.52,9.19,670366144,0.02111111111111108
2015-09-01,8.75,9.09,8.54,8.59,457612480,-0.06528835690968438
2015-09-02,8.75,8.84,8.33,8.82,479939680,0.02677532013969741
2015-09-03,8.93,9.21,8.54,8.76,499065920,-0.006802721088435382
2015-09-04,8.6,8.76,8.51,8.51,301782880,-0.028538812785388168
2015-09-08,8.7,8.79,8.58,8.64,252436016,0.015276145710928501
2015-09-09,8.81,8.9,8.36,8.39,327415552,-0.02893518518518523
2015-09-10,7.9,8.15,7.81,7.97,500075424,-0.050059594755661574
2015-09-11,7.94,7.99,7.59,7.66,409031520,-0.038895859473023764
2015-09-14,7.7,7.82,7.46,7.72,395766336,0.007832898172323688
2015-09-15,7.65,7.87,7.54,7.65,268702848,-0.009067357512953289
2015-09-16,7.77,8.24,7.74,8.14,532515040,0.06405228758169934
2015-09-17,8.05,8.11,7.86,7.86,576728320,-0.03439803439803446
2015-09-18,7.75,7.76,7.5,7.6,513080544,-0.03307888040712481
2015-09-21,7.66,7.68,7.3,7.3,301465888,-0.03947368421052633
2015-09-22,7.24,7.24,6.81,6.97,458722784,-0.045205479452054775
2015-09-23,6.96,7.16,6.7,6.82,442728128,-0.021520803443328518
2015-09-24,6.61,7.14,6.6,6.96,385877120,0.02052785923753664
2015-09-25,7.12,7.22,6.77,6.82,306960608,-0.02011494252873558
2015-09-28,6.74,6.75,6.44,6.44,240427360,-0.055718475073313734
2015-09-29,6.54,6.79,6.5,6.59,345323104,0.02329192546583836
2015-09-30,7.25,7.26,6.97,7.24,766022144,0.09863429438543259
2015-10-01,7.31,7.46,6.99,7.02,493912928,-0.0303867403314918
2015-10-02,6.99,7.83,6.9,7.77,653300480,0.1068376068376069
2015-10-05,7.9,8.14,7.75,7.82,537470208,0.006435006435006496
2015-10-06,7.86,8.34,7.84,8.19,656915584,0.04731457800511496
2015-10-07,8.51,8.9,8.27,8.47,996659264,0.03418803418803429
2015-10-08,8.46,8.84,8.28,8.75,588848512,0.03305785123966931
2015-10-09,9.02,9.07,8.58,8.8,626856768,0.005714285714285783
2015-10-13,8.36,8.47,8.07,8.13,460954464,-0.07613636363636367
2015-10-14,8.07,8.23,7.89,7.96,602131392,-0.02091020910209107
2015-10-15,8.0,8.07,7.67,8.0,480444960,0.005025125628140614
2015-10-16,7.99,8.08,7.81,7.95,336997504,-0.006249999999999978
2015-10-19,7.9,7.96,7.76,7.95,310315072,0.0
2015-10-20,8.0,8.19,7.97,8.05,382863872,0.012578616352201255
2015-10-21,7.95,8.06,7.71,7.75,349868800,-0.037267080745341685
2015-10-22,7.82,8.11,7.81,8.02,366063424,0.0348387096774192
2015-10-23,8.26,8.28,7.94,7.99,366220192,-0.0037406483790523026
2015-10-26,8.05,8.13,7.8,7.85,272645984,-0.017521902377972576
2015-10-27,7.86,7.86,7.55,7.6,328122400,-0.031847133757961776
2015-10-28,7.61,7.95,7.52,7.7,435173984,0.013157894736842257
2015-10-29,7.57,7.93,7.57,7.61,313160576,-0.011688311688311637
2015-10-30,7.6,7.78,7.54,7.71,280022272,0.013140604467805517
2015-11-03,7.84,8.48,7.77,8.48,479575456,0.09987029831387817
2015-11-04,8.58,8.65,8.02,8.08,457981408,-0.047169811320754707
2015-11-05,8.08,8.17,7.87,8.11,742823424,0.003712871287128605
2015-11-06,8.04,8.08,7.73,7.82,306952832,-0.03575832305795301
2015-11-09,7.83,7.93,7.59,7.64,274080000,-0.023017902813299296
2015-11-10,7.6,7.69,7.51,7.61,249139472,-0.003926701570680535
2015-11-11,7.71,7.83,7.64,7.72,336317824,0.014454664914586024
2015-11-12,7.72,7.74,7.53,7.58,310482880,-0.01813471502590669
2015-11-13,7.5,7.56,7.23,7.27,487915456,-0.04089709762532989
2015-11-16,7.31,7.7,7.31,7.7,419487072,0.05914718019257226
2015-11-17,7.8,7.86,7.64,7.76,401460064,0.007792207792207684
2015-11-18,7.81,8.03,7.79,7.82,297857344,0.0077319587628865705
2015-11-19,7.96,7.98,7.62,7.84,395648576,0.002557544757033181
2015-11-23,7.9,8.1,7.85,8.08,378036384,0.030612244897959107
2015-11-24,8.05,8.5,7.95,8.5,517415872,0.051980198019802026
2015-11-25,8.28,8.35,7.9,7.9,435196544,-0.07058823529411762
2015-11-26,7.95,8.04,7.82,7.92,169855904,0.0025316455696202667
2015-11-27,7.81,7.86,7.57,7.6,291876352,-0.04040404040404044
2015-11-30,7.54,7.84,7.42,7.67,549771200,0.009210526315789558
2015-12-01,7.67,7.76,7.45,7.49,265462400,-0.02346805736636237
2015-12-02,7.54,7.59,7.35,7.52,349730432,0.004005340453938411
2015-12-03,7.99,8.17,7.79,7.98,604283392,0.061170212765957466
2015-12-04,7.97,7.97,7.42,7.52,476028928,-0.057644110275689275
2015-12-07,7.6,7.61,7.15,7.19,342237248,-0.04388297872340419
2015-12-08,7.2,7.2,6.95,7.13,327434336,-0.00834492350486793
2015-12-09,7.34,7.82,7.27,7.65,618464256,0.07293127629733531
2015-12-10,7.51,7.57,7.31,7.45,318347808,-0.02614379084967322
2015-12-11,7.26,7.53,7.21,7.25,367147648,-0.02684563758389269
2015-12-14,7.15,7.23,7.07,7.21,234181696,-0.0055172413793103114
2015-12-15,7.34,7.47,7.3,7.42,248933200,0.029126213592232997
2015-12-16,7.28,7.36,7.09,7.29,278079264,-0.01752021563342321
2015-12-17,7.35,7.52,7.19,7.2,317105920,-0.012345679012345623
2015-12-18,7.02,7.1,6.92,7.02,417113280,-0.025000000000000133
2015-12-21,7.06,7.09,6.62,6.64,367062176,-0.054131054131054124
2015-12-22,6.76,6.82,6.62,6.79,273502176,0.02259036144578319
2015-12-23,6.91,7.04,6.87,6.93,269721120,0.020618556701030855
2015-12-28,6.9,6.9,6.65,6.7,192240960,-0.0331890331890331
2015-12-29,6.81,6.87,6.68,6.69,151840688,-0.0014925373134327957
2015-12-30,6.66,6.76,6.52,6.7,199262736,0.001494768310911887
2016-01-04,6.57,7.03,6.55,6.87,314449888,0.025373134328358304
2016-01-05,6.92,7.0,6.62,6.68,198582400,-0.02765647743813693
2016-01-06,6.53,6.54,6.4,6.4,434823904,-0.041916167664670545
2016-01-07,6.19,6.43,6.08,6.26,359180032,-0.02187500000000009
2016-01-08,6.38,6.45,6.13,6.27,327367776,0.0015974440894568342
2016-01-11,6.27,6.3,6.05,6.09,315623328,-0.028708133971291794
2016-01-12,6.12,6.12,5.51,5.53,465242112,-0.09195402298850563
2016-01-13,5.7,5.74,5.25,5.27,388069888,-0.047016274864376206
2016-01-14,5.31,5.69,5.13,5.69,420612544,0.07969639468690715
2016-01-15,5.35,5.44,5.16,5.17,396612192,-0.09138840070298782
2016-01-18,5.19,5.21,4.8,4.8,230875488,-0.07156673114119927
2016-01-19,5.03,5.05,4.64,4.66,319192800,-0.029166666666666563
2016-01-20,4.5,4.5,4.26,4.43,406392096,-0.049356223175965774
2016-01-21,4.37,4.67,4.36,4.5,396220384,0.015801354401805856
2016-01-22,4.73,4.77,4.4,4.41,461849984,-0.020000000000000018
2016-01-26,4.23,4.31,4.12,4.2,302717536,-0.04761904761904756
2016-01-27,4.22,4.64,4.16,4.57,352368576,0.08809523809523823
2016-01-28,4.67,5.13,4.35,4.6,618332864,0.006564551422319376
2016-01-29,4.7,4.86,4.52,4.84,439826240,0.052173913043478404
2016-02-01,4.74,4.86,4.66,4.72,245882432,-0.024793388429752095
2016-02-02,4.56,4.65,4.3,4.3,238862896,-0.08898305084745761
2016-02-03,4.42,4.52,4.22,4.49,324113632,0.04418604651162794
2016-02-04,4.56,4.94,4.36,4.73,429188288,0.05345211581291753
2016-02-05,4.73,4.78,4.53,4.54,244701984,-0.04016913319238913
2016-02-10,4.3,4.41,4.28,4.31,198066320,-0.05066079295154191
2016-02-11,4.2,4.27,4.12,4.23,249244384,-0.01856148491879328
2016-02-12,4.37,4.51,4.3,4.45,282745760,0.05200945626477527
2016-02-15,4.56,4.6,4.52,4.52,129541472,0.015730337078651457
2016-02-16,4.5,4.64,4.42,4.44,364114496,-0.017699115044247593
2016-02-17,4.54,4.82,4.51,4.68,392727840,0.054054054054053946
2016-02-18,4.69,4.87,4.55,4.59,303469280,-0.019230769230769162
2016-02-19,4.5,4.57,4.4,4.46,250595264,-0.028322440087145906
2016-02-22,4.67,5.04,4.63,5.04,390806048,0.13004484304932729
2016-02-23,4.95,5.28,4.82,4.92,424211232,-0.023809523809523836
2016-02-24,4.77,4.93,4.65,4.87,358950592,-0.010162601626016232
2016-02-25,4.81,5.08,4.79,4.89,346666368,0.004106776180698102
2016-02-26,5.02,5.1,4.83,4.87,303071264,-0.004089979550102152
2016-02-29,5.08,5.23,4.98,5.14,430988320,0.05544147843942504
2016-03-01,5.31,5.37,5.1,5.31,425053952,0.03307392996108938
2016-03-02,5.21,5.65,5.15,5.65,479617440,0.06403013182674222
2016-03-03,5.85,6.8,5.8,6.57,1175567232,0.1628318584070796
2016-03-04,7.9,7.9,6.9,7.22,1294776960,0.09893455098934534
2016-03-07,7.25,7.53,6.95,7.37,620017152,0.020775623268698196
2016-03-08,7.37,7.84,7.08,7.47,1020738112,0.013568521031207537
2016-03-09,7.7,7.78,7.36,7.6,646121856,0.01740294511378848
2016-03-10,7.8,7.96,7.31,7.95,900474432,0.046052631578947345
2016-03-11,7.94,8.22,7.67,8.09,737424000,0.017610062893081757
2016-03-14,8.13,8.2,7.4,7.4,655382976,-0.08529048207663781
2016-03-15,6.83,6.96,6.56,6.61,699084480,-0.10675675675675678
2016-03-16,6.51,7.23,6.41,7.23,584312256,0.09379727685325268
2016-03-17,8.15,8.19,7.71,8.1,943356416,0.12033195020746867
2016-03-18,8.09,8.17,7.72,8.12,608847040,0.0024691358024691024
2016-03-21,8.08,8.27,7.93,8.06,526247200,-0.007389162561576179
2016-03-22,7.85,8.18,7.73,8.11,669341696,0.006203473945409321
2016-03-23,7.88,7.96,7.66,7.78,473396704,-0.040690505548705236
2016-03-24,7.53,8.0,7.32,7.81,398617248,0.00385604113110527
2016-03-28,8.15,8.48,7.91,8.44,568050112,0.08066581306017917
2016-03-29,8.34,8.85,8.19,8.49,755373184,0.005924170616113722
2016-03-30,8.7,9.0,8.28,8.44,777980992,-0.005889281507656108
2016-03-31,8.36,8.63,8.19,8.35,583425856,-0.010663507109004766
2016-04-01,8.05,8.41,7.94,8.36,603182336,0.0011976047904191933
2016-04-04,8.0,8.18,7.53,7.58,549510016,-0.09330143540669844
2016-04-05,7.55,8.05,7.41,7.83,586195328,0.03298153034300788
2016-04-06,7.77,7.96,7.58,7.58,544294784,-0.03192848020434225
2016-04-07,7.79,7.85,7.6,7.7,355436288,0.0158311345646438
2016-04-08,8.13,8.34,8.04,8.26,690402624,0.07272727272727275
2016-04-11,8.43,8.58,8.34,8.39,516665760,0.0157384987893463
2016-04-12,8.55,9.15,8.49,9.03,757541696,0.07628128724672223
2016-04-13,9.41,9.74,9.29,9.51,1008350720,0.05315614617940212
2016-04-14,9.73,9.77,9.12,9.16,716163584,-0.03680336487907465
2016-04-15,9.25,9.83,9.07,9.69,895806400,0.05786026200873362
2016-04-18,9.65,9.72,8.89,9.24,825145536,-0.04643962848297212
2016-04-19,9.48,9.67,9.34,9.62,545078976,0.04112554112554112
2016-04-20,9.4,9.64,9.34,9.48,504246464,-0.014553014553014387
2016-04-22,9.32,9.93,9.29,9.75,612372992,0.028481012658227778
2016-04-25,9.71,9.9,9.33,9.33,532753536,-0.043076923076923124
2016-04-26,9.48,9.74,9.34,9.67,385231584,0.03644158628081451
2016-04-27,9.85,10.3,9.77,10.25,861496000,0.05997931747673224
2016-04-28,10.23,10.54,10.08,10.23,592154560,-0.0019512195121951237
2016-04-29,10.41,10.49,10.01,10.23,548271680,0.0
2016-05-02,10.25,10.36,9.93,10.17,488790208,-0.0058651026392961825
2016-05-03,10.01,10.09,9.71,9.78,458544384,-0.0383480825958703
2016-05-04,9.85,10.15,9.85,9.92,428761824,0.014314928425357865
2016-05-05,10.28,10.3,9.6,9.81,647812352,-0.011088709677419262
2016-05-06,9.63,10.13,9.58,10.08,448185344,0.02752293577981657
2016-05-09,10.01,10.05,8.84,9.48,888859008,-0.059523809523809534
2016-05-10,9.82,10.21,9.72,10.21,520272320,0.07700421940928281
2016-05-11,10.39,10.5,9.99,10.25,762187904,0.003917727717923425
2016-05-12,10.4,10.47,9.79,9.79,675049792,-0.044878048780487845
2016-05-13,9.93,10.06,9.39,9.46,668260160,-0.033707865168539186
2016-05-16,9.55,9.85,9.52,9.75,596170944,0.030655391120507414
2016-05-17,9.83,9.88,9.46,9.5,443574400,-0.02564102564102566
2016-05-18,9.31,9.65,9.27,9.32,487168928,-0.0189473684210526
2016-05-19,9.25,9.25,8.65,8.96,666273728,-0.03862660944205998
2016-05-20,9.2,9.46,8.9,8.9,594326208,-0.006696428571428603
2016-05-23,8.55,8.67,8.42,8.5,434582528,-0.0449438202247191
2016-05-24,8.69,8.85,8.45,8.53,384329920,0.003529411764705781
2016-05-25,8.68,8.94,8.59,8.67,395885760,0.016412661195779776
2016-05-27,8.5,8.57,8.23,8.23,391352160,-0.05074971164936559
2016-05-30,8.18,8.62,8.06,8.38,265184512,0.018226002430133725
2016-05-31,8.36,8.57,8.04,8.04,480428992,-0.04057279236276867
2016-06-01,8.09,8.25,7.86,8.18,367903008,0.017412935323383172
2016-06-02,8.19,8.41,8.03,8.4,431989312,0.02689486552567244
2016-06-03,8.51,8.67,8.45,8.57,386974016,0.020238095238095166
2016-06-06,8.7,8.78,8.45,8.46,314570688,-0.012835472578763052
2016-06-07,8.42,8.72,8.39,8.62,294416672,0.01891252955082723
2016-06-08,8.8,9.41,8.8,9.39,702815552,0.0893271461716938
2016-06-09,9.28,9.38,9.05,9.18,425936864,-0.022364217252396235
2016-06-10,8.97,8.99,8.78,8.78,341657312,-0.04357298474945537
2016-06-13,8.58,8.84,8.52,8.62,320145088,-0.018223234624145768
2016-06-14,8.6,8.77,8.25,8.3,554243840,-0.03712296983758678
2016-06-15,8.3,8.69,8.27,8.51,718122240,0.02530120481927689
2016-06-16,8.41,8.54,8.28,8.5,393273376,-0.001175088131609825
2016-06-17,8.75,8.95,8.73,8.95,557610432,0.05294117647058805
2016-06-20,9.22,9.37,9.12,9.18,587248256,0.025698324022346508
2016-06-21,9.09,9.54,8.94,9.53,488894560,0.03812636165577343
2016-06-22,9.61,9.75,9.34,9.34,588387648,-0.019937040923399763
2016-06-23,9.59,9.7,9.51,9.67,457943616,0.03533190578158463
2016-06-24,9.0,9.33,8.92,9.25,688141120,-0.04343329886246117
2016-06-27,9.22,9.34,8.78,8.78,523210752,-0.05081081081081085
2016-06-28,9.1,9.28,9.07,9.2,413285344,0.04783599088838275
2016-06-29,9.43,9.57,9.32,9.5,528907040,0.03260869565217406
2016-06-30,9.42,9.49,9.24,9.42,409086720,-0.008421052631578996
2016-07-01,9.48,9.85,9.37,9.82,474561568,0.0424628450106157
2016-07-04,9.95,10.05,9.79,9.87,239813776,0.005091649694500822
2016-07-05,9.65,9.67,9.23,9.29,650206656,-0.058763931104356626
2016-07-06,9.09,9.52,8.95,9.5,621696896,0.02260495156081821
2016-07-07,9.66,9.98,9.52,9.56,788313984,0.006315789473684275
2016-07-08,9.85,9.94,9.67,9.84,416980896,0.029288702928870203
2016-07-11,10.0,10.37,9.98,10.36,677672640,0.05284552845528445
2016-07-12,10.61,10.8,10.58,10.65,617170432,0.027992277992278103
2016-07-13,10.47,10.63,10.21,10.63,667074880,-0.00187793427230043
2016-07-14,10.92,10.98,10.66,10.93,574385024,0.02822201317027262
2016-07-15,10.91,11.06,10.82,11.02,554016064,0.008234217749313766
2016-07-18,10.97,11.74,10.87,11.55,870749824,0.048094373865698925
2016-07-19,11.51,11.97,11.5,11.78,628986944,0.019913419913419883
2016-07-20,11.82,11.9,11.54,11.82,575196864,0.00339558573853993
2016-07-21,11.77,11.99,11.73,11.85,440343776,0.002538071065989689
2016-07-22,11.84,11.97,11.72,11.94,399813312,0.0075949367088608
2016-07-25,11.98,12.25,11.91,12.03,567393536,0.007537688442211143
2016-07-26,11.95,12.07,11.85,11.88,454134752,-0.012468827930174453
2016-07-27,11.99,12.04,11.51,11.51,603206016,-0.031144781144781253
2016-07-28,11.4,11.55,11.15,11.44,459249728,-0.006081668114682914
2016-07-29,11.76,11.98,11.61,11.87,714220544,0.037587412587412494
2016-08-01,11.93,11.97,11.22,11.25,598459392,-0.05223251895534953
2016-08-02,11.33,11.62,11.1,11.36,551955840,0.009777777777777663
2016-08-03,11.58,11.9,11.33,11.9,645302656,0.04753521126760574
2016-08-04,11.93,12.12,11.87,12.01,756652736,0.009243697478991564
2016-08-05,12.12,12.17,11.65,11.65,636587200,-0.029975020815986686
2016-08-08,11.79,11.97,11.7,11.91,490430336,0.022317596566523656
2016-08-09,11.92,12.07,11.75,11.88,396023520,-0.0025188916876573986
2016-08-10,11.95,11.97,11.56,11.56,483393344,-0.026936026936026924
2016-08-11,11.63,12.1,11.6,12.1,657752704,0.04671280276816603
2016-08-12,12.05,12.44,11.98,12.0,862813312,-0.008264462809917328
2016-08-15,12.19,12.37,12.07,12.31,654063040,0.025833333333333375
2016-08-16,12.31,12.56,12.14,12.49,596411008,0.01462225832656383
2016-08-17,12.47,12.76,12.32,12.76,583107392,0.021617293835068052
2016-08-18,12.8,13.03,12.78,12.88,577432960,0.009404388714733702
2016-08-19,12.82,12.92,12.7,12.79,425050848,-0.006987577639751663
2016-08-22,12.63,12.63,12.3,12.35,535449120,-0.03440187646598902
2016-08-23,12.48,12.86,12.42,12.67,770320320,0.025910931174089047
2016-08-24,12.5,12.71,12.37,12.4,549920320,-0.02131018153117592
2016-08-25,12.42,12.64,12.35,12.53,503752576,0.010483870967741948
2016-08-26,12.69,12.9,12.45,12.55,637826944,0.0015961691939345712
2016-08-29,12.5,12.96,12.45,12.87,468228096,0.02549800796812729
2016-08-30,13.04,13.23,12.97,13.09,672169152,0.017094017094017255
2016-08-31,13.13,13.22,12.71,12.85,784822208,-0.018334606569900713
2016-09-01,12.97,13.09,12.76,13.0,585180288,0.011673151750972721
2016-09-02,13.22,13.58,13.15,13.57,762706304,0.04384615384615387
2016-09-05,13.79,13.93,13.73,13.83,359912256,0.01915991156963881
2016-09-06,13.69,13.98,13.53,13.98,569623296,0.010845986984815648
2016-09-08,14.07,14.29,13.96,14.22,602475520,0.017167381974249052
2016-09-09,13.96,14.02,13.51,13.51,582794496,-0.04992967651195501
2016-09-12,13.32,13.95,13.27,13.95,603758080,0.032568467801628476
2016-09-13,13.7,13.85,12.94,13.01,852543104,-0.06738351254480279
2016-09-14,13.15,13.36,12.97,13.11,574176128,0.00768639508070712
2016-09-15,13.21,13.56,13.16,13.51,563161920,0.030511060259344136
2016-09-16,13.34,13.42,13.16,13.16,588971136,-0.025906735751295318
2016-09-19,13.42,13.54,13.02,13.05,675604992,-0.008358662613981771
2016-09-20,13.45,13.63,13.33,13.5,698162048,0.0344827586206895
2016-09-21,13.6,13.69,13.4,13.66,823058816,0.01185185185185178
2016-09-22,13.89,14.09,13.84,14.0,661999872,0.02489019033674955
2016-09-23,13.98,13.98,13.54,13.69,721162560,-0.02214285714285713
2016-09-26,13.59,13.69,13.39,13.4,477486816,-0.02118334550766976
2016-09-27,13.4,13.4,12.87,13.12,752929984,-0.020895522388059806
2016-09-28,13.3,13.85,13.12,13.85,922394496,0.055640243902439046
2016-09-29,13.8,13.9,13.43,13.43,720784064,-0.030324909747292406
2016-09-30,13.53,13.77,13.44,13.57,528427488,0.01042442293373047
2016-10-03,13.67,13.97,13.62,13.97,474102208,0.029476787030213725
2016-10-04,13.98,14.12,13.83,14.02,547706880,0.0035790980672869566
2016-10-05,14.19,14.64,14.16,14.58,935819200,0.039942938659058624
2016-10-06,14.71,15.1,14.62,15.1,1142794368,0.03566529492455417
2016-10-07,15.23,15.38,14.97,15.26,1090130432,0.01059602649006619
2016-10-10,15.52,15.77,15.51,15.73,599703488,0.03079947575360431
2016-10-11,15.61,15.66,15.29,15.39,1047210112,-0.021614748887476165
2016-10-13,15.19,15.82,15.03,15.76,899142400,0.02404158544509416
2016-10-14,16.01,16.29,15.98,16.26,1063794944,0.03172588832487322
2016-10-17,16.24,16.9,16.07,16.9,1239306368,0.03936039360393595
2016-10-18,17.21,17.64,17.18,17.42,1341211648,0.030769230769230882
2016-10-19,17.72,17.79,17.34,17.62,1146810112,0.01148105625717566
2016-10-20,17.31,17.74,17.22,17.74,1099335168,0.006810442678774065
2016-10-21,17.65,18.09,17.48,17.95,854846848,0.01183765501691103
2016-10-24,18.26,18.43,18.0,18.2,941395072,0.013927576601671321
2016-10-25,18.22,18.29,17.71,18.0,1037308032,-0.01098901098901095
2016-10-26,17.7,18.25,17.61,18.1,925073216,0.005555555555555536
2016-10-27,18.11,18.49,18.09,18.09,798563968,-0.0005524861878454246
2016-10-28,17.99,18.29,17.95,18.09,683237184,0.0
2016-10-31,18.03,18.17,17.61,17.69,748026368,-0.022111663902708578
2016-11-01,17.88,17.88,16.56,16.86,1178290176,-0.04691916336913515
2016-11-03,16.63,17.03,16.13,16.13,937533184,-0.04329774614472126
2016-11-04,16.47,16.58,15.91,15.99,997401728,-0.008679479231246012
2016-11-07,16.71,17.21,16.71,17.21,877342592,0.07629768605378362
2016-11-08,17.1,17.48,16.73,17.04,963789120,-0.009877977919814152
2016-11-09,15.85,17.1,15.81,16.65,1832973056,-0.022887323943661997
2016-11-10,17.1,17.18,15.5,15.5,1533778560,-0.06906906906906896
2016-11-11,15.18,15.46,13.94,14.01,1902200192,-0.09612903225806457
2016-11-14,13.8,14.18,13.33,14.0,1190281088,-0.0007137758743753775
2016-11-16,14.55,14.96,14.18,14.74,1129528320,0.052857142857142936
2016-11-17,15.15,15.32,14.29,14.29,769711232,-0.030529172320217124
2016-11-18,14.37,14.69,14.21,14.52,797766784,0.016095171448565537
2016-11-21,15.05,15.58,14.88,15.58,903896192,0.07300275482093666
2016-11-22,15.93,16.08,15.25,15.93,925058048,0.0224646983311938
2016-11-23,15.72,15.99,15.53,15.85,671014848,-0.005021971123666091
2016-11-24,15.9,15.9,15.58,15.58,231672128,-0.017034700315457396
2016-11-25,15.25,15.52,15.05,15.3,728061376,-0.01797175866495504
2016-11-28,15.2,15.56,15.2,15.46,597826240,0.010457516339869244
2016-11-29,15.3,15.38,14.59,14.66,803761152,-0.05174644243208282
2016-11-30,15.9,16.19,15.61,16.0,1316174720,0.09140518417462484
2016-12-01,16.0,16.35,15.33,15.44,1063362880,-0.03500000000000003
2016-12-02,15.12,15.91,14.75,15.83,903292992,0.025259067357513043
2016-12-05,16.01,16.09,15.55,15.66,752226816,-0.010739102969046121
2016-12-06,16.0,16.2,15.74,16.15,1023040960,0.03128991060025532
2016-12-07,16.3,16.33,15.77,15.86,802214976,-0.017956656346749145
2016-12-08,15.97,16.0,15.52,15.7,648013120,-0.010088272383354413
2016-12-09,15.88,15.9,15.52,15.58,584126400,-0.007643312101910826
2016-12-12,15.79,15.95,15.48,15.6,557199680,0.0012836970474967568
2016-12-13,15.55,15.69,15.38,15.45,519764576,-0.009615384615384692
2016-12-14,15.43,15.47,14.74,14.74,667048832,-0.0459546925566342
2016-12-15,14.78,14.91,14.33,14.85,633622656,0.00746268656716409
2016-12-16,14.9,15.14,14.76,14.76,564261056,-0.0060606060606061
2016-12-19,14.88,14.89,14.35,14.36,571619712,-0.027100271002710064
2016-12-20,14.46,14.59,14.1,14.35,456286624,-0.0006963788300835549
2016-12-21,14.45,14.48,14.04,14.34,469597056,-0.0006968641114982743
2016-12-22,14.46,14.46,14.01,14.01,596031936,-0.023012552301255207
2016-12-23,14.05,14.35,14.01,14.24,309168320,0.016416845110635236
2016-12-26,14.32,14.45,14.27,14.42,82501536,0.012640449438202195
2016-12-27,14.5,14.55,14.26,14.41,215534672,-0.0006934812760055475
2016-12-28,14.43,14.81,14.36,14.78,277762880,0.025676613462872977
2016-12-29,14.85,14.88,14.52,14.87,266439888,0.006089309878213767
2017-01-02,14.64,14.7,14.6,14.66,110251592,-0.014122394082044298
2017-01-03,14.95,15.65,14.95,15.5,613726464,0.05729877216916779
2017-01-04,15.45,15.68,15.31,15.5,574660480,0.0
2017-01-05,15.7,15.91,15.62,15.75,750416000,0.016129032258064502
2017-01-06,15.78,15.92,15.5,15.66,401383328,-0.005714285714285672
2017-01-09,15.5,15.6,15.33,15.33,395853056,-0.021072796934865856
2017-01-10,15.6,15.68,15.39,15.48,408290336,0.009784735812133016
2017-01-11,15.64,15.68,15.27,15.66,533930112,0.011627906976744207
2017-01-12,16.15,16.25,15.9,15.9,800242368,0.015325670498084198
2017-01-13,15.77,15.95,15.57,15.68,540794944,-0.01383647798742138
2017-01-16,15.7,15.75,15.58,15.75,315096544,0.0044642857142858094
2017-01-17,15.73,15.97,15.72,15.82,455286016,0.004444444444444473
2017-01-18,15.8,15.93,15.71,15.79,391422272,-0.0018963337547408532
2017-01-19,15.82,15.88,15.58,15.77,341918368,-0.001266624445851794
2017-01-20,15.84,16.19,15.81,16.0,558667200,0.014584654407102216
2017-01-23,15.94,16.09,15.79,15.99,401372160,-0.0006249999999999867
2017-01-24,16.12,16.43,15.97,16.04,805622016,0.0031269543464664817
2017-01-26,16.15,16.19,15.8,15.8,597099776,-0.014962593516209433
2017-01-27,15.73,15.87,15.54,15.62,364881536,-0.0113924050632912
2017-01-30,15.51,15.53,14.84,14.84,404592672,-0.049935979513444306
2017-01-31,14.99,15.37,14.9,15.02,466453216,0.0121293800539084
2017-02-01,15.26,15.41,14.91,15.02,544015808,0.0
2017-02-02,14.99,15.28,14.86,14.89,590933184,-0.008655126498002597
2017-02-03,14.92,15.34,14.77,15.34,609655936,0.030221625251846795
2017-02-06,15.38,15.47,14.95,14.96,450522272,-0.024771838331160256
2017-02-07,15.1,15.16,14.7,14.7,434009600,-0.017379679144385096
2017-02-08,14.77,15.1,14.27,15.1,861209856,0.027210884353741527
2017-02-09,15.18,15.24,14.96,15.05,511618496,-0.0033112582781456013
2017-02-10,15.2,15.63,15.14,15.58,685404096,0.03521594684385376
2017-02-13,15.77,15.91,15.55,15.62,572453248,0.0025673940949935137
2017-02-14,15.74,15.95,15.56,15.82,543006336,0.012804097311139628
2017-02-15,15.91,16.05,15.78,15.84,763938560,0.0012642225031604948
2017-02-16,15.84,16.07,15.75,15.86,593031936,0.0012626262626262985
2017-02-17,15.74,15.9,15.6,15.61,389855616,-0.015762925598991173
2017-02-20,15.74,15.98,15.65,15.92,529703072,0.01985906470211396
2017-02-21,16.1,16.23,16.04,16.09,543204736,0.010678391959799027
2017-02-22,16.0,16.02,15.57,15.7,713306816,-0.02423865755127408
2017-02-23,15.94,16.1,15.48,15.56,649188800,-0.008917197452229186
2017-02-24,15.35,15.47,15.1,15.18,463634464,-0.024421593830334265
2017-03-01,15.51,15.55,15.32,15.52,397238048,0.022397891963109373
2017-03-02,15.44,15.45,14.99,15.11,583557120,-0.026417525773195893
2017-03-03,15.22,15.34,15.04,15.32,373078112,0.013898080741231
2017-03-06,15.11,15.47,15.04,15.1,354337312,-0.01436031331592691
2017-03-07,15.18,15.38,15.12,15.18,470817344,0.005298013245033095
2017-03-08,15.16,15.18,14.55,14.55,729536832,-0.04150197628458496
2017-03-09,14.34,14.59,14.17,14.5,665827136,-0.003436426116838587
2017-03-10,14.72,14.88,14.24,14.31,614151936,-0.013103448275862073
2017-03-13,14.33,14.4,14.16,14.37,399803744,0.00419287211740027
2017-03-14,14.07,14.1,13.59,13.59,916913536,-0.05427974947807934
2017-03-15,13.86,14.2,13.55,14.2,764846784,0.04488594554819714
2017-03-16,14.26,14.32,13.68,13.71,488646432,-0.03450704225352097
2017-03-17,13.81,13.88,13.05,13.16,1085024384,-0.040116703136396814
2017-03-20,12.98,13.67,12.91,13.6,696885376,0.033434650455927084
2017-03-21,13.61,13.63,12.82,13.0,604873280,-0.044117647058823484
2017-03-22,13.2,13.72,13.03,13.66,835171648,0.05076923076923068
2017-03-23,13.48,13.82,13.42,13.57,495122688,-0.0065885797950219205
2017-03-24,13.7,13.77,13.34,13.48,404140672,-0.0066322770817980325
2017-03-27,13.24,13.79,13.02,13.77,427580448,0.021513353115726996
2017-03-28,13.9,14.11,13.77,13.95,625540608,0.013071895424836555
2017-03-29,14.04,14.49,13.93,14.45,611176832,0.03584229390680993
2017-03-30,14.55,14.64,14.35,14.45,474026464,0.0
2017-03-31,14.36,14.65,14.26,14.49,485358816,0.0027681660899654403
2017-04-03,14.54,14.75,14.53,14.67,573379520,0.012422360248447228
2017-04-04,14.67,14.89,14.57,14.85,352918208,0.012269938650306678
2017-04-05,15.05,15.16,14.5,14.57,740890688,-0.01885521885521879
2017-04-06,14.62,14.87,14.42,14.53,503843936,-0.0027453671928621137
2017-04-07,14.61,14.9,14.6,14.7,486397472,0.011699931176875511
2017-04-10,14.9,14.94,14.7,14.94,557354112,0.01632653061224487
2017-04-11,14.97,14.99,14.55,14.68,566769408,-0.01740294511378848
2017-04-12,14.6,14.83,14.58,14.65,624795264,-0.002043596730245234
2017-04-13,14.65,14.69,14.08,14.08,634388992,-0.03890784982935158
2017-04-17,14.14,14.35,13.97,14.28,653380096,0.014204545454545414
2017-04-18,14.15,14.37,13.95,14.1,640335616,-0.012605042016806678
2017-04-19,14.24,14.28,13.55,13.6,565169920,-0.03546099290780147
2017-04-20,13.8,13.9,13.63,13.88,384483904,0.020588235294117796
2017-04-24,14.13,14.16,13.92,14.03,383580384,0.01080691642651277
2017-04-25,13.9,14.34,13.8,14.34,448442560,0.022095509622238163
2017-04-26,14.16,14.49,14.0,14.0,522416704,-0.023709902370990243
2017-04-27,13.99,14.03,13.56,13.73,398038784,-0.01928571428571424
2017-04-28,13.85,14.1,13.69,13.97,430932160,0.017479970866715266
2017-05-02,14.06,14.34,13.85,13.99,530775424,0.0014316392269146938
2017-05-03,14.04,14.25,13.95,14.16,531863616,0.012151536812008645
2017-05-04,14.0,14.0,13.58,13.6,514534592,-0.039548022598870136
2017-05-05,13.69,14.21,13.66,14.21,456568416,0.04485294117647065
2017-05-08,14.13,14.35,13.98,14.08,513769632,-0.009148486980999349
2017-05-09,14.15,14.24,14.04,14.14,393081312,0.0042613636363637575
2017-05-10,14.34,14.75,14.31,14.73,672417280,0.04172560113154167
2017-05-11,14.88,14.92,14.64,14.82,425637568,0.006109979633401208
2017-05-12,15.5,15.58,15.35,15.45,1284107648,0.04251012145748989
2017-05-15,15.77,15.87,15.65,15.68,734924416,0.014886731391585695
2017-05-16,15.77,15.78,15.52,15.7,534586816,0.0012755102040815647
2017-05-17,15.56,15.72,15.51,15.61,465614432,-0.00573248407643312
2017-05-18,12.45,14.0,12.45,13.15,1907705856,-0.15759128763613062
2017-05-19,13.75,13.9,13.46,13.62,963369600,0.03574144486691999
2017-05-22,13.35,13.51,13.0,13.4,728579904,-0.01615271659324513
2017-05-23,13.45,13.6,13.38,13.49,653341056,0.006716417910447747
2017-05-24,13.75,14.09,13.69,13.94,749195328,0.03335804299481082
2017-05-25,13.97,14.19,13.63,13.74,620916160,-0.014347202295552308
2017-05-26,13.47,13.79,13.4,13.68,858044224,-0.004366812227074246
2017-05-29,13.59,13.77,13.55,13.57,216812720,-0.008040935672514626
2017-05-30,13.55,13.64,13.36,13.36,464029120,-0.015475313190862261
2017-05-31,13.21,13.31,12.95,12.96,584459584,-0.029940119760478945
2017-06-01,13.16,13.29,12.82,12.82,556892032,-0.010802469135802517
2017-06-02,12.79,13.05,12.68,13.05,549295168,0.017940717628705194
2017-06-05,12.96,13.24,12.92,13.18,410176576,0.009961685823754785
2017-06-06,13.23,13.33,13.03,13.18,465526528,0.0
2017-06-07,13.28,13.34,12.81,12.87,572430272,-0.023520485584218598
2017-06-08,12.78,12.96,12.71,12.84,353459584,-0.002331002331002252
2017-06-09,12.96,13.1,12.83,12.85,391708384,0.0007788161993769194
2017-06-12,12.97,13.03,12.77,12.9,393118944,0.0038910505836575737
2017-06-13,12.95,13.02,12.77,12.94,293233984,0.0031007751937983663
2017-06-14,12.94,13.04,12.61,12.62,857796288,-0.02472952086553326
2017-06-16,12.58,12.59,12.21,12.28,901036160,-0.02694136291600635
2017-06-19,12.31,12.47,12.22,12.29,565797568,0.0008143322475568926
2017-06-20,12.12,12.13,11.76,11.86,640599360,-0.034987794955248175
2017-06-21,11.95,12.12,11.59,11.64,692545600,-0.018549747048903775
2017-06-22,11.76,12.04,11.72,12.04,499899168,0.03436426116838476
2017-06-23,12.11,12.15,11.87,11.93,398027424,-0.009136212624584639
2017-06-26,12.1,12.3,12.04,12.27,516683232,0.02849958088851623
2017-06-27,12.34,12.48,12.13,12.21,550844224,-0.004889975550122161
2017-06-28,12.27,12.32,12.01,12.08,380151712,-0.01064701064701068
2017-06-29,12.26,12.3,12.09,12.18,294770688,0.008278145695364225
2017-06-30,12.25,12.48,12.19,12.37,363572544,0.015599343185550119
2017-07-03,12.28,12.41,12.22,12.36,385054656,-0.0008084074373484462
2017-07-04,12.34,12.43,12.32,12.43,153960848,0.005663430420711935
2017-07-05,12.38,12.52,12.12,12.21,513583968,-0.017699115044247704
2017-07-06,12.28,12.36,12.08,12.17,632686656,-0.003276003276003303
2017-07-07,12.13,12.17,11.85,11.93,507790336,-0.019720624486442073
2017-07-10,11.83,12.01,11.74,11.98,255634336,0.00419111483654655
2017-07-11,11.95,12.45,11.9,12.33,553012160,0.02921535893155247
2017-07-12,12.64,12.99,12.51,12.94,841813248,0.04947283049472828
2017-07-13,12.96,13.04,12.8,12.87,423924896,-0.005409582689335446
2017-07-14,12.96,13.06,12.91,13.05,465448448,0.013986013986014179
2017-07-17,13.03,13.05,12.87,12.89,361660192,-0.01226053639846747
2017-07-18,13.0,13.02,12.83,12.94,245938512,0.0038789759503490284
2017-07-19,13.0,13.27,12.97,13.23,476642208,0.022411128284389514
2017-07-20,13.29,13.35,13.03,13.1,390321760,-0.009826152683295564
2017-07-21,13.0,13.04,12.67,12.69,492974368,-0.0312977099236641
2017-07-24,12.83,12.92,12.77,12.88,207135856,0.01497241922773851
2017-07-25,13.01,13.25,13.01,13.22,388913984,0.026397515527950333
2017-07-26,13.3,13.34,12.98,12.98,379670912,-0.018154311649016708
2017-07-27,13.05,13.17,13.0,13.0,280841376,0.0015408320493066618
2017-07-28,12.98,13.13,12.91,13.13,270994592,0.010000000000000009
2017-07-31,13.22,13.31,13.07,13.29,411400224,0.012185833968012094
2017-08-01,13.3,13.32,13.08,13.12,296705536,-0.012791572610985735
2017-08-02,13.13,13.61,13.08,13.51,614112576,0.029725609756097615
2017-08-03,13.57,13.66,13.31,13.31,418139904,-0.014803849000740166
2017-08-04,13.41,13.48,13.26,13.4,287162816,0.0067618332081142984
2017-08-07,13.35,13.62,13.33,13.55,400809280,0.011194029850746245
2017-08-08,13.5,13.69,13.46,13.49,386454016,-0.0044280442804428555
2017-08-09,13.51,13.61,13.44,13.52,361599296,0.002223869532987255
2017-08-10,13.6,13.66,13.15,13.19,746415552,-0.02440828402366868
2017-08-11,13.14,13.2,12.94,12.95,548683648,-0.0181956027293404
2017-08-14,12.98,13.22,12.91,13.08,411447840,0.010038610038610063
2017-08-15,13.08,13.24,13.05,13.15,317034048,0.005351681957186605
2017-08-16,13.3,13.38,13.1,13.13,593202880,-0.001520912547528508
2017-08-17,13.12,13.26,13.02,13.05,303731776,-0.006092916984006047
2017-08-18,13.16,13.6,13.16,13.6,883760128,0.04214559386973171
2017-08-21,13.64,13.66,13.28,13.34,532123712,-0.01911764705882346
2017-08-22,13.7,13.87,13.64,13.79,753725248,0.033733133433283324
2017-08-23,13.78,13.93,13.65,13.76,655401216,-0.00217548948513413
2017-08-24,13.78,13.89,13.68,13.8,441464448,0.0029069767441860517
2017-08-25,13.87,13.94,13.81,13.88,333701376,0.005797101449275477
2017-08-28,13.93,14.03,13.76,13.87,375722240,-0.0007204610951009327
2017-08-29,13.76,13.85,13.68,13.85,372961600,-0.0014419610670511895
2017-08-30,13.79,13.9,13.44,13.45,792365056,-0.028880866425992857
2017-08-31,13.53,13.77,13.47,13.65,1127334144,0.014869888475836479
2017-09-01,13.85,14.19,13.82,14.02,840919360,0.02710622710622701
2017-09-04,13.96,14.18,13.94,14.17,253330640,0.010699001426533572
2017-09-05,14.57,14.65,14.23,14.41,811274048,0.016937191249117856
2017-09-06,14.65,15.02,14.51,15.02,999855168,0.0423317140874393
2017-09-08,15.1,15.15,14.69,14.71,527619648,-0.020639147802929303
2017-09-11,14.88,15.05,14.81,14.99,519911584,0.01903467029231809
2017-09-12,14.98,15.16,14.86,14.87,742175424,-0.008005336891260928
2017-09-13,14.94,15.1,14.81,15.03,551551424,0.010759919300605159
2017-09-14,15.03,15.26,15.02,15.04,515099232,0.0006653359946773296
2017-09-15,15.07,15.17,14.99,15.04,715410880,0.0
2017-09-18,15.02,15.19,14.98,15.04,709932288,0.0
2017-09-19,15.1,15.17,14.92,15.14,535421216,0.0066489361702128935
2017-09-20,15.25,15.88,15.07,15.87,1235108224,0.048216644649933915
2017-09-21,15.85,15.96,15.58,15.67,726377536,-0.012602394454946375
2017-09-22,15.6,15.8,15.43,15.69,637606592,0.0012763241863433805
2017-09-25,15.79,15.96,15.7,15.84,574734336,0.009560229445506607
2017-09-26,15.86,15.9,15.56,15.56,591431232,-0.017676767676767624
2017-09-27,15.7,15.72,15.11,15.31,637455936,-0.016066838046272514
2017-09-28,15.37,15.5,15.22,15.34,516972064,0.0019595035924231397
2017-09-29,15.5,15.52,15.3,15.3,437040480,-0.0026075619295957697
2017-10-02,15.19,15.4,15.06,15.4,451678656,0.006535947712418277
2017-10-03,15.6,15.98,15.52,15.98,795836608,0.03766233766233773
2017-10-04,15.9,15.94,15.65,15.66,750123712,-0.020025031289111372
2017-10-05,15.88,16.11,15.85,15.9,876354880,0.015325670498084198
2017-10-06,15.66,15.77,15.54,15.69,649597504,-0.013207547169811429
2017-10-09,15.61,15.89,15.59,15.89,434244800,0.012746972594009032
2017-10-10,16.13,16.19,16.01,16.19,756147264,0.01887979861548139
2017-10-11,16.17,16.25,16.01,16.08,649520512,-0.006794317479926093
2017-10-13,16.23,16.29,16.06,16.08,386924128,0.0
2017-10-16,16.16,16.26,16.0,16.12,720674048,0.0024875621890549926
2017-10-17,16.14,16.22,16.07,16.13,411901344,0.0006203473945407545
2017-10-18,16.22,16.28,16.13,16.16,416365696,0.0018598884066955979
2017-10-19,16.0,16.16,15.9,16.15,395933120,-0.0006188118811881749
2017-10-20,16.19,16.39,16.17,16.22,528213728,0.004334365325077361
2017-10-23,16.29,16.29,16.12,16.2,476553472,-0.0012330456226880004
2017-10-24,16.28,16.51,16.17,16.51,755262912,0.019135802469135932
2017-10-25,16.53,16.73,16.45,16.72,622846464,0.012719563900666087
2017-10-26,16.78,16.89,16.66,16.73,634774976,0.0005980861244019309
2017-10-27,16.77,17.09,16.65,17.03,773960384,0.0179318589360431
2017-10-30,16.97,17.17,16.74,16.78,937168320,-0.014679976512037562
2017-10-31,16.9,16.95,16.72,16.77,542617536,-0.0005959475566150729
2017-11-01,16.99,17.1,16.88,16.9,660787840,0.007751937984496138
2017-11-03,16.96,17.01,16.68,16.94,550193152,0.002366863905325589
2017-11-06,17.05,17.44,16.98,17.43,793731712,0.02892561983471076
2017-11-07,17.31,17.35,16.5,16.5,1033694912,-0.05335628227194489
2017-11-08,16.69,16.95,16.51,16.95,688793408,0.027272727272727337
2017-11-09,16.89,16.94,16.72,16.72,494702752,-0.013569321533923318
2017-11-10,16.71,16.81,16.51,16.72,599722624,0.0
2017-11-13,16.69,16.77,16.39,16.64,476561824,-0.004784688995215225
2017-11-14,16.5,16.52,15.28,15.35,1404322688,-0.07752403846153855
2017-11-16,15.62,16.04,15.48,15.81,674480832,0.029967426710097778
2017-11-17,15.92,16.12,15.81,16.02,613846976,0.013282732447817747
2017-11-21,16.15,16.31,15.85,15.9,739091840,-0.0074906367041197575
2017-11-22,16.09,16.24,15.93,16.11,602225856,0.013207547169811207
2017-11-23,15.98,16.26,15.94,16.19,247909760,0.004965859714463283
2017-11-24,16.25,16.37,16.04,16.1,304363392,-0.005558987029030238
2017-11-27,16.01,16.02,15.78,15.87,451529472,-0.014285714285714457
2017-11-28,15.93,16.04,15.81,15.84,484192064,-0.001890359168241873
2017-11-29,15.87,15.92,15.32,15.33,710639872,-0.032196969696969724
2017-11-30,15.3,15.47,14.99,15.38,806212032,0.003261578604044413
2017-12-01,15.34,15.77,15.26,15.61,666129728,0.014954486345903684
2017-12-04,15.65,15.8,15.46,15.48,683266624,-0.008327994875079958
2017-12-05,15.5,15.83,15.21,15.31,470538976,-0.010981912144702788
2017-12-06,15.22,15.7,15.14,15.52,605065024,0.013716525146962644
2017-12-07,15.3,15.49,15.07,15.26,570478144,-0.01675257731958757
2017-12-08,15.51,15.68,15.35,15.35,615406336,0.00589777195281771
2017-12-11,15.48,15.57,15.37,15.38,328680928,0.001954397394136942
2017-12-12,15.36,15.49,15.18,15.49,554640512,0.007152145643693153
2017-12-13,15.65,15.68,15.11,15.18,724415552,-0.020012911555842505
2017-12-14,15.1,15.31,15.0,15.01,561970944,-0.011198945981554687
2017-12-15,15.05,15.24,14.95,14.95,839397376,-0.003997335109926725
2017-12-18,15.16,15.33,15.13,15.22,651555648,0.018060200668896353
2017-12-19,15.18,15.25,15.06,15.14,342700256,-0.005256241787122251
2017-12-20,15.21,15.3,15.17,15.24,306921824,0.006605019815059343
2017-12-21,15.31,15.87,15.3,15.86,737905088,0.04068241469816258
2017-12-22,15.75,15.89,15.69,15.75,295397536,-0.0069356872635560896
2017-12-26,15.75,15.99,15.69,15.97,351819968,0.013968253968253963
2017-12-27,15.99,16.14,15.98,16.05,378224288,0.0050093926111458575
2017-12-28,16.1,16.13,16.0,16.1,305803840,0.0031152647975078995
2018-01-02,16.19,16.55,16.19,16.55,549628160,0.02795031055900621
2018-01-03,16.49,16.72,16.37,16.7,927609984,0.009063444108761143
2018-01-04,16.78,16.96,16.62,16.73,624099840,0.001796407185628901
2018-01-05,16.7,16.86,16.57,16.83,452007584,0.005977286312014218
2018-01-08,16.74,17.03,16.71,17.03,480575904,0.011883541295306221
2018-01-09,17.03,17.16,16.96,17.03,598574656,0.0
2018-01-10,16.92,17.05,16.77,16.8,483077984,-0.01350557839107458
2018-01-11,16.88,17.3,16.84,17.25,648199424,0.02678571428571419
2018-01-12,17.04,17.41,17.02,17.3,792052864,0.0028985507246377384
2018-01-15,17.32,17.44,17.15,17.35,501946560,0.0028901734104047616
2018-01-16,17.35,17.84,17.3,17.65,1035475136,0.01729106628242061
2018-01-17,17.92,18.36,17.81,18.36,1057469248,0.04022662889518425
2018-01-18,18.35,18.53,17.93,18.22,886368832,-0.007625272331154731
2018-01-19,18.31,18.42,18.03,18.26,608457536,0.002195389681668658
2018-01-22,18.26,18.47,18.09,18.47,620941504,0.011500547645125758
2018-01-23,18.4,18.46,18.0,18.29,725655232,-0.009745533297238707
2018-01-24,18.42,19.63,18.42,19.34,1707747200,0.05740841990158563
2018-01-26,19.62,19.98,19.1,19.93,1610693376,0.030506721820062088
2018-01-29,19.67,20.05,19.57,19.85,1104404096,-0.004014049172102241
2018-01-30,19.77,19.77,19.36,19.49,902546048,-0.01813602015113369
2018-01-31,19.74,19.93,19.68,19.7,823872832,0.010774756285274467
2018-02-01,19.76,20.62,19.76,20.52,1052148416,0.04162436548223347
2018-02-02,20.3,20.42,19.85,19.97,1018519552,-0.02680311890838205
2018-02-05,19.65,19.97,19.04,19.04,1215492096,-0.04656985478217324
2018-02-06,18.66,19.99,18.62,19.99,1437849600,0.04989495798319332
2018-02-07,19.97,20.22,19.36,19.44,1225444224,-0.027513756878439044
2018-02-08,19.55,19.74,18.8,19.05,982725248,-0.020061728395061706
2018-02-09,19.03,19.39,18.51,18.77,1297964544,-0.014698162729658848
2018-02-14,19.01,19.36,18.96,19.25,831828608,0.025572722429408667
2018-02-15,19.5,19.54,19.17,19.4,619732800,0.007792207792207684
2018-02-16,19.46,19.58,19.31,19.42,675715776,0.0010309278350517648
2018-02-19,19.55,20.1,19.55,20.05,814625280,0.032440782698249127
2018-02-20,19.88,20.82,19.82,20.44,1375165440,0.01945137157107224
2018-02-21,20.59,20.88,20.25,20.25,1148127616,-0.009295499021526488
2018-02-22,20.59,20.82,20.54,20.74,789766464,0.024197530864197514
2018-02-23,20.95,21.14,20.62,21.12,1168188800,0.018322082931533368
2018-02-26,21.4,21.69,21.38,21.52,1038352064,0.01893939393939381
2018-02-27,21.47,21.85,21.34,21.5,926711232,-0.0009293680297397522
2018-02-28,21.63,21.77,21.18,21.46,1421662976,-0.0018604651162790198
2018-03-01,21.4,21.46,20.76,21.03,1403548672,-0.020037278657968338
2018-03-02,20.7,21.51,20.51,21.51,1105588352,0.022824536376604865
2018-03-05,21.49,22.17,21.36,22.12,1186116224,0.028358902835890154
2018-03-06,22.5,22.63,21.86,21.9,1269989504,-0.009945750452079682
2018-03-07,21.69,21.97,21.37,21.67,1100410624,-0.010502283105022658
2018-03-08,21.85,21.88,21.32,21.7,781665024,0.0013844023996307797
2018-03-09,21.78,22.39,21.59,22.39,1005065856,0.03179723502304155
2018-03-12,22.54,22.59,22.23,22.33,714606848,-0.0026797677534614595
2018-03-13,22.45,22.54,22.06,22.11,770607552,-0.009852216748768461
2018-03-14,22.3,22.44,22.09,22.38,707359168,0.012211668928086894
2018-03-15,22.05,22.18,21.31,21.31,1746729600,-0.04781054512958005
2018-03-16,21.47,21.74,21.23,21.43,1240642304,0.00563115908024403
2018-03-19,21.27,21.36,20.86,20.93,884244800,-0.023331777881474558
2018-03-20,21.18,21.41,21.11,21.16,635943104,0.01098901098901095
2018-03-21,21.25,22.09,21.2,22.05,1146319744,0.042060491493383756
2018-03-22,21.86,22.04,21.58,21.72,1085546368,-0.014965986394557929
2018-03-23,21.61,22.11,21.53,21.75,1153198080,0.0013812154696133394
2018-03-26,22.07,22.2,21.84,22.03,656619264,0.012873563218390949
2018-03-27,22.14,22.18,21.37,21.44,943025600,-0.026781661370857912
2018-03-28,21.26,21.41,20.99,21.2,812508096,-0.011194029850746356
2018-03-29,21.26,21.56,21.23,21.41,731335488,0.009905660377358627
2018-04-02,21.36,21.46,20.77,20.9,779042304,-0.023820644558617543
2018-04-03,21.11,21.19,20.66,20.71,817830720,-0.009090909090908927
2018-04-04,20.31,20.6,20.11,20.38,1182054400,-0.015934331240946453
2018-04-05,21.15,21.33,21.03,21.15,1872923008,0.03778213935230612
2018-04-06,20.98,21.28,20.83,21.28,1005427840,0.006146572104019032
2018-04-09,21.43,21.44,20.53,20.53,922108480,-0.03524436090225569
2018-04-10,20.91,21.51,20.76,21.4,1234773120,0.042377009254749076
2018-04-11,21.35,21.9,21.33,21.8,1350667264,0.01869158878504673
2018-04-12,21.79,21.94,21.68,21.68,787867840,-0.005504587155963359
2018-04-13,21.64,21.74,21.06,21.2,918394816,-0.022140221402214055
2018-04-16,21.05,21.24,20.6,20.62,1005224448,-0.027358490566037674
2018-04-17,20.7,21.08,20.62,21.03,762594880,0.01988360814742962
2018-04-18,21.35,21.87,21.31,21.8,1407113088,0.03661436043747024
2018-04-19,22.07,22.4,21.93,22.2,1385166336,0.0183486238532109
2018-04-20,22.06,22.46,21.9,22.36,1366798208,0.007207207207207134
2018-04-23,22.09,22.48,21.94,22.48,819854336,0.005366726296959001
2018-04-24,22.6,22.77,22.23,22.4,1042717888,-0.003558718861210064
2018-04-25,22.01,22.13,21.67,21.73,1482117504,-0.029910714285714235
2018-04-26,22.0,22.63,21.97,22.63,1257900160,0.04141739530602839
2018-04-27,22.84,22.93,22.66,22.71,857564672,0.0035351303579320703
2018-04-30,22.73,23.02,22.63,22.97,537269504,0.011448701012769513
2018-05-02,22.67,22.93,22.51,22.6,714985408,-0.016107966913365135
2018-05-03,22.54,22.64,21.97,22.45,1088520576,-0.006637168141592986
2018-05-04,22.45,22.64,22.27,22.27,742274496,-0.00801781737193763
2018-05-07,22.57,23.17,22.49,22.65,1087892992,0.01706331387516835
2018-05-08,23.06,23.15,22.52,22.91,1849893760,0.011479028697571891
2018-05-09,23.3,24.8,23.22,24.78,2830537728,0.08162374508948056
2018-05-10,25.14,26.49,24.92,25.75,3260710144,0.03914447134786103
2018-05-11,25.83,26.31,25.42,25.44,1879851776,-0.012038834951456301
2018-05-14,25.85,26.48,25.81,26.24,1733561216,0.03144654088050314
2018-05-15,26.35,26.9,25.89,26.79,1977159040,0.02096036585365857
2018-05-16,26.87,27.53,26.84,27.39,1752917504,0.022396416573348343
2018-05-17,27.35,27.6,25.47,25.95,2989260800,-0.05257393209200445
2018-05-18,25.01,26.17,24.96,25.65,2125226880,-0.011560693641618491
2018-05-21,26.1,26.29,24.94,25.05,1929021056,-0.023391812865496964
2018-05-22,24.81,25.29,24.15,24.71,2163299072,-0.013572854291417191
2018-05-23,24.23,24.48,23.27,23.27,1768667904,-0.058276001618777884
2018-05-24,20.05,20.75,19.65,20.08,4792839168,-0.13708637730984108
2018-05-25,20.65,21.27,19.66,19.8,2650223360,-0.013944223107569598
2018-05-28,19.2,19.2,16.91,16.91,2382545408,-0.14595959595959596
2018-05-29,18.0,19.44,17.6,19.3,3363127040,0.14133648728562975
2018-05-30,18.39,19.97,18.13,18.98,2378496512,-0.016580310880829008
2018-06-01,19.56,19.75,14.9,16.16,3512049408,-0.14857744994731292
2018-06-04,17.29,17.64,17.05,17.53,1616465280,0.0847772277227723
2018-06-05,17.36,17.8,16.59,16.59,1141247104,-0.05362236166571599
2018-06-06,16.47,16.68,15.87,16.33,1124220544,-0.015672091621458772
2018-06-07,16.0,16.16,14.93,15.76,1838617856,-0.03490508266993253
2018-06-08,15.81,16.19,15.06,15.25,1410058240,-0.032360406091370586
2018-06-11,15.5,15.8,15.13,15.41,684356672,0.010491803278688483
2018-06-12,15.48,15.68,15.24,15.46,1069784000,0.0032446463335495945
2018-06-13,15.42,15.5,14.74,15.17,1083068288,-0.01875808538163004
2018-06-14,15.33,15.55,15.05,15.1,868366400,-0.004614370468029039
2018-06-15,15.03,15.07,14.47,14.97,1100210944,-0.008609271523178696
2018-06-18,14.77,14.89,14.5,14.5,687203392,-0.03139612558450233
2018-06-19,14.26,15.72,14.17,15.42,1458826624,0.06344827586206891
2018-06-20,15.84,16.48,15.8,16.21,1418929920,0.051232166018158276
2018-06-21,16.09,16.32,15.1,15.1,1053475776,-0.06847624922887119
2018-06-22,15.41,15.68,15.01,15.11,792675776,0.0006622516556291647
2018-06-25,15.2,15.79,15.06,15.7,923904000,0.03904698874917267
2018-06-26,15.9,16.12,15.53,16.04,941620672,0.021656050955414008
2018-06-27,16.1,16.98,16.06,16.55,1287953280,0.03179551122194524
2018-06-28,16.72,17.07,16.33,16.6,1581069952,0.0030211480362538623
2018-06-29,16.85,17.19,16.73,17.19,1278678400,0.03554216867469884
2018-07-02,16.99,17.48,16.9,17.47,932206080,0.016288539848749117
2018-07-03,17.74,17.89,17.46,17.5,1000764736,0.0017172295363481194
2018-07-04,17.38,18.45,17.24,18.45,955115136,0.05428571428571427
2018-07-05,18.6,18.8,17.65,17.86,1371957760,-0.03197831978319787
2018-07-06,17.97,18.09,17.65,17.94,601030592,0.004479283314669846
2018-07-10,18.34,18.35,17.55,17.75,1265407488,-0.010590858416945403
2018-07-11,17.49,18.08,17.3,17.41,1508321664,-0.019154929577464785
2018-07-12,17.62,18.02,17.52,17.95,872458496,0.031016657093624334
2018-07-13,17.99,18.18,17.78,18.11,807749440,0.008913649025069637
2018-07-16,17.95,17.98,17.6,17.88,1111302144,-0.012700165654334628
2018-07-17,17.79,18.4,17.71,18.29,733016512,0.022930648769574846
2018-07-18,18.25,18.4,17.94,18.05,732868352,-0.013121924548933794
2018-07-19,17.84,18.4,17.74,18.4,1068791360,0.01939058171745134
2018-07-20,19.17,19.48,18.93,19.29,1878389888,0.04836956521739144
2018-07-23,19.3,19.47,19.21,19.26,676986816,-0.0015552099533435726
2018-07-24,19.57,19.87,19.53,19.66,782342144,0.020768431983385183
2018-07-25,19.8,20.0,19.61,19.96,960775168,0.015259409969481164
2018-07-26,19.95,19.95,19.37,19.41,939945472,-0.02755511022044088
2018-07-27,19.6,19.81,19.55,19.77,715082496,0.018547140649149974
2018-07-30,19.95,20.1,19.7,19.89,734676352,0.006069802731411222
2018-07-31,19.62,19.79,19.47,19.72,756676032,-0.008547008547008628
2018-08-01,19.59,20.01,19.54,20.01,765026368,0.014705882352941346
2018-08-02,19.99,20.78,19.95,20.41,1387328000,0.019990004997501254
2018-08-03,21.4,21.55,21.09,21.11,1834398848,0.03429691327780504
2018-08-06,21.15,21.47,20.98,21.04,939932352,-0.003315963998105187
2018-08-07,21.33,21.46,20.57,20.71,1438597760,-0.015684410646387703
2018-08-08,20.81,21.07,20.12,20.14,1182226688,-0.02752293577981657
2018-08-09,20.26,20.35,19.8,20.34,1024646400,0.009930486593842991
2018-08-10,20.1,20.15,19.36,19.59,1210926336,-0.03687315634218291
2018-08-13,19.5,20.04,19.27,20.04,1139572864,0.02297090352220521
2018-08-14,20.28,20.31,19.73,19.98,1099759872,-0.0029940119760478723
2018-08-15,19.64,19.67,19.05,19.05,1257626752,-0.04654654654654655
2018-08-16,19.32,19.35,18.77,18.95,970985600,-0.005249343832021025
2018-08-17,18.75,18.86,18.4,18.46,1263350656,-0.02585751978891815
2018-08-20,18.37,18.51,18.09,18.36,1023149248,-0.005417118093174467
2018-08-21,18.27,18.53,17.65,17.72,1241452672,-0.034858387799564294
2018-08-22,17.7,18.38,17.65,18.35,1019774208,0.03555304740406329
2018-08-23,18.35,18.52,17.88,17.95,1018091008,-0.021798365122615904
2018-08-24,18.35,18.44,18.05,18.3,688224640,0.019498607242339983
2018-08-27,18.41,18.76,18.3,18.71,654754944,0.022404371584699545
2018-08-28,18.76,18.85,18.34,18.35,699904320,-0.019241047568145375
2018-08-29,18.5,19.31,18.45,19.3,1355420928,0.05177111716621252
2018-08-30,19.15,19.54,18.68,18.8,1208717568,-0.025906735751295318
2018-08-31,18.95,19.43,18.91,19.26,1449246464,0.024468085106382986
2018-09-03,18.99,19.13,18.76,19.0,478159008,-0.013499480789200491
2018-09-04,19.13,19.19,18.62,18.65,745403520,-0.018421052631579005
2018-09-05,18.56,18.8,18.23,18.65,995166144,0.0
2018-09-06,18.99,19.02,18.48,18.99,964147584,0.01823056300268089
2018-09-10,19.36,19.6,19.05,19.26,1119669632,0.014218009478673244
2018-09-11,18.87,18.89,18.43,18.5,1044457792,-0.039460020768432025
2018-09-12,18.81,19.22,18.64,18.95,1125274112,0.024324324324324298
2018-09-13,19.03,19.13,18.62,18.71,686308352,-0.012664907651714907
2018-09-14,18.8,18.96,18.48,18.79,1041437632,0.00427578834847675
2018-09-17,18.63,19.49,18.63,19.4,1359868672,0.03246407663650874
2018-09-18,19.5,20.25,19.47,20.25,1444856320,0.04381443298969079
2018-09-19,19.93,20.46,19.83,19.98,1218882432,-0.013333333333333308
2018-09-20,20.26,20.35,19.75,19.87,1119538176,-0.005505505505505437
2018-09-21,20.15,20.3,19.95,20.14,1173969024,0.013588324106693417
2018-09-24,20.2,20.41,19.92,20.0,1089914624,-0.006951340615690249
2018-09-25,19.7,20.15,19.53,20.08,1071853888,0.0040000000000000036
2018-09-26,20.24,20.3,19.97,20.19,1207641856,0.005478087649402497
2018-09-27,20.5,21.46,20.47,21.46,2178389504,0.0629024269440317
2018-09-28,21.13,21.94,21.02,21.09,1952947328,-0.017241379310344862
2018-10-01,21.25,21.36,20.8,21.0,1182548864,-0.004267425320056861
2018-10-02,22.0,22.82,21.9,22.82,2840932096,0.08666666666666667
2018-10-03,25.25,25.42,23.46,23.79,3645505280,0.042506573181419816
2018-10-04,23.45,24.52,23.21,24.02,2363587584,0.009667927700714563
2018-10-05,24.49,24.59,23.66,23.96,2514237696,-0.0024979184013321776
2018-10-08,26.94,26.97,25.75,26.6,4948299776,0.11018363939899833
2018-10-09,26.48,27.0,26.28,26.82,2395136768,0.008270676691729317
2018-10-10,26.31,26.39,25.65,26.05,2135055104,-0.02870991797166289
2018-10-11,26.55,26.75,25.06,25.29,3069122560,-0.029174664107485704
2018-10-15,25.9,26.12,25.55,25.77,2382277888,0.018979833926453082
2018-10-16,26.2,26.73,26.09,26.73,1950034560,0.0372526193247964
2018-10-17,26.44,26.63,26.26,26.45,2137585280,-0.01047512158623276
2018-10-18,26.29,26.34,25.7,25.7,1454865408,-0.02835538752362954
2018-10-19,26.15,26.3,25.72,25.92,1606328064,0.008560311284046884
2018-10-22,26.27,26.6,26.27,26.53,1674970368,0.023533950617284027
2018-10-23,26.15,26.48,25.81,26.2,2019839488,-0.012438748586505954
2018-10-24,26.41,26.99,25.68,25.68,2449015552,-0.01984732824427482
2018-10-25,26.18,26.64,25.69,26.32,2075099008,0.024922118380062308
2018-10-26,26.65,27.6,26.12,27.6,2905377024,0.04863221884498481
2018-10-29,28.73,28.74,25.97,26.42,4365070848,-0.04275362318840581
2018-10-30,26.7,28.0,26.42,28.0,2898755840,0.059803179409538165
2018-10-31,28.26,28.33,27.3,27.62,2317268736,-0.013571428571428568
2018-11-01,27.76,28.02,27.11,27.32,2680126464,-0.01086169442433027
2018-11-05,27.5,28.16,27.41,28.16,1675132544,0.030746705710102518
2018-11-06,27.3,28.3,26.99,27.19,2627839488,-0.03444602272727271
2018-11-07,27.61,27.65,26.26,26.3,2565203200,-0.03273262228760576
2018-11-08,26.8,27.03,25.35,25.35,3107522048,-0.0361216730038022
2018-11-09,25.2,25.72,24.68,25.46,2369652736,0.00433925049309658
2018-11-12,25.54,25.92,25.29,25.33,1615876736,-0.005106048703849231
2018-11-13,25.32,25.32,23.95,24.24,2774023424,-0.04303197789182789
2018-11-14,24.24,25.19,23.91,25.1,2570829568,0.03547854785478566
2018-11-16,25.39,26.04,25.17,25.8,2579665408,0.027888446215139417
2018-11-19,25.56,26.29,25.43,26.0,2065026432,0.007751937984496138
2018-11-21,25.1,25.48,25.01,25.17,1947083648,-0.03192307692307683
2018-11-22,25.28,25.36,25.07,25.15,787412864,-0.0007945967421534306
2018-11-23,24.65,24.8,24.01,24.37,1898392704,-0.031013916500993943
2018-11-26,24.8,24.99,24.05,24.25,1524297216,-0.004924086992203591
2018-11-27,24.37,25.7,24.27,25.53,2261074432,0.052783505154639254
2018-11-28,25.5,25.87,25.05,25.38,2367020800,-0.005875440658049458
2018-11-29,24.96,25.5,24.88,25.17,1654755840,-0.008274231678486843
2018-11-30,25.11,25.56,25.07,25.46,2303004416,0.011521652761223633
2018-12-03,26.3,26.53,25.8,25.94,2375311872,0.01885310290651998
2018-12-04,26.25,26.33,25.34,25.34,1721135232,-0.02313030069390909
2018-12-05,25.47,25.72,24.95,25.56,1375504384,0.008681925808997626
2018-12-06,24.99,25.12,24.31,24.59,2438754816,-0.03794992175273859
2018-12-07,24.52,25.47,24.45,24.77,2208383744,0.0073200488003253295
2018-12-10,24.77,24.9,23.44,23.44,1765514112,-0.05369398465886144
2018-12-11,23.92,24.07,23.07,23.29,1510050816,-0.006399317406143412
2018-12-12,23.74,23.9,23.2,23.3,1490141184,0.0004293688278231844
2018-12-13,23.29,23.45,22.96,23.36,1439277056,0.0025751072961373023
2018-12-14,23.08,23.33,22.96,23.05,1046298432,-0.013270547945205435
2018-12-17,23.22,23.27,22.8,22.87,1240596480,-0.007809110629067195
2018-12-18,22.78,22.8,22.0,22.0,1674870016,-0.038041101880192385
2018-12-19,22.5,23.05,22.06,22.25,3840233728,0.011363636363636465
2018-12-20,22.31,22.32,21.35,21.49,3076980224,-0.034157303370786596
2018-12-21,21.4,21.98,21.25,21.55,1956002432,0.0027919962773383933
2018-12-26,20.59,21.68,20.42,21.68,1621973248,0.00603248259860778
2018-12-27,21.52,21.98,21.28,21.67,1605901440,-0.00046125461254598044
2018-12-28,22.11,22.83,22.08,22.68,1379680896,0.04660821412090432
2019-01-02,22.55,24.2,22.28,24.06,2464878080,0.060846560846560704
2019-01-03,23.96,24.82,23.8,24.65,2317250048,0.024522028262676576
2019-01-04,24.85,24.94,24.47,24.72,1782609920,0.0028397565922921864
2019-01-07,24.85,25.92,24.7,25.11,3070184704,0.01577669902912615
2019-01-08,25.4,25.42,24.77,24.96,1725902720,-0.005973715651134914
2019-01-09,25.3,25.5,25.15,25.48,1781209472,0.02083333333333326
2019-01-10,25.26,25.41,25.07,25.26,1383280384,-0.008634222919937207
2019-01-11,25.15,25.19,24.84,24.99,1348153472,-0.01068883610451321
2019-01-14,24.82,25.09,24.66,24.85,1158984576,-0.0056022408963584125
2019-01-15,24.83,25.12,24.7,24.83,1339552512,-0.0008048289738431524
2019-01-16,24.8,24.9,24.66,24.82,1002161344,-0.00040273862263384697
2019-01-17,24.75,25.3,24.68,25.16,1259777664,0.013698630136986356
2019-01-18,25.44,25.56,25.28,25.4,1704746112,0.009538950715421324
2019-01-21,25.31,25.53,25.1,25.53,1146612224,0.005118110236220552
2019-01-22,25.26,25.5,25.02,25.13,1548912128,-0.015667841754798406
2019-01-23,25.33,25.54,25.16,25.43,1343565952,0.011937922801432688
2019-01-24,25.4,25.54,25.32,25.54,1020492480,0.004325599685411019
2019-01-28,25.29,25.53,24.74,24.77,1628595584,-0.030148786217697676
2019-01-29,25.25,25.56,25.11,25.37,1505599872,0.024222850222042958
2019-01-30,25.81,25.93,25.47,25.62,1608146688,0.009854158454867923
2019-01-31,25.87,25.96,25.56,25.58,1631159040,-0.0015612802498049527
2019-02-01,25.5,25.85,25.37,25.8,1232867840,0.008600469116497367
2019-02-04,25.84,26.12,25.6,26.03,1392963200,0.00891472868217047
2019-02-05,25.91,26.1,25.81,26.05,1063998720,0.0007683442182098155
2019-02-06,25.8,25.84,25.32,25.49,1651372544,-0.02149712092130529
2019-02-07,25.6,25.85,24.66,25.09,1403456128,-0.015692428403295322
2019-02-08,24.8,25.28,24.73,25.13,1005355456,0.0015942606616181632
2019-02-11,25.17,25.17,24.54,24.84,984308416,-0.011539992041384783
2019-02-12,25.32,25.85,25.23,25.72,1856780544,0.03542673107890493
2019-02-13,26.02,26.21,25.85,26.05,1798494336,0.012830482115085529
2019-02-14,26.17,26.95,26.0,26.95,2148710400,0.03454894433781175
2019-02-15,26.86,27.02,26.71,26.84,1717170944,-0.004081632653061162
2019-02-18,26.59,26.79,26.41,26.76,1154936960,-0.0029806259314455463
2019-02-19,26.86,27.4,26.84,27.38,1578101888,0.023168908819132916
2019-02-20,27.5,27.66,26.87,27.04,1504636800,-0.01241782322863405
2019-02-21,27.18,27.49,26.82,27.4,1264381824,0.013313609467455523
2019-02-22,27.55,27.7,27.13,27.13,1001740224,-0.009854014598540184
2019-02-25,27.0,27.03,26.63,26.7,1452986240,-0.015849612974566885
2019-02-26,26.76,27.14,26.57,26.58,1248082560,-0.004494382022471988
2019-02-27,26.84,27.25,26.63,27.08,1326653696,0.018811136192625977
2019-02-28,27.72,27.75,26.6,27.06,2516682240,-0.0007385524372229835
2019-03-01,27.14,27.25,26.63,26.7,1128627200,-0.013303769401330379
2019-03-06,26.55,26.76,26.47,26.76,490497760,0.0022471910112360494
2019-03-07,26.8,26.91,26.49,26.77,877505920,0.00037369207772797175
2019-03-08,26.49,26.75,26.22,26.67,1312227968,-0.0037355248412400677
2019-03-11,27.02,27.78,27.01,27.75,1827013760,0.040494938132733305
2019-03-12,27.79,27.96,27.25,27.5,1766291584,-0.009009009009009028
2019-03-13,27.59,28.13,27.52,28.1,1693549056,0.02181818181818196
2019-03-14,28.15,28.2,27.91,28.19,1193935744,0.00320284697508888
2019-03-15,28.16,28.39,28.11,28.25,1718792576,0.0021284143313231585
2019-03-18,28.35,28.79,28.26,28.74,2609380608,0.01734513274336269
2019-03-19,28.85,29.5,28.6,29.2,2002399360,0.016005567153792644
2019-03-20,29.2,29.6,28.9,28.97,1997316608,-0.007876712328767188
2019-03-21,28.84,28.97,27.92,28.56,2276379648,-0.014152571625819843
2019-03-22,27.94,28.14,27.0,27.0,2857685760,-0.054621848739495715
2019-03-25,26.83,27.59,26.82,27.34,2835207936,0.012592592592592489
2019-03-26,27.74,28.68,27.72,28.63,2577341440,0.04718361375274327
2019-03-27,28.21,28.21,27.34,27.34,1801394816,-0.0450576318546978
2019-03-28,27.25,28.06,26.95,28.06,1914006784,0.02633504023408917
2019-03-29,28.45,28.53,27.74,28.06,1451505664,0.0
2019-04-01,28.4,28.42,27.87,28.0,1181279488,-0.002138275124732636
2019-04-02,28.14,28.3,27.86,28.29,1060513408,0.010357142857142732
2019-04-03,28.53,28.56,27.54,27.54,1539371904,-0.026511134676564185
2019-04-04,27.77,28.47,27.37,28.47,1462759296,0.03376906318082784
2019-04-05,28.54,28.89,28.21,28.78,1563605760,0.010888654724271252
2019-04-08,29.06,29.39,28.98,29.25,1602054400,0.016330785267546943
2019-04-09,29.03,29.24,28.67,29.16,1266230912,-0.003076923076923088
2019-04-10,29.55,29.57,28.78,28.78,1788777984,-0.013031550068587028
2019-04-11,28.7,28.7,27.87,28.0,1576118784,-0.02710215427380125
2019-04-12,26.47,26.97,25.57,25.83,5933780992,-0.07750000000000001
2019-04-15,26.35,26.58,25.55,25.93,3061116928,0.0038714672861015487
2019-04-16,25.95,27.06,25.63,26.72,2514751744,0.030466640956421154
2019-04-17,27.12,27.34,26.22,26.75,2776080128,0.001122754491017952
2019-04-18,27.36,27.89,27.25,27.6,2753864448,0.0317757009345796
2019-04-22,27.69,27.89,27.32,27.44,1236133760,-0.005797101449275366
2019-04-23,27.72,28.0,27.68,27.68,1442196480,0.008746355685131046
2019-04-24,27.72,27.89,27.21,27.6,1584316416,-0.0028901734104045396
2019-04-25,27.45,28.07,27.43,27.8,1523022720,0.007246376811594235
2019-04-26,27.68,27.77,27.06,27.25,1435857792,-0.01978417266187049
2019-04-29,27.55,27.62,27.34,27.37,756396096,0.004403669724770687
2019-04-30,27.52,27.66,26.98,27.11,1068834048,-0.009499451954694926
2019-05-02,26.8,26.82,26.52,26.73,1003478592,-0.014016967908520805
2019-05-03,26.9,27.07,26.85,26.85,885854144,0.004489337822671136
2019-05-06,26.39,26.77,26.36,26.77,838975168,-0.0029795158286779477
2019-05-07,26.65,26.66,26.12,26.35,1375261824,-0.01568920433320875
2019-05-08,26.31,27.47,26.29,27.37,1944545792,0.038709677419354716
2019-05-09,27.1,27.12,26.64,26.83,1247886080,-0.019729630982827984
2019-05-10,26.87,26.92,26.42,26.68,884755072,-0.005590756615728609
2019-05-13,26.21,26.47,25.82,25.9,1115541376,-0.029235382308845592
2019-05-14,26.17,26.23,25.85,26.0,908304640,0.0038610038610038533
2019-05-15,25.74,25.89,25.66,25.88,946055744,-0.004615384615384688
2019-05-16,25.77,26.04,25.24,25.27,1186220288,-0.023570324574961332
2019-05-17,25.05,25.42,24.47,24.68,1671182464,-0.02334784329244166
2019-05-20,24.68,25.52,24.64,25.52,1361256960,0.034035656401944836
2019-05-21,25.7,26.49,25.42,26.49,1498620416,0.038009404388714696
2019-05-22,26.34,26.47,25.96,26.29,1267370368,-0.0075500188750471375
2019-05-23,25.9,25.92,25.52,25.84,1269606784,-0.0171167744389501
2019-05-24,26.15,26.36,25.93,26.09,934484480,0.009674922600619196
2019-05-27,26.3,26.54,26.17,26.24,889607296,0.005749329244921331
2019-05-28,26.13,26.8,26.13,26.8,1606381952,0.021341463414634276
2019-05-29,26.49,26.71,26.26,26.5,1137927296,-0.011194029850746245
2019-05-30,26.51,26.86,25.99,26.15,1887505664,-0.013207547169811429
2019-05-31,25.79,26.27,25.42,25.55,1624425600,-0.02294455066921597
2019-06-03,25.88,26.32,25.85,25.99,1395186304,0.017221135029354073
2019-06-04,26.29,26.37,26.03,26.2,976834240,0.00808003078106978
2019-06-05,26.18,26.29,25.56,25.86,1686038912,-0.012977099236641254
2019-06-06,26.17,26.63,25.72,26.28,2278505984,0.016241299303944468
2019-06-07,26.69,26.83,26.37,26.76,1385057920,0.0182648401826484
2019-06-10,26.6,26.89,26.52,26.65,1054060800,-0.004110612855007578
2019-06-11,26.89,27.29,26.71,27.16,1414079872,0.019136960600375286
2019-06-12,27.02,27.12,26.64,26.85,1167566976,-0.011413843888070652
2019-06-13,27.15,27.39,27.08,27.18,1324824448,0.012290502793296021
2019-06-14,27.2,27.25,26.9,27.06,1157602176,-0.004415011037527616
2019-06-17,27.08,27.43,26.96,27.11,1328302976,0.0018477457501848704
2019-06-18,27.3,27.52,27.25,27.45,855179712,0.012541497602360785
2019-06-19,27.35,27.59,27.22,27.52,912325248,0.0025500910746811822
2019-06-21,27.95,28.39,27.95,28.28,1646619648,0.027616279069767602
2019-06-24,28.32,28.38,28.12,28.25,770750464,-0.0010608203677511252
2019-06-25,28.14,28.16,27.38,27.51,1559762560,-0.02619469026548671
2019-06-26,27.55,27.93,27.52,27.67,1347320448,0.0058160668847691
2019-06-27,27.44,27.55,27.01,27.23,1495825152,-0.015901698590531255
2019-06-28,27.45,27.61,27.11,27.41,1089905792,0.006610356224752145
2019-07-01,27.84,28.03,27.21,27.26,1290288000,-0.005472455308281554
2019-07-02,27.26,27.26,26.65,26.82,1557749632,-0.01614086573734419
2019-07-03,27.04,27.2,26.89,27.13,919676864,0.011558538404175867
2019-07-04,27.38,27.58,27.32,27.39,784780800,0.009583486914854555
2019-07-05,27.27,27.59,27.13,27.4,748600256,0.00036509675063878255
2019-07-08,27.5,27.72,27.44,27.65,690149888,0.009124087591240837
2019-07-10,28.0,28.27,27.97,28.07,1428422144,0.0151898734177216
2019-07-11,28.2,28.51,28.16,28.4,1362830464,0.011756323477021713
2019-07-12,28.54,28.74,28.41,28.53,1159520640,0.004577464788732444
2019-07-15,28.59,28.65,28.18,28.18,1031025920,-0.012267788293024884
2019-07-16,28.28,28.33,27.6,27.83,1525334016,-0.012420156139105853
2019-07-17,27.99,28.0,27.64,27.68,802850112,-0.00538986704994604
2019-07-18,27.76,27.81,27.43,27.51,987017792,-0.006141618497109813
2019-07-19,27.5,27.6,27.37,27.44,774188096,-0.0025445292620864812
2019-07-22,27.62,27.75,27.36,27.49,608592832,0.0018221574344021718
2019-07-23,27.51,27.63,27.4,27.52,579045248,0.001091305929428854
2019-07-24,27.59,27.64,27.3,27.35,763971968,-0.0061773255813952765
2019-07-25,27.47,27.5,26.81,26.89,722316416,-0.016819012797074984
2019-07-26,26.8,26.8,26.1,26.14,1975706880,-0.027891409445890636
2019-07-29,26.22,26.44,25.96,26.38,688575936,0.009181331293037331
2019-07-30,26.35,26.49,26.18,26.24,1000080384,-0.005307050796057644
2019-07-31,26.39,26.5,26.02,26.08,1040828032,-0.0060975609756097615
2019-08-01,26.3,26.56,25.16,25.6,2365617152,-0.018404907975460016
2019-08-02,26.37,26.89,26.28,26.52,1705085440,0.035937499999999956
2019-08-05,25.8,26.13,25.52,25.55,1228749568,-0.03657616892911009
2019-08-06,25.9,26.22,25.68,25.88,1137237248,0.012915851272015555
2019-08-07,25.44,25.73,25.0,25.6,1708934144,-0.01081916537867067
2019-08-08,26.1,26.35,25.86,26.35,1312739712,0.029296875
2019-08-09,26.3,26.69,26.1,26.28,965772608,-0.0026565464895635937
2019-08-12,25.92,25.92,25.54,25.65,927672640,-0.023972602739726123
2019-08-13,25.36,26.13,25.23,25.79,1167384832,0.005458089668616051
2019-08-14,25.26,25.38,24.78,24.92,1352218496,-0.0337340054284605
2019-08-15,24.99,25.0,24.14,24.23,1302337792,-0.027688603531300204
2019-08-16,24.72,24.77,23.89,23.91,1353582464,-0.01320676846884028
2019-08-19,24.3,24.5,23.85,24.03,1219554432,0.005018820577164407
2019-08-20,23.91,24.19,23.68,24.02,879384128,-0.0004161464835622519
2019-08-21,24.35,25.99,24.18,25.45,2187169024,0.05953372189841799
2019-08-22,25.5,25.72,25.16,25.22,1027620672,-0.009037328094302577
2019-08-23,24.78,25.37,24.23,24.28,1427394560,-0.03727200634417116
2019-08-26,24.58,24.68,23.77,23.96,918020736,-0.01317957166392092
2019-08-27,24.17,24.82,23.81,24.34,1706434432,0.015859766277128484
2019-08-28,24.2,24.7,24.12,24.59,1021467520,0.010271158586688589
2019-08-29,24.9,25.5,24.68,25.5,1519433728,0.037006913379422635
2019-08-30,25.53,25.69,25.17,25.5,1385958912,0.0
2019-09-02,25.39,25.58,25.25,25.3,483402848,-0.007843137254901933
2019-09-03,25.11,25.66,25.03,25.6,1212197248,0.011857707509881354
2019-09-04,26.16,26.37,26.0,26.26,1473946624,0.02578125000000009
2019-09-05,26.6,26.79,26.34,26.39,1285696768,0.004950495049504955
2019-09-06,26.4,26.86,26.2,26.52,1283565824,0.004926108374384119
2019-09-09,26.75,27.02,26.7,26.93,998598592,0.015460030165912464
2019-09-10,27.05,27.35,26.78,27.1,1195197056,0.006312662458225038
2019-09-11,27.35,27.35,26.83,26.87,1386700416,-0.008487084870848705
2019-09-12,26.86,27.14,26.64,27.06,1093669888,0.0070710829921845075
2019-09-13,27.12,27.2,26.82,26.88,661858688,-0.006651884700665134
2019-09-16,28.12,28.24,27.69,28.06,4694021120,0.043898809523809534
2019-09-17,27.66,27.75,27.16,27.69,1847174656,-0.013186029935851606
2019-09-18,27.37,27.49,27.22,27.22,1109670912,-0.016973636691946625
2019-09-19,27.83,27.85,27.22,27.29,1156711296,0.0025716385011020915
2019-09-20,27.35,27.43,27.0,27.0,1399813760,-0.010626603151337455
2019-09-23,27.0,27.49,26.92,27.48,887958656,0.017777777777777892
2019-09-24,27.42,27.54,27.15,27.27,996780288,-0.007641921397379958
2019-09-25,27.03,27.35,26.78,27.34,783731392,0.0025669233590026597
2019-09-26,27.4,27.7,27.23,27.7,919704128,0.013167520117044695
2019-09-27,27.55,27.95,27.52,27.66,882415168,-0.0014440433212996595
2019-09-30,27.56,27.64,27.4,27.55,632763712,-0.00397686189443236
2019-10-01,27.6,27.73,27.36,27.51,892375040,-0.0014519056261342866
2019-10-02,27.22,27.26,26.61,26.72,1377523712,-0.028716830243547875
2019-10-03,26.75,26.81,26.28,26.74,1223845888,0.0007485029940119681
2019-10-04,26.85,26.92,26.27,26.51,1271130880,-0.008601346297681278
2019-10-07,26.37,26.6,26.1,26.17,691176192,-0.012825348924934032
2019-10-08,26.17,26.44,25.95,26.02,788559296,-0.0057317539166985565
2019-10-09,26.35,26.71,26.15,26.52,929474112,0.01921598770176791
2019-10-10,26.59,26.88,26.54,26.74,820248576,0.008295625942684737
2019-10-11,26.93,27.36,26.93,27.26,1001213760,0.01944652206432318
2019-10-14,27.04,27.33,26.94,27.31,565009856,0.0018341892883344535
2019-10-15,27.31,27.88,27.31,27.6,833062016,0.010618820944708895
2019-10-16,27.55,27.97,27.36,27.93,867897344,0.011956521739130421
2019-10-17,27.93,28.0,27.59,27.66,861942400,-0.009667024704618665
2019-10-18,27.89,27.99,27.6,27.6,993030848,-0.002169197396963085
2019-10-21,27.75,27.81,27.6,27.77,1196589952,0.006159420289854944
2019-10-22,27.8,28.68,27.77,28.57,1813286400,0.028808066258552367
2019-10-23,28.53,29.08,28.45,28.95,1320835072,0.013300665033251668
2019-10-24,29.15,29.25,28.23,28.32,1719038464,-0.021761658031088094
2019-10-25,29.2,29.55,29.01,29.25,2174841856,0.03283898305084754
2019-10-28,29.22,29.66,29.12,29.6,1096105344,0.011965811965811923
2019-10-29,29.4,29.94,29.26,29.82,1472114816,0.007432432432432412
2019-10-30,29.77,30.09,29.47,30.08,1876177792,0.008718980549966338
2019-10-31,29.86,30.46,29.64,30.39,2006749824,0.010305851063829863
2019-11-01,30.59,31.23,29.84,30.43,3111844096,0.0013162224415925738
2019-11-04,30.89,31.22,29.96,30.36,2465304064,-0.0023003614853762677
2019-11-05,30.41,30.6,29.58,29.65,2778937600,-0.023386034255599486
2019-11-06,30.05,30.7,28.1,29.71,4551830528,0.002023608768971341
2019-11-07,30.0,31.07,29.54,30.9,2937408000,0.0400538539212385
2019-11-08,30.45,30.79,29.93,30.02,1865303808,-0.028478964401294493
2019-11-11,29.85,30.45,29.79,30.45,925033408,0.014323784143904117
2019-11-12,30.04,30.61,30.01,30.02,1259895936,-0.01412151067323475
2019-11-13,29.95,30.13,29.61,29.9,1248816000,-0.003997335109926725
2019-11-14,29.88,30.1,29.27,29.3,1321528960,-0.0200668896321069
2019-11-18,29.7,29.85,29.07,29.08,1600904576,-0.007508532423208258
2019-11-19,29.25,29.49,28.73,28.78,977725952,-0.01031636863823926
2019-11-21,28.93,29.85,28.88,29.85,1557099904,0.03717859624739406
2019-11-22,29.76,30.34,29.56,29.98,1042893760,0.004355108877721836
2019-11-25,29.92,30.1,29.63,29.73,891230656,-0.008338892595063374
2019-11-26,29.62,29.73,29.1,29.19,1585234688,-0.01816347124117046
2019-11-27,29.35,29.65,29.14,29.33,972181248,0.004796163069544335
2019-11-28,29.32,29.54,28.81,29.53,1360690304,0.006818956699625067
2019-11-29,29.49,29.56,29.01,29.15,1099104896,-0.012868269556383427
2019-12-02,29.4,29.5,29.07,29.07,916047296,-0.002744425385934779
2019-12-03,29.17,29.19,28.73,28.98,844876928,-0.003095975232198178
2019-12-04,29.26,29.66,29.11,29.66,1321898240,0.02346445824706689
2019-12-05,29.64,30.39,29.52,30.05,1519592960,0.0131490222521915
2019-12-06,30.15,30.59,30.13,30.35,1349058560,0.009983361064891838
2019-12-09,30.3,30.48,30.12,30.21,1051015232,-0.004612850082372333
2019-12-10,30.1,30.44,29.9,30.44,832932864,0.007613373055279649
2019-12-11,30.51,30.71,30.26,30.4,1170707712,-0.0013140604467806183
2019-12-12,30.64,31.05,30.48,30.97,1471464320,0.018750000000000044
2019-12-13,30.89,30.97,29.87,29.98,3172881920,-0.03196641911527276
2019-12-16,30.05,30.17,29.41,29.41,2051655424,-0.019012675116744537
2019-12-17,29.64,29.9,29.43,29.85,1208661760,0.014960897653859329
2019-12-18,29.75,30.57,29.7,30.54,1943208832,0.02311557788944718
2019-12-19,30.45,30.75,30.42,30.61,1213781248,0.002292075965946383
2019-12-20,30.6,30.6,30.02,30.26,2813103616,-0.011434171839268092
2019-12-23,30.19,30.5,30.03,30.5,665619200,0.007931262392597338
2019-12-26,30.59,30.93,30.5,30.91,763915136,0.013442622950819771
2019-12-27,30.69,30.92,30.29,30.52,762616448,-0.012617275962471752
2019-12-30,30.55,30.71,30.15,30.18,670517760,-0.011140235910878094
2020-01-02,30.51,30.7,30.31,30.7,1154777472,0.01722995361166335
2020-01-03,30.88,31.24,30.45,30.45,2204408320,-0.008143322475570036
2020-01-06,30.43,30.94,29.95,30.81,2513704192,0.011822660098522064
2020-01-07,30.82,30.88,30.47,30.69,1006115904,-0.003894839337877265
2020-01-08,30.69,30.77,30.24,30.5,1469849216,-0.006190941674812711
2020-01-09,30.47,30.62,30.25,30.4,1098306432,-0.003278688524590234
2020-01-10,30.39,30.44,30.13,30.27,769809344,-0.004276315789473628
2020-01-13,30.35,30.43,30.21,30.33,930388928,0.001982160555004997
2020-01-14,30.23,30.27,29.77,30.0,1193480960,-0.010880316518298683
2020-01-15,29.9,29.93,29.54,29.55,1021085824,-0.015000000000000013
2020-01-16,29.6,29.7,29.33,29.52,854981632,-0.0010152284263960087
2020-01-17,29.72,29.85,29.54,29.85,1036358656,0.011178861788617933
2020-01-20,29.7,30.1,29.65,30.0,936422016,0.005025125628140614
2020-01-21,29.8,29.94,29.55,29.62,848043328,-0.012666666666666604
2020-01-22,29.73,29.81,29.27,29.29,956905024,-0.011141120864280984
2020-01-23,29.09,29.76,28.82,29.6,1578665984,0.010583817002389972
2020-01-24,29.56,29.78,29.14,29.3,1084122624,-0.010135135135135198
2020-01-27,28.63,28.64,27.67,28.03,1863998592,-0.043344709897610856
2020-01-28,28.43,29.14,28.42,28.8,1362031488,0.027470567249375577
2020-01-29,29.0,29.08,28.67,28.85,1221095168,0.0017361111111111605
2020-01-30,28.28,29.04,28.18,28.94,1264085504,0.0031195840554592014
2020-01-31,28.63,28.84,28.31,28.45,1579174528,-0.01693158258465799
2020-02-03,28.52,28.73,28.16,28.18,1119626880,-0.009490333919156435
2020-02-04,28.65,29.04,28.56,28.63,1658729088,0.015968772178850177
2020-02-05,29.05,29.22,28.39,28.39,1954532736,-0.008382815228780927
2020-02-06,28.7,29.51,28.12,29.18,3657204992,0.02782669954209216
2020-02-07,29.0,29.35,28.73,28.93,1585585024,-0.008567511994516774
2020-02-10,28.89,29.13,28.64,29.13,1311168000,0.006913238852402248
2020-02-11,29.4,29.63,29.26,29.48,1106170240,0.012015104703055224
2020-02-12,29.64,30.28,29.63,30.13,1948802560,0.022048846675712275
2020-02-13,29.77,30.21,29.64,29.72,1647980672,-0.013607699966810438
2020-02-14,29.86,29.96,29.34,29.42,900765952,-0.010094212651413081
2020-02-17,29.63,29.77,29.31,29.36,1140199168,-0.0020394289598912874
2020-02-18,29.06,29.77,28.95,29.75,995599296,0.013283378746594021
2020-02-19,29.87,30.55,29.76,30.55,1334158592,0.026890756302521135
2020-02-20,30.8,30.89,29.75,29.92,2217255680,-0.020621931260229154
2020-02-21,29.51,29.68,29.03,29.14,1399519360,-0.02606951871657759
2020-02-26,27.04,27.39,26.03,26.21,2382449152,-0.10054907343857244
2020-02-27,25.72,26.53,24.89,25.3,2567056384,-0.0347195726821824
2020-02-28,25.16,25.56,24.62,25.34,2230361856,0.0015810276679841806
2020-03-02,25.5,26.75,25.48,26.53,1875921024,0.046961325966850875
2020-03-03,26.57,27.48,25.76,26.05,2311434752,-0.018092725216735772
2020-03-04,26.91,26.94,26.24,26.89,1128905984,0.032245681381957825
2020-03-05,26.33,26.67,24.71,25.29,1801983360,-0.05950167348456681
2020-03-06,24.1,24.13,22.55,22.83,3216797952,-0.09727164887307238
2020-03-09,17.81,18.23,15.41,16.05,4306916864,-0.29697766097240463
2020-03-10,18.65,18.65,16.37,17.56,2948828160,0.09408099688473515
2020-03-11,16.7,17.13,15.0,15.85,2087203968,-0.09738041002277897
2020-03-12,13.66,13.86,11.08,12.6,1886141568,-0.20504731861198744
2020-03-13,15.1,15.4,12.7,15.4,2406475264,0.22222222222222232
2020-03-16,12.91,14.1,12.55,13.09,1669746816,-0.15000000000000002
2020-03-17,13.6,13.84,13.0,13.0,1967935232,-0.006875477463712754
2020-03-18,11.79,12.29,10.87,11.29,1841883264,-0.1315384615384616
2020-03-19,11.07,13.07,10.85,12.21,1859211008,0.08148804251550068
2020-03-20,13.11,13.5,11.83,12.0,1880019200,-0.017199017199017286
2020-03-23,12.11,12.18,11.28,11.5,1243522304,-0.04166666666666663
2020-03-24,12.57,13.54,12.28,13.25,1466261248,0.15217391304347827
2020-03-25,13.24,14.79,12.83,14.32,2176861184,0.08075471698113201
2020-03-26,14.4,15.19,13.81,14.39,1882386816,0.004888268156424624
2020-03-27,13.3,13.69,13.25,13.3,1347804672,-0.07574704656011122
2020-03-30,13.15,13.74,12.83,13.38,1471281536,0.006015037593984918
2020-03-31,13.6,14.54,13.6,13.99,2191604992,0.04559043348281011
2020-04-01,13.45,14.55,13.32,14.3,1590870400,0.022158684774839177
2020-04-02,15.4,16.55,15.01,15.51,3704695040,0.08461538461538454
2020-04-03,16.3,16.36,14.93,15.34,2189799936,-0.010960670535138606
2020-04-06,16.05,16.1,15.18,15.77,1923721088,0.028031290743155024
2020-04-07,16.61,17.07,16.34,16.4,2348218624,0.0399492707672795
2020-04-08,16.5,17.53,16.4,17.32,1941977216,0.056097560975609806
2020-04-09,17.94,18.69,16.5,16.82,3248983040,-0.02886836027713624
2020-04-13,16.82,17.09,16.33,16.93,1562612096,0.006539833531510109
2020-04-14,17.02,17.3,16.61,16.73,1535183616,-0.011813349084465408
2020-04-15,16.04,16.47,15.86,16.38,1396329344,-0.02092050209205032
2020-04-16,16.67,16.76,15.53,15.72,1807112064,-0.04029304029304015
2020-04-17,15.75,16.13,15.56,16.13,1839093760,0.026081424936386766
2020-04-20,15.48,16.33,15.34,15.95,2120673664,-0.011159330440173587
2020-04-22,15.85,16.75,15.78,16.75,1863750528,0.050156739811912265
2020-04-23,17.2,17.43,16.62,16.95,1613123072,0.011940298507462588
2020-04-24,16.69,16.79,15.28,15.95,2559344896,-0.05899705014749268
2020-04-27,16.14,16.53,15.78,16.45,1386202368,0.03134796238244508
2020-04-28,17.04,17.25,16.63,17.25,1550873088,0.04863221884498481
2020-04-29,17.8,18.48,17.53,18.2,1699549440,0.05507246376811592
2020-04-30,17.98,18.42,17.7,18.05,1433551232,-0.008241758241758212
2020-05-04,17.43,17.62,17.18,17.38,1037384128,-0.03711911357340725
2020-05-05,17.9,18.48,17.87,17.94,1357031552,0.03222094361334871
2020-05-06,17.87,18.06,17.28,17.28,1175498496,-0.03678929765886285
2020-05-07,17.75,17.87,17.35,17.44,1424664064,0.0092592592592593
2020-05-08,17.74,18.58,17.71,18.48,1510029696,0.059633027522935755
2020-05-11,18.3,18.93,18.11,18.15,1190469248,-0.017857142857142905
2020-05-12,18.53,18.83,18.13,18.14,1301879936,-0.000550964187327696
2020-05-13,18.26,18.35,17.52,17.59,1541083648,-0.030319735391400204
2020-05-14,17.4,17.47,16.72,17.4,2028535680,-0.010801591813530464
2020-05-15,17.99,18.19,17.15,17.15,2353244416,-0.014367816091954033
2020-05-18,18.1,18.54,17.92,18.54,2125529728,0.08104956268221586
2020-05-19,18.51,18.93,18.41,18.68,1492860032,0.007551240560949246
2020-05-20,19.09,19.44,19.06,19.3,1427671808,0.03319057815845827
2020-05-21,19.5,19.77,19.07,19.19,1570079104,-0.0056994818652849055
2020-05-22,18.8,18.9,18.35,18.67,1281506560,-0.02709744658676394
2020-05-25,19.48,19.56,19.26,19.48,731218176,0.043385109801820976
2020-05-26,19.98,20.09,19.33,19.67,1346880640,0.009753593429158158
2020-05-27,19.8,19.93,19.15,19.93,1450617216,0.013218098627351127
2020-05-28,19.69,20.08,19.45,19.77,1272502656,-0.008028098344204704
2020-05-29,19.55,20.34,19.3,20.34,2528729600,0.028831562974203306
2020-06-01,20.15,20.56,20.0,20.33,1752609792,-0.000491642084562538
2020-06-02,20.75,21.4,20.6,21.4,1592479488,0.05263157894736836
2020-06-03,21.86,21.91,21.41,21.47,1852274432,0.0032710280373831058
2020-06-04,21.39,21.78,21.04,21.43,2288555264,-0.0018630647414997759
2020-06-05,22.29,23.03,22.06,22.1,2531686144,0.03126458236117591
2020-06-08,22.55,22.59,22.01,22.53,1818233344,0.019457013574660564
2020-06-09,22.03,22.04,21.64,21.72,2083131776,-0.03595206391478034
2020-06-10,21.89,21.9,21.0,21.4,2177953280,-0.014732965009208066
2020-06-12,20.62,21.17,20.1,20.6,2386430720,-0.03738317757009335
2020-06-15,19.81,21.09,19.54,20.7,2011545344,0.004854368932038833
2020-06-16,21.56,21.91,21.17,21.37,2028535680,0.03236714975845412
2020-06-17,21.48,21.85,21.15,21.44,1342506112,0.0032756200280767978
2020-06-18,21.18,21.77,21.08,21.6,1216379136,0.00746268656716409
2020-06-19,22.0,22.22,21.22,21.47,1950789248,-0.006018518518518645
2020-06-22,21.6,21.6,20.9,20.95,942344128,-0.024219841639496975
2020-06-23,21.22,22.07,21.14,21.65,1697576448,0.03341288782816232
2020-06-24,21.49,21.56,20.71,21.0,1371542528,-0.03002309468822162
2020-06-25,20.91,21.47,20.73,21.47,988350272,0.02238095238095239
2020-06-26,21.21,21.47,20.78,20.84,1146939648,-0.02934326967862133
2020-06-29,21.1,21.66,20.93,21.66,1272253184,0.03934740882917476
2020-06-30,21.34,21.8,21.09,21.55,1388510336,-0.005078485687903922
2020-07-01,21.75,22.25,21.52,21.71,1720581504,0.00742459396751749
2020-07-02,22.1,22.21,21.86,22.06,1235936640,0.016121602947950064
2020-07-03,21.95,22.18,21.8,21.98,520556768,-0.0036264732547596212
2020-07-06,22.39,22.86,22.31,22.51,1299613184,0.024112829845313932
2020-07-07,22.34,22.47,22.14,22.23,1033238528,-0.012438916037316838
2020-07-08,22.45,22.76,22.4,22.65,1101905408,0.018893387314439902
2020-07-09,22.78,22.81,22.06,22.14,1263468032,-0.0225165562913906
2020-07-10,22.19,22.65,22.06,22.51,1275004032,0.016711833785004515
2020-07-13,22.61,22.65,22.16,22.16,1228024832,-0.015548645046645992
2020-07-14,22.13,22.96,21.86,22.9,2010086784,0.03339350180505418
2020-07-15,23.2,23.43,22.85,23.34,1347222656,0.019213973799126594
2020-07-16,23.16,23.28,22.52,22.72,1574362496,-0.0265638389031706
2020-07-17,22.83,23.03,22.58,22.74,1125320576,0.0008802816901407606
2020-07-20,22.7,22.91,22.52,22.74,1101467392,0.0
2020-07-21,23.15,23.6,23.14,23.37,2367800576,0.027704485488126762
2020-07-22,23.3,23.41,23.01,23.05,991033408,-0.01369276850663248
2020-07-23,23.16,23.23,22.54,22.57,1456017408,-0.02082429501084604
2020-07-24,22.54,23.06,22.42,22.73,973211264,0.007089056269384164
2020-07-27,22.87,23.25,22.45,23.2,1288230912,0.020677518697756136
2020-07-28,23.04,23.32,22.8,22.8,1093993728,-0.01724137931034475
2020-07-29,23.03,23.25,22.92,23.17,1009204608,0.016228070175438702
2020-07-30,22.92,22.92,22.5,22.82,1304565632,-0.015105740181268978
2020-07-31,22.92,23.14,22.16,22.2,1687568768,-0.02716914986853647
2020-08-03,22.54,22.55,21.72,21.8,1379855360,-0.018018018018017945
2020-08-04,21.46,22.05,21.25,21.78,1357879424,-0.0009174311926605228
2020-08-05,22.23,23.28,22.23,23.18,3151006208,0.064279155188246
2020-08-06,23.28,23.53,23.01,23.22,1304143232,0.0017256255392579245
2020-08-07,22.86,22.91,22.55,22.79,1263582848,-0.01851851851851849
2020-08-10,22.9,23.45,22.64,23.45,1201363712,0.028960070206230704
2020-08-11,23.71,23.88,23.06,23.08,1554047232,-0.01577825159914714
2020-08-12,23.36,23.68,23.08,23.48,1552989312,0.017331022530329365
2020-08-13,23.45,23.58,22.71,22.84,1018523968,-0.027257240204429323
2020-08-14,22.77,22.98,22.53,22.67,868509440,-0.00744308231173374
2020-08-17,22.68,22.84,22.15,22.6,1160308992,-0.0030877812086458345
2020-08-18,22.93,23.24,22.77,23.02,1129760384,0.018584070796460184
2020-08-19,22.95,23.32,22.75,22.89,1189810816,-0.005647263249348389
2020-08-20,22.52,22.87,22.35,22.73,1239613568,-0.006989951944080364
2020-08-21,22.54,22.63,22.35,22.56,859552384,-0.00747910250769912
2020-08-24,22.86,23.13,22.8,22.97,1181549184,0.01817375886524819
2020-08-25,23.09,23.15,22.69,22.87,858697152,-0.004353504571179667
2020-08-26,22.78,22.9,22.04,22.22,1550377216,-0.028421512898994417
2020-08-27,22.32,22.47,22.04,22.15,775794240,-0.0031503150315032036
2020-08-28,22.25,22.54,22.06,22.54,685287936,0.01760722347629806
2020-08-31,22.32,22.43,21.89,21.89,1052706368,-0.028837622005323804
2020-09-01,22.2,22.89,22.12,22.87,1490722816,0.0447693010507082
2020-09-02,22.93,23.1,22.52,22.8,1209697536,-0.003060778312199419
2020-09-03,22.61,23.12,22.57,22.88,1997120256,0.0035087719298245723
2020-09-04,23.0,23.03,22.58,22.92,1183964160,0.0017482517482518833
2020-09-08,22.5,22.5,21.91,22.26,1641286272,-0.028795811518324665
2020-09-09,22.49,22.77,22.49,22.73,948070912,0.021114106019766377
2020-09-10,22.58,22.58,22.11,22.12,1272754432,-0.02683677958644959
2020-09-11,22.12,22.26,21.75,21.88,1559304320,-0.010849909584086936
2020-09-14,21.94,21.98,21.43,21.68,989272896,-0.009140767824497242
2020-09-15,21.98,22.08,21.55,21.67,1266883200,-0.00046125461254598044
2020-09-16,21.85,21.99,21.6,21.73,1091176704,0.0027688047992615594
2020-09-17,21.51,22.17,21.46,22.15,1312930944,0.01932811780947996
2020-09-18,21.99,22.15,21.55,21.65,1387130752,-0.02257336343115124
2020-09-21,21.29,21.46,20.81,20.9,1530673664,-0.034642032332563466
2020-09-22,20.96,21.35,20.75,20.8,979449984,-0.004784688995215225
2020-09-23,20.8,20.96,20.2,20.23,1161001344,-0.027403846153846168
2020-09-24,20.24,20.71,20.06,20.4,1543972096,0.008403361344537785
2020-09-25,20.15,20.26,19.87,20.13,801345280,-0.013235294117647012
2020-09-28,20.33,20.56,19.63,19.63,966695104,-0.02483854942871333
2020-09-29,19.63,19.86,19.25,19.31,1023226240,-0.016301579215486472
2020-09-30,19.5,20.04,19.43,19.61,1359588736,0.015535991714137776
2020-10-01,19.64,20.06,19.13,19.85,1492004608,0.012238653748087858
2020-10-02,19.73,19.74,19.02,19.02,1619093120,-0.041813602015113416
2020-10-05,19.36,20.16,19.24,20.03,1433524992,0.05310199789695069
2020-10-06,20.47,20.7,19.93,19.93,1549755264,-0.004992511233150365
2020-10-07,20.0,20.05,19.56,19.79,1049009728,-0.007024586051179171
2020-10-08,20.04,20.59,19.86,20.44,1567616896,0.03284487114704415
2020-10-09,20.34,20.39,19.8,19.8,1347227520,-0.03131115459882583
2020-10-13,19.91,20.13,19.73,20.13,1094618624,0.016666666666666607
2020-10-14,20.09,20.37,19.97,19.97,884981632,-0.007948335817188235
2020-10-15,19.62,19.77,19.44,19.75,1104788736,-0.011016524787180737
2020-10-16,19.67,19.71,19.32,19.33,956267904,-0.021265822784810262
2020-10-19,19.41,19.94,19.25,19.52,2109380992,0.009829280910501836
2020-10-20,19.67,20.27,19.59,20.18,1358614912,0.03381147540983598
2020-10-21,20.16,20.33,19.83,20.16,1207242112,-0.0009910802775024985
2020-10-22,20.1,20.84,20.05,20.84,2027517952,0.03373015873015861
2020-10-23,20.94,21.14,20.54,20.57,1274407296,-0.012955854126679434
2020-10-26,20.33,20.53,20.03,20.25,1166593920,-0.015556635877491454
2020-10-27,20.26,20.37,19.81,19.88,948147968,-0.018271604938271624
2020-10-28,19.35,19.44,18.67,18.67,1492565760,-0.06086519114688116
2020-10-29,18.43,19.37,17.74,19.29,1592209280,0.03320835565077651
2020-10-30,19.14,19.54,18.87,18.94,1215778176,-0.018144116122343124
2020-11-03,19.51,19.9,19.33,19.65,1300304896,0.03748680042238628
2020-11-04,20.01,20.07,19.27,19.72,1293673856,0.003562340966921207
2020-11-05,19.95,19.99,19.72,19.89,812147776,0.008620689655172598
2020-11-06,19.55,19.95,19.54,19.75,736571968,-0.007038712921065837
2020-11-09,21.11,22.69,21.04,21.61,3580095744,0.09417721518987343
2020-11-10,21.89,23.15,21.81,23.08,3722933504,0.0680240629338269
2020-11-11,23.35,23.36,22.4,22.88,2115770240,-0.008665511265164572
2020-11-12,22.74,22.82,21.77,21.91,1714848256,-0.042395104895104896
2020-11-13,22.02,22.8,21.89,22.63,1484286976,0.03286170698311275
2020-11-16,23.2,23.63,23.13,23.29,2374205696,0.029164825452938636
2020-11-17,23.05,24.14,22.98,23.69,2228588544,0.017174753112924046
2020-11-18,23.99,24.13,23.55,23.55,1637514624,-0.0059096665259603665
2020-11-19,23.55,23.94,23.37,23.82,1546763520,0.01146496815286624
2020-11-20,23.84,23.99,23.47,23.65,903627840,-0.007136859781696092
2020-11-23,24.05,25.1,24.04,25.1,3091846912,0.06131078224101483
2020-11-24,25.64,26.67,25.64,26.22,4009199616,0.04462151394422298
2020-11-25,26.2,26.5,25.67,26.25,1931451008,0.0011441647597254523
2020-11-26,25.94,25.95,25.56,25.82,1079657728,-0.016380952380952385
2020-11-27,25.92,26.06,25.45,25.5,1286405504,-0.012393493415956636
2020-11-30,25.26,25.88,24.84,24.9,2278333184,-0.02352941176470591
2020-12-01,25.4,25.77,25.29,25.6,1501854976,0.028112449799196915
2020-12-02,25.6,26.5,25.33,25.91,2288391680,0.012109374999999867
2020-12-03,26.15,26.89,26.05,26.64,1654356736,0.028174450019297526
2020-12-04,27.19,27.57,27.06,27.53,1687791232,0.03340840840840853
2020-12-07,27.27,27.79,26.67,27.0,1978851840,-0.019251725390483143
2020-12-08,26.81,27.14,26.46,26.66,1240076544,-0.0125925925925926
2020-12-09,26.63,26.97,26.4,26.94,1401161344,0.010502625656414244
2020-12-10,27.19,28.2,27.13,27.82,2707261440,0.0326651818856718
2020-12-11,27.49,27.84,27.28,27.57,1331257344,-0.008986340762041745
2020-12-14,28.03,28.27,27.62,27.62,1480628608,0.0018135654697135628
2020-12-15,27.8,27.99,27.64,27.85,1312854528,0.008327299058653148
2020-12-16,27.85,28.24,27.47,28.19,1660053248,0.012208258527827587
2020-12-17,28.3,28.39,28.07,28.24,1109251584,0.0017736786094357804
2020-12-18,28.1,28.32,28.02,28.1,1259848448,-0.004957507082152923
2020-12-21,27.19,27.49,26.52,27.02,2710076416,-0.03843416370106767
2020-12-22,27.2,27.47,27.05,27.28,1268321408,0.009622501850481191
2020-12-23,27.43,28.25,27.35,27.95,1368938752,0.024560117302052653
2020-12-28,28.36,28.52,28.18,28.18,1027840704,0.008228980322003698
2020-12-29,28.38,28.43,27.99,28.27,843347520,0.0031937544357700798
2020-12-30,28.35,28.49,28.2,28.34,1047992192,0.002476123098691163
2021-01-04,28.65,29.18,28.53,28.91,2153768704,0.020112914608327426
2021-01-05,28.9,30.18,28.24,30.04,2794814208,0.039086821169145525
2021-01-06,30.16,30.9,30.05,30.07,2947101696,0.0009986684420772995
2021-01-07,30.34,31.15,30.34,31.0,1730397184,0.030927835051546282
2021-01-08,31.46,31.76,30.35,31.12,2084999808,0.003870967741935516
2021-01-11,30.61,31.06,30.4,30.86,1498912256,-0.008354755784061751
2021-01-12,31.12,31.56,30.63,30.63,2037323008,-0.007453013609850956
2021-01-13,30.68,30.86,29.0,29.15,2778117888,-0.048318641854391164
2021-01-14,29.17,29.67,28.72,29.45,1485213184,0.010291595197255532
2021-01-15,29.05,29.08,28.03,28.12,2287351040,-0.04516129032258054
2021-01-18,28.31,28.85,28.01,28.07,1952231808,-0.0017780938833570348
2021-01-19,28.48,28.86,27.64,28.69,1746648320,0.022087638047737723
2021-01-20,28.95,29.12,28.11,28.21,1719707008,-0.016730568142209856
2021-01-21,28.02,28.4,27.51,27.55,1147794944,-0.023395958879829815
2021-01-22,26.93,27.24,26.56,27.09,1378561536,-0.016696914700544463
2021-01-26,27.25,27.97,26.82,27.0,1765519744,-0.0033222591362126463
2021-01-27,26.81,28.17,26.53,27.38,1874696832,0.014074074074074128
2021-01-28,27.32,28.45,27.31,27.76,1891093760,0.01387874360847352
2021-01-29,27.52,27.68,26.69,26.69,1833378304,-0.03854466858789629
2021-02-01,27.26,27.68,26.83,27.53,1212572160,0.03147246159610351
2021-02-02,28.4,29.14,28.2,28.66,2629121280,0.04104613149291669
2021-02-03,28.98,29.14,28.66,28.85,1371113984,0.0066294487090021725
2021-02-04,28.83,28.99,28.21,28.82,1186185856,-0.0010398613518197708
2021-02-05,28.98,30.09,28.32,29.02,3554663936,0.006939625260235838
2021-02-08,28.51,29.3,27.8,28.11,2804707328,-0.03135768435561681
2021-02-09,28.05,28.37,27.38,27.54,1765051904,-0.02027748132337248
2021-02-10,27.74,28.04,27.12,27.8,1461264768,0.009440813362382006
2021-02-11,28.14,28.5,27.87,28.08,1726755968,0.010071942446043147
2021-02-12,27.81,28.49,27.61,28.44,1347612800,0.012820512820512997
2021-02-17,28.52,29.6,28.13,29.59,1593062272,0.04043600562587901
2021-02-18,30.38,30.92,29.04,29.27,3151222784,-0.010814464346062924
2021-02-19,28.03,28.49,27.17,27.33,5979822592,-0.06627946703108989
2021-02-22,22.8,23.2,21.4,21.45,10803725312,-0.2151481888035126
2021-02-23,23.05,24.26,22.71,24.06,6890228736,0.12167832167832171
2021-02-24,24.55,25.0,24.01,24.4,3798220544,0.01413133832086455
2021-02-25,25.0,25.25,23.1,23.19,4117029632,-0.04959016393442617
2021-02-26,23.2,23.42,21.97,22.24,3594457344,-0.040965933592065684
2021-03-01,22.8,23.04,21.92,22.0,2026976768,-0.010791366906474753
2021-03-02,21.84,22.33,20.67,21.99,3185458688,-0.00045454545454548523
2021-03-03,21.8,21.89,20.48,21.19,3915574784,-0.03638017280582073
2021-03-04,21.3,22.4,21.12,22.22,2811816704,0.048607833883907325
2021-03-05,22.44,23.22,22.29,22.39,2852965376,0.007650765076507637
2021-03-08,21.94,22.28,20.96,21.1,3057368576,-0.057615006699419324
2021-03-09,21.36,21.95,20.86,21.59,2636658688,0.023222748815165728
2021-03-10,21.94,22.34,21.58,22.34,2463946240,0.03473830477072726
2021-03-11,22.62,23.49,22.61,23.29,3014642944,0.04252461951656228
2021-03-12,23.15,23.38,22.86,23.17,1572036992,-0.005152425933877103
2021-03-15,23.11,23.67,23.1,23.65,1579457408,0.020716443677168517
2021-03-16,23.63,23.68,23.23,23.28,1009512640,-0.01564482029598302
2021-03-17,23.14,24.13,23.11,24.08,1849710592,0.03436426116838476
2021-03-18,23.88,23.9,23.07,23.24,1805375232,-0.03488372093023251
2021-03-19,23.27,24.04,23.18,24.0,2132933376,0.03270223752151469
2021-03-22,23.69,23.78,23.23,23.52,1026926144,-0.020000000000000018
2021-03-23,23.17,23.63,22.8,22.8,1308812416,-0.030612244897959107
2021-03-24,23.19,23.54,22.82,22.82,1442781440,0.0008771929824560321
2021-03-25,22.7,23.3,22.16,23.2,1791127552,0.016652059596844904
2021-03-26,23.48,23.88,23.11,23.46,1426447744,0.011206896551724244
2021-03-29,23.34,23.83,23.28,23.83,1172414720,0.01577152600170484
2021-03-30,23.64,23.99,23.57,23.83,973239168,0.0
2021-03-31,23.8,24.23,23.78,24.1,1646140032,0.011330255979857373
2021-04-01,24.29,24.39,23.78,23.89,1122933888,-0.008713692946058171
2021-04-05,24.13,24.2,23.68,24.04,960726080,0.006278777731268281
2021-04-06,24.18,24.37,23.91,24.02,1097015040,-0.0008319467554076532
2021-04-07,23.94,24.34,23.93,24.0,1328541440,-0.0008326394671107629
2021-04-08,23.98,24.04,23.37,23.7,1485724672,-0.012500000000000067
2021-04-09,23.5,23.78,23.37,23.65,1106942080,-0.0021097046413502962
2021-04-12,23.96,24.37,23.78,23.89,1202200320,0.010147991543340451
2021-04-13,23.98,24.11,23.69,23.97,1263757312,0.003348681456676328
2021-04-14,24.2,24.58,23.98,24.35,2198727424,0.015853149770546526
2021-04-15,23.7,23.83,23.02,23.09,1488038656,-0.05174537987679673
2021-04-16,23.13,23.24,22.81,22.95,1360243328,-0.00606323083585969
2021-04-19,22.95,24.89,22.77,24.28,4701099008,0.05795206971677569
2021-04-20,24.33,24.59,23.76,23.82,2256701184,-0.018945634266886335
2021-04-22,24.14,24.19,23.65,23.71,1102934912,-0.0046179680940385825
2021-04-23,23.88,23.94,23.51,23.69,1418138880,-0.000843525938422629
2021-04-26,23.85,24.05,23.61,23.78,785883712,0.003799071338117299
2021-04-27,23.82,24.17,23.1,23.1,1784251136,-0.028595458368376736
2021-04-28,23.4,24.09,23.36,23.94,1565378304,0.036363636363636376
2021-04-29,24.12,24.29,23.42,23.62,1166058368,-0.013366750208855471
2021-04-30,23.4,23.93,23.28,23.62,1429981568,0.0
2021-05-03,23.8,23.81,23.3,23.43,1126989184,-0.008044030482641906
2021-05-04,23.54,23.64,22.88,22.89,1013463936,-0.023047375160051176
2021-05-05,23.17,23.95,23.12,23.83,1788355712,0.04106596767147219
2021-05-06,23.71,23.85,23.4,23.5,1265034496,-0.013848090642047728
2021-05-07,23.64,24.45,23.46,24.38,1774400384,0.03744680851063831
2021-05-10,24.8,24.98,24.58,24.7,1824735232,0.01312551271534046
2021-05-11,24.44,25.17,24.32,25.15,1825115776,0.018218623481781382
2021-05-12,24.95,25.53,24.69,24.78,2237265664,-0.0147117296222663
2021-05-13,24.76,25.1,24.43,24.99,1901721856,0.008474576271186418
2021-05-14,25.8,26.38,25.55,26.28,5076946432,0.05162064825930379
2021-05-17,26.3,26.66,26.2,26.66,2196291840,0.014459665144596512
2021-05-18,26.7,26.8,26.27,26.35,1641754496,-0.011627906976744096
2021-05-19,25.85,26.35,25.8,26.15,2201170688,-0.007590132827324569
2021-05-20,26.15,26.28,25.72,25.93,1840933248,-0.008413001912045859
2021-05-21,26.08,26.31,25.94,25.95,2119742464,0.0007713073659854075
2021-05-24,26.28,26.52,25.99,26.39,1653280768,0.016955684007707195
2021-05-25,26.48,26.62,25.78,25.84,1651655168,-0.020841227737779522
2021-05-26,25.91,26.18,25.65,26.09,1198655616,0.009674922600619196
2021-05-27,26.08,26.25,25.77,25.91,1259234176,-0.006899195093905686
2021-05-28,26.2,27.02,26.15,26.99,3451162368,0.04168274797375515
2021-05-31,26.96,27.2,26.78,26.87,1238831360,-0.00444609114486838
2021-06-01,27.4,27.7,27.01,27.29,2457620480,0.01563081503535524
2021-06-02,27.35,28.07,27.26,28.06,2861498112,0.028215463539758234
2021-06-04,28.06,28.62,27.92,28.5,2906118144,0.015680684248039922
2021-06-07,28.5,28.55,28.01,28.29,2092156672,-0.00736842105263158
2021-06-08,28.17,28.8,27.96,28.66,2514477056,0.013078826440438451
2021-06-09,28.72,29.08,28.52,28.66,1742254976,0.0
2021-06-10,28.83,29.03,28.57,28.71,1150668928,0.0017445917655269927
2021-06-11,28.8,28.85,28.26,28.57,1567087104,-0.004876349703935912
2021-06-14,28.9,29.35,28.61,28.75,1855983360,0.00630031501575079
2021-06-15,28.96,29.06,28.63,29.03,1222986240,0.009739130434782695
2021-06-16,29.08,29.29,28.77,29.14,2230444800,0.003789183603169155
2021-06-17,29.01,29.2,27.91,28.13,2682712576,-0.03466026080988338
2021-06-18,28.0,28.42,27.64,28.32,3219860736,0.006754354781372207
2021-06-21,28.4,29.0,28.4,28.95,1453460480,0.022245762711864403
2021-06-22,29.0,29.27,28.67,29.1,1198653184,0.005181347150259086
2021-06-23,29.25,29.52,29.0,29.3,1673238656,0.0068728522336769515
2021-06-24,29.49,29.65,29.22,29.65,1505246848,0.011945392491467421
2021-06-25,29.69,29.79,28.95,29.1,2485028608,-0.018549747048903775
2021-06-28,29.18,29.27,28.67,29.05,1163061376,-0.0017182130584192379
2021-06-29,29.09,29.18,28.74,29.18,1251069440,0.00447504302925994
2021-06-30,29.03,29.57,28.92,29.43,2083196288,0.008567511994516774
2021-07-01,29.74,29.88,28.92,29.06,1896635648,-0.012572205232755707
2021-07-02,29.3,29.38,28.73,29.18,1081631360,0.004129387474191448
2021-07-05,29.01,29.16,28.37,28.85,1605399936,-0.011309115832762062
2021-07-06,28.7,28.8,27.67,27.67,2721314560,-0.04090121317157713
2021-07-07,28.15,28.15,27.41,28.05,2046637696,0.013733285146367846
2021-07-08,27.4,27.68,27.27,27.49,2202104832,-0.019964349376114132
2021-07-12,27.58,27.78,27.28,27.73,1445425536,0.008730447435431055
2021-07-13,27.56,27.97,27.38,27.9,1140578816,0.006130544536602889
2021-07-14,28.1,28.2,27.54,27.67,1430049792,-0.008243727598566175
2021-07-15,27.49,27.63,26.92,27.08,1843424896,-0.02132273220093972
2021-07-16,27.23,27.38,26.58,26.68,1815712896,-0.01477104874446078
2021-07-19,25.97,26.45,25.86,26.24,2083298944,-0.016491754122938573
2021-07-20,26.19,26.94,25.9,26.59,1671168000,0.013338414634146423
2021-07-21,26.79,27.24,26.59,26.96,1353638656,0.013915005641218503
2021-07-22,27.0,27.22,26.71,26.9,1008541696,-0.002225519287833877
2021-07-23,27.1,27.17,26.68,26.74,907641344,-0.005947955390334547
2021-07-26,26.74,27.47,26.72,27.47,1262303744,0.027299925205684472
2021-07-27,27.35,27.4,26.9,27.15,1403436800,-0.011649071714597725
2021-07-28,27.43,27.9,27.2,27.71,1285148032,0.020626151012891336
2021-07-29,27.8,27.92,27.5,27.81,1210777216,0.0036088054853842255
2021-07-30,27.6,27.83,26.83,26.91,2005852672,-0.032362459546925515
2021-08-02,27.2,27.41,26.37,26.41,1881878272,-0.01858045336306202
2021-08-03,26.36,26.87,25.79,26.85,1889835648,0.01666035592578563
2021-08-04,26.55,26.77,25.95,26.28,2302044160,-0.021229050279329642
2021-08-05,28.75,28.98,28.06,28.35,6369891840,0.07876712328767121
2021-08-06,28.5,28.54,28.02,28.39,1438322176,0.001410934744268122
2021-08-09,27.95,28.21,27.67,28.19,2102493312,-0.007044734061289137
2021-08-10,28.3,28.78,28.24,28.28,2396741376,0.0031926214969848488
2021-08-11,28.16,28.99,27.97,28.67,2789372928,0.01379066478076374
2021-08-12,28.66,29.19,28.5,29.1,2747202048,0.014998256016742317
2021-08-13,29.06,29.61,29.02,29.35,2486544896,0.00859106529209619
2021-08-16,29.2,29.24,28.24,28.64,2878927872,-0.02419080068143098
2021-08-17,26.84,27.63,26.45,27.03,2510308096,-0.056215083798882626
2021-08-18,27.03,27.31,26.65,26.79,2301899776,-0.008879023307436285
2021-08-19,26.26,26.87,26.13,26.64,2127140480,-0.005599104143336975
2021-08-20,26.4,26.63,26.17,26.6,2243098112,-0.0015015015015015232
2021-08-23,26.94,27.31,26.77,27.02,1884711808,0.015789473684210353
2021-08-24,27.29,27.63,27.24,27.58,1360924160,0.02072538860103612
2021-08-25,27.63,27.83,27.38,27.73,1268560512,0.0054387237128354915
2021-08-26,27.58,27.88,27.47,27.49,1123543936,-0.00865488640461598
2021-08-27,27.7,28.49,27.67,28.49,2140567040,0.0363768643142961
2021-08-30,28.4,28.71,28.26,28.3,1731658624,-0.006669006669006605
2021-08-31,28.2,28.23,26.99,27.19,3027049728,-0.03922261484098932
2021-09-01,27.32,27.34,26.33,27.04,1858742272,-0.0055167340934167974
2021-09-02,27.0,27.35,26.46,26.6,1492138752,-0.016272189349112343
2021-09-03,26.65,26.78,26.1,26.33,1511197312,-0.010150375939849687
2021-09-06,26.21,26.71,26.15,26.46,697200128,0.004937333839726721
2021-09-08,26.29,26.35,24.79,24.97,2027243392,-0.05631141345427071
2021-09-09,25.08,25.88,24.14,25.5,3839426304,0.021225470564677718
2021-09-10,26.02,26.14,25.33,25.34,1997420032,-0.006274509803921524
2021-09-13,25.8,26.39,25.64,26.23,1645637504,0.03512233622730854
2021-09-14,25.95,26.25,25.72,25.88,1693074432,-0.013343499809378656
2021-09-15,26.0,26.46,25.87,26.33,1752561920,0.017387944358578045
2021-09-16,26.08,26.24,25.51,26.1,1687753216,-0.008735282947208378
2021-09-17,25.97,26.02,24.77,24.93,3230657792,-0.04482758620689664
2021-09-20,24.08,24.65,23.79,24.65,1935732096,-0.011231448054552784
2021-09-21,25.08,25.29,24.53,25.21,1609416320,0.022718052738336825
2021-09-22,25.53,26.22,25.52,25.85,1814020736,0.025386751289171006
2021-09-23,25.95,26.95,25.91,26.84,2230127104,0.038297872340425476
2021-09-24,26.55,27.06,26.47,26.9,1197001472,0.0022354694485842153
2021-09-27,27.14,27.46,26.5,27.14,2417513216,0.008921933085501932
2021-09-28,27.19,27.89,26.72,26.96,3209606144,-0.0066322770817980325
2021-09-29,27.21,27.53,26.82,27.39,1597804672,0.01594955489614236
2021-09-30,27.53,27.58,27.17,27.23,1790849152,-0.005841548010222741
2021-10-01,27.12,28.0,27.07,28.0,1678296576,0.028277634961439535
2021-10-04,27.76,28.81,27.72,28.79,3024955392,0.028214285714285747
2021-10-05,29.0,29.47,28.9,29.42,2910966016,0.021882598124348895
2021-10-06,28.95,29.17,28.47,28.64,2419507200,-0.02651257647858607
2021-10-07,28.7,28.98,28.25,28.6,1728021632,-0.0013966480446927498
2021-10-08,29.0,29.61,28.71,29.12,2441211904,0.018181818181818077
2021-10-11,29.5,29.85,29.15,29.32,2257225216,0.006868131868131844
2021-10-13,29.17,29.7,29.08,29.63,1635004160,0.010572987721691574
2021-10-14,29.86,30.22,29.5,29.68,2268307456,0.001687478906513773
2021-10-15,29.8,29.84,29.51,29.6,2121727616,-0.0026954177897573484
2021-10-18,29.4,29.64,28.99,29.45,2019968256,-0.005067567567567655
2021-10-19,29.24,29.32,27.86,28.01,3154739456,-0.048896434634974506
2021-10-20,28.27,28.8,27.95,28.41,1570350720,0.014280614066404906
2021-10-21,27.86,28.18,26.92,27.45,2771864320,-0.03379091869060191
2021-10-22,27.1,27.76,25.77,27.18,3698024448,-0.00983606557377048
2021-10-25,27.76,29.31,27.65,29.04,3868352000,0.06843267108167761
2021-10-26,28.8,29.23,28.6,28.76,1663888256,-0.009641873278236845
2021-10-27,28.83,29.06,28.47,28.69,1649968640,-0.002433936022253169
2021-10-28,28.53,29.25,28.25,28.96,2523718400,0.00941094457999303
2021-10-29,29.13,29.19,26.97,27.25,4344449024,-0.059046961325966874
2021-11-01,27.71,28.32,27.37,28.0,2840880384,0.02752293577981657
2021-11-03,27.71,27.85,26.8,26.85,2236171520,-0.04107142857142854
2021-11-04,27.02,27.24,25.85,26.0,2413586944,-0.03165735567970207
2021-11-05,26.29,26.54,25.78,25.85,2233569536,-0.005769230769230749
2021-11-08,25.81,26.66,25.72,26.12,1565636224,0.010444874274661453
2021-11-09,26.2,26.95,26.2,26.64,1946094848,0.019908116385911168
2021-11-10,26.6,26.93,26.16,26.43,1814873472,-0.007882882882882969
2021-11-11,26.88,26.88,26.24,26.45,1609479936,0.000756715853197143
2021-11-12,26.31,27.16,26.0,26.99,2281888512,0.02041587901701325
2021-11-16,27.26,27.56,26.63,27.27,1656328832,0.01037421267135974
2021-11-17,27.39,27.44,26.49,26.58,2214734080,-0.025302530253025313
2021-11-18,26.69,26.75,26.05,26.54,1689524352,-0.0015048908954100604
2021-11-19,26.1,26.28,25.78,26.1,2210644736,-0.016578749058025588
2021-11-22,26.3,27.13,26.29,26.36,1584092544,0.009961685823754785
2021-11-23,26.61,28.05,26.5,27.8,2981436928,0.054628224582701
2021-11-24,27.78,28.44,27.51,28.37,1804347904,0.02050359712230221
2021-11-25,29.05,29.79,28.56,29.62,3052154112,0.04406062742333461
2021-11-26,28.39,29.16,28.07,28.47,3107134464,-0.03882511816340317
2021-11-29,29.36,29.82,28.81,29.47,2489451520,0.03512469265893925
2021-11-30,29.3,29.64,28.86,29.43,3790121984,-0.001357312521207965
2021-12-01,29.84,30.67,29.48,29.6,4064853760,0.005776418620455415
2021-12-02,26.99,28.49,26.2,28.36,5285420544,-0.04189189189189191
2021-12-03,28.48,28.94,28.22,28.76,3008092928,0.014104372355430161
2021-12-06,28.78,29.27,28.68,28.89,1919196544,0.004520166898470013
2021-12-07,29.28,29.57,28.8,29.36,2893184512,0.016268605053651797
2021-12-08,29.36,30.07,29.22,29.35,2104510720,-0.00034059945504083533
2021-12-09,29.1,29.49,28.79,29.29,1973033856,-0.002044293015332266
2021-12-10,29.5,30.1,29.48,29.65,1143733120,0.012290884260839796
2021-12-13,29.67,30.05,29.29,29.47,1344577536,-0.006070826306914023
2021-12-14,29.61,29.85,29.01,29.12,1668902400,-0.01187648456057
2021-12-15,29.1,29.3,28.59,29.3,1596437504,0.006181318681318659
2021-12-16,29.62,29.98,29.5,29.69,1682132736,0.013310580204778155
2021-12-17,29.32,29.64,28.78,28.99,2714493952,-0.023576961940047214
2021-12-20,28.44,28.55,27.68,28.16,2981041920,-0.028630562262849213
2021-12-21,28.55,28.72,28.12,28.2,1148092544,0.0014204545454545858
2021-12-22,28.4,28.4,27.97,28.16,950275968,-0.0014184397163120588
2021-12-23,28.33,28.42,28.15,28.33,812335552,0.006036931818181657
2021-12-27,28.32,28.78,28.15,28.75,1265090304,0.014825273561595464
2021-12-28,29.01,29.28,28.7,28.78,886001728,0.0010434782608697013
2021-12-29,28.7,28.9,28.42,28.54,1015407360,-0.008339124391938957
2021-12-30,28.55,28.7,28.39,28.45,1232775680,-0.0031534688156972246
2022-01-03,28.54,29.22,28.53,29.09,1528429440,0.022495606326889295
2022-01-04,29.16,29.4,28.91,29.2,1509760256,0.003781368167755206
2022-01-05,29.19,29.27,27.94,28.07,2237838336,-0.03869863013698627
2022-01-06,28.29,28.65,27.84,28.05,1725720832,-0.0007125044531528513
2022-01-07,28.11,28.29,27.82,28.18,1333669248,0.004634581105169344
2022-01-10,27.99,28.24,27.72,28.01,1046038336,-0.006032647267565583
2022-01-11,28.1,29.07,27.85,28.84,2105958272,0.02963227418778991
2022-01-12,28.95,29.91,28.95,29.72,2403559936,0.030513176144244092
2022-01-13,29.53,30.63,29.5,30.32,2323514880,0.020188425302826385
2022-01-14,30.28,31.6,30.24,31.45,2998196736,0.037269129287598846
2022-01-17,31.4,31.81,31.25,31.5,1126405120,0.0015898251192369983
2022-01-18,31.56,31.98,30.97,31.64,2467468032,0.004444444444444473
2022-01-19,31.9,32.21,31.44,31.49,2467396096,-0.004740834386852133
2022-01-20,31.5,32.0,31.11,31.72,2705675776,0.007303906001905336
2022-01-21,31.57,31.88,31.53,31.77,1914711936,0.0015762925598992172
2022-01-24,31.69,32.25,31.04,31.95,2501533184,0.0056657223796034994
2022-01-25,31.7,33.23,31.58,32.99,3198173952,0.032550860719874786
2022-01-26,33.3,34.27,33.3,33.87,3350674432,0.026674749924219254
2022-01-27,34.25,34.64,33.17,33.88,3080973824,0.00029524653085344355
2022-01-28,33.8,34.35,32.2,32.54,3903485440,-0.039551357733175974
2022-01-31,32.5,33.0,32.07,32.35,2024954496,-0.005838967424708019
2022-02-01,32.35,33.32,31.95,33.0,1882093824,0.020092735703245657
2022-02-02,33.41,33.49,32.36,32.52,1184106880,-0.014545454545454417
2022-02-03,32.35,32.92,31.62,32.07,1636398208,-0.013837638376383854
2022-02-04,32.41,33.23,31.88,32.63,1945649536,0.017461802307452423
2022-02-07,32.55,32.78,32.13,32.15,1581854592,-0.014710389212381325
2022-02-08,31.9,31.95,31.26,31.83,1978893056,-0.009953343701399664
2022-02-09,31.74,32.69,31.65,31.95,1642275712,0.0037700282752120007
2022-02-10,32.3,32.9,31.94,32.44,1611740416,0.015336463223787122
2022-02-11,32.77,33.91,32.63,33.76,2948371712,0.040690505548705236
2022-02-14,33.86,33.94,32.82,33.0,1846276736,-0.02251184834123221
2022-02-15,32.66,32.68,31.89,32.48,2125152128,-0.01575757575757586
2022-02-16,32.83,33.7,32.77,32.93,2194406912,0.013854679802955738
2022-02-17,32.85,33.29,32.55,32.8,1419332480,-0.003947767992711904
2022-02-18,32.57,33.09,32.27,33.0,1952571008,0.0060975609756097615
2022-02-21,33.05,34.0,33.0,33.85,1725746432,0.025757575757575868
2022-02-22,34.22,34.68,33.21,33.74,2713600512,-0.0032496307237813715
2022-02-23,34.18,34.6,33.8,34.22,2966170368,0.014226437462951935
2022-02-24,34.8,35.29,32.68,33.39,4734199296,-0.024254821741671484
2022-02-25,33.45,34.0,32.9,34.0,2893396992,0.01826894279724467
2022-03-02,35.26,35.29,34.39,34.67,2021707264,0.01970588235294124
2022-03-03,34.82,34.93,34.16,34.24,2386791936,-0.0124026535910009
2022-03-04,34.08,34.68,33.82,34.23,1891421696,-0.0002920560747664558
2022-03-07,34.5,34.6,31.63,31.8,3664656128,-0.07099035933391751
2022-03-08,32.0,32.97,31.51,32.46,3613062144,0.020754716981132182
2022-03-09,32.6,32.82,31.74,32.56,2829457408,0.0030807147258165024
2022-03-10,32.6,34.6,32.52,33.7,4593436160,0.03501228501228493
2022-03-11,33.91,34.38,32.07,32.49,3069909760,-0.035905044510385786
2022-03-14,32.43,32.89,31.52,31.87,1668052992,-0.019082794706063444
2022-03-15,31.14,31.54,30.47,31.1,2049009408,-0.02416065265139633
2022-03-16,31.5,31.54,30.37,30.83,2209585664,-0.008681672025723564
2022-03-17,31.25,31.4,29.5,30.01,5371258368,-0.026597469996756273
2022-03-18,30.09,30.82,29.86,30.61,2823989248,0.019993335554814973
2022-03-21,30.91,32.09,30.64,31.76,2128291328,0.0375694217575957
2022-03-22,31.99,32.1,31.35,31.62,1768079872,-0.004408060453400475
2022-03-23,31.93,32.47,31.69,32.05,1695989888,0.013598987982289534
2022-03-24,32.05,32.6,31.67,32.42,1577207168,0.011544461778471238
2022-03-25,32.15,32.55,31.92,32.3,1668130176,-0.0037014188772364065
2022-03-28,32.06,32.08,30.98,31.6,2134624000,-0.021671826625386914
2022-03-29,32.13,32.76,31.92,32.3,3024807680,0.02215189873417711
2022-03-30,32.5,32.99,32.38,32.99,2270730752,0.02136222910216734
2022-03-31,32.57,33.57,32.5,33.45,3117507840,0.013943619278569352
2022-04-01,33.55,33.79,32.91,33.01,2408515584,-0.013153961136024073
2022-04-04,32.9,32.9,32.25,32.7,1824393600,-0.009391093607997392
2022-04-05,32.66,33.06,32.39,32.39,1480645376,-0.009480122324159068
2022-04-06,32.6,32.78,32.04,32.36,1838498560,-0.0009262117937635095
2022-04-07,32.64,34.06,32.5,34.04,3951911680,0.05191594561186652
2022-04-08,34.07,34.41,33.85,34.21,2070636416,0.004994124559341895
2022-04-11,33.9,34.1,33.78,33.95,1629067776,-0.007600116924875722
2022-04-12,34.4,34.68,33.8,33.85,2320640512,-0.002945508100147265
2022-04-13,34.37,34.8,34.1,34.57,3478414336,0.021270310192023523
2022-04-14,31.6,32.07,31.16,31.27,3729871872,-0.09545849002024875
2022-04-18,31.16,31.39,30.47,30.72,2341966336,-0.017588743204349222
2022-04-19,31.16,32.0,31.12,31.65,2780686592,0.0302734375
2022-04-20,31.65,31.95,31.33,31.8,1092450176,0.004739336492891155
2022-04-22,31.05,31.3,30.32,30.56,2287839488,-0.038993710691824
2022-04-25,29.97,30.44,29.54,30.11,1980537216,-0.01472513089005234
2022-04-26,30.11,30.58,29.89,30.06,1468183296,-0.0016605778811026317
2022-04-27,30.37,30.56,29.95,30.06,1253239040,0.0
2022-04-28,30.45,30.62,30.25,30.26,1312393728,0.006653359946773296
2022-04-29,30.75,31.59,30.28,30.28,2357340160,0.0006609385327165374
2022-05-02,30.17,30.33,29.33,29.98,2152591104,-0.009907529722589237
2022-05-03,30.12,30.39,29.82,30.25,1575749120,0.009006004002668488
2022-05-04,30.6,32.17,30.4,32.07,3408776448,0.06016528925619835
2022-05-05,31.81,32.5,31.02,32.01,3148216064,-0.00187090739008422
2022-05-06,32.69,33.12,31.9,33.06,4232963328,0.03280224929709474
2022-05-09,32.7,33.04,32.06,32.16,2967044864,-0.02722323049001829
2022-05-10,32.36,32.85,32.2,32.44,1958305152,0.008706467661691475
2022-05-11,32.78,33.91,32.69,33.57,3642755328,0.034833538840937095
2022-05-12,33.26,34.08,33.26,33.83,3844460288,0.007745010425975529
2022-05-13,34.1,34.44,33.9,34.27,2290556672,0.013006207508128975
2022-05-16,34.25,34.88,34.01,34.61,3184449792,0.009921213889699354
2022-05-17,35.0,35.14,34.14,34.16,3107951616,-0.01300202253683913
2022-05-18,34.18,34.56,33.43,33.6,2730939136,-0.016393442622950727
2022-05-19,33.52,34.29,33.33,34.17,2165226240,0.016964285714285765
2022-05-20,34.59,34.83,34.25,34.83,2697429504,0.019315188762071944
2022-05-23,35.18,36.31,35.15,36.2,3338180864,0.039333907550962
2022-05-24,31.2,32.09,30.71,31.6,4808361472,-0.1270718232044199
2022-05-25,31.7,32.28,31.26,32.05,2231612672,0.014240506329113778
2022-05-26,32.02,32.56,31.95,32.13,2520546048,0.002496099843994015
2022-05-27,32.15,32.15,30.57,30.6,3645719808,-0.04761904761904767
2022-05-30,30.84,30.87,29.12,29.99,2908904448,-0.019934640522875968
2022-05-31,30.41,30.62,29.81,30.06,2511752960,0.002334111370456915
2022-06-01,29.9,30.33,29.85,30.02,1383232128,-0.0013306719893545482
2022-06-02,29.97,30.05,29.55,29.76,1497594240,-0.008660892738174497
2022-06-03,29.71,30.44,29.53,30.28,1804624128,0.017473118279569988
2022-06-06,30.5,30.53,29.91,30.3,1177417728,0.0006605019815060231
2022-06-07,30.19,31.3,30.16,30.66,2466187776,0.011881188118811892
2022-06-08,30.42,31.15,30.33,30.51,2020288512,-0.004892367906066508
2022-06-09,30.51,30.66,29.98,30.07,1628625792,-0.014421501147164895
2022-06-10,30.01,30.01,29.06,29.65,1848886400,-0.013967409378117801
2022-06-13,29.02,29.58,28.67,29.27,1876158080,-0.01281618887015179
2022-06-14,29.66,30.25,29.24,29.6,2046882688,0.011274342330030773
2022-06-15,30.0,30.02,28.84,29.08,2120418176,-0.01756756756756772
2022-06-17,28.17,28.45,26.13,27.31,4960905216,-0.0608665749656121
2022-06-20,26.02,28.25,25.91,27.62,2533647872,0.011351153423654337
2022-06-21,27.8,28.16,26.69,27.07,2309925888,-0.019913106444605422
2022-06-22,26.58,27.55,26.39,26.99,1559287936,-0.002955301071296712
2022-06-23,26.98,27.38,26.12,26.49,1837342976,-0.018525379770285344
2022-06-24,26.76,27.09,26.18,26.29,1406568320,-0.0075500188750471375
2022-06-27,26.82,28.07,26.66,27.98,2488882944,0.06428299733739062
2022-06-28,28.58,28.83,28.02,28.33,1457242112,0.012508934953538109
2022-06-29,28.48,28.82,27.84,28.08,1451526912,-0.008824567596187771
2022-06-30,27.65,28.06,27.4,27.93,1380502272,-0.005341880341880323
2022-07-01,28.08,28.85,27.52,28.53,1832560896,0.02148227712137496
2022-07-04,28.54,29.28,28.54,29.14,1078212736,0.021381002453557674
2022-07-05,28.9,28.95,27.55,28.03,2188995072,-0.038091969800960856
2022-07-06,28.16,28.48,26.91,27.67,1575524096,-0.012843382090617195
2022-07-07,28.0,28.92,28.0,28.48,1487494656,0.029273581496205292
2022-07-08,28.53,28.97,28.37,28.8,1227860608,0.011235955056179803
2022-07-11,28.32,28.79,28.25,28.66,1125304576,-0.004861111111111094
2022-07-12,28.3,28.43,27.97,28.23,1305678976,-0.015003489183531005
2022-07-13,28.13,28.48,27.98,28.25,998592448,0.000708466170740385
2022-07-14,28.0,28.0,27.24,27.49,1290440064,-0.026902654867256737
2022-07-15,27.7,28.05,27.49,27.96,1051614976,0.017097126227719306
2022-07-18,28.39,28.69,28.3,28.6,1329637632,0.022889842632331847
2022-07-19,28.55,29.24,28.4,29.18,1396655360,0.020279720279720248
2022-07-20,29.07,29.22,28.83,29.17,1259780608,-0.0003427004797805777
2022-07-21,28.98,29.13,28.2,29.02,1674986240,-0.005142269454919468
2022-07-22,29.04,29.47,28.85,29.33,1624075904,0.010682288077188185
2022-07-25,29.61,30.75,29.61,30.7,2382456064,0.046709853392431055
2022-07-26,31.2,31.62,30.59,31.01,2431057664,0.010097719869706978
2022-07-27,31.3,31.47,30.62,31.35,1733758848,0.01096420509513063
2022-07-28,31.59,32.63,31.43,32.29,3645150976,0.029984051036682446
2022-07-29,33.6,34.66,32.83,34.15,6146644480,0.057602973056673834
2022-08-01,34.0,34.15,33.22,33.68,2726511104,-0.013762811127379204
2022-08-02,33.77,34.5,33.48,33.83,2329488896,0.004453681710213653
2022-08-03,34.01,34.16,33.56,33.88,2203322624,0.0014779781259237623
2022-08-04,34.08,34.4,33.58,34.21,1836356736,0.009740259740259605
2022-08-05,34.15,35.06,34.12,34.87,2693257728,0.019292604501607524
2022-08-08,35.14,36.77,35.13,36.63,3946573056,0.05047318611987395
2022-08-09,37.01,37.46,36.85,37.23,2900603648,0.016380016380016293
2022-08-10,37.65,37.65,36.61,37.11,2868828672,-0.003223207091055502
2022-08-11,37.45,37.86,36.25,36.25,4693900800,-0.023174346537321422
2022-08-12,29.1,31.83,29.08,31.71,5241331200,-0.12524137931034485
2022-08-15,30.88,32.23,30.55,31.72,3035249408,0.000315357931251814
2022-08-16,31.72,32.07,31.5,32.01,2040371328,0.00914249684741475
2022-08-17,31.65,32.82,31.6,32.76,2356963072,0.023430178069353325
2022-08-18,33.1,33.66,32.87,33.42,2795599360,0.020146520146520297
2022-08-19,32.92,33.15,31.33,31.73,3993791744,-0.0505685218432077
2022-08-22,31.74,32.58,30.48,32.41,2917810432,0.021430822565395413
2022-08-23,32.63,33.5,32.62,33.44,2422973440,0.031780314717679836
2022-08-24,33.54,34.12,33.25,33.64,2049036288,0.005980861244019309
2022-08-25,34.1,34.36,32.67,33.28,3305524224,-0.010701545778834753
2022-08-26,33.28,33.67,32.57,33.64,2097022592,0.01081730769230771
2022-08-29,33.55,35.08,33.45,34.48,2515698944,0.024970273483947647
2022-08-30,34.0,34.22,32.27,32.43,3234382080,-0.05945475638051034
2022-08-31,32.07,33.44,31.82,33.23,3755156736,0.024668516805427032
2022-09-01,33.36,33.95,32.76,33.85,2296931584,0.018657839301835732
2022-09-02,34.44,34.57,33.26,33.42,2761542912,-0.012703101920236382
2022-09-05,33.85,34.11,33.15,33.33,2536813568,-0.0026929982046679513
2022-09-06,32.27,32.59,31.51,32.1,3555963648,-0.036903690369036846
2022-09-08,32.31,32.78,31.4,31.8,2011363072,-0.009345794392523366
2022-09-09,32.49,32.67,31.7,31.79,1588898560,-0.0003144654088050869
2022-09-12,32.15,32.73,31.46,31.58,2267814656,-0.006605850896508336
2022-09-13,30.94,31.44,30.52,30.65,2715165952,-0.029449018366054402
2022-09-14,30.75,31.43,30.63,31.12,1518418048,0.015334420880913635
2022-09-15,30.92,31.23,30.8,31.06,1403435136,-0.001928020565552746
2022-09-16,30.86,30.95,30.34,30.78,3256310272,-0.009014810045073984
2022-09-19,30.5,31.38,29.88,31.27,2012314624,0.015919428200129815
2022-09-20,31.42,31.6,30.84,31.09,2094675072,-0.005756315957787028
2022-09-21,31.35,31.47,30.89,31.17,1813712512,0.002573174654229682
2022-09-22,31.48,32.08,31.03,31.94,2192859136,0.024703240295155693
2022-09-23,31.32,31.39,29.77,29.94,4160237056,-0.06261740763932377
2022-09-26,29.72,30.08,29.21,29.46,2346427648,-0.01603206412825653
2022-09-27,29.9,30.2,29.51,29.67,2111086208,0.007128309572301372
2022-09-28,29.67,29.82,28.58,29.27,3043494656,-0.013481631277384665
2022-09-29,28.99,29.4,28.6,29.31,2535802112,0.0013665869490946392
2022-09-30,29.22,30.49,29.0,29.8,3615800832,0.016717843739338267
2022-10-03,31.91,32.64,31.66,32.18,5713672192,0.07986577181208054
2022-10-04,32.9,32.98,31.07,31.37,3671205120,-0.025170913610938483
2022-10-05,31.41,32.82,31.2,32.55,2966571520,0.037615556263946415
2022-10-06,33.0,33.79,32.44,33.66,2721943040,0.03410138248847927
2022-10-07,33.58,34.32,33.22,33.63,2454550272,-0.0008912655971478056
2022-10-10,33.65,33.89,33.0,33.25,1728054528,-0.011299435028248705
2022-10-11,32.89,33.33,32.61,33.0,1914503424,-0.007518796992481258
2022-10-13,32.5,34.49,32.41,33.94,3055329536,0.028484848484848335
2022-10-14,33.97,34.14,33.3,33.42,2085601024,-0.015321154979375251
2022-10-17,33.24,34.15,32.84,33.39,3372584192,-0.0008976660682226134
2022-10-18,33.9,34.23,33.16,34.21,2733948416,0.024558250973345297
2022-10-19,34.13,35.56,34.02,35.42,3959411968,0.03536977491961424
2022-10-20,36.1,36.55,35.77,36.47,4112395776,0.029644268774703386
2022-10-21,36.45,38.39,36.39,37.72,5233837568,0.034274746366876885
2022-10-24,36.5,36.82,34.23,34.25,5006196224,-0.09199363732767762
2022-10-25,34.04,34.5,33.21,33.53,3771806720,-0.021021897810218904
2022-10-26,32.6,33.53,31.9,32.71,3967256576,-0.02445571130331048
2022-10-27,32.81,33.54,32.67,32.96,3641603840,0.0076429226536227635
2022-10-28,32.7,33.12,31.86,32.57,4189282560,-0.011832524271844669
2022-10-31,30.61,31.6,29.16,29.81,7888932352,-0.08474055879643849
2022-11-01,30.57,30.67,29.56,29.86,3439473152,0.0016772895001677668
2022-11-03,29.8,30.39,29.44,29.95,4117296384,0.003014065639651786
2022-11-04,30.8,30.9,28.18,28.3,5661825536,-0.05509181969949917
2022-11-07,27.96,28.3,27.07,27.15,3239278080,-0.04063604240282692
2022-11-08,27.06,27.53,26.75,27.35,2576509184,0.007366482504604255
2022-11-09,27.15,27.95,26.64,26.9,2805949952,-0.01645338208409519
2022-11-10,26.08,26.89,25.61,26.12,3804125952,-0.028996282527881
2022-11-11,25.8,27.36,25.7,26.99,3863818496,0.03330781010719752
2022-11-14,27.26,28.18,27.09,27.7,1848709760,0.026306039273805037
2022-11-16,27.81,28.11,26.93,27.15,2338592000,-0.019855595667870096
2022-11-17,27.0,27.3,26.55,27.16,2730715904,0.00036832412523035707
2022-11-18,27.4,27.6,26.22,26.7,3388356096,-0.016936671575846884
2022-11-21,27.12,27.57,26.05,26.78,4413911552,0.002996254681647992
2022-11-22,23.0,23.43,22.3,23.33,3753607424,-0.12882748319641535
2022-11-23,23.0,23.65,22.8,23.44,1804180096,0.0047149592798971796
2022-11-24,23.52,24.63,23.25,24.25,2273647616,0.03455631399317394
2022-11-25,24.26,24.33,23.6,23.86,1401747456,-0.0160824742268042
2022-11-28,23.65,24.55,23.54,24.36,1357814400,0.020955574182732528
2022-11-29,24.6,25.88,24.48,25.38,2438443008,0.041871921182266014
2022-11-30,25.6,26.66,25.5,26.66,3171010816,0.05043341213553987
2022-12-01,26.58,26.79,25.56,25.59,1851482496,-0.04013503375843963
2022-12-02,25.69,26.45,25.31,25.91,1721239168,0.012504884720593967
2022-12-05,26.0,26.58,25.55,25.62,1455305472,-0.011192589733693525
2022-12-06,25.82,26.39,25.42,25.64,1933716608,0.0007806401249024209
2022-12-07,25.34,26.07,25.27,25.35,1464944128,-0.011310452418096695
2022-12-08,25.55,25.79,24.64,24.78,1396780032,-0.022485207100591764
2022-12-09,24.99,25.05,24.49,24.71,1524037248,-0.0028248587570621764
2022-12-12,24.58,24.66,23.13,23.91,2635974912,-0.03237555645487655
2022-12-13,24.1,24.2,23.31,23.32,2425629952,-0.024675867837724796
2022-12-14,22.5,22.6,20.77,21.47,6883232768,-0.07933104631217847
2022-12-15,21.0,22.37,20.83,22.04,2889938432,0.026548672566371723
2022-12-16,21.96,22.11,21.51,22.05,1963774208,0.00045372050816694376
2022-12-19,22.1,22.51,21.64,22.38,1398740096,0.014965986394557707
2022-12-20,22.39,23.24,22.21,23.07,1640599680,0.030831099195710587
2022-12-21,23.5,23.72,22.85,23.57,1731624832,0.02167316861725177
2022-12-22,23.9,24.56,23.7,23.99,1967332992,0.01781926177344073
2022-12-23,24.13,25.22,24.13,25.12,1698359936,0.04710295956648625
2022-12-26,25.12,25.3,24.82,24.94,717904256,-0.0071656050955414274
2022-12-27,25.25,25.31,24.55,25.11,1264727168,0.006816359262229232
2022-12-28,25.1,25.32,24.75,24.8,1432443648,-0.012345679012345623
2022-12-29,24.99,25.05,24.43,24.5,1424781568,-0.012096774193548376
2023-01-02,23.54,23.81,22.8,22.92,1811378560,-0.06448979591836723
2023-01-03,22.94,23.1,22.13,22.34,2170654464,-0.02530541012216414
2023-01-04,21.96,23.6,21.83,23.05,2964416768,0.03178155774395708
2023-01-05,23.34,24.04,23.15,23.88,1748887040,0.036008676789587746
2023-01-06,23.94,24.32,23.55,23.74,1236647296,-0.005862646566164198
2023-01-09,23.5,24.0,23.25,23.87,1102685056,0.0054759898904803705
2023-01-10,23.95,24.11,23.37,24.09,1254871936,0.009216589861751112
2023-01-11,24.15,24.62,24.05,24.28,1301372160,0.007887090078871006
2023-01-12,24.29,24.65,24.11,24.63,1421123968,0.014415156507413318
2023-01-13,24.44,24.66,24.25,24.57,978930240,-0.0024360535931789995
2023-01-16,24.41,24.5,23.83,24.04,770044032,-0.021571021571021642
2023-01-17,24.11,25.62,24.11,25.52,2298146816,0.061564059900166335
2023-01-18,25.84,26.03,25.0,25.07,1776941568,-0.017633228840125414
2023-01-19,25.0,25.95,24.79,25.83,1931117696,0.03031511767052253
2023-01-20,25.89,26.6,25.42,26.37,2956228096,0.020905923344947785
2023-01-23,26.27,27.6,26.13,26.79,2374021632,0.015927189988623303
2023-01-24,27.47,27.53,26.37,26.6,1762789760,-0.007092198581560183
2023-01-25,26.55,27.08,26.01,26.94,1379936512,0.012781954887218117
2023-01-26,27.09,27.2,25.8,26.2,1929306240,-0.027468448403860535
2023-01-27,26.18,26.23,25.44,25.62,1226536960,-0.022137404580152564
2023-01-30,25.85,26.07,25.51,25.75,1046885248,0.0050741608118656245
2023-01-31,25.63,26.21,25.52,26.07,1400646784,0.012427184466019536
2023-02-01,26.07,26.48,25.45,25.71,1459080064,-0.013808975834292303
2023-02-02,25.51,25.81,24.42,24.52,2094980992,-0.04628549202644894
2023-02-03,24.54,25.38,24.42,24.79,1773597696,0.011011419249592258
2023-02-06,24.87,25.87,24.75,25.78,2101484032,0.039935457845905686
2023-02-07,25.91,26.14,25.46,25.62,1424289536,-0.006206361520558534
2023-02-08,25.8,26.15,25.56,26.05,1259356288,0.016783762685401937
2023-02-09,26.05,26.32,25.79,25.93,995071488,-0.004606525911708292
2023-02-10,25.98,26.79,25.93,26.72,1449099776,0.030466640956421154
2023-02-13,26.69,26.89,26.37,26.8,979796096,0.0029940119760478723
2023-02-14,26.85,27.06,26.6,26.7,959047936,-0.003731343283582156
2023-02-15,26.58,26.8,26.3,26.74,1928390272,0.0014981273408238849
2023-02-16,26.6,26.95,26.49,26.85,1181417088,0.004113687359760698
2023-02-17,26.67,26.67,26.37,26.44,1602198784,-0.015270018621973969
2023-02-22,26.0,26.11,25.69,25.76,999503104,-0.02571860816944027
2023-02-23,25.77,26.79,25.77,26.55,1955748352,0.030667701863354102
2023-02-24,26.67,26.7,25.87,25.97,1686877184,-0.02184557438794732
2023-02-27,25.84,26.74,25.81,26.15,2007274880,0.006931074316518959
2023-02-28,26.21,26.92,25.24,25.24,3376105984,-0.034799235181644406
2023-03-01,25.31,25.43,24.19,25.3,2706572544,0.0023771790808242432
2023-03-02,25.42,25.67,24.37,24.64,3106793984,-0.02608695652173909
2023-03-03,24.83,25.74,24.45,25.7,2204375552,0.04301948051948057
2023-03-06,25.7,26.12,25.37,25.96,1296620672,0.010116731517509692
2023-03-07,25.72,25.78,24.93,25.1,1496308608,-0.03312788906009245
2023-03-08,25.15,25.92,25.13,25.42,1687083264,0.012749003984063645
2023-03-09,25.35,26.23,25.28,25.31,1749948416,-0.0043273013375296765
2023-03-10,25.16,25.58,24.94,24.98,1212555008,-0.013038324772816967
2023-03-13,24.55,24.86,24.1,24.19,1424758528,-0.03162530024019217
2023-03-14,24.28,24.73,23.6,23.76,1412968832,-0.01777594047126907
2023-03-15,23.33,23.48,22.8,23.34,2160697600,-0.017676767676767735
2023-03-16,23.4,23.52,22.97,23.26,1550204160,-0.003427592116538092
2023-03-17,23.1,23.51,22.86,23.51,2138881280,0.010748065348237246
2023-03-20,23.51,23.65,22.89,22.93,1323513600,-0.024670353041259085
2023-03-21,23.2,23.6,23.08,23.4,1013618368,0.02049716528565204
2023-03-22,23.39,23.62,23.04,23.33,1082809600,-0.002991452991452981
2023-03-23,23.37,23.67,22.59,22.8,1714587136,-0.022717531075867825
2023-03-24,22.71,23.13,22.48,22.79,1185477888,-0.00043859649122812705
2023-03-27,23.11,23.36,22.83,23.18,901697792,0.017112768758227315
2023-03-28,23.22,23.64,23.15,23.59,677127104,0.017687661777394226
2023-03-29,23.71,24.04,23.47,23.9,1163485184,0.01314116150911393
2023-03-30,24.25,24.28,23.68,23.97,1338084224,0.0029288702928871313
2023-03-31,24.0,24.22,23.21,23.45,1405262592,-0.02169378389653731
2023-04-03,24.09,24.5,23.8,24.49,1780459136,0.04434968017057561
2023-04-04,24.63,24.76,24.1,24.27,1396666752,-0.008983258472845979
2023-04-05,24.19,24.53,23.27,24.35,2237385728,0.003296250515039123
2023-04-06,24.34,24.42,23.95,24.0,709029568,-0.014373716632443578
2023-04-10,24.03,24.66,24.03,24.51,1011658560,0.02124999999999999
2023-04-11,24.7,25.7,24.63,25.66,2028490112,0.04691962464300281
2023-04-12,25.98,26.15,25.18,25.85,1842476032,0.0074045206547155296
2023-04-13,25.85,26.09,25.8,26.03,1006116864,0.006963249516440895
2023-04-14,25.8,26.4,25.72,26.3,1000067392,0.01037264694583162
2023-04-17,26.24,26.8,26.21,26.71,1312177536,0.0155893536121674
2023-04-18,26.71,27.62,26.52,27.39,2704676096,0.025458629726694104
2023-04-19,27.16,27.31,26.45,26.51,1954409088,-0.032128514056224855
2023-04-20,26.52,26.98,26.29,26.69,1449266560,0.00678989060731805
2023-04-24,26.6,27.26,26.5,27.2,1180887040,0.019108280254777066
2023-04-25,27.16,27.5,26.72,27.09,1452172544,-0.004044117647058809
2023-04-26,27.12,27.22,26.75,26.75,1072842304,-0.012550756736803281
2023-04-27,26.85,27.18,25.91,26.1,3039092736,-0.024299065420560706
2023-04-28,23.6,24.05,23.15,23.7,1910841088,-0.09195402298850586
2023-05-02,23.7,23.74,22.64,22.74,1549208704,-0.040506329113924044
2023-05-03,22.6,22.99,22.42,22.66,1158314880,-0.0035180299032541162
2023-05-04,22.89,23.38,22.61,23.02,1328759040,0.015887025595763493
2023-05-05,23.3,24.17,23.18,24.0,1974553088,0.04257167680278018
2023-05-08,24.45,24.63,24.21,24.51,1447506432,0.02124999999999999
2023-05-09,24.41,24.8,24.24,24.59,828083712,0.00326397388820876
2023-05-10,24.59,24.82,24.33,24.53,1015713792,-0.002440016266775036
2023-05-11,24.13,25.48,23.93,25.43,3368146688,0.03668976763147169
2023-05-12,25.58,26.74,25.48,26.25,3064684032,0.032245379473063274
2023-05-15,26.06,26.15,25.4,25.66,2101107712,-0.022476190476190427
2023-05-16,26.11,27.03,26.08,26.3,3107625472,0.02494154325798914
2023-05-17,26.6,26.76,25.51,25.66,2770243328,-0.02433460076045635
2023-05-18,25.59,25.85,25.35,25.81,1606999296,0.005845674201091056
2023-05-19,26.08,26.18,25.64,25.92,1759228672,0.0042619139868269595
2023-05-22,25.88,26.01,25.5,25.62,969642752,-0.01157407407407407
2023-05-23,25.65,26.43,25.52,26.25,1521780992,0.024590163934426146
2023-05-24,26.25,26.9,26.05,26.65,1449068800,0.015238095238095273
2023-05-25,26.8,26.84,26.19,26.45,1300108800,-0.007504690431519689
2023-05-26,26.81,26.91,26.53,26.8,1064973568,0.013232514177693888
2023-05-29,26.75,26.82,26.56,26.69,478089184,-0.004104477611940327
2023-05-30,26.72,26.8,26.26,26.39,1207755904,-0.011240164855751189
2023-05-31,26.27,26.36,25.87,26.12,1278785920,-0.010231148162182624
2023-06-01,26.3,27.0,26.16,26.96,1685614976,0.03215926493108734
2023-06-02,27.43,27.6,27.11,27.18,1084281728,0.008160237388723957
2023-06-05,27.54,27.56,27.23,27.47,1069117504,0.010669610007358221
2023-06-06,27.45,28.25,27.21,28.05,2094047104,0.02111394248270848
2023-06-07,28.65,29.06,28.43,28.87,2356196864,0.02923351158645282
2023-06-09,29.1,30.39,29.02,30.28,2372999424,0.048839625909248285
2023-06-12,30.22,30.99,30.04,30.81,3623622656,0.017503302509907392
2023-06-13,29.24,29.24,28.59,28.86,2275128576,-0.06329113924050633
2023-06-14,28.94,30.1,28.88,30.1,2910194176,0.042966042966043005
2023-06-15,30.2,30.85,29.28,29.39,3613785856,-0.023588039867109667
2023-06-16,29.23,29.92,29.04,29.64,2792422912,0.008506294658046976
2023-06-19,29.63,30.46,29.55,30.42,1039905088,0.026315789473684292
2023-06-20,30.3,30.75,29.9,30.57,1685415808,0.004930966469427922
2023-06-21,30.93,32.0,30.85,31.85,2808701440,0.04187111547268563
2023-06-22,31.46,31.69,31.08,31.45,1344642816,-0.012558869701726927
2023-06-23,31.2,31.28,29.89,30.16,2303505152,-0.04101748807631156
2023-06-26,30.12,31.05,30.12,30.84,1641690752,0.022546419098143256
2023-06-27,30.93,31.2,30.34,30.6,1480728960,-0.0077821011673151474
2023-06-28,30.58,31.18,30.55,30.89,1133836416,0.009477124183006502
2023-06-29,31.0,31.12,30.76,31.03,984181056,0.004532211071544223
2023-06-30,31.0,31.08,29.32,29.53,3104383744,-0.04834031582339671
2023-07-03,29.72,30.18,29.72,30.08,935613184,0.01862512698950214
2023-07-04,29.96,30.39,29.96,30.15,549555840,0.002327127659574435
2023-07-05,30.16,30.55,29.66,30.11,1607685760,-0.001326699834162448
2023-07-06,29.85,30.0,29.15,29.65,1404347136,-0.015277316506144167
2023-07-07,29.76,30.2,29.36,29.5,1638439680,-0.005059021922428242
2023-07-10,29.11,29.67,29.01,29.55,748560128,0.0016949152542373724
2023-07-11,29.53,29.53,29.0,29.15,1184678912,-0.013536379018612599
2023-07-12,29.2,29.77,29.14,29.17,1172906368,0.0006861063464838058
2023-07-13,29.07,29.72,29.04,29.63,1054461440,0.015769626328419495
2023-07-14,29.5,29.58,28.86,29.05,995174400,-0.019574755315558523
2023-07-17,28.41,29.09,27.95,28.99,1485461248,-0.002065404475043109
2023-07-18,29.0,29.2,28.71,28.83,1025957888,-0.0055191445325974975
2023-07-19,28.81,29.13,28.57,29.1,1340432256,0.009365244536940764
2023-07-20,29.07,29.35,28.88,29.13,964321536,0.0010309278350515427
2023-07-21,29.15,29.86,29.13,29.68,1525242624,0.018880878819086844
2023-07-24,29.8,30.41,29.76,30.3,1361960832,0.02088948787062006
2023-07-25,30.5,31.05,30.2,31.0,1726156928,0.02310231023102305
2023-07-26,30.95,31.22,30.63,31.0,1409743872,0.0
2023-07-27,30.85,30.89,29.38,29.39,2580249600,-0.05193548387096769
2023-07-28,29.43,29.95,29.32,29.76,1289607680,0.012589316093909453
2023-07-31,30.3,31.15,30.3,31.11,2804824576,0.04536290322580627
2023-08-01,31.09,31.09,29.95,30.6,2305452288,-0.016393442622950727
2023-08-02,30.51,30.58,29.8,30.53,1859106816,-0.002287581699346397
2023-08-03,30.93,31.13,30.62,30.92,1761030400,0.012774320340648515
2023-08-04,30.7,31.14,29.74,30.0,3644217088,-0.02975420439844767
2023-08-07,29.86,30.5,29.86,30.19,1351615744,0.006333333333333302
2023-08-08,29.91,30.39,29.72,30.22,1044199104,0.0009937065253393662
2023-08-09,30.21,30.72,30.16,30.46,1476476800,0.00794176042356054
2023-08-10,30.3,30.86,30.12,30.63,1629206400,0.005581089954038054
2023-08-11,30.61,31.04,30.16,30.56,1202244992,-0.002285341168788757
2023-08-14,30.48,30.74,30.27,30.64,849996032,0.002617801047120505
2023-08-15,32.05,32.15,30.85,30.86,2748738304,0.007180156657963455
2023-08-16,31.0,31.98,30.88,31.54,2348461312,0.022034996759559222
2023-08-17,31.75,32.19,31.31,31.44,1822425088,-0.003170577045022105
2023-08-18,31.41,31.68,31.18,31.52,1419974144,0.0025445292620864812
2023-08-21,31.7,32.03,30.97,31.3,1315645696,-0.006979695431472033
2023-08-22,30.5,30.61,30.24,30.61,948624896,-0.02204472843450478
2023-08-23,31.2,32.24,31.09,32.24,3020407552,0.05325057170859204
2023-08-24,32.27,32.72,31.84,32.19,1590226560,-0.0015508684863524413
2023-08-25,32.38,32.47,31.8,31.97,1089527296,-0.0068344206275240404
2023-08-28,32.1,32.34,31.86,32.33,800608832,0.011260556771973684
2023-08-29,32.4,32.5,31.99,32.4,1304642432,0.0021651716671822197
2023-08-30,32.41,32.7,32.3,32.62,1123977856,0.006790123456790198
2023-08-31,32.71,32.79,31.88,31.94,1571358464,-0.020846106683016452
2023-09-01,32.21,32.69,31.96,32.63,1617647616,0.02160300563556672
2023-09-04,32.68,32.72,32.21,32.29,699140160,-0.01041985902543685
2023-09-05,32.27,33.49,32.22,33.37,2472427776,0.03344688758129455
2023-09-06,33.35,33.8,33.22,33.52,1933109120,0.0044950554390172925
2023-09-08,33.48,33.67,33.26,33.4,1297629056,-0.0035799522673032325
2023-09-11,33.47,33.69,33.33,33.37,1010645056,-0.0008982035928144505
2023-09-12,33.55,33.78,33.49,33.53,1071549248,0.004794725801618327
2023-09-13,33.65,33.7,33.03,33.03,1581490048,-0.014912019087384376
2023-09-14,33.1,34.0,33.1,33.87,1565497216,0.025431425976385036
2023-09-15,33.87,33.99,33.61,33.89,1830030976,0.000590493061706665
2023-09-18,34.0,34.71,33.85,34.13,1792637952,0.007081735025081137
2023-09-19,34.21,34.62,34.07,34.21,1482030720,0.002343978904189914
2023-09-20,34.15,34.61,34.01,34.29,1339019008,0.002338497515346427
2023-09-21,34.0,34.29,33.63,33.76,2036562944,-0.015456401283172938
2023-09-22,34.02,34.19,33.81,34.03,1053104576,0.007997630331753713
2023-09-25,33.95,34.33,33.93,34.25,909612544,0.006464883925947573
2023-09-26,34.0,34.09,33.46,33.46,2042406272,-0.023065693430656897
2023-09-27,33.86,34.52,33.78,34.52,1829954176,0.0316796174536762
2023-09-28,34.45,34.54,34.21,34.45,1054204544,-0.002027809965237548
2023-09-29,34.5,34.69,34.25,34.64,1381845248,0.005515239477503542
2023-10-02,34.55,34.77,33.93,34.12,1172436608,-0.01501154734411092
2023-10-03,33.97,34.23,33.63,33.97,1277532672,-0.004396248534583758
2023-10-04,33.6,33.71,32.39,32.62,2890048000,-0.03974094789520166
2023-10-05,32.51,32.94,32.29,32.73,1148172288,0.0033721643163702186
2023-10-06,32.6,33.82,32.33,33.51,1587682048,0.02383134738771764
2023-10-09,34.15,35.08,34.1,34.95,2682288384,0.04297224709042102
2023-10-10,34.9,35.34,34.74,35.21,1690085248,0.0074391988555078115
2023-10-11,35.14,35.25,34.49,35.12,1441898624,-0.002556092019312839
2023-10-13,35.79,36.36,35.78,36.28,2413940736,0.03302961275626437
2023-10-16,36.4,36.8,35.96,36.68,1804604544,0.011025358324145529
2023-10-17,36.7,37.67,36.63,37.67,2550810368,0.026990185387131937
2023-10-18,37.99,38.61,37.91,38.52,3283886592,0.022564374834085577
2023-10-19,38.36,38.47,37.92,38.34,2135177728,-0.004672897196261627
2023-10-20,38.69,38.86,37.39,37.85,2501883136,-0.012780386019822676
2023-10-23,36.59,36.8,35.26,35.35,3741894912,-0.06605019815059443
2023-10-24,35.65,36.19,35.17,35.88,2804340992,0.014992927864215133
2023-10-25,36.08,36.28,35.75,36.07,1179191296,0.005295429208472591
2023-10-26,35.85,35.93,35.15,35.7,1688115840,-0.010257831993346178
2023-10-27,36.21,36.46,35.17,35.44,1628909696,-0.007282913165266303
2023-10-30,35.58,35.72,34.86,35.08,1096384000,-0.010158013544018019
2023-10-31,35.01,35.18,34.49,34.74,1278726528,-0.009692132269099152
2023-11-01,35.02,35.54,34.9,35.12,1616470784,0.01093839953943565
2023-11-03,35.79,35.89,35.05,35.54,1094943360,0.011958997722095743
2023-11-06,35.74,36.13,35.51,35.51,1201925120,-0.0008441193021947457
2023-11-07,35.07,35.42,34.66,34.92,1708131840,-0.016615038017459782
2023-11-08,34.6,34.8,33.91,34.17,2046125824,-0.021477663230240585
2023-11-09,34.5,35.15,34.36,34.88,1956328192,0.020778460637986607
2023-11-10,34.66,35.06,34.51,34.72,1392053120,-0.004587155963302836
2023-11-13,34.68,35.75,34.67,35.69,1562720896,0.027937788018433052
2023-11-14,35.69,36.24,35.49,36.18,1826351488,0.013729335948444943
2023-11-16,35.98,36.49,35.5,35.55,2591859968,-0.017412935323383172
2023-11-17,35.83,36.92,35.82,36.71,3138326272,0.03263009845288334
2023-11-20,36.77,37.22,36.27,36.74,2495993344,0.0008172160174340082
2023-11-21,36.54,36.54,35.91,36.5,1798958336,-0.0065323897659227415
2023-11-22,34.9,35.16,34.25,35.16,2036743936,-0.03671232876712338
2023-11-23,35.13,35.25,34.81,35.17,844375744,0.00028441410693980096
2023-11-24,34.98,35.82,34.71,35.27,1884620032,0.0028433323855558967
2023-11-27,35.0,35.4,34.75,35.07,1296027776,-0.0056705415367168666
2023-11-28,35.17,35.62,35.15,35.6,1307156608,0.015112631879099059
2023-11-29,35.9,36.03,34.94,35.23,1324158464,-0.010393258426966367
2023-11-30,35.46,35.92,35.24,35.91,2101212032,0.01930173147885328
2023-12-01,35.72,36.0,35.53,35.67,1301305472,-0.006683375104427625
2023-12-04,35.44,35.55,34.85,34.91,1250337408,-0.021306419960751444
2023-12-05,34.92,35.17,34.68,34.75,1507277184,-0.004583213978802569
2023-12-06,34.55,34.8,33.5,33.5,2179012352,-0.03597122302158273
2023-12-07,33.65,34.18,33.04,33.42,2171476224,-0.002388059701492473
2023-12-08,33.71,34.54,33.48,34.49,1817485952,0.0320167564332734
2023-12-11,34.46,34.69,34.24,34.36,1054738176,-0.003769208466222196
2023-12-12,34.55,34.6,33.8,34.08,1032905600,-0.008149010477299212
2023-12-13,34.21,34.62,34.14,34.57,1341249792,0.014377934272300497
2023-12-14,35.0,35.74,34.84,35.32,2046271360,0.02169511136823843
2023-12-15,35.28,35.79,35.0,35.4,1991513728,0.0022650056625141968
2023-12-18,35.75,36.3,35.58,35.84,1600814976,0.01242937853107362
2023-12-19,35.96,36.25,35.81,36.25,1161017344,0.011439732142856984
2023-12-20,36.37,36.74,36.29,36.38,1421152512,0.003586206896551758
2023-12-21,36.67,36.68,36.07,36.39,1110626560,0.00027487630566236376
2023-12-22,36.5,36.8,36.37,36.74,1144343680,0.009618026930475532
2023-12-26,36.86,37.37,36.83,37.33,872362880,0.016058791507893133
2023-12-27,37.32,37.43,37.13,37.36,730576896,0.000803643182426983
2023-12-28,37.23,37.36,37.04,37.24,797820608,-0.0032119914346894207
2024-01-02,37.44,37.89,37.4,37.78,905513856,0.014500537056927998
2024-01-03,37.8,39.12,37.67,38.96,2016962816,0.03123345685547907
2024-01-04,39.12,39.35,38.51,38.63,1768450816,-0.008470225872689863
2024-01-05,38.87,39.14,38.41,38.72,1388296960,0.002329795495728648
2024-01-08,38.38,38.43,37.61,38.43,1336206080,-0.007489669421487544
2024-01-09,38.67,38.75,38.03,38.1,1043653504,-0.00858704137392663
2024-01-10,38.1,38.27,37.51,37.75,1034479232,-0.009186351706036766
2024-01-11,37.98,38.15,37.7,38.07,1008256448,0.008476821192052952
2024-01-12,38.5,38.73,38.17,38.17,940340480,0.0026267402153927755
2024-01-15,37.99,38.62,37.86,38.58,530157216,0.010741419963321786
2024-01-16,38.61,38.79,38.08,38.1,1197258496,-0.01244167962674958
2024-01-17,37.97,38.15,37.82,37.88,1046707200,-0.005774278215223028
2024-01-18,38.14,38.14,37.56,37.73,868209280,-0.003959873284055115
2024-01-19,37.81,37.9,37.23,37.53,1161928448,-0.005300821627352126
2024-01-22,37.5,37.81,37.23,37.7,856092352,0.004529709565680884
2024-01-23,37.84,38.37,37.43,38.17,1233321472,0.012466843501326208
2024-01-24,38.29,38.54,37.77,37.88,969269504,-0.007597589730154564
2024-01-25,38.26,39.28,38.13,39.28,1888134656,0.03695881731784589
2024-01-26,39.1,40.09,38.91,39.96,1643702016,0.01731160896130346
2024-01-29,40.0,40.59,39.83,40.57,1229425664,0.015265265265265171
2024-01-30,40.17,40.74,40.05,40.32,1406317824,-0.0061621888094651744
2024-01-31,40.23,41.24,40.18,40.45,2358065920,0.0032242063492065043
2024-02-01,40.78,41.88,40.67,41.57,2548906752,0.027688504326328633
2024-02-02,41.58,41.78,41.02,41.03,1508064256,-0.012990137118114031
2024-02-05,41.01,41.68,40.93,41.21,1144199552,0.0043870338776506035
2024-02-06,41.45,42.35,41.27,41.59,1485299328,0.00922106284882318
2024-02-07,41.52,42.2,41.42,42.2,1284316288,0.014666987256552133
2024-02-08,42.3,42.45,41.86,41.86,1077965824,-0.00805687203791472
2024-02-09,42.14,42.33,41.3,41.3,1266014336,-0.013377926421404784
2024-02-14,41.1,41.4,40.86,40.99,752816960,-0.007506053268764967
2024-02-15,41.01,42.3,40.85,42.3,1383401088,0.03195901439375448
2024-02-16,42.09,42.89,42.06,42.69,1585876864,0.009219858156028327
2024-02-19,42.76,42.94,42.56,42.9,549069120,0.004919184820801226
2024-02-20,42.77,42.82,42.1,42.45,1796543104,-0.010489510489510412
2024-02-21,42.45,42.72,42.13,42.51,886083840,0.001413427561837377
2024-02-22,42.67,42.68,41.8,42.19,1354685184,-0.007527640555163528
2024-02-23,42.14,42.24,41.61,41.9,1843246592,-0.006873666745674356
2024-02-26,41.9,42.73,41.83,42.69,1099152768,0.018854415274462966
2024-02-27,42.7,42.82,42.38,42.63,1179241344,-0.0014054813773716202
2024-02-28,42.52,42.94,39.83,40.43,4621824512,-0.05160684963640638
2024-02-29,40.59,41.24,39.85,40.14,2496872448,-0.007172891417264404
2024-03-01,40.35,40.85,40.14,40.18,1264442368,0.0009965122072745913
2024-03-04,40.27,40.75,40.02,40.08,885866880,-0.002488800398208091
2024-03-05,40.1,40.37,39.61,39.96,1211310976,-0.0029940119760478723
2024-03-06,40.2,40.84,40.11,40.84,1843886848,0.022022022022022192
2024-03-07,40.64,40.94,40.28,40.39,2033633664,-0.011018609206660201
2024-03-08,35.9,37.06,35.1,36.12,8331543552,-0.10571923743500877
2024-03-11,35.67,37.74,35.3,35.65,4592665088,-0.013012181616832708
2024-03-12,36.35,37.23,36.16,36.82,2787586560,0.032819074333800824
2024-03-13,36.9,37.33,36.31,36.38,1642276352,-0.01195002715915261
2024-03-14,36.74,36.92,36.15,36.22,1446722304,-0.0043980208905993745
2024-03-15,36.3,36.45,35.94,36.32,2127897856,0.002760905577029238
2024-03-18,36.41,36.72,35.5,36.34,1268108288,0.0005506607929515184
2024-03-19,36.39,36.85,35.56,36.07,1754989312,-0.007429829389102971
2024-03-20,36.23,36.74,35.81,36.7,1408092160,0.017466038258941108
2024-03-21,36.85,37.06,35.68,35.7,1693760512,-0.027247956403269713
2024-03-22,35.9,36.22,35.43,36.05,1232703360,0.009803921568627194
2024-03-25,36.18,36.83,36.16,36.6,978705920,0.015256588072122268
2024-03-26,36.67,36.67,36.17,36.26,899146560,-0.009289617486338941
2024-03-27,36.28,36.66,36.12,36.55,701371776,0.007997793712079426
2024-03-28,36.5,37.52,36.47,37.36,1182146048,0.022161422708618428
2024-04-01,37.5,37.71,37.21,37.65,881745088,0.0077623126338328685
2024-04-02,37.82,38.65,37.77,38.62,1750847488,0.02576361221779555
2024-04-03,38.7,39.01,38.22,38.42,1208136832,-0.005178663904712444
2024-04-04,38.47,39.48,37.43,37.88,6367122432,-0.014055179593961409
2024-04-05,37.9,38.57,37.17,38.1,2479046656,0.0058078141499471325
2024-04-08,38.03,39.06,37.73,38.63,1390594304,0.013910761154855678
2024-04-09,38.9,39.14,38.06,38.73,1417381760,0.0025886616619206215
2024-04-10,38.73,39.73,38.66,39.59,2193265408,0.022205009036922352
2024-04-11,39.6,39.76,39.2,39.3,1301865472,-0.0073250820914373405
2024-04-12,39.72,40.05,38.7,38.94,1555421312,-0.009160305343511421
2024-04-15,38.94,39.45,38.63,39.31,1118630784,0.009501797637391007
2024-04-16,39.01,39.71,38.95,39.49,1462005504,0.004578987534978429
2024-04-17,39.49,39.95,39.34,39.78,1548726016,0.007343631299063125
2024-04-18,40.0,40.59,39.65,39.85,1803229952,0.0017596782302664593
2024-04-19,40.05,41.07,39.84,40.53,3264710912,0.017063989962358805
2024-04-22,40.76,41.59,40.52,41.5,2125803392,0.023932889217863185
2024-04-23,41.4,41.63,40.96,41.42,1461659136,-0.001927710843373398
2024-04-24,41.55,41.99,41.21,41.23,1870159232,-0.004587155963302836
2024-04-25,41.4,42.48,41.08,42.22,2750959872,0.02401164200824657
2024-04-26,41.29,41.78,41.07,41.41,1314218112,-0.019185220274751336
2024-04-29,41.48,42.15,41.32,42.15,1158983808,0.017870079690895935
2024-04-30,42.0,42.21,41.62,42.02,1530041472,-0.0030842230130485593
2024-05-02,42.25,42.38,41.84,42.18,1395319424,0.0038077106139933203
2024-05-03,40.69,40.69,39.45,39.89,1794633216,-0.054291133238501654
2024-05-06,39.87,40.36,39.72,40.16,917895552,0.006768613687640812
2024-05-07,40.15,40.65,40.0,40.65,955122816,0.012201195219123662
2024-05-08,40.35,41.33,40.31,41.27,1031237440,0.01525215252152523
2024-05-09,41.06,41.84,40.94,41.67,1122400256,0.009692270414344506
2024-05-10,41.84,42.09,41.5,41.58,1163809664,-0.002159827213823018
2024-05-13,41.74,41.97,41.51,41.62,762258880,0.0009620009620008307
2024-05-14,40.76,41.3,40.16,40.87,2184905472,-0.0180201826045171
2024-05-15,37.6,38.81,37.5,38.4,4999401472,-0.0604355272816246
2024-05-16,38.3,38.65,37.24,37.31,3111753472,-0.028385416666666607
2024-05-17,37.35,37.42,36.51,36.69,2464543744,-0.016617528812650884
2024-05-20,36.73,37.24,36.63,36.75,1480026112,0.0016353229762879895
2024-05-21,36.79,37.09,36.57,36.68,1024662144,-0.0019047619047619646
2024-05-22,36.5,37.46,36.41,37.18,1345374976,0.0136314067611778
2024-05-23,37.44,37.71,36.57,36.81,1771150720,-0.009951586874663687
2024-05-24,37.07,37.19,36.57,36.61,866310848,-0.005433306166802598
2024-05-27,36.72,37.08,36.69,37.01,497696256,0.010925976509150503
2024-05-28,37.44,38.29,37.41,37.8,1750138496,0.02134558227506078
2024-05-29,37.71,37.92,37.44,37.75,1097863424,-0.001322751322751281
2024-05-31,37.93,38.89,37.9,38.79,2074212096,0.027549668874172095
2024-06-03,38.83,38.93,38.44,38.58,1673315456,-0.005413766434648082
2024-06-04,38.4,38.43,37.7,38.15,1284612992,-0.011145671332296492
2024-06-05,38.26,38.43,38.07,38.2,710173696,0.001310615989515096
2024-06-06,38.28,38.72,38.27,38.38,997298688,0.0047120418848167755
2024-06-07,38.22,38.47,36.86,36.94,1719108096,-0.0375195414278271
2024-06-10,37.19,38.06,37.12,37.5,1224311680,0.015159718462371519
2024-06-11,37.81,38.0,37.5,37.66,1163731584,0.004266666666666641
2024-06-12,36.95,37.05,35.61,35.82,1878667264,-0.04885820499203386
2024-06-13,35.9,36.19,34.85,35.46,1634750336,-0.01005025125628134
2024-06-14,35.49,35.5,34.15,34.68,1863216000,-0.021996615905245376
2024-06-17,34.41,35.13,34.27,34.81,1419062784,0.003748558246828182
2024-06-18,34.89,36.14,34.82,35.9,1284384640,0.03131284113760402
2024-06-19,35.9,36.12,35.57,35.93,741161408,0.0008356545961003548
2024-06-20,36.22,36.89,36.2,36.5,1438520064,0.015864180350681822
2024-06-21,36.55,36.96,36.38,36.72,1578758912,0.0060273972602740145
2024-06-24,36.84,37.06,36.48,37.06,898624000,0.0092592592592593
2024-06-25,37.05,37.12,36.76,37.03,682661056,-0.0008094981111711474
2024-06-26,36.8,37.12,36.71,37.09,941333056,0.0016203078584930974
2024-06-27,37.51,37.96,37.32,37.71,1416646016,0.016716095982744594
2024-06-28,37.8,38.17,37.71,38.05,834983744,0.009016176080615113
2024-07-01,38.31,38.76,38.18,38.63,960322112,0.015243101182654595
2024-07-02,38.83,39.1,38.44,38.51,1287022208,-0.0031063939943050123
2024-07-03,38.7,38.79,37.76,37.84,1460343168,-0.017398078421189123
2024-07-04,37.9,37.96,37.12,37.32,1212868992,-0.01374207188160681
2024-07-05,37.45,37.65,37.11,37.52,1222219264,0.005359056806002238
2024-07-08,37.48,38.52,37.29,38.44,1856925056,0.024520255863539342
2024-07-09,38.45,38.7,38.27,38.43,1335322112,-0.0002601456815816139
2024-07-10,38.49,38.56,37.98,38.07,1254031616,-0.00936768149882905
2024-07-11,38.16,38.45,38.11,38.33,656278976,0.00682952456002095
2024-07-12,38.43,38.51,38.14,38.15,602981760,-0.0046960605270023326
2024-07-15,38.3,38.73,38.2,38.5,883492992,0.00917431192660545
2024-07-16,38.35,38.5,38.11,38.4,743922816,-0.0025974025974025983
2024-07-17,38.43,38.69,38.34,38.6,934149376,0.005208333333333481
2024-07-18,38.5,38.66,38.35,38.53,807182144,-0.0018134715025907022
2024-07-19,38.5,38.77,38.39,38.69,1157665408,0.004152608357124166
2024-07-22,38.59,38.59,37.88,37.92,978887040,-0.0199017834065649
2024-07-23,37.92,38.0,37.43,37.43,944488640,-0.012921940928270148
2024-07-24,37.66,38.0,37.5,37.73,896331072,0.008014961261020526
2024-07-25,37.56,37.75,37.27,37.68,732538368,-0.0013252054068380037
2024-07-26,37.67,38.13,37.42,37.64,1201819136,-0.0010615711252653925
2024-07-29,37.51,37.72,36.42,36.88,1460086272,-0.020191285866099862
2024-07-30,36.51,36.77,36.39,36.65,582497472,-0.006236442516269092
2024-07-31,37.05,37.41,36.96,37.41,1056583360,0.020736698499317807
2024-08-01,37.75,37.83,36.79,36.84,1103449984,-0.01523656776263016
2024-08-02,36.72,36.8,35.73,35.73,1310368640,-0.030130293159609245
2024-08-05,34.8,35.7,34.6,35.7,1564835200,-0.0008396305625523182
2024-08-06,35.6,36.66,35.34,36.32,1289318400,0.017366946778711423
2024-08-07,36.7,36.75,36.0,36.27,904915200,-0.001376651982378796
2024-08-08,36.35,36.95,36.16,36.85,1089820288,0.01599117728149979
2024-08-09,36.13,36.95,35.58,36.51,2399580928,-0.009226594301221303
2024-08-12,36.8,37.81,36.8,37.34,1475217280,0.02273349767187094
2024-08-13,37.53,37.63,36.97,37.11,1059650112,-0.006159614354579679
2024-08-14,37.19,38.0,37.16,37.76,1399498112,0.01751549447588241
2024-08-15,38.05,38.56,38.0,38.34,1269042176,0.015360169491525522
2024-08-16,38.17,38.77,38.03,38.5,1353248768,0.004173187271778733
2024-08-19,38.6,38.79,38.4,38.44,1080507648,-0.0015584415584416478
2024-08-20,38.5,38.68,37.89,38.29,1041790528,-0.0039021852237252075
2024-08-21,38.68,38.79,37.94,38.06,1461643520,-0.00600679028466955
2024-08-22,37.28,37.3,36.86,37.12,971608960,-0.024697845507094196
2024-08-23,37.37,37.53,36.89,36.89,1072471616,-0.006196120689655138
2024-08-26,37.86,39.61,37.71,39.57,3970587904,0.0726484142043915
2024-08-27,39.25,39.37,38.95,39.04,1368748032,-0.013393985342431192
2024-08-28,38.94,39.86,38.78,39.6,1705244160,0.014344262295082011
2024-08-29,39.65,39.83,39.28,39.33,999300608,-0.006818181818181945
2024-08-30,39.22,39.65,38.88,39.37,3319752704,0.0010170353419780565
2024-09-02,39.33,39.4,38.89,39.0,592838144,-0.009398018796037522
2024-09-03,38.79,38.82,38.38,38.53,1378985600,-0.01205128205128203
2024-09-04,38.74,38.92,38.52,38.54,1111979136,0.00025953802232026035
2024-09-05,38.65,38.89,38.3,38.3,1004704448,-0.00622729631551644
2024-09-06,38.37,38.45,37.47,37.55,1241400960,-0.019582245430809442
2024-09-09,37.84,38.25,37.61,37.96,1153804160,0.010918774966711231
2024-09-10,37.92,37.92,37.0,37.33,1387271296,-0.016596417281348863
2024-09-11,37.76,37.83,36.87,37.29,1218388224,-0.0010715242432359773
2024-09-12,37.29,37.32,36.75,36.87,812822272,-0.011263073209975882
2024-09-13,37.11,37.55,36.59,36.7,1282531456,-0.00461079468402481
2024-09-16,37.24,37.72,37.16,37.21,840644672,0.013896457765667503
2024-09-17,37.17,37.19,36.7,37.04,861818816,-0.004568664337543771
2024-09-18,36.91,36.93,36.15,36.15,1401579136,-0.024028077753779686
2024-09-19,36.57,36.78,36.19,36.27,906868736,0.003319502074689007
2024-09-20,36.27,36.4,36.07,36.26,1745214976,-0.0002757099531294216
2024-09-23,36.39,36.96,36.22,36.63,1032484096,0.010204081632653184
2024-09-24,37.23,37.31,36.72,36.78,1285045760,0.004095004095004073
2024-09-25,37.1,37.43,36.96,37.05,1433591552,0.007340946166394691
2024-09-26,36.92,36.92,35.97,36.25,2097722240,-0.021592442645074095
2024-09-27,36.38,36.38,35.93,36.11,1245449984,-0.003862068965517218
2024-09-30,36.16,36.28,35.92,36.01,759085888,-0.002769315978953246
2024-10-01,36.01,37.52,35.83,36.97,1832684032,0.02665926131630103
2024-10-02,37.75,37.93,37.35,37.48,1202946816,0.013794968893697579
2024-10-03,37.44,38.04,37.21,37.94,1167831168,0.01227321237993606
2024-10-04,38.15,38.2,37.67,37.84,850827648,-0.0026357406431205543
2024-10-07,38.04,38.38,37.9,38.37,1387051776,0.01400634249471433
2024-10-08,37.8,37.87,37.31,37.6,1275899136,-0.020067761271826856
2024-10-09,37.37,37.52,37.01,37.22,1138602112,-0.01010638297872346
2024-10-10,37.4,37.74,37.32,37.65,770935744,0.01155292853304668
2024-10-11,37.6,37.65,37.32,37.62,611889280,-0.0007968127490040056
2024-10-14,37.47,37.9,37.35,37.71,824641792,0.0023923444976077235
2024-10-15,37.21,37.41,37.06,37.4,1045810304,-0.00822063113232574
2024-10-16,37.55,37.58,37.19,37.21,855299200,-0.005080213903743247
2024-10-17,37.21,37.21,36.69,36.93,811446912,-0.0075248589088955375
2024-10-18,36.98,37.07,36.41,36.83,1166799872,-0.002707825616030335
2024-10-21,37.0,37.05,36.2,36.25,1026247616,-0.015748031496062964
2024-10-22,36.2,36.3,35.99,36.11,1048804928,-0.003862068965517218
2024-10-23,35.91,35.94,35.57,35.66,1095660160,-0.012461921905289497
2024-10-24,35.85,36.03,35.56,35.9,823450688,0.006730229949523325
2024-10-25,35.96,36.49,35.85,36.15,1163904000,0.0069637883008355494
2024-10-28,35.49,36.13,35.34,36.09,982666816,-0.0016597510373442814
2024-10-29,36.33,36.42,35.8,36.01,935078592,-0.0022166805209200557
2024-10-30,36.12,36.37,35.85,35.85,936386112,-0.004443210219383431
2024-10-31,35.87,36.05,35.63,35.91,913736832,0.0016736401673638213
2024-11-01,36.2,36.37,35.3,35.42,1083760768,-0.013645224171539794
2024-11-04,35.9,35.95,35.38,35.5,854956416,0.0022586109542630517
2024-11-05,35.5,35.6,35.03,35.39,848128768,-0.003098591549295704
2024-11-06,35.05,35.46,35.04,35.4,1003461248,0.0002825656965244061
2024-11-07,35.49,35.89,35.27,35.51,1211937152,0.003107344632768294
2024-11-08,35.85,36.32,35.54,36.18,1790870528,0.018867924528301883
2024-11-11,35.99,36.42,35.9,36.25,777201856,0.001934770591486945
2024-11-12,36.36,37.11,36.34,36.93,1449617792,0.01875862068965506
2024-11-13,36.95,37.07,36.53,36.88,1257201280,-0.001353912808015112
2024-11-14,36.92,37.33,36.86,37.27,1116940544,0.010574837310195262
2024-11-18,37.2,38.3,37.2,38.2,1477902336,0.024953045344781266
2024-11-19,38.1,38.3,37.65,37.8,986719808,-0.010471204188481797
2024-11-21,37.97,38.13,37.55,37.91,1366688128,0.0029100529100529737
2024-11-22,38.71,39.83,38.47,39.42,3341017344,0.039831179108414716
2024-11-25,39.38,39.86,39.15,39.18,1617886720,-0.0060882800608828
2024-11-26,39.36,39.51,39.06,39.13,1380161280,-0.001276161306789092
2024-11-27,39.2,39.36,38.75,38.99,1194033664,-0.003577817531305927
2024-11-28,38.81,39.3,38.38,38.59,1284816896,-0.01025904077968709
2024-11-29,38.5,39.22,38.41,38.9,1710333184,0.008033169214822333
2024-12-02,38.9,39.4,38.77,39.15,1241220352,0.006426735218509005
2024-12-03,39.4,39.5,39.08,39.5,885679296,0.008939974457215838
2024-12-04,39.5,39.86,38.98,39.25,1243788928,-0.006329113924050667
2024-12-05,39.39,39.81,39.21,39.64,997943104,0.009936305732484163
2024-12-06,39.64,39.7,38.96,39.03,1214036992,-0.015388496468213941
2024-12-09,39.38,40.17,39.36,40.04,1137814400,0.02587753010504734
2024-12-10,40.3,40.43,40.11,40.19,879017728,0.0037462537462538137
2024-12-11,40.35,40.76,39.95,40.59,1896184320,0.009952724558347947
2024-12-12,38.72,38.89,38.12,38.34,1473704192,-0.055432372505543226
2024-12-13,38.6,38.73,37.92,38.1,883610048,-0.006259780907668322
2024-12-16,38.19,38.26,37.83,37.94,811849344,-0.004199475065616909
2024-12-17,37.94,38.49,37.83,38.3,1515529088,0.009488666315234484
2024-12-18,38.28,38.4,37.31,37.31,2195386368,-0.025848563968668303
2024-12-19,37.66,37.93,36.98,37.16,1615884288,-0.00402036987402854
2024-12-20,37.16,37.35,36.71,36.85,2185789952,-0.008342303552206554
2024-12-23,37.0,37.05,36.72,36.86,1615792512,0.0002713704206240841
2024-12-26,35.63,36.0,35.6,35.77,820716160,-0.029571351058057416
2024-12-27,36.0,36.0,35.61,35.66,864782144,-0.0030752026838134494
2024-12-30,35.78,36.37,35.77,36.19,808803456,0.014862591138530501
2025-01-02,36.42,37.09,36.19,36.77,1103499776,0.016026526664824736
2025-01-03,36.88,37.04,36.32,36.38,849388992,-0.010606472667935796
2025-01-06,36.6,36.69,36.06,36.21,861553152,-0.004672897196261738
2025-01-07,36.55,37.25,36.3,36.98,1391599360,0.02126484396575523
2025-01-08,36.99,37.12,36.43,36.68,898689984,-0.008112493239588847
2025-01-09,36.7,36.97,36.7,36.84,424513664,0.004362050163577047
2025-01-10,37.25,37.52,36.9,36.94,1499483392,0.00271444082518979
2025-01-13,37.3,37.53,36.97,37.07,852632256,0.0035192203573362058
2025-01-14,37.11,37.13,36.58,36.82,1074748544,-0.006743997841920701
2025-01-15,36.93,37.32,36.8,37.29,1207197056,0.012764801738185838
2025-01-16,37.21,37.24,36.77,37.05,988233600,-0.006436041834271933
2025-01-17,37.01,37.4,36.85,37.2,1479903744,0.004048582995951566
2025-01-20,37.22,37.43,37.11,37.29,518630784,0.0024193548387094754
2025-01-21,37.1,37.35,36.72,37.3,875290816,0.0002681684097611825
2025-01-22,37.36,37.63,37.03,37.09,815028288,-0.005630026809651301
2025-01-23,37.12,37.41,36.7,36.83,987785920,-0.007009975734699525
2025-01-24,36.88,36.9,36.4,36.64,592872576,-0.005158837903882607
2025-01-27,36.57,37.3,36.47,37.18,1103954560,0.014737991266375428
2025-01-28,37.4,37.49,36.88,37.13,1025648704,-0.0013448090371166455
2025-01-29,37.2,37.33,36.76,36.9,672416064,-0.0061944519256667
2025-01-30,37.04,37.51,36.8,37.39,1152753664,0.013279132791327974
2025-01-31,37.39,38.37,37.25,37.69,1401291392,0.008023535704733797
2025-02-03,37.76,37.81,37.38,37.5,934614336,-0.00504112496683462
2025-02-04,37.3,37.35,36.82,37.13,1272721920,-0.00986666666666658
2025-02-05,37.05,37.07,36.75,36.86,757726080,-0.007271747912739102
2025-02-06,36.84,37.12,36.7,36.79,645197568,-0.0018990775908844792
2025-02-07,36.86,37.03,36.37,36.58,783742528,-0.0057080728458820396
2025-02-10,36.81,37.03,36.72,36.83,644885696,0.006834335702569749
2025-02-11,37.01,37.09,36.68,36.83,612398336,0.0
2025-02-12,36.65,36.75,36.11,36.28,1357897472,-0.014933478142818313
2025-02-13,36.2,36.33,36.02,36.32,555661376,0.0011025358324145973
2025-02-14,36.44,37.58,36.4,37.44,1494749952,0.03083700440528636
2025-02-17,37.64,37.92,37.47,37.67,853126400,0.006143162393162482
2025-02-18,37.72,38.44,37.71,38.36,1683503488,0.018316963100610595
2025-02-19,38.11,38.66,37.87,38.44,1253113344,0.002085505735140769
2025-02-20,38.42,38.57,38.31,38.5,1023316224,0.0015608740894901274
2025-02-21,38.53,38.53,38.17,38.39,1152809728,-0.0028571428571428914
2025-02-24,38.5,38.51,37.8,38.12,1060942272,-0.007033081531648944
2025-02-25,38.12,38.44,37.83,37.95,1218042112,-0.004459601259181434
2025-02-26,38.25,38.25,37.75,37.95,1039918272,0.0
2025-02-27,36.36,36.74,35.48,36.61,4702489600,-0.03530961791831366
2025-02-28,36.49,36.55,35.81,35.93,1996931072,-0.0185741600655559
2025-03-05,35.02,35.11,34.55,34.62,1688097024,-0.03645978291121632
2025-03-06,34.81,35.12,34.03,34.26,1639541760,-0.010398613518197597
2025-03-07,34.29,34.93,34.23,34.63,971286784,0.010799766491535356
2025-03-10,34.58,34.62,34.0,34.62,1197264896,-0.0002887669650593061
2025-03-11,34.75,34.9,33.91,34.1,978278016,-0.015020219526285294
2025-03-12,34.16,34.4,33.96,34.1,686644544,0.0
2025-03-13,34.18,34.54,34.04,34.44,658408448,0.009970674486803333
2025-03-14,34.6,35.76,34.37,35.5,1458411648,0.030778164924506468
2025-03-17,35.61,36.41,35.6,36.16,1125498368,0.018591549295774445
2025-03-18,36.19,36.41,35.91,36.19,540424896,0.0008296460176990816
2025-03-19,36.27,36.33,36.03,36.16,763159296,-0.000828958275766789
2025-03-20,36.16,36.48,35.76,36.24,1684691328,0.0022123893805310324
2025-03-21,36.22,37.03,36.18,36.8,2233732864,0.015452538631346435
2025-03-24,36.7,36.94,36.5,36.75,738337472,-0.0013586956521738358
2025-03-25,36.85,37.52,36.63,37.04,1040410816,0.00789115646258498
2025-03-26,37.15,37.63,37.15,37.39,1005462208,0.009449244060475204
2025-03-27,37.43,37.97,37.39,37.67,1071805376,0.007488633324418403
2025-03-28,37.65,37.88,37.09,37.43,823014016,-0.0063711176002124725
2025-03-31,37.35,37.64,37.08,37.16,970240832,-0.007213465134918606
2025-04-01,37.3,37.97,37.2,37.3,713421568,0.003767491926802924
2025-04-02,37.27,37.3,36.83,37.2,614027072,-0.002680965147452974
2025-04-03,36.15,36.3,35.61,36.0,2359854080,-0.032258064516129115
2025-04-04,34.74,35.01,33.81,34.55,2989594112,-0.04027777777777786
2025-04-07,33.92,34.56,33.11,33.18,2865869824,-0.039652677279305326
2025-04-08,33.7,33.94,31.88,32.0,2026454400,-0.035563592525617804
2025-04-09,31.31,33.58,31.04,33.3,3427959040,0.04062499999999991
2025-04-10,33.0,33.02,31.2,31.23,2259561472,-0.06216216216216208
2025-04-11,31.5,32.3,30.78,31.85,2056636160,0.019852705731668197
2025-04-14,32.6,32.88,31.44,31.73,1775022464,-0.003767660910518056
2025-04-15,31.73,31.87,30.98,31.0,1816189568,-0.023006618342262808
2025-04-16,31.29,31.47,30.85,31.0,2268826624,0.0
2025-04-17,30.67,31.18,30.46,30.85,2023472640,-0.004838709677419284
2025-04-22,30.8,31.25,30.33,30.92,1276721408,0.0022690437601295965
2025-04-23,31.35,31.78,30.5,30.57,2211821056,-0.011319534282018151
2025-04-24,30.81,30.84,30.06,30.43,1869870976,-0.004579653254825011
2025-04-25,30.34,30.73,30.2,30.52,1083974400,0.0029576076240551696
2025-04-28,30.56,30.78,30.25,30.4,829709696,-0.003931847968545288
2025-04-29,30.3,30.81,30.15,30.56,1005513728,0.0052631578947368585
2025-04-30,30.41,30.58,29.96,29.99,1582229376,-0.018651832460732987
2025-05-02,30.2,30.81,29.97,30.81,1001451712,0.027342447482494148
2025-05-05,30.57,30.62,29.66,29.66,1762813312,-0.03732554365465757
2025-05-06,30.11,30.39,29.96,30.15,1587870848,0.016520566419420124
2025-05-07,30.3,30.3,29.9,30.29,1053610304,0.004643449419568846
2025-05-08,30.59,31.03,30.45,30.71,1372439168,0.013865962363816431
2025-05-09,31.1,31.18,30.64,30.91,772395712,0.00651253663301854
2025-05-12,31.9,32.17,31.65,31.65,1699771008,0.023940472339048835
2025-05-13,31.77,32.25,31.35,32.13,1785827968,0.015165876777251341
2025-05-14,32.0,32.12,31.7,31.91,893436224,-0.006847183317771677
2025-05-15,31.7,32.09,31.59,31.87,1027204032,-0.0012535255405828893
2025-05-16,31.84,32.16,31.66,32.02,1509177088,0.0047066206463759475
2025-05-19,31.84,32.13,31.7,31.98,962141376,-0.0012492192379763845
2025-05-20,32.05,32.41,31.95,32.11,1071942912,0.004065040650406582
2025-05-21,32.21,32.39,31.69,31.75,915371072,-0.011211460604173107
2025-05-22,31.64,31.65,31.21,31.33,1318329728,-0.013228346456693019
2025-05-23,31.09,31.4,30.87,31.4,802998144,0.00223428024257899
2025-05-26,31.46,31.53,31.14,31.3,663738880,-0.0031847133757960666
2025-05-27,31.52,31.67,31.36,31.53,1080966656,0.007348242811501704
2025-05-28,31.67,31.72,31.43,31.43,959633024,-0.0031715826197272756
2025-05-29,31.48,31.5,31.05,31.24,647024192,-0.006045179764556208
2025-05-30,31.15,31.27,30.9,30.9,1392897408,-0.010883482714468595
2025-06-02,31.64,31.65,31.01,31.08,1090907392,0.005825242718446644
2025-06-03,29.88,30.3,29.39,30.18,1785982592,-0.0289575289575289
2025-06-04,30.24,30.45,29.27,29.35,1237960960,-0.027501656726308776
2025-06-05,29.5,29.64,29.21,29.36,696677824,0.0003407155025552111
2025-06-06,29.45,29.83,29.36,29.63,830208704,0.009196185286103553
2025-06-09,29.22,29.47,28.86,29.17,1275579392,-0.015524805939925668
2025-06-10,29.41,30.22,29.35,30.05,1384245120,0.03016798080219396
2025-06-11,30.3,31.16,30.3,31.05,1611366528,0.03327787021630613
2025-06-12,30.8,31.91,30.73,31.75,1626323712,0.02254428341384851
2025-06-13,33.11,33.17,32.17,32.53,2436676608,0.024566929133858384
2025-06-16,32.53,32.93,32.07,32.21,1470435456,-0.009837073470642443
2025-06-17,32.38,33.09,32.37,32.94,1891863808,0.022663769015833557
2025-06-18,32.96,33.21,32.49,32.91,1615250816,-0.0009107468123862317
2025-06-20,32.73,33.16,32.63,32.82,2790011904,-0.0027347310847765094
2025-06-23,33.29,33.34,31.81,32.0,1752714880,-0.02498476538695915
2025-06-24,31.29,31.84,31.14,31.37,1528693248,-0.01968749999999997
2025-06-25,31.32,31.54,31.21,31.21,721322112,-0.005100414408670706
2025-06-26,31.35,31.6,31.31,31.46,540711104,0.008010253123998723
2025-06-27,31.39,31.45,31.14,31.21,512795840,-0.007946598855689713
2025-06-30,31.21,31.49,31.1,31.38,721306240,0.005446972124319105
2025-07-01,31.45,31.57,31.26,31.49,533322816,0.0035054174633524227
2025-07-02,31.58,32.24,31.48,32.05,901119680,0.017783423308986857
2025-07-03,32.0,32.39,31.94,32.16,460331392,0.003432137285491299
2025-07-04,32.0,32.31,31.97,32.12,296566112,-0.0012437810945273853
2025-07-07,32.12,32.26,31.9,32.06,573905728,-0.0018679950186798466
2025-07-08,32.07,32.59,32.03,32.52,933414592,0.014348097317529618
2025-07-09,32.57,32.63,32.06,32.32,708752064,-0.006150061500615145
2025-07-10,32.01,32.43,31.72,32.24,739917184,-0.0024752475247524774
2025-07-11,32.2,32.7,32.15,32.63,778951936,0.012096774193548487
2025-07-14,32.63,32.77,32.12,32.2,776455616,-0.013178057002758203
2025-07-15,32.24,32.38,31.81,31.95,596344064,-0.007763975155279601
2025-07-16,31.9,31.95,31.47,31.79,872748480,-0.005007824726134591
2025-07-17,31.77,31.77,31.4,31.47,865074368,-0.010066058508965137
2025-07-18,31.4,31.6,30.6,30.99,1770652416,-0.015252621544327938
2025-07-21,30.89,31.28,30.77,31.05,508972896,0.0019361084220717029
2025-07-22,31.05,31.58,30.99,31.35,766913408,0.009661835748792313
2025-07-23,31.35,32.03,31.3,31.99,868291968,0.020414673046251997
2025-07-24,31.93,32.02,31.65,31.94,567322432,-0.0015629884338854705
2025-07-25,31.99,32.18,31.91,31.98,426543136,0.0012523481527864089
2025-07-28,32.16,32.43,31.68,32.02,897596288,0.001250781738586726
2025-07-29,32.19,32.6,31.99,32.44,1074502912,0.013116801998750649
2025-07-30,32.3,32.83,32.27,32.77,877627264,0.01017262638717642
2025-07-31,32.45,32.75,32.42,32.64,763451200,-0.003967043027159112
2025-08-01,32.8,32.91,32.04,32.21,774758528,-0.013174019607843146
2025-08-04,32.21,32.27,31.96,32.16,486136192,-0.001552312946290102
2025-08-05,32.13,32.41,32.03,32.31,664347584,0.004664179104477695
2025-08-06,32.6,32.94,32.19,32.35,1067740032,0.0012380068090374063
2025-08-07,32.64,32.85,32.43,32.53,685532032,0.005564142194744992
2025-08-08,31.5,32.05,30.53,30.53,3328240128,-0.06148170919151552
2025-08-11,30.71,31.03,30.58,30.72,859563584,0.006223386832623579
2025-08-12,30.79,31.27,30.65,30.8,1170875904,0.0026041666666667407
2025-08-13,30.8,30.86,30.41,30.57,1167891712,-0.007467532467532512
2025-08-14,30.73,30.73,30.02,30.18,1301420928,-0.012757605495583912
2025-08-15,30.1,30.22,29.74,30.17,1642552832,-0.0003313452617627055
2025-08-18,30.25,30.55,30.02,30.36,954976768,0.006297646668876222
2025-08-19,30.2,30.23,29.85,30.04,1175686912,-0.010540184453227908
2025-08-20,30.12,30.36,30.1,30.22,715141888,0.005992010652463353
2025-08-21,30.22,30.43,30.01,30.29,703038912,0.0023163467902052037
2025-08-22,29.89,30.47,29.8,30.47,1505402624,0.005942555298778407
2025-08-25,30.47,30.78,30.42,30.65,644521408,0.005907449950771193
2025-08-26,30.48,30.58,30.23,30.43,661099776,-0.007177814029363794
2025-08-27,30.45,30.68,30.36,30.66,497226560,0.007558330594807705
2025-08-28,30.78,31.13,30.71,30.93,796871616,0.008806262230919737
2025-08-29,30.93,31.35,30.85,31.1,861145984,0.005496281926931745
2025-09-01,31.2,31.37,31.05,31.17,305713728,0.0022508038585209444
2025-09-02,31.0,31.44,31.0,31.33,615848960,0.00513314084055172
2025-09-03,31.12,31.35,30.92,31.06,924942592,-0.00861793807851896
2025-09-04,31.0,31.32,30.93,31.06,771433984,0.0
2025-09-05,31.08,31.09,30.19,30.59,1408263040,-0.015132002575659942
2025-09-08,30.83,30.97,30.51,30.71,554694272,0.003922850604772821
2025-09-09,30.86,31.15,30.81,30.95,969113024,0.007815043959622292
2025-09-10,30.96,31.54,30.92,31.51,1124845568,0.01809369951534734
2025-09-11,31.3,31.48,31.27,31.39,549053504,-0.0038083148206918827
2025-09-12,31.45,31.7,31.16,31.18,603647872,-0.00669002867155144
2025-09-15,31.3,31.55,31.06,31.45,687065024,0.008659397049390671
2025-09-16,31.6,31.68,31.34,31.53,601347520,0.0025437201907789753
2025-09-17,31.54,31.79,31.46,31.72,919999168,0.00602600697748179
2025-09-18,31.77,31.82,31.19,31.41,804466048,-0.009773013871374525
2025-09-19,31.43,31.45,30.91,31.06,1515485696,-0.011142948105698824
2025-09-22,31.0,31.47,30.84,31.37,666560384,0.009980682549903586
2025-09-23,31.49,32.09,31.46,31.9,1269070336,0.016895122728721734
2025-09-24,32.16,32.63,32.06,32.62,1175293440,0.022570532915360486
2025-09-25,32.7,32.8,32.24,32.36,957898496,-0.00797057020232983
2025-09-26,32.49,32.74,32.15,32.25,901050112,-0.0033992583436340817
2025-09-29,32.26,32.54,31.73,31.81,1135753728,-0.013643410852713256
2025-09-30,31.69,31.9,31.16,31.46,1523860224,-0.011002829298962569
2025-10-01,31.45,31.55,31.3,31.38,778628864,-0.00254291163382081
2025-10-02,31.38,31.41,31.02,31.08,790133056,-0.009560229445506718
2025-10-03,31.16,31.33,31.0,31.0,611617984,-0.002574002574002532
2025-10-06,31.2,31.23,30.7,30.72,653362688,-0.00903225806451613
2025-10-07,30.72,30.86,30.35,30.83,889192000,0.0035807291666667407
2025-10-08,31.08,31.08,30.5,30.65,540249088,-0.005838469023678239
2025-10-09,30.66,30.84,30.19,30.21,691096064,-0.014355628058727476
2025-10-10,30.1,30.16,29.87,29.94,1500033792,-0.00893743793445878
2025-10-13,30.15,30.27,29.97,30.23,417551008,0.009686038744154857
2025-10-14,29.95,30.46,29.88,30.02,845997632,-0.0069467416473701915
2025-10-15,30.05,30.17,29.67,29.75,1198146432,-0.008994003997335076
2025-10-16,29.74,29.81,29.41,29.45,842521280,-0.010084033613445453
2025-10-17,29.5,29.95,29.31,29.73,1059313344,0.009507640067911716
2025-10-20,29.7,29.9,29.48,29.75,929663424,0.0006727211570802805
2025-10-21,29.96,29.99,29.47,29.51,752602880,-0.00806722689075623
2025-10-22,29.76,30.03,29.62,29.85,806354240,0.011521518129447683
2025-10-23,30.52,30.72,30.11,30.19,1214147712,0.011390284757119007
2025-10-24,30.3,30.45,29.81,29.84,729110016,-0.01159324279562779
2025-10-27,30.16,30.16,29.69,30.0,740870272,0.00536193029490617
2025-10-28,29.9,30.35,29.76,29.99,750767104,-0.00033333333333340764
2025-10-29,30.09,30.16,29.8,30.02,745536832,0.0010003334444814715
2025-10-30,29.92,30.16,29.76,29.89,674831552,-0.004330446369087193
2025-10-31,30.0,30.09,29.55,29.75,875942528,-0.004683840749414525
2025-11-03,29.88,30.47,29.8,30.1,1657721984,0.0117647058823529
2025-11-04,30.0,30.26,29.91,30.25,1053903040,0.004983388704318914
2025-11-05,30.3,30.95,30.21,30.85,1240577792,0.01983471074380172
2025-11-06,30.98,31.28,30.9,31.01,1350677504,0.005186385737439236
2025-11-07,31.22,32.18,30.85,32.18,3074416128,0.037729764592067117
2025-11-10,32.3,32.55,31.93,32.36,1326640896,0.005593536357986428
2025-11-11,32.54,33.44,32.45,33.2,2265670144,0.02595797280593337
2025-11-12,33.26,33.26,32.08,32.35,2194424832,-0.025602409638554202
2025-11-13,32.36,32.94,32.32,32.49,1257290880,0.004327666151468401
2025-11-14,32.6,33.17,32.58,32.7,898936512,0.006463527239150446
2025-11-17,32.76,33.08,32.73,32.88,2094900096,0.005504587155963359
2025-11-18,32.7,33.17,32.67,32.99,873730624,0.0033454987834549144
2025-11-19,32.8,32.98,32.54,32.82,1596428544,-0.005153076689906055
2025-11-21,32.56,32.74,32.36,32.57,1328591616,-0.007617306520414369
2025-11-24,32.56,32.75,32.36,32.54,1257534592,-0.000921093030396114
2025-11-25,32.35,32.44,32.09,32.28,917037312,-0.007990165949600447
2025-11-26,32.38,32.41,32.1,32.23,807759552,-0.0015489467162330683
2025-11-27,32.28,32.4,32.2,32.4,519702688,0.0052745888923364515
2025-11-28,32.27,32.31,31.29,31.79,1913290752,-0.018827160493827155
2025-12-01,31.95,32.17,31.57,31.85,939199360,0.0018873859704309215
2025-12-02,31.93,32.07,31.44,32.07,814105216,0.0069073783359496765
2025-12-03,32.15,32.5,32.15,32.31,1184249600,0.00748362956033688
2025-12-04,32.49,32.75,32.45,32.52,1075421824,0.006499535747446661
2025-12-05,32.5,32.91,31.37,31.37,2375238912,-0.035362853628536306
2025-12-08,31.57,31.99,31.49,31.66,958960704,0.00924450111571562
2025-12-09,31.61,31.9,31.33,31.86,756316288,0.006317119393556503
2025-12-10,31.88,31.99,31.54,31.94,703638848,0.0025109855618330457
2025-12-11,31.88,31.9,31.25,31.26,2040115712,-0.02128991859737006
2025-12-12,31.41,31.72,31.34,31.59,1249482240,0.01055662188099804
2025-12-15,31.68,31.9,31.59,31.7,1011776768,0.0034821145932257824
2025-12-16,31.53,31.53,30.61,30.74,1627883904,-0.030283911671924346
2025-12-17,30.86,31.08,30.82,31.08,1217701248,0.011060507482107962
2025-12-18,31.2,31.28,30.83,30.9,1065664384,-0.00579150579150578
2025-12-19,31.07,31.24,30.97,31.01,1418854528,0.0035598705501618255
2025-12-22,31.25,31.53,31.1,31.1,1122827264,0.00290228958400518
2025-12-23,30.55,30.57,30.2,30.31,1083686528,-0.025401929260450262
2025-12-26,30.31,30.43,30.12,30.41,610148864,0.0032992411745298433
2025-12-29,30.56,30.81,30.52,30.73,632053760,0.010522854324235498
2025-12-30,30.8,30.96,30.65,30.82,520806976,0.0029287341360233476
2026-01-02,30.96,30.96,30.36,30.71,661086848,-0.0035691109669045984
2026-01-05,30.7,30.77,29.73,30.2,1450604160,-0.0166069684141974
2026-01-06,30.37,30.43,29.62,29.64,1140089728,-0.018543046357615833
2026-01-07,29.67,29.83,29.53,29.83,834693888,0.0064102564102563875
2026-01-08,29.91,30.34,29.79,30.2,1027665024,0.012403620516258762
2026-01-09,30.17,30.74,30.14,30.3,849884672,0.0033112582781458233
2026-01-12,30.3,30.57,30.21,30.36,575738112,0.001980198019801982
2026-01-13,30.36,31.32,30.36,31.14,1676490240,0.025691699604743157
2026-01-14,31.35,32.53,31.2,31.99,2630708736,0.02729608220937685
2026-01-15,31.5,31.93,31.44,31.79,839753664,-0.006251953735542326
2026-01-16,31.95,32.2,31.88,32.04,2271736064,0.00786410821012895
2026-01-19,31.96,32.21,31.91,32.17,412547552,0.004057428214731651
2026-01-20,32.17,32.52,31.94,32.29,848998016,0.003730183400683762
2026-01-21,32.5,33.55,32.43,33.43,3097036032,0.03530504800247747
2026-01-22,33.38,34.13,33.26,33.58,2406899456,0.004486987735566883
2026-01-23,33.95,35.48,33.88,35.04,2385543424,0.04347826086956519
2026-01-26,35.37,35.7,35.04,35.36,1408230784,0.009132420091324311
2026-01-27,35.51,36.45,35.37,36.13,1709615872,0.021776018099547656
2026-01-28,36.55,37.44,36.5,37.34,1707344640,0.033490174370329306
2026-01-29,38.0,38.58,37.56,37.7,2230995200,0.009641135511515797
2026-01-30,37.23,37.98,37.02,37.76,1720729728,0.0015915119363394403
2026-02-02,36.85,37.24,36.62,37.24,1423311104,-0.013771186440677874
2026-02-03,37.51,38.32,37.14,37.58,2151739648,0.009129967776584147
2026-02-04,37.45,37.72,36.97,37.52,1418614400,-0.0015965939329429801
2026-02-05,37.4,37.61,36.9,37.0,1338177792,-0.013859275053304976
2026-02-06,37.21,37.27,36.45,36.65,1018777408,-0.009459459459459474
2026-02-09,36.66,37.45,36.55,37.32,1004576704,0.018281036834925102
2026-02-10,37.32,37.58,36.91,37.35,914656256,0.000803858520900258
2026-02-11,37.73,38.46,37.69,38.08,2129343232,0.019544846050870035
2026-02-12,38.05,38.05,36.8,37.11,1486758272,-0.025472689075630273
2026-02-13,37.16,37.16,36.53,36.89,1010596928,-0.005928321207221754
2026-02-18,37.07,37.39,36.85,37.19,1197746304,0.008132285172133269
2026-02-19,37.5,38.24,37.44,37.81,1832746496,0.01667114815810722
2026-02-20,37.67,37.97,37.45,37.97,1953452416,0.004231684739486763
2026-02-23,37.97,39.25,37.85,38.59,2130688384,0.016328680537266438
2026-02-24,38.86,39.66,38.86,39.57,1703501056,0.025395180098471082
2026-02-25,39.94,39.97,39.03,39.57,1028531008,0.0
2026-02-26,39.3,39.8,38.97,39.61,1179177472,0.0010108668182966518
2026-02-27,39.92,40.27,39.33,39.33,1537543552,-0.0070689219893966815
2026-03-02,41.3,41.53,40.52,41.13,3434243328,0.04576659038901609
2026-03-03,41.7,42.0,40.75,40.95,3871735552,-0.004376367614879695
2026-03-04,40.95,41.17,39.93,40.5,2053885312,-0.010989010989011061
2026-03-05,40.53,40.77,39.98,40.69,2146376704,0.004691358024691228
2026-03-06,41.9,43.12,41.42,42.11,3681383680,0.03489800933890397
2026-03-09,43.25,44.27,42.67,43.16,4643876352,0.02493469484682964
2026-03-10,42.31,43.1,42.03,42.93,2409591552,-0.005329008341056429
2026-03-11,43.25,44.88,43.23,44.8,3231558144,0.04355928255299313
2026-03-12,45.39,46.09,44.2,45.0,3874514944,0.0044642857142858094
2026-03-13,44.61,45.34,44.29,44.67,1899570944,-0.007333333333333303
2026-03-16,44.88,45.99,44.8,45.58,1834356736,0.020371614058652288
2026-03-17,45.85,47.26,45.8,46.38,2375139584,0.017551557700746123
2026-03-18,46.7,47.15,46.55,47.0,2575747072,0.013367830961621419
2026-03-19,47.2,48.13,46.69,46.78,4012333568,-0.004680851063829761
2026-03-20,46.79,47.25,44.92,45.67,3542865408,-0.02372808892689182
2026-03-23,44.42,46.18,44.32,46.03,2972660736,0.007882636303919499
2026-03-24,46.4,47.95,46.37,47.27,2690351616,0.026938952856832454
2026-03-25,46.5,47.55,46.3,47.5,1909454080,0.004865665326845736
2026-03-26,47.6,48.47,47.52,48.02,2874300160,0.010947368421052595
2026-03-27,48.5,49.44,48.13,49.41,2648211712,0.02894627238650549
2026-03-30,49.75,50.69,49.49,49.67,2567215872,0.005262092693786746
2026-03-31,50.07,50.55,47.65,48.67,3870779136,-0.020132876988121606
2026-04-01,47.7,48.07,46.77,47.37,3133429248,-0.026710499280871214
2026-04-02,49.3,49.46,47.94,48.15,1868762368,0.01646611779607343
2026-04-06,47.99,49.0,47.88,48.94,1346727424,0.0164070612668743
2026-04-07,49.09,49.56,48.4,48.51,1624208512,-0.008786268900694671
2026-04-08,44.7,46.64,44.53,46.61,3988670720,-0.0391671820243249
2026-04-09,47.54,48.55,47.03,47.9,2779096320,0.027676464278051816
2026-04-10,47.53,49.03,47.53,49.03,2069008256,0.023590814196242205
2026-04-13,49.75,50.24,49.25,49.78,3022888704,0.015296757087497559
2026-04-14,49.61,49.65,47.67,47.88,2811926272,-0.03816793893129766
2026-04-15,47.95,48.1,46.73,46.89,2920837376,-0.020676691729323293
2026-04-16,47.29,48.68,46.76,48.58,2622513920,0.03604179995734702
2026-04-17,46.5,46.55,44.87,46.22,4817976832,-0.048579662412515434
2026-04-20,47.24,47.48,46.51,47.02,1962870528,0.017308524448290896
2026-04-22,47.64,47.98,47.25,47.67,2423149568,0.013823904721395053
2026-04-23,47.36,48.08,46.9,47.77,1833310720,0.0020977554017200806
2026-04-24,47.5,47.52,46.45,47.16,1633497472,-0.012769520619635877
2026-04-27,47.22,48.17,47.17,47.37,1499569792,0.004452926208651453
2026-04-28,47.65,48.04,47.46,47.52,1400030976,0.0031665611146296513
2026-04-29,48.1,49.3,48.0,48.96,2316603648,0.030303030303030276
2026-04-30,48.81,49.38,48.29,49.08,1785899776,0.002450980392156854
2026-05-04,49.28,49.85,48.92,49.34,2033660800,0.0052974735126325445
2026-05-05,48.88,49.03,48.33,48.66,1364529024,-0.0137819213619782
2026-05-06,46.71,47.49,46.59,47.27,2919108352,-0.02856555692560614
2026-05-07,46.4,46.65,45.2,46.22,3264318720,-0.022212819970383046
2026-05-08,46.39,46.55,45.67,45.67,1508612480,-0.01189961055819988
2026-05-11,46.21,46.51,45.65,46.43,2335120128,0.01664112108605198
2026-05-12,46.25,46.25,45.4,45.68,3702525696,-0.016153349127719152
2026-05-14,44.46,45.37,44.38,45.0,2151874816,-0.01488616462346759
2026-05-15,45.39,45.54,44.98,45.47,2686630656,0.010444444444444478
2026-05-18,45.1,46.46,44.47,46.44,2616797952,0.021332746866065566
2026-05-19,45.99,46.3,45.59,46.09,1881267200,-0.007536606373815591
2026-05-20,45.77,46.41,44.54,44.6,2379030272,-0.03232805380776749
2026-05-21,45.1,45.65,44.5,44.95,2597851392,0.007847533632286963
2026-05-22,44.74,44.75,43.87,44.48,1754650624,-0.010456062291435031
2026-05-25,43.49,43.82,42.97,43.4,1148437888,-0.024280575539568305
2026-05-26,43.36,43.8,43.16,43.44,1564437248,0.0009216589861751334
2026-05-27,42.25,43.19,42.15,42.82,2297265152,-0.014272559852670286
2026-05-28,43.1,43.18,42.24,42.51,1595417344,-0.007239607659972003
2026-05-29,42.2,42.35,41.82,42.0,3077190912,-0.011997177134791759
