date,open,high,low,closed,vol,return,SMA_9,SMA_21,RSI
2010-02-03,34.05,34.18,33.73,34.04,546563520,-0.0017595307917889,34.25666666666667,35.53333333333334,32.203087925601565
2010-02-04,33.84,33.94,32.12,32.3,798045312,-0.0511163337250294,34.031111111111116,35.30952380952381,22.4452486626124
2010-02-05,31.8,32.27,30.72,31.52,911990336,-0.0241486068111453,33.67222222222222,35.0247619047619,19.580940575060282
2010-02-08,31.8,32.26,31.42,31.74,595332608,0.006979695431472,33.43222222222222,34.76714285714286,22.581836504496366
2010-02-09,32.2,32.68,32.1,32.24,585596672,0.015752993068683,33.224444444444444,34.542857142857144,29.060864323879784
2010-02-10,32.33,32.73,31.77,32.64,707089600,0.0124069478908188,33.00555555555556,34.343333333333334,33.83167099111189
2010-02-11,32.89,33.47,32.73,33.36,799493760,0.0220588235294116,32.91555555555556,34.200476190476195,41.462897353231746
2010-02-12,33.0,34.02,32.95,33.8,641149568,0.0131894484412469,32.86,34.08142857142857,45.592495911518235
2010-02-17,34.39,34.5,34.03,34.25,569344256,0.0133136094674557,32.876666666666665,34.01380952380952,49.51516836514924
2010-02-18,34.24,34.69,33.82,34.69,583635392,0.012846715328467,32.94888888888889,33.96333333333333,53.07746099539458
2010-02-19,34.42,34.65,34.16,34.35,409788960,-0.0098010954165465,33.17666666666666,33.85857142857143,50.133656365631474
2010-02-22,34.5,34.89,34.41,34.65,686616640,0.0087336244541484,33.52444444444445,33.77619047619048,52.630135866203396
2010-02-23,34.41,34.65,34.0,34.19,580570560,-0.0132756132756133,33.79666666666667,33.71619047619048,48.611482005736434
2010-02-24,34.29,34.35,33.64,33.94,460961376,-0.0073120795554255,33.98555555555556,33.69761904761905,46.531956354143894
2010-02-25,33.48,34.5,33.26,34.38,632682176,0.0129640542133178,34.17888888888889,33.68,50.54208730866816
2010-02-26,34.59,34.75,34.21,34.61,614412928,0.0066899360093075,34.31777777777778,33.71380952380952,52.545637593501475
2010-03-01,34.82,35.05,34.42,34.93,590228032,0.0092458826928634,34.44333333333333,33.75285714285714,55.26117543096847
2010-03-02,35.25,35.52,35.12,35.12,603852416,0.0054394503292298,34.53999999999999,33.777142857142856,56.84040540545644
2010-03-03,35.28,35.82,35.05,35.15,708339456,0.0008542141230067,34.59111111111111,33.82380952380952,57.09791389780909
2010-03-04,35.39,35.49,34.81,35.2,494372352,0.0014224751066858,34.68555555555556,33.86666666666667,57.552483011174196
2010-03-05,35.69,35.92,35.4,35.81,1006740352,0.0173295454545454,34.81444444444444,33.948095238095235,62.73946891739879
2010-03-08,35.94,35.99,35.41,35.7,567692224,-0.003071767662664,34.98222222222222,34.027142857142856,61.285130665524356
2010-03-09,35.5,36.85,35.46,36.5,2484231424,0.022408963585434,35.266666666666666,34.22714285714286,67.23394865702926
2010-03-10,36.88,37.16,36.65,37.0,1189916672,0.0136986301369863,35.55777777777777,34.48809523809524,70.30508867587
2010-03-11,36.93,37.47,36.81,37.05,722048640,0.0013513513513512,35.82888888888888,34.74095238095238,70.60183166390395
2010-03-12,37.2,37.41,37.06,37.06,518493728,0.0002699055330634,36.06555555555556,34.97047619047619,70.66497094525994
2010-03-15,36.76,37.23,36.47,36.77,731158016,-0.0078251484079869,36.24888888888889,35.167142857142856,66.22304619112515
2010-03-16,36.93,37.21,36.7,37.21,473648064,0.0119662768561326,36.47777777777778,35.35047619047619,69.36909990613206
2010-03-17,37.43,37.48,36.93,37.15,383329408,-0.0016124697661918,36.69444444444444,35.510000000000005,68.4330589233845
2010-03-18,37.14,37.4,36.76,37.02,446552320,-0.0034993270524897,36.82888888888888,35.64190476190476,66.34420260349447
2010-03-19,37.0,37.09,36.16,36.23,886050688,-0.0213398163155053,36.88777777777778,35.71523809523809,55.2978419058238
2010-03-22,35.61,36.36,35.5,36.24,485723680,0.0002760143527464,36.85888888888889,35.805238095238096,55.39907388093985
2010-03-23,36.38,36.42,35.71,35.82,618785152,-0.0115894039735099,36.72777777777778,35.86095238095238,50.25182645344173
2010-03-24,35.8,36.57,35.6,36.09,675923456,0.0075376884422111,36.62111111111111,35.95142857142857,53.258422377656686
2010-03-25,36.33,36.43,35.2,35.2,632961920,-0.0246605707952342,36.41444444444445,36.011428571428574,43.85068417632166
2010-03-26,35.41,35.55,34.3,34.5,1002621952,-0.0198863636363637,36.162222222222226,36.01714285714286,38.143633792499706
2010-03-29,34.74,35.2,34.12,34.9,670385664,0.0115942028985507,35.90555555555555,36.03095238095238,42.730395239140954
2010-03-30,35.09,35.3,34.76,34.8,432364032,-0.0028653295128939,35.644444444444446,36.0247619047619,41.89402507786577
2010-03-31,34.6,35.39,34.51,35.39,580277888,0.0169540229885059,35.46333333333334,36.03761904761905,48.32107649058655
2010-04-01,35.66,35.9,35.55,35.75,490143008,0.0101723650748799,35.41,36.06619047619048,51.822693701017094
2010-04-05,35.95,36.25,35.82,36.01,437087456,0.0072727272727273,35.38444444444444,36.10476190476191,54.23453443047584
2010-04-06,35.92,36.41,35.83,36.08,485085568,0.0019439044709803,35.413333333333334,36.11761904761905,54.8893136995215
2010-04-07,35.94,36.24,35.59,35.8,540947328,-0.0077605321507761,35.3811111111111,36.12238095238096,51.702800110666594
2010-04-08,35.58,35.9,35.46,35.81,483832992,0.0002793296089387,35.44888888888889,36.08952380952381,51.81039904158488
2010-04-09,35.8,36.09,35.23,35.23,605518272,-0.0161965931304106,35.53,36.0052380952381,45.48143229713893
2010-04-12,35.25,35.43,34.28,34.39,1042568896,-0.0238433153562304,35.47333333333333,35.87857142857143,38.20283847395733
2010-04-13,34.47,34.59,33.9,34.19,671995840,-0.0058156440825822,35.40555555555555,35.74190476190476,36.69699694472829
2010-04-14,34.3,34.49,34.05,34.25,595697600,0.0017548990933022,35.278888888888886,35.621904761904766,37.4930063290626
2010-04-15,34.28,34.45,33.54,33.6,1474462592,-0.018978102189781,35.04,35.449999999999996,32.696337145065684
2010-04-16,33.5,33.58,32.72,32.95,1616615424,-0.019345238095238,34.7,35.25,28.737055055183802
2010-04-19,32.6,33.55,32.51,33.55,794934336,0.0182094081942334,34.418888888888894,35.084761904761905,36.39372430283436
2010-04-20,33.8,34.3,33.8,34.3,755675776,0.0223546944858419,34.25222222222222,34.99285714285715,44.430911612699184
2010-04-22,33.9,34.04,33.41,33.86,670134784,-0.0128279883381923,34.035555555555554,34.87952380952381,41.146111004785325
2010-04-23,33.57,34.0,33.54,34.0,415942592,0.0041346721795629,33.898888888888884,34.792857142857144,42.600210522961646
2010-04-26,34.1,34.18,33.31,33.31,465950176,-0.0202941176470587,33.778888888888886,34.66047619047619,37.66141207921092
2010-04-27,33.07,33.1,32.1,32.1,749683328,-0.0363254277994596,33.54666666666667,34.51285714285714,30.89678562296713
2010-04-28,32.32,33.0,31.9,32.39,560919104,0.0090342679127726,33.34,34.41238095238095,33.95847834964428
2010-04-29,32.84,33.1,32.52,33.02,392218304,0.0194504476690338,33.275555555555556,34.32285714285714,40.16108574985203
2010-04-30,32.81,33.2,32.56,32.8,515713568,-0.0066626287098729,33.25888888888889,34.22761904761905,38.79097786951689
2010-05-03,32.55,32.63,31.46,31.5,918382144,-0.0396341463414633,33.03111111111111,34.04238095238095,31.871711377065083
2010-05-04,31.2,31.27,29.91,30.44,1195005568,-0.0336507936507936,32.602222222222224,33.78952380952381,27.555653659586085
2010-05-05,30.0,30.81,29.76,30.21,892742464,-0.0075558475689881,32.19666666666667,33.513333333333335,26.710434247971506
2010-05-06,30.09,30.78,28.3,29.81,963209856,-0.0132406487917908,31.731111111111115,33.21476190476191,25.25933380094847
2010-05-07,29.99,30.31,29.14,29.75,729407872,-0.0020127474002011,31.33555555555556,32.92666666666666,25.03958846980126
2010-05-10,31.0,31.1,30.15,30.15,640826432,0.0134453781512604,31.11888888888889,32.65714285714286,29.44626524594318
2010-05-11,29.82,30.28,29.6,29.62,518786240,-0.0175787728026532,30.811111111111114,32.39,27.16735532411701
2010-05-12,29.95,30.0,29.67,29.9,459003168,0.0094530722484806,30.464444444444446,32.17619047619048,30.239037302646835
2010-05-13,30.2,30.41,29.95,30.0,486494208,0.0033444816053511,30.153333333333332,31.976666666666667,31.35256528297535
2010-05-14,29.79,30.1,29.31,30.09,720842496,0.0029999999999998,29.996666666666663,31.778571428571425,32.39842319888203
2010-05-17,30.2,30.39,29.56,29.85,792656128,-0.0079760717846459,29.93111111111111,31.6,31.0403343557997
2010-05-18,30.12,30.14,29.17,29.22,522487840,-0.021105527638191,29.821111111111108,31.42238095238095,27.75175212172705
2010-05-19,28.91,29.47,28.55,28.55,729337024,-0.0229295003422312,29.68111111111111,31.184285714285714,24.7487568952113
2010-05-20,28.0,28.1,27.43,27.43,713053568,-0.03922942206655,29.423333333333332,30.857142857142858,20.71369878144033
2010-05-21,27.48,28.05,27.13,27.58,787212224,0.005468465184105,29.137777777777778,30.558095238095234,22.535319913212646
2010-05-24,27.4,27.78,27.1,27.15,411371328,-0.0155910079767948,28.86333333333333,30.23190476190476,21.042783406640496
2010-05-25,26.3,26.72,26.0,26.55,637813824,-0.022099447513812,28.491111111111106,29.91,19.138081116522557
2010-05-26,27.02,27.42,26.63,27.05,553761216,0.0188323917137476,28.163333333333334,29.669523809523806,25.21316799456946
2010-05-27,27.5,27.92,27.4,27.81,508974048,0.0280961182994454,27.91,29.451428571428572,33.40327530040406
2010-05-28,27.86,28.2,27.66,28.2,567219648,0.0140237324703345,27.726666666666667,29.22190476190476,37.20371713677744
2010-05-31,28.21,29.6,28.21,29.6,413418304,0.0496453900709221,27.76888888888889,29.069523809523805,48.553448893042955
2010-06-01,29.0,29.69,28.48,28.65,756872576,-0.0320945945945947,27.78,28.93380952380952,42.88876760231925
2010-06-02,28.64,29.35,28.64,29.1,402267200,0.0157068062827225,27.965555555555554,28.869999999999997,46.09683339732652
2010-06-04,28.87,29.68,28.75,29.25,445267552,0.0051546391752577,28.15111111111111,28.82428571428571,47.162274093206555
2010-06-07,29.45,30.08,29.33,29.52,488020512,0.0092307692307691,28.414444444444445,28.81047619047619,49.11206058016724
2010-06-08,29.76,30.03,29.44,29.66,479709664,0.0047425474254743,28.759999999999998,28.80619047619048,50.139482147790126
2010-06-09,29.9,30.38,29.55,29.55,603587136,-0.0037086985839513,29.037777777777777,28.777619047619044,49.297299527115925
2010-06-10,30.0,30.25,29.76,29.9,535940096,0.0118443316412859,29.27,28.790952380952383,52.05669797450261
2010-06-11,29.69,29.82,29.42,29.62,343958304,-0.0093645484949832,29.42777777777778,28.777619047619044,49.725202609318835
2010-06-14,29.9,29.94,29.02,29.05,448659904,-0.0192437542201215,29.366666666666667,28.732380952380954,45.279307395356696
2010-06-15,29.1,29.24,28.73,29.0,364473792,-0.0017211703958691,29.40555555555555,28.680476190476195,44.90007142344
2010-06-16,28.85,29.8,28.8,29.65,719474752,0.0224137931034482,29.466666666666665,28.670952380952382,50.68284038531455
2010-06-17,29.7,29.85,29.32,29.52,459750880,-0.0043844856661044,29.49666666666667,28.685238095238095,49.56249319455686
2010-06-18,29.5,29.66,29.25,29.49,364437024,-0.0010162601626017,29.493333333333332,28.73,49.291706002389475
2010-06-21,29.71,29.97,29.38,29.4,704770240,-0.0030518819938962,29.464444444444446,28.823809523809523,48.43672651218669
2010-06-22,29.39,29.62,29.01,29.11,574108288,-0.0098639455782312,29.415555555555557,28.89666666666667,45.68684974304702
2010-06-23,29.2,29.33,28.36,28.5,690787712,-0.0209549982823771,29.260000000000005,28.960952380952378,40.48084523428425
2010-06-24,28.45,28.45,27.49,27.49,606794688,-0.0354385964912281,29.02333333333333,29.005714285714287,33.64476634949723
2010-06-25,27.35,28.05,27.31,27.91,298454048,0.0152782830120044,28.896666666666665,29.046666666666667,38.31011449417759
2010-06-28,27.92,28.06,27.34,27.42,201244240,-0.0175564313865996,28.721111111111114,29.02809523809524,35.20061428392556
2010-06-29,27.0,27.1,26.71,26.83,438036192,-0.0215171407731583,28.40777777777778,28.962857142857143,31.84858434797802
2010-06-30,26.96,27.5,26.82,26.86,489729248,0.0011181513231457,28.112222222222222,28.83238095238095,32.20211552179097
2010-07-01,27.11,27.21,26.31,26.45,493849056,-0.0152643335815338,27.774444444444445,28.72761904761905,29.91792860078013
2010-07-02,26.72,26.99,26.52,26.77,270016416,0.0120982986767486,27.48222222222222,28.616666666666667,33.861180154123346
2010-07-05,26.78,27.05,26.54,26.54,183802240,-0.0085917071348524,27.196666666666665,28.48761904761905,32.44799844734227
2010-07-06,27.0,27.3,26.76,27.05,429593376,0.019216277317257,27.035555555555554,28.370000000000005,38.570128446412724
2010-07-07,27.05,27.52,26.78,27.4,450271360,0.0129390018484287,27.025555555555556,28.26238095238095,42.42642209250144
2010-07-08,27.48,27.64,27.21,27.58,287803456,0.0065693430656934,26.988888888888887,28.168571428571425,44.360882591276564
2010-07-12,27.62,27.74,27.18,27.23,256053008,-0.0126903553299491,26.96777777777778,28.041428571428572,41.44488094091441
2010-07-13,27.4,27.49,27.07,27.3,345642912,0.0025706940874035,27.019999999999996,27.930952380952384,42.26233152563088
2010-07-14,27.05,27.4,26.93,27.3,302277184,0.0,27.06888888888889,27.847619047619045,42.26233152563088
2010-07-15,27.3,27.3,26.87,27.11,214012784,-0.006959706959707,27.14222222222222,27.757619047619045,40.48324572794275
2010-07-16,27.04,27.09,26.71,26.84,263729728,-0.0099594245665806,27.15,27.623809523809523,38.033057087189974
2010-07-19,26.85,27.06,26.68,26.95,335209696,0.0040983606557376,27.195555555555558,27.50142857142857,39.63599193413684
2010-07-20,26.77,27.82,26.71,27.65,438735328,0.0259740259740259,27.262222222222224,27.413809523809523,48.72562252816877
2010-07-21,27.83,28.05,27.39,27.5,322385184,-0.0054249547920433,27.27333333333333,27.32333333333333,47.089302211769336
2010-07-22,27.84,28.28,27.68,27.98,374919712,0.0174545454545453,27.317777777777778,27.269523809523808,52.57750315518915
2010-07-23,27.99,28.05,27.59,27.79,354992416,-0.0067905646890636,27.38,27.235714285714288,50.351155396706886
2010-07-26,27.79,28.04,27.7,27.9,213897792,0.0039582583663186,27.44666666666667,27.255238095238095,51.62820857907701
2010-07-27,28.0,28.16,27.86,27.98,290364960,0.0028673835125447,27.522222222222222,27.258571428571432,52.58344704265565
2010-07-28,27.95,28.05,27.73,27.8,315450272,-0.0064331665475338,27.598888888888887,27.276666666666664,50.18220166030932
2010-07-29,27.84,27.95,27.63,27.74,286860992,-0.002158273381295,27.69888888888889,27.32,49.37284660018473
2010-07-30,27.66,27.93,27.45,27.85,358740192,0.0039653929343907,27.79888888888889,27.36714285714286,50.93522178750782
2010-08-02,27.97,28.56,27.95,28.44,501862976,0.0211849192100539,27.88666666666667,27.46190476190476,58.358158541648514
2010-08-03,28.4,29.53,28.2,29.08,699081088,0.022503516174402,28.06222222222222,27.57190476190476,64.61233919479173
2010-08-04,29.36,29.54,29.06,29.34,613441792,0.0089408528198073,28.21333333333333,27.705238095238098,66.79422573875499
2010-08-05,29.27,29.48,29.1,29.43,326571520,0.0030674846625766,28.395555555555557,27.818571428571424,67.54029428539482
2010-08-06,29.2,29.45,28.94,29.09,326506144,-0.0115528372409106,28.52777777777778,27.899047619047618,61.88361106174414
2010-08-09,29.35,29.35,28.8,28.83,297930752,-0.0089377793056033,28.622222222222224,27.958571428571428,57.89072417989083
2010-08-10,28.62,28.62,28.18,28.41,467236800,-0.0145681581685743,28.689999999999998,28.014761904761908,52.048475994093245
2010-08-11,28.04,28.16,27.5,27.5,470494368,-0.0320309750087997,28.66333333333333,28.024285714285714,42.12825631755889
2010-08-12,27.38,27.86,27.2,27.53,373985088,0.001090909090909,28.627777777777776,28.035238095238096,42.517225807235675
2010-08-13,27.65,27.82,27.5,27.66,341741568,0.0047221213221939,28.54111111111111,28.06142857142857,44.26538413099382
2010-08-16,27.61,27.8,27.59,27.61,423366592,-0.0018076644974692,28.37777777777778,28.098095238095237,43.71472589674501
2010-08-17,27.76,28.55,27.76,28.3,439568832,0.0249909453096703,28.262222222222224,28.16238095238095,52.496926961737906
2010-08-18,28.29,28.35,27.61,27.68,570021952,-0.0219081272084805,28.067777777777778,28.163809523809526,45.610406868306654
2010-08-19,26.91,27.39,26.71,26.78,712467648,-0.0325144508670519,27.811111111111114,28.12952380952381,37.8487716175653
2010-08-20,26.75,27.08,26.56,26.78,461053664,0.0,27.583333333333332,28.07238095238095,37.8487716175653
2010-08-23,26.92,27.19,26.66,26.66,281062336,-0.0044809559372666,27.38888888888889,28.018571428571427,36.87833169861235
2010-08-24,26.5,26.85,26.14,26.14,416468864,-0.0195048762190547,27.237777777777776,27.934761904761906,32.93728612234737
2010-08-25,26.07,26.29,25.5,26.08,556065920,-0.0022953328232594,27.076666666666668,27.84428571428571,32.50563641133513
2010-08-26,26.7,26.7,25.7,25.7,576798144,-0.0145705521472392,26.858888888888888,27.744285714285713,29.838542672861408
2010-08-27,25.95,26.59,25.62,26.56,389021504,0.0334630350194551,26.742222222222225,27.688095238095237,41.53097794657087
2010-08-30,26.35,26.43,25.45,25.45,570217984,-0.0417921686746988,26.425555555555555,27.573809523809523,33.7200330244475
2010-08-31,25.52,26.06,25.52,26.06,410637056,0.0239685658153241,26.245555555555555,27.460476190476193,40.35855110888824
2010-09-01,26.3,27.19,26.15,27.03,518447904,0.0372217958557177,26.273333333333333,27.362857142857145,49.09055300743112
2010-09-02,26.89,28.15,26.74,27.6,736820928,0.0210876803551609,26.364444444444445,27.28,53.40743394279778
2010-09-03,28.3,28.92,28.05,28.8,1315441792,0.0434782608695651,26.60222222222222,27.25,60.92042100729541
2010-09-06,29.18,29.29,28.63,29.09,569197696,0.0100694444444444,26.93,27.25,62.49438133071292
2010-09-08,28.31,28.48,27.79,27.83,906416896,-0.0433138535579237,27.124444444444443,27.202380952380953,52.58468375218831
2010-09-09,28.05,28.14,27.19,27.6,555649920,-0.0082644628099172,27.33555555555556,27.163809523809523,50.99507715894161
2010-09-10,27.5,27.94,27.41,27.52,460193376,-0.0028985507246377,27.44222222222222,27.1647619047619,50.42410436346258
2010-09-13,27.75,28.32,27.55,28.3,679403584,0.0283430232558139,27.75888888888889,27.201428571428572,55.63934564714437
2010-09-14,28.19,28.57,26.85,26.85,1080012928,-0.0512367491166076,27.846666666666668,27.162857142857145,45.96007472233784
2010-09-15,26.0,26.6,25.75,26.45,1075958528,-0.0148975791433892,27.782222222222224,27.107619047619046,43.70150402875002
2010-09-16,26.11,26.68,26.05,26.36,535453024,-0.0034026465028355,27.644444444444446,27.015238095238097,43.18725232635061
2010-09-17,26.13,26.54,26.1,26.44,474961664,0.0030349013657056,27.38222222222222,26.95619047619048,43.82009032978342
2010-09-20,26.42,27.43,26.2,27.1,722491008,0.0249621785173979,27.16111111111111,26.97142857142857,48.87929473598045
2010-09-21,27.12,27.25,26.35,26.35,765451072,-0.0276752767527674,26.99666666666667,26.950952380952383,44.02725035809412
2010-09-22,26.09,26.43,25.82,25.98,1138054400,-0.0140417457305502,26.816666666666666,26.918571428571425,41.821653295030835
2010-09-23,25.92,27.46,25.92,26.8,1486828160,0.031562740569669,26.736666666666668,26.949999999999996,48.03483089908151
2010-09-24,27.05,27.09,26.3,26.3,2282613248,-0.0186567164179104,26.514444444444443,26.960476190476193,44.88698364656033
2010-09-27,26.34,26.69,26.05,26.5,1527330688,0.0076045627376426,26.475555555555555,26.99857142857143,46.400078697908
2010-09-28,26.76,26.89,26.45,26.7,925266752,0.0075471698113207,26.503333333333334,27.005238095238095,47.939319455280135
2010-09-29,26.6,27.5,26.54,27.5,2107722752,0.0299625468164794,26.630000000000003,27.10285714285714,53.67050705150036
2010-09-30,27.65,27.95,27.22,27.29,973470016,-0.0076363636363636,26.724444444444444,27.16142857142857,52.05065636323358
2010-10-01,27.58,27.7,27.31,27.5,617263104,0.007695126419934,26.768888888888892,27.183809523809526,53.56009442823437
2010-10-04,27.48,27.85,27.35,27.38,690304832,-0.0043636363636363,26.883333333333333,27.173333333333332,52.54223498936854
2010-10-05,27.59,27.6,26.76,26.98,1146040576,-0.0146092037983929,26.994444444444444,27.08666666666667,49.18673025261561
2010-10-06,26.8,26.89,25.59,25.86,1764642688,-0.0415122312824314,26.89,26.932857142857138,41.24426080457831
2010-10-07,26.05,26.05,24.64,25.3,1494948096,-0.0216550657385923,26.778888888888886,26.812380952380956,37.94499862382066
2010-10-08,25.21,26.0,24.88,26.0,836534784,0.0276679841897233,26.723333333333333,26.73619047619048,43.977663729184265
2010-10-11,26.1,26.21,25.78,25.85,373014752,-0.0057692307692307,26.628888888888888,26.65666666666667,43.01270859457826
2010-10-13,26.02,26.09,25.58,25.71,777597504,-0.0054158607350096,26.43,26.53333333333333,42.08455643114785
2010-10-14,25.66,26.44,25.44,26.44,1055489408,0.028393621159082,26.33555555555556,26.51380952380952,48.34383214257196
2010-10-15,26.53,26.64,26.18,26.29,704248000,-0.0056732223903177,26.20111111111111,26.506190476190476,47.21466129831376
2010-10-18,26.15,26.5,25.97,26.4,734797696,0.0041841004184099,26.092222222222222,26.508095238095237,48.17070986079073
2010-10-19,25.94,26.12,25.28,25.28,815909632,-0.0424242424242423,25.903333333333336,26.45285714285714,40.189185159745065
2010-10-20,25.47,25.63,24.99,24.99,781493824,-0.0114715189873418,25.806666666666665,26.35238095238096,38.414338516527216
2010-10-21,25.05,25.23,24.1,24.16,1096428288,-0.0332132853141255,25.679999999999996,26.24809523809524,33.811918741492065
2010-10-22,24.46,24.71,23.9,24.21,697496896,0.002069536423841,25.48111111111111,26.163809523809526,34.322408089075765
2010-10-25,24.45,24.79,24.35,24.57,531428736,0.0148698884758364,25.33888888888889,26.05761904761905,38.02849915526981
2010-10-26,24.52,26.25,24.45,25.85,1198400768,0.052096052096052,25.354444444444443,26.036190476190477,49.039456269065816
2010-10-27,25.7,27.05,25.24,26.19,1480875776,0.0131528046421662,25.326666666666668,26.02142857142857,51.50430286035771
2010-10-28,26.49,26.84,25.87,26.26,963713344,0.0026727758686522,25.323333333333334,26.000476190476196,52.01885601619128
2010-10-29,26.59,26.59,25.85,25.85,829339840,-0.0156130997715155,25.26222222222222,25.921904761904763,48.75580495083381
2010-11-01,26.05,26.67,25.93,26.49,584643072,0.0247582205029013,25.396666666666665,25.88380952380952,53.6440132493441
2010-11-03,26.7,27.11,26.5,27.0,974409152,0.0192525481313703,25.62,25.859999999999996,57.15164555832362
2010-11-04,27.35,27.64,27.21,27.5,890837760,0.0185185185185186,25.991111111111113,25.865714285714283,60.3215585934401
2010-11-05,27.42,27.65,27.25,27.25,460446912,-0.009090909090909,26.32888888888889,25.878571428571426,58.010686578884744
2010-11-08,27.11,27.58,27.1,27.53,686735296,0.0102752293577981,26.65777777777778,25.958095238095243,59.86518843827601
2010-11-09,27.62,27.77,27.12,27.12,570505792,-0.0148928441699963,26.79888888888889,26.044761904761902,55.9672667770517
2010-11-10,27.11,27.25,26.87,27.13,575163584,0.0003687315634217,26.903333333333332,26.098571428571425,56.04244518176647
2010-11-11,27.07,27.11,26.65,26.72,733472960,-0.0151124216734243,26.954444444444444,26.139999999999997,52.11383417971018
2010-11-12,26.24,26.39,25.82,25.85,1085112320,-0.0325598802395208,26.954444444444444,26.14666666666667,44.9182671109908
2010-11-16,25.85,25.91,25.13,25.4,819935808,-0.0174081237911025,26.833333333333332,26.097142857142856,41.710277024199065
2010-11-17,25.49,25.69,25.28,25.45,429170368,0.0019685039370078,26.66111111111111,26.05714285714286,42.2041878766059
2010-11-18,25.85,26.09,25.71,25.9,637167744,0.0176817288801571,26.483333333333334,26.033333333333335,46.59052566998938
2010-11-19,25.7,25.75,25.42,25.7,422024224,-0.0077220077220077,26.311111111111114,26.053333333333335,44.95743828086183
2010-11-22,25.64,25.67,24.95,25.06,486170880,-0.0249027237354085,26.036666666666665,26.056666666666665,40.11212217222418
2010-11-23,24.69,24.93,24.52,24.65,680543872,-0.0163607342378292,25.76222222222222,26.08,37.33600988737491
2010-11-24,24.9,25.37,24.75,25.24,600042304,0.0239350912778903,25.552222222222223,26.129047619047615,43.405957507765876
2010-11-25,25.35,25.35,24.85,24.85,223333632,-0.0154516640253564,25.344444444444445,26.142380952380954,40.605982226286336
2010-11-26,24.66,24.83,24.43,24.6,420759040,-0.0100603621730381,25.205555555555556,26.082857142857144,38.874836923602295
2010-11-29,24.55,24.94,24.46,24.7,459720544,0.0040650406504063,25.12777777777778,26.011904761904763,39.97714957514663
2010-11-30,24.69,25.1,24.51,24.59,701602880,-0.0044534412955465,25.032222222222224,25.93238095238095,39.140981011120154
2010-12-01,25.03,25.34,24.97,25.26,561913536,0.027246848312322,24.961111111111112,25.904285714285713,46.483372683352165
2010-12-02,25.45,25.69,25.3,25.4,486475264,0.0055423594615993,24.927777777777777,25.85238095238095,47.89788226150765
2010-12-03,25.45,25.7,25.23,25.7,404362112,0.0118110236220472,24.99888888888889,25.79047619047619,50.893159667085655
2010-12-06,25.76,26.04,25.71,25.86,461911680,0.0062256809338521,25.133333333333333,25.712380952380954,52.46279487032613
2010-12-07,26.2,26.29,25.35,25.35,699590656,-0.019721577726218,25.145555555555557,25.621904761904766,47.27564195897181
2010-12-08,25.38,25.5,25.0,25.0,541660096,-0.0138067061143984,25.162222222222223,25.50142857142857,44.05629247062371
2010-12-09,25.17,25.5,25.09,25.4,539980800,0.016,25.25111111111111,25.419523809523806,48.382471864061216
2010-12-10,25.6,25.74,25.45,25.7,361420576,0.0118110236220472,25.362222222222222,25.35142857142857,51.41694993174188
2010-12-13,25.89,26.09,25.88,25.91,438761504,0.0081712062256809,25.50888888888889,25.31285714285714,53.47863339335627
2010-12-14,25.83,26.04,25.72,25.83,405612384,-0.0030876109610189,25.57222222222222,25.31190476190476,52.56351561898453
2010-12-15,25.59,25.71,25.37,25.37,600886592,-0.0178087495160664,25.568888888888885,25.31047619047619,47.527425344166396
2010-12-16,25.5,25.65,25.26,25.35,397864832,-0.0007883326763894,25.53,25.305714285714284,47.31516624358917
2010-12-17,25.23,25.94,25.04,25.94,455286624,0.0232741617357001,25.53888888888889,25.30761904761905,53.86142156692513
2010-12-20,25.94,26.06,25.57,25.57,823092480,-0.0142636854279105,25.563333333333333,25.301428571428573,49.69153594456419
2010-12-21,25.84,25.93,25.71,25.77,414000672,0.0078216660148611,25.64888888888889,25.335238095238093,51.861018601135854
2010-12-22,25.56,25.72,25.47,25.72,296701024,-0.0019402405898332,25.684444444444445,25.386190476190478,51.26581211132455
2010-12-23,25.64,25.87,25.56,25.75,320066912,0.0011664074650077,25.69,25.410476190476192,51.62455846134704
2010-12-27,25.56,26.09,25.52,26.05,312272352,0.0116504854368932,25.705555555555556,25.46761904761905,55.17785215378155
2010-12-28,26.3,26.71,26.21,26.66,572688512,0.0234165067178502,25.797777777777775,25.565714285714286,61.38824371365896
2010-12-29,26.78,27.17,26.78,26.97,548328064,0.0116279069767442,25.975555555555555,25.673809523809528,64.10980826630679
2010-12-30,27.29,27.44,27.09,27.29,807665920,0.0118650352243232,26.191111111111113,25.802380952380954,66.71767674863688
2011-01-03,27.5,27.58,26.91,27.0,619848448,-0.0106266031513374,26.308888888888887,25.885238095238098,62.299651177707915
2011-01-04,27.01,27.06,26.4,26.9,825911424,-0.0037037037037037,26.456666666666663,25.956666666666667,60.80441730546245
2011-01-05,26.68,27.35,26.58,27.22,658932480,0.011895910780669,26.617777777777775,26.02904761904762,63.7986333900193
2011-01-06,27.2,27.46,27.01,27.11,662174848,-0.0040411462160175,26.772222222222222,26.08857142857143,62.04405184880349
2011-01-07,27.02,27.18,26.73,26.73,469865536,-0.0140169679085208,26.88111111111111,26.154285714285713,56.28524712465535
2011-01-10,26.65,27.02,26.58,26.98,385852960,0.0093527871305649,26.984444444444446,26.248571428571424,58.982621316047506
2011-01-11,27.1,27.4,27.07,27.15,631530688,0.0063009636767976,27.038888888888888,26.331904761904763,60.7559161984678
2011-01-12,27.38,27.98,27.32,27.9,1085585408,0.0276243093922652,27.142222222222223,26.43666666666667,67.44322607033406
2011-01-13,28.0,28.12,27.31,27.31,884760192,-0.0211469534050179,27.144444444444442,26.50333333333333,58.93522337503106
2011-01-14,27.27,27.71,27.25,27.55,556963648,0.0087879897473452,27.205555555555556,26.5852380952381,61.08573609640119
2011-01-17,27.42,27.77,27.36,27.45,531224896,-0.0036297640653357,27.266666666666666,26.684285714285714,59.68325033910976
2011-01-18,27.65,27.76,27.4,27.72,611717504,0.0098360655737703,27.322222222222223,26.79714285714286,62.20630385635424
2011-01-19,27.8,27.95,27.25,27.3,623855424,-0.0151515151515151,27.343333333333334,26.861904761904757,56.3036451541018
2011-01-20,27.15,27.52,26.96,27.27,583546112,-0.001098901098901,27.403333333333332,26.942857142857147,55.895656594739286
2011-01-21,27.41,27.51,27.05,27.05,494131744,-0.008067473414008,27.41111111111111,27.003809523809526,52.87008396904092
2011-01-24,27.08,27.25,26.81,27.0,291205984,-0.0018484288354898,27.394444444444446,27.064761904761905,52.178801369282155
2011-01-26,27.09,27.33,26.71,26.83,576725504,-0.0062962962962963,27.275555555555556,27.11619047619048,49.794869580062496
2011-01-27,26.95,27.15,26.71,26.87,499236704,0.0014908684308609,27.226666666666667,27.155238095238094,50.36944181981936
2011-01-28,27.05,27.08,26.25,26.67,746639488,-0.0074432452549311,27.128888888888888,27.155714285714286,47.445642506923896
2011-01-31,26.86,27.25,26.66,27.09,915317440,0.0157480314960629,27.08888888888889,27.16142857142857,53.54416549920676
2011-02-01,27.3,27.72,27.11,27.64,792509312,0.0203026947212994,27.08,27.17809523809524,60.077459307445686
2011-02-02,27.6,27.98,27.5,27.8,920249664,0.0057887120115773,27.135555555555555,27.216190476190473,61.76217670917907
2011-02-03,27.76,28.12,27.7,28.03,772404160,0.008273381294964,27.220000000000002,27.27,64.10700540251663
2011-02-04,28.04,28.22,27.56,27.62,770812096,-0.0146271851587584,27.283333333333335,27.289047619047615,57.35503943262538
2011-02-07,27.8,27.87,27.11,27.22,654846592,-0.0144822592324402,27.30777777777778,27.294285714285714,51.640561876596415
2011-02-08,27.03,27.34,26.82,26.96,845198464,-0.0095518001469506,27.322222222222223,27.305238095238092,48.27378496526933
2011-02-09,26.86,26.97,26.11,26.18,863172224,-0.0289317507418398,27.245555555555555,27.267142857142858,39.87478349403568
2011-02-10,26.2,26.74,26.16,26.27,492606496,0.0034377387318562,27.20111111111111,27.22523809523809,41.14716194862114
2011-02-11,26.45,26.7,26.3,26.4,516771872,0.0049486105824134,27.124444444444446,27.153809523809525,43.02278849290714
2011-02-14,26.41,26.91,26.24,26.75,486611808,0.0132575757575759,27.025555555555556,27.12714285714286,47.842338051095126
2011-02-15,26.67,27.32,26.63,26.97,755570752,0.0082242990654204,26.93333333333333,27.099523809523806,50.667096129631226
2011-02-16,27.2,27.45,27.07,27.31,659674304,0.0126065999258435,26.85333333333333,27.092857142857145,54.746151342568425
2011-02-17,27.4,27.44,27.04,27.25,521796192,-0.0021969974368363,26.812222222222218,27.070476190476192,53.89919274427204
2011-02-18,27.16,27.44,27.11,27.37,457891360,0.0044036697247706,26.828888888888887,27.073809523809526,55.38580042530238
2011-02-21,27.47,27.65,27.25,27.4,609496704,0.0010960906101569,26.87777777777778,27.08,55.769800608348326
2011-02-22,27.46,27.95,27.45,27.77,1018206784,0.0135036496350364,27.054444444444446,27.114285714285714,60.307464463276766
2011-02-23,27.91,28.9,27.8,28.71,1786001024,0.0338494778537992,27.325555555555553,27.195714285714285,69.00687152750298
2011-02-24,29.05,29.26,28.36,28.37,1454949248,-0.0118425635667015,27.54444444444444,27.26904761904762,63.57899204872075
2011-02-25,28.41,28.75,28.15,28.6,774861760,0.0081071554458935,27.75,27.35142857142857,65.55288808747105
2011-02-28,28.44,28.68,28.16,28.58,820185088,-0.0006993006993007,27.928888888888892,27.44238095238095,65.22186948497948
2011-03-01,28.5,28.79,28.19,28.29,755041152,-0.010146955913226,28.037777777777777,27.49952380952381,60.454875669870134
2011-03-02,28.3,28.96,28.17,28.9,740494144,0.0215623895369387,28.221111111111114,27.55952380952381,66.07213414578285
2011-03-03,28.92,28.97,28.6,28.96,499589056,0.002076124567474,28.39777777777778,27.614761904761902,66.57506483246357
2011-03-04,29.0,29.17,28.72,29.08,609583744,0.0041436464088397,28.584444444444443,27.664761904761907,67.60922455023712
2011-03-09,28.83,28.87,28.52,28.55,455112608,-0.0182255845942227,28.671111111111106,27.709047619047617,58.936062374983436
2011-03-10,28.4,28.43,27.88,28.12,640480640,-0.015061295971979,28.605555555555554,27.75190476190476,52.99598932818423
2011-03-11,27.95,28.4,27.67,28.17,585290176,0.0017780938833571,28.583333333333332,27.80952380952381,53.58183718942189
2011-03-14,28.0,28.42,27.87,28.28,382730880,0.0039048633297833,28.547777777777778,27.90952380952381,54.91323063433825
2011-03-15,27.45,28.17,27.45,28.04,628942144,-0.0084865629420085,28.487777777777776,27.993809523809524,51.4460703884215
2011-03-16,28.16,28.41,27.61,27.78,942836416,-0.0092724679029956,28.43111111111111,28.05952380952381,47.91644738992745
2011-03-17,28.14,28.2,27.88,28.08,463257152,0.0107991360691144,28.34,28.12285714285714,52.00790808793331
2011-03-18,28.2,28.22,27.82,27.9,605194368,-0.0064102564102563,28.22222222222222,28.167142857142856,49.495559179782084
2011-03-21,28.16,28.35,27.98,28.13,805674112,0.0082437275985662,28.116666666666667,28.20619047619047,52.64352460181092
2011-03-22,28.05,28.54,28.02,28.33,669549376,0.0071098471382864,28.09222222222222,28.257619047619045,55.25526024362206
2011-03-23,28.3,28.68,28.23,28.62,582560320,0.0102364984115779,28.147777777777776,28.317142857142855,58.80312309876667
2011-03-24,28.66,28.78,28.35,28.43,350049344,-0.006638714185884,28.176666666666666,28.36619047619048,55.68764993820537
2011-03-25,28.5,28.79,28.41,28.64,468047552,0.007386563489272,28.216666666666665,28.40761904761905,58.31634262159247
2011-03-28,28.56,28.8,28.35,28.35,326705536,-0.0101256983240223,28.25111111111111,28.390476190476186,53.58862995430637
2011-03-29,28.4,28.6,28.26,28.35,342202528,0.0,28.314444444444447,28.38952380952381,53.58862995430637
2011-03-30,28.52,28.55,28.3,28.37,394427424,0.000705467372134,28.346666666666668,28.378571428571426,53.887635710875536
2011-03-31,28.41,28.65,28.38,28.51,396409568,0.0049347902714134,28.41444444444444,28.375238095238096,56.02342913858574
2011-04-01,28.62,28.74,28.52,28.74,433924544,0.0080673447913011,28.48222222222222,28.396666666666665,59.35418056745995
2011-04-04,28.8,28.85,28.56,28.61,387340000,-0.0045233124565066,28.513333333333335,28.38285714285714,56.73841821382503
2011-04-05,28.55,28.57,28.24,28.37,559777216,-0.0083886752883606,28.485555555555557,28.354761904761908,52.16753756279694
2011-04-06,28.35,28.42,28.07,28.17,413580832,-0.0070497003877334,28.456666666666667,28.31142857142857,48.65022511449384
2011-04-07,28.13,28.25,27.72,28.0,610913600,-0.0060347887823927,28.38555555555556,28.285238095238096,45.82215770877358
2011-04-08,28.05,28.14,27.78,28.01,489088480,0.0003571428571429,28.34777777777778,28.280000000000005,46.020934659726024
2011-04-11,27.99,27.99,27.42,27.49,536140032,-0.0185647982863264,28.252222222222223,28.247619047619043,38.17699733840197
2011-04-12,27.32,27.4,26.56,26.65,898170176,-0.0305565660240086,28.061111111111114,28.17,29.445972744732202
2011-04-13,26.8,26.8,26.05,26.15,787517056,-0.0187617260787992,27.79888888888889,28.080000000000002,25.681083622764305
2011-04-14,26.1,26.43,25.93,25.98,718149120,-0.0065009560229444,27.492222222222225,27.994285714285713,24.532578131930677
2011-04-15,26.08,26.56,26.05,26.53,718604096,0.0211701308698999,27.261111111111113,27.920476190476194,34.706494597144925
2011-04-18,26.31,26.31,25.48,25.49,924992192,-0.0392009046362609,26.941111111111113,27.805714285714288,27.230896749646988
2011-04-19,25.75,26.02,25.57,25.73,498540640,0.0094154570419773,26.67,27.691428571428577,30.92830881560772
2011-04-20,26.21,26.29,25.9,26.29,614765504,0.0217644772638943,26.48,27.594285714285714,38.74868615384404
2011-04-25,26.31,26.43,26.02,26.18,337235296,-0.0041841004184099,26.276666666666667,27.478095238095236,37.84233827224153
2011-04-26,26.2,26.33,25.95,26.2,316148768,0.0007639419404124,26.133333333333333,27.37190476190476,38.1257188638556
2011-04-27,26.22,26.22,25.69,25.74,434729792,-0.0175572519083969,26.032222222222224,27.233809523809523,34.25723923712209
2011-04-28,25.65,25.66,25.26,25.45,608389504,-0.0112665112665112,25.954444444444444,27.095714285714287,32.049402003680356
2011-04-29,25.34,25.67,25.27,25.6,406373856,0.0058939096267192,25.91222222222222,26.964761904761904,34.404278579875836
2011-05-02,25.71,25.89,25.5,25.73,536108608,0.005078125,25.823333333333334,26.83904761904762,36.459516748827184
2011-05-03,25.7,25.78,25.43,25.45,456049408,-0.0108822386319471,25.81888888888889,26.693333333333335,33.98933624279667
2011-05-04,25.59,25.63,25.2,25.32,648759232,-0.0051080550098231,25.77333333333333,26.53047619047619,32.87565178661215
2011-05-05,25.19,25.34,24.24,24.47,767091776,-0.0335703001579779,25.571111111111108,26.333333333333332,26.71259913107275
2011-05-06,24.8,24.89,24.14,24.21,561733184,-0.0106252554147935,25.35222222222222,26.135238095238098,25.15894940164054
2011-05-09,24.24,24.69,24.2,24.6,447933216,0.0161090458488228,25.174444444444443,25.9652380952381,31.586624662739595
2011-05-10,24.72,24.86,24.51,24.68,310263712,0.0032520325203251,25.056666666666665,25.80714285714286,32.86042886700346
2011-05-11,24.55,24.58,24.01,24.01,531300896,-0.0271474878444083,24.896666666666665,25.616666666666664,28.135588289374198
2011-05-12,23.6,23.92,23.43,23.68,555548416,-0.013744273219492,24.683333333333334,25.435238095238095,26.141824741310174
2011-05-13,23.77,23.85,23.48,23.52,474084832,-0.0067567567567567,24.43777777777778,25.286190476190477,25.20907468833927
2011-05-16,23.43,24.29,23.33,23.94,721225664,0.017857142857143,24.27,25.18095238095238,32.06171525182869
2011-05-17,23.99,24.47,23.75,24.4,490860352,0.0192147034252296,24.16777777777778,25.10571428571429,38.687692388373016
2011-05-18,24.47,24.68,24.1,24.1,459054496,-0.0122950819672129,24.12666666666667,24.99,36.207518009247
2011-05-19,24.25,24.39,23.64,23.64,423722176,-0.0190871369294606,24.063333333333333,24.90190476190476,32.74151148790041
2011-05-20,23.66,24.15,23.48,23.99,333132672,0.0148054145516074,23.995555555555555,24.81904761904762,37.633410799630894
2011-05-23,23.5,23.7,23.41,23.6,348385888,-0.0162567736556897,23.875555555555554,24.690952380952382,34.612457012817615
2011-05-24,23.86,24.08,23.74,23.85,305794208,0.0105932203389831,23.85777777777778,24.58,38.04568126161391
2011-05-25,23.83,24.21,23.65,23.9,297226240,0.0020964360587001,23.88222222222222,24.47047619047619,38.73848396208419
2011-05-26,24.0,24.2,23.76,24.2,402841376,0.0125523012552302,23.95777777777778,24.39714285714286,42.86670720379445
2011-05-27,24.32,24.44,24.14,24.29,333938656,0.0037190082644626,23.996666666666666,24.34190476190476,44.08406149550203
2011-05-30,24.32,24.32,24.05,24.08,85829664,-0.0086455331412104,23.96111111111111,24.269523809523808,41.843694198226636
2011-05-31,24.3,24.35,23.88,24.09,389055040,0.0004152823920267,23.959999999999997,24.191428571428574,41.994865534361075
2011-06-01,24.0,24.14,23.83,24.0,428732864,-0.0037359900373599,24.0,24.122380952380954,40.962841276440386
2011-06-02,24.07,24.07,23.73,23.95,375937312,-0.0020833333333333,23.995555555555555,24.057142857142857,40.36929167441768
2011-06-03,23.78,24.16,23.67,23.78,367175968,-0.0070981210855949,24.015555555555558,24.024285714285714,38.335387874790456
2011-06-06,23.87,23.93,23.15,23.2,515581536,-0.024390243902439,23.943333333333335,23.976190476190474,32.347382541677874
2011-06-07,23.36,23.37,22.94,23.0,536137280,-0.0086206896551723,23.843333333333334,23.9,30.573927305920336
2011-06-08,22.95,23.45,22.85,23.2,505122496,0.0086956521739129,23.73222222222222,23.82952380952381,34.444497267794816
2011-06-09,23.24,23.94,23.09,23.7,579162048,0.021551724137931,23.666666666666668,23.814761904761905,43.000108538447165
2011-06-10,23.78,23.84,23.54,23.72,416441728,0.0008438818565401,23.62666666666667,23.816666666666666,43.31876729204634
2011-06-13,23.77,23.82,23.26,23.33,284874496,-0.016441821247892,23.54222222222222,23.80761904761905,38.76743835660589
2011-06-14,23.42,23.69,23.42,23.6,319019904,0.0115730818688384,23.49777777777778,23.791428571428572,43.215547337430976
2011-06-15,23.29,23.55,23.15,23.3,480430208,-0.0127118644067797,23.425555555555555,23.739047619047618,39.75952638232034
2011-06-16,23.29,23.75,23.09,23.29,472233568,-0.0004291845493562,23.37111111111111,23.70047619047619,39.64571229949137
2011-06-17,23.47,23.48,23.19,23.24,330994272,-0.0021468441391154,23.375555555555554,23.68142857142857,39.043897788253744
2011-06-20,23.2,23.44,23.06,23.1,439826368,-0.006024096385542,23.386666666666667,23.639047619047616,37.33496533403222
2011-06-21,23.2,23.3,23.04,23.24,313778528,0.0060606060606058,23.391111111111112,23.621904761904762,40.155805255346145
2011-06-22,23.2,23.67,23.17,23.26,437091552,0.0008605851979346,23.34222222222222,23.593809523809522,40.56739502024151
2011-06-24,23.17,23.21,22.85,22.87,367269024,-0.0167669819432502,23.247777777777777,23.544761904761906,35.44764021009209
2011-06-27,23.0,23.19,22.87,23.08,345315424,0.009182334936598,23.220000000000002,23.49142857142857,39.84963647007553
2011-06-28,23.17,23.45,23.1,23.45,366736512,0.0160311958405545,23.203333333333333,23.451428571428572,46.74089471665067
2011-06-29,23.5,23.54,23.2,23.38,330636064,-0.0029850746268657,23.212222222222223,23.41809523809524,45.67474691036404
2011-06-30,23.59,23.72,23.5,23.72,379515168,0.0145423438836611,23.26,23.40047619047619,51.46551749884003
2011-07-01,23.65,23.89,23.47,23.75,431975360,0.0012647554806071,23.316666666666666,23.388571428571428,51.95218823892316
2011-07-04,23.72,23.85,23.71,23.8,134436384,0.0021052631578948,23.394444444444446,23.38142857142857,52.801652398971804
2011-07-05,23.8,23.98,23.51,23.56,302128128,-0.0100840336134454,23.43,23.37095238095238,48.38019931825473
2011-07-06,23.45,23.65,23.29,23.51,307918048,-0.0021222410865873,23.45777777777778,23.385714285714286,47.488034389988655
2011-07-07,23.7,23.79,23.55,23.63,363721696,0.0051042109740535,23.54222222222222,23.415714285714287,49.87700303194039
2011-07-08,23.5,23.63,23.4,23.44,318478240,-0.0080406263224713,23.58222222222222,23.427142857142854,46.28643664865693
2011-07-11,23.2,23.32,23.06,23.15,383928096,-0.0123720136518772,23.54888888888889,23.40095238095238,41.388921373234645
2011-07-12,23.02,23.3,22.93,23.12,274187008,-0.0012958963282936,23.52,23.37238095238095,40.906724162659444
2011-07-13,23.29,23.44,23.13,23.39,357338528,0.0116782006920415,23.483333333333334,23.375238095238096,46.902456136229105
2011-07-14,23.27,23.36,22.86,22.95,396514208,-0.0188114578879863,23.394444444444446,23.344285714285714,39.81314238380163
2011-07-15,23.0,23.11,22.86,22.99,362842688,0.0017429193899782,23.304444444444442,23.32952380952381,40.69079512052853
2011-07-18,22.81,23.0,22.53,22.76,372716448,-0.0100043497172682,23.215555555555554,23.304285714285715,37.3208338568985
2011-07-19,22.87,22.97,22.56,22.65,389216160,-0.0048330404217927,23.119999999999997,23.276190476190475,35.794011069166345
2011-07-20,22.75,22.81,22.38,22.38,426213696,-0.0119205298013245,22.98111111111111,23.24190476190476,32.30093422102496
2011-07-21,22.48,23.11,22.43,23.0,434773216,0.0277033065236818,22.932222222222222,23.23047619047619,45.46245235127583
2011-07-22,23.02,23.27,22.85,22.97,310445600,-0.001304347826087,22.912222222222223,23.21666666666667,45.006506921586144
2011-07-25,23.09,23.6,23.05,23.5,626728128,0.0230735742272529,22.954444444444444,23.246666666666666,53.81838402787341
2011-07-26,23.59,23.92,23.48,23.66,600796928,0.0068085106382977,22.984444444444446,23.274285714285714,56.10503874789572
2011-07-27,23.59,23.78,23.41,23.59,523798656,-0.0029585798816568,23.055555555555557,23.280952380952378,54.82600843951022
2011-07-28,23.69,23.74,23.44,23.5,406460992,-0.0038151759220008,23.112222222222226,23.286666666666665,53.148371111414086
2011-07-29,23.18,23.54,23.17,23.5,320776640,0.0,23.194444444444443,23.276190476190475,53.1483711114141
2011-08-01,23.66,23.75,23.42,23.5,349950432,0.0,23.28888888888889,23.264285714285716,53.1483711114141
2011-08-02,23.49,23.63,23.09,23.17,338802944,-0.0140425531914892,23.376666666666665,23.234285714285715,46.61598564245308
2011-08-03,23.05,23.08,22.25,22.29,574200128,-0.0379801467414762,23.297777777777775,23.173809523809524,34.45461215169442
2011-08-04,21.9,21.99,20.65,20.65,906797376,-0.0735755944369672,23.04,23.03761904761905,22.614056430655097
2011-08-05,20.62,20.98,19.73,20.18,813073408,-0.0227602905569006,22.67111111111111,22.87333333333333,20.44554324127411
2011-08-08,19.22,19.48,18.37,18.65,767577344,-0.0758176412289396,22.114444444444445,22.645238095238096,15.30157757638095
2011-08-09,18.83,19.67,18.62,19.15,873564672,0.0268096514745308,21.62111111111111,22.454761904761902,22.191141116067442
2011-08-10,19.01,19.85,18.81,19.73,741865536,0.0302872062663186,21.202222222222222,22.293333333333333,29.368392407443423
2011-08-11,19.95,20.47,19.42,20.21,773732736,0.0243284338570703,20.836666666666662,22.14190476190476,34.733944310483224
2011-08-12,20.23,20.52,20.09,20.3,674487040,0.0044532409698168,20.481111111111108,22.015714285714285,35.71994563903323
2011-08-15,20.5,20.99,20.47,20.99,450457600,0.0339901477832511,20.23888888888889,21.92047619047619,42.848610405549685
2011-08-16,20.77,20.84,20.48,20.76,404770112,-0.0109575988565981,20.06888888888889,21.825238095238095,41.2081036812417
2011-08-17,20.8,20.96,20.54,20.87,391031776,0.0052986512524084,20.093333333333334,21.74047619047619,42.34501776866791
2011-08-18,20.35,20.37,19.77,20.3,515118656,-0.0273119310014374,20.10666666666667,21.641428571428573,38.22049812688741
2011-08-19,19.93,20.35,19.7,19.7,471422880,-0.0295566502463054,20.223333333333333,21.484285714285715,34.41998047168113
2011-08-22,20.1,20.27,19.64,19.65,341986752,-0.0025380710659899,20.27888888888889,21.326190476190476,34.115540199696426
2011-08-23,19.8,20.3,19.51,20.16,436960864,0.0259541984732825,20.326666666666668,21.167142857142856,39.94986159610281
2011-08-24,20.12,20.35,19.99,20.23,371635072,0.0034722222222223,20.32888888888889,21.003809523809526,40.7257265705535
2011-08-25,20.15,20.29,19.78,19.86,387278528,-0.0182896688086999,20.28,20.826190476190476,37.93569841877077
2011-08-26,19.71,20.07,19.58,19.9,351737792,0.0020140986908359,20.15888888888889,20.654761904761905,38.42680346340265
2011-08-29,20.18,20.63,20.17,20.49,334837984,0.0296482412060301,20.128888888888888,20.51142857142857,45.301937499415345
2011-08-30,20.38,20.73,20.3,20.55,348578752,0.0029282576866764,20.093333333333334,20.370952380952378,45.962732534090065
2011-08-31,20.76,20.87,20.43,20.8,545427136,0.0121654501216545,20.148888888888887,20.258095238095237,48.74139049374847
2011-09-01,21.12,21.14,20.85,21.04,455381536,0.0115384615384614,20.297777777777778,20.19857142857143,51.32882552262511
2011-09-02,20.66,20.76,20.03,20.37,494787328,-0.0318441064638782,20.377777777777776,20.185238095238095,44.56564373526144
2011-09-05,19.9,20.1,19.85,20.03,189600672,-0.0166912125675011,20.36333333333333,20.17809523809524,41.57213287341737
2011-09-06,19.73,20.54,19.68,20.47,436914144,0.021967049425861,20.39,20.264761904761905,46.57357461840352
2011-09-08,20.75,20.88,20.57,20.66,334135136,0.0092818759159747,20.47888888888889,20.336666666666666,48.6189080595822
2011-09-09,20.5,20.6,20.07,20.15,398330048,-0.0246853823814134,20.506666666666668,20.356666666666666,43.77460308084177
2011-09-12,19.8,20.34,19.72,20.34,333796096,0.0094292803970224,20.49,20.362857142857145,45.935847016525585
2011-09-13,20.4,20.45,20.15,20.32,303962880,-0.0009832841691248,20.464444444444446,20.363809523809522,45.73655231184277
2011-09-14,20.35,20.82,20.18,20.52,402883584,0.0098425196850393,20.433333333333334,20.341428571428573,48.1587211926506
2011-09-15,20.7,20.78,20.47,20.55,267334112,0.0014619883040936,20.378888888888888,20.33142857142857,48.52985317898056
2011-09-16,20.55,20.67,20.4,20.65,269411264,0.0048661800486617,20.41,20.32095238095238,49.81944297027266
2011-09-19,20.33,20.82,20.32,20.8,413094208,0.0072639225181598,20.495555555555555,20.344761904761906,51.771428182640776
2011-09-20,20.78,21.08,20.58,20.6,310092960,-0.0096153846153845,20.51,20.387619047619047,49.03269197934691
2011-09-21,20.75,21.06,20.55,20.6,403664000,0.0,20.503333333333334,20.432857142857145,49.03269197934691
2011-09-22,20.02,20.17,19.3,19.5,618610432,-0.0533980582524272,20.431111111111115,20.40142857142857,36.66169601213048
2011-09-23,19.51,19.73,19.12,19.16,345806560,-0.0174358974358974,20.3,20.35047619047619,33.82129248445767
2011-09-26,19.35,19.78,18.97,19.78,339932000,0.0323590814196241,20.24,20.346666666666668,42.56056193244837
2011-09-27,20.09,20.1,19.52,19.55,305369344,-0.0116279069767442,20.13222222222222,20.330000000000002,40.42772813045461
2011-09-28,19.58,19.7,19.33,19.35,303202656,-0.0102301790281329,19.99888888888889,20.275714285714283,38.61555859100667
2011-09-29,19.48,19.58,19.23,19.4,295184640,0.0025839793281652,19.86,20.220952380952383,39.347527594684514
2011-09-30,19.18,19.38,18.93,19.1,390826080,-0.015463917525773,19.671111111111113,20.14,36.53269827404945
2011-10-03,18.96,19.07,18.41,18.41,534841216,-0.0361256544502618,19.42777777777778,20.014761904761905,31.033731072644855
2011-10-04,18.25,18.55,17.9,18.55,535950560,0.0076045627376426,19.2,19.92809523809524,33.229798617822894
2011-10-05,18.4,18.75,18.05,18.21,373203872,-0.0183288409703503,19.056666666666665,19.841428571428573,30.675149732816323
2011-10-06,18.49,19.09,18.35,18.85,513038112,0.0351455244371226,19.022222222222222,19.764285714285716,40.022296880086465
2011-10-07,19.07,19.07,18.21,18.3,398480416,-0.0291777188328913,18.857777777777777,19.651904761904763,35.58221919287911
2011-10-10,18.5,18.98,18.35,18.91,330064544,0.0333333333333332,18.78666666666667,19.59285714285714,43.119332940237754
2011-10-11,18.7,19.21,18.55,19.16,562128000,0.0132205182443152,18.765555555555554,19.53666666666667,45.91246430775838
2011-10-13,19.4,19.54,18.98,19.39,520286464,0.0120041753653445,18.764444444444447,19.492380952380955,48.42183641959673
2011-10-14,19.55,19.7,19.31,19.64,407857120,0.0128932439401754,18.824444444444442,19.450476190476188,51.078662062392915
2011-10-17,19.45,19.7,18.98,19.3,439496768,-0.0173116089613034,18.923333333333332,19.39095238095238,47.495447957903714
2011-10-18,19.2,19.53,19.01,19.45,431278688,0.0077720207253886,19.023333333333333,19.333809523809524,49.18896025037554
2011-10-19,19.44,19.49,19.07,19.23,315596384,-0.0113110539845757,19.13666666666667,19.259047619047617,46.80447375261794
2011-10-20,19.18,19.18,18.62,18.82,326305824,-0.0213208528341133,19.133333333333336,19.174285714285716,42.654564530667756
2011-10-21,18.96,19.38,18.93,19.27,361336512,0.0239107332624866,19.241111111111113,19.11095238095238,48.09432088471926
2011-10-24,19.4,19.89,19.24,19.78,428191776,0.0264660093409445,19.33777777777778,19.124285714285715,53.48024641686118
2011-10-25,19.65,20.13,19.54,19.93,433780928,0.0075834175935287,19.423333333333332,19.160952380952384,54.96052861993106
2011-10-26,20.15,20.25,19.86,20.08,317253056,0.0075263421976918,19.5,19.175238095238097,56.45281402554702
2011-10-27,20.67,21.24,20.55,20.94,819304896,0.0428286852589643,19.644444444444446,19.24142857142857,63.848476559195966
2011-10-28,20.85,21.58,20.78,21.58,637421888,0.0305635148042022,19.897777777777776,19.347619047619048,68.17949702615454
2011-10-31,21.65,21.98,21.26,21.32,664549760,-0.0120481927710842,20.105555555555558,19.439047619047617,64.78395471941379
2011-11-01,20.4,21.25,20.4,21.13,581413696,-0.0089118198874297,20.316666666666666,19.535714285714285,62.34057430635998
2011-11-03,21.56,21.97,21.32,21.92,522500736,0.037387600567913,20.66111111111111,19.70285714285714,67.78165357354567
2011-11-04,21.73,22.18,21.71,22.1,421136000,0.0082116788321167,20.97555555555556,19.871904761904762,68.88475312609698
2011-11-07,22.05,22.78,21.97,22.68,572855104,0.0262443438914026,21.297777777777775,20.084761904761905,72.18897110267801
2011-11-08,22.8,22.94,22.32,22.41,497152544,-0.0119047619047618,21.573333333333334,20.254285714285714,68.54008321465584
2011-11-09,22.01,22.19,21.44,21.46,604277376,-0.0423917893797411,21.726666666666667,20.404761904761905,57.52280646182715
2011-11-10,21.75,21.9,21.51,21.51,333920800,0.0023299161230196,21.790000000000003,20.52857142857143,57.90631729588421
2011-11-11,21.89,22.15,21.79,21.96,362434368,0.0209205020920502,21.832222222222224,20.66190476190476,61.293459078978714
2011-11-14,21.86,22.05,21.63,21.92,277140736,-0.0018214936247722,21.89888888888889,20.782380952380954,60.82493676431972
2011-11-16,21.96,22.22,21.72,22.11,455535872,0.0086678832116786,22.007777777777775,20.900000000000002,62.29910190649223
2011-11-17,21.96,22.12,21.49,21.52,488452160,-0.0266847580280416,21.963333333333335,21.005714285714287,55.33565055653924
2011-11-18,21.7,21.87,21.47,21.75,434574976,0.0106877323420073,21.924444444444443,21.115238095238094,57.33757994448302
2011-11-21,21.41,21.85,21.31,21.8,710968576,0.0022988505747125,21.826666666666668,21.23761904761905,57.78060329487831
2011-11-22,21.74,21.98,21.62,21.68,433017120,-0.0055045871559633,21.745555555555555,21.373809523809523,56.27032670231824
2011-11-23,21.49,21.68,21.44,21.57,361879424,-0.0050738007380073,21.757777777777775,21.483333333333334,54.85490449530675
2011-11-24,21.74,21.8,21.53,21.67,221279648,0.0046360686138156,21.775555555555556,21.57333333333333,55.93993927199099
2011-11-25,21.48,21.65,21.01,21.01,390064832,-0.0304568527918781,21.67,21.624761904761904,47.778059264197374
2011-11-28,21.51,21.68,21.36,21.5,321136384,0.023322227510709,21.62333333333333,21.692380952380955,53.23361327400111
2011-11-29,21.52,21.89,21.32,21.41,396985440,-0.0041860465116279,21.54555555555556,21.714761904761904,52.15585823746498
2011-11-30,21.8,22.22,21.68,22.05,645241984,0.0298925735637551,21.604444444444443,21.737142857142857,58.578095252997706
2011-12-01,22.33,22.53,22.13,22.52,500056416,0.021315192743764,21.69,21.794285714285714,62.55341731544133
2011-12-02,22.62,22.73,22.35,22.53,394441664,0.0004440497335702,21.771111111111114,21.860952380952384,62.635582398023246
2011-12-05,22.74,23.12,22.64,22.97,438046048,0.0195295162006212,21.914444444444445,21.91095238095238,66.15453157330516
2011-12-06,22.82,23.36,22.82,23.32,394293280,0.0152372659991293,22.10888888888889,21.969047619047622,68.68126292481898
2011-12-07,23.34,23.47,23.01,23.29,432197504,-0.0012864493996569,22.288888888888888,21.99809523809524,68.21120416540181
2011-12-08,23.35,23.45,22.37,22.52,577945792,-0.0330613997423786,22.456666666666667,22.003333333333334,57.36001598363646
2011-12-09,22.71,23.15,22.6,23.02,404387424,0.0222024866785079,22.625555555555554,22.07761904761905,61.628682720590874
2011-12-12,22.76,22.85,22.18,22.42,352875520,-0.0260642919200694,22.737777777777776,22.120952380952378,54.56897181608617
2011-12-13,22.59,22.8,22.37,22.42,518326624,0.0,22.778888888888886,22.142857142857142,54.56897181608617
2011-12-14,22.35,22.45,21.82,21.82,719457088,-0.0267618198037467,22.70111111111111,22.138095238095236,48.1694817067815
2011-12-15,22.05,22.3,21.47,21.51,543354432,-0.0142071494042163,22.587777777777777,22.10952380952381,45.21885487027116
2011-12-16,21.6,21.71,21.3,21.3,455494080,-0.0097629009762901,22.40222222222222,22.099047619047617,43.284581632133154
2011-12-19,21.37,21.62,21.12,21.12,404503424,-0.0084507042253521,22.15777777777778,22.06904761904762,41.64039542056178
2011-12-20,21.4,22.1,21.31,22.1,532891648,0.0464015151515151,22.025555555555556,22.083333333333332,52.27060768464671
2011-12-21,21.9,21.99,21.52,21.92,403643936,-0.0081447963800904,21.95888888888889,22.094761904761906,50.452807889567204
2011-12-22,22.08,22.3,21.92,22.15,311111072,0.0104927007299269,21.862222222222226,22.12238095238095,52.71560866191318
2011-12-23,22.27,22.39,22.17,22.22,207177312,0.003160270880361,21.84,22.14857142857143,53.412953097724376
2011-12-26,22.3,22.34,22.17,22.17,62724216,-0.0022502250225021,21.81222222222222,22.20380952380952,52.81380574007345
2011-12-27,22.17,22.32,22.14,22.2,206410480,0.0013531799729362,21.854444444444443,22.237142857142857,53.15335398903008
2011-12-28,22.24,22.24,21.42,21.43,343462208,-0.0346846846846846,21.845555555555556,22.238095238095237,44.33500199752548
2011-12-29,21.59,21.59,21.0,21.49,463590848,0.0027998133457769,21.866666666666664,22.21142857142857,45.099329719443276
2012-01-02,21.51,22.12,21.26,21.73,439552960,0.0111679851093533,21.934444444444445,22.173809523809524,48.16526492037022
2012-01-03,21.83,22.41,21.81,22.41,507187392,0.0312931431201104,21.968888888888888,22.168095238095237,55.711920464209705
2012-01-04,22.18,22.58,21.98,22.57,417970560,0.0071396697902721,22.04111111111111,22.14904761904762,57.28765415980156
2012-01-05,22.39,22.61,22.15,22.31,435807520,-0.0115197164377492,22.058888888888887,22.100952380952382,53.92979270388826
2012-01-06,22.47,22.58,22.25,22.33,312031360,0.0008964589870013,22.071111111111108,22.055238095238096,54.15241034363917
2012-01-09,22.44,22.63,22.28,22.63,328707904,0.0134348410210478,22.12222222222222,22.06047619047619,57.472041878872304
2012-01-10,22.94,23.02,22.79,22.9,483295392,0.0119310649580202,22.2,22.054761904761904,60.2608530302189
2012-01-11,22.89,23.0,22.65,22.91,453264352,0.0004366812227074,22.36444444444444,22.07809523809524,60.36452219316865
2012-01-12,22.99,23.27,22.78,23.08,653411584,0.00742034046268,22.54111111111111,22.10952380952381,62.17122585318161
2012-01-13,22.95,23.1,22.85,23.05,622932736,-0.0012998266897745,22.68777777777778,22.16809523809524,61.6372725762241
2012-01-16,23.05,23.7,23.02,23.65,704140352,0.0260303687635574,22.825555555555553,22.27,67.62588735963871
2012-01-17,23.97,24.13,23.7,23.8,642707648,0.0063424947145878,22.962222222222223,22.38904761904762,68.93163714407964
2012-01-18,23.82,24.46,23.82,24.37,624859840,0.0239495798319326,23.191111111111113,22.543809523809525,73.33315098055334
2012-01-19,24.4,24.54,24.21,24.21,556803328,-0.006565449322938,23.4,22.64428571428571,70.32151995738879
2012-01-20,24.1,24.22,23.88,24.22,400319392,0.0004130524576619,23.576666666666668,22.753809523809522,70.40333044109838
2012-01-23,24.09,25.49,24.04,25.13,909036224,0.0375722543352601,23.824444444444445,22.895714285714284,76.69815567946318
2012-01-24,25.05,25.78,24.95,25.4,948414144,0.0107441305212891,24.10111111111111,23.047142857142855,78.1809589916036
2012-01-26,25.73,25.89,24.92,24.92,775954432,-0.0188976377952754,24.305555555555557,23.17809523809524,69.69053800229327
2012-01-27,25.08,25.15,24.62,24.67,436799872,-0.0100321027287318,24.485555555555557,23.295714285714286,65.68919635056736
2012-01-30,24.43,24.63,24.35,24.57,412084352,-0.0040535062829347,24.58777777777778,23.445238095238096,64.10372015396587
2012-01-31,24.75,24.94,24.33,24.57,691236864,0.0,24.673333333333332,23.59190476190476,64.10372015396588
2012-02-01,24.7,25.17,24.63,24.95,606225792,0.0154660154660153,24.737777777777776,23.745238095238093,67.5549019126489
2012-02-02,24.88,25.22,24.45,24.53,658605760,-0.0168336673346692,24.77333333333333,23.84619047619048,60.61793096103384
2012-02-03,24.47,24.93,24.37,24.61,501537984,0.0032613126783529,24.816666666666666,23.94333333333333,61.430357316440876
2012-02-06,24.49,24.86,24.4,24.86,355924640,0.0101584721657863,24.786666666666665,24.064761904761905,63.93424696090412
2012-02-07,24.72,25.64,24.72,25.6,744863808,0.0297666934835076,24.80888888888889,24.22047619047619,70.11804114379731
2012-02-08,25.65,25.88,25.3,25.43,635568448,-0.006640625,24.865555555555556,24.353809523809524,67.26472888060526
2012-02-09,25.48,25.74,25.17,25.5,601670016,0.0027526543452616,24.95777777777778,24.477619047619047,67.84496179361483
2012-02-10,24.24,24.55,23.5,23.5,2110812928,-0.0784313725490196,24.83888888888889,24.505714285714287,43.901661455321786
2012-02-13,23.8,24.54,23.62,24.36,1128500096,0.0365957446808511,24.815555555555555,24.566666666666666,51.7817483909146
2012-02-14,24.36,24.36,23.1,23.21,993616128,-0.0472085385878489,24.622222222222224,24.57428571428571,43.06942218921539
2012-02-15,23.49,23.59,22.71,23.1,929303232,-0.0047393364928909,24.463333333333335,24.548095238095236,42.33568000933727
2012-02-16,22.95,23.93,22.83,23.88,864099648,0.0337662337662336,24.38222222222222,24.551904761904762,48.9739240231812
2012-02-17,24.1,24.15,23.65,24.05,580895872,0.0071189279731993,24.292222222222225,24.536666666666665,50.31637463745846
2012-02-22,23.92,24.13,23.74,23.89,410406208,-0.0066528066528066,24.10222222222222,24.521428571428572,49.00947586751335
2012-02-23,23.68,24.09,23.67,23.92,501413056,0.0012557555462537,23.93444444444445,24.507142857142856,49.2755093242591
2012-02-24,24.15,24.59,24.11,24.48,575761664,0.0234113712374581,23.82111111111111,24.476190476190474,54.09055368036865
2012-02-27,24.65,24.92,24.29,24.35,741120064,-0.0053104575163398,23.915555555555557,24.426190476190477,52.83666775909157
2012-02-28,24.51,24.69,24.33,24.33,573260544,-0.0008213552361397,23.912222222222223,24.398095238095237,52.63451552019029
2012-02-29,24.5,24.64,24.24,24.31,575327232,-0.0008220304151252,24.034444444444446,24.38095238095238,52.41853593358229
2012-03-01,24.51,24.88,24.46,24.88,459703808,0.0234471410941998,24.232222222222223,24.395714285714284,57.74076160055445
2012-03-02,24.94,25.3,24.86,25.3,504735040,0.0168810289389067,24.39,24.43047619047619,61.18588141595206
2012-03-05,25.15,25.24,24.45,24.59,564046976,-0.0280632411067194,24.45,24.413333333333338,53.27856804858676
2012-03-06,24.1,24.13,23.59,23.75,601533248,-0.0341602277348516,24.434444444444445,24.376190476190477,45.746098106358914
2012-03-07,24.05,24.15,23.76,23.98,389813344,0.0096842105263157,24.441111111111113,24.34619047619048,47.91735460660878
2012-03-08,24.42,24.45,23.91,24.09,334933024,0.0045871559633028,24.397777777777776,24.30952380952381,48.9692240959462
2012-03-09,24.1,24.25,23.71,23.71,356541088,-0.0157741801577417,24.326666666666668,24.21952380952381,45.5470311480066
2012-03-12,23.55,23.76,23.36,23.43,326643712,-0.0118093631379165,24.226666666666667,24.124285714285715,43.15393164469021
2012-03-13,23.65,24.43,23.48,24.43,651675584,0.0426803243704652,24.24,24.07333333333333,52.71031852611314
2012-03-14,24.4,25.08,24.28,24.83,862639232,0.0163733115022512,24.234444444444442,24.136666666666667,55.90362673417634
2012-03-15,24.68,24.99,24.17,24.22,650143232,-0.0245670559806685,24.114444444444445,24.130000000000003,50.322855132438434
2012-03-16,24.25,24.45,23.62,24.35,932404352,0.0053674649050372,24.08777777777778,24.184285714285714,51.43553711576453
2012-03-19,24.27,24.67,24.02,24.51,918684736,0.006570841889117,24.172222222222224,24.251428571428573,52.83573310914955
2012-03-20,24.01,24.31,23.97,24.27,425236064,-0.0097919216646267,24.20444444444444,24.27,50.48445575068053
2012-03-21,24.21,24.4,24.07,24.11,300447040,-0.0065925010300782,24.206666666666667,24.272857142857145,48.921421076656195
2012-03-22,23.99,24.05,23.7,23.8,394881856,-0.0128577353795105,24.21666666666667,24.268571428571427,45.952835052169696
2012-03-23,23.93,24.1,23.67,23.7,382552384,-0.004201680672269,24.246666666666666,24.25809523809524,45.00414129312675
2012-03-26,23.94,24.28,23.86,24.21,356377568,0.0215189873417722,24.22222222222222,24.245238095238093,50.60496485386573
2012-03-27,24.21,24.29,23.8,23.8,493616288,-0.016935150764147,24.107777777777777,24.21904761904762,46.504654843767305
2012-03-28,23.79,23.8,23.21,23.39,461012096,-0.0172268907563025,24.015555555555558,24.174285714285713,42.772395427265934
2012-03-29,23.21,23.4,22.93,23.32,544323392,-0.0029927319367251,23.901111111111113,24.127142857142857,42.15041584642914
2012-03-30,23.5,23.54,23.11,23.35,411742144,0.0012864493996569,23.772222222222222,24.054285714285715,42.536085669130934
2012-04-02,23.28,23.6,23.02,23.23,420093440,-0.0051391862955032,23.65666666666667,23.955714285714286,41.34861987092469
2012-04-03,23.22,23.3,22.52,22.55,474286976,-0.0292724924666379,23.483333333333334,23.85857142857143,35.32973166664377
2012-04-04,22.26,22.36,21.76,21.76,526724256,-0.0350332594235033,23.256666666666668,23.763809523809524,29.88675063979123
2012-04-05,21.82,22.18,21.66,22.0,443241792,0.0110294117647058,23.067777777777778,23.66952380952381,33.25116151507851
2012-04-09,21.76,21.87,21.51,21.59,311541952,-0.0186363636363636,22.776666666666667,23.55047619047619,30.553843907488726
2012-04-10,21.5,21.71,21.01,21.19,415372160,-0.018527095877721,22.486666666666668,23.43047619047619,28.15428921849589
2012-04-11,21.45,21.59,21.27,21.35,528184512,0.0075507314771119,22.26,23.331428571428575,30.505334220975783
2012-04-12,21.51,22.08,21.38,22.01,420373376,0.0309133489461357,22.114444444444445,23.216190476190476,39.3254679232142
2012-04-13,21.88,22.05,21.55,21.67,422942592,-0.0154475238527941,21.92777777777778,23.065714285714286,36.73864613208918
2012-04-16,21.83,21.93,21.35,21.51,348439488,-0.0073834794646977,21.736666666666665,22.936666666666667,35.55342389338162
2012-04-17,21.78,21.78,21.38,21.58,353308288,0.0032543003254299,21.62888888888889,22.804761904761904,36.51833584921693
2012-04-18,21.55,21.86,21.27,21.76,501881600,0.0083410565338277,21.628888888888888,22.673809523809524,39.04560788144371
2012-04-19,21.63,21.9,21.45,21.45,251397824,-0.0142463235294119,21.567777777777778,22.53952380952381,36.360812802602354
2012-04-20,21.62,21.79,21.46,21.46,186113264,0.0004662004662006,21.55333333333333,22.413333333333334,36.512465592863734
2012-04-23,21.21,21.3,21.05,21.28,327353504,-0.0083876980428704,21.563333333333333,22.293333333333333,34.90029119460873
2012-04-24,21.33,21.39,21.11,21.24,288700640,-0.0018796992481204,21.551111111111112,22.176190476190477,34.53536330291823
2012-04-25,21.38,21.49,20.81,21.13,561490240,-0.0051789077212806,21.453333333333333,22.02952380952381,33.49803850028563
2012-04-26,20.9,21.33,20.83,21.24,475089152,0.0052058684335067,21.405555555555555,21.907619047619047,35.581781373252454
2012-04-27,21.35,21.35,20.87,20.93,309328640,-0.0145951035781544,21.34111111111111,21.79047619047619,32.49192166097002
2012-04-30,20.97,21.29,20.88,21.29,337934176,0.0172001911132346,21.308888888888887,21.693809523809524,39.105199615052484
2012-05-02,21.26,22.06,21.21,22.0,595954560,0.0333489901362142,21.33555555555556,21.62952380952381,49.59315992255058
2012-05-03,21.99,22.25,21.33,21.4,486613952,-0.0272727272727273,21.33,21.542380952380952,42.87309799105252
2012-05-04,21.26,21.37,20.2,20.48,799636416,-0.0429906542056074,21.221111111111114,21.443809523809524,35.03405328951516
2012-05-07,20.45,20.72,20.1,20.58,476406656,0.0048828125,21.14333333333333,21.387619047619047,36.39538437896729
2012-05-08,20.4,20.49,20.01,20.26,472615744,-0.0155490767735664,21.034444444444446,21.304761904761904,33.94418815420188
2012-05-09,20.05,20.25,19.78,20.16,493119200,-0.0049358341559724,20.926666666666666,21.236666666666668,33.19187566999308
2012-05-10,20.3,20.5,19.92,19.92,388339136,-0.0119047619047618,20.779999999999998,21.176190476190477,31.3935466597175
2012-05-11,19.71,20.05,19.53,19.53,445220672,-0.019578313253012,20.624444444444446,21.089523809523808,28.67475962667804
2012-05-14,19.08,19.25,18.9,18.9,497565376,-0.0322580645161291,20.358888888888888,20.94142857142857,24.920290526841683
2012-05-15,19.0,19.27,18.49,18.49,592326208,-0.0216931216931216,19.968888888888888,20.79,22.825692450602133
2012-05-16,19.27,19.6,18.95,19.29,1032027776,0.0432666306111411,19.734444444444446,20.684285714285714,34.41013522107713
2012-05-17,19.44,19.44,18.43,18.43,610294400,-0.044582685329186,19.506666666666668,20.534285714285716,29.315702208454383
2012-05-18,18.6,19.21,18.43,19.07,583290304,0.0347259902333152,19.33888888888889,20.406190476190474,36.81297928907832
2012-05-21,19.19,20.4,19.14,20.4,804825152,0.0697430519140009,19.354444444444443,20.356190476190474,48.93466792939483
2012-05-22,20.32,20.5,19.7,19.71,513548768,-0.0338235294117645,19.304444444444442,20.272857142857145,44.197536422732846
2012-05-23,19.66,19.79,18.9,19.23,506548064,-0.0243531202435312,19.227777777777778,20.175238095238093,41.20894130279054
2012-05-24,19.34,19.56,18.56,18.7,463977600,-0.0275611024440978,19.135555555555555,20.054285714285715,38.142089325773846
2012-05-25,18.72,19.1,18.53,18.64,351960064,-0.0032085561497325,19.10666666666667,19.935714285714283,37.79912952313995
2012-05-28,18.95,19.15,18.78,18.79,169954608,0.0080472103004292,19.14,19.81904761904762,39.26931329823957
2012-05-29,18.91,19.22,18.7,18.85,439318432,0.0031931878658861,19.09111111111111,19.72,39.88142197744423
2012-05-30,18.56,18.68,18.32,18.35,433179936,-0.026525198938992,19.08222222222222,19.580000000000002,36.573255175788155
2012-05-31,18.48,19.13,18.08,19.13,564546048,0.0425068119891007,19.08888888888889,19.443333333333335,44.33106233341726
2012-06-01,18.53,19.02,18.39,18.8,574960512,-0.0172503920543647,18.91111111111111,19.31952380952381,41.99100322363238
2012-06-04,18.84,19.26,18.68,19.11,444755840,0.0164893617021275,18.84444444444445,19.254285714285714,44.93171639550462
2012-06-05,19.21,19.32,18.74,18.8,392692128,-0.0162218733647304,18.796666666666667,19.16952380952381,42.605715596931745
2012-06-06,19.05,19.32,18.96,19.09,547511680,0.0154255319148934,18.84,19.113809523809525,45.45061987127148
2012-06-08,19.05,19.2,18.66,18.88,418839936,-0.0110005238344683,18.866666666666664,19.052857142857142,43.75911398820104
2012-06-11,19.11,19.19,18.39,18.39,431679392,-0.0259533898305084,18.822222222222223,18.98,40.01682124146992
2012-06-12,18.45,18.67,18.32,18.6,454727552,0.0114192495921696,18.794444444444444,18.935714285714283,42.29450944845181
2012-06-13,18.53,18.92,18.4,18.9,522610368,0.0161290322580642,18.855555555555558,18.935714285714287,45.47952162637295
2012-06-14,18.55,18.78,18.15,18.17,750249600,-0.0386243386243384,18.748888888888885,18.920476190476194,39.732692954974745
2012-06-15,18.27,18.55,17.83,18.55,528563904,0.0209135938359934,18.721111111111114,18.885238095238094,43.719418661498445
2012-06-18,18.43,19.04,18.21,18.9,641981568,0.0188679245283016,18.697777777777777,18.907619047619047,47.18488684614765
2012-06-19,19.0,19.99,18.95,19.65,965882048,0.0396825396825397,18.79222222222222,18.935238095238095,53.755969403858394
2012-06-20,19.73,20.15,19.65,19.9,620196992,0.0127226463104326,18.88222222222222,18.911428571428573,55.733038512703224
2012-06-21,20.01,20.07,19.27,19.27,539190528,-0.0316582914572863,18.925555555555558,18.89047619047619,49.93888214484951
2012-06-22,19.4,19.66,19.06,19.55,399623584,0.0145303580695381,19.054444444444442,18.90571428571429,52.31184102309782
2012-06-25,18.7,18.89,17.8,17.8,894361088,-0.0895140664961636,18.965555555555554,18.862857142857145,39.65882158121042
2012-06-26,18.04,18.25,17.76,18.0,665900288,0.0112359550561798,18.865555555555556,18.83238095238095,41.40321558556206
2012-06-27,18.0,18.21,17.62,17.64,375267968,-0.02,18.806666666666665,18.777619047619048,39.206154013801
2012-06-28,17.6,18.0,17.42,17.7,378882272,0.0034013605442175,18.712222222222223,18.722857142857144,39.7797212699884
2012-06-29,18.24,18.33,17.97,18.25,420871648,0.0310734463276836,18.64,18.718095238095238,44.910569156758115
2012-07-02,18.1,18.49,17.97,18.36,356652160,0.006027397260274,18.496666666666666,18.681428571428572,45.90330070715179
2012-07-03,18.52,19.13,18.4,18.99,556172416,0.0343137254901959,18.395555555555557,18.69047619047619,51.3145245818344
2012-07-04,18.89,19.22,18.79,18.95,231140368,-0.0021063717746181,18.36,18.682857142857145,50.96593942248099
2012-07-05,19.1,19.79,19.05,19.6,705880320,0.0343007915567283,18.36555555555556,18.72095238095238,56.1757413354098
2012-07-06,19.35,19.5,19.1,19.2,406762240,-0.0204081632653062,18.52111111111111,18.726190476190474,52.48042189006172
2012-07-10,19.1,19.18,18.35,18.39,573710144,-0.0421874999999999,18.564444444444444,18.70285714285714,45.896396796117784
2012-07-11,18.51,18.8,18.21,18.54,403274784,0.0081566068515497,18.664444444444445,18.709999999999997,47.21702019398247
2012-07-12,18.3,18.73,18.04,18.58,477387296,0.0021574973031284,18.76222222222222,18.709047619047617,47.584443260048054
2012-07-13,19.55,19.64,19.33,19.55,1006591680,0.0522066738428419,18.906666666666666,18.74,55.647300920904264
2012-07-16,19.55,19.76,19.16,19.35,518879040,-0.0102301790281329,19.016666666666666,18.796190476190475,53.809368126896814
2012-07-17,19.43,19.59,19.12,19.25,320713568,-0.0051679586563307,19.045555555555556,18.82952380952381,52.869120393712016
2012-07-18,19.15,19.33,18.98,19.33,328472064,0.004155844155844,19.08777777777778,18.849999999999998,53.56811747950645
2012-07-19,19.33,19.77,19.33,19.62,407901184,0.0150025866528713,19.09,18.84857142857143,56.10929536640373
2012-07-20,19.38,19.56,19.11,19.18,367180672,-0.0224260958205912,19.087777777777777,18.814285714285713,51.50359498846559
2012-07-23,18.87,19.04,18.41,18.96,400622688,-0.0114702815432742,19.15111111111111,18.79952380952381,49.32352872553407
2012-07-24,19.05,19.2,18.63,18.79,367988064,-0.0089662447257384,19.17888888888889,18.763333333333332,47.645255245995365
2012-07-25,19.0,19.21,18.75,19.0,336710976,0.0111761575306015,19.225555555555555,18.820476190476192,49.91247302395372
2012-07-26,19.26,19.41,19.0,19.26,396359200,0.0136842105263159,19.193333333333335,18.88047619047619,52.6466500889889
2012-07-27,19.45,20.18,19.31,20.17,747948544,0.0472481827622015,19.284444444444446,19.00095238095238,60.727211159557214
2012-07-30,20.06,20.31,19.81,20.31,459853824,0.0069410014873572,19.40222222222222,19.125238095238096,61.807017104852264
2012-07-31,20.31,20.31,19.43,19.5,752519552,-0.0398818316100442,19.42111111111111,19.184761904761906,52.76719921354833
2012-08-01,19.5,19.92,19.1,19.82,541087232,0.0164102564102563,19.443333333333335,19.254285714285714,55.53413023016793
2012-08-02,19.55,20.04,19.41,19.6,497663040,-0.0110998990918264,19.490000000000002,19.283333333333335,53.22561518947537
2012-08-03,19.98,20.27,19.86,19.94,615248192,0.0173469387755103,19.59888888888889,19.33047619047619,56.25231096175045
2012-08-06,19.02,20.26,18.83,19.92,1087793024,-0.0010030090270811,19.724444444444444,19.345714285714287,56.02266426306827
2012-08-07,20.15,20.64,20.07,20.25,732152128,0.0165662650602409,19.863333333333333,19.395714285714288,58.997090095242726
2012-08-08,20.39,21.2,20.25,21.18,861555776,0.0459259259259259,20.076666666666668,19.52857142857143,65.98034408055618
2012-08-09,20.91,21.13,20.7,21.0,500133440,-0.0084985835694051,20.16888888888889,19.645714285714284,63.71839800499386
2012-08-10,20.82,21.19,20.75,21.07,396446208,0.0033333333333334,20.253333333333334,19.764285714285716,64.2319368652692
2012-08-13,21.02,21.29,20.91,21.03,412372320,-0.0018984337921215,20.423333333333332,19.834761904761905,63.677288098067045
2012-08-14,21.15,21.35,20.81,20.84,418755936,-0.0090347123157394,20.53666666666667,19.905714285714286,60.983534196343925
2012-08-15,20.78,21.11,20.74,21.05,578789056,0.0100767754318618,20.69777777777778,19.99142857142857,62.85394266073233
2012-08-16,21.3,21.53,21.14,21.46,465549536,0.0194774346793349,20.866666666666664,20.092857142857145,66.25523659488996
2012-08-17,21.57,21.6,21.32,21.55,376269056,0.0041938490214352,21.047777777777778,20.184761904761906,66.97019501526275
2012-08-20,21.49,21.71,21.4,21.58,684179328,0.0013921113689094,21.195555555555554,20.29904761904762,67.21951278354419
2012-08-21,21.86,21.88,21.16,21.24,648175872,-0.015755329008341,21.202222222222222,20.40761904761905,61.5491406618977
2012-08-22,21.12,21.53,21.03,21.49,448306080,0.0117702448210923,21.256666666666668,20.536190476190477,63.956749482516564
2012-08-23,21.4,21.51,21.14,21.28,361285344,-0.0097719869706839,21.28,20.644761904761907,60.528265881039964
2012-08-24,21.1,21.49,21.05,21.23,494901248,-0.0023496240601503,21.302222222222223,20.73857142857143,59.707573301214666
2012-08-27,21.27,21.39,21.03,21.37,311507680,0.0065944418276024,21.36111111111111,20.795714285714286,61.2902260104601
2012-08-28,21.26,21.49,21.26,21.34,264440736,-0.0014038371548901,21.39333333333333,20.844761904761906,60.73965615112312
2012-08-29,21.49,21.52,21.1,21.21,407589248,-0.0060918462980318,21.36555555555556,20.926190476190477,58.29585607010351
2012-08-30,21.09,21.26,20.9,21.04,322316448,-0.0080150872230081,21.308888888888887,20.984285714285715,55.16988007830765
2012-08-31,21.15,21.21,20.75,20.75,498435904,-0.013783269961977,21.216666666666665,21.03904761904762,50.22245058237104
2012-09-03,20.77,20.87,20.5,20.68,206179520,-0.0033734939759035,21.154444444444447,21.074285714285715,49.07838077299207
2012-09-04,20.63,20.74,20.38,20.43,288155296,-0.0120889748549323,21.036666666666665,21.09857142857143,45.12475018728373
2012-09-05,20.55,20.7,20.28,20.59,272793568,0.0078316201664219,20.959999999999997,21.114761904761902,48.01130264985952
2012-09-06,20.67,21.14,20.6,21.0,390592512,0.0199125789218066,20.934444444444445,21.106190476190477,54.60142825638618
2012-09-10,21.44,21.54,21.14,21.23,486170560,0.010952380952381,20.91888888888889,21.11714285714286,57.83073604384294
2012-09-11,21.27,21.76,21.25,21.72,407482592,0.0230805463966083,20.961111111111112,21.148095238095237,63.74719425299121
2012-09-12,21.81,22.07,21.68,21.99,600048192,0.0124309392265193,21.047777777777775,21.193809523809524,66.5334980608601
2012-09-13,21.94,23.06,21.81,22.9,902810368,0.0413824465666212,21.254444444444445,21.29190476190476,73.83312960681079
2012-09-14,23.07,23.84,23.05,23.3,1084782976,0.0174672489082969,21.537777777777777,21.399047619047618,76.28203151165322
2012-09-17,23.17,23.69,22.86,23.25,708799296,-0.0021459227467811,21.823333333333334,21.48428571428571,75.3329591433955
2012-09-18,23.34,23.44,23.05,23.2,386924800,-0.0021505376344086,22.13111111111111,21.562857142857144,74.33694281420756
2012-09-19,23.15,23.34,22.65,22.67,671415744,-0.0228448275862067,22.362222222222222,21.614761904761902,64.58865738496996
2012-09-20,22.54,23.2,22.42,22.93,479902080,0.0114689016321127,22.576666666666668,21.695238095238093,66.88299218666116
2012-09-21,23.15,23.25,22.7,22.7,427632064,-0.0100305276929786,22.74,21.752857142857142,62.9947110440886
2012-09-24,22.66,22.96,22.55,22.96,407453632,0.0114537444933922,22.877777777777776,21.832857142857144,65.44060851065414
2012-09-25,22.96,23.1,22.6,22.74,572587648,-0.0095818815331011,22.961111111111112,21.904761904761905,61.723065910504616
2012-09-26,22.52,22.82,22.46,22.77,420915328,0.0013192612137202,22.94666666666667,21.97142857142857,62.039746168381235
2012-09-27,22.9,22.99,22.69,22.71,414918464,-0.0026350461133068,22.88111111111111,22.036666666666665,60.95357638429594
2012-09-28,22.55,22.65,22.2,22.37,416939136,-0.014971378247468,22.78333333333333,22.09190476190476,55.069831881954045
2012-10-01,22.33,22.84,22.31,22.51,351984800,0.0062583817612875,22.706666666666667,22.16190476190476,56.914098067949546
2012-10-02,22.67,22.8,22.34,22.7,353166688,0.008440693025322,22.709999999999997,22.254761904761907,59.35262900681319
2012-10-03,22.76,22.88,22.28,22.34,505370528,-0.0158590308370043,22.644444444444446,22.333809523809524,53.20789938171018
2012-10-04,22.36,22.57,22.02,22.4,498294528,0.0026857654431511,22.61111111111111,22.427619047619046,54.06153538999035
2012-10-05,22.68,22.68,22.2,22.25,327082432,-0.0066964285714284,22.532222222222224,22.506666666666668,51.53054991254302
2012-10-08,22.1,22.49,22.1,22.41,294803488,0.007191011235955,22.495555555555555,22.573809523809523,54.00417078642163
2012-10-09,22.45,22.6,22.19,22.22,377976352,-0.0084783578759483,22.434444444444445,22.620952380952378,50.69550572001603
2012-10-10,22.27,22.4,22.11,22.12,352734432,-0.0045004500450044,22.36888888888889,22.64,48.99412846325322
2012-10-11,22.27,22.6,22.2,22.5,493375520,0.0171790235081374,22.383333333333336,22.664285714285715,55.153395205919104
2012-10-15,22.55,22.81,22.43,22.8,522980896,0.0133333333333334,22.415555555555553,22.659523809523808,59.3289707434808
2012-10-16,22.94,23.1,22.54,22.8,492777504,0.0,22.426666666666666,22.635714285714286,59.3289707434808
2012-10-17,22.74,22.88,22.55,22.62,613536640,-0.0078947368421052,22.45777777777778,22.60571428571429,55.7189451706373
2012-10-18,22.55,22.65,22.3,22.5,678767936,-0.0053050397877985,22.468888888888888,22.57238095238095,53.386721802599
2012-10-19,22.53,22.6,22.25,22.25,444554208,-0.011111111111111,22.468888888888888,22.552380952380954,48.80358879010355
2012-10-22,22.33,22.55,22.01,22.05,413794400,-0.0089887640449437,22.42888888888889,22.51047619047619,45.44260010347941
2012-10-23,21.94,21.97,21.5,21.67,558607104,-0.0172335600907028,22.36777777777778,22.46142857142857,39.830002466935035
2012-10-24,21.73,21.81,21.54,21.54,232134032,-0.005999077065067,22.30333333333333,22.393809523809523,38.09647789653867
2012-10-25,21.71,22.03,21.64,21.75,250119136,0.0097493036211699,22.22,22.346666666666664,42.45358809453853
2012-10-26,21.69,22.41,21.61,22.1,559408256,0.0160919540229884,22.142222222222223,22.314761904761905,48.908169468395776
2012-10-29,21.5,21.6,21.17,21.35,430541664,-0.0339366515837104,21.98111111111111,22.25,38.85184310899445
2012-10-30,21.4,21.68,21.4,21.53,180425152,0.0084309133489461,21.86,22.21,41.93751331781657
2012-10-31,21.63,21.72,20.8,20.8,617079232,-0.0339061774268463,21.67111111111111,22.12857142857143,34.363892948061945
2012-11-01,20.92,21.06,20.68,20.85,460913792,0.0024038461538462,21.515555555555554,22.040476190476188,35.226729451945005
2012-11-05,20.63,21.25,20.43,21.24,467481536,0.0187050359712228,21.425555555555558,21.988095238095237,41.66800411464091
2012-11-06,21.44,21.8,21.27,21.68,456368896,0.0207156308851224,21.426666666666666,21.953809523809525,47.95609254947655
2012-11-07,21.62,21.72,21.04,21.18,492464736,-0.0230627306273062,21.38666666666667,21.902857142857144,42.36699741565344
2012-11-08,21.2,21.35,20.57,20.61,472153440,-0.0269121813031161,21.26,21.81714285714286,37.06380644875649
2012-11-09,20.55,21.11,20.52,20.78,423024384,0.0082484230955848,21.113333333333333,21.74857142857143,39.49629227571562
2012-11-12,20.83,20.96,20.44,20.44,341055296,-0.0163618864292588,21.01222222222222,21.66857142857143,36.461047848651155
2012-11-13,20.44,20.67,20.28,20.47,508640512,0.0014677103718199,20.894444444444442,21.571904761904765,36.92166971662724
2012-11-14,20.29,20.54,19.66,19.8,554604864,-0.0327308255984366,20.783333333333335,21.42904761904762,31.439866639233927
2012-11-16,19.67,19.8,18.84,19.03,632700928,-0.0388888888888888,20.58111111111111,21.24952380952381,26.559403660230487
2012-11-19,19.44,19.62,19.13,19.13,416072064,0.0052548607461901,20.346666666666668,21.083333333333332,28.119971055732194
2012-11-21,19.47,19.56,18.62,18.62,601658432,-0.0266596968112911,20.006666666666668,20.89857142857143,25.181128117542656
2012-11-22,18.81,18.95,18.45,18.65,307609024,0.0016111707841028,19.725555555555555,20.727142857142855,25.67321593291122
2012-11-23,18.65,19.18,18.5,19.17,361517920,0.0278820375335122,19.565555555555555,20.59,33.80062497174936
2012-11-26,19.13,19.13,18.7,18.82,332529248,-0.0182576943140324,19.34777777777778,20.454285714285714,31.318322756683784
2012-11-27,18.92,19.29,18.48,18.51,580802112,-0.016471838469713,19.133333333333336,20.31,29.268092333461354
2012-11-28,18.44,18.83,18.35,18.65,467452000,0.0075634792004319,18.93111111111111,20.162380952380953,31.45061501688525
2012-11-29,19.0,19.15,18.74,19.15,488420384,0.0268096514745308,18.858888888888888,20.02190476190476,38.72286049823379
2012-11-30,19.09,19.28,18.51,18.66,673131520,-0.0255874673629241,18.817777777777778,19.893809523809526,34.82386529371213
2012-12-03,18.88,19.04,18.71,19.0,397640544,0.0182207931404072,18.80333333333333,19.773333333333333,39.38460932475517
2012-12-04,19.04,19.14,18.76,18.82,452273792,-0.0094736842105263,18.825555555555557,19.67904761904762,37.87361735577051
2012-12-05,19.0,19.01,18.74,18.94,312389856,0.0063761955366632,18.857777777777777,19.58809523809524,39.538963913421355
2012-12-06,18.92,18.98,18.7,18.7,363382976,-0.0126715945089758,18.805555555555557,19.467142857142857,37.38076523049495
2012-12-07,18.77,19.1,18.66,19.08,315804320,0.0203208556149732,18.834444444444447,19.343333333333334,42.712662969425246
2012-12-10,19.04,19.57,18.94,19.57,440434688,0.0256813417190777,18.952222222222222,19.266666666666666,48.77017261942328
2012-12-11,19.67,19.99,19.61,19.99,540498240,0.0214614205416452,19.101111111111113,19.237142857142857,53.32581970588477
2012-12-12,19.93,20.05,19.68,19.85,681685120,-0.0070035017508752,19.178888888888892,19.192857142857143,51.67620977750471
2012-12-13,19.73,19.83,19.5,19.57,634777152,-0.0141057934508816,19.28,19.15142857142857,48.44819159853991
2012-12-14,19.59,20.28,19.53,20.21,890058432,0.0327031170158405,19.414444444444445,19.139047619047616,55.318547401058964
2012-12-17,20.08,20.14,19.8,19.92,539266304,-0.0143493320138544,19.536666666666665,19.144761904761907,51.94065761377538
2012-12-18,19.86,20.26,19.85,20.17,492205120,0.0125502008032127,19.673333333333332,19.19904761904762,54.518948417976176
2012-12-19,20.4,20.99,20.4,20.93,1000132480,0.0376797223599403,19.921111111111113,19.284761904761904,61.31364616370584
2012-12-20,20.87,21.09,20.63,21.05,525441920,0.0057333970377448,20.14,19.40047619047619,62.272064303990994
2012-12-21,20.66,20.74,20.39,20.69,601361280,-0.0171021377672209,20.264444444444443,19.49761904761905,57.65722188074812
2012-12-26,20.54,20.68,20.06,20.06,462216928,-0.0304494925084582,20.272222222222222,19.540000000000003,50.59139488830174
2012-12-27,20.06,20.17,19.35,19.41,565185216,-0.0324027916251246,20.223333333333333,19.56809523809524,44.52819522023579
2012-12-28,19.5,19.63,19.3,19.52,545475648,0.005667181865018,20.21777777777778,19.616190476190475,45.71390347382872
2013-01-02,19.99,20.21,19.69,19.69,594550464,0.0087090163934426,20.16,19.665714285714287,47.57879454742054
2013-01-03,19.81,20.4,19.7,20.4,610797120,0.0360589131538851,20.213333333333335,19.725238095238097,54.59444517055027
2013-01-04,20.33,20.62,20.17,20.48,735172736,0.0039215686274509,20.247777777777777,19.811904761904763,55.32003320620879
2013-01-07,20.48,20.67,19.95,20.08,561481600,-0.0195312500000001,20.153333333333336,19.863333333333333,50.93705189076022
2013-01-08,20.11,20.23,19.46,19.5,560732672,-0.0288844621513942,19.98111111111111,19.895714285714284,45.32895417804088
2013-01-09,19.64,19.87,19.46,19.68,472545856,0.0092307692307691,19.86888888888889,19.93095238095238,47.26927999746502
2013-01-10,19.77,19.88,19.54,19.83,332349632,0.0076219512195121,19.843333333333334,19.984761904761903,48.89695428504362
2013-01-11,19.85,20.04,19.7,19.88,353080416,0.0025214321734745,19.895555555555557,20.022857142857145,49.457006080773276
2013-01-14,20.01,20.24,19.76,19.85,546860032,-0.0015090543259556,19.932222222222222,20.036190476190477,49.109245299201895
2013-01-15,20.11,20.15,19.78,19.82,587358912,-0.0015113350125944,19.946666666666665,20.02809523809524,48.74016196760421
2013-01-16,19.89,19.89,19.6,19.84,323872352,0.0010090817356205,19.88444444444444,20.027619047619048,49.01526461269382
2013-01-17,19.86,19.93,19.69,19.71,373647392,-0.0065524193548386,19.79888888888889,20.034285714285716,47.240542136530436
2013-01-18,19.8,19.89,19.58,19.58,363473568,-0.0065956367326232,19.743333333333332,20.004285714285714,45.46763437887129
2013-01-21,19.57,19.6,19.27,19.39,345656128,-0.0097037793667006,19.731111111111108,19.97904761904762,42.93166540801242
2013-01-22,19.42,19.58,19.23,19.58,453855040,0.0097988653945331,19.720000000000002,19.95095238095238,46.165283247407125
2013-01-23,19.5,19.63,19.43,19.55,330250656,-0.0015321756894789,19.688888888888886,19.885238095238094,45.72473143351412
2013-01-24,19.37,19.73,19.37,19.61,376412832,0.0030690537084399,19.65888888888889,19.816666666666666,46.81783714578262
2013-01-28,19.73,19.81,19.3,19.37,388980224,-0.0122386537480876,19.605555555555558,19.753809523809522,43.08031537290891
2013-01-29,19.35,19.37,18.84,19.11,511083680,-0.0134228187919464,19.526666666666664,19.708571428571428,39.4098281593011
2013-01-30,18.99,18.99,18.17,18.2,1223857920,-0.0476190476190476,19.34444444444445,19.650952380952383,29.830115141089053
2013-01-31,18.26,18.33,17.9,18.08,590303872,-0.0065934065934066,19.163333333333334,19.58238095238095,28.8347361353607
2013-02-01,18.14,18.65,18.12,18.46,512946048,0.0210176991150443,19.038888888888888,19.523809523809522,36.105560373571066
2013-02-04,18.16,18.35,17.89,18.0,573881088,-0.0249187432286024,18.884444444444444,19.409523809523808,31.861852128402944
2013-02-05,17.28,18.29,17.26,18.08,1374382208,0.0044444444444442,18.717777777777776,19.295238095238094,33.329500365228114
2013-02-06,17.93,18.0,17.53,17.6,540657344,-0.0265486725663715,18.50111111111111,19.177142857142854,29.257524758215396
2013-02-07,17.75,17.98,17.32,17.5,643431424,-0.0056818181818182,18.266666666666666,19.08190476190476,28.476952134403263
2013-02-08,17.55,17.74,17.38,17.74,537961728,0.0137142857142855,18.085555555555555,18.98952380952381,33.090742621323244
2013-02-13,17.95,18.0,17.73,17.8,392367904,0.0033821871476888,17.94,18.892857142857142,34.232949867351934
2013-02-14,17.79,17.9,17.58,17.67,455555424,-0.0073033707865167,17.88111111111111,18.78761904761905,32.921606261250744
2013-02-15,17.61,17.79,17.53,17.63,436527552,-0.0022637238256933,17.83111111111111,18.68190476190476,32.508961254521026
2013-02-18,17.64,17.9,17.52,17.9,355793792,0.0153148043108337,17.76888888888889,18.59047619047619,38.14482011135739
2013-02-19,17.91,18.18,17.89,18.1,511580128,0.0111731843575419,17.779999999999998,18.50761904761905,42.00790047438017
2013-02-20,18.1,18.1,17.59,17.62,460034144,-0.0265193370165746,17.72888888888889,18.40809523809524,36.169474332260236
2013-02-21,17.47,17.57,17.2,17.32,523733792,-0.0170261066969353,17.697777777777773,18.30047619047619,33.07537474123427
2013-02-22,17.51,17.51,17.01,17.15,526702848,-0.0098152424942263,17.658888888888885,18.193809523809524,31.43437227551081
2013-02-25,17.05,17.1,16.85,16.95,512528256,-0.0116618075801748,17.57111111111111,18.068571428571428,29.575287505655083
2013-02-26,16.78,16.86,16.53,16.74,553806016,-0.0123893805309734,17.453333333333333,17.934761904761906,27.721399338956658
2013-02-27,16.79,16.98,16.64,16.81,478847904,0.0041816009557944,17.357777777777777,17.80142857142857,29.312009031580402
2013-02-28,16.76,16.85,16.55,16.61,459112192,-0.0118976799524092,17.244444444444447,17.669999999999998,27.45308483738259
2013-03-01,16.5,17.02,16.4,16.9,525256704,0.0174593618302227,17.133333333333333,17.5647619047619,33.99007756897683
2013-03-04,16.82,17.1,16.5,16.5,583720320,-0.0236686390532543,16.955555555555556,17.483809523809523,29.9776817150116
2013-03-05,16.63,16.76,16.47,16.56,523926240,0.0036363636363636,16.837777777777777,17.41142857142857,31.287950699917104
2013-03-06,17.6,18.27,17.22,18.05,1302017024,0.089975845410628,16.918888888888887,17.39190476190476,54.20510696945518
2013-03-07,18.31,19.58,18.31,18.95,1179529344,0.0498614958448753,17.11888888888889,17.437142857142856,62.3692657357292
2013-03-08,18.79,19.32,18.16,18.37,567106560,-0.0306068601583112,17.276666666666664,17.45095238095238,55.502149996506304
2013-03-11,18.29,18.97,17.92,18.93,454271552,0.0304844855743058,17.52,17.514285714285716,60.073171525633164
2013-03-12,18.85,19.14,18.63,18.74,492731136,-0.0100369783412573,17.734444444444446,17.573333333333334,57.89995633256265
2013-03-13,18.81,19.2,18.75,18.76,598230720,0.001067235859125,17.973333333333333,17.621904761904762,58.07190088582422
2013-03-14,18.98,19.38,18.6,19.38,510363264,0.0330490405117269,18.24888888888889,17.697142857142858,63.10280057005086
2013-03-15,19.4,19.55,19.01,19.09,834250880,-0.0149638802889576,18.53666666666667,17.7647619047619,59.50618840399421
2013-03-18,18.9,19.35,18.84,19.2,769485440,0.0057621791513882,18.83,17.839523809523808,60.427523418136026
2013-03-19,19.15,19.32,18.83,19.1,641859712,-0.0052083333333332,18.946666666666665,17.896666666666665,59.11082018497716
2013-03-20,19.05,19.16,18.68,18.85,520075488,-0.013089005235602,18.935555555555556,17.932380952380953,55.835254600309675
2013-03-21,18.72,18.86,18.53,18.53,406423680,-0.0169761273209548,18.953333333333333,17.975714285714282,51.872890197922615
2013-03-22,18.55,18.71,18.46,18.63,299303008,0.0053966540744736,18.92,18.038095238095234,52.99547784666858
2013-03-25,18.73,18.82,18.42,18.63,446066816,0.0,18.90777777777778,18.108571428571427,52.99547784666858
2013-03-26,18.73,18.88,18.48,18.59,293046304,-0.0021470746108427,18.88888888888889,18.186666666666667,52.428162576340384
2013-03-27,18.6,18.61,18.35,18.42,243204272,-0.0091447014523936,18.78222222222222,18.26666666666667,49.979380470862154
2013-03-28,18.41,18.53,18.22,18.35,287102144,-0.003800217155266,18.700000000000003,18.34,48.96521922516111
2013-04-01,18.27,18.38,18.04,18.04,281736128,-0.0168937329700273,18.57111111111111,18.40809523809524,44.64471409091921
2013-04-02,18.11,18.2,17.7,17.7,366525472,-0.0188470066518846,18.415555555555557,18.446190476190477,40.431016277576234
2013-04-03,17.68,18.0,17.68,18.0,278496928,0.0169491525423728,18.321111111111108,18.517619047619046,45.333763866804425
2013-04-04,17.95,18.21,17.71,17.72,347369056,-0.0155555555555556,18.231111111111108,18.572857142857146,41.87003324089133
2013-04-05,17.58,17.91,17.55,17.8,301657856,0.0045146726862304,18.13888888888889,18.56095238095238,43.20523614603704
2013-04-08,17.86,17.91,17.34,17.41,380884224,-0.0219101123595505,18.003333333333334,18.48761904761905,38.55583889672364
2013-04-09,17.48,18.25,17.48,18.15,551053440,0.0425043078690405,17.954444444444444,18.477142857142855,49.6315298149624
2013-04-10,18.21,18.65,18.17,18.42,583363904,0.0148760330578514,17.954444444444444,18.45285714285714,52.96307608005788
2013-04-11,18.47,18.53,17.87,17.99,398891680,-0.0233441910966342,17.91444444444444,18.417142857142856,47.56695357176865
2013-04-12,17.94,18.08,17.53,17.96,486417632,-0.0016675931072817,17.905555555555555,18.37904761904762,47.2055940111392
2013-04-15,17.7,17.83,17.23,17.23,621610624,-0.0406458797327394,17.853333333333335,18.276666666666667,39.368284610898606
2013-04-16,17.47,17.75,17.43,17.7,416152832,0.0272780034822981,17.82,18.210476190476193,45.627404511141265
2013-04-17,17.44,17.6,16.98,17.17,670849920,-0.0299435028248585,17.75888888888889,18.113809523809522,40.54454047027984
2013-04-18,17.32,17.94,17.12,17.82,499237760,0.0378567268491554,17.76111111111111,18.052857142857142,48.17030746339086
2013-04-19,18.15,18.48,17.95,18.48,695995456,0.0370370370370369,17.880000000000003,18.035238095238096,54.54537940980427
2013-04-22,18.37,18.78,18.17,18.77,446113664,0.0156926406926405,17.948888888888888,18.046666666666667,57.045461456507034
2013-04-23,18.71,19.52,18.66,19.18,666440512,0.0218433670751199,18.033333333333335,18.072857142857146,60.36463266103275
2013-04-24,19.06,19.66,19.01,19.45,647019776,0.0140771637122001,18.195555555555554,18.11190476190476,62.42382878976111
2013-04-25,19.47,19.69,19.14,19.2,679610304,-0.012853470437018,18.333333333333332,18.14095238095238,59.34921391141532
2013-04-26,19.1,19.52,19.1,19.29,513496864,0.0046874999999999,18.56222222222222,18.182380952380953,60.11090984361047
2013-04-29,20.0,20.58,19.94,20.35,1205182976,0.0549507516848108,18.85666666666667,18.277619047619048,67.77062487412265
2013-04-30,19.65,20.09,19.44,20.09,904029632,-0.0127764127764128,19.18111111111111,18.375238095238096,64.49899908174694
2013-05-02,19.85,20.63,19.85,20.25,680070464,0.0079641612742658,19.45111111111111,18.496666666666666,65.59956825621018
2013-05-03,20.49,20.66,19.89,20.0,866162880,-0.0123456790123457,19.619999999999997,18.59190476190476,62.347209275573825
2013-05-06,20.01,20.35,19.82,20.35,626178432,0.0175,19.795555555555556,18.717142857142857,64.96599520082026
2013-05-07,20.4,20.74,20.28,20.62,540301248,0.0132678132678132,19.955555555555556,18.851428571428574,66.87971060922455
2013-05-08,20.75,20.82,20.22,20.29,497342944,-0.0160038797284191,20.04888888888889,18.98857142857143,62.39367232667726
2013-05-09,20.25,20.52,20.09,20.24,462776736,-0.0024642681123706,20.16444444444444,19.08809523809524,61.71817687867326
2013-05-10,20.16,20.39,19.71,19.95,437431936,-0.0143280632411066,20.237777777777776,19.16095238095238,57.808960446732364
2013-05-13,19.81,19.85,19.39,19.39,414664032,-0.0280701754385964,20.13111111111111,19.227619047619047,51.08062628203135
2013-05-14,19.53,19.68,19.25,19.55,595286784,0.0082516761217121,20.071111111111108,19.303333333333335,52.77195867451108
2013-05-15,19.5,19.64,19.33,19.57,423542528,0.0010230179028132,19.995555555555555,19.414761904761903,52.99074799298182
2013-05-16,19.52,20.08,19.46,19.75,495145632,0.0091977516607051,19.96777777777778,19.51238095238095,55.01079596520859
2013-05-17,19.91,20.05,19.79,19.95,378414848,0.010126582278481,19.923333333333332,19.644761904761907,57.21095035369461
2013-05-20,19.9,20.25,19.56,20.2,608020096,0.0125313283208019,19.876666666666665,19.75809523809524,59.85386583862669
2013-05-21,20.19,20.38,19.98,20.24,472029536,0.0019801980198019,19.871111111111112,19.84190476190476,60.27663310352416
2013-05-22,20.27,20.4,19.68,19.92,698183040,-0.0158102766798416,19.83555555555556,19.896666666666665,55.26284971340892
2013-05-23,19.55,19.86,19.48,19.86,654344768,-0.0030120481927712,19.825555555555557,19.92904761904762,54.34999420810025
2013-05-24,19.89,20.16,19.79,20.05,740292544,0.0095669687814703,19.89888888888889,19.957619047619048,56.784417889600626
2013-05-27,20.01,20.15,19.94,19.94,115829016,-0.0054862842892767,19.942222222222224,19.992857142857144,54.957145622727886
2013-05-28,20.16,20.34,20.01,20.07,557568576,0.006519558676028,19.997777777777777,20.03,56.72930707329715
2013-05-29,19.92,20.07,19.85,19.85,491658688,-0.0109616342800198,20.008888888888887,20.006190476190476,52.93376199811118
2013-05-31,19.87,20.36,19.8,20.05,706196352,0.0100755667506295,20.02,20.004285714285714,55.827196376994564
2013-06-03,20.11,20.44,19.94,20.29,619747392,0.0119700748129674,20.03,20.006190476190476,59.07825100660892
2013-06-04,20.46,20.47,19.96,20.07,488906848,-0.0108427796944307,20.011111111111113,20.00952380952381,55.076657230113746
2013-06-05,20.0,20.13,19.37,19.42,632023552,-0.0323866467364224,19.955555555555556,19.965238095238096,45.31131635455908
2013-06-06,19.46,19.55,19.21,19.46,521267904,0.0020597322348094,19.91111111111111,19.909999999999997,45.94646482224958
2013-06-07,18.95,19.27,18.72,18.84,730241664,-0.0318602261048305,19.776666666666667,19.84095238095238,38.48555314030325
2013-06-10,18.84,19.12,18.83,18.88,380523136,0.0021231422505307,19.65888888888889,19.776190476190475,39.17182715317789
2013-06-11,18.65,18.79,18.23,18.53,593468416,-0.0185381355932202,19.48777777777778,19.708571428571428,35.445552074066114
2013-06-12,18.67,18.8,18.06,18.12,681796608,-0.0221262817053427,19.29555555555556,19.648095238095237,31.64765560143391
2013-06-13,18.1,19.02,17.94,18.8,581205440,0.0375275938189845,19.156666666666666,19.612380952380953,42.627472530294426
2013-06-14,18.65,18.86,18.06,18.06,690040704,-0.0393617021276596,18.90888888888889,19.54047619047619,35.87397591273036
2013-06-17,18.45,18.53,18.02,18.09,451504160,0.0016611295681063,18.68888888888889,19.461428571428574,36.31448410856727
2013-06-18,17.95,18.08,17.62,17.83,565350784,-0.0143725815367606,18.512222222222224,19.36047619047619,34.12648086328612
2013-06-19,17.89,17.95,17.15,17.2,683905216,-0.0353337072349971,18.26111111111111,19.217619047619046,29.489942167631582
2013-06-20,16.9,17.27,16.5,17.02,1073810560,-0.0104651162790697,18.058888888888887,19.064285714285713,28.306609444007222
2013-06-21,16.93,16.93,16.46,16.46,699627136,-0.0329024676850763,17.79,18.89952380952381,24.952023453478787
2013-06-24,15.97,16.25,15.57,15.91,640502656,-0.0334143377885783,17.498888888888885,18.71142857142857,22.17275737541469
2013-06-25,16.1,16.39,15.87,16.0,504545088,0.0056568196103079,17.263333333333332,18.518571428571427,23.670987428185043
2013-06-26,16.14,16.44,16.08,16.15,483643968,0.0093749999999999,16.968888888888888,18.33809523809524,26.220266470797227
2013-06-27,16.22,16.47,16.17,16.38,426377792,0.0142414860681114,16.78222222222222,18.162380952380953,30.076574257212428
2013-06-28,16.35,16.35,15.94,16.18,548543040,-0.0122100122100121,16.57,17.98761904761905,28.67312573024965
2013-07-01,16.2,16.32,15.94,16.16,365609184,-0.0012360939431396,16.384444444444444,17.802380952380954,28.529758170064653
2013-07-02,16.05,16.25,15.11,15.39,864587008,-0.0476485148514851,16.183333333333334,17.56904761904762,23.630837731463274
2013-07-03,15.24,15.98,15.15,15.9,781793792,0.0331384015594542,16.058888888888887,17.370476190476193,31.963920750487773
2013-07-04,16.1,16.17,15.88,15.96,380150368,0.0037735849056603,16.003333333333334,17.205714285714286,32.89166843934281
2013-07-05,15.81,15.82,14.94,15.15,744470464,-0.0507518796992481,15.91888888888889,17.00047619047619,27.44979789864638
2013-07-08,15.2,15.35,14.97,14.98,337563584,-0.0112211221122112,15.805555555555555,16.816666666666666,26.460320259121985
2013-07-10,15.18,15.44,15.06,15.21,316756032,0.0153538050734312,15.70111111111111,16.64190476190476,30.129943884391892
2013-07-11,15.52,15.82,15.25,15.8,527644960,0.0387902695595003,15.636666666666668,16.511904761904763,38.59470095177199
2013-07-12,15.66,15.92,15.43,15.43,366372608,-0.0234177215189873,15.553333333333335,16.383809523809525,35.675724422397394
2013-07-15,15.45,15.69,15.35,15.54,313518048,0.0071289695398573,15.484444444444446,16.228571428571428,37.196490718056545
2013-07-16,15.64,15.79,15.47,15.75,325200416,0.0135135135135135,15.524444444444445,16.11857142857143,40.107677190866575
2013-07-17,15.91,16.2,15.87,16.06,469132032,0.0196825396825395,15.542222222222222,16.02190476190476,44.2182763167202
2013-07-18,16.0,16.29,15.91,16.1,374048864,0.0024906600249068,15.55777777777778,15.939523809523807,44.745247164196414
2013-07-19,16.07,16.1,15.85,15.88,295305472,-0.0136645962732919,15.63888888888889,15.876666666666669,42.37418266803725
2013-07-22,15.97,16.49,15.9,16.3,412034048,0.026448362720403,15.785555555555554,15.842380952380953,48.03546477089702
2013-07-23,16.41,16.66,16.38,16.41,415769280,0.0067484662576686,15.91888888888889,15.84,49.436543471959524
2013-07-24,16.37,16.55,16.15,16.39,387131008,-0.0012187690432662,15.984444444444442,15.862857142857143,49.176923063037044
2013-07-25,16.24,16.88,16.21,16.84,618241856,0.0274557657107992,16.141111111111112,15.902857142857144,54.91410507091846
2013-07-26,16.74,17.09,16.71,16.95,376779584,0.0065320665083135,16.297777777777778,15.94095238095238,56.215249210781636
2013-07-29,16.99,17.06,16.63,16.68,295064096,-0.0159292035398229,16.40111111111111,15.955238095238096,52.230809714523964
2013-07-30,16.78,16.82,16.36,16.46,368053056,-0.0131894484412469,16.445555555555554,15.968571428571428,49.172516435266864
2013-07-31,16.33,16.5,16.17,16.29,382280576,-0.0103280680437425,16.466666666666665,15.974761904761905,46.88784592028448
2013-08-01,16.7,17.04,16.6,16.94,533872288,0.0399017802332721,16.584444444444443,16.04857142857143,55.41722404167492
2013-08-02,16.87,17.04,16.69,16.81,296344640,-0.0076741440377805,16.64111111111111,16.09190476190476,53.56448165260798
2013-08-05,16.77,16.87,16.54,16.65,247001520,-0.0095181439619274,16.667777777777776,16.124761904761904,51.29159494779122
2013-08-06,16.68,16.7,16.17,16.28,414413760,-0.022222222222222,16.655555555555555,16.17857142857143,46.38944610502709
2013-08-07,16.27,16.46,16.1,16.25,286963584,-0.0018427518427519,16.59,16.23904761904762,46.00551403440236
2013-08-08,16.35,16.85,16.2,16.65,426824416,0.0246153846153844,16.556666666666665,16.307619047619045,51.74060720073416
2013-08-09,16.74,17.12,16.52,17.08,536675648,0.0258258258258257,16.60111111111111,16.36857142857143,57.02505425610399
2013-08-12,17.3,17.66,16.47,16.53,933852352,-0.0322014051522246,16.608888888888888,16.420952380952382,49.55110778228974
2013-08-13,16.65,16.66,16.17,16.37,571108608,-0.0096793708408953,16.61777777777778,16.460476190476193,47.59675225053978
2013-08-14,16.36,17.0,16.29,16.95,902214912,0.0354306658521685,16.61888888888889,16.517619047619046,54.588820807390924
2013-08-15,16.7,17.96,16.67,17.83,1427498368,0.0519174041297934,16.732222222222223,16.601904761904763,62.71706787999802
2013-08-16,17.76,18.06,17.42,17.78,665875712,-0.0028042624789679,16.857777777777777,16.681904761904764,62.03761208763653
2013-08-19,17.45,18.03,17.36,17.83,883025728,0.0028121484814396,17.03,16.774761904761903,62.47541240339723
2013-08-20,17.71,17.85,17.11,17.13,528091264,-0.0392596747055523,17.12777777777778,16.814285714285717,53.221554577291926
2013-08-21,17.07,17.78,17.04,17.34,752123968,0.0122591943957968,17.204444444444444,16.858571428571427,55.35786606292568
2013-08-22,17.8,18.37,17.63,18.26,947221632,0.0530565167243368,17.33555555555556,16.947619047619046,63.271488627434294
2013-08-23,18.12,18.59,18.12,18.55,598364096,0.0158817086527929,17.560000000000002,17.029047619047617,65.35622186001956
2013-08-26,18.5,18.69,18.17,18.19,328491328,-0.0194070080862532,17.762222222222224,17.088095238095235,60.746668819081876
2013-08-27,17.95,18.05,17.45,17.45,511047648,-0.0406816932380429,17.817777777777778,17.124761904761904,52.54312210370068
2013-08-28,17.51,17.75,17.09,17.16,520531040,-0.016618911174785,17.743333333333332,17.15809523809524,49.70994679655059
2013-08-29,17.32,17.48,16.85,16.9,411940960,-0.0151515151515152,17.645555555555557,17.187142857142856,47.25003389147904
2013-08-30,17.01,17.05,16.52,16.8,642445056,-0.0059171597633135,17.531111111111112,17.18047619047619,46.30100767272452
2013-09-02,17.15,17.23,16.86,16.94,321362560,0.0083333333333333,17.51,17.186666666666664,47.879340918065715
2013-09-03,16.89,17.13,16.68,16.78,529784576,-0.0094451003541912,17.447777777777777,17.192857142857143,46.20777222219484
2013-09-04,16.63,16.94,16.56,16.85,619508736,0.004171632896305,17.29111111111111,17.22,47.07828020004531
2013-09-05,16.86,17.81,16.84,17.54,835571328,0.0409495548961422,17.17888888888889,17.28142857142857,54.83672060210121
2013-09-06,17.8,18.0,17.46,17.76,544637376,0.0125427594070697,17.13111111111111,17.334285714285713,57.001207743509525
2013-09-09,17.77,18.21,17.77,18.17,537011840,0.0230855855855856,17.211111111111112,17.386190476190478,60.774210269627496
2013-09-10,18.25,18.54,18.17,18.34,531560064,0.0093560814529443,17.342222222222222,17.472380952380952,62.253185476890856
2013-09-11,18.29,18.54,18.07,18.25,490953248,-0.0049073064340239,17.492222222222225,17.56190476190476,60.94312250611046
2013-09-12,18.17,18.4,17.75,17.85,856576448,-0.0219178082191779,17.608888888888888,17.604761904761904,55.366399897834754
2013-09-13,17.85,18.27,17.8,18.13,331447392,0.0156862745098038,17.74111111111111,17.61904761904762,58.246638766561496
2013-09-16,18.43,18.72,18.17,18.45,623720832,0.0176503033645891,17.926666666666666,17.65095238095238,61.318794450780224
2013-09-17,18.59,18.6,18.3,18.53,348902240,0.0043360433604338,18.113333333333333,17.684285714285714,62.070170521103215
2013-09-18,18.41,19.0,18.16,18.9,573121920,0.0199676200755529,18.264444444444443,17.768571428571427,65.41617700956644
2013-09-19,18.96,19.31,18.76,19.16,465950016,0.0137566137566138,18.42,17.855238095238096,67.58043663260885
2013-09-20,19.09,19.18,18.78,18.94,357341024,-0.0114822546972859,18.505555555555556,17.88761904761905,63.934527554098814
2013-09-23,19.0,19.22,18.91,19.12,264777264,0.0095036958817318,18.592222222222222,17.914761904761907,65.57112611925261
2013-09-24,19.18,19.18,18.77,18.77,357635072,-0.0183054393305439,18.65,17.942380952380955,59.88102494796009
2013-09-25,18.73,18.91,18.62,18.8,317633920,0.001598295151838,18.755555555555556,18.006666666666668,60.19983362076189
2013-09-26,18.82,18.82,18.52,18.59,337173856,-0.0111702127659575,18.80666666666667,18.074761904761903,56.797386577693786
2013-09-27,18.57,18.82,18.44,18.5,353894560,-0.0048413125336201,18.81222222222222,18.15095238095238,55.35344819294545
2013-09-30,18.42,19.04,18.34,18.36,600626816,-0.0075675675675676,18.793333333333333,18.225238095238097,53.092334798914294
2013-10-01,18.53,18.69,18.37,18.67,286468000,0.016884531590414,18.76777777777778,18.30761904761905,57.25595950348614
2013-10-02,18.58,18.84,18.54,18.78,202577920,0.0058918050348151,18.725555555555555,18.40285714285714,58.65823220012276
2013-10-03,18.8,18.83,18.43,18.54,342291776,-0.012779552715655,18.68111111111111,18.483333333333334,54.46025733038202
2013-10-04,18.39,18.68,18.07,18.67,511167872,0.0070118662351672,18.63111111111111,18.537142857142857,56.285227946112
2013-10-07,18.57,18.83,18.5,18.62,344130400,-0.0026780931976433,18.614444444444445,18.57809523809524,55.36621532289242
2013-10-08,18.66,18.77,18.2,18.31,427649888,-0.0166487647690656,18.56,18.584761904761905,49.92358107004639
2013-10-09,18.4,18.46,17.97,18.07,352751072,-0.0131075914800654,18.50222222222222,18.571904761904765,46.14182661388058
2013-10-10,18.26,18.35,18.01,18.15,413009408,0.0044272274488101,18.46333333333333,18.567142857142855,47.567600828472855
2013-10-11,18.15,18.31,17.99,18.1,339234432,-0.0027548209366389,18.43444444444445,18.57904761904762,46.734869561480906
2013-10-14,18.06,18.32,17.94,18.27,388768288,0.0093922651933699,18.39,18.585714285714285,49.943486152539435
2013-10-15,18.34,18.48,18.18,18.42,498708064,0.0082101806239738,18.35,18.584285714285716,52.65360754672618
2013-10-16,18.47,18.65,18.16,18.35,643228992,-0.003800217155266,18.32888888888889,18.575714285714284,51.258882054442815
2013-10-17,18.27,18.53,18.16,18.21,491622144,-0.0076294277929155,18.277777777777782,18.542857142857144,48.492272799253286
2013-10-18,18.22,18.39,17.83,17.93,503880352,-0.0153761669412411,18.20111111111111,18.484285714285715,43.442121387174005
2013-10-21,17.99,18.98,17.71,18.88,950874944,0.0529838259899608,18.264444444444443,18.481428571428573,59.0315877646153
2013-10-22,18.96,19.06,18.51,18.55,610979200,-0.0174788135593219,18.317777777777778,18.454285714285714,53.513639263492664
2013-10-23,18.55,18.85,18.33,18.33,389389664,-0.0118598382749327,18.33777777777778,18.433333333333334,50.14819858594915
2013-10-24,18.36,18.57,18.04,18.24,409778112,-0.0049099836333879,18.35333333333333,18.406666666666666,48.796225050266784
2013-10-25,18.23,18.73,18.2,18.49,558348992,0.0137061403508771,18.37777777777778,18.401904761904763,52.617538432192525
2013-10-28,19.42,19.89,19.01,19.89,1425818624,0.0757166035694971,18.541111111111107,18.46809523809524,67.32409529048519
2013-10-29,19.71,19.96,19.33,19.7,649006208,-0.0095525389643037,18.691111111111113,18.531904761904762,64.40258812049304
2013-10-30,19.83,20.0,19.16,19.95,1049971456,0.0126903553299493,18.88444444444444,18.59285714285714,66.46468878686026
2013-10-31,19.96,20.56,19.85,20.43,844492608,0.0240601503759398,19.162222222222223,18.67142857142857,70.05182385649604
2013-11-01,20.12,20.35,19.82,19.86,866048704,-0.0279001468428781,19.271111111111107,18.734285714285715,61.62232475100506
2013-11-04,19.99,20.28,19.95,20.22,411345344,0.0181268882175227,19.456666666666663,18.808095238095238,64.52573284218515
2013-11-05,20.29,20.41,20.05,20.25,597535616,0.0014836795252226,19.669999999999998,18.885714285714283,64.76495843787052
2013-11-06,20.29,20.41,20.08,20.41,440147968,0.0079012345679012,19.91111111111111,18.985714285714284,66.07881699370395
2013-11-07,20.27,20.63,19.95,20.0,420101952,-0.0200881920627143,20.078888888888887,19.07761904761905,59.913607315488804
2013-11-08,19.95,20.07,19.6,19.64,557017664,-0.018,20.051111111111112,19.14857142857143,55.05629630165243
2013-11-11,19.66,20.09,19.5,20.09,437911040,0.0229124236252544,20.094444444444445,19.243333333333332,59.47860934188607
2013-11-12,20.06,20.25,19.53,19.55,479631232,-0.026879044300647,20.049999999999997,19.304285714285715,52.768613713402324
2013-11-13,19.55,19.99,19.25,19.94,613427200,0.0199488491048593,19.995555555555555,19.376666666666665,56.57857880019605
2013-11-14,20.0,20.49,19.96,20.45,496998592,0.0255767301905716,20.061111111111114,19.476666666666667,61.00808323149434
2013-11-18,20.5,21.44,20.46,21.44,942885440,0.0484107579462103,20.19666666666667,19.63047619047619,67.86175062864459
2013-11-19,21.3,21.37,20.86,21.11,892626240,-0.0153917910447761,20.292222222222225,19.78190476190476,63.833988190888554
2013-11-21,20.5,21.13,20.39,20.9,742523520,-0.0099478919943155,20.346666666666668,19.878095238095238,61.33901642973512
2013-11-22,20.75,21.2,20.67,20.67,495561248,-0.011004784688995,20.421111111111113,19.979047619047616,58.63586594554792
2013-11-25,20.83,20.95,20.36,20.36,349825888,-0.014997581035317,20.50111111111111,20.075714285714284,55.1106365396739
2013-11-26,19.9,20.04,19.08,19.08,742496128,-0.0628683693516699,20.38888888888889,20.115714285714283,43.48542806913767
2013-11-27,19.21,19.36,18.81,18.97,553451520,-0.0057651991614255,20.324444444444442,20.13857142857143,42.65274505023122
2013-11-28,18.95,19.22,18.55,18.66,540456000,-0.0163415919873484,20.182222222222222,20.08,40.3101151134847
2013-11-29,18.89,19.39,18.77,19.12,721490816,0.0246516613076099,20.034444444444446,20.05238095238095,45.12628590468601
2013-12-02,17.86,18.07,17.36,17.36,1382243328,-0.092050209205021,19.58111111111111,19.92904761904762,33.86687278670331
2013-12-03,17.45,17.88,17.05,17.51,792929344,0.0086405529953919,19.18111111111111,19.79,35.34746345063793
2013-12-04,17.76,17.76,17.37,17.4,475522016,-0.0062821245002857,18.79222222222222,19.672857142857143,34.733349833936686
2013-12-05,17.52,17.83,17.46,17.63,445121056,0.0132183908045977,18.454444444444444,19.549523809523812,37.1905214779949
2013-12-06,17.73,17.78,17.18,17.23,561400384,-0.0226885989790129,18.10666666666667,19.405714285714286,34.74088369509295
2013-12-09,17.32,17.47,17.12,17.25,235039856,0.0011607661056296,17.903333333333332,19.255238095238095,34.97152011796294
2013-12-10,17.36,17.46,17.26,17.3,251193840,0.0028985507246377,17.71777777777778,19.126666666666665,35.58443786729917
2013-12-11,17.28,17.34,16.78,16.78,361395680,-0.030057803468208,17.50888888888889,18.99047619047619,32.18667735049327
2013-12-12,16.85,17.02,16.69,16.86,367320480,0.0047675804529201,17.257777777777775,18.83666666666667,33.2427706476077
2013-12-13,16.99,17.15,16.91,17.03,465532544,0.0100830367734283,17.221111111111114,18.71666666666667,35.54008593275897
2013-12-16,17.25,17.5,17.08,17.34,558471424,0.0182031708749266,17.202222222222222,18.592857142857145,39.62054427221432
2013-12-17,17.21,17.35,16.8,16.8,485233824,-0.0311418685121106,17.13555555555556,18.419047619047618,35.4149912381956
2013-12-18,16.95,17.04,16.83,16.84,373501984,0.0023809523809523,17.047777777777778,18.2,35.95727103088106
2013-12-19,17.12,17.29,16.87,17.25,300425056,0.0243467933491685,17.049999999999997,18.016190476190477,41.38947259972999
2013-12-20,17.25,17.29,16.8,16.91,450096864,-0.0197101449275362,17.012222222222224,17.826190476190476,38.47497228644432
2013-12-23,17.02,17.17,16.87,17.06,195485664,0.0088704908338259,16.985555555555557,17.654285714285713,40.466705456432194
2013-12-26,17.15,17.19,16.89,16.92,256473808,-0.0082063305978896,17.00111111111111,17.49047619047619,39.19146439146952
2013-12-27,17.0,17.02,16.82,16.93,252962784,0.0005910165484632,17.00888888888889,17.38809523809524,39.33851408810654
2013-12-30,16.95,17.25,16.95,17.08,179662848,0.008860011813349,17.014444444444443,17.298095238095236,41.619099388856164
2014-01-02,17.15,17.2,16.65,16.75,288789152,-0.0193208430913347,16.948888888888888,17.20714285714286,38.21519954872858
2014-01-03,16.74,16.78,16.42,16.42,291100608,-0.0197014925373133,16.906666666666666,17.07857142857143,35.121737643951064
2014-01-06,16.45,16.64,16.16,16.62,336267232,0.0121802679658951,16.88222222222222,17.043333333333333,38.37747148749958
2014-01-07,16.65,16.83,16.16,16.16,309704416,-0.0276774969915765,16.76111111111111,16.97904761904762,34.134624814641086
2014-01-08,16.27,16.39,16.15,16.19,252937472,0.0018564356435644,16.68111111111111,16.92142857142857,34.642114337402234
2014-01-09,16.19,16.29,15.65,15.7,406908576,-0.0302655960469426,16.529999999999998,16.82952380952381,30.507491340181815
2014-01-10,15.76,16.3,15.66,15.97,479959968,0.0171974522292994,16.424444444444443,16.76952380952381,35.1037404479992
2014-01-13,16.01,16.11,15.66,15.77,335923328,-0.0125234815278648,16.295555555555556,16.699047619047615,33.34444039097055
2014-01-14,15.71,15.87,15.62,15.7,253984032,-0.004438807863031,16.142222222222223,16.622857142857146,32.72623149836461
2014-01-15,15.79,16.15,15.69,16.04,406052256,0.021656050955414,16.063333333333333,16.587619047619047,38.67359997523879
2014-01-16,16.04,16.19,15.57,15.59,515191104,-0.0280548628428927,15.971111111111108,16.527142857142856,34.34576613236409
2014-01-17,15.72,15.77,15.45,15.51,350560032,-0.005131494547787,15.847777777777777,16.454761904761906,33.62534753375573
2014-01-20,15.45,15.61,15.15,15.18,269252608,-0.0212765957446808,15.738888888888889,16.351904761904763,30.759219087506352
2014-01-21,15.22,15.5,15.2,15.34,304462624,0.010540184453228,15.644444444444442,16.282380952380954,33.70954890386376
2014-01-22,15.42,15.87,15.27,15.84,692868416,0.0325945241199479,15.66,16.234761904761903,42.02329648257268
2014-01-23,15.67,15.91,15.47,15.47,373369248,-0.0233585858585858,15.604444444444445,16.15,38.20489752925583
2014-01-24,15.38,15.44,14.98,15.1,419920416,-0.0239172592113768,15.529999999999998,16.063809523809525,34.79963530219656
2014-01-27,15.21,15.29,15.04,15.11,310865280,0.0006622516556291,15.464444444444442,15.97095238095238,34.968344705600586
2014-01-28,15.36,15.44,15.02,15.05,334137824,-0.0039708802117801,15.354444444444445,15.88190476190476,34.39330333772344
2014-01-29,15.06,15.14,14.77,14.8,371649472,-0.0166112956810631,15.266666666666667,15.78047619047619,32.02982299701952
2014-01-30,14.88,15.1,14.63,14.7,374914560,-0.0067567567567567,15.176666666666668,15.667142857142856,31.108932713994548
2014-01-31,14.64,15.07,14.55,14.7,717143424,0.0,15.123333333333331,15.569523809523808,31.108932713994548
2014-02-03,14.59,14.63,13.84,13.85,722795904,-0.0578231292517006,14.957777777777778,15.447142857142856,24.238952431255854
2014-02-04,14.04,14.22,13.77,14.09,502535168,0.0173285198555956,14.763333333333334,15.326666666666668,29.006200979485513
2014-02-05,14.15,14.28,13.56,13.83,538594560,-0.0184528034066714,14.581111111111113,15.215714285714288,27.022423695792654
2014-02-06,13.94,14.36,13.88,14.21,448282368,0.0274765003615329,14.482222222222223,15.121428571428572,34.114698144069465
2014-02-07,14.27,14.55,14.16,14.45,486744288,0.01688951442646,14.408888888888889,15.06190476190476,38.19975956327885
2014-02-10,14.36,14.7,14.33,14.61,418168736,0.0110726643598615,14.360000000000001,14.997142857142856,40.833537056856606
2014-02-11,14.71,15.07,14.64,14.96,428624928,0.023956194387406,14.377777777777778,14.958571428571428,46.23172234831193
2014-02-12,15.08,15.1,14.85,14.96,346236992,0.0,14.406666666666666,14.923333333333332,46.23172234831193
2014-02-13,14.78,14.83,14.44,14.61,403992544,-0.0233957219251338,14.396666666666667,14.855238095238096,41.807879529092105
2014-02-14,14.71,14.71,14.47,14.58,382271360,-0.002053388090349,14.47777777777778,14.807142857142857,41.44183285666885
2014-02-17,14.65,14.7,14.33,14.43,182763888,-0.0102880658436214,14.515555555555554,14.755714285714285,39.57603212165927
2014-02-18,14.42,14.58,14.11,14.11,439787488,-0.0221760221760222,14.546666666666669,14.704761904761902,35.86619368047913
2014-02-19,14.02,14.2,13.88,14.2,395732032,0.0063784549964565,14.545555555555556,14.650476190476192,37.63682514840399
2014-02-20,14.06,14.34,13.98,14.16,339512448,-0.0028169014084505,14.513333333333334,14.570476190476189,37.14596812509137
2014-02-21,14.2,14.32,14.07,14.15,263417824,-0.0007062146892655,14.462222222222222,14.507619047619048,37.015994228625054
2014-02-24,14.11,14.57,14.01,14.5,297543712,0.0247349823321554,14.41111111111111,14.47904761904762,44.35479251499611
2014-02-25,14.45,14.67,14.12,14.18,506838624,-0.0220689655172413,14.324444444444445,14.434761904761908,39.789866228153265
2014-02-26,14.2,14.25,13.68,13.68,617640576,-0.0352609308885755,14.221111111111112,14.369523809523809,33.916247842083294
2014-02-27,13.82,14.09,13.65,14.04,323173504,0.026315789473684,14.16111111111111,14.333333333333334,40.70329670706926
2014-02-28,14.1,14.15,13.59,13.59,380671616,-0.032051282051282,14.067777777777778,14.28047619047619,35.75938186370189
2014-03-05,13.7,13.73,13.29,13.29,196715648,-0.0220750551876379,13.976666666666667,14.213333333333335,32.891152293776145
2014-03-06,13.42,13.72,13.31,13.43,387031232,0.0105342362678706,13.89111111111111,14.193333333333333,35.49150512239545
2014-03-07,13.43,13.62,13.21,13.32,441680288,-0.0081906180193596,13.797777777777776,14.156666666666668,34.36478648014851
2014-03-10,13.27,13.37,12.9,13.01,510189856,-0.0232732732732733,13.67111111111111,14.117619047619046,31.344766642436525
2014-03-11,13.06,13.17,12.96,13.11,485201824,0.0076863950807071,13.516666666666666,14.065238095238096,33.37867963750688
2014-03-12,13.11,13.46,13.08,13.32,570013120,0.0160183066361556,13.42111111111111,14.011428571428572,37.56191478427566
2014-03-13,13.39,13.48,13.06,13.11,297200192,-0.0157657657657658,13.357777777777777,13.940000000000001,35.1828065209925
2014-03-14,13.08,13.12,12.77,12.78,445212672,-0.0251716247139588,13.217777777777776,13.836190476190476,31.77672564979933
2014-03-17,12.88,12.96,12.57,12.57,499085952,-0.016431924882629,13.104444444444445,13.72238095238095,29.799639798861122
2014-03-18,12.64,13.05,12.57,12.97,576979968,0.0318217979315831,13.068888888888889,13.644285714285713,37.74503910761575
2014-03-19,12.95,13.53,12.93,13.34,685728128,0.0285273708558211,13.05888888888889,13.585238095238093,44.052877504144554
2014-03-20,13.23,14.04,13.16,13.99,799989120,0.0487256371814093,13.133333333333333,13.564285714285713,53.05234502523476
2014-03-21,13.45,14.15,13.45,14.02,676692672,0.0021443888491778,13.245555555555555,13.560000000000002,53.424725638399295
2014-03-24,14.17,14.43,13.87,14.4,483495488,0.0271041369472182,13.38888888888889,13.569523809523808,57.97207321490592
2014-03-25,14.26,14.6,14.13,14.48,580561152,0.0055555555555555,13.517777777777779,13.584761904761907,58.88224464868023
2014-03-26,14.55,14.69,14.35,14.4,427830688,-0.005524861878453,13.661111111111111,13.596666666666666,57.540277546034766
2014-03-27,14.39,15.57,14.32,15.57,1177915136,0.08125,13.971111111111112,13.647619047619045,68.75557139759954
2014-03-28,15.57,15.77,15.2,15.66,653588544,0.0057803468208093,14.314444444444446,13.718095238095238,69.42460346616767
2014-03-31,15.71,15.78,15.5,15.78,440012160,0.0076628352490419,14.626666666666665,13.818095238095239,70.33665197094001
2014-04-01,15.72,15.83,15.48,15.81,560135104,0.0019011406844107,14.90111111111111,13.902380952380952,70.57298085346746
2014-04-02,15.71,16.6,15.7,16.56,1073847424,0.0474383301707779,15.186666666666667,14.043809523809525,75.77020124056077
2014-04-03,15.53,15.65,15.12,15.4,860137536,-0.0700483091787438,15.34,14.144285714285715,58.54709067096484
2014-04-04,15.62,15.71,15.35,15.44,511170112,0.0025974025974024,15.455555555555556,14.24,58.89407056244165
2014-04-07,15.7,16.46,15.7,16.46,809375168,0.0660621761658031,15.675555555555555,14.38952380952381,66.57689555224903
2014-04-08,16.8,17.07,15.72,15.99,1136289536,-0.0285540704738761,15.852222222222224,14.531428571428572,60.926187852265244
2014-04-09,15.91,15.94,15.42,15.85,654969280,-0.0087554721701063,15.883333333333333,14.661904761904761,59.3113389531478
2014-04-10,15.66,16.05,15.55,15.68,437328576,-0.0107255520504732,15.885555555555555,14.774285714285714,57.32445107412619
2014-04-11,15.53,16.19,15.41,16.19,682873472,0.0325255102040817,15.931111111111111,14.92095238095238,61.49210240461235
2014-04-14,16.28,16.36,15.83,15.93,427536096,-0.0160592958616431,15.944444444444445,15.07095238095238,58.362877256915155
2014-04-15,15.76,16.09,15.13,15.32,553721024,-0.0382925298179535,15.806666666666665,15.201904761904762,51.71374963301038
2014-04-16,15.59,15.78,15.24,15.78,445396512,0.0300261096605742,15.84888888888889,15.335714285714285,55.80291161664875
2014-04-17,15.9,16.6,15.54,16.38,715965440,0.0380228136882128,15.953333333333335,15.480476190476192,60.50152066455092
2014-04-22,16.31,16.67,15.84,15.96,721225856,-0.0256410256410255,15.897777777777776,15.574285714285715,56.01257917190555
2014-04-23,15.97,16.07,15.75,16.03,353106208,0.0043859649122808,15.902222222222223,15.67,56.59066749271993
2014-04-24,16.2,16.33,15.87,16.13,488986080,0.0062383031815345,15.933333333333334,15.752380952380953,57.4509521674917
2014-04-25,15.95,16.06,15.65,16.03,496585440,-0.0061996280223185,15.972222222222221,15.826190476190474,56.25043155642017
2014-04-28,15.95,16.56,15.77,16.56,514498240,0.0330630068621333,16.013333333333335,15.92904761904762,60.91242511360131
2014-04-29,16.68,17.1,16.51,16.69,706241408,0.0078502415458938,16.09777777777778,15.982380952380952,61.98254659962821
2014-04-30,16.6,16.74,16.39,16.57,447087552,-0.0071899340922708,16.236666666666665,16.025714285714283,60.34035143128567
2014-05-02,16.55,17.6,16.51,17.6,899002304,0.0621605310802655,16.43888888888889,16.112380952380953,68.1424060891482
2014-05-05,17.65,17.77,17.31,17.57,621182848,-0.0017045454545455,16.57111111111111,16.196190476190477,67.72450387460307
2014-05-06,17.43,18.48,17.31,18.24,865226368,0.0381331815594763,16.824444444444445,16.276190476190475,71.87323445594512
2014-05-07,18.14,18.85,18.07,18.58,819585344,0.018640350877193,17.107777777777777,16.427619047619046,73.71938307372992
2014-05-08,18.6,18.8,17.75,17.88,964718592,-0.0376749192680301,17.302222222222223,16.54380952380952,64.35398733382604
2014-05-09,18.05,18.24,17.6,17.67,614621312,-0.0117449664429528,17.484444444444446,16.60142857142857,61.81677550766543
2014-05-12,17.95,18.1,17.77,18.03,368867392,0.0203735144312393,17.64777777777778,16.69857142857143,64.40742447979112
2014-05-13,18.0,18.4,17.86,17.96,494060896,-0.0038824181919023,17.788888888888888,16.79904761904762,63.50517772541361
2014-05-14,17.96,18.34,17.85,18.29,424123840,0.0183741648106903,17.980000000000004,16.923333333333336,65.92834402672526
2014-05-15,18.17,18.23,17.93,18.03,366494144,-0.0142154182613448,18.02777777777778,17.010952380952382,62.41220847302713
2014-05-16,18.0,18.37,17.91,18.05,471335392,0.0011092623405435,18.08111111111111,17.111904761904764,62.57754433194366
2014-05-19,17.98,18.04,17.82,17.94,461050784,-0.0060941828254846,18.047777777777778,17.236666666666668,60.988572895079685
2014-05-20,17.9,18.38,17.1,17.3,962352960,-0.0356744704570791,17.905555555555555,17.309047619047618,52.61719015383018
2014-05-21,17.46,17.82,17.1,17.46,711099968,0.0092485549132947,17.85888888888889,17.36047619047619,54.30581942387643
2014-05-22,17.51,17.77,17.34,17.65,564345216,0.0108820160366551,17.856666666666666,17.440952380952382,56.29758069256002
2014-05-23,17.58,17.83,17.55,17.7,320198624,0.0028328611898016,17.82,17.52047619047619,56.830855318857814
2014-05-26,17.8,17.9,17.71,17.86,130932440,0.0090395480225988,17.808888888888887,17.60285714285714,58.5729205744782
2014-05-27,17.93,18.03,17.41,17.49,396016512,-0.0207166853303472,17.72,17.67238095238095,53.224013864121744
2014-05-28,17.55,17.79,17.26,17.7,392046720,0.0120068610634649,17.68333333333333,17.726666666666667,55.69690212661587
2014-05-29,17.75,17.8,17.3,17.3,340633184,-0.022598870056497,17.6,17.755714285714287,50.24781103246305
2014-05-30,17.18,17.25,16.69,16.69,431125888,-0.0352601156069364,17.461111111111112,17.76142857142857,43.291897475979134
2014-06-02,16.8,16.87,16.38,16.6,432982048,-0.0053924505692031,17.383333333333333,17.713809523809523,42.36016332756918
2014-06-03,16.53,16.96,16.47,16.9,345062080,0.0180722891566262,17.321111111111108,17.68190476190476,46.49398225530182
2014-06-04,16.85,16.93,16.52,16.6,344116800,-0.0177514792899406,17.204444444444444,17.603809523809524,43.16048780967214
2014-06-05,16.71,16.83,16.29,16.32,383643168,-0.0168674698795181,17.051111111111112,17.496190476190478,40.25920761645831
2014-06-06,17.38,17.68,17.11,17.68,953648960,0.0833333333333332,17.031111111111112,17.486666666666668,55.80047655394235
2014-06-09,17.57,18.24,17.38,18.07,841927040,0.0220588235294116,17.095555555555556,17.505714285714287,59.08735355170889
2014-06-10,18.04,18.35,17.81,18.34,627289664,0.0149418926397344,17.166666666666668,17.520476190476188,61.23653131294422
2014-06-11,18.7,18.96,18.3,18.88,900704000,0.0294438386041437,17.342222222222222,17.564285714285717,65.17657410406593
2014-06-13,18.63,19.07,18.61,18.99,525874720,0.0058262711864407,17.59777777777778,17.597619047619045,65.9361234347218
2014-06-16,19.0,19.13,18.64,18.74,581463936,-0.0131648235913638,17.83555555555556,17.63142857142857,62.59453531976945
2014-06-17,18.65,18.68,18.2,18.32,331537856,-0.0224119530416221,17.993333333333332,17.64428571428571,57.337263476412325
2014-06-18,18.41,19.03,18.25,19.0,802498176,0.037117903930131,18.26,17.694761904761904,62.7868631484827
2014-06-20,18.65,18.99,18.58,18.7,420803328,-0.0157894736842105,18.52444444444444,17.76142857142857,59.19439050485512
2014-06-23,18.75,18.75,18.3,18.3,262391488,-0.0213903743315507,18.593333333333334,17.80142857142857,54.700338273331084
2014-06-24,18.29,18.89,17.49,17.64,971501632,-0.0360655737704918,18.545555555555556,17.80095238095238,48.1981893328492
2014-06-25,17.2,17.77,17.13,17.29,838005952,-0.0198412698412698,18.42888888888889,17.78142857142857,45.134238360803806
2014-06-26,17.47,17.57,17.01,17.32,399681664,0.0017351069982649,18.255555555555553,17.755714285714287,45.45431163238675
2014-06-27,17.25,17.39,17.1,17.2,284952064,-0.0069284064665127,18.056666666666665,17.741904761904763,44.34004581246809
2014-06-30,17.36,17.55,17.04,17.29,359969472,0.0052325581395349,17.895555555555557,17.722380952380952,45.420702174213
2014-07-01,17.35,17.45,16.92,17.19,390614304,-0.0057836899942161,17.77,17.717142857142857,44.38944575166939
2014-07-02,17.19,17.33,16.97,17.12,488576672,-0.0040721349621872,17.561111111111114,17.73761904761905,43.642472766660084
2014-07-03,16.9,17.5,16.85,17.5,455268320,0.0221962616822428,17.42777777777778,17.78047619047619,48.69019847738561
2014-07-04,17.43,17.55,17.35,17.5,164580896,0.0,17.33888888888889,17.809047619047618,48.69019847738561
2014-07-07,17.41,17.44,17.14,17.28,321555360,-0.0125714285714284,17.29888888888889,17.841428571428573,45.92815045239325
2014-07-08,17.36,17.42,17.17,17.33,198798832,0.0028935185185183,17.30333333333333,17.88952380952381,46.668615470804085
2014-07-10,17.78,18.17,17.62,18.11,643583232,0.0450086555106752,17.391111111111112,17.91,56.64329352298888
2014-07-11,18.07,18.32,17.8,18.28,376122816,0.0093870789618994,17.51111111111111,17.919999999999998,58.46657120683607
2014-07-14,18.48,19.18,18.42,19.1,1331336448,0.0448577680525164,17.712222222222223,17.95619047619048,65.91281546508691
2014-07-15,19.1,19.37,18.83,19.26,829646208,0.0083769633507853,17.94222222222222,17.974285714285713,67.15036023049477
2014-07-16,19.35,19.39,19.08,19.31,527790240,0.002596053997923,18.185555555555553,17.98952380952381,67.54687648351029
2014-07-17,19.2,19.92,19.12,19.56,1115281408,0.0129466597617815,18.41444444444444,18.02857142857143,69.52746242082613
2014-07-18,20.81,20.87,20.15,20.52,1842893312,0.0490797546012269,18.75,18.133333333333333,75.668276725639
2014-07-21,20.43,21.02,20.26,20.9,914641280,0.0185185185185183,19.15222222222222,18.223809523809525,77.59312165203566
2014-07-22,20.9,21.23,20.56,21.05,1301287552,0.0071770334928231,19.565555555555555,18.335714285714282,78.32212891182391
2014-07-23,20.56,20.74,20.17,20.26,876030400,-0.0375296912114013,19.804444444444446,18.42904761904762,66.12075309829625
2014-07-24,20.36,20.44,19.95,20.31,759150016,0.0024679170779859,20.029999999999998,18.556190476190473,66.4767109186779
2014-07-25,20.41,20.57,20.28,20.49,509545984,0.0088626292466764,20.184444444444445,18.708571428571428,67.78878710508286
2014-07-28,20.57,20.6,20.09,20.15,493207968,-0.0165934602244997,20.283333333333335,18.843333333333334,62.78968688027758
2014-07-29,20.1,20.12,19.57,19.62,750490688,-0.0263027295285358,20.317777777777778,18.958571428571428,55.87272376537088
2014-07-30,19.7,20.05,19.63,19.85,554772608,0.011722731906218,20.35,19.08047619047619,58.033295353149406
2014-07-31,19.6,19.65,19.01,19.1,699725120,-0.0377833753148614,20.19222222222222,19.17142857142857,49.51895308416128
2014-08-01,19.01,19.21,18.72,19.01,577549248,-0.0047120418848167,19.98222222222222,19.26142857142857,48.59754059840423
2014-08-04,19.15,19.45,18.87,19.45,424899296,0.0231457127827459,19.804444444444446,19.354285714285716,53.18394459677424
2014-08-05,19.46,20.09,19.3,19.7,1059259968,0.012853470437018,19.742222222222225,19.459047619047617,55.60759035639669
2014-08-06,19.84,20.54,19.67,20.31,1472049664,0.0309644670050761,19.742222222222225,19.60333333333333,60.92335888023421
2014-08-07,20.6,20.69,19.88,20.15,1090789248,-0.0078778926637124,19.704444444444444,19.73761904761905,58.93007494643479
2014-08-08,19.8,19.86,19.31,19.31,814087616,-0.0416873449131514,19.61111111111111,19.794761904761906,49.73077925952154
2014-08-11,19.37,20.2,19.22,20.14,703280128,0.0429829104091146,19.668888888888887,19.883333333333333,56.89160249668059
2014-08-12,20.09,20.29,19.57,19.67,602502720,-0.0233366434955312,19.64888888888889,19.910476190476192,52.34448495923328
2014-08-13,19.75,19.93,18.5,18.69,1915656832,-0.0498220640569395,19.603333333333335,19.883333333333333,44.37952550959486
2014-08-14,18.68,19.05,18.33,18.6,841635648,-0.0048154093097912,19.55777777777778,19.84952380952381,43.721550632598685
2014-08-15,18.9,20.1,18.9,20.06,1227453568,0.0784946236559138,19.625555555555554,19.87333333333333,55.29955127859623
2014-08-18,20.55,20.73,19.82,20.4,1351213824,0.0169491525423728,19.703333333333333,19.867619047619048,57.492688611043704
2014-08-19,20.21,20.99,20.17,20.91,887741568,0.0250000000000001,19.77,19.86809523809524,60.61423086641743
2014-08-20,20.8,21.49,20.71,21.36,1152382720,0.0215208034433285,19.904444444444444,19.882857142857144,63.18330923571098
2014-08-21,21.25,21.67,21.07,21.3,863840512,-0.0028089887640448,20.125555555555554,19.932380952380953,62.59701574730467
2014-08-22,21.14,21.32,20.73,20.92,715679296,-0.0178403755868543,20.212222222222223,19.961428571428574,58.87110925894228
2014-08-25,21.22,22.05,21.12,22.04,977189056,0.0535372848948374,20.475555555555555,20.035238095238096,65.40675791462945
2014-08-26,22.03,22.52,21.78,21.84,1144584448,-0.0090744101633393,20.825555555555557,20.115714285714287,63.46726524569503
2014-08-27,22.15,23.21,21.9,22.84,1649528832,0.0457875457875458,21.296666666666667,20.26904761904762,68.4972700299011
2014-08-28,22.69,23.33,22.55,22.8,1316948864,-0.0017513134851138,21.60111111111111,20.40952380952381,68.09340528581119
2014-08-29,23.15,23.59,22.6,23.35,1304957312,0.0241228070175438,21.92888888888889,20.61190476190476,70.65540013925207
2014-09-01,23.95,24.59,23.81,23.83,956597312,0.0205567451820127,22.253333333333334,20.841428571428573,72.714568491131
2014-09-02,24.0,24.9,23.4,24.56,1638705280,0.0306336550566512,22.60888888888889,21.084761904761905,75.52720460232095
2014-09-03,24.84,24.88,23.6,23.95,1441310720,-0.0248371335504885,22.903333333333332,21.287142857142857,69.11581979370645
2014-09-04,23.09,24.0,22.79,22.79,1552468992,-0.0484342379958246,23.111111111111107,21.405238095238094,58.87987068551097
2014-09-05,22.75,23.3,22.43,22.82,1218288128,0.0013163668275559,23.197777777777777,21.532380952380954,59.04878458932248
2014-09-08,23.42,23.68,21.7,21.7,1773024128,-0.049079754601227,23.182222222222222,21.646190476190476,50.678898529779325
2014-09-09,21.51,22.19,21.12,21.48,1544064640,-0.0101382488479262,23.031111111111112,21.709999999999997,49.203550876504664
2014-09-10,21.16,21.48,20.6,20.95,1282775936,-0.0246741154562384,22.825555555555557,21.77095238095238,45.748296673352854
2014-09-11,21.18,21.73,21.0,21.21,1094435200,0.0124105011933175,22.58777777777778,21.89095238095238,47.688998241967575
2014-09-12,20.87,21.0,19.85,20.14,1675627904,-0.0504479019330504,22.177777777777777,21.964285714285715,41.1629927573008
2014-09-15,20.25,20.66,20.06,20.55,1076820480,0.0203574975173783,21.732222222222223,21.98761904761905,44.30789829139052
2014-09-16,20.76,22.38,20.7,21.55,2157760256,0.0486618004866179,21.465555555555554,22.042380952380952,51.164286432702326
2014-09-17,22.33,22.53,21.86,22.12,1198227584,0.0264501160092807,21.391111111111112,22.1,54.59559162667808
2014-09-18,21.85,22.12,21.18,21.29,1231837824,-0.0375226039783003,21.22111111111111,22.096666666666664,49.17716475568215
2014-09-19,21.0,21.38,20.69,20.91,770999424,-0.0178487552841709,21.133333333333333,22.078095238095237,46.88301703304748
2014-09-22,20.45,20.59,19.68,20.59,1329186432,-0.0153036824485891,21.034444444444446,22.062380952380952,44.980059975828496
2014-09-23,20.1,21.0,19.9,20.13,1106258816,-0.0223409422049538,20.943333333333335,21.97142857142857,42.320805504949476
2014-09-24,19.95,20.61,19.84,20.23,770679232,0.0049677098857427,20.834444444444447,21.894761904761904,43.10824295603045
2014-09-25,20.29,20.4,19.84,19.84,519047168,-0.0192782995551161,20.801111111111112,21.75190476190476,40.77052316127092
2014-09-26,19.9,21.24,19.8,20.94,890562048,0.0554435483870967,20.844444444444445,21.663333333333334,49.14700133339151
2014-09-29,19.02,19.25,18.6,18.6,1778502912,-0.1117478510028653,20.516666666666666,21.437142857142856,37.12037589157383
2014-09-30,18.49,18.65,17.75,18.09,1484877440,-0.0274193548387097,20.06888888888889,21.163809523809523,35.104127886192686
2014-10-01,17.7,17.86,17.09,17.09,1372084992,-0.0552791597567716,19.602222222222224,20.808095238095238,31.492125219333218
2014-10-02,17.4,17.72,16.86,17.3,1123059968,0.0122878876535985,19.20111111111111,20.49142857142857,33.05004167055142
2014-10-03,17.6,18.52,17.24,18.35,1102914432,0.0606936416184971,18.952222222222225,20.28,40.353721215417394
2014-10-06,21.5,21.5,20.09,20.39,2354533376,0.1111716621253404,18.981111111111108,20.164285714285715,51.43812623381645
2014-10-07,20.85,21.79,20.64,21.21,1850317824,0.0402157920549288,19.09,20.14095238095238,55.053808802314116
2014-10-08,21.8,21.85,20.01,20.85,2146515968,-0.0169731258840168,19.202222222222222,20.110952380952384,53.18170282283178
2014-10-09,21.29,21.9,21.2,21.2,1758405632,0.0167865707434051,19.23111111111111,20.122857142857143,54.79129321536135
2014-10-10,20.9,21.14,20.02,20.02,1325353600,-0.0556603773584906,19.38888888888889,20.066190476190474,48.71098847759236
2014-10-13,21.36,22.42,21.11,22.13,1848617856,0.1053946053946053,19.837777777777777,20.16095238095238,57.74151118312536
2014-10-14,21.82,22.53,21.4,21.65,1760068608,-0.0216900135562585,20.344444444444445,20.213333333333335,55.35381226983253
2014-10-15,20.6,20.88,19.62,20.15,2429549568,-0.069284064665127,20.66111111111111,20.146666666666665,48.59162021418267
2014-10-16,19.01,19.5,18.65,18.65,1830904320,-0.0744416873449131,20.694444444444443,19.981428571428573,42.94214184475064
2014-10-17,19.37,19.53,18.65,19.09,1315127168,0.0235924932975872,20.549999999999997,19.87666666666667,44.96350272639952
2014-10-20,18.92,18.99,17.87,17.92,1289341696,-0.0612886327920376,20.184444444444445,19.734285714285715,40.822150754589956
2014-10-21,16.74,17.35,16.4,16.68,1739595264,-0.0691964285714287,19.721111111111114,19.54809523809524,36.93897252297055
2014-10-22,16.81,17.25,16.38,16.61,1032922240,-0.0041966426858512,19.21111111111111,19.380476190476188,36.726583041378355
2014-10-23,16.37,16.45,15.41,15.41,1714111616,-0.0722456351595424,18.698888888888888,19.150952380952383,33.20220116206117
2014-10-24,15.8,16.89,15.52,16.3,1628594304,0.0577547047371835,18.051111111111112,18.982380952380954,37.95757479043549
2014-10-27,14.0,14.59,13.76,14.29,3042594304,-0.1233128834355828,17.233333333333334,18.665714285714284,32.355363209144286
2014-10-28,14.9,15.08,14.63,15.03,1403583616,0.0517844646606018,16.66444444444444,18.495714285714286,36.09489271721
2014-10-29,14.77,14.79,14.01,14.02,1266210688,-0.0671989354624085,16.15,18.301904761904762,33.3823600929782
2014-10-30,14.6,14.69,14.01,14.32,1064366784,0.0213980028530671,15.620000000000001,18.169999999999998,34.946179457182225
2014-10-31,14.58,15.28,14.37,15.28,696325632,0.0670391061452513,15.326666666666666,18.073809523809523,39.81496372976996
2014-11-03,14.96,15.1,14.55,14.85,641630976,-0.0281413612565445,15.123333333333331,17.907142857142855,38.427653783392394
2014-11-04,15.0,15.03,14.37,14.82,653592000,-0.0020202020202019,14.924444444444443,17.64190476190476,38.327314026820446
2014-11-05,14.5,14.62,14.33,14.4,529849792,-0.0283400809716599,14.812222222222223,17.317619047619047,36.87560027274788
2014-11-06,14.28,14.28,13.78,14.06,754319808,-0.0236111111111111,14.563333333333333,16.994285714285713,35.69686312492111
2014-11-07,14.25,14.63,13.52,14.27,1089381376,0.0149359886201991,14.561111111111112,16.664285714285715,37.035608379437356
2014-11-10,14.3,14.37,13.92,13.98,494032448,-0.0203223545900489,14.444444444444445,16.37666666666667,35.92334921796457
2014-11-11,13.81,14.0,13.67,14.0,328385728,0.0014306151645206,14.44222222222222,15.989523809523812,36.06595442252345
2014-11-12,13.97,14.49,13.83,14.11,430690112,0.0078571428571427,14.41888888888889,15.630476190476191,36.89777114052934
2014-11-13,14.32,14.37,13.6,13.6,490285600,-0.036144578313253,14.232222222222223,15.318571428571428,34.647039268373106
2014-11-14,12.9,13.33,12.85,13.2,682925504,-0.0294117647058823,14.04888888888889,15.059047619047616,32.949399163837896
2014-11-17,13.07,13.25,12.52,12.6,601503744,-0.0454545454545454,13.802222222222222,14.75,30.53271000770941
2014-11-18,12.76,12.85,12.0,12.45,744664576,-0.0119047619047619,13.585555555555555,14.489523809523808,29.941460267108198
2014-11-19,12.4,12.97,12.31,12.78,609364736,0.0265060240963854,13.443333333333335,14.303809523809523,33.014673219218366
2014-11-21,13.01,14.31,13.01,14.3,887315392,0.1189358372456965,13.446666666666665,14.193809523809524,44.98547575742112
2014-11-24,14.62,15.26,14.1,14.21,1019247936,-0.0062937062937062,13.472222222222221,14.136666666666667,44.478626794524345
2014-11-25,14.44,14.93,13.85,14.15,1168331136,-0.0042223786066151,13.488888888888889,14.034285714285712,44.121722211608265
2014-11-26,14.44,14.53,13.96,14.1,493532384,-0.0035335689045936,13.487777777777778,14.025238095238096,43.80626503087476
2014-11-27,14.2,14.62,13.33,13.44,759935872,-0.0468085106382978,13.469999999999999,13.949523809523809,39.76474464164149
2014-11-28,13.45,13.56,12.8,12.8,598042560,-0.0476190476190475,13.425555555555556,13.891428571428573,36.27028346852443
2014-12-01,12.61,12.69,12.21,12.32,686099584,-0.0374999999999999,13.394444444444444,13.796190476190478,33.86648480500678
2014-12-02,12.5,12.56,12.09,12.13,477528000,-0.0154220779220778,13.358888888888888,13.646190476190476,32.93598800828143
2014-12-03,12.26,12.8,12.21,12.73,487136352,0.0494641384995877,13.353333333333332,13.545238095238098,38.66687913441057
2014-12-04,12.79,12.79,12.17,12.23,437088896,-0.0392772977219166,13.123333333333333,13.421904761904763,35.91274748317697
2014-12-05,12.32,12.37,12.05,12.26,358331136,0.0024529844644316,12.906666666666668,13.319999999999999,36.20634945246555
2014-12-08,12.15,12.15,11.41,11.5,503751488,-0.0619902120717781,12.612222222222222,13.198095238095236,32.18379785452484
2014-12-09,11.1,11.39,10.81,11.36,744329280,-0.0121739130434782,12.30777777777778,13.05952380952381,31.489756554330427
2014-12-10,11.35,11.36,10.82,10.83,542788736,-0.0466549295774647,12.017777777777779,12.909523809523808,28.944957706083343
2014-12-11,10.9,11.04,10.32,10.82,664955008,-0.0009233610341643,11.797777777777776,12.758095238095239,28.897505836262866
2014-12-12,10.65,10.69,10.11,10.11,457230880,-0.0656192236598891,11.552222222222222,12.567619047619049,25.678688826939464
2014-12-15,10.21,10.29,9.18,9.18,929343808,-0.0919881305637981,11.224444444444446,12.357142857142858,22.19180250112754
2014-12-16,8.6,9.92,8.56,9.38,828856064,0.0217864923747277,10.852222222222222,12.175238095238095,24.56412965955529
2014-12-17,9.5,9.86,9.37,9.66,856102592,0.0298507462686565,10.566666666666666,12.035238095238096,27.879416990167314
2014-12-18,9.89,10.35,9.38,9.46,852025920,-0.0207039337474119,10.255555555555555,11.892857142857142,26.96773294383229
2014-12-19,9.95,9.98,9.57,9.83,616561536,0.0391120507399576,10.07,11.752380952380953,31.43478411080588
2014-12-22,9.9,10.32,9.71,10.32,523751936,0.0498474059003051,9.954444444444444,11.562857142857142,36.93609331214818
2014-12-23,10.37,10.99,10.19,10.97,466873024,0.0629844961240311,9.97,11.408571428571427,43.421210373654716
2014-12-26,10.87,10.88,10.21,10.3,280390912,-0.0610756608933454,9.912222222222223,11.225238095238096,38.972433697306506
2014-12-29,10.15,10.54,10.06,10.28,250632896,-0.0019417475728156,9.931111111111113,11.043333333333333,38.84449320547844
2014-12-30,10.16,10.35,10.02,10.02,272117920,-0.0252918287937743,10.024444444444445,10.880476190476191,37.13765257014775
2015-01-02,9.99,9.99,9.36,9.36,461678080,-0.0658682634730538,10.022222222222222,10.716666666666667,33.15503769940928
2015-01-05,9.14,9.19,8.58,8.61,643039616,-0.0801282051282051,9.905555555555557,10.54,29.30866071991744
2015-01-06,8.71,8.83,8.04,8.33,684906688,-0.0325203252032519,9.78,10.359047619047619,28.002546093838873
2015-01-07,8.56,8.73,8.36,8.67,717900224,0.0408163265306122,9.651111111111112,10.165714285714287,31.967234092262103
2015-01-08,8.79,9.39,8.74,9.18,747440704,0.0588235294117647,9.524444444444445,10.02047619047619,37.52469251628623
2015-01-09,9.2,9.4,8.93,9.4,447632672,0.0239651416122004,9.35,9.884285714285713,39.80885952692072
2015-01-12,9.27,9.58,8.79,8.91,518548288,-0.052127659574468,9.195555555555554,9.76095238095238,36.599266846388026
2015-01-13,8.9,9.39,8.85,9.0,570356224,0.0101010101010101,9.053333333333333,9.64857142857143,37.59449848897634
2015-01-14,8.88,8.96,8.64,8.74,457075872,-0.0288888888888888,8.911111111111111,9.549047619047618,35.843999439163284
2015-01-15,9.0,9.39,8.87,9.34,738901248,0.068649885583524,8.908888888888889,9.47857142857143,42.49800393600978
2015-01-16,9.46,9.63,9.24,9.44,534431744,0.0107066381156315,9.001111111111111,9.446666666666667,43.548880720239005
2015-01-19,9.35,9.54,9.15,9.19,283058368,-0.0264830508474576,9.096666666666668,9.447142857142858,41.50662110341393
2015-01-20,9.6,9.85,9.15,9.32,681444160,0.014145810663765,9.168888888888889,9.444285714285714,43.003444590763394
2015-01-21,9.45,9.83,9.32,9.82,454703584,0.0536480686695279,9.240000000000002,9.45190476190476,48.46569537445175
2015-01-22,10.1,10.46,9.97,10.25,748822144,0.0437881873727086,9.334444444444445,9.48952380952381,52.66687578146094
2015-01-23,10.11,10.41,9.88,10.0,436857536,-0.024390243902439,9.455555555555556,9.497619047619047,50.10918248628719
2015-01-26,9.79,9.97,9.66,9.91,316739488,-0.009,9.556666666666667,9.47809523809524,49.18317467393102
2015-01-27,9.72,10.37,9.53,10.17,575839040,0.0262361251261351,9.715555555555556,9.440000000000001,51.945933651423886
2015-01-28,9.43,9.54,8.95,9.03,955749888,-0.112094395280236,9.681111111111111,9.379523809523809,41.33468895528466
2015-01-29,9.05,9.08,8.34,8.75,950499968,-0.0310077519379844,9.604444444444445,9.306666666666667,39.2157744570176
2015-01-30,8.2,8.34,8.08,8.18,695091072,-0.0651428571428571,9.492222222222221,9.21904761904762,35.25384484813175
2015-02-02,8.46,8.68,8.13,8.66,469734144,0.058679706601467,9.41888888888889,9.185714285714287,40.68808664421896
2015-02-03,9.01,10.0,9.01,10.0,903979072,0.1547344110854502,9.438888888888888,9.251904761904763,52.63884585908468
2015-02-04,10.3,10.78,9.56,10.02,1188332672,0.002,9.413333333333334,9.332380952380952,52.79173669903019
2015-02-05,9.86,10.29,9.7,9.8,767649344,-0.0219560878243512,9.39111111111111,9.386190476190476,50.847254092908926
2015-02-06,9.8,9.81,8.87,9.12,1054355776,-0.0693877551020409,9.303333333333335,9.383333333333335,45.29397540849758
2015-02-09,8.8,9.47,8.72,9.28,642160128,0.0175438596491228,9.204444444444444,9.377619047619048,46.76716061412079
2015-02-10,9.22,9.8,8.92,8.92,681396672,-0.0387931034482758,9.19222222222222,9.378095238095238,43.902466138525206
2015-02-11,8.94,9.19,8.81,9.03,424145664,0.0123318385650224,9.223333333333333,9.379523809523809,45.01084746816711
2015-02-12,9.35,9.54,9.27,9.5,571574016,0.0520487264673312,9.37,9.415714285714285,49.59354741718328
2015-02-13,9.68,10.1,9.66,9.99,698492928,0.0515789473684211,9.517777777777777,9.446666666666667,53.90643011840957
2015-02-18,10.16,10.34,10.04,10.12,425345408,0.0130130130130128,9.531111111111109,9.47904761904762,55.006359002123695
2015-02-19,9.96,9.97,9.65,9.75,368934432,-0.0365612648221342,9.50111111111111,9.505714285714285,51.257293827820604
2015-02-20,9.82,9.9,9.53,9.67,333000896,-0.0082051282051281,9.486666666666666,9.522380952380953,50.45653731335905
2015-02-23,9.55,9.59,9.39,9.49,381506432,-0.0186142709410548,9.527777777777779,9.506666666666668,48.616218018937666
2015-02-24,9.65,9.89,9.59,9.86,457688480,0.0389884088514225,9.59222222222222,9.488095238095237,52.455008530950124
2015-02-25,9.1,9.39,9.0,9.38,870460352,-0.0486815415821499,9.643333333333334,9.458571428571428,47.49750181619305
2015-02-26,9.4,9.52,9.16,9.27,391906144,-0.0117270788912581,9.67,9.428095238095237,46.41489720339465
2015-02-27,9.3,9.64,9.1,9.57,425991008,0.0323624595469256,9.677777777777779,9.399523809523808,49.77702917816794
2015-03-02,9.44,9.71,9.27,9.4,348342944,-0.0177638453500522,9.612222222222222,9.417142857142856,47.941364181827005
2015-03-03,9.69,9.8,9.52,9.6,401761248,0.0212765957446807,9.554444444444446,9.457619047619048,50.26512406527202
2015-03-04,9.41,9.45,9.21,9.21,438832768,-0.0406249999999999,9.494444444444445,9.506666666666666,45.957170228313274
2015-03-05,9.31,9.38,9.16,9.28,238955392,0.0076004343105318,9.45111111111111,9.536190476190475,46.837863791564025
2015-03-06,9.2,9.35,9.17,9.24,244478784,-0.004310344827586,9.423333333333332,9.5,46.37281678603098
2015-03-09,9.13,9.18,8.9,8.91,318556672,-0.0357142857142857,9.317777777777778,9.447142857142858,42.613685438621694
2015-03-10,8.83,8.98,8.51,8.55,613866176,-0.0404040404040403,9.225555555555555,9.387619047619047,38.908252219179396
2015-03-11,8.67,8.83,8.58,8.79,376366688,0.0280701754385963,9.172222222222222,9.371904761904762,42.498018157739004
2015-03-12,8.97,9.08,8.44,8.5,538743488,-0.0329920364050055,9.053333333333333,9.334761904761905,39.479287740961205
2015-03-13,8.25,8.39,8.16,8.3,592352576,-0.0235294117647058,8.931111111111113,9.305238095238096,37.500888695198995
2015-03-16,8.49,8.5,8.19,8.46,438745920,0.0192771084337348,8.804444444444444,9.278095238095238,40.087531550894674
2015-03-17,8.35,8.93,8.32,8.89,541812032,0.0508274231678487,8.768888888888888,9.24904761904762,46.496366137041434
2015-03-18,8.85,9.29,8.67,9.27,582678272,0.042744656917885,8.767777777777777,9.214761904761904,51.43993856219715
2015-03-19,9.18,9.23,8.85,8.9,384909440,-0.0399137001078747,8.73,9.156666666666666,46.896345448189706
2015-03-20,9.08,9.35,8.96,9.35,531199744,0.050561797752809,8.778888888888888,9.137619047619047,52.40284330643141
2015-03-23,9.3,9.44,9.2,9.35,310799872,0.0,8.867777777777778,9.122380952380952,52.40284330643141
2015-03-24,9.37,9.45,9.22,9.39,326664736,0.0042780748663102,8.934444444444445,9.117619047619048,52.90626398882557
2015-03-25,9.65,9.89,9.53,9.84,802742912,0.0479233226837059,9.083333333333334,9.116666666666667,58.25544272131371
2015-03-26,9.92,9.96,9.32,9.35,559071552,-0.0497967479674796,9.2,9.115238095238096,51.40807632925964
2015-03-27,9.3,9.61,9.17,9.38,470698080,0.0032085561497328,9.302222222222222,9.120476190476191,51.78176354485434
2015-03-30,9.5,9.75,9.42,9.72,315733056,0.0362473347547973,9.394444444444444,9.127619047619048,55.91924027682785
2015-03-31,9.58,9.92,9.47,9.73,443900416,0.0010288065843622,9.445555555555556,9.143333333333334,56.03872168182636
2015-04-01,9.93,10.37,9.87,10.21,590279424,0.0493319630010278,9.591111111111111,9.172380952380953,61.44128344500766
2015-04-02,10.17,10.72,10.17,10.72,715241920,0.0499510284035258,9.743333333333334,9.244285714285715,66.19491082630255
2015-04-06,10.8,10.99,10.69,10.69,481483168,-0.0027985074626867,9.892222222222223,9.311428571428571,65.68194980561036
2015-04-07,10.6,10.96,10.46,10.89,641660480,0.0187090739008419,10.05888888888889,9.39,67.49062983479442
2015-04-08,11.1,11.33,10.49,10.6,787524736,-0.0266299357208449,10.143333333333333,9.470476190476191,62.358610834415146
2015-04-09,10.7,11.57,10.58,11.56,876645952,0.090566037735849,10.38888888888889,9.613809523809525,70.38637005604377
2015-04-10,11.52,11.93,11.27,11.82,802141632,0.0224913494809688,10.660000000000002,9.758095238095237,72.12057081220338
2015-04-13,11.97,12.75,11.9,12.27,1296526848,0.0380710659898475,10.943333333333335,9.937619047619048,74.86419358129717
2015-04-14,12.67,12.74,11.97,12.49,1069996096,0.0179299103504482,11.25,10.137142857142859,76.10239080488564
2015-04-15,12.7,13.38,12.47,13.33,1319748864,0.0672538030424338,11.596666666666666,10.369047619047619,80.12760119906548
2015-04-16,13.25,13.33,12.52,12.93,1379728128,-0.0300075018754688,11.842222222222222,10.561428571428571,73.75669828777563
2015-04-17,12.61,13.24,12.52,13.01,902852096,0.0061871616395978,12.100000000000001,10.73952380952381,74.1985510957614
2015-04-20,13.23,13.38,13.02,13.09,675827904,0.0061491160645656,12.344444444444443,10.939047619047619,74.65804935453332
2015-04-22,13.19,13.29,12.66,13.12,842123392,0.0022918258212374,12.624444444444444,11.118571428571428,74.83900971649585
2015-04-23,12.3,13.26,11.89,12.92,2266956800,-0.0152439024390242,12.775555555555556,11.288571428571428,71.1893540496759
2015-04-24,13.19,13.78,13.18,13.26,1400958720,0.0263157894736842,12.935555555555554,11.472857142857142,73.55076004402514
2015-04-27,12.95,13.12,12.57,12.58,655541952,-0.0512820512820512,12.969999999999999,11.603333333333333,62.51469046238434
2015-04-28,12.76,12.87,12.25,12.78,750321024,0.0158982511923688,13.002222222222223,11.766666666666666,64.21539645310814
2015-04-29,12.58,12.93,12.53,12.82,454928992,0.0031298904538341,12.945555555555556,11.93047619047619,64.56169902061123
2015-04-30,12.83,13.15,12.8,13.05,618345728,0.0179407176287051,12.958888888888888,12.08904761904762,66.56529227351382
2015-05-04,13.31,13.85,13.3,13.8,742771968,0.0574712643678161,13.046666666666667,12.282857142857143,72.10387513285659
2015-05-05,13.7,14.61,13.67,14.38,1057454720,0.0420289855072464,13.190000000000001,12.481428571428571,75.48584317779617
2015-05-06,14.75,14.95,13.57,13.64,995699648,-0.0514603616133518,13.247777777777777,12.620476190476191,64.70714588829779
2015-05-07,13.8,14.05,13.33,13.7,600986752,0.0043988269794721,13.334444444444443,12.763809523809524,65.14176653445504
2015-05-08,14.04,14.09,13.36,13.52,573559168,-0.0131386861313868,13.363333333333335,12.88904761904762,62.649209493237784
2015-05-11,13.68,13.83,13.43,13.72,374214080,0.0147928994082842,13.49,13.03761904761905,64.28446243532804
2015-05-12,13.7,14.06,13.63,13.79,418653728,0.0051020408163264,13.602222222222222,13.143809523809523,64.8642739046291
2015-05-13,13.87,14.13,13.75,13.97,617449664,0.013052936910805,13.729999999999999,13.246190476190478,66.37588350284375
2015-05-14,14.1,14.23,13.76,13.89,670507008,-0.0057265569076592,13.823333333333332,13.323333333333334,65.03666592037152
2015-05-15,13.92,14.12,13.61,14.06,736932864,0.0122390208783296,13.852222222222222,13.39809523809524,66.5797654502286
2015-05-18,14.64,14.65,13.52,13.78,1121954176,-0.0199146514935989,13.785555555555554,13.41952380952381,61.74601911982486
2015-05-19,13.55,13.59,12.79,12.91,897505280,-0.0631349782293178,13.704444444444444,13.418571428571429,49.677650947895934
2015-05-20,12.76,13.12,12.63,12.89,545759104,-0.0015491866769945,13.614444444444445,13.41285714285714,49.438429738081936
2015-05-21,12.86,13.52,12.86,13.45,692725888,0.0434445306439099,13.606666666666666,13.430000000000001,55.849325148509195
2015-05-22,13.52,13.65,12.92,13.08,689301248,-0.0275092936802973,13.535555555555554,13.428095238095239,51.227635002428954
2015-05-25,12.98,13.01,12.72,12.8,291715808,-0.021406727828746,13.425555555555556,13.422380952380953,47.99107009956218
2015-05-26,12.8,12.86,12.39,12.39,548526976,-0.0320312499999999,13.250000000000002,13.380952380952381,43.64292186655147
2015-05-27,12.5,12.66,12.29,12.55,578136896,0.012913640032284,13.101111111111113,13.37952380952381,45.710126851292934
2015-05-28,12.47,12.82,12.4,12.67,730071040,0.0095617529880478,12.946666666666667,13.374285714285712,47.27226744244051
2015-05-29,12.71,12.78,12.33,12.33,901139520,-0.026835043409629,12.785555555555556,13.350952380952382,43.4568513967342
2015-06-01,12.43,12.65,12.25,12.37,489916736,0.0032441200324411,12.725555555555555,13.318571428571428,44.029202755884164
2015-06-02,12.55,12.95,12.47,12.84,582467520,0.0379951495553758,12.72,13.272857142857143,50.38432856999678
2015-06-03,12.96,13.1,12.72,12.83,629815424,-0.0007788161993769,12.651111111111112,13.199047619047619,50.25358614254783
2015-06-05,12.58,12.78,12.42,12.56,452516608,-0.0210444271239282,12.593333333333334,13.147619047619045,46.72788391145455
2015-06-08,12.61,12.77,12.47,12.57,296627680,0.0007961783439489,12.567777777777778,13.093809523809522,46.87654107277941
2015-06-09,12.61,13.17,12.57,12.97,565903360,0.0318217979315831,12.632222222222222,13.067619047619049,52.577114423339125
2015-06-10,13.3,13.44,12.92,13.05,584745408,0.0061680801850423,12.687777777777777,13.035714285714286,53.6484152974975
2015-06-11,13.13,13.14,12.85,13.05,448120896,0.0,12.729999999999999,13.000476190476192,53.6484152974975
2015-06-12,12.86,13.04,12.83,13.02,386738240,-0.0022988505747126,12.806666666666667,12.955238095238096,53.126457993339535
2015-06-15,12.97,13.09,12.9,12.99,402321568,-0.0023041474654377,12.875555555555557,12.912380952380953,52.57559077810231
2015-06-16,13.04,13.48,12.91,13.35,639173696,0.0277136258660508,12.932222222222222,12.878571428571428,58.17950140015634
2015-06-17,13.5,13.59,13.12,13.19,533563264,-0.0119850187265917,12.972222222222221,12.850476190476188,55.06514559609049
2015-06-18,13.28,13.44,13.15,13.44,349274368,0.018953752843063,13.07,12.875714285714285,58.77818887302544
2015-06-19,13.31,13.44,13.1,13.17,458649504,-0.0200892857142857,13.136666666666665,12.88904761904762,53.62449815743698
2015-06-22,13.3,13.37,13.13,13.2,292919616,0.0022779043280181,13.162222222222221,12.877142857142855,54.10600250578005
2015-06-23,13.27,13.43,12.95,12.97,631376128,-0.0174242424242423,13.153333333333332,12.871904761904762,49.834026228774555
2015-06-24,13.06,13.35,13.05,13.2,514887520,0.0177332305319968,13.17,12.89095238095238,53.765323547773114
2015-06-25,13.23,13.24,12.52,12.6,614510272,-0.0454545454545454,13.123333333333331,12.900952380952381,44.0642257138787
2015-06-26,12.66,13.21,12.64,13.21,446916128,0.0484126984126984,13.147777777777778,12.932380952380951,53.29157768843012
2015-06-29,13.0,13.59,12.62,12.75,806352320,-0.0348221044663135,13.081111111111111,12.936190476190477,46.99567502786728
2015-06-30,12.9,12.99,12.65,12.71,407838720,-0.0031372549019607,13.027777777777779,12.954285714285712,46.481435094866875
2015-07-01,12.8,12.85,12.01,12.18,756665792,-0.041699449252557,12.887777777777778,12.945238095238093,40.20405624247135
2015-07-02,12.35,12.53,12.16,12.3,448210944,0.0098522167487684,12.79111111111111,12.91952380952381,42.11034987116917
2015-07-03,12.25,12.31,11.68,11.73,370613664,-0.0463414634146341,12.627777777777778,12.86714285714286,36.205943572663244
2015-07-06,11.51,11.73,11.28,11.48,573564928,-0.021312872975277,12.462222222222223,12.815714285714286,33.95705839050923
2015-07-07,11.36,11.81,10.82,11.78,797652864,0.0261324041811845,12.304444444444446,12.77809523809524,38.86441286390459
2015-07-08,11.62,11.99,11.33,11.55,492446176,-0.0195246179966043,12.187777777777779,12.710476190476191,36.6179155478331
2015-07-10,11.9,11.98,11.75,11.79,355828800,0.0207792207792205,12.03,12.650476190476189,40.48386860260143
2015-07-13,11.87,11.93,11.58,11.82,304652512,0.0025445292620867,11.926666666666668,12.591904761904763,40.96856312201685
2015-07-14,11.69,12.08,11.58,12.0,428620288,0.015228426395939,11.847777777777777,12.543333333333331,43.919637536446096
2015-07-15,11.96,12.06,11.72,11.8,382909440,-0.0166666666666666,11.805555555555555,12.486666666666665,41.440697418340456
2015-07-16,11.89,11.99,11.82,11.92,295217568,0.0101694915254235,11.763333333333334,12.418571428571427,43.50124249471591
2015-07-17,11.82,11.9,11.39,11.4,445075392,-0.0436241610738254,11.726666666666667,12.333333333333334,37.36554031386685
2015-07-20,11.46,11.54,10.75,10.79,532494304,-0.0535087719298246,11.649999999999999,12.207142857142859,31.714464130180346
2015-07-21,10.91,11.24,10.6,10.77,420748672,-0.0018535681186283,11.537777777777777,12.092857142857143,31.54600710143174
2015-07-22,10.61,10.72,10.33,10.36,306207616,-0.0380687093779016,11.405555555555555,11.957619047619048,28.235013763739317
2015-07-23,10.22,10.56,10.12,10.17,505651168,-0.0183397683397682,11.225555555555555,11.824285714285715,26.82966662416372
2015-07-24,10.17,10.23,9.76,10.04,439255552,-0.0127826941986234,11.027777777777779,11.673809523809524,25.880499475327426
2015-07-27,9.96,9.99,9.51,9.51,504600352,-0.0527888446215139,10.75111111111111,11.526666666666667,22.401032913989752
2015-07-28,9.69,10.22,9.61,9.97,696450624,0.0483701366982125,10.547777777777778,11.372380952380952,31.06375323903511
2015-07-29,10.01,10.72,9.91,10.72,893495360,0.0752256770310932,10.414444444444445,11.275714285714285,42.361658833328406
2015-07-30,10.83,10.93,10.24,10.47,491705600,-0.023320895522388,10.31111111111111,11.169047619047618,40.007912649485576
2015-07-31,10.48,10.7,10.32,10.5,383879168,0.0028653295128939,10.27888888888889,11.08904761904762,40.43561267787268
2015-08-03,10.36,10.41,9.95,10.02,405060288,-0.0457142857142857,10.195555555555556,10.98047619047619,36.0118174832129
2015-08-04,10.14,10.45,10.1,10.18,309976960,0.0159680638722554,10.175555555555556,10.906666666666668,38.4298633297994
2015-08-05,10.41,10.55,10.01,10.01,442566176,-0.0166994106090373,10.157777777777778,10.836666666666666,36.837055835329146
2015-08-06,9.86,10.39,9.74,10.32,601745344,0.0309690309690309,10.18888888888889,10.767142857142856,41.59117816508529
2015-08-07,10.25,10.55,9.69,9.69,640788672,-0.061046511627907,10.20888888888889,10.678571428571429,35.70887161973182
2015-08-10,9.81,10.03,9.57,9.95,489716544,0.0268317853457171,10.206666666666665,10.59095238095238,39.51111153116549
2015-08-11,9.79,9.86,9.47,9.83,421359328,-0.0120603015075375,10.107777777777777,10.496190476190476,38.38282857967614
2015-08-12,9.8,10.01,9.67,9.88,382808128,0.0050864699898272,10.042222222222222,10.395238095238096,39.16237941312103
2015-08-13,9.91,9.97,9.51,9.51,292441888,-0.0374493927125506,9.932222222222222,10.286190476190475,35.57555010481322
2015-08-14,9.61,9.68,9.3,9.3,261115904,-0.0220820189274446,9.852222222222222,10.161428571428571,33.689560730737895
2015-08-17,9.2,9.36,9.12,9.12,300580352,-0.0193548387096775,9.734444444444446,10.052857142857142,32.117852214435175
2015-08-18,9.06,9.2,8.82,9.0,334615008,-0.013157894736842,9.622222222222222,9.967619047619047,31.076953388341266
2015-08-19,8.95,9.05,8.63,8.79,315612960,-0.0233333333333334,9.452222222222222,9.873333333333331,29.288095317790876
2015-08-20,8.64,8.96,8.56,8.73,330794688,-0.0068259385665527,9.345555555555556,9.795714285714286,28.778388366556797
2015-08-21,8.6,8.64,8.3,8.3,326728512,-0.0492554410080182,9.162222222222221,9.706666666666665,25.370673063544146
2015-08-24,7.76,8.17,7.53,7.76,549906816,-0.0650602409638555,8.932222222222222,9.598095238095238,21.86858191779517
2015-08-25,8.1,8.23,7.88,7.9,459854912,0.0180412371134022,8.712222222222222,9.521428571428572,24.76803972551832
2015-08-26,8.07,8.13,7.85,8.11,348533696,0.0265822784810125,8.556666666666665,9.432857142857143,29.022899787502553
2015-08-27,8.25,8.89,8.23,8.89,566645376,0.0961775585696671,8.511111111111111,9.345714285714287,42.11744912981712
2015-08-28,8.67,9.39,8.61,9.0,661300800,0.012373453318335,8.497777777777777,9.275714285714287,43.695065936964156
2015-08-31,8.71,9.29,8.52,9.19,670366144,0.021111111111111,8.518888888888888,9.213333333333335,46.41192802433106
2015-09-01,8.75,9.09,8.54,8.59,457612480,-0.0652883569096843,8.496666666666666,9.145238095238096,39.86943131228731
2015-09-02,8.75,8.84,8.33,8.82,479939680,0.0267753201396974,8.506666666666668,9.08047619047619,43.17621171784743
2015-09-03,8.93,9.21,8.54,8.76,499065920,-0.0068027210884353,8.557777777777778,9.02095238095238,42.5193041122257
2015-09-04,8.6,8.76,8.51,8.51,301782880,-0.0285388127853881,8.64111111111111,8.934761904761904,39.802000899239964
2015-09-08,8.7,8.79,8.58,8.64,252436016,0.0152761457109285,8.723333333333334,8.884761904761906,41.881942177411204
2015-09-09,8.81,8.9,8.36,8.39,327415552,-0.0289351851851852,8.754444444444445,8.810476190476189,39.0851383150109
2015-09-10,7.9,8.15,7.81,7.97,500075424,-0.0500595947556615,8.652222222222223,8.721904761904762,34.871997386528776
2015-09-11,7.94,7.99,7.59,7.66,409031520,-0.0388958594730237,8.503333333333334,8.616190476190477,32.11988945499236
2015-09-14,7.7,7.82,7.46,7.72,395766336,0.0078328981723236,8.34,8.530952380952382,33.21843849287551
2015-09-15,7.65,7.87,7.54,7.65,268702848,-0.0090673575129532,8.235555555555557,8.452380952380953,32.55645749552647
2015-09-16,7.77,8.24,7.74,8.14,532515040,0.0640522875816993,8.16,8.405714285714286,41.365033641582194
2015-09-17,8.05,8.11,7.86,7.86,576728320,-0.0343980343980344,8.06,8.35142857142857,38.2877218552768
2015-09-18,7.75,7.76,7.5,7.6,513080544,-0.0330788804071248,7.958888888888889,8.294761904761904,35.636573348112464
2015-09-21,7.66,7.68,7.3,7.3,301465888,-0.0394736842105263,7.809999999999999,8.226666666666667,32.81327545520938
2015-09-22,7.24,7.24,6.81,6.97,458722784,-0.0452054794520547,7.652222222222223,8.163333333333332,29.997943452599756
2015-09-23,6.96,7.16,6.7,6.82,442728128,-0.0215208034433285,7.524444444444445,8.118571428571428,28.788832678852998
2015-09-24,6.61,7.14,6.6,6.96,385877120,0.0205278592375366,7.446666666666668,8.073809523809523,31.56149255938928
2015-09-25,7.12,7.22,6.77,6.82,306960608,-0.0201149425287355,7.346666666666668,8.012380952380951,30.291351859835046
2015-09-28,6.74,6.75,6.44,6.44,240427360,-0.0557184750733137,7.212222222222222,7.895714285714286,27.103094156977832
2015-09-29,6.54,6.79,6.5,6.59,345323104,0.0232919254658383,7.04,7.78095238095238,30.2250492126184
2015-09-30,7.25,7.26,6.97,7.24,766022144,0.0986342943854325,6.971111111111111,7.688095238095237,41.84738863137313
2015-10-01,7.31,7.46,6.99,7.02,493912928,-0.0303867403314918,6.906666666666666,7.613333333333333,39.452098465238365
2015-10-02,6.99,7.83,6.9,7.77,653300480,0.1068376068376069,6.95888888888889,7.563333333333333,49.96628715918991
2015-10-05,7.9,8.14,7.75,7.82,537470208,0.0064350064350064,7.053333333333334,7.51857142857143,50.582388068551595
2015-10-06,7.86,8.34,7.84,8.19,656915584,0.0473145780051149,7.205555555555555,7.503333333333335,54.99842998446714
2015-10-07,8.51,8.9,8.27,8.47,996659264,0.0341880341880342,7.373333333333333,7.495238095238095,58.05328352468256
2015-10-08,8.46,8.84,8.28,8.75,588848512,0.0330578512396693,7.587777777777778,7.512380952380953,60.91089473496718
2015-10-09,9.02,9.07,8.58,8.8,626856768,0.0057142857142857,7.8500000000000005,7.551904761904762,61.4163757469218
2015-10-13,8.36,8.47,8.07,8.13,460954464,-0.0761363636363636,8.02111111111111,7.574285714285715,51.75777533021197
2015-10-14,8.07,8.23,7.89,7.96,602131392,-0.020910209102091,8.101111111111113,7.5857142857142845,49.62526258921414
2015-10-15,8.0,8.07,7.67,8.0,480444960,0.0050251256281406,8.21,7.602380952380953,50.14575444129608
2015-10-16,7.99,8.08,7.81,7.95,336997504,-0.0062499999999999,8.229999999999999,7.593333333333334,49.457845381877995
2015-10-19,7.9,7.96,7.76,7.95,310315072,0.0,8.244444444444445,7.597619047619048,49.457845381878
2015-10-20,8.0,8.19,7.97,8.05,382863872,0.0125786163522012,8.22888888888889,7.619047619047619,51.016486589377784
2015-10-21,7.95,8.06,7.71,7.75,349868800,-0.0372670807453416,8.148888888888889,7.640476190476191,46.3941500425384
2015-10-22,7.82,8.11,7.81,8.02,366063424,0.0348387096774192,8.067777777777778,7.690476190476191,50.72162522078052
2015-10-23,8.26,8.28,7.94,7.99,366220192,-0.0037406483790523,7.977777777777778,7.746190476190476,50.23635604841194
2015-10-26,8.05,8.13,7.8,7.85,272645984,-0.0175219023779725,7.946666666666668,7.788571428571428,47.93171154771782
2015-10-27,7.86,7.86,7.55,7.6,328122400,-0.0318471337579617,7.906666666666666,7.825714285714287,44.045848826399535
2015-10-28,7.61,7.95,7.52,7.7,435173984,0.0131578947368422,7.873333333333333,7.885714285714285,45.93398600567873
2015-10-29,7.57,7.93,7.57,7.61,313160576,-0.0116883116883116,7.835555555555555,7.934285714285714,44.47924451004528
2015-10-30,7.6,7.78,7.54,7.71,280022272,0.0131406044678055,7.808888888888889,7.956666666666667,46.50643881734094
2015-11-03,7.84,8.48,7.77,8.48,479575456,0.0998702983138781,7.856666666666667,8.026190476190477,58.938655812198206
2015-11-04,8.58,8.65,8.02,8.08,457981408,-0.0471698113207547,7.893333333333334,8.040952380952382,52.1573056667903
2015-11-05,8.08,8.17,7.87,8.11,742823424,0.0037128712871286,7.903333333333332,8.054761904761905,52.5978201611195
2015-11-06,8.04,8.08,7.73,7.82,306952832,-0.035758323057953,7.884444444444445,8.037142857142857,47.99714659974048
2015-11-09,7.83,7.93,7.59,7.64,274080000,-0.0230179028132992,7.861111111111111,7.997619047619047,45.345895585799425
2015-11-10,7.6,7.69,7.51,7.61,249139472,-0.0039267015706805,7.862222222222223,7.943333333333333,44.90072931013893
2015-11-11,7.71,7.83,7.64,7.72,336317824,0.014454664914586,7.864444444444445,7.891904761904763,46.95694612494668
2015-11-12,7.72,7.74,7.53,7.58,310482880,-0.0181347150259066,7.861111111111111,7.865714285714285,44.671987378032625
2015-11-13,7.5,7.56,7.23,7.27,487915456,-0.0408970976253298,7.812222222222222,7.832857142857144,40.02733192246564
2015-11-16,7.31,7.7,7.31,7.7,419487072,0.0591471801925722,7.725555555555555,7.8185714285714285,48.089709508179084
2015-11-17,7.8,7.86,7.64,7.76,401460064,0.0077922077922076,7.690000000000001,7.809523809523809,49.11759531493425
2015-11-18,7.81,8.03,7.79,7.82,297857344,0.0077319587628865,7.657777777777778,7.803333333333334,50.17997566367201
2015-11-19,7.96,7.98,7.62,7.84,395648576,0.0025575447570331,7.66,7.793333333333333,50.55060247599076
2015-11-23,7.9,8.1,7.85,8.08,378036384,0.0306122448979591,7.708888888888889,7.809047619047618,54.88765089666509
2015-11-24,8.05,8.5,7.95,8.5,517415872,0.051980198019802,7.807777777777777,7.831904761904762,61.286709464380735
2015-11-25,8.28,8.35,7.9,7.9,435196544,-0.0705882352941176,7.827777777777778,7.827619047619048,50.30814430051021
2015-11-26,7.95,8.04,7.82,7.92,169855904,0.0025316455696202,7.865555555555555,7.8309523809523816,50.625644605686226
2015-11-27,7.81,7.86,7.57,7.6,291876352,-0.0404040404040404,7.902222222222223,7.8309523809523816,45.60482735929841
2015-11-30,7.54,7.84,7.42,7.67,549771200,0.0092105263157895,7.898888888888889,7.829523809523809,46.846671404214916
2015-12-01,7.67,7.76,7.45,7.49,265462400,-0.0234680573663623,7.868888888888888,7.823809523809524,44.061058447941626
2015-12-02,7.54,7.59,7.35,7.52,349730432,0.0040053404539384,7.835555555555555,7.814761904761905,44.651775034975
2015-12-03,7.99,8.17,7.79,7.98,604283392,0.0611702127659574,7.851111111111111,7.790952380952381,52.870090168672945
2015-12-04,7.97,7.97,7.42,7.52,476028928,-0.0576441102756892,7.788888888888888,7.764285714285715,45.58137182898108
2015-12-07,7.6,7.61,7.15,7.19,342237248,-0.0438829787234041,7.643333333333333,7.72047619047619,41.19389563696881
2015-12-08,7.2,7.2,6.95,7.13,327434336,-0.0083449235048679,7.557777777777777,7.687619047619047,40.43186376467717
2015-12-09,7.34,7.82,7.27,7.65,618464256,0.0729312762973353,7.527777777777778,7.688095238095239,49.20229831208194
2015-12-10,7.51,7.57,7.31,7.45,318347808,-0.0261437908496732,7.511111111111112,7.68047619047619,46.37419777091345
2015-12-11,7.26,7.53,7.21,7.25,367147648,-0.0268456375838926,7.464444444444445,7.658095238095238,43.67094458126736
2015-12-14,7.15,7.23,7.07,7.21,234181696,-0.0055172413793103,7.433333333333334,7.640476190476191,43.12944409151524
2015-12-15,7.34,7.47,7.3,7.42,248933200,0.0291262135922329,7.422222222222223,7.647619047619047,46.85517300809021
2015-12-16,7.28,7.36,7.09,7.29,278079264,-0.0175202156334232,7.345555555555555,7.62809523809524,44.89441136898364
2015-12-17,7.35,7.52,7.19,7.2,317105920,-0.0123456790123456,7.3100000000000005,7.601428571428571,43.53609610979412
2015-12-18,7.02,7.1,6.92,7.02,417113280,-0.0250000000000001,7.291111111111111,7.563333333333334,40.872581718419106
2015-12-21,7.06,7.09,6.62,6.64,367062176,-0.0541310541310541,7.236666666666668,7.506190476190476,35.881729531421186
2015-12-22,6.76,6.82,6.62,6.79,273502176,0.0225903614457831,7.141111111111111,7.444761904761905,39.04574785460428
2015-12-23,6.91,7.04,6.87,6.93,269721120,0.0206185567010308,7.083333333333333,7.37,41.92618882078283
2015-12-28,6.9,6.9,6.65,6.7,192240960,-0.0331890331890331,7.022222222222222,7.312857142857142,38.69134524191781
2015-12-29,6.81,6.87,6.68,6.69,151840688,-0.0014925373134327,6.964444444444444,7.2542857142857144,38.55207047068898
2015-12-30,6.66,6.76,6.52,6.7,199262736,0.0014947683109118,6.884444444444444,7.211428571428572,38.78935545695614
2016-01-04,6.57,7.03,6.55,6.87,314449888,0.0253731343283583,6.837777777777777,7.173333333333334,42.83099209934314
2016-01-05,6.92,7.0,6.62,6.68,198582400,-0.0276564774381369,6.779999999999999,7.1347619047619055,39.67768679377797
2016-01-06,6.53,6.54,6.4,6.4,434823904,-0.0419161676646705,6.711111111111112,7.08142857142857,35.5266955657342
2016-01-07,6.19,6.43,6.08,6.26,359180032,-0.021875,6.6688888888888895,6.99952380952381,33.632109797604784
2016-01-08,6.38,6.45,6.13,6.27,327367776,0.0015974440894568,6.611111111111111,6.9399999999999995,33.90325142607418
2016-01-11,6.27,6.3,6.05,6.09,315623328,-0.0287081339712917,6.517777777777778,6.887619047619047,31.415328182005112
2016-01-12,6.12,6.12,5.51,5.53,465242112,-0.0919540229885056,6.387777777777778,6.811428571428571,25.215686048470502
2016-01-13,5.7,5.74,5.25,5.27,388069888,-0.0470162748643762,6.23,6.698095238095238,22.951053951339446
2016-01-14,5.31,5.69,5.13,5.69,420612544,0.0796963946869071,6.117777777777778,6.614285714285715,33.362399195327114
2016-01-15,5.35,5.44,5.16,5.17,396612192,-0.0913884007029878,5.928888888888888,6.515238095238095,28.269182720042977
2016-01-18,5.19,5.21,4.8,4.8,230875488,-0.0715667311411992,5.720000000000001,6.400476190476191,25.30854600956549
2016-01-19,5.03,5.05,4.64,4.66,319192800,-0.0291666666666665,5.526666666666666,6.269047619047619,24.27268684032012
2016-01-20,4.5,4.5,4.26,4.43,406392096,-0.0493562231759657,5.323333333333333,6.132857142857143,22.6337067156702
2016-01-21,4.37,4.67,4.36,4.5,396220384,0.0158013544018058,5.126666666666667,6.0042857142857144,24.308864584176433
2016-01-22,4.73,4.77,4.4,4.41,461849984,-0.02,4.94,5.88,23.601295344737565
2016-01-26,4.23,4.31,4.12,4.2,302717536,-0.0476190476190475,4.792222222222222,5.763809523809524,21.992708693478292
2016-01-27,4.22,4.64,4.16,4.57,352368576,0.0880952380952382,4.714444444444444,5.658095238095238,30.92561466272693
2016-01-28,4.67,5.13,4.35,4.6,618332864,0.0065645514223193,4.593333333333333,5.547142857142857,31.609459877452508
2016-01-29,4.7,4.86,4.52,4.84,439826240,0.0521739130434784,4.5566666666666675,5.458571428571428,36.984284811330205
2016-02-01,4.74,4.86,4.66,4.72,245882432,-0.024793388429752,4.547777777777778,5.364761904761904,35.48273393431617
2016-02-02,4.56,4.65,4.3,4.3,238862896,-0.0889830508474576,4.507777777777778,5.25047619047619,30.773479468889235
2016-02-03,4.42,4.52,4.22,4.49,324113632,0.0441860465116279,4.514444444444445,5.137142857142857,34.97770833105389
2016-02-04,4.56,4.94,4.36,4.73,429188288,0.0534521158129175,4.54,5.0442857142857145,39.939569520501145
2016-02-05,4.73,4.78,4.53,4.54,244701984,-0.0401691331923891,4.554444444444444,4.9557142857142855,37.499855217812716
2016-02-10,4.3,4.41,4.28,4.31,198066320,-0.0506607929515419,4.566666666666666,4.862857142857143,34.7338827966486
2016-02-11,4.2,4.27,4.12,4.23,249244384,-0.0185614849187932,4.52888888888889,4.765714285714286,33.800022151254495
2016-02-12,4.37,4.51,4.3,4.45,282745760,0.0520094562647752,4.512222222222222,4.687619047619048,38.68239872934069
2016-02-15,4.56,4.6,4.52,4.52,129541472,0.0157303370786514,4.476666666666667,4.63952380952381,40.193799653182595
2016-02-16,4.5,4.64,4.42,4.44,364114496,-0.0176991150442475,4.445555555555555,4.6,39.01034678195125
2016-02-17,4.54,4.82,4.51,4.68,392727840,0.0540540540540539,4.487777777777778,4.551904761904762,44.30807942648873
2016-02-18,4.69,4.87,4.55,4.59,303469280,-0.0192307692307691,4.498888888888889,4.524285714285714,42.80646247027428
2016-02-19,4.5,4.57,4.4,4.46,250595264,-0.0283224400871459,4.4688888888888885,4.508095238095239,40.66278762117851
2016-02-22,4.67,5.04,4.63,5.04,390806048,0.1300448430493272,4.524444444444445,4.526190476190476,52.17104978514916
2016-02-23,4.95,5.28,4.82,4.92,424211232,-0.0238095238095238,4.592222222222222,4.5495238095238095,50.00993977692303
2016-02-24,4.77,4.93,4.65,4.87,358950592,-0.0101626016260162,4.663333333333333,4.567142857142857,49.09734341257918
2016-02-25,4.81,5.08,4.79,4.89,346666368,0.0041067761806981,4.712222222222222,4.59,49.49435846182165
2016-02-26,5.02,5.1,4.83,4.87,303071264,-0.0040899795501021,4.751111111111111,4.621904761904761,49.082095517586254
2016-02-29,5.08,5.23,4.98,5.14,430988320,0.055441478439425,4.828888888888889,4.649047619047619,54.582111966473605
2016-03-01,5.31,5.37,5.1,5.31,425053952,0.0330739299610893,4.898888888888888,4.682857142857143,57.68161717106891
2016-03-02,5.21,5.65,5.15,5.65,479617440,0.0640301318267422,5.0166666666666675,4.7214285714285715,63.1047535855424
2016-03-03,5.85,6.8,5.8,6.57,1175567232,0.1628318584070796,5.251111111111111,4.809523809523809,73.13651866223597
2016-03-04,7.9,7.9,6.9,7.22,1294776960,0.0989345509893453,5.493333333333333,4.948571428571428,77.74136971044872
2016-03-07,7.25,7.53,6.95,7.37,620017152,0.0207756232686981,5.765555555555555,5.085714285714285,78.6508563792298
2016-03-08,7.37,7.84,7.08,7.47,1020738112,0.0135685210312075,6.054444444444444,5.216190476190476,79.25929236929827
2016-03-09,7.7,7.78,7.36,7.6,646121856,0.0174029451137884,6.355555555555555,5.3619047619047615,80.05507574731642
2016-03-10,7.8,7.96,7.31,7.95,900474432,0.0460526315789473,6.697777777777778,5.535238095238095,82.0517316384163
2016-03-11,7.94,8.22,7.67,8.09,737424000,0.0176100628930817,7.025555555555555,5.719047619047619,82.79372884453252
2016-03-14,8.13,8.2,7.4,7.4,655382976,-0.0852904820766378,7.257777777777779,5.859523809523809,67.89573056698192
2016-03-15,6.83,6.96,6.56,6.61,699084480,-0.1067567567567567,7.364444444444445,5.959047619047619,55.567191678776695
2016-03-16,6.51,7.23,6.41,7.23,584312256,0.0937972768532526,7.437777777777778,6.091904761904762,61.47894847100019
2016-03-17,8.15,8.19,7.71,8.1,943356416,0.1203319502074686,7.535555555555555,6.254761904761905,67.92744661340396
2016-03-18,8.09,8.17,7.72,8.12,608847040,0.0024691358024691,7.618888888888888,6.422857142857143,68.05981773897473
2016-03-21,8.08,8.27,7.93,8.06,526247200,-0.0073891625615761,7.684444444444444,6.594285714285713,67.16423902726422
2016-03-22,7.85,8.18,7.73,8.11,669341696,0.0062034739454093,7.7411111111111115,6.740476190476191,67.54747381625154
2016-03-23,7.88,7.96,7.66,7.78,473396704,-0.0406905055487052,7.722222222222222,6.876666666666667,62.37325414974076
2016-03-24,7.53,8.0,7.32,7.81,398617248,0.0038560411311052,7.691111111111111,7.0166666666666675,62.653332541207384
2016-03-28,8.15,8.48,7.91,8.44,568050112,0.0806658130601791,7.8066666666666675,7.185714285714286,68.0344142720107
2016-03-29,8.34,8.85,8.19,8.49,755373184,0.0059241706161137,8.015555555555556,7.358095238095237,68.42327930927665
2016-03-30,8.7,9.0,8.28,8.44,777980992,-0.0058892815076561,8.149999999999999,7.515238095238095,67.53846507507755
2016-03-31,8.36,8.63,8.19,8.35,583425856,-0.0106635071090047,8.177777777777777,7.660000000000001,65.88686739636634
2016-04-01,8.05,8.41,7.94,8.36,603182336,0.0011976047904191,8.204444444444444,7.7890476190476186,65.98639599806408
2016-04-04,8.0,8.18,7.53,7.58,549510016,-0.0933014354066984,8.151111111111112,7.837142857142858,52.99777070515324
2016-04-05,7.55,8.05,7.41,7.83,586195328,0.0329815303430078,8.12,7.866190476190476,55.98803533633441
2016-04-06,7.77,7.96,7.58,7.58,544294784,-0.0319284802043422,8.097777777777777,7.876190476190477,52.39806314466523
2016-04-07,7.79,7.85,7.6,7.7,355436288,0.0158311345646438,8.085555555555555,7.887142857142857,53.92522476975812
2016-04-08,8.13,8.34,8.04,8.26,690402624,0.0727272727272727,8.065555555555555,7.918571428571428,60.32251404755837
2016-04-11,8.43,8.58,8.34,8.39,516665760,0.0157384987893463,8.054444444444444,7.939523809523809,61.65357414360453
2016-04-12,8.55,9.15,8.49,9.03,757541696,0.0762812872467222,8.12,7.984285714285714,67.44394744460661
2016-04-13,9.41,9.74,9.29,9.51,1008350720,0.0531561461794021,8.248888888888889,8.084761904761905,70.9829500062355
2016-04-14,9.73,9.77,9.12,9.16,716163584,-0.0368033648790746,8.337777777777777,8.206190476190475,65.40030040843048
2016-04-15,9.25,9.83,9.07,9.69,895806400,0.0578602620087336,8.572222222222221,8.323333333333332,69.33347640722613
2016-04-18,9.65,9.72,8.89,9.24,825145536,-0.0464396284829721,8.72888888888889,8.377619047619048,62.80534367276538
2016-04-19,9.48,9.67,9.34,9.62,545078976,0.0411255411255411,8.955555555555556,8.449047619047619,65.73895373958686
2016-04-20,9.4,9.64,9.34,9.48,504246464,-0.0145530145530143,9.153333333333332,8.516666666666666,63.74418954912795
2016-04-22,9.32,9.93,9.29,9.75,612372992,0.0284810126582277,9.318888888888889,8.594761904761905,65.89362659523745
2016-04-25,9.71,9.9,9.33,9.33,532753536,-0.0430769230769231,9.423333333333334,8.668571428571429,59.940592707525674
2016-04-26,9.48,9.74,9.34,9.67,385231584,0.0364415862808145,9.494444444444445,8.757142857142858,62.86534223866907
2016-04-27,9.85,10.3,9.77,10.25,861496000,0.0599793174767322,9.576666666666666,8.843333333333332,67.25707044083613
2016-04-28,10.23,10.54,10.08,10.23,592154560,-0.0019512195121951,9.695555555555556,8.926190476190477,66.96298230696067
2016-04-29,10.41,10.49,10.01,10.23,548271680,0.0,9.755555555555555,9.011428571428572,66.96298230696065
2016-05-02,10.25,10.36,9.93,10.17,488790208,-0.0058651026392961,9.85888888888889,9.098095238095237,65.9595049803496
2016-05-03,10.01,10.09,9.71,9.78,458544384,-0.0383480825958703,9.876666666666667,9.165714285714285,59.69732314224041
2016-05-04,9.85,10.15,9.85,9.92,428761824,0.0143149284253578,9.925555555555555,9.277142857142858,61.12416591131527
2016-05-05,10.28,10.3,9.6,9.81,647812352,-0.0110887096774192,9.932222222222222,9.371428571428572,59.34635483362399
2016-05-06,9.63,10.13,9.58,10.08,448185344,0.0275229357798165,10.015555555555556,9.49047619047619,62.24876997512391
2016-05-09,10.01,10.05,8.84,9.48,888859008,-0.0595238095238095,9.994444444444445,9.575238095238095,53.165144725350316
2016-05-10,9.82,10.21,9.72,10.21,520272320,0.0770042194092828,9.99,9.668095238095239,60.68258060998652
2016-05-11,10.39,10.5,9.99,10.25,762187904,0.0039177277179234,9.992222222222221,9.756666666666666,61.05148453317124
2016-05-12,10.4,10.47,9.79,9.79,675049792,-0.0448780487804878,9.943333333333335,9.792857142857143,54.69576802642939
2016-05-13,9.93,10.06,9.39,9.46,668260160,-0.0337078651685391,9.864444444444445,9.79047619047619,50.62415176884212
2016-05-16,9.55,9.85,9.52,9.75,596170944,0.0306553911205074,9.86111111111111,9.818571428571428,53.873752341984435
2016-05-17,9.83,9.88,9.46,9.5,443574400,-0.0256410256410256,9.814444444444444,9.80952380952381,50.771601106522326
2016-05-18,9.31,9.65,9.27,9.32,487168928,-0.0189473684210526,9.76,9.813333333333334,48.60163093454931
2016-05-19,9.25,9.25,8.65,8.96,666273728,-0.0386266094420599,9.635555555555555,9.78190476190476,44.504744754861676
2016-05-20,9.2,9.46,8.9,8.9,594326208,-0.0066964285714286,9.571111111111112,9.754285714285714,43.841427680423934
2016-05-23,8.55,8.67,8.42,8.5,434582528,-0.0449438202247191,9.381111111111112,9.694761904761904,39.603603010848026
2016-05-24,8.69,8.85,8.45,8.53,384329920,0.0035294117647057,9.190000000000001,9.656666666666666,40.071486530614486
2016-05-25,8.68,8.94,8.59,8.67,395885760,0.0164126611957797,9.065555555555555,9.60904761904762,42.31725062438534
2016-05-27,8.5,8.57,8.23,8.23,391352160,-0.0507497116493655,8.928888888888888,9.512857142857143,37.55407084010003
2016-05-30,8.18,8.62,8.06,8.38,265184512,0.0182260024301337,8.776666666666667,9.424761904761905,40.03218342335739
2016-05-31,8.36,8.57,8.04,8.04,480428992,-0.0405727923627686,8.614444444444445,9.32047619047619,36.49674427351852
2016-06-01,8.09,8.25,7.86,8.18,367903008,0.0174129353233831,8.487777777777778,9.225714285714286,38.88995263336839
2016-06-02,8.19,8.41,8.03,8.4,431989312,0.0268948655256724,8.425555555555555,9.16,42.55370309912336
2016-06-03,8.51,8.67,8.45,8.57,386974016,0.0202380952380951,8.38888888888889,9.095714285714285,45.283572821718025
2016-06-06,8.7,8.78,8.45,8.46,314570688,-0.012835472578763,8.384444444444444,9.031428571428572,43.832126849052564
2016-06-07,8.42,8.72,8.39,8.62,294416672,0.0189125295508272,8.394444444444444,8.961904761904762,46.51737770441399
2016-06-08,8.8,9.41,8.8,9.39,702815552,0.0893271461716938,8.474444444444444,8.957619047619048,57.1375056934278
2016-06-09,9.28,9.38,9.05,9.18,425936864,-0.0223642172523962,8.58,8.90857142857143,53.98878687508007
2016-06-10,8.97,8.99,8.78,8.78,341657312,-0.0435729847494553,8.624444444444443,8.838571428571429,48.5056361208904
2016-06-13,8.58,8.84,8.52,8.62,320145088,-0.0182232346241457,8.68888888888889,8.782857142857143,46.47249608792288
2016-06-14,8.6,8.77,8.25,8.3,554243840,-0.0371229698375867,8.702222222222222,8.727619047619047,42.62438263158346
2016-06-15,8.3,8.69,8.27,8.51,718122240,0.0253012048192768,8.714444444444446,8.668571428571429,45.796389259802005
2016-06-16,8.41,8.54,8.28,8.5,393273376,-0.0011750881316098,8.706666666666667,8.620952380952382,45.666917871599
2016-06-17,8.75,8.95,8.73,8.95,557610432,0.052941176470588,8.761111111111113,8.603333333333333,52.213902595608005
2016-06-20,9.22,9.37,9.12,9.18,587248256,0.0256983240223465,8.823333333333332,8.613809523809525,55.186177541398166
2016-06-21,9.09,9.54,8.94,9.53,488894560,0.0381263616557734,8.838888888888889,8.643809523809525,59.331605188066284
2016-06-22,9.61,9.75,9.34,9.34,588387648,-0.0199370409233997,8.856666666666667,8.683809523809524,56.287633689865196
2016-06-23,9.59,9.7,9.51,9.67,457943616,0.0353319057815846,8.955555555555556,8.738095238095237,60.11507295433808
2016-06-24,9.0,9.33,8.92,9.25,688141120,-0.0434332988624611,9.025555555555556,8.765714285714285,53.67360579646629
2016-06-27,9.22,9.34,8.78,8.78,523210752,-0.0508108108108108,9.07888888888889,8.791904761904762,47.535270105410795
2016-06-28,9.1,9.28,9.07,9.2,413285344,0.0478359908883827,9.155555555555555,8.83095238095238,52.736994243790775
2016-06-29,9.43,9.57,9.32,9.5,528907040,0.032608695652174,9.266666666666666,8.90047619047619,56.08616928718217
2016-06-30,9.42,9.49,9.24,9.42,409086720,-0.0084210526315789,9.318888888888887,8.95952380952381,54.96756514275218
2016-07-01,9.48,9.85,9.37,9.82,474561568,0.0424628450106157,9.39,9.027142857142858,59.3347246144593
2016-07-04,9.95,10.05,9.79,9.87,239813776,0.0050916496945008,9.427777777777777,9.08904761904762,59.858758199380055
2016-07-05,9.65,9.67,9.23,9.29,650206656,-0.0587639311043566,9.422222222222222,9.128571428571428,51.55871815228583
2016-07-06,9.09,9.52,8.95,9.5,621696896,0.0226049515608182,9.403333333333332,9.17047619047619,54.0434302495332
2016-07-07,9.66,9.98,9.52,9.56,788313984,0.0063157894736842,9.437777777777777,9.178571428571429,54.757472557495866
2016-07-08,9.85,9.94,9.67,9.84,416980896,0.0292887029288702,9.555555555555554,9.209999999999999,58.03436091709472
2016-07-11,10.0,10.37,9.98,10.36,677672640,0.0528455284552844,9.684444444444445,9.285238095238094,63.34426541470478
2016-07-12,10.61,10.8,10.58,10.65,617170432,0.0279922779922781,9.812222222222223,9.38190476190476,65.9331028821739
2016-07-13,10.47,10.63,10.21,10.63,667074880,-0.0018779342723004,9.946666666666665,9.492857142857142,65.58906128545777
2016-07-14,10.92,10.98,10.66,10.93,574385024,0.0282220131702726,10.07,9.608095238095236,68.2641234595347
2016-07-15,10.91,11.06,10.82,11.02,554016064,0.0082342177493137,10.197777777777778,9.728095238095237,69.04166027244383
2016-07-18,10.97,11.74,10.87,11.55,870749824,0.0480943738656989,10.448888888888888,9.85190476190476,73.20500345480362
2016-07-19,11.51,11.97,11.5,11.78,628986944,0.0199134199134198,10.702222222222222,9.975714285714284,74.78947034733804
2016-07-20,11.82,11.9,11.54,11.82,575196864,0.0033955857385399,10.953333333333333,10.084761904761905,75.06562023574634
2016-07-21,11.77,11.99,11.73,11.85,440343776,0.0025380710659896,11.176666666666668,10.204285714285714,75.28428660768621
2016-07-22,11.84,11.97,11.72,11.94,399813312,0.0075949367088608,11.352222222222222,10.312380952380952,75.96525794616242
2016-07-25,11.98,12.25,11.91,12.03,567393536,0.0075376884422111,11.505555555555555,10.444761904761904,76.65785575717643
2016-07-26,11.95,12.07,11.85,11.88,454134752,-0.0124688279301744,11.644444444444446,10.592380952380953,72.88794732394709
2016-07-27,11.99,12.04,11.51,11.51,603206016,-0.0311447811447812,11.708888888888888,10.702380952380953,64.46621462986776
2016-07-28,11.4,11.55,11.15,11.44,459249728,-0.0060816681146829,11.755555555555555,10.794761904761904,62.983513507715855
2016-07-29,11.76,11.98,11.61,11.87,714220544,0.0375874125874124,11.791111111111112,10.911428571428571,67.87186143935082
2016-08-01,11.93,11.97,11.22,11.25,598459392,-0.0522325189553495,11.732222222222223,10.979523809523808,56.322526848716116
2016-08-02,11.33,11.62,11.1,11.36,551955840,0.0097777777777776,11.681111111111111,11.050476190476191,57.697882417256956
2016-08-03,11.58,11.9,11.33,11.9,645302656,0.0475352112676057,11.686666666666667,11.174761904761905,63.73501537354357
2016-08-04,11.93,12.12,11.87,12.01,756652736,0.0092436974789915,11.694444444444445,11.294285714285715,64.8359244334793
2016-08-05,12.12,12.17,11.65,11.65,636587200,-0.0299750208159866,11.652222222222223,11.393809523809525,58.5693676123637
2016-08-08,11.79,11.97,11.7,11.91,490430336,0.0223175965665236,11.655555555555557,11.492380952380952,61.46612106750442
2016-08-09,11.92,12.07,11.75,11.88,396023520,-0.0025188916876573,11.696666666666665,11.564761904761905,60.93669966940465
2016-08-10,11.95,11.97,11.56,11.56,483393344,-0.0269360269360269,11.71,11.608095238095238,55.450351165605
2016-08-11,11.63,12.1,11.6,12.1,657752704,0.046712802768166,11.735555555555557,11.678095238095239,61.71456424048447
2016-08-12,12.05,12.44,11.98,12.0,862813312,-0.0082644628099173,11.818888888888889,11.72904761904762,60.03115442426304
2016-08-15,12.19,12.37,12.07,12.31,654063040,0.0258333333333333,11.924444444444443,11.79047619047619,63.367106402065225
2016-08-16,12.31,12.56,12.14,12.49,596411008,0.0146222583265638,11.99,11.835238095238097,65.1841712136357
2016-08-17,12.47,12.76,12.32,12.76,583107392,0.021617293835068,12.073333333333332,11.881904761904762,67.76689123738322
2016-08-18,12.8,13.03,12.78,12.88,577432960,0.0094043887147337,12.21,11.932380952380951,68.87212029973341
2016-08-19,12.82,12.92,12.7,12.79,425050848,-0.0069875776397516,12.307777777777778,11.977142857142857,67.01613127958427
2016-08-22,12.63,12.63,12.3,12.35,535449120,-0.034401876465989,12.360000000000001,11.996666666666666,58.689199852820124
2016-08-23,12.48,12.86,12.42,12.67,770320320,0.025910931174089,12.483333333333334,12.027142857142858,62.35289404887365
2016-08-24,12.5,12.71,12.37,12.4,549920320,-0.0213101815311759,12.516666666666666,12.051904761904762,57.70290671823887
2016-08-25,12.42,12.64,12.35,12.53,503752576,0.0104838709677419,12.575555555555555,12.100476190476192,59.277588886361066
2016-08-26,12.69,12.9,12.45,12.55,637826944,0.0015961691939345,12.602222222222222,12.153333333333332,59.527230303304336
2016-08-29,12.5,12.96,12.45,12.87,468228096,0.0254980079681272,12.644444444444444,12.200952380952382,63.39393388508932
2016-08-30,13.04,13.23,12.97,13.09,672169152,0.0170940170940172,12.681111111111111,12.288571428571428,65.81221250689573
2016-08-31,13.13,13.22,12.71,12.85,784822208,-0.0183346065699007,12.677777777777777,12.359523809523811,61.072295220826845
2016-09-01,12.97,13.09,12.76,13.0,585180288,0.0116731517509727,12.70111111111111,12.411904761904763,62.87211564214991
2016-09-02,13.22,13.58,13.15,13.57,762706304,0.0438461538461538,12.836666666666666,12.486190476190476,68.7793087876627
2016-09-05,13.79,13.93,13.73,13.83,359912256,0.0191599115696388,12.965555555555556,12.59,71.04251914477864
2016-09-06,13.69,13.98,13.53,13.98,569623296,0.0108459869848156,13.141111111111112,12.688571428571427,72.29051586246092
2016-09-08,14.07,14.29,13.96,14.22,602475520,0.017167381974249,13.32888888888889,12.8,74.20598959993157
2016-09-09,13.96,14.02,13.51,13.51,582794496,-0.049929676511955,13.435555555555556,12.892857142857142,60.81303921440788
2016-09-12,13.32,13.95,13.27,13.95,603758080,0.0325684678016284,13.555555555555555,12.98095238095238,65.02577662539395
2016-09-13,13.7,13.85,12.94,13.01,852543104,-0.0673835125448027,13.546666666666667,13.029047619047617,52.13183547698552
2016-09-14,13.15,13.36,12.97,13.11,574176128,0.0076863950807071,13.575555555555557,13.067142857142855,53.19511667076485
2016-09-15,13.21,13.56,13.16,13.51,563161920,0.0305110602593441,13.632222222222222,13.115714285714287,57.28255575641949
2016-09-16,13.34,13.42,13.16,13.16,588971136,-0.0259067357512953,13.586666666666666,13.134761904761904,52.927124508584775
2016-09-19,13.42,13.54,13.02,13.05,675604992,-0.0083586626139817,13.5,13.142857142857142,51.59923671823743
2016-09-20,13.45,13.63,13.33,13.5,698162048,0.0344827586206895,13.446666666666667,13.176666666666668,56.41659299783053
2016-09-21,13.6,13.69,13.4,13.66,823058816,0.0118518518518517,13.384444444444444,13.239047619047618,58.016615728851605
2016-09-22,13.89,14.09,13.84,14.0,661999872,0.0248901903367495,13.43888888888889,13.30238095238095,61.270419695015455
2016-09-23,13.98,13.98,13.54,13.69,721162560,-0.0221428571428571,13.41,13.363809523809524,56.937507837943684
2016-09-26,13.59,13.69,13.39,13.4,477486816,-0.0211833455076697,13.453333333333333,13.405238095238097,53.15081632936827
2016-09-27,13.4,13.4,12.87,13.12,752929984,-0.0208955223880598,13.454444444444443,13.432380952380951,49.71304819585453
2016-09-28,13.3,13.85,13.12,13.85,922394496,0.055640243902439,13.492222222222223,13.47904761904762,57.44165006744562
2016-09-29,13.8,13.9,13.43,13.43,720784064,-0.0303249097472924,13.522222222222222,13.495238095238093,52.44729061514253
2016-09-30,13.53,13.77,13.44,13.57,528427488,0.0104244229337304,13.58,13.529523809523809,53.886565628753075
2016-10-03,13.67,13.97,13.62,13.97,474102208,0.0294767870302137,13.632222222222222,13.575714285714287,57.81519620100846
2016-10-04,13.98,14.12,13.83,14.02,547706880,0.0035790980672869,13.672222222222222,13.597142857142858,58.293509075961516
2016-10-05,14.19,14.64,14.16,14.58,935819200,0.0399429386590586,13.736666666666666,13.63285714285714,63.31108153828753
2016-10-06,14.71,15.1,14.62,15.1,1142794368,0.0356652949245541,13.893333333333334,13.686190476190477,67.25100657057261
2016-10-07,15.23,15.38,14.97,15.26,1090130432,0.0105960264900661,14.1,13.735714285714286,68.37630317631094
2016-10-10,15.52,15.77,15.51,15.73,599703488,0.0307994757536043,14.389999999999999,13.841428571428573,71.47679077796658
2016-10-11,15.61,15.66,15.29,15.39,1047210112,-0.0216147488874761,14.561111111111112,13.91,66.40475528162104
2016-10-13,15.19,15.82,15.03,15.76,899142400,0.0240415854450941,14.82,14.040952380952382,68.98409851871628
2016-10-14,16.01,16.29,15.98,16.26,1063794944,0.0317258883248732,15.118888888888888,14.19095238095238,72.10132185953981
2016-10-17,16.24,16.9,16.07,16.9,1239306368,0.0393603936039359,15.444444444444445,14.352380952380955,75.4961135828448
2016-10-18,17.21,17.64,17.18,17.42,1341211648,0.0307692307692308,15.822222222222223,14.555238095238094,77.85404895093396
2016-10-19,17.72,17.79,17.34,17.62,1146810112,0.0114810562571756,16.16,14.772857142857141,78.70289481565155
2016-10-20,17.31,17.74,17.22,17.74,1099335168,0.006810442678774,16.453333333333333,14.974761904761904,79.21760878048545
2016-10-21,17.65,18.09,17.48,17.95,854846848,0.011837655016911,16.75222222222222,15.17904761904762,80.12296543987148
2016-10-24,18.26,18.43,18.0,18.2,941395072,0.0139275766016713,17.026666666666667,15.37904761904762,81.17439119623549
2016-10-25,18.22,18.29,17.71,18.0,1037308032,-0.0109890109890109,17.31666666666667,15.584285714285713,77.63631951225761
2016-10-26,17.7,18.25,17.61,18.1,925073216,0.0055555555555555,17.576666666666668,15.808095238095238,78.1491462791984
2016-10-27,18.11,18.49,18.09,18.09,798563968,-0.0005524861878454,17.78,16.044761904761906,77.95663102284047
2016-10-28,17.99,18.29,17.95,18.09,683237184,0.0,17.912222222222223,16.246666666666666,77.95663102284047
2016-10-31,18.03,18.17,17.61,17.69,748026368,-0.0221116639027085,17.942222222222224,16.44952380952381,69.96143723397714
2016-11-01,17.88,17.88,16.56,16.86,1178290176,-0.0469191633691351,17.857777777777777,16.606190476190477,56.917113126072095
2016-11-03,16.63,17.03,16.13,16.13,937533184,-0.0432977461447212,17.678888888888892,16.709047619047617,48.37419807260525
2016-11-04,16.47,16.58,15.91,15.99,997401728,-0.008679479231246,17.461111111111112,16.802857142857142,46.91971572491143
2016-11-07,16.71,17.21,16.71,17.21,877342592,0.0762976860537836,17.35111111111111,16.92809523809524,58.60121843226932
2016-11-08,17.1,17.48,16.73,17.04,963789120,-0.0098779779198141,17.244444444444444,17.02047619047619,56.72779832843116
2016-11-09,15.85,17.1,15.81,16.65,1832973056,-0.0228873239436619,17.083333333333332,17.086666666666666,52.57528943119456
2016-11-10,17.1,17.18,15.5,15.5,1533778560,-0.0690690690690689,16.795555555555556,17.075714285714284,42.659110485634464
2016-11-11,15.18,15.46,13.94,14.01,1902200192,-0.0961290322580645,16.34222222222222,17.009999999999998,33.771481649415634
2016-11-14,13.8,14.18,13.33,14.0,1190281088,-0.0007137758743753,15.93222222222222,16.926190476190477,33.720704400534785
2016-11-16,14.55,14.96,14.18,14.74,1129528320,0.0528571428571429,15.696666666666665,16.853809523809524,40.81263476852372
2016-11-17,15.15,15.32,14.29,14.29,769711232,-0.0305291723202171,15.492222222222223,16.72952380952381,38.14003950381434
2016-11-18,14.37,14.69,14.21,14.52,797766784,0.0160951714485655,15.32888888888889,16.591428571428573,40.29217599567667
2016-11-21,15.05,15.58,14.88,15.58,903896192,0.0730027548209366,15.147777777777776,16.494285714285713,49.08396854434914
2016-11-22,15.93,16.08,15.25,15.93,925058048,0.0224646983311938,15.024444444444445,16.40809523809524,51.61725086319647
2016-11-23,15.72,15.99,15.53,15.85,671014848,-0.005021971123666,14.935555555555554,16.30809523809524,50.99273428459397
2016-11-24,15.9,15.9,15.58,15.58,231672128,-0.0170347003154573,14.944444444444445,16.18333333333333,48.844776750316186
2016-11-25,15.25,15.52,15.05,15.3,728061376,-0.017971758664955,15.087777777777777,16.054761904761907,46.65020445106737
2016-11-28,15.2,15.56,15.2,15.46,597826240,0.0104575163398692,15.25,15.92904761904762,48.08558276977046
2016-11-29,15.3,15.38,14.59,14.66,803761152,-0.0517464424320828,15.24111111111111,15.765714285714285,42.00079027645932
2016-11-30,15.9,16.19,15.61,16.0,1316174720,0.0914051841746248,15.431111111111111,15.666190476190476,52.7793825657283
2016-12-01,16.0,16.35,15.33,15.44,1063362880,-0.035,15.533333333333335,15.55904761904762,48.705695796478246
2016-12-02,15.12,15.91,14.75,15.83,903292992,0.025259067357513,15.561111111111112,15.51,51.51251383680693
2016-12-05,16.01,16.09,15.55,15.66,752226816,-0.0107391029690461,15.53111111111111,15.487619047619049,50.22244766080175
2016-12-06,16.0,16.2,15.74,16.15,1023040960,0.0312899106002553,15.564444444444442,15.495238095238093,53.81292005951391
2016-12-07,16.3,16.33,15.77,15.86,802214976,-0.0179566563467491,15.595555555555556,15.430952380952382,51.44770486003806
2016-12-08,15.97,16.0,15.52,15.7,648013120,-0.0100882723833544,15.639999999999999,15.367142857142856,50.13833988207658
2016-12-09,15.88,15.9,15.52,15.58,584126400,-0.0076433121019108,15.653333333333332,15.316190476190476,49.128450675805745
2016-12-12,15.79,15.95,15.48,15.6,557199680,0.0012836970474967,15.757777777777777,15.32095238095238,49.311701075328834
2016-12-13,15.55,15.69,15.38,15.45,519764576,-0.0096153846153846,15.696666666666665,15.38952380952381,47.91754788184834
2016-12-14,15.43,15.47,14.74,14.74,667048832,-0.0459546925566342,15.618888888888888,15.424761904761905,41.88172062398115
2016-12-15,14.78,14.91,14.33,14.85,633622656,0.007462686567164,15.51,15.430000000000001,43.07802366503268
2016-12-16,14.9,15.14,14.76,14.76,564261056,-0.0060606060606061,15.41,15.452380952380953,42.31063998196666
2016-12-19,14.88,14.89,14.35,14.36,571619712,-0.02710027100271,15.211111111111112,15.444761904761904,38.98654302431572
2016-12-20,14.46,14.59,14.1,14.35,456286624,-0.0006963788300835,15.043333333333331,15.386190476190476,38.904253251351065
2016-12-21,14.45,14.48,14.04,14.34,469597056,-0.0006968641114982,14.892222222222223,15.310476190476189,38.81602110679192
2016-12-22,14.46,14.46,14.01,14.01,596031936,-0.0230125523012552,14.717777777777778,15.222857142857142,35.92084541144986
2016-12-23,14.05,14.35,14.01,14.24,309168320,0.0164168451106352,14.566666666666666,15.159047619047621,39.31805233130399
2016-12-26,14.32,14.45,14.27,14.42,82501536,0.0126404494382021,14.452222222222222,15.117142857142856,41.913485762859096
2016-12-27,14.5,14.55,14.26,14.41,215534672,-0.0006934812760055,14.415555555555557,15.067142857142859,41.8065048199076
2016-12-28,14.43,14.81,14.36,14.78,277762880,0.0256766134628729,14.407777777777776,15.072857142857142,47.17865902837983
2016-12-29,14.85,14.88,14.52,14.87,266439888,0.0060893098782137,14.42,15.019047619047617,48.42584612440654
2017-01-02,14.64,14.7,14.6,14.66,110251592,-0.0141223940820442,14.453333333333335,14.981904761904762,45.7136001085511
2017-01-03,14.95,15.65,14.95,15.5,613726464,0.0572987721691677,14.58111111111111,14.966190476190476,56.265305051861496
2017-01-04,15.45,15.68,15.31,15.5,574660480,0.0,14.709999999999999,14.958571428571428,56.265305051861496
2017-01-05,15.7,15.91,15.62,15.75,750416000,0.0161290322580645,14.903333333333332,14.939523809523811,59.015012519647804
2017-01-06,15.78,15.92,15.5,15.66,401383328,-0.0057142857142856,15.06111111111111,14.929999999999998,57.610741161085805
2017-01-09,15.5,15.6,15.33,15.33,395853056,-0.0210727969348658,15.162222222222223,14.912380952380953,52.662549337493026
2017-01-10,15.6,15.68,15.39,15.48,408290336,0.009784735812133,15.28111111111111,14.907619047619047,54.57250740970394
2017-01-11,15.64,15.68,15.27,15.66,533930112,0.0116279069767442,15.378888888888888,14.91047619047619,56.823787054142876
2017-01-12,16.15,16.25,15.9,15.9,800242368,0.0153256704980841,15.493333333333332,14.931904761904761,59.69208605132952
2017-01-13,15.77,15.95,15.57,15.68,540794944,-0.0138364779874213,15.606666666666667,14.976666666666667,56.01836302614492
2017-01-16,15.7,15.75,15.58,15.75,315096544,0.0044642857142858,15.634444444444446,15.019523809523808,56.926722224195295
2017-01-17,15.73,15.97,15.72,15.82,455286016,0.0044444444444444,15.67,15.069999999999999,57.863906896353924
2017-01-18,15.8,15.93,15.71,15.79,391422272,-0.0018963337547408,15.674444444444443,15.13809523809524,57.28860815440289
2017-01-19,15.82,15.88,15.58,15.77,341918368,-0.0012666244458517,15.686666666666667,15.205714285714285,56.882577927517865
2017-01-20,15.84,16.19,15.81,16.0,558667200,0.0145846544071022,15.761111111111111,15.284761904761906,60.361832355251615
2017-01-23,15.94,16.09,15.79,15.99,401372160,-0.0006249999999999,15.81777777777778,15.379047619047618,60.134628924851626
2017-01-24,16.12,16.43,15.97,16.04,805622016,0.0031269543464664,15.860000000000001,15.464761904761907,60.92656253813546
2017-01-26,16.15,16.19,15.8,15.8,597099776,-0.0149625935162094,15.84888888888889,15.53047619047619,55.25277603897504
2017-01-27,15.73,15.87,15.54,15.62,364881536,-0.0113924050632912,15.84222222222222,15.588095238095237,51.38758910192311
2017-01-30,15.51,15.53,14.84,14.84,404592672,-0.0499359795134443,15.74111111111111,15.590952380952382,38.740547762529594
2017-01-31,14.99,15.37,14.9,15.02,466453216,0.0121293800539084,15.652222222222223,15.598095238095238,42.27143649421195
2017-02-01,15.26,15.41,14.91,15.02,544015808,0.0,15.566666666666666,15.615238095238093,42.27143649421195
2017-02-02,14.99,15.28,14.86,14.89,590933184,-0.0086551264980025,15.46888888888889,15.586190476190476,40.32463538121325
2017-02-03,14.92,15.34,14.77,15.34,609655936,0.0302216252518467,15.395555555555555,15.578571428571427,49.068697031676976
2017-02-06,15.38,15.47,14.95,14.96,450522272,-0.0247718383311602,15.28111111111111,15.54095238095238,43.29901461346712
2017-02-07,15.1,15.16,14.7,14.7,434009600,-0.017379679144385,15.132222222222222,15.495238095238097,39.84667211960495
2017-02-08,14.77,15.1,14.27,15.1,861209856,0.0272108843537415,15.054444444444446,15.484285714285713,46.86577400321829
2017-02-09,15.18,15.24,14.96,15.05,511618496,-0.0033112582781456,14.99111111111111,15.463809523809525,46.14099839135585
2017-02-10,15.2,15.63,15.14,15.58,685404096,0.0352159468438537,15.073333333333332,15.459999999999999,54.22247364290471
2017-02-13,15.77,15.91,15.55,15.62,572453248,0.0025673940949935,15.139999999999999,15.446666666666667,54.77402893302568
2017-02-14,15.74,15.95,15.56,15.82,543006336,0.0128040973111396,15.22888888888889,15.453333333333333,57.52939835253982
2017-02-15,15.91,16.05,15.78,15.84,763938560,0.0012642225031604,15.334444444444443,15.457619047619048,57.806235833019954
2017-02-16,15.84,16.07,15.75,15.86,593031936,0.0012626262626262,15.392222222222223,15.45952380952381,58.100360497289316
2017-02-17,15.74,15.9,15.6,15.61,389855616,-0.0157629255989911,15.464444444444446,15.45095238095238,53.11606519385989
2017-02-20,15.74,15.98,15.65,15.92,529703072,0.0198590647021139,15.600000000000001,15.458095238095238,57.93501143649858
2017-02-21,16.1,16.23,16.04,16.09,543204736,0.010678391959799,15.71,15.462380952380954,60.342296392433525
2017-02-22,16.0,16.02,15.57,15.7,713306816,-0.024238657551274,15.782222222222222,15.44857142857143,52.86755274351634
2017-02-23,15.94,16.1,15.48,15.56,649188800,-0.0089171974522291,15.780000000000001,15.425714285714285,50.45155174418736
2017-02-24,15.35,15.47,15.1,15.18,463634464,-0.0244215938303342,15.73111111111111,15.396190476190478,44.5063073824517
2017-03-01,15.51,15.55,15.32,15.52,397238048,0.0223978919631093,15.697777777777778,15.391428571428573,50.164924460721465
2017-03-02,15.44,15.45,14.99,15.11,583557120,-0.0264175257731958,15.616666666666665,15.404285714285715,44.2988358601269
2017-03-03,15.22,15.34,15.04,15.32,373078112,0.013898080741231,15.556666666666665,15.418571428571429,47.673935869244985
2017-03-06,15.11,15.47,15.04,15.1,354337312,-0.0143603133159269,15.5,15.422380952380953,44.62341995246107
2017-03-07,15.18,15.38,15.12,15.18,470817344,0.005298013245033,15.417777777777777,15.436190476190475,45.97711867981367
2017-03-08,15.16,15.18,14.55,14.55,729536832,-0.0415019762845849,15.246666666666666,15.39857142857143,38.08211712562163
2017-03-09,14.34,14.59,14.17,14.5,665827136,-0.0034364261168385,15.113333333333335,15.376666666666669,37.53128652527877
2017-03-10,14.72,14.88,14.24,14.31,614151936,-0.013103448275862,14.974444444444446,15.358095238095236,35.43387384696629
2017-03-13,14.33,14.4,14.16,14.37,399803744,0.0041928721174002,14.884444444444442,15.323333333333334,36.638080698781884
2017-03-14,14.07,14.1,13.59,13.59,916913536,-0.0542797494780793,14.67,15.253809523809522,29.05223578721744
2017-03-15,13.86,14.2,13.55,14.2,764846784,0.0448859455481971,14.568888888888889,15.18809523809524,39.586932728522186
2017-03-16,14.26,14.32,13.68,13.71,488646432,-0.0345070422535209,14.389999999999999,15.097142857142858,35.080802116936496
2017-03-17,13.81,13.88,13.05,13.16,1085024384,-0.0401167031363968,14.174444444444443,14.970476190476191,30.837685307302237
2017-03-20,12.98,13.67,12.91,13.6,696885376,0.033434650455927,13.99888888888889,14.863809523809524,37.36462806449412
2017-03-21,13.61,13.63,12.82,13.0,604873280,-0.0441176470588234,13.826666666666666,14.727619047619047,32.81665528548304
2017-03-22,13.2,13.72,13.03,13.66,835171648,0.0507692307692306,13.733333333333333,14.634761904761907,41.28304212976363
2017-03-23,13.48,13.82,13.42,13.57,495122688,-0.0065885797950219,13.651111111111112,14.522857142857143,40.532927363743084
2017-03-24,13.7,13.77,13.34,13.48,404140672,-0.006632277081798,13.552222222222222,14.398571428571426,39.75501156908059
2017-03-27,13.24,13.79,13.02,13.77,427580448,0.0215133531157269,13.572222222222221,14.306666666666667,43.51671649773945
2017-03-28,13.9,14.11,13.77,13.95,625540608,0.0130718954248365,13.544444444444444,14.229999999999999,45.77971760556406
2017-03-29,14.04,14.49,13.93,14.45,611176832,0.0358422939068099,13.626666666666667,14.195238095238093,51.582656188420216
2017-03-30,14.55,14.64,14.35,14.45,474026464,0.0,13.770000000000001,14.144285714285713,51.582656188420216
2017-03-31,14.36,14.65,14.26,14.49,485358816,0.0027681660899654,13.868888888888888,14.114761904761902,52.05870915529153
2017-04-03,14.54,14.75,14.53,14.67,573379520,0.0124223602484472,14.054444444444444,14.083809523809524,54.23915616796909
2017-04-04,14.67,14.89,14.57,14.85,352918208,0.0122699386503066,14.186666666666666,14.071904761904761,56.37587428992627
2017-04-05,15.05,15.16,14.5,14.57,740890688,-0.0188552188552187,14.297777777777778,14.042857142857144,52.28600980021289
2017-04-06,14.62,14.87,14.42,14.53,503843936,-0.0027453671928621,14.414444444444444,14.041904761904762,51.70888801227497
2017-04-07,14.61,14.9,14.6,14.7,486397472,0.0116999311768755,14.517777777777777,14.05142857142857,54.03119076986331
2017-04-10,14.9,14.94,14.7,14.94,557354112,0.0163265306122448,14.627777777777778,14.081428571428571,57.16315042462318
2017-04-11,14.97,14.99,14.55,14.68,566769408,-0.0174029451137884,14.653333333333332,14.096190476190475,52.95396391587282
2017-04-12,14.6,14.83,14.58,14.65,624795264,-0.0020435967302452,14.675555555555555,14.146666666666668,52.473835496292565
2017-04-13,14.65,14.69,14.08,14.08,634388992,-0.0389078498293515,14.629999999999999,14.14095238095238,44.262191142770355
2017-04-17,14.14,14.35,13.97,14.28,653380096,0.0142045454545454,14.586666666666666,14.168095238095237,47.37409873572891
2017-04-18,14.15,14.37,13.95,14.1,640335616,-0.0126050420168066,14.503333333333334,14.212857142857144,44.942131820579455
2017-04-19,14.24,14.28,13.55,13.6,565169920,-0.0354609929078014,14.395555555555555,14.21285714285714,38.95926137404093
2017-04-20,13.8,13.9,13.63,13.88,384483904,0.0205882352941177,14.323333333333332,14.254761904761907,43.49565261392617
2017-04-24,14.13,14.16,13.92,14.03,383580384,0.0108069164265127,14.24888888888889,14.272380952380951,45.81869993006399
2017-04-25,13.9,14.34,13.8,14.34,448442560,0.0220955096222381,14.182222222222222,14.309047619047616,50.36079411666408
2017-04-26,14.16,14.49,14.0,14.0,522416704,-0.0237099023709902,14.106666666666666,14.333809523809524,45.8235005121257
2017-04-27,13.99,14.03,13.56,13.73,398038784,-0.0192857142857142,14.004444444444443,14.331904761904761,42.545370640697556
2017-04-28,13.85,14.1,13.69,13.97,430932160,0.0174799708667152,13.992222222222221,14.332857142857144,46.227747899657395
2017-05-02,14.06,14.34,13.85,13.99,530775424,0.0014316392269146,13.96,14.310952380952383,46.5352684057532
2017-05-03,14.04,14.25,13.95,14.16,531863616,0.0121515368120086,13.966666666666667,14.297142857142857,49.19493078990425
2017-05-04,14.0,14.0,13.58,13.6,514534592,-0.0395480225988701,13.966666666666667,14.254761904761907,41.81553842748087
2017-05-05,13.69,14.21,13.66,14.21,456568416,0.0448529411764706,14.003333333333334,14.232857142857142,50.52195207245772
2017-05-08,14.13,14.35,13.98,14.08,513769632,-0.0091484869809993,14.008888888888889,14.196190476190477,48.8445148418887
2017-05-09,14.15,14.24,14.04,14.14,393081312,0.0042613636363637,13.986666666666668,14.175714285714285,49.67502002575138
2017-05-10,14.34,14.75,14.31,14.73,672417280,0.0417256011315416,14.06777777777778,14.185238095238095,57.05779926188389
2017-05-11,14.88,14.92,14.64,14.82,425637568,0.0061099796334012,14.18888888888889,14.19095238095238,58.06833927798874
2017-05-12,15.5,15.58,15.35,15.45,1284107648,0.0425101214574898,14.353333333333333,14.215238095238098,64.3862025846208
2017-05-15,15.77,15.87,15.65,15.68,734924416,0.0148867313915856,14.541111111111112,14.262857142857142,66.3779069609599
2017-05-16,15.77,15.78,15.52,15.7,534586816,0.0012755102040815,14.712222222222222,14.312857142857142,66.55307289947658
2017-05-17,15.56,15.72,15.51,15.61,465614432,-0.0057324840764331,14.935555555555558,14.385714285714284,64.91413909281053
2017-05-18,12.45,14.0,12.45,13.15,1907705856,-0.1575912876361306,14.817777777777776,14.331904761904763,37.633840409315304
2017-05-19,13.75,13.9,13.46,13.62,963369600,0.0357414448669199,14.766666666666667,14.30904761904762,42.59735347304606
2017-05-22,13.35,13.51,13.0,13.4,728579904,-0.0161527165932451,14.684444444444445,14.29952380952381,40.954309153936805
2017-05-23,13.45,13.6,13.38,13.49,653341056,0.0067164179104477,14.546666666666665,14.28095238095238,41.940909806644015
2017-05-24,13.75,14.09,13.69,13.94,749195328,0.0333580429948108,14.448888888888888,14.276666666666667,46.733416418346614
2017-05-25,13.97,14.19,13.63,13.74,620916160,-0.0143472022955523,14.258888888888887,14.24809523809524,44.95720773214295
2017-05-26,13.47,13.79,13.4,13.68,858044224,-0.0043668122270742,14.036666666666667,14.232857142857146,44.41186267036075
2017-05-29,13.59,13.77,13.55,13.57,216812720,-0.0080409356725146,13.8,14.225238095238096,43.373094620933
2017-05-30,13.55,13.64,13.36,13.36,464029120,-0.0154753131908622,13.55,14.196190476190477,41.38309123096495
2017-05-31,13.21,13.31,12.95,12.96,584459584,-0.0299401197604789,13.528888888888888,14.147142857142857,37.82334738410761
2017-06-01,13.16,13.29,12.82,12.82,556892032,-0.0108024691358025,13.440000000000001,14.083333333333334,36.63552642618169
2017-06-02,12.79,13.05,12.68,13.05,549295168,0.0179407176287051,13.401111111111112,14.057142857142857,39.97084801218378
2017-06-05,12.96,13.24,12.92,13.18,410176576,0.0099616858237547,13.366666666666667,14.008095238095239,41.83446977808088
2017-06-06,13.23,13.33,13.03,13.18,465526528,0.0,13.282222222222224,13.965238095238098,41.83446977808087
2017-06-07,13.28,13.34,12.81,12.87,572430272,-0.0235204855842185,13.185555555555556,13.904761904761905,38.5266311874056
2017-06-08,12.78,12.96,12.71,12.84,353459584,-0.0023310023310022,13.092222222222224,13.814761904761905,38.21174676534456
2017-06-09,12.96,13.1,12.83,12.85,391708384,0.0007788161993769,13.012222222222222,13.720952380952383,38.392500446835385
2017-06-12,12.97,13.03,12.77,12.9,393118944,0.0038910505836575,12.961111111111112,13.599523809523808,39.34789291782707
2017-06-13,12.95,13.02,12.77,12.94,293233984,0.0031007751937983,12.95888888888889,13.46904761904762,40.14755190217354
2017-06-14,12.94,13.04,12.61,12.62,857796288,-0.0247295208655332,12.936666666666666,13.322380952380952,36.05241893812575
2017-06-16,12.58,12.59,12.21,12.28,901036160,-0.0269413629160063,12.851111111111111,13.163809523809524,32.28438287742516
2017-06-19,12.31,12.47,12.22,12.29,565797568,0.0008143322475568,12.752222222222223,13.122857142857143,32.507812069359474
2017-06-20,12.12,12.13,11.76,11.86,640599360,-0.0349877949552481,12.605555555555556,13.039047619047619,28.19916895705026
2017-06-21,11.95,12.12,11.59,11.64,692545600,-0.0185497470489037,12.46888888888889,12.955238095238096,26.279984179157495
2017-06-22,11.76,12.04,11.72,12.04,499899168,0.0343642611683847,12.379999999999999,12.886190476190476,34.9487649673904
2017-06-23,12.11,12.15,11.87,11.93,398027424,-0.0091362126245846,12.277777777777779,12.790476190476191,33.772636023497626
2017-06-26,12.1,12.3,12.04,12.27,516683232,0.0284995808885162,12.207777777777777,12.720476190476191,40.444067767649564
2017-06-27,12.34,12.48,12.13,12.21,550844224,-0.0048899755501221,12.126666666666665,12.650476190476192,39.68434041815181
2017-06-28,12.27,12.32,12.01,12.08,380151712,-0.0106470106470106,12.066666666666666,12.579523809523808,38.01798068519831
2017-06-29,12.26,12.3,12.09,12.18,294770688,0.0082781456953642,12.055555555555555,12.523333333333333,40.10154331680194
2017-06-30,12.25,12.48,12.19,12.37,363572544,0.0155993431855501,12.064444444444444,12.495238095238093,43.95637435001581
2017-07-03,12.28,12.41,12.22,12.36,385054656,-0.0008084074373484,12.12,12.473333333333333,43.796616811719716
2017-07-04,12.34,12.43,12.32,12.43,153960848,0.0056634304207119,12.207777777777777,12.443809523809524,45.29542436575963
2017-07-05,12.38,12.52,12.12,12.21,513583968,-0.0176991150442477,12.226666666666667,12.397619047619045,41.54554577292812
2017-07-06,12.28,12.36,12.08,12.17,632686656,-0.0032760032760033,12.253333333333334,12.349523809523811,40.88283223438146
2017-07-07,12.13,12.17,11.85,11.93,507790336,-0.019720624486442,12.215555555555556,12.304761904761904,37.062732167918135
2017-07-10,11.83,12.01,11.74,11.98,255634336,0.0041911148365465,12.190000000000001,12.263809523809524,38.355065675310556
2017-07-11,11.95,12.45,11.9,12.33,553012160,0.0292153589315524,12.217777777777776,12.239047619047618,46.618164469083084
2017-07-12,12.64,12.99,12.51,12.94,841813248,0.0494728304947282,12.302222222222222,12.24095238095238,57.348757269260574
2017-07-13,12.96,13.04,12.8,12.87,423924896,-0.0054095826893354,12.357777777777777,12.237619047619049,55.958643708304656
2017-07-14,12.96,13.06,12.91,13.05,465448448,0.0139860139860141,12.434444444444445,12.258095238095239,58.72896881146295
2017-07-17,13.03,13.05,12.87,12.89,361660192,-0.0122605363984674,12.485555555555557,12.287142857142856,55.39347003992822
2017-07-18,13.0,13.02,12.83,12.94,245938512,0.003878975950349,12.566666666666666,12.318095238095239,56.23007213074773
2017-07-19,13.0,13.27,12.97,13.23,476642208,0.0224111282843895,12.684444444444445,12.383333333333335,60.81992198750314
2017-07-20,13.29,13.35,13.03,13.1,390321760,-0.0098261526832955,12.814444444444444,12.452857142857143,57.889356646350706
2017-07-21,13.0,13.04,12.67,12.69,492974368,-0.0312977099236641,12.893333333333333,12.483809523809525,49.74784561000862
2017-07-24,12.83,12.92,12.77,12.88,207135856,0.0149724192277385,12.954444444444444,12.52904761904762,53.04360478471614
2017-07-25,13.01,13.25,13.01,13.22,388913984,0.0263975155279503,12.985555555555557,12.574285714285715,58.312468478449524
2017-07-26,13.3,13.34,12.98,12.98,379670912,-0.0181543116490167,12.997777777777777,12.610952380952384,53.72944991362707
2017-07-27,13.05,13.17,13.0,13.0,280841376,0.0015408320493066,12.992222222222223,12.654761904761905,54.05352513343827
2017-07-28,12.98,13.13,12.91,13.13,270994592,0.01,13.018888888888888,12.7,56.20088360913951
2017-07-31,13.22,13.31,13.07,13.29,411400224,0.012185833968012,13.057777777777778,12.743809523809524,58.755799220646935
2017-08-01,13.3,13.32,13.08,13.12,296705536,-0.0127915726109857,13.045555555555556,12.78,55.07946849622011
2017-08-02,13.13,13.61,13.08,13.51,614112576,0.0297256097560976,13.091111111111111,12.831428571428571,61.0937479137393
2017-08-03,13.57,13.66,13.31,13.31,418139904,-0.0148038490007401,13.16,12.883809523809523,56.887402877224254
2017-08-04,13.41,13.48,13.26,13.4,287162816,0.0067618332081142,13.217777777777776,12.942380952380953,58.27945437539103
2017-08-07,13.35,13.62,13.33,13.55,400809280,0.0111940298507462,13.254444444444443,13.019523809523808,60.56488310160406
2017-08-08,13.5,13.69,13.46,13.49,386454016,-0.0044280442804428,13.311111111111112,13.091428571428569,59.16866222552176
2017-08-09,13.51,13.61,13.44,13.52,361599296,0.0022238695329872,13.36888888888889,13.14809523809524,59.66930008690228
2017-08-10,13.6,13.66,13.15,13.19,746415552,-0.0244082840236686,13.375555555555556,13.16,52.1016821926034
2017-08-11,13.14,13.2,12.94,12.95,548683648,-0.0181956027293404,13.337777777777779,13.163809523809524,47.39393625686577
2017-08-14,12.98,13.22,12.91,13.08,411447840,0.01003861003861,13.333333333333334,13.165238095238093,50.027876225917744
2017-08-15,13.08,13.24,13.05,13.15,317034048,0.0053516819571866,13.293333333333333,13.177619047619048,51.4378383523926
2017-08-16,13.3,13.38,13.1,13.13,593202880,-0.0015209125475285,13.273333333333333,13.186666666666667,50.99512265627406
2017-08-17,13.12,13.26,13.02,13.05,303731776,-0.006092916984006,13.234444444444444,13.178095238095235,49.172045051705375
2017-08-18,13.16,13.6,13.16,13.6,883760128,0.0421455938697317,13.240000000000002,13.201904761904762,59.80987915556377
2017-08-21,13.64,13.66,13.28,13.34,532123712,-0.0191176470588234,13.223333333333333,13.232857142857142,54.05085995098279
2017-08-22,13.7,13.87,13.64,13.79,753725248,0.0337331334332833,13.253333333333334,13.276190476190477,61.04265654403743
2017-08-23,13.78,13.93,13.65,13.76,655401216,-0.0021754894851341,13.316666666666666,13.30190476190476,60.38299754681349
2017-08-24,13.78,13.89,13.68,13.8,441464448,0.002906976744186,13.411111111111111,13.340952380952382,60.988343819434384
2017-08-25,13.87,13.94,13.81,13.88,333701376,0.0057971014492754,13.5,13.38285714285714,62.23133645831788
2017-08-28,13.93,14.03,13.76,13.87,375722240,-0.0007204610951009,13.58,13.418095238095237,61.965558333905896
2017-08-29,13.76,13.85,13.68,13.85,372961600,-0.0014419610670511,13.66,13.444761904761906,61.400753397851815
2017-08-30,13.79,13.9,13.44,13.45,792365056,-0.0288808664259928,13.704444444444444,13.460476190476191,51.32472415423895
2017-08-31,13.53,13.77,13.47,13.65,1127334144,0.0148698884758364,13.709999999999999,13.467142857142857,55.276616113504446
2017-09-01,13.85,14.19,13.82,14.02,840919360,0.027106227106227,13.785555555555556,13.500952380952382,61.503543593937955
2017-09-04,13.96,14.18,13.94,14.17,253330640,0.0106990014265335,13.827777777777778,13.537619047619046,63.70954499372633
2017-09-05,14.57,14.65,14.23,14.41,811274048,0.0169371912491178,13.899999999999999,13.578571428571431,66.97082044271869
2017-09-06,14.65,15.02,14.51,15.02,999855168,0.0423317140874393,14.035555555555554,13.651428571428571,73.49138720544416
2017-09-08,15.1,15.15,14.69,14.71,527619648,-0.0206391478029293,14.127777777777778,13.708095238095238,66.3252815894218
2017-09-11,14.88,15.05,14.81,14.99,519911584,0.019034670292318,14.25222222222222,13.793809523809522,69.24256053920422
2017-09-12,14.98,15.16,14.86,14.87,742175424,-0.0080053368912609,14.365555555555554,13.885238095238094,66.580435118225
2017-09-13,14.94,15.1,14.81,15.03,551551424,0.0107599193006051,14.541111111111112,13.97809523809524,68.32884294932698
2017-09-14,15.03,15.26,15.02,15.04,515099232,0.0006653359946773,14.695555555555554,14.068095238095236,68.43997618900971
2017-09-15,15.07,15.17,14.99,15.04,715410880,0.0,14.80888888888889,14.159047619047618,68.43997618900971
2017-09-18,15.02,15.19,14.98,15.04,709932288,0.0,14.905555555555553,14.253809523809526,68.43997618900971
2017-09-19,15.1,15.17,14.92,15.14,535421216,0.0066489361702128,14.986666666666666,14.327142857142857,69.76505958515378
2017-09-20,15.25,15.88,15.07,15.87,1235108224,0.0482166446499339,15.08111111111111,14.44761904761905,77.26825437040392
2017-09-21,15.85,15.96,15.58,15.67,726377536,-0.0126023944549463,15.187777777777777,14.537142857142856,71.9966680656299
2017-09-22,15.6,15.8,15.43,15.69,637606592,0.0012763241863433,15.265555555555554,14.62904761904762,72.20091493383427
2017-09-25,15.79,15.96,15.7,15.84,574734336,0.0095602294455066,15.373333333333331,14.726190476190476,73.74746132355747
2017-09-26,15.86,15.9,15.56,15.56,591431232,-0.0176767676767676,15.43222222222222,14.806190476190476,66.32940684826238
2017-09-27,15.7,15.72,15.11,15.31,637455936,-0.0160668380462725,15.462222222222222,14.874761904761906,60.47988262382545
2017-09-28,15.37,15.5,15.22,15.34,516972064,0.0019595035924231,15.495555555555557,14.945714285714283,60.92520758543032
2017-09-29,15.5,15.52,15.3,15.3,437040480,-0.0026075619295957,15.524444444444445,15.033809523809524,59.95512535667143
2017-10-02,15.19,15.4,15.06,15.4,451678656,0.0065359477124182,15.553333333333333,15.11714285714286,61.60121581211708
2017-10-03,15.6,15.98,15.52,15.98,795836608,0.0376623376623377,15.565555555555555,15.21047619047619,69.44609355363744
2017-10-04,15.9,15.94,15.65,15.66,750123712,-0.0200250312891113,15.564444444444446,15.281428571428572,61.9286992209463
2017-10-05,15.88,16.11,15.85,15.9,876354880,0.0153256704980841,15.587777777777777,15.352380952380951,64.98968606478154
2017-10-06,15.66,15.77,15.54,15.69,649597504,-0.0132075471698114,15.571111111111113,15.384285714285713,60.41264964907269
2017-10-09,15.61,15.89,15.59,15.89,434244800,0.012746972594009,15.607777777777777,15.44047619047619,63.079524286528965
2017-10-10,16.13,16.19,16.01,16.19,756147264,0.0188797986154813,15.705555555555556,15.49761904761905,66.70301399766544
2017-10-11,16.17,16.25,16.01,16.08,649520512,-0.006794317479926,15.787777777777778,15.555238095238096,64.21445104036877
2017-10-13,16.23,16.29,16.06,16.08,386924128,0.0,15.874444444444444,15.605238095238095,64.21445104036877
2017-10-16,16.16,16.26,16.0,16.12,720674048,0.0024875621890549,15.954444444444444,15.656666666666668,64.76877995169626
2017-10-17,16.14,16.22,16.07,16.13,411901344,0.0006203473945407,15.971111111111112,15.708571428571428,64.91510031722645
2017-10-18,16.22,16.28,16.13,16.16,416365696,0.0018598884066955,16.026666666666667,15.761904761904763,65.37963133785706
2017-10-19,16.0,16.16,15.9,16.15,395933120,-0.0006188118811881,16.054444444444446,15.809999999999999,65.07035897459983
2017-10-20,16.19,16.39,16.17,16.22,528213728,0.0043343653250773,16.113333333333333,15.826666666666668,66.27306167861506
2017-10-23,16.29,16.29,16.12,16.2,476553472,-0.001233045622688,16.147777777777776,15.851904761904764,65.57829192296566
2017-10-24,16.28,16.51,16.17,16.51,755262912,0.0191358024691359,16.18333333333333,15.89095238095238,70.70475050295738
2017-10-25,16.53,16.73,16.45,16.72,622846464,0.012719563900666,16.254444444444445,15.932857142857141,73.57573135463588
2017-10-26,16.78,16.89,16.66,16.73,634774976,0.0005980861244019,16.326666666666668,15.988571428571428,73.70786830593465
2017-10-27,16.77,17.09,16.65,17.03,773960384,0.0179318589360431,16.427777777777777,16.070476190476192,77.36476181300792
2017-10-30,16.97,17.17,16.74,16.78,937168320,-0.0146799765120375,16.5,16.13904761904762,68.77958045060083
2017-10-31,16.9,16.95,16.72,16.77,542617536,-0.000595947556615,16.567777777777778,16.209047619047617,68.45236079235545
2017-11-01,16.99,17.1,16.88,16.9,660787840,0.0077519379844961,16.65111111111111,16.28047619047619,70.42238282620325
2017-11-03,16.96,17.01,16.68,16.94,550193152,0.0023668639053255,16.731111111111108,16.326190476190476,71.02199984520124
2017-11-06,17.05,17.44,16.98,17.43,793731712,0.0289256198347107,16.86777777777778,16.410476190476192,77.13664766732174
2017-11-07,17.31,17.35,16.5,16.5,1033694912,-0.0533562822719448,16.866666666666667,16.43904761904762,53.892900309111454
2017-11-08,16.69,16.95,16.51,16.95,688793408,0.0272727272727273,16.89222222222222,16.49904761904762,60.150185362325495
2017-11-09,16.89,16.94,16.72,16.72,494702752,-0.0135693215339233,16.89111111111111,16.53857142857143,55.96930217788041
2017-11-10,16.71,16.81,16.51,16.72,599722624,0.0,16.856666666666666,16.56380952380952,55.96930217788041
2017-11-13,16.69,16.77,16.39,16.64,476561824,-0.0047846889952152,16.84111111111111,16.59047619047619,54.44278083370349
2017-11-14,16.5,16.52,15.28,15.35,1404322688,-0.0775240384615385,16.683333333333334,16.555714285714288,36.94472402042269
2017-11-16,15.62,16.04,15.48,15.81,674480832,0.0299674267100977,16.56222222222222,16.540952380952383,43.87227551241735
2017-11-17,15.92,16.12,15.81,16.02,613846976,0.0132827324478177,16.46,16.535714285714285,46.748585104805954
2017-11-21,16.15,16.31,15.85,15.9,739091840,-0.0074906367041197,16.290000000000003,16.52333333333333,45.31939840823606
2017-11-22,16.09,16.24,15.93,16.11,602225856,0.0132075471698112,16.246666666666666,16.521428571428572,48.29824742139743
2017-11-23,15.98,16.26,15.94,16.19,247909760,0.0049658597144632,16.16222222222222,16.52,49.428502320382165
2017-11-24,16.25,16.37,16.04,16.1,304363392,-0.0055589870290302,16.093333333333334,16.515238095238097,48.15314180481657
2017-11-27,16.01,16.02,15.78,15.87,451529472,-0.0142857142857144,15.99888888888889,16.484761904761903,44.9604556450354
2017-11-28,15.93,16.04,15.81,15.84,484192064,-0.0018903591682418,15.91,16.442857142857143,44.5455834256369
2017-11-29,15.87,15.92,15.32,15.33,710639872,-0.0321969696969697,15.90777777777778,16.376190476190477,38.10786631813112
2017-11-30,15.3,15.47,14.99,15.38,806212032,0.0032615786040444,15.860000000000001,16.297619047619047,39.03805397193389
2017-12-01,15.34,15.77,15.26,15.61,666129728,0.0149544863459036,15.814444444444442,16.24190476190476,43.26230138778694
2017-12-04,15.65,15.8,15.46,15.48,683266624,-0.0083279948750799,15.767777777777777,16.180476190476192,41.51141385599152
2017-12-05,15.5,15.83,15.21,15.31,470538976,-0.0109819121447027,15.67888888888889,16.104761904761904,39.27303620014325
2017-12-06,15.22,15.7,15.14,15.52,605065024,0.0137165251469626,15.604444444444445,16.037142857142857,43.337616713274194
2017-12-07,15.3,15.49,15.07,15.26,570478144,-0.0167525773195875,15.511111111111111,15.933809523809522,39.78692268835885
2017-12-08,15.51,15.68,15.35,15.35,615406336,0.0058977719528177,15.453333333333335,15.879047619047618,41.571465867383154
2017-12-11,15.48,15.57,15.37,15.38,328680928,0.0019543973941369,15.402222222222223,15.804285714285713,42.186541632371494
2017-12-12,15.36,15.49,15.18,15.49,554640512,0.0071521456436931,15.42,15.745714285714287,44.49382552863854
2017-12-13,15.65,15.68,15.11,15.18,724415552,-0.0200129115558425,15.397777777777776,15.672380952380953,39.68684510250967
2017-12-14,15.1,15.31,15.0,15.01,561970944,-0.0111989459815546,15.33111111111111,15.594761904761905,37.30655616864667
2017-12-15,15.05,15.24,14.95,14.95,839397376,-0.0039973351099267,15.272222222222224,15.575714285714284,36.47504899992052
2017-12-18,15.16,15.33,15.13,15.22,651555648,0.0180602006688963,15.262222222222224,15.547619047619047,42.66771021930049
2017-12-19,15.18,15.25,15.06,15.14,342700256,-0.0052562417871222,15.219999999999999,15.505714285714285,41.380528330154974
2017-12-20,15.21,15.3,15.17,15.24,306921824,0.0066050198150593,15.217777777777778,15.474285714285717,43.66817577725079
2017-12-21,15.31,15.87,15.3,15.86,737905088,0.0406824146981625,15.274444444444445,15.462380952380954,55.312400846200234
2017-12-22,15.75,15.89,15.69,15.75,295397536,-0.006935687263556,15.315555555555555,15.441428571428574,53.21083720179125
2017-12-26,15.75,15.99,15.69,15.97,351819968,0.0139682539682539,15.368888888888888,15.435238095238095,56.75015282813722
2017-12-27,15.99,16.14,15.98,16.05,378224288,0.0050093926111458,15.465555555555556,15.443809523809524,57.99447384820483
2017-12-28,16.1,16.13,16.0,16.1,305803840,0.0031152647975078,15.586666666666666,15.456190476190478,58.7924489962879
2018-01-02,16.19,16.55,16.19,16.55,549628160,0.0279503105590062,15.764444444444443,15.514285714285714,65.19996638347705
2018-01-03,16.49,16.72,16.37,16.7,927609984,0.0090634441087611,15.92888888888889,15.577142857142857,67.03975067074651
2018-01-04,16.78,16.96,16.62,16.73,624099840,0.0017964071856289,16.105555555555554,15.630476190476191,67.41083714542391
2018-01-05,16.7,16.86,16.57,16.83,452007584,0.0059772863120142,16.282222222222224,15.694761904761904,68.67678102223198
2018-01-08,16.74,17.03,16.71,17.03,480575904,0.0118835412953062,16.412222222222223,15.776666666666667,71.09517098499028
2018-01-09,17.03,17.16,16.96,17.03,598574656,0.0,16.554444444444446,15.848571428571429,71.09517098499028
2018-01-10,16.92,17.05,16.77,16.8,483077984,-0.0135055783910745,16.646666666666665,15.921904761904763,64.45770940334467
2018-01-11,16.88,17.3,16.84,17.25,648199424,0.0267857142857141,16.779999999999998,16.01238095238095,70.30005140242126
2018-01-12,17.04,17.41,17.02,17.3,792052864,0.0028985507246377,16.913333333333334,16.103809523809524,70.8729532069274
2018-01-15,17.32,17.44,17.15,17.35,501946560,0.0028901734104047,17.002222222222223,16.192380952380955,71.46570960806766
2018-01-16,17.35,17.84,17.3,17.65,1035475136,0.0172910662824206,17.107777777777777,16.31,74.7818233303146
2018-01-17,17.92,18.36,17.81,18.36,1057469248,0.0402266288951842,17.288888888888888,16.46952380952381,80.54452313440171
2018-01-18,18.35,18.53,17.93,18.22,886368832,-0.0076252723311547,17.44333333333333,16.625238095238096,76.81696988725231
2018-01-19,18.31,18.42,18.03,18.26,608457536,0.0021953896816686,17.58,16.77,77.14245716841185
2018-01-22,18.26,18.47,18.09,18.47,620941504,0.0115005476451257,17.74,16.928571428571427,78.82343980371176
2018-01-23,18.4,18.46,18.0,18.29,725655232,-0.0097455332972387,17.905555555555555,17.073809523809523,73.81269115177149
2018-01-24,18.42,19.63,18.42,19.34,1707747200,0.0574084199015856,18.137777777777778,17.23952380952381,81.2860295976358
2018-01-26,19.62,19.98,19.1,19.93,1610693376,0.030506721820062,18.43,17.43857142857143,84.04186519562887
2018-01-29,19.67,20.05,19.57,19.85,1104404096,-0.0040140491721022,18.70777777777778,17.623333333333335,82.27271041125478
2018-01-30,19.77,19.77,19.36,19.49,902546048,-0.0181360201511336,18.91222222222222,17.787142857142857,74.65656304881664
2018-01-31,19.74,19.93,19.68,19.7,823872832,0.0107747562852744,19.061111111111114,17.958571428571428,76.04939129711829
2018-02-01,19.76,20.62,19.76,20.52,1052148416,0.0416243654822334,19.31666666666667,18.14761904761905,80.54545431003262
2018-02-02,20.3,20.42,19.85,19.97,1018519552,-0.026803118908382,19.506666666666668,18.30333333333333,70.9278647315217
2018-02-05,19.65,19.97,19.04,19.04,1215492096,-0.0465698547821732,19.57,18.413333333333334,58.26006684610716
2018-02-06,18.66,19.99,18.62,19.99,1437849600,0.0498949579831933,19.758888888888887,18.563809523809525,65.11427557629017
2018-02-07,19.97,20.22,19.36,19.44,1225444224,-0.027513756878439,19.77,18.678571428571427,59.06681687227238
2018-02-08,19.55,19.74,18.8,19.05,982725248,-0.0200617283950617,19.67222222222222,18.774761904761906,55.15508686147415
2018-02-09,19.03,19.39,18.51,18.77,1297964544,-0.0146981627296588,19.552222222222223,18.86857142857143,52.46849308894606
2018-02-14,19.01,19.36,18.96,19.25,831828608,0.0255727224294086,19.525555555555556,18.963809523809523,56.39014433896143
2018-02-15,19.5,19.54,19.17,19.4,619732800,0.0077922077922076,19.492222222222225,19.06380952380952,57.568325996636624
2018-02-16,19.46,19.58,19.31,19.42,675715776,0.0010309278350517,19.37,19.16238095238095,57.73229422474775
2018-02-19,19.55,20.1,19.55,20.05,814625280,0.0324407826982491,19.37888888888889,19.276666666666667,62.63094909531586
2018-02-20,19.88,20.82,19.82,20.44,1375165440,0.0194513715710722,19.534444444444446,19.375714285714285,65.31114691245881
2018-02-21,20.59,20.88,20.25,20.25,1148127616,-0.0092954990215264,19.563333333333336,19.472380952380952,62.94264653505454
2018-02-22,20.59,20.82,20.54,20.74,789766464,0.0241975308641975,19.707777777777775,19.59047619047619,66.33351601103394
2018-02-23,20.95,21.14,20.62,21.12,1168188800,0.0183220829315333,19.93777777777778,19.71666666666667,68.72366375108578
2018-02-26,21.4,21.69,21.38,21.52,1038352064,0.0189393939393938,20.243333333333332,19.87047619047619,71.05329506951013
2018-02-27,21.47,21.85,21.34,21.5,926711232,-0.0009293680297397,20.493333333333332,19.973333333333333,70.76945619979686
2018-02-28,21.63,21.77,21.18,21.46,1421662976,-0.001860465116279,20.722222222222225,20.046190476190475,70.16574743560973
2018-03-01,21.4,21.46,20.76,21.03,1403548672,-0.0200372786579683,20.901111111111113,20.10238095238095,63.859113080301725
2018-03-02,20.7,21.51,20.51,21.51,1105588352,0.0228245363766048,21.063333333333333,20.19857142857143,67.38338089398694
2018-03-05,21.49,22.17,21.36,22.12,1186116224,0.0283589028358901,21.25,20.31380952380952,71.22378595704052
2018-03-06,22.5,22.63,21.86,21.9,1269989504,-0.0099457504520796,21.433333333333334,20.379523809523807,68.10905543871405
2018-03-07,21.69,21.97,21.37,21.67,1100410624,-0.0105022831050226,21.53666666666667,20.460476190476193,64.91298149509558
2018-03-08,21.85,21.88,21.32,21.7,781665024,0.0013844023996307,21.601111111111113,20.587142857142858,65.14274615588283
2018-03-09,21.78,22.39,21.59,22.39,1005065856,0.0317972350230415,21.697777777777777,20.701428571428572,70.00751044224344
2018-03-12,22.54,22.59,22.23,22.33,714606848,-0.0026797677534614,21.790000000000003,20.83904761904762,69.10435830388474
2018-03-13,22.45,22.54,22.06,22.11,770607552,-0.0098522167487684,21.862222222222222,20.984761904761903,65.75470962937877
2018-03-14,22.3,22.44,22.09,22.38,707359168,0.0122116689280868,22.01222222222222,21.156666666666666,67.81653726575922
2018-03-15,22.05,22.18,21.31,21.31,1746729600,-0.04781054512958,21.99,21.254761904761907,53.953057282447396
2018-03-16,21.47,21.74,21.23,21.43,1240642304,0.005631159080244,21.913333333333334,21.35142857142857,55.06255690398848
2018-03-19,21.27,21.36,20.86,20.93,884244800,-0.0233317778814745,21.805555555555557,21.423333333333332,49.690136506079234
2018-03-20,21.18,21.41,21.11,21.16,635943104,0.0109890109890109,21.74888888888889,21.476190476190474,52.009716963557445
2018-03-21,21.25,22.09,21.2,22.05,1146319744,0.0420604914933837,21.787777777777777,21.552857142857142,59.74420488016151
2018-03-22,21.86,22.04,21.58,21.72,1085546368,-0.0149659863945579,21.71333333333333,21.622857142857143,56.13180453725382
2018-03-23,21.61,22.11,21.53,21.75,1153198080,0.0013812154696133,21.648888888888887,21.67095238095238,56.38995837674068
2018-03-26,22.07,22.2,21.84,22.03,656619264,0.0128735632183909,21.64,21.714285714285715,58.82541028973585
2018-03-27,22.14,22.18,21.37,21.44,943025600,-0.0267816613708579,21.535555555555554,21.710476190476193,52.20907209473155
2018-03-28,21.26,21.41,20.99,21.2,812508096,-0.0111940298507463,21.523333333333333,21.696190476190477,49.75744336528592
2018-03-29,21.26,21.56,21.23,21.41,731335488,0.0099056603773586,21.52111111111111,21.693809523809527,51.88641174445274
2018-04-02,21.36,21.46,20.77,20.9,779042304,-0.0238206445586175,21.517777777777777,21.687619047619048,46.709848721077144
2018-04-03,21.11,21.19,20.66,20.71,817830720,-0.0090909090909089,21.467777777777776,21.64952380952381,44.91213840738256
2018-04-04,20.31,20.6,20.11,20.38,1182054400,-0.0159343312409464,21.282222222222224,21.566666666666666,41.89614533901149
2018-04-05,21.15,21.33,21.03,21.15,1872923008,0.0377821393523061,21.218888888888888,21.53095238095238,50.28521233795949
2018-04-06,20.98,21.28,20.83,21.28,1005427840,0.006146572104019,21.166666666666668,21.51238095238095,51.55689286055342
2018-04-09,21.43,21.44,20.53,20.53,922108480,-0.0352443609022556,21.0,21.456666666666667,44.48678490425751
2018-04-10,20.91,21.51,20.76,21.4,1234773120,0.042377009254749,20.995555555555555,21.409523809523808,52.605861124184266
2018-04-11,21.35,21.9,21.33,21.8,1350667264,0.0186915887850467,21.06222222222222,21.384285714285713,55.806207138035994
2018-04-12,21.79,21.94,21.68,21.68,787867840,-0.0055045871559633,21.09222222222222,21.363809523809522,54.61472378589236
2018-04-13,21.64,21.74,21.06,21.2,918394816,-0.022140221402214,21.125555555555554,21.307619047619045,50.014818944099055
2018-04-16,21.05,21.24,20.6,20.62,1005224448,-0.0273584905660376,21.11555555555556,21.274761904761903,45.07463864641933
2018-04-17,20.7,21.08,20.62,21.03,762594880,0.0198836081474296,21.187777777777782,21.255714285714287,48.91587149055464
2018-04-18,21.35,21.87,21.31,21.8,1407113088,0.0366143604374702,21.26,21.29714285714286,55.24610973327196
2018-04-19,22.07,22.4,21.93,22.2,1385166336,0.0183486238532109,21.362222222222226,21.346666666666664,58.14752043804035
2018-04-20,22.06,22.46,21.9,22.36,1366798208,0.0072072072072071,21.565555555555555,21.36142857142857,59.28457693207679
2018-04-23,22.09,22.48,21.94,22.48,819854336,0.005366726296959,21.685555555555556,21.39761904761905,60.1588333789716
2018-04-24,22.6,22.77,22.23,22.4,1042717888,-0.00355871886121,21.75222222222222,21.428571428571427,59.245501335331234
2018-04-25,22.01,22.13,21.67,21.73,1482117504,-0.0299107142857142,21.75777777777778,21.414285714285715,52.11006691389445
2018-04-26,22.0,22.63,21.97,22.63,1257900160,0.0414173953060283,21.916666666666668,21.47095238095238,59.21580680310375
2018-04-27,22.84,22.93,22.66,22.71,857564672,0.003535130357932,22.148888888888887,21.54285714285714,59.78697495171504
2018-04-30,22.73,23.02,22.63,22.97,537269504,0.0114487010127695,22.36444444444444,21.617142857142856,61.66596584506901
2018-05-02,22.67,22.93,22.51,22.6,714985408,-0.0161079669133651,22.453333333333333,21.698095238095238,57.54518090186642
2018-05-03,22.54,22.64,21.97,22.45,1088520576,-0.0066371681415929,22.481111111111108,21.78095238095238,55.91390122628453
2018-05-04,22.45,22.64,22.27,22.27,742274496,-0.0080178173719376,22.471111111111114,21.87095238095238,53.937934151375
2018-05-07,22.57,23.17,22.49,22.65,1087892992,0.0170633138751683,22.489999999999995,21.94238095238095,57.36353584862845
2018-05-08,23.06,23.15,22.52,22.91,1849893760,0.0114790286975718,22.546666666666667,22.02,59.57856581771659
2018-05-09,23.3,24.8,23.22,24.78,2830537728,0.0816237450894805,22.885555555555555,22.222380952380952,71.17683216220303
2018-05-10,25.14,26.49,24.92,25.75,3260710144,0.039144471347861,23.232222222222223,22.429523809523808,75.15857079453838
2018-05-11,25.83,26.31,25.42,25.44,1879851776,-0.0120388349514563,23.535555555555554,22.60285714285714,71.7473371357755
2018-05-14,25.85,26.48,25.81,26.24,1733561216,0.0314465408805031,23.89888888888889,22.82,74.91189984757644
2018-05-15,26.35,26.9,25.89,26.79,1977159040,0.0209603658536585,24.364444444444445,23.086190476190477,76.83312866371593
2018-05-16,26.87,27.53,26.84,27.39,1752917504,0.0223964165733483,24.913333333333334,23.408571428571427,78.74535145270664
2018-05-17,27.35,27.6,25.47,25.95,2989260800,-0.0525739320920044,25.32222222222222,23.642857142857142,64.89979662211789
2018-05-18,25.01,26.17,24.96,25.65,2125226880,-0.0115606936416184,25.655555555555555,23.826190476190476,62.436768875749166
2018-05-21,26.1,26.29,24.94,25.05,1929021056,-0.0233918128654969,25.89333333333333,23.961904761904766,57.71877118510215
2018-05-22,24.81,25.29,24.15,24.71,2163299072,-0.0135728542914171,25.885555555555555,24.073809523809523,55.174473899043484
2018-05-23,24.23,24.48,23.27,23.27,1768667904,-0.0582760016187778,25.61,24.11142857142857,45.938267154770706
2018-05-24,20.05,20.75,19.65,20.08,4792839168,-0.137086377309841,25.014444444444443,24.00095238095238,32.82797406249931
2018-05-25,20.65,21.27,19.66,19.8,2650223360,-0.0139442231075695,24.29888888888889,23.90904761904762,31.965644473422614
2018-05-28,19.2,19.2,16.91,16.91,2382545408,-0.1459595959595959,23.20111111111111,23.636666666666667,24.741586200415824
2018-05-29,18.0,19.44,17.6,19.3,3363127040,0.1413364872856297,22.302222222222223,23.474285714285717,37.35104262047347
2018-05-30,18.39,19.97,18.13,18.98,2378496512,-0.016580310880829,21.52777777777778,23.284285714285712,36.46996650255554
2018-06-01,19.56,19.75,14.9,16.16,3512049408,-0.1485774499473129,20.473333333333336,22.97761904761905,29.79890657146636
2018-06-04,17.29,17.64,17.05,17.53,1616465280,0.0847772277227723,19.637777777777778,22.743333333333332,35.93041759496232
2018-06-05,17.36,17.8,16.59,16.59,1141247104,-0.0536223616657159,18.735555555555557,22.472857142857144,33.752122586394975
2018-06-06,16.47,16.68,15.87,16.33,1124220544,-0.0156720916214587,17.964444444444446,22.171904761904763,33.15341754839851
2018-06-07,16.0,16.16,14.93,15.76,1838617856,-0.0349050826699325,17.484444444444442,21.83142857142857,31.820789456224034
2018-06-08,15.81,16.19,15.06,15.25,1410058240,-0.0323604060913705,16.97888888888889,21.37761904761905,30.63428752686957
2018-06-11,15.5,15.8,15.13,15.41,684356672,0.0104918032786884,16.812222222222218,20.885238095238098,31.497265864752706
2018-06-12,15.48,15.68,15.24,15.46,1069784000,0.0032446463335495,16.385555555555555,20.409999999999997,31.782882247141615
2018-06-13,15.42,15.5,14.74,15.17,1083068288,-0.01875808538163,15.962222222222225,19.882857142857144,30.97617551419576
2018-06-14,15.33,15.55,15.05,15.1,868366400,-0.004614370468029,15.844444444444443,19.326190476190476,30.77313678082146
2018-06-15,15.03,15.07,14.47,14.97,1100210944,-0.0086092715231786,15.559999999999999,18.734761904761903,30.374941105212983
2018-06-18,14.77,14.89,14.5,14.5,687203392,-0.0313961255845023,15.327777777777776,18.18952380952381,28.918031241316882
2018-06-19,14.26,15.72,14.17,15.42,1458826624,0.0634482758620689,15.226666666666667,17.702380952380953,35.44513981272658
2018-06-20,15.84,16.48,15.8,16.21,1418929920,0.0512321660181582,15.276666666666667,17.28142857142857,40.49778143135268
2018-06-21,16.09,16.32,15.1,15.1,1053475776,-0.0684762492288711,15.26,16.823809523809523,36.20941728067852
2018-06-22,15.41,15.68,15.01,15.11,792675776,0.0006622516556291,15.226666666666667,16.435238095238095,36.27488583507615
2018-06-25,15.2,15.79,15.06,15.7,923904000,0.0390469887491726,15.253333333333334,16.226666666666667,40.17599717387071
2018-06-26,15.9,16.12,15.53,16.04,941620672,0.021656050955414,15.350000000000001,16.047619047619047,42.36562789673755
2018-06-27,16.1,16.98,16.06,16.55,1287953280,0.0317955112219452,15.511111111111111,16.03047619047619,45.583032566200934
2018-06-28,16.72,17.07,16.33,16.6,1581069952,0.0030211480362538,15.69222222222222,15.901904761904762,45.901885751596375
2018-06-29,16.85,17.19,16.73,17.19,1278678400,0.0355421686746988,15.99111111111111,15.816666666666668,49.65088181019679
2018-07-02,16.99,17.48,16.9,17.47,932206080,0.0162885398487491,16.218888888888888,15.879047619047618,51.37314585290826
2018-07-03,17.74,17.89,17.46,17.5,1000764736,0.0017172295363481,16.362222222222222,15.877619047619048,51.56431649779545
2018-07-04,17.38,18.45,17.24,18.45,955115136,0.0542857142857142,16.734444444444446,15.966190476190475,57.290398742759514
2018-07-05,18.6,18.8,17.65,17.86,1371957760,-0.0319783197831978,17.04,16.03904761904762,53.092442172186594
2018-07-06,17.97,18.09,17.65,17.94,601030592,0.0044792833146698,17.288888888888888,16.142857142857142,53.58903376778047
2018-07-10,18.34,18.35,17.55,17.75,1265407488,-0.0105908584169454,17.47888888888889,16.261904761904763,52.176243646903785
2018-07-11,17.49,18.08,17.3,17.41,1508321664,-0.0191549295774647,17.574444444444442,16.357142857142858,49.65356374916558
2018-07-12,17.62,18.02,17.52,17.95,872458496,0.0310166570936243,17.724444444444444,16.475714285714286,53.49904530339867
2018-07-13,17.99,18.18,17.78,18.11,807749440,0.0089136490250696,17.826666666666668,16.615714285714287,54.60540674900021
2018-07-16,17.95,17.98,17.6,17.88,1111302144,-0.0127001656543346,17.87222222222222,16.74809523809524,52.665616064959785
2018-07-17,17.79,18.4,17.71,18.29,733016512,0.0229306487695748,17.96,16.906190476190474,55.68755471445975
2018-07-18,18.25,18.4,17.94,18.05,732868352,-0.0131219245489337,17.915555555555553,17.075238095238095,53.53307135847821
2018-07-19,17.84,18.4,17.74,18.4,1068791360,0.0193905817174513,17.975555555555555,17.217142857142857,56.19473281084023
2018-07-20,19.17,19.48,18.93,19.29,1878389888,0.0483695652173914,18.125555555555554,17.363809523809522,62.134379010880494
2018-07-23,19.3,19.47,19.21,19.26,676986816,-0.0015552099533435,18.293333333333337,17.56190476190476,61.830045524859685
2018-07-24,19.57,19.87,19.53,19.66,782342144,0.0207684319833851,18.543333333333337,17.77857142857143,64.33814700181321
2018-07-25,19.8,20.0,19.61,19.96,960775168,0.0152594099694811,18.766666666666666,17.98142857142857,66.13542413732989
2018-07-26,19.95,19.95,19.37,19.41,939945472,-0.0275551102204408,18.91111111111111,18.14190476190476,60.15027621975599
2018-07-27,19.6,19.81,19.55,19.77,715082496,0.0185471406491499,19.121111111111112,18.295238095238094,62.539924002649286
2018-07-30,19.95,20.1,19.7,19.89,734676352,0.0060698027314112,19.29888888888889,18.451904761904764,63.32931297224111
2018-07-31,19.62,19.79,19.47,19.72,756676032,-0.0085470085470086,19.484444444444446,18.57238095238095,61.35672258882336
2018-08-01,19.59,20.01,19.54,20.01,765026368,0.0147058823529413,19.663333333333334,18.693333333333335,63.44829787065848
2018-08-02,19.99,20.78,19.95,20.41,1387328000,0.0199900049975012,19.787777777777777,18.831904761904763,66.16830464866936
2018-08-03,21.4,21.55,21.09,21.11,1834398848,0.034296913277805,19.993333333333332,18.958571428571428,70.32943170758676
2018-08-06,21.15,21.47,20.98,21.04,939932352,-0.0033159639981051,20.146666666666665,19.11,69.41005334768073
2018-08-07,21.33,21.46,20.57,20.71,1438597760,-0.0156844106463877,20.230000000000004,19.241904761904763,65.09015937869025
2018-08-08,20.81,21.07,20.12,20.14,1182226688,-0.0275229357798165,20.31111111111111,19.35571428571429,58.33653450358052
2018-08-09,20.26,20.35,19.8,20.34,1024646400,0.0099304865938429,20.374444444444446,19.495238095238093,59.908398016678426
2018-08-10,20.1,20.15,19.36,19.59,1210926336,-0.0368731563421829,20.34111111111111,19.573333333333334,51.98750150687714
2018-08-13,19.5,20.04,19.27,20.04,1139572864,0.0229709035222052,20.376666666666665,19.665238095238095,55.76647716983542
2018-08-14,20.28,20.31,19.73,19.98,1099759872,-0.0029940119760478,20.373333333333335,19.765238095238097,55.14326534079044
2018-08-15,19.64,19.67,19.05,19.05,1257626752,-0.0465465465465465,20.22222222222222,19.801428571428573,46.473888677604016
2018-08-16,19.32,19.35,18.77,18.95,970985600,-0.005249343832021,19.982222222222223,19.844285714285714,45.642946506366144
2018-08-17,18.75,18.86,18.4,18.46,1263350656,-0.0258575197889181,19.695555555555554,19.847142857142856,41.70780888471507
2018-08-20,18.37,18.51,18.09,18.36,1023149248,-0.0054171180931744,19.434444444444445,19.802857142857142,40.93220496356127
2018-08-21,18.27,18.53,17.65,17.72,1241452672,-0.0348583877995642,19.165555555555557,19.729523809523812,36.28193923638811
2018-08-22,17.7,18.38,17.65,18.35,1019774208,0.0355530474040632,18.944444444444443,19.667142857142856,43.13103464334362
2018-08-23,18.35,18.52,17.88,17.95,1018091008,-0.0217983651226159,18.762222222222224,19.571428571428573,40.17803443204513
2018-08-24,18.35,18.44,18.05,18.3,688224640,0.0194986072423399,18.56888888888889,19.518571428571427,43.80359270317498
2018-08-27,18.41,18.76,18.3,18.71,654754944,0.0224043715846995,18.427777777777777,19.46809523809524,47.79500648885247
2018-08-28,18.76,18.85,18.34,18.35,699904320,-0.0192410475681453,18.35,19.394761904761907,44.78703418496497
2018-08-29,18.5,19.31,18.45,19.3,1355420928,0.0517711171662125,18.38888888888889,19.374761904761904,53.16383883862145
2018-08-30,19.15,19.54,18.68,18.8,1208717568,-0.0259067357512953,18.426666666666666,19.31714285714286,48.954079377241264
2018-08-31,18.95,19.43,18.91,19.26,1449246464,0.0244680851063829,18.526666666666667,19.26238095238095,52.66749015436717
2018-09-03,18.99,19.13,18.76,19.0,478159008,-0.0134994807892004,18.66888888888889,19.16190476190476,50.43423871751202
2018-09-04,19.13,19.19,18.62,18.65,745403520,-0.018421052631579,18.702222222222222,19.048095238095236,47.513508271314926
2018-09-05,18.56,18.8,18.23,18.65,995166144,0.0,18.78,18.95,47.513508271314926
2018-09-06,18.99,19.02,18.48,18.99,964147584,0.0182305630026808,18.85666666666667,18.895238095238096,50.728237127213774
2018-09-10,19.36,19.6,19.05,19.26,1119669632,0.0142180094786732,18.917777777777776,18.843809523809526,53.18063995027765
2018-09-11,18.87,18.89,18.43,18.5,1044457792,-0.039460020768432,18.934444444444445,18.79190476190476,46.2087232857903
2018-09-12,18.81,19.22,18.64,18.95,1125274112,0.0243243243243242,18.895555555555557,18.740000000000002,50.35852116028928
2018-09-13,19.03,19.13,18.62,18.71,686308352,-0.0126649076517149,18.885555555555555,18.679523809523808,48.22182793943367
2018-09-14,18.8,18.96,18.48,18.79,1041437632,0.0042757883484767,18.833333333333332,18.667142857142856,48.998637234226656
2018-09-17,18.63,19.49,18.63,19.4,1359868672,0.0324640766365087,18.877777777777776,18.68857142857143,54.59259190734758
2018-09-18,19.5,20.25,19.47,20.25,1444856320,0.0438144329896907,19.055555555555557,18.773809523809526,61.01005727506771
2018-09-19,19.93,20.46,19.83,19.98,1218882432,-0.0133333333333333,19.203333333333333,18.850952380952382,58.19645396738632
2018-09-20,20.26,20.35,19.75,19.87,1119538176,-0.0055055055055054,19.301111111111112,18.953333333333333,57.04227833510799
2018-09-21,20.15,20.3,19.95,20.14,1173969024,0.0135883241066934,19.39888888888889,19.03857142857143,59.182119744841366
2018-09-24,20.2,20.41,19.92,20.0,1089914624,-0.0069513406156902,19.565555555555555,19.136190476190478,57.58048091016209
2018-09-25,19.7,20.15,19.53,20.08,1071853888,0.004,19.691111111111113,19.22095238095238,58.27536639591035
2018-09-26,20.24,20.3,19.97,20.19,1207641856,0.0054780876494024,19.855555555555558,19.291428571428572,59.263506497872406
2018-09-27,20.5,21.46,20.47,21.46,2178389504,0.0629024269440317,20.15222222222222,19.43952380952381,68.53004993763446
2018-09-28,21.13,21.94,21.02,21.09,1952947328,-0.0172413793103448,20.34,19.524761904761903,63.964865773809464
2018-10-01,21.25,21.36,20.8,21.0,1182548864,-0.0042674253200568,20.423333333333332,19.629523809523807,62.86780417292362
2018-10-02,22.0,22.82,21.9,22.82,2840932096,0.0866666666666666,20.73888888888889,19.799047619047617,72.96548545429897
2018-10-03,25.25,25.42,23.46,23.79,3645505280,0.0425065731814198,21.174444444444443,20.027142857142856,76.61542402750192
2018-10-04,23.45,24.52,23.21,24.02,2363587584,0.0096679277007145,21.605555555555554,20.282857142857143,77.39474640839485
2018-10-05,24.49,24.59,23.66,23.96,2514237696,-0.0024979184013321,22.045555555555556,20.535714285714285,76.67685289939378
2018-10-08,26.94,26.97,25.75,26.6,4948299776,0.1101836393989983,22.77,20.898095238095237,83.79805211983636
2018-10-09,26.48,27.0,26.28,26.82,2395136768,0.0082706766917293,23.506666666666668,21.258095238095237,84.2301643793897
2018-10-10,26.31,26.39,25.65,26.05,2135055104,-0.0287099179716628,24.016666666666666,21.617619047619048,76.53621916578088
2018-10-11,26.55,26.75,25.06,25.29,3069122560,-0.0291746641074857,24.483333333333334,21.91952380952381,69.76272973562607
2018-10-15,25.9,26.12,25.55,25.77,2382277888,0.018979833926453,25.013333333333335,22.255714285714287,71.4795101934916
2018-10-16,26.2,26.73,26.09,26.73,1950034560,0.0372526193247964,25.447777777777777,22.633809523809525,74.58721092643843
2018-10-17,26.44,26.63,26.26,26.45,2137585280,-0.0104751215862327,25.743333333333332,22.96952380952381,72.118883951042
2018-10-18,26.29,26.34,25.7,25.7,1454865408,-0.0283553875236295,25.93,23.22904761904762,65.83427453979675
2018-10-19,26.15,26.3,25.72,25.92,1606328064,0.0085603112840468,26.14777777777778,23.511904761904763,66.74959328552538
2018-10-22,26.27,26.6,26.27,26.53,1674970368,0.023533950617284,26.14,23.82904761904762,69.21250005095769
2018-10-23,26.15,26.48,25.81,26.2,2019839488,-0.0124387485865059,26.071111111111108,24.117619047619048,66.34927187408711
2018-10-24,26.41,26.99,25.68,25.68,2449015552,-0.0198473282442748,26.03,24.388095238095236,61.99699843041153
2018-10-25,26.18,26.64,25.69,26.32,2075099008,0.0249221183800623,26.144444444444442,24.685238095238095,65.03684678605771
2018-10-26,26.65,27.6,26.12,27.6,2905377024,0.0486322188449848,26.34777777777778,25.038095238095234,70.1752230514204
2018-10-29,28.73,28.74,25.97,26.42,4365070848,-0.0427536231884058,26.313333333333333,25.274285714285714,61.23996742456671
2018-10-30,26.7,28.0,26.42,28.0,2898755840,0.0598031794095381,26.485555555555557,25.603333333333335,67.2525427100417
2018-10-31,28.26,28.33,27.3,27.62,2317268736,-0.0135714285714285,26.69888888888889,25.918571428571433,64.65484471021502
2018-11-01,27.76,28.02,27.11,27.32,2680126464,-0.0108616944243302,26.854444444444443,26.13285714285714,62.59909449863123
2018-11-05,27.5,28.16,27.41,28.16,1675132544,0.0307467057101025,27.035555555555554,26.34095238095238,65.87123922786519
2018-11-06,27.3,28.3,26.99,27.19,2627839488,-0.0344460227272727,27.145555555555557,26.491904761904763,59.4077017571296
2018-11-07,27.61,27.65,26.26,26.3,2565203200,-0.0327326222876057,27.214444444444446,26.60333333333333,54.15683863295506
2018-11-08,26.8,27.03,25.35,25.35,3107522048,-0.0361216730038022,27.10666666666667,26.54380952380952,49.16185061511879
2018-11-09,25.2,25.72,24.68,25.46,2369652736,0.0043392504930965,26.86888888888889,26.479047619047623,49.739891202385536
2018-11-12,25.54,25.92,25.29,25.33,1615876736,-0.0051060487038492,26.74777777777778,26.4447619047619,49.03036397069719
2018-11-13,25.32,25.32,23.95,24.24,2774023424,-0.0430319778918278,26.33,26.394761904761904,43.43564425753331
2018-11-14,24.24,25.19,23.91,25.1,2570829568,0.0354785478547856,26.049999999999997,26.362857142857145,48.435113696163484
2018-11-16,25.39,26.04,25.17,25.8,2579665408,0.0278884462151394,25.88111111111111,26.31857142857143,52.14287644578722
2018-11-19,25.56,26.29,25.43,26.0,2065026432,0.0077519379844961,25.641111111111112,26.29714285714286,53.17877513219001
2018-11-21,25.1,25.48,25.01,25.17,1947083648,-0.0319230769230768,25.416666666666668,26.271904761904764,48.48806768141367
2018-11-22,25.28,25.36,25.07,25.15,787412864,-0.0007945967421534,25.288888888888888,26.235238095238092,48.37733430596107
2018-11-23,24.65,24.8,24.01,24.37,1898392704,-0.0310139165009939,25.18,26.132380952380952,44.14326997043709
2018-11-26,24.8,24.99,24.05,24.25,1524297216,-0.0049240869922035,25.045555555555556,26.03952380952381,43.51231404163296
2018-11-27,24.37,25.7,24.27,25.53,2261074432,0.0527835051546392,25.067777777777778,26.03238095238095,51.478999631917475
2018-11-28,25.5,25.87,25.05,25.38,2367020800,-0.0058754406580494,25.194444444444443,25.98761904761905,50.57876017077147
2018-11-29,24.96,25.5,24.88,25.17,1654755840,-0.0082742316784868,25.202222222222225,25.871904761904766,49.27946842173992
2018-11-30,25.11,25.56,25.07,25.46,2303004416,0.0115216527612236,25.164444444444445,25.826190476190472,51.14586204578464
2018-12-03,26.3,26.53,25.8,25.94,2375311872,0.0188531029065199,25.15777777777778,25.728095238095236,54.153032095380205
2018-12-04,26.25,26.33,25.34,25.34,1721135232,-0.023130300693909,25.176666666666662,25.61952380952381,50.00920804856601
2018-12-05,25.47,25.72,24.95,25.56,1375504384,0.0086819258089976,25.22222222222222,25.535714285714285,51.47541892399609
2018-12-06,24.99,25.12,24.31,24.59,2438754816,-0.0379499217527385,25.246666666666666,25.365714285714283,45.1830306344705
2018-12-07,24.52,25.47,24.45,24.77,2208383744,0.0073200488003253,25.304444444444446,25.25047619047619,46.49020747764399
2018-12-10,24.77,24.9,23.44,23.44,1765514112,-0.0536939846588614,25.072222222222223,25.114285714285714,39.075590901253975
2018-12-11,23.92,24.07,23.07,23.29,1510050816,-0.0063993174061434,24.84,25.016190476190477,38.33304243602113
2018-12-12,23.74,23.9,23.2,23.3,1490141184,0.0004293688278231,24.63222222222222,24.91333333333333,38.417060581145954
2018-12-13,23.29,23.45,22.96,23.36,1439277056,0.0025751072961373,24.39888888888889,24.81952380952381,38.95447625048924
2018-12-14,23.08,23.33,22.96,23.05,1046298432,-0.0132705479452054,24.077777777777776,24.762857142857143,37.150583644693825
2018-12-17,23.22,23.27,22.8,22.87,1240596480,-0.0078091106290671,23.803333333333335,24.65666666666667,36.1050997369074
2018-12-18,22.78,22.8,22.0,22.0,1674870016,-0.0380411018801923,23.40777777777778,24.475714285714286,31.492087637622674
2018-12-19,22.5,23.05,22.06,22.25,3840233728,0.0113636363636364,23.14777777777778,24.29714285714286,34.09777070020064
2018-12-20,22.31,22.32,21.35,21.49,3076980224,-0.0341573033707865,22.783333333333335,24.121904761904762,30.32206683787369
2018-12-21,21.4,21.98,21.25,21.55,1956002432,0.0027919962773383,22.573333333333334,23.95047619047619,30.971927170333345
2018-12-26,20.59,21.68,20.42,21.68,1621973248,0.0060324825986077,22.394444444444446,23.822380952380954,32.44213082173465
2018-12-27,21.52,21.98,21.28,21.67,1605901440,-0.0004612546125459,22.21333333333333,23.69952380952381,32.38499126543073
2018-12-28,22.11,22.83,22.08,22.68,1379680896,0.0466082141209043,22.137777777777778,23.56380952380952,43.25565657852657
2019-01-02,22.55,24.2,22.28,24.06,2464878080,0.0608465608465607,22.25,23.50095238095238,54.11141314780224
2019-01-03,23.96,24.82,23.8,24.65,2317250048,0.0245220282626765,22.447777777777777,23.476190476190474,57.8262311606872
2019-01-04,24.85,24.94,24.47,24.72,1782609920,0.0028397565922921,22.75,23.440952380952382,58.25798576003232
2019-01-07,24.85,25.92,24.7,25.11,3070184704,0.0157766990291261,23.067777777777778,23.40142857142857,60.67361268628814
2019-01-08,25.4,25.42,24.77,24.96,1725902720,-0.0059737156511349,23.453333333333333,23.383333333333333,59.25331158789865
2019-01-09,25.3,25.5,25.15,25.48,1781209472,0.0208333333333332,23.89,23.37952380952381,62.52809865065096
2019-01-10,25.26,25.41,25.07,25.26,1383280384,-0.0086342229199372,24.287777777777777,23.41142857142857,60.31932486045914
2019-01-11,25.15,25.19,24.84,24.99,1348153472,-0.0106888361045132,24.656666666666666,23.421904761904763,57.62877424613704
2019-01-14,24.82,25.09,24.66,24.85,1158984576,-0.0056022408963584,24.89777777777778,23.489047619047618,56.228257599901504
2019-01-15,24.83,25.12,24.7,24.83,1339552512,-0.0008048289738431,24.983333333333334,23.562380952380952,56.01881286984224
2019-01-16,24.8,24.9,24.66,24.82,1002161344,-0.0004027386226338,25.00222222222222,23.634761904761906,55.9066799318355
2019-01-17,24.75,25.3,24.68,25.16,1259777664,0.0136986301369863,25.05111111111111,23.72047619047619,58.917725839753075
2019-01-18,25.44,25.56,25.28,25.4,1704746112,0.0095389507154213,25.083333333333332,23.83238095238095,60.945114234016664
2019-01-21,25.31,25.53,25.1,25.53,1146612224,0.0051181102362205,25.146666666666665,23.959047619047617,62.03793539873361
2019-01-22,25.26,25.5,25.02,25.13,1548912128,-0.0156678417547984,25.107777777777777,24.10809523809524,56.7738448111374
2019-01-23,25.33,25.54,25.16,25.43,1343565952,0.0119379228014326,25.126666666666665,24.25952380952381,59.54633392800284
2019-01-24,25.4,25.54,25.32,25.54,1020492480,0.004325599685411,25.18777777777778,24.452380952380953,60.54558576537088
2019-01-28,25.29,25.53,24.74,24.77,1628595584,-0.0301487862176976,25.17888888888889,24.60571428571429,51.041262455480386
2019-01-29,25.25,25.56,25.11,25.37,1505599872,0.0242228502220429,25.23888888888889,24.78142857142857,56.73990473804833
2019-01-30,25.81,25.93,25.47,25.62,1608146688,0.0098541584548679,25.32777777777778,24.96952380952381,58.88719960995277
2019-01-31,25.87,25.96,25.56,25.58,1631159040,-0.0015612802498049,25.374444444444446,25.107619047619046,58.38781961669363
2019-02-01,25.5,25.85,25.37,25.8,1232867840,0.0086004691164973,25.41888888888889,25.19047619047619,60.37800681823413
2019-02-04,25.84,26.12,25.6,26.03,1392963200,0.0089147286821704,25.474444444444444,25.256190476190476,62.40252629604312
2019-02-05,25.91,26.1,25.81,26.05,1063998720,0.0007683442182098,25.576666666666668,25.31952380952381,62.581569586126115
2019-02-06,25.8,25.84,25.32,25.49,1651372544,-0.0214971209213052,25.583333333333332,25.33761904761905,54.72349847948177
2019-02-07,25.6,25.85,24.66,25.09,1403456128,-0.0156924284032953,25.533333333333335,25.343809523809526,49.90339620311252
2019-02-08,24.8,25.28,24.73,25.13,1005355456,0.0015942606616181,25.573333333333334,25.327142857142857,50.37412982413033
2019-02-11,25.17,25.17,24.54,24.84,984308416,-0.0115399920413847,25.514444444444443,25.30714285714286,46.93102930026299
2019-02-12,25.32,25.85,25.23,25.72,1856780544,0.0354267310789049,25.525555555555556,25.34190476190476,56.62042688940532
2019-02-13,26.02,26.21,25.85,26.05,1798494336,0.0128304821150855,25.57777777777778,25.399047619047618,59.59935716984682
2019-02-14,26.17,26.95,26.0,26.95,2148710400,0.0345489443378117,25.705555555555556,25.5,66.38019695182645
2019-02-15,26.86,27.02,26.71,26.84,1717170944,-0.0040816326530611,25.795555555555556,25.596190476190475,64.94543873163444
2019-02-18,26.59,26.79,26.41,26.76,1154936960,-0.0029806259314455,25.874444444444446,25.67238095238095,63.864302691804355
2019-02-19,26.86,27.4,26.84,27.38,1578101888,0.0231689088191329,26.084444444444443,25.76666666666667,68.27243675636214
2019-02-20,27.5,27.66,26.87,27.04,1504636800,-0.012417823228634,26.301111111111112,25.838571428571424,63.68443509712923
2019-02-21,27.18,27.49,26.82,27.4,1264381824,0.0133136094674555,26.55333333333333,25.946666666666665,66.26915590394441
2019-02-22,27.55,27.7,27.13,27.13,1001740224,-0.0098540145985401,26.807777777777776,26.027619047619048,62.666661301177456
2019-02-25,27.0,27.03,26.63,26.7,1452986240,-0.0158496129745668,26.916666666666668,26.082857142857144,57.32219788244531
2019-02-26,26.76,27.14,26.57,26.58,1248082560,-0.0044943820224719,26.97555555555555,26.169047619047618,55.889690946628725
2019-02-27,26.84,27.25,26.63,27.08,1326653696,0.0188111361926259,26.99,26.25047619047619,60.33732772177225
2019-02-28,27.72,27.75,26.6,27.06,2516682240,-0.0007385524372229,27.014444444444443,26.31904761904762,60.07638949252722
2019-03-01,27.14,27.25,26.63,26.7,1128627200,-0.0133037694013303,27.007777777777775,26.372380952380954,55.42962395454499
2019-03-06,26.55,26.76,26.47,26.76,490497760,0.002247191011236,26.938888888888886,26.418095238095237,56.03991762541971
2019-03-07,26.8,26.91,26.49,26.77,877505920,0.0003736920777279,26.908888888888885,26.453333333333333,56.14769272909391
2019-03-08,26.49,26.75,26.22,26.67,1312227968,-0.00373552484124,26.82777777777778,26.482857142857142,54.70338791377024
2019-03-11,27.02,27.78,27.01,27.75,1827013760,0.0404949381327333,26.896666666666665,26.59047619047619,65.1345123707008
2019-03-12,27.79,27.96,27.25,27.5,1766291584,-0.009009009009009,26.985555555555557,26.705238095238094,61.59832517574632
2019-03-13,27.59,28.13,27.52,28.1,1693549056,0.0218181818181819,27.154444444444447,26.846666666666664,66.3237774093235
2019-03-14,28.15,28.2,27.91,28.19,1193935744,0.0032028469750888,27.27777777777778,27.006190476190476,66.98014083166099
2019-03-15,28.16,28.39,28.11,28.25,1718792576,0.0021284143313231,27.41,27.126666666666672,67.43581523532332
2019-03-18,28.35,28.79,28.26,28.74,2609380608,0.0173451327433626,27.63666666666667,27.2547619047619,70.96033921199547
2019-03-19,28.85,29.5,28.6,29.2,2002399360,0.0160055671537926,27.90777777777778,27.361904761904764,73.82452547652935
2019-03-20,29.2,29.6,28.9,28.97,1997316608,-0.0078767123287671,28.15222222222222,27.463333333333335,70.10153492839358
2019-03-21,28.84,28.97,27.92,28.56,2276379648,-0.0141525716258198,28.362222222222222,27.549047619047617,63.91386609489903
2019-03-22,27.94,28.14,27.0,27.0,2857685760,-0.0546218487394957,28.278888888888886,27.530952380952378,46.937494778481366
2019-03-25,26.83,27.59,26.82,27.34,2835207936,0.0125925925925924,28.26111111111111,27.545238095238098,50.051445285461384
2019-03-26,27.74,28.68,27.72,28.63,2577341440,0.0471836137527432,28.32,27.60380952380952,59.711875766532835
2019-03-27,28.21,28.21,27.34,27.34,1801394816,-0.0450576318546978,28.225555555555555,27.613809523809522,49.41869677161729
2019-03-28,27.25,28.06,26.95,28.06,1914006784,0.0263350402340891,28.204444444444444,27.678571428571427,54.16755601009178
2019-03-29,28.45,28.53,27.74,28.06,1451505664,0.0,28.128888888888884,27.74904761904762,54.16755601009178
2019-04-01,28.4,28.42,27.87,28.0,1181279488,-0.0021382751247326,27.995555555555555,27.79285714285714,53.68047216038693
2019-04-02,28.14,28.3,27.86,28.29,1060513408,0.0103571428571427,27.92,27.85142857142857,55.751538884816284
2019-04-03,28.53,28.56,27.54,27.54,1539371904,-0.0265111346765641,27.806666666666665,27.891428571428566,49.577586231148445
2019-04-04,27.77,28.47,27.37,28.47,1462759296,0.0337690631808278,27.97,27.97285714285714,56.07348896610695
2019-04-05,28.54,28.89,28.21,28.78,1563605760,0.0108886547242712,28.13,28.068571428571424,58.01514359451267
2019-04-08,29.06,29.39,28.98,29.25,1602054400,0.0163307852675469,28.198888888888888,28.19142857142857,60.84128903049157
2019-04-09,29.03,29.24,28.67,29.16,1266230912,-0.003076923076923,28.40111111111111,28.258571428571432,60.00829392490365
2019-04-10,29.55,29.57,28.78,28.78,1788777984,-0.013031550068587,28.481111111111108,28.31952380952381,56.49145426496179
2019-04-11,28.7,28.7,27.87,28.0,1576118784,-0.0271021542738012,28.474444444444444,28.314761904761905,50.01235962704045
2019-04-12,26.47,26.97,25.57,25.83,5933780992,-0.0775,28.233333333333334,28.202380952380945,37.22203655628511
2019-04-15,26.35,26.58,25.55,25.93,3061116928,0.0038714672861015,27.97111111111111,28.09190476190476,38.008826814576494
2019-04-16,25.95,27.06,25.63,26.72,2514751744,0.0304666409564211,27.88,27.99571428571429,43.98182623080995
2019-04-17,27.12,27.34,26.22,26.75,2776080128,0.0011227544910179,27.688888888888886,27.879047619047622,44.20169445781028
2019-04-18,27.36,27.89,27.25,27.6,2753864448,0.0317757009345796,27.55777777777778,27.81380952380952,50.16945660409814
2019-04-22,27.69,27.89,27.32,27.44,1236133760,-0.0057971014492753,27.35666666666667,27.76047619047619,49.10482248451049
2019-04-23,27.72,28.0,27.68,27.68,1442196480,0.008746355685131,27.192222222222224,27.79285714285714,50.79166897246455
2019-04-24,27.72,27.89,27.21,27.6,1584316416,-0.0028901734104045,27.061111111111114,27.805238095238092,50.19447111765017
2019-04-25,27.45,28.07,27.43,27.8,1523022720,0.0072463768115942,27.038888888888888,27.76571428571429,51.72271711449368
2019-04-26,27.68,27.77,27.06,27.25,1435857792,-0.0197841726618704,27.196666666666665,27.76142857142857,47.414075472258
2019-04-29,27.55,27.62,27.34,27.37,756396096,0.0044036697247706,27.35666666666667,27.72857142857143,48.423591868430094
2019-04-30,27.52,27.66,26.98,27.11,1068834048,-0.0094994519546949,27.400000000000002,27.68333333333333,46.34749819636322
2019-05-02,26.8,26.82,26.52,26.73,1003478592,-0.0140169679085208,27.39777777777778,27.62285714285714,43.417611634687205
2019-05-03,26.9,27.07,26.85,26.85,885854144,0.0044893378226711,27.314444444444444,27.554285714285715,44.60844340340318
2019-05-06,26.39,26.77,26.36,26.77,838975168,-0.0029795158286779,27.24,27.517619047619046,43.944445738047634
2019-05-07,26.65,26.66,26.12,26.35,1375261824,-0.0156892043332087,27.092222222222222,27.416666666666668,40.533262626736196
2019-05-08,26.31,27.47,26.29,27.37,1944545792,0.0387096774193547,27.066666666666666,27.34952380952381,50.5687448222273
2019-05-09,27.1,27.12,26.64,26.83,1247886080,-0.0197296309828279,26.958888888888893,27.23428571428572,46.130319967039036
2019-05-10,26.87,26.92,26.42,26.68,884755072,-0.0055907566157286,26.895555555555557,27.116190476190475,44.95010904442267
2019-05-13,26.21,26.47,25.82,25.9,1115541376,-0.0292353823088455,26.732222222222223,26.979047619047616,39.317074833836294
2019-05-14,26.17,26.23,25.85,26.0,908304640,0.0038610038610038,26.608888888888888,26.88380952380952,40.34916641831313
2019-05-15,25.74,25.89,25.66,25.88,946055744,-0.0046153846153846,26.514444444444443,26.886190476190478,39.48138560268085
2019-05-16,25.77,26.04,25.24,25.27,1186220288,-0.0235703245749613,26.33888888888889,26.854761904761908,35.32264385017591
2019-05-17,25.05,25.42,24.47,24.68,1671182464,-0.0233478432924416,26.10666666666667,26.757619047619045,31.83029882925456
2019-05-20,24.68,25.52,24.64,25.52,1361256960,0.0340356564019448,26.014444444444443,26.699047619047615,40.80394000465862
2019-05-21,25.7,26.49,25.42,26.49,1498620416,0.0380094043887146,25.916666666666668,26.64619047619048,49.13126276379862
2019-05-22,26.34,26.47,25.96,26.29,1267370368,-0.0075500188750471,25.856666666666666,26.59142857142857,47.6430829891485
2019-05-23,25.9,25.92,25.52,25.84,1269606784,-0.0171167744389501,25.763333333333335,26.503809523809526,44.385428015945024
2019-05-24,26.15,26.36,25.93,26.09,934484480,0.0096749226006191,25.784444444444446,26.431904761904764,46.57114184119916
2019-05-27,26.3,26.54,26.17,26.24,889607296,0.0057493292449213,25.811111111111114,26.357619047619046,47.89434192323468
2019-05-28,26.13,26.8,26.13,26.8,1606381952,0.0213414634146342,25.913333333333334,26.336190476190474,52.61272119994725
2019-05-29,26.49,26.71,26.26,26.5,1137927296,-0.0111940298507462,26.049999999999997,26.294761904761902,50.000555611821575
2019-05-30,26.51,26.86,25.99,26.15,1887505664,-0.0132075471698114,26.21333333333333,26.249047619047616,47.064687183181675
2019-05-31,25.79,26.27,25.42,25.55,1624425600,-0.0229445506692159,26.216666666666665,26.192857142857147,42.46182182257964
2019-06-03,25.88,26.32,25.85,25.99,1395186304,0.017221135029354,26.16111111111111,26.151904761904763,46.58720690118797
2019-06-04,26.29,26.37,26.03,26.2,976834240,0.0080800307810697,26.151111111111113,26.124761904761904,48.4856092230465
2019-06-05,26.18,26.29,25.56,25.86,1686038912,-0.0129770992366412,26.153333333333332,26.10142857142857,45.65625355486105
2019-06-06,26.17,26.63,25.72,26.28,2278505984,0.0162412993039444,26.174444444444443,26.04952380952381,49.5710540542718
2019-06-07,26.69,26.83,26.37,26.76,1385057920,0.0182648401826484,26.23222222222222,26.04619047619047,53.678043480299735
2019-06-10,26.6,26.89,26.52,26.65,1054060800,-0.0041106128550075,26.215555555555554,26.044761904761906,52.62041271569908
2019-06-11,26.89,27.29,26.71,27.16,1414079872,0.0191369606003752,26.288888888888888,26.104761904761908,56.864056070678146
2019-06-12,27.02,27.12,26.64,26.85,1167566976,-0.0114138438880706,26.366666666666667,26.1452380952381,53.71473291679744
2019-06-13,27.15,27.39,27.08,27.18,1324824448,0.012290502793296,26.547777777777775,26.20714285714286,56.47801377355165
2019-06-14,27.2,27.25,26.9,27.06,1157602176,-0.0044150110375276,26.666666666666668,26.292380952380952,55.18775456300688
2019-06-17,27.08,27.43,26.96,27.11,1328302976,0.0018477457501848,26.76777777777778,26.408095238095235,55.642468602325266
2019-06-18,27.3,27.52,27.25,27.45,855179712,0.0125414976023607,26.944444444444443,26.5,58.710599147184226
2019-06-19,27.35,27.59,27.22,27.52,912325248,0.0025500910746811,27.082222222222224,26.549047619047617,59.334246517811444
2019-06-21,27.95,28.39,27.95,28.28,1646619648,0.0276162790697676,27.251111111111115,26.643809523809523,65.43803142926932
2019-06-24,28.32,28.38,28.12,28.25,770750464,-0.0010608203677511,27.428888888888892,26.758571428571425,65.02314359000644
2019-06-25,28.14,28.16,27.38,27.51,1559762560,-0.0261946902654867,27.46777777777778,26.826190476190476,55.65045205177535
2019-06-26,27.55,27.93,27.52,27.67,1347320448,0.0058160668847691,27.55888888888889,26.89428571428571,57.090646973151344
2019-06-27,27.44,27.55,27.01,27.23,1495825152,-0.0159016985905312,27.564444444444447,26.914761904761907,52.08182444423775
2019-06-28,27.45,27.61,27.11,27.41,1089905792,0.0066103562247521,27.603333333333335,26.95809523809524,53.86504591365033
2019-07-01,27.84,28.03,27.21,27.26,1290288000,-0.0054724553082815,27.619999999999997,27.010952380952382,52.124248418094005
2019-07-02,27.26,27.26,26.65,26.82,1557749632,-0.0161408657373441,27.55,27.071428571428573,47.29577680467439
2019-07-03,27.04,27.2,26.89,27.13,919676864,0.0115585384041758,27.506666666666668,27.125714285714285,50.75683972175314
2019-07-04,27.38,27.58,27.32,27.39,784780800,0.0095834869148545,27.407777777777778,27.182380952380953,53.51412334024685
2019-07-05,27.27,27.59,27.13,27.4,748600256,0.0003650967506387,27.313333333333333,27.255714285714287,53.621686069940644
2019-07-08,27.5,27.72,27.44,27.65,690149888,0.0091240875912408,27.32888888888889,27.32095238095238,56.34147110184752
2019-07-10,28.0,28.27,27.97,28.07,1428422144,0.0151898734177216,27.373333333333335,27.383333333333336,60.52929553306085
2019-07-11,28.2,28.51,28.16,28.4,1362830464,0.0117563234770217,27.503333333333334,27.466666666666665,63.49243168908955
2019-07-12,28.54,28.74,28.41,28.53,1159520640,0.0045774647887324,27.62777777777778,27.53190476190476,64.61925997009872
2019-07-15,28.59,28.65,28.18,28.18,1031025920,-0.0122677882930248,27.73,27.595238095238095,59.31136718065501
2019-07-16,28.28,28.33,27.6,27.83,1525334016,-0.0124201561391058,27.84222222222222,27.626190476190477,54.49110704320713
2019-07-17,27.99,28.0,27.64,27.68,802850112,-0.005389867049946,27.903333333333332,27.655714285714286,52.52107169381031
2019-07-18,27.76,27.81,27.43,27.51,987017792,-0.0061416184971098,27.916666666666668,27.67476190476191,50.301487802511154
2019-07-19,27.5,27.6,27.37,27.44,774188096,-0.0025445292620864,27.92111111111111,27.674285714285713,49.376173620656196
2019-07-22,27.62,27.75,27.36,27.49,608592832,0.0018221574344021,27.903333333333332,27.672857142857143,50.082519943394445
2019-07-23,27.51,27.63,27.4,27.52,579045248,0.0010913059294288,27.84222222222222,27.636666666666667,50.52853897530378
2019-07-24,27.59,27.64,27.3,27.35,763971968,-0.0061773255813952,27.725555555555555,27.593809523809526,47.915823919168666
2019-07-25,27.47,27.5,26.81,26.89,722316416,-0.0168190127970749,27.543333333333333,27.56428571428571,41.641395412261076
2019-07-26,26.8,26.8,26.1,26.14,1975706880,-0.0278914094458906,27.316666666666666,27.491428571428568,33.85689921740247
2019-07-29,26.22,26.44,25.96,26.38,688575936,0.0091813312930373,27.155555555555555,27.450952380952383,37.860126629935195
2019-07-30,26.35,26.49,26.18,26.24,1000080384,-0.0053070507960576,26.995555555555555,27.395238095238092,36.473361294590916
2019-07-31,26.39,26.5,26.02,26.08,1040828032,-0.0060975609756097,26.836666666666666,27.33904761904762,34.900019030596425
2019-08-01,26.3,26.56,25.16,25.6,2365617152,-0.01840490797546,26.63222222222222,27.280952380952378,30.631116960190795
2019-08-02,26.37,26.89,26.28,26.52,1705085440,0.0359374999999999,26.524444444444445,27.25190476190476,44.61464468630094
2019-08-05,25.8,26.13,25.52,25.55,1228749568,-0.03657616892911,26.305555555555557,27.16428571428571,36.30492801233866
2019-08-06,25.9,26.22,25.68,25.88,1137237248,0.0129158512720155,26.142222222222223,27.09190476190476,40.37378923649027
2019-08-07,25.44,25.73,25.0,25.6,1708934144,-0.0108191653786706,25.99888888888889,26.994285714285713,38.14711095901277
2019-08-08,26.1,26.35,25.86,26.35,1312739712,0.029296875,26.022222222222222,26.91238095238095,46.63673182702838
2019-08-09,26.3,26.69,26.1,26.28,965772608,-0.0026565464895635,26.01111111111111,26.81142857142857,46.002091963214646
2019-08-12,25.92,25.92,25.54,25.65,927672640,-0.0239726027397261,25.945555555555558,26.67428571428572,40.64168091066304
2019-08-13,25.36,26.13,25.23,25.79,1167384832,0.005458089668616,25.913333333333334,26.56047619047619,42.25206380829316
2019-08-14,25.26,25.38,24.78,24.92,1352218496,-0.0337340054284605,25.83777777777778,26.421904761904763,35.75951686439801
2019-08-15,24.99,25.0,24.14,24.23,1302337792,-0.0276886035313002,25.583333333333332,26.257619047619045,31.61077143023664
2019-08-16,24.72,24.77,23.89,23.91,1353582464,-0.0132067684688402,25.40111111111111,26.086190476190474,29.879428859851558
2019-08-19,24.3,24.5,23.85,24.03,1219554432,0.0050188205771644,25.195555555555554,25.923809523809528,31.396856123572604
2019-08-20,23.91,24.19,23.68,24.02,879384128,-0.0004161464835622,25.02,25.758571428571432,31.335999279920742
2019-08-21,24.35,25.99,24.18,25.45,2187169024,0.0595337218984179,24.92,25.66,47.120513229427544
2019-08-22,25.5,25.72,25.16,25.22,1027620672,-0.0090373280943025,24.802222222222223,25.55857142857143,45.31611951875932
2019-08-23,24.78,25.37,24.23,24.28,1427394560,-0.0372720063441711,24.65,25.434285714285714,38.78007968057582
2019-08-26,24.58,24.68,23.77,23.96,918020736,-0.0131795716639209,24.44666666666667,25.330476190476194,36.832479777582016
2019-08-27,24.17,24.82,23.81,24.34,1706434432,0.0158597662771284,24.38222222222222,25.23333333333333,40.64462471457503
2019-08-28,24.2,24.7,24.12,24.59,1021467520,0.0102711585866885,24.422222222222224,25.154761904761905,43.0784714451407
2019-08-29,24.9,25.5,24.68,25.5,1519433728,0.0370069133794226,24.59888888888889,25.127142857142854,50.960926351711024
2019-08-30,25.53,25.69,25.17,25.5,1385958912,0.0,24.762222222222224,25.12238095238095,50.96092635171103
2019-09-02,25.39,25.58,25.25,25.3,483402848,-0.0078431372549019,24.904444444444444,25.064285714285717,49.223465231817045
2019-09-03,25.11,25.66,25.03,25.6,1212197248,0.0118577075098813,24.921111111111113,25.066666666666666,51.87399991200606
2019-09-04,26.16,26.37,26.0,26.26,1473946624,0.02578125,25.03666666666667,25.084761904761905,57.1708453289636
2019-09-05,26.6,26.79,26.34,26.39,1285696768,0.0049504950495049,25.27111111111111,25.12238095238095,58.14794401419105
2019-09-06,26.4,26.86,26.2,26.52,1283565824,0.0049261083743841,25.555555555555557,25.13047619047619,59.15154086191943
2019-09-09,26.75,27.02,26.7,26.93,998598592,0.0154600301659124,25.843333333333334,25.16142857142857,62.2279116285938
2019-09-10,27.05,27.35,26.78,27.1,1195197056,0.006312662458225,26.12222222222222,25.230476190476192,63.45681884828497
2019-09-11,27.35,27.35,26.83,26.87,1386700416,-0.0084870848708487,26.274444444444445,25.28190476190476,60.584875199772
2019-09-12,26.86,27.14,26.64,27.06,1093669888,0.0070710829921845,26.447777777777777,25.383809523809525,62.11042976234812
2019-09-13,27.12,27.2,26.82,26.88,661858688,-0.0066518847006651,26.623333333333335,25.51,59.75096575989772
2019-09-16,28.12,28.24,27.69,28.06,4694021120,0.0438988095238095,26.896666666666665,25.707619047619048,68.26262163066436
2019-09-17,27.66,27.75,27.16,27.69,1847174656,-0.0131860299358516,27.055555555555557,25.88190476190476,63.71284582866194
2019-09-18,27.37,27.49,27.22,27.22,1109670912,-0.0169736366919466,27.14777777777778,26.034285714285716,58.389073950236266
2019-09-19,27.83,27.85,27.22,27.29,1156711296,0.002571638501102,27.233333333333334,26.12190476190476,58.939378143096846
2019-09-20,27.35,27.43,27.0,27.0,1399813760,-0.0106266031513374,27.24111111111111,26.206666666666663,55.655491877699056
2019-09-23,27.0,27.49,26.92,27.48,887958656,0.0177777777777778,27.283333333333335,26.35904761904762,59.66165439519348
2019-09-24,27.42,27.54,27.15,27.27,996780288,-0.0076419213973799,27.327777777777776,26.516666666666662,57.22584298273275
2019-09-25,27.03,27.35,26.78,27.34,783731392,0.0025669233590026,27.358888888888888,26.65952380952381,57.8436807919898
2019-09-26,27.4,27.7,27.23,27.7,919704128,0.0131675201170446,27.45,26.80761904761905,60.96631903933728
2019-09-27,27.55,27.95,27.52,27.66,882415168,-0.0014440433212996,27.40555555555555,26.910476190476192,60.43069659768889
2019-09-30,27.56,27.64,27.4,27.55,632763712,-0.0039768618944323,27.39,27.008095238095237,58.898238962110135
2019-10-01,27.6,27.73,27.36,27.51,892375040,-0.0014519056261342,27.422222222222224,27.113333333333333,58.31908561249697
2019-10-02,27.22,27.26,26.61,26.72,1377523712,-0.0287168302435478,27.35888888888889,27.166666666666668,48.231757769370624
2019-10-03,26.75,26.81,26.28,26.74,1223845888,0.0007485029940119,27.33,27.18952380952381,48.474739273197955
2019-10-04,26.85,26.92,26.27,26.51,1271130880,-0.0086013462976812,27.22222222222222,27.195238095238096,45.81175124363353
2019-10-07,26.37,26.6,26.1,26.17,691176192,-0.012825348924934,27.1,27.178571428571427,42.12745362040221
2019-10-08,26.17,26.44,25.95,26.02,788559296,-0.0057317539166985,26.953333333333333,27.135238095238098,40.577013778808954
2019-10-09,26.35,26.71,26.15,26.52,929474112,0.0192159877017679,26.822222222222223,27.107619047619046,47.51154247649321
2019-10-10,26.59,26.88,26.54,26.74,820248576,0.0082956259426847,26.720000000000002,27.10142857142857,50.261899254314535
2019-10-11,26.93,27.36,26.93,27.26,1001213760,0.0194465220643231,26.68777777777778,27.110952380952384,56.1152458390085
2019-10-14,27.04,27.33,26.94,27.31,565009856,0.0018341892883344,26.665555555555557,27.13142857142857,56.64359335192423
2019-10-15,27.31,27.88,27.31,27.6,833062016,0.0106188209447088,26.763333333333332,27.109523809523807,59.67596649437407
2019-10-16,27.55,27.97,27.36,27.93,867897344,0.0119565217391304,26.895555555555557,27.120952380952385,62.859286026402636
2019-10-17,27.93,28.0,27.59,27.66,861942400,-0.0096670247046186,27.023333333333333,27.14190476190476,58.77124130421896
2019-10-18,27.89,27.99,27.6,27.6,993030848,-0.002169197396963,27.182222222222222,27.15666666666667,57.870549991798214
2019-10-21,27.75,27.81,27.6,27.77,1196589952,0.0061594202898549,27.376666666666665,27.193333333333335,59.75260056175993
2019-10-22,27.8,28.68,27.77,28.57,1813286400,0.0288080662585523,27.604444444444443,27.245238095238093,67.18241359845247
2019-10-23,28.53,29.08,28.45,28.95,1320835072,0.0133006650332516,27.85,27.3252380952381,70.01404213741803
2019-10-24,29.15,29.25,28.23,28.32,1719038464,-0.021761658031088,27.96777777777778,27.371904761904766,60.66793989905486
2019-10-25,29.2,29.55,29.01,29.25,2174841856,0.0328389830508475,28.183333333333334,27.445714285714285,67.55351362001542
2019-10-28,29.22,29.66,29.12,29.6,1096105344,0.0119658119658119,28.405555555555555,27.538095238095234,69.70313008410153
2019-10-29,29.4,29.94,29.26,29.82,1472114816,0.0074324324324324,28.61555555555556,27.64619047619048,71.00353235948032
2019-10-30,29.77,30.09,29.47,30.08,1876177792,0.0087189805499663,28.884444444444448,27.768571428571434,72.50550183399315
2019-10-31,29.86,30.46,29.64,30.39,2006749824,0.0103058510638298,29.194444444444443,27.943333333333335,74.2201292958284
2019-11-01,30.59,31.23,29.84,30.43,3111844096,0.0013162224415925,29.490000000000002,28.11904761904762,74.44161230350396
2019-11-04,30.89,31.22,29.96,30.36,2465304064,-0.0023003614853762,29.688888888888886,28.302380952380954,73.25550850422788
2019-11-05,30.41,30.6,29.58,29.65,2778937600,-0.0233860342555994,29.766666666666666,28.468095238095234,62.396031990656766
2019-11-06,30.05,30.7,28.1,29.71,4551830528,0.0020236087689713,29.921111111111113,28.643809523809523,62.896596366996135
2019-11-07,30.0,31.07,29.54,30.9,2937408000,0.0400538539212385,30.104444444444443,28.85238095238095,71.1104570124701
2019-11-08,30.45,30.79,29.93,30.02,1865303808,-0.0284789644012944,30.151111111111113,29.008571428571425,60.45261943497324
2019-11-11,29.85,30.45,29.79,30.45,925033408,0.0143237841439041,30.221111111111114,29.160476190476192,63.34366622653333
2019-11-12,30.04,30.61,30.01,30.02,1259895936,-0.0141215106732347,30.214444444444446,29.28952380952381,58.72077317548346
2019-11-13,29.95,30.13,29.61,29.9,1248816000,-0.0039973351099267,30.16,29.399047619047618,57.46046356068134
2019-11-14,29.88,30.1,29.27,29.3,1321528960,-0.0200668896321069,30.034444444444446,29.464285714285715,51.507777450657194
2019-11-18,29.7,29.85,29.07,29.08,1600904576,-0.0075085324232082,29.89222222222222,29.53190476190476,49.48354323995265
2019-11-19,29.25,29.49,28.73,28.78,977725952,-0.0103163686382392,29.79555555555556,29.588095238095235,46.78353998499523
2019-11-21,28.93,29.85,28.88,29.85,1557099904,0.037178596247394,29.811111111111114,29.687142857142856,56.00419850339431
2019-11-22,29.76,30.34,29.56,29.98,1042893760,0.0043551088777218,29.70888888888889,29.754285714285714,56.97949292417949
2019-11-25,29.92,30.1,29.63,29.73,891230656,-0.0083388925950633,29.676666666666662,29.791428571428572,54.47839800561479
2019-11-26,29.62,29.73,29.1,29.19,1585234688,-0.0181634712411704,29.536666666666665,29.832857142857137,49.43119115092604
2019-11-27,29.35,29.65,29.14,29.33,972181248,0.0047961630695443,29.459999999999997,29.836666666666662,50.70627107450391
2019-11-28,29.32,29.54,28.81,29.53,1360690304,0.006818956699625,29.418888888888894,29.833333333333332,52.54706187321491
2019-11-29,29.49,29.56,29.01,29.15,1099104896,-0.0128682695563834,29.40222222222222,29.801428571428573,48.816951346338655
2019-12-02,29.4,29.5,29.07,29.07,916047296,-0.0027444253859347,29.401111111111113,29.75333333333333,48.04373487282321
2019-12-03,29.17,29.19,28.73,28.98,844876928,-0.0030959752321981,29.423333333333332,29.686190476190475,47.139149843876886
2019-12-04,29.26,29.66,29.11,29.66,1321898240,0.0234644582470668,29.40222222222222,29.64952380952381,54.161663174891906
2019-12-05,29.64,30.39,29.52,30.05,1519592960,0.0131490222521915,29.41,29.634761904761906,57.63765539081514
2019-12-06,30.15,30.59,30.13,30.35,1349058560,0.0099833610648918,29.47888888888889,29.668095238095237,60.141526324967366
2019-12-09,30.3,30.48,30.12,30.21,1051015232,-0.0046128500823723,29.59222222222222,29.69190476190476,58.40658330616784
2019-12-10,30.1,30.44,29.9,30.44,832932864,0.0076133730552796,29.715555555555554,29.67,60.4263506888644
2019-12-11,30.51,30.71,30.26,30.4,1170707712,-0.0013140604467806,29.81222222222222,29.68809523809524,59.88173770516302
2019-12-12,30.64,31.05,30.48,30.97,1471464320,0.01875,30.014444444444443,29.712857142857143,64.75636944313555
2019-12-13,30.89,30.97,29.87,29.98,3172881920,-0.0319664191152727,30.11555555555556,29.710952380952378,52.764507738639224
2019-12-16,30.05,30.17,29.41,29.41,2051655424,-0.0190126751167445,30.16333333333333,29.68761904761905,47.32994660794223
2019-12-17,29.64,29.9,29.43,29.85,1208661760,0.0149608976538593,30.18444444444444,29.713809523809523,51.48398242132943
2019-12-18,29.75,30.57,29.7,30.54,1943208832,0.0231155778894471,30.238888888888894,29.783333333333335,57.18651941487552
2019-12-19,30.45,30.75,30.42,30.61,1213781248,0.0022920759659463,30.267777777777773,29.870476190476193,57.7293391598603
2019-12-20,30.6,30.6,30.02,30.26,2813103616,-0.011434171839268,30.273333333333337,29.890000000000004,54.040027456823296
2019-12-23,30.19,30.5,30.03,30.5,665619200,0.0079312623925973,30.279999999999998,29.914761904761907,56.11126408037042
2019-12-26,30.59,30.93,30.5,30.91,763915136,0.0134426229508197,30.33666666666667,29.97095238095238,59.47148581688092
2019-12-27,30.69,30.92,30.29,30.52,762616448,-0.0126172759624717,30.286666666666665,30.034285714285716,55.146374737475824
2019-12-30,30.55,30.71,30.15,30.18,670517760,-0.011140235910878,30.308888888888887,30.074761904761907,51.62169447731101
2020-01-02,30.51,30.7,30.31,30.7,1154777472,0.0172299536116633,30.452222222222222,30.13047619047619,56.22949265952774
2020-01-03,30.88,31.24,30.45,30.45,2204408320,-0.00814332247557,30.518888888888892,30.19238095238095,53.58694317674532
2020-01-06,30.43,30.94,29.95,30.81,2513704192,0.011822660098522,30.54888888888889,30.275238095238095,56.73973512710677
2020-01-07,30.82,30.88,30.47,30.69,1006115904,-0.0038948393378772,30.557777777777776,30.356666666666666,55.38908531508704
2020-01-08,30.69,30.77,30.24,30.5,1469849216,-0.0061909416748127,30.584444444444443,30.39666666666667,53.22857025649949
2020-01-09,30.47,30.62,30.25,30.4,1098306432,-0.0032786885245902,30.57333333333333,30.41333333333333,52.07720828345011
2020-01-10,30.39,30.44,30.13,30.27,769809344,-0.0042763157894736,30.50222222222222,30.40952380952381,50.546521302673845
2020-01-13,30.35,30.43,30.21,30.33,930388928,0.0019821605550049,30.481111111111108,30.415238095238095,51.258602069595334
2020-01-14,30.23,30.27,29.77,30.0,1193480960,-0.0108803165182986,30.46111111111111,30.39428571428571,47.23048411636166
2020-01-15,29.9,29.93,29.54,29.55,1021085824,-0.015,30.333333333333332,30.35380952380952,42.343858085532695
2020-01-16,29.6,29.7,29.33,29.52,854981632,-0.001015228426396,30.23,30.2847619047619,42.03164113417453
2020-01-17,29.72,29.85,29.54,29.85,1036358656,0.0111788617886179,30.123333333333335,30.27857142857143,46.68821647247084
2020-01-20,29.7,30.1,29.65,30.0,936422016,0.0050251256281406,30.046666666666667,30.306666666666665,48.70523852138487
2020-01-21,29.8,29.94,29.55,29.62,848043328,-0.0126666666666666,29.94888888888889,30.295714285714283,44.148249874180785
2020-01-22,29.73,29.81,29.27,29.29,956905024,-0.0111411208642809,29.825555555555557,30.23619047619048,40.59602230024892
2020-01-23,29.09,29.76,28.82,29.6,1578665984,0.0105838170023899,29.75111111111111,30.188095238095237,45.067481165018414
2020-01-24,29.56,29.78,29.14,29.3,1084122624,-0.0101351351351351,29.63666666666667,30.142380952380954,41.789229282852325
2020-01-27,28.63,28.64,27.67,28.03,1863998592,-0.0433447098976108,29.417777777777776,30.024761904761903,31.38214975275106
2020-01-28,28.43,29.14,28.42,28.8,1362031488,0.0274705672493755,29.334444444444443,29.924285714285713,40.97926695716673
2020-01-29,29.0,29.08,28.67,28.85,1221095168,0.0017361111111111,29.260000000000005,29.844761904761906,41.55093670310083
2020-01-30,28.28,29.04,28.18,28.94,1264085504,0.0031195840554592,29.15888888888889,29.785714285714285,42.628137697543934
2020-01-31,28.63,28.84,28.31,28.45,1579174528,-0.0169315825846579,28.986666666666665,29.678571428571427,38.47103015363978
2020-02-03,28.52,28.73,28.16,28.18,1119626880,-0.0094903339191564,28.826666666666668,29.570476190476192,36.36652922437623
2020-02-04,28.65,29.04,28.56,28.63,1658729088,0.0159687721788501,28.75333333333333,29.46666666666667,42.05582512451455
2020-02-05,29.05,29.22,28.39,28.39,1954532736,-0.0083828152287809,28.61888888888889,29.357142857142858,40.001664569711394
2020-02-06,28.7,29.51,28.12,29.18,3657204992,0.0278266995420921,28.605555555555554,29.294285714285714,48.85682521231541
2020-02-07,29.0,29.35,28.73,28.93,1585585024,-0.0085675119945167,28.705555555555552,29.224285714285717,46.517086560025696
2020-02-10,28.89,29.13,28.64,29.13,1311168000,0.0069132388524022,28.742222222222225,29.17,48.636292401964425
2020-02-11,29.4,29.63,29.26,29.48,1106170240,0.0120151047030552,28.81222222222222,29.12952380952381,52.20540006043053
2020-02-12,29.64,30.28,29.63,30.13,1948802560,0.0220488466757122,28.944444444444443,29.135714285714286,58.037142477703995
2020-02-13,29.77,30.21,29.64,29.72,1647980672,-0.0136076999668104,29.085555555555555,29.143809523809523,53.59493881829184
2020-02-14,29.86,29.96,29.34,29.42,900765952,-0.010094212651413,29.223333333333333,29.139047619047624,50.54631376367075
2020-02-17,29.63,29.77,29.31,29.36,1140199168,-0.0020394289598912,29.304444444444446,29.11571428571429,49.934532875627745
2020-02-18,29.06,29.77,28.95,29.75,995599296,0.013283378746594,29.45555555555556,29.103809523809527,53.84495495034411
2020-02-19,29.87,30.55,29.76,30.55,1334158592,0.0268907563025211,29.60777777777778,29.148095238095237,60.63677404711611
2020-02-20,30.8,30.89,29.75,29.92,2217255680,-0.0206219312602291,29.717777777777776,29.17809523809523,53.9091094214203
2020-02-21,29.51,29.68,29.03,29.14,1399519360,-0.0260695187165775,29.71888888888889,29.15619047619048,46.96186863481887
2020-02-26,27.04,27.39,26.03,26.21,2382449152,-0.1005490734385724,29.355555555555554,29.009047619047617,30.869073320811452
2020-02-27,25.72,26.53,24.89,25.3,2567056384,-0.0347195726821824,28.81888888888889,28.879047619047622,27.694809916791627
2020-02-28,25.16,25.56,24.62,25.34,2230361856,0.0015810276679841,28.33222222222222,28.714285714285715,28.045064029340764
2020-03-02,25.5,26.75,25.48,26.53,1875921024,0.0469613259668508,28.01111111111111,28.603809523809527,37.71201866947314
2020-03-03,26.57,27.48,25.76,26.05,2311434752,-0.0180927252167357,27.643333333333334,28.466190476190473,35.632538368988165
2020-03-04,26.91,26.94,26.24,26.89,1128905984,0.0322456813819578,27.325555555555557,28.39190476190476,41.691897216691835
2020-03-05,26.33,26.67,24.71,25.29,1801983360,-0.0595016734845668,26.741111111111113,28.25428571428571,34.94413246602332
2020-03-06,24.1,24.13,22.55,22.83,3216797952,-0.0972716488730723,25.953333333333333,27.978095238095236,27.55882233074547
2020-03-09,17.81,18.23,15.41,16.05,4306916864,-0.2969776609724046,24.49888888888889,27.390476190476193,16.935328501563347
2020-03-10,18.65,18.65,16.37,17.56,2948828160,0.0940809968847351,23.537777777777777,26.837142857142858,23.96525442679838
2020-03-11,16.7,17.13,15.0,15.85,2087203968,-0.0973804100227789,22.48777777777778,26.214285714285715,21.723125626685487
2020-03-12,13.66,13.86,11.08,12.6,1886141568,-0.2050473186119874,21.072222222222223,25.427142857142858,18.23186990549877
2020-03-13,15.1,15.4,12.7,15.4,2406475264,0.2222222222222223,19.83555555555556,24.756666666666668,28.842461884857627
2020-03-16,12.91,14.1,12.55,13.09,1669746816,-0.15,18.395555555555557,23.945238095238096,25.860937012597205
2020-03-17,13.6,13.84,13.0,13.0,1967935232,-0.0068754774637127,16.852222222222224,23.149047619047618,25.74925429365041
2020-03-18,11.79,12.29,10.87,11.29,1841883264,-0.1315384615384616,15.296666666666665,22.285714285714285,23.65865828107151
2020-03-19,11.07,13.07,10.85,12.21,1859211008,0.0814880425155006,14.116666666666667,21.469047619047622,27.088528784668696
2020-03-20,13.11,13.5,11.83,12.0,1880019200,-0.0171990171990172,13.666666666666666,20.623809523809523,26.79262578761265
2020-03-23,12.11,12.18,11.28,11.5,1243522304,-0.0416666666666666,12.993333333333332,19.71666666666667,26.0626345407925
2020-03-24,12.57,13.54,12.28,13.25,1466261248,0.1521739130434782,12.704444444444444,18.922857142857143,32.948572856017776
2020-03-25,13.24,14.79,12.83,14.32,2176861184,0.080754716981132,12.895555555555555,18.217142857142857,36.82284087658508
2020-03-26,14.4,15.19,13.81,14.39,1882386816,0.0048882681564246,12.783333333333333,17.654285714285713,37.07898024487551
2020-03-27,13.3,13.69,13.25,13.3,1347804672,-0.0757470465601112,12.806666666666665,17.082857142857144,34.71855106708183
2020-03-30,13.15,13.74,12.83,13.38,1471281536,0.0060150375939849,12.848888888888888,16.513333333333332,35.04538068563477
2020-03-31,13.6,14.54,13.6,13.99,2191604992,0.0455904334828101,13.148888888888889,15.916190476190476,37.61027358114613
2020-04-01,13.45,14.55,13.32,14.3,1590870400,0.0221586847748391,13.38111111111111,15.356666666666667,38.93005873081409
2020-04-02,15.4,16.55,15.01,15.51,3704695040,0.0846153846153845,13.77111111111111,14.814761904761905,43.91695253932426
2020-04-03,16.3,16.36,14.93,15.34,2189799936,-0.0109606705351386,14.197777777777778,14.340952380952382,43.380970647101606
2020-04-06,16.05,16.1,15.18,15.77,1923721088,0.028031290743155,14.47777777777778,14.004761904761907,45.20268962022355
2020-04-07,16.61,17.07,16.34,16.4,2348218624,0.0399492707672795,14.708888888888888,14.02142857142857,47.85014613111082
2020-04-08,16.5,17.53,16.4,17.32,1941977216,0.0560975609756098,15.034444444444444,14.01,51.53271002369085
2020-04-09,17.94,18.69,16.5,16.82,3248983040,-0.0288683602771362,15.425555555555556,14.056190476190475,49.48740205519173
2020-04-13,16.82,17.09,16.33,16.93,1562612096,0.0065398335315101,15.82,14.262380952380951,49.95796535416743
2020-04-14,17.02,17.3,16.61,16.73,1535183616,-0.0118133490844654,16.124444444444443,14.325714285714284,49.06302384646076
2020-04-15,16.04,16.47,15.86,16.38,1396329344,-0.0209205020920503,16.355555555555554,14.482380952380952,47.46071254809678
2020-04-16,16.67,16.76,15.53,15.72,1807112064,-0.0402930402930401,16.37888888888889,14.611904761904762,44.50882832195949
2020-04-17,15.75,16.13,15.56,16.13,1839093760,0.0260814249363867,16.46666666666667,14.842380952380953,46.72553763696111
2020-04-20,15.48,16.33,15.34,15.95,2120673664,-0.0111593304401735,16.486666666666665,15.020476190476192,45.85940070324273
2020-04-22,15.85,16.75,15.78,16.75,1863750528,0.0501567398119122,16.525555555555556,15.246666666666666,50.271448656963926
2020-04-23,17.2,17.43,16.62,16.95,1613123072,0.0119402985074625,16.484444444444446,15.506190476190476,51.3390820634436
2020-04-24,16.69,16.79,15.28,15.95,2559344896,-0.0589970501474926,16.387777777777778,15.634761904761904,46.01911112122512
2020-04-27,16.14,16.53,15.78,16.45,1386202368,0.031347962382445,16.334444444444443,15.736190476190478,48.87193651990573
2020-04-28,17.04,17.25,16.63,17.25,1550873088,0.0486322188449848,16.392222222222223,15.872380952380954,53.13920059733356
2020-04-29,17.8,18.48,17.53,18.2,1699549440,0.0550724637681159,16.594444444444445,16.10571428571429,57.65853387601881
2020-04-30,17.98,18.42,17.7,18.05,1433551232,-0.0082417582417582,16.85333333333333,16.328095238095237,56.72824808986164
2020-05-04,17.43,17.62,17.18,17.38,1037384128,-0.0371191135734072,16.99222222222222,16.48952380952381,52.642622772759424
2020-05-05,17.9,18.48,17.87,17.94,1357031552,0.0322209436133487,17.213333333333335,16.662857142857142,55.525761830472746
2020-05-06,17.87,18.06,17.28,17.28,1175498496,-0.0367892976588628,17.272222222222222,16.747142857142858,51.54296683728737
2020-05-07,17.75,17.87,17.35,17.44,1424664064,0.0092592592592593,17.326666666666668,16.847142857142856,52.43371189046125
2020-05-08,17.74,18.58,17.71,18.48,1510029696,0.0596330275229357,17.607777777777777,16.976190476190474,57.856528811774744
2020-05-11,18.3,18.93,18.11,18.15,1190469248,-0.0178571428571429,17.796666666666667,17.05952380952381,55.687099217990465
2020-05-12,18.53,18.83,18.13,18.14,1301879936,-0.0005509641873276,17.895555555555557,17.098571428571432,55.61903992743763
2020-05-13,18.26,18.35,17.52,17.59,1541083648,-0.0303197353914002,17.827777777777776,17.135238095238094,51.86455108508105
2020-05-14,17.4,17.47,16.72,17.4,2028535680,-0.0108015918135304,17.755555555555556,17.157619047619047,50.59397200350453
2020-05-15,17.99,18.19,17.15,17.15,2353244416,-0.014367816091954,17.730000000000004,17.17761904761905,48.89658566179118
2020-05-18,18.1,18.54,17.92,18.54,2125529728,0.0810495626822158,17.796666666666667,17.28047619047619,57.445105440706584
2020-05-19,18.51,18.93,18.41,18.68,1492860032,0.0075512405609492,17.952222222222222,17.42142857142857,58.20347192268874
2020-05-20,19.09,19.44,19.06,19.3,1427671808,0.0331905781584582,18.158888888888885,17.57238095238095,61.47756957097497
2020-05-21,19.5,19.77,19.07,19.19,1570079104,-0.0056994818652849,18.237777777777776,17.726666666666667,60.57099854973491
2020-05-22,18.8,18.9,18.35,18.67,1281506560,-0.0270974465867639,18.295555555555556,17.81809523809524,56.341318736987326
2020-05-25,19.48,19.56,19.26,19.48,731218176,0.0433851098018209,18.444444444444443,17.93857142857143,60.91927585341045
2020-05-26,19.98,20.09,19.33,19.67,1346880640,0.0097535934291581,18.675555555555558,18.115714285714287,61.927745807474025
2020-05-27,19.8,19.93,19.15,19.93,1450617216,0.0132180986273511,18.956666666666667,18.281428571428574,63.32252116785488
2020-05-28,19.69,20.08,19.45,19.77,1272502656,-0.0080280983442047,19.247777777777777,18.401428571428568,61.821568446825964
2020-05-29,19.55,20.34,19.3,20.34,2528729600,0.0288315629742033,19.447777777777777,18.503333333333334,65.00405176922138
2020-06-01,20.15,20.56,20.0,20.33,1752609792,-0.0004916420845625,19.63111111111111,18.61190476190476,64.9018367137038
2020-06-02,20.75,21.4,20.6,21.4,1592479488,0.0526315789473683,19.864444444444445,18.803333333333335,70.28585095356952
2020-06-03,21.86,21.91,21.41,21.47,1852274432,0.0032710280373831,20.11777777777778,18.97142857142857,70.6035498053846
2020-06-04,21.39,21.78,21.04,21.43,2288555264,-0.0018630647414997,20.424444444444443,19.16904761904762,70.14204375564563
2020-06-05,22.29,23.03,22.06,22.1,2531686144,0.0312645823611759,20.715555555555554,19.39095238095238,73.29126826102744
2020-06-08,22.55,22.59,22.01,22.53,1818233344,0.0194570135746605,21.03333333333333,19.583809523809524,75.10601609071648
2020-06-09,22.03,22.04,21.64,21.72,2083131776,-0.0359520639147803,21.232222222222223,19.753809523809526,66.00773966494016
2020-06-10,21.89,21.9,21.0,21.4,2177953280,-0.014732965009208,21.413333333333334,19.90904761904762,62.77252117330156
2020-06-12,20.62,21.17,20.1,20.6,2386430720,-0.0373831775700933,21.44222222222222,20.052380952380954,55.45484863373928
2020-06-15,19.81,21.09,19.54,20.7,2011545344,0.0048543689320388,21.483333333333334,20.209523809523812,56.1430827500551
2020-06-16,21.56,21.91,21.17,21.37,2028535680,0.0323671497584541,21.48,20.410476190476192,60.54185893667693
2020-06-17,21.48,21.85,21.15,21.44,1342506112,0.0032756200280767,21.47666666666667,20.54857142857143,60.982175212247135
2020-06-18,21.18,21.77,21.08,21.6,1216379136,0.007462686567164,21.495555555555555,20.687619047619048,62.025283238185075
2020-06-19,22.0,22.22,21.22,21.47,1950789248,-0.0060185185185186,21.425555555555558,20.790952380952383,60.60752928842463
2020-06-22,21.6,21.6,20.9,20.95,942344128,-0.0242198416394969,21.25,20.874761904761904,55.1748058395199
2020-06-23,21.22,22.07,21.14,21.65,1697576448,0.0334128878281623,21.242222222222225,21.016666666666666,60.32986943729727
2020-06-24,21.49,21.56,20.71,21.0,1371542528,-0.0300230946882216,21.197777777777777,21.08904761904762,54.107326222351745
2020-06-25,20.91,21.47,20.73,21.47,988350272,0.0223809523809523,21.294444444444444,21.174761904761905,57.519232370950355
2020-06-26,21.21,21.47,20.78,20.84,1146939648,-0.0293432696786213,21.31,21.218095238095238,51.94453897594148
2020-06-29,21.1,21.66,20.93,21.66,1272253184,0.0393474088291747,21.342222222222222,21.30809523809524,57.6921439186113
2020-06-30,21.34,21.8,21.09,21.55,1388510336,-0.0050784856879039,21.354444444444443,21.365714285714287,56.71223781636437
2020-07-01,21.75,22.25,21.52,21.71,1720581504,0.0074245939675174,21.366666666666664,21.431428571428572,57.83410410263436
2020-07-02,22.1,22.21,21.86,22.06,1235936640,0.01612160294795,21.432222222222222,21.462857142857143,60.26033910583912
2020-07-03,21.95,22.18,21.8,21.98,520556768,-0.0036264732547596,21.546666666666667,21.487142857142857,59.41874701147583
2020-07-06,22.39,22.86,22.31,22.51,1299613184,0.0241128298453139,21.642222222222223,21.53857142857143,63.095927420493744
2020-07-07,22.34,22.47,22.14,22.23,1033238528,-0.0124389160373168,21.778888888888886,21.544761904761906,60.002596554917616
2020-07-08,22.45,22.76,22.4,22.65,1101905408,0.0188933873144399,21.91,21.55047619047619,62.93776227477924
2020-07-09,22.78,22.81,22.06,22.14,1263468032,-0.0225165562913906,22.054444444444446,21.570476190476192,57.426874383058255
2020-07-10,22.19,22.65,22.06,22.51,1275004032,0.0167118337850045,22.14888888888889,21.62333333333333,60.15286061987201
2020-07-13,22.61,22.65,22.16,22.16,1228024832,-0.0155486450466459,22.216666666666665,21.69761904761905,56.46942971140948
2020-07-14,22.13,22.96,21.86,22.9,2010086784,0.0333935018050541,22.34888888888889,21.80238095238095,61.796062168378704
2020-07-15,23.2,23.43,22.85,23.34,1347222656,0.0192139737991265,22.491111111111113,21.896190476190476,64.57200542172527
2020-07-16,23.16,23.28,22.52,22.72,1574362496,-0.0265638389031706,22.573333333333334,21.957142857142856,58.15924638965689
2020-07-17,22.83,23.03,22.58,22.74,1125320576,0.0008802816901407,22.598888888888887,22.01142857142857,58.303102191230245
2020-07-20,22.7,22.91,22.52,22.74,1101467392,0.0,22.655555555555555,22.07190476190476,58.303102191230245
2020-07-21,23.15,23.6,23.14,23.37,2367800576,0.0277044854881267,22.735555555555557,22.187142857142856,62.956020605927726
2020-07-22,23.3,23.41,23.01,23.05,991033408,-0.0136927685066324,22.836666666666662,22.253809523809526,59.334247469228956
2020-07-23,23.16,23.23,22.54,22.57,1456017408,-0.020824295010846,22.843333333333334,22.32857142857143,54.28911388565686
2020-07-24,22.54,23.06,22.42,22.73,973211264,0.0070890562693841,22.906666666666666,22.388571428571428,55.64303234360365
2020-07-27,22.87,23.25,22.45,23.2,1288230912,0.0206775186977561,22.939999999999998,22.500952380952384,59.44317080770091
2020-07-28,23.04,23.32,22.8,22.8,1093993728,-0.0172413793103447,22.88,22.555238095238092,55.11546375908201
2020-07-29,23.03,23.25,22.92,23.17,1009204608,0.0162280701754387,22.93,22.632380952380952,58.150556661221124
2020-07-30,22.92,22.92,22.5,22.82,1304565632,-0.0151057401812689,22.93888888888889,22.685238095238095,54.40299280177451
2020-07-31,22.92,23.14,22.16,22.2,1687568768,-0.0271691498685364,22.878888888888888,22.69190476190476,48.44680191633763
2020-08-03,22.54,22.55,21.72,21.8,1379855360,-0.0180180180180179,22.704444444444444,22.68333333333333,45.02208700908415
2020-08-04,21.46,22.05,21.25,21.78,1357879424,-0.0009174311926605,22.563333333333336,22.64857142857143,44.85136494117556
2020-08-05,22.23,23.28,22.23,23.18,3151006208,0.064279155188246,22.63111111111111,22.693809523809524,57.111332400650305
2020-08-06,23.28,23.53,23.01,23.22,1304143232,0.0017256255392579,22.685555555555556,22.72095238095238,57.402707999717556
2020-08-07,22.86,22.91,22.55,22.79,1263582848,-0.0185185185185184,22.64,22.75190476190476,53.21713194429439
2020-08-10,22.9,23.45,22.64,23.45,1201363712,0.0289600702062307,22.712222222222223,22.796666666666667,58.24921360536149
2020-08-11,23.71,23.88,23.06,23.08,1554047232,-0.0157782515991471,22.702222222222222,22.84047619047619,54.69724774271116
2020-08-12,23.36,23.68,23.08,23.48,1552989312,0.0173310225303293,22.775555555555556,22.86809523809524,57.700274593851944
2020-08-13,23.45,23.58,22.71,22.84,1018523968,-0.0272572402044293,22.846666666666668,22.84428571428571,51.78538670022865
2020-08-14,22.77,22.98,22.53,22.67,868509440,-0.0074430823117337,22.943333333333335,22.84190476190476,50.31009662761456
2020-08-17,22.68,22.84,22.15,22.6,1160308992,-0.0030877812086458,23.034444444444446,22.835238095238097,49.68246169869421
2020-08-18,22.93,23.24,22.77,23.02,1129760384,0.0185840707964601,23.016666666666666,22.84857142857143,53.43597853208699
2020-08-19,22.95,23.32,22.75,22.89,1189810816,-0.0056472632493483,22.98,22.825714285714284,52.13950215667368
2020-08-20,22.52,22.87,22.35,22.73,1239613568,-0.0069899519440803,22.973333333333333,22.81047619047619,50.5150281963903
2020-08-21,22.54,22.63,22.35,22.56,859552384,-0.0074791025076991,22.874444444444446,22.81,48.77615830503462
2020-08-24,22.86,23.13,22.8,22.97,1181549184,0.0181737588652481,22.862222222222222,22.821428571428573,52.980021130493554
2020-08-25,23.09,23.15,22.69,22.87,858697152,-0.0043535045711796,22.794444444444444,22.805714285714284,51.86205930600022
2020-08-26,22.78,22.9,22.04,22.22,1550377216,-0.0284215128989944,22.725555555555555,22.77809523809524,45.1873847717365
2020-08-27,22.32,22.47,22.04,22.15,775794240,-0.0031503150315032,22.66777777777778,22.72952380952381,44.522827461217084
2020-08-28,22.25,22.54,22.06,22.54,685287936,0.017607223476298,22.66111111111111,22.716190476190476,49.02120639703468
2020-08-31,22.32,22.43,21.89,21.89,1052706368,-0.0288376220053238,22.535555555555554,22.701428571428572,42.793189174742764
2020-09-01,22.2,22.89,22.12,22.87,1490722816,0.0447693010507082,22.53333333333333,22.752380952380953,52.57595777659623
2020-09-02,22.93,23.1,22.52,22.8,1209697536,-0.0030607783121994,22.54111111111111,22.80095238095238,51.89333267517534
2020-09-03,22.61,23.12,22.57,22.88,1997120256,0.0035087719298245,22.576666666666668,22.786666666666665,52.64997718300733
2020-09-04,23.0,23.03,22.58,22.92,1183964160,0.0017482517482518,22.57111111111111,22.772380952380953,53.04762523868613
2020-09-08,22.5,22.5,21.91,22.26,1641286272,-0.0287958115183246,22.503333333333334,22.747142857142858,46.15939843245091
2020-09-09,22.49,22.77,22.49,22.73,948070912,0.0211141060197663,22.56,22.712857142857143,51.035384398077156
2020-09-10,22.58,22.58,22.11,22.12,1272754432,-0.0268367795864495,22.556666666666665,22.667142857142856,45.301114967434025
2020-09-11,22.12,22.26,21.75,21.88,1559304320,-0.0108499095840869,22.483333333333334,22.59095238095238,43.242461707943484
2020-09-14,21.94,21.98,21.43,21.68,989272896,-0.0091407678244972,22.459999999999997,22.535714285714285,41.54801456607914
2020-09-15,21.98,22.08,21.55,21.67,1266883200,-0.0004612546125459,22.326666666666668,22.488095238095237,41.46053488231158
2020-09-16,21.85,21.99,21.6,21.73,1091176704,0.0027688047992615,22.20777777777778,22.446666666666665,42.24626417614315
2020-09-17,21.51,22.17,21.46,22.15,1312930944,0.0193281178094799,22.12666666666667,22.405238095238094,47.55300112452516
2020-09-18,21.99,22.15,21.55,21.65,1387130752,-0.0225733634311512,21.985555555555557,22.34619047619048,42.54152227185136
2020-09-21,21.29,21.46,20.81,20.9,1530673664,-0.0346420323325634,21.834444444444443,22.259047619047617,36.352790414886
2020-09-22,20.96,21.35,20.75,20.8,979449984,-0.0047846889952152,21.62,22.175238095238097,35.608964333204256
2020-09-23,20.8,20.96,20.2,20.23,1161001344,-0.0274038461538461,21.41,22.044761904761906,31.63551160099675
2020-09-24,20.24,20.71,20.06,20.4,1543972096,0.0084033613445377,21.245555555555555,21.927142857142858,34.00091581789235
2020-09-25,20.15,20.26,19.87,20.13,801345280,-0.013235294117647,21.073333333333334,21.82761904761905,32.10117128381849
2020-09-28,20.33,20.56,19.63,19.63,966695104,-0.0248385494287133,20.846666666666664,21.707619047619048,28.88280893032541
2020-09-29,19.63,19.86,19.25,19.31,1023226240,-0.0163015792154864,20.577777777777776,21.553809523809523,27.016000419052375
2020-09-30,19.5,20.04,19.43,19.61,1359588736,0.0155359917141377,20.295555555555556,21.445238095238096,31.48685175512574
2020-10-01,19.64,20.06,19.13,19.85,1492004608,0.0122386537480878,20.095555555555553,21.30142857142857,34.921443722471054
2020-10-02,19.73,19.74,19.02,19.02,1619093120,-0.0418136020151134,19.88666666666667,21.121428571428574,29.427266308789612
2020-10-05,19.36,20.16,19.24,20.03,1433524992,0.0531019978969506,19.80111111111111,20.985714285714284,41.490525323517446
2020-10-06,20.47,20.7,19.93,19.93,1549755264,-0.0049925112331503,19.767777777777777,20.843333333333334,40.74785549753353
2020-10-07,20.0,20.05,19.56,19.79,1049009728,-0.0070245860511791,19.700000000000003,20.725714285714286,39.67707797576207
2020-10-08,20.04,20.59,19.86,20.44,1567616896,0.0328448711470441,19.734444444444446,20.616666666666667,46.68249952805174
2020-10-09,20.34,20.39,19.8,19.8,1347227520,-0.0313111545988258,19.753333333333334,20.506190476190476,41.56423218611417
2020-10-13,19.91,20.13,19.73,20.13,1094618624,0.0166666666666666,19.844444444444445,20.422857142857143,44.91773958236589
2020-10-14,20.09,20.37,19.97,19.97,884981632,-0.0079483358171882,19.88444444444444,20.341428571428573,43.6109467178665
2020-10-15,19.62,19.77,19.44,19.75,1104788736,-0.0110165247871807,19.87333333333333,20.25,41.809779157311816
2020-10-16,19.67,19.71,19.32,19.33,956267904,-0.0212658227848102,19.907777777777778,20.135714285714283,38.537478563444566
2020-10-19,19.41,19.94,19.25,19.52,2109380992,0.0098292809105018,19.85111111111111,20.01047619047619,40.79495400458833
2020-10-20,19.67,20.27,19.59,20.18,1358614912,0.0338114754098359,19.878888888888888,19.94047619047619,47.94704554007137
2020-10-21,20.16,20.33,19.83,20.16,1207242112,-0.0009910802775024,19.92,19.905238095238094,47.75876813628312
2020-10-22,20.1,20.84,20.05,20.84,2027517952,0.0337301587301586,19.964444444444442,19.907142857142855,54.32582347647372
2020-10-23,20.94,21.14,20.54,20.57,1274407296,-0.0129558541266794,20.049999999999997,19.923333333333332,51.55464436298634
2020-10-26,20.33,20.53,20.03,20.25,1166593920,-0.0155566358774914,20.063333333333333,19.916190476190476,48.40324355767998
2020-10-27,20.26,20.37,19.81,19.88,948147968,-0.0182716049382716,20.053333333333335,19.904285714285713,44.97960497177139
2020-10-28,19.35,19.44,18.67,18.67,1492565760,-0.0608651911468811,19.933333333333334,19.858571428571427,36.00947779924534
2020-10-29,18.43,19.37,17.74,19.29,1592209280,0.0332083556507765,19.92888888888889,19.857619047619046,42.35326597604328
2020-10-30,19.14,19.54,18.87,18.94,1215778176,-0.0181441161223431,19.86444444444444,19.825714285714284,39.94577374190966
2020-11-03,19.51,19.9,19.33,19.65,1300304896,0.0374868004223862,19.805555555555557,19.816190476190474,46.57954591615099
2020-11-04,20.01,20.07,19.27,19.72,1293673856,0.0035623409669212,19.756666666666668,19.84952380952381,47.19882292293219
2020-11-05,19.95,19.99,19.72,19.89,812147776,0.0086206896551725,19.651111111111113,19.84285714285714,48.75258635848107
2020-11-06,19.55,19.95,19.54,19.75,736571968,-0.0070387129210658,19.560000000000002,19.834285714285713,47.512608403769406
2020-11-09,21.11,22.69,21.04,21.61,3580095744,0.0941772151898734,19.711111111111112,19.92095238095238,61.51677705777176
2020-11-10,21.89,23.15,21.81,23.08,3722933504,0.0680240629338269,20.066666666666666,20.046666666666663,68.63854233504468
2020-11-11,23.35,23.36,22.4,22.88,2115770240,-0.0086655112651645,20.534444444444446,20.19333333333333,66.82652461994698
2020-11-12,22.74,22.82,21.77,21.91,1714848256,-0.0423951048951048,20.825555555555557,20.278095238095236,58.72865362436132
2020-11-13,22.02,22.8,21.89,22.63,1484286976,0.0328617069831127,21.235555555555557,20.404761904761905,62.37336241301528
2020-11-16,23.2,23.63,23.13,23.29,2374205696,0.0291648254529386,21.64,20.573333333333334,65.39056728564438
2020-11-17,23.05,24.14,22.98,23.69,2228588544,0.017174753112924,22.081111111111113,20.78095238095238,67.1118400806966
2020-11-18,23.99,24.13,23.55,23.55,1637514624,-0.0059096665259603,22.487777777777776,20.97285714285714,65.87691334287005
2020-11-19,23.55,23.94,23.37,23.82,1546763520,0.0114649681528662,22.939999999999998,21.14619047619048,67.13300813901785
2020-11-20,23.84,23.99,23.47,23.65,903627840,-0.007136859781696,23.166666666666668,21.312380952380952,65.49817604804224
2020-11-23,24.05,25.1,24.04,25.1,3091846912,0.0613107822410148,23.39111111111111,21.515238095238097,71.80502612251517
2020-11-24,25.64,26.67,25.64,26.22,4009199616,0.0446215139442229,23.76222222222222,21.784285714285712,75.52639783535366
2020-11-25,26.2,26.5,25.67,26.25,1931451008,0.0011441647597254,24.244444444444444,22.07,75.61922323101778
2020-11-26,25.94,25.95,25.56,25.82,1079657728,-0.0163809523809523,24.59888888888889,22.35285714285714,71.43684720528759
2020-11-27,25.92,26.06,25.45,25.5,1286405504,-0.0123934934159566,24.84444444444445,22.67809523809524,68.40474859269244
2020-11-30,25.26,25.88,24.84,24.9,2278333184,-0.0235294117647059,24.97888888888889,22.945238095238096,63.004902956305465
2020-12-01,25.4,25.77,25.29,25.6,1501854976,0.0281124497991969,25.206666666666667,23.26238095238095,66.34302105853757
2020-12-02,25.6,26.5,25.33,25.91,2288391680,0.0121093749999998,25.43888888888889,23.56047619047619,67.73163899677894
2020-12-03,26.15,26.89,26.05,26.64,1654356736,0.0281744500192975,25.77111111111111,23.89,70.7880645513014
2020-12-04,27.19,27.57,27.06,27.53,1687791232,0.0334084084084085,26.04111111111111,24.253809523809526,74.01910802980932
2020-12-07,27.27,27.79,26.67,27.0,1978851840,-0.0192517253904831,26.12777777777778,24.59904761904762,69.11642008078665
2020-12-08,26.81,27.14,26.46,26.66,1240076544,-0.0125925925925926,26.173333333333332,24.839523809523808,66.09210044317685
2020-12-09,26.63,26.97,26.4,26.94,1401161344,0.0105026256564142,26.297777777777778,25.023333333333333,67.35880771973788
2020-12-10,27.19,28.2,27.13,27.82,2707261440,0.0326651818856718,26.555555555555557,25.258571428571432,71.0226994141919
2020-12-11,27.49,27.84,27.28,27.57,1331257344,-0.0089863407620417,26.852222222222224,25.52809523809524,68.66465555164437
2020-12-14,28.03,28.27,27.62,27.62,1480628608,0.0018135654697135,27.076666666666668,25.76571428571429,68.88714491311661
2020-12-15,27.8,27.99,27.64,27.85,1312854528,0.0083272990586531,27.29222222222222,25.982857142857142,69.94431278037098
2020-12-16,27.85,28.24,27.47,28.19,1660053248,0.0122082585278275,27.464444444444446,26.197142857142858,71.4866795083617
2020-12-17,28.3,28.39,28.07,28.24,1109251584,0.0017736786094357,27.543333333333337,26.420476190476194,71.71654260501757
2020-12-18,28.1,28.32,28.02,28.1,1259848448,-0.0049575070821529,27.665555555555557,26.624285714285715,70.01456987479301
2020-12-21,27.19,27.49,26.52,27.02,2710076416,-0.0384341637010676,27.70555555555556,26.784761904761904,58.48400105116364
2020-12-22,27.2,27.47,27.05,27.28,1268321408,0.0096225018504811,27.743333333333336,26.888571428571428,60.18402086534293
2020-12-23,27.43,28.25,27.35,27.95,1368938752,0.0245601173020526,27.757777777777775,26.97095238095238,64.24693721294805
2020-12-28,28.36,28.52,28.18,28.18,1027840704,0.0082289803220036,27.825555555555557,27.06285714285714,65.54665652190137
2020-12-29,28.38,28.43,27.99,28.27,843347520,0.00319375443577,27.897777777777776,27.179523809523808,66.06649025370646
2020-12-30,28.35,28.49,28.2,28.34,1047992192,0.0024761230986911,27.952222222222222,27.314761904761905,66.48998489661108
2021-01-04,28.65,29.18,28.53,28.91,2153768704,0.0201129146083274,28.032222222222224,27.505714285714287,69.79559017444652
2021-01-05,28.9,30.18,28.24,30.04,2794814208,0.0390868211691455,28.232222222222223,27.71714285714286,75.05011240952996
2021-01-06,30.16,30.9,30.05,30.07,2947101696,0.0009986684420772,28.45111111111111,27.915238095238095,75.17359456956046
2021-01-07,30.34,31.15,30.34,31.0,1730397184,0.0309278350515462,28.89333333333333,28.12285714285714,78.69393907598001
2021-01-08,31.46,31.76,30.35,31.12,2084999808,0.0038709677419355,29.32,28.29380952380952,79.10564142716689
2021-01-11,30.61,31.06,30.4,30.86,1498912256,-0.0083547557840617,29.643333333333334,28.477619047619047,75.69283437148019
2021-01-12,31.12,31.56,30.63,30.63,2037323008,-0.0074530136098509,29.915555555555557,28.666666666666668,72.70466157146878
2021-01-13,30.68,30.86,29.0,29.15,2778117888,-0.0483186418543911,30.013333333333335,28.771904761904757,57.08726213732606
2021-01-14,29.17,29.67,28.72,29.45,1485213184,0.0102915951972555,30.13666666666667,28.84952380952381,59.00935952186174
2021-01-15,29.05,29.08,28.03,28.12,2287351040,-0.0451612903225805,30.04888888888889,28.875714285714285,48.61348577705593
2021-01-18,28.31,28.85,28.01,28.07,1952231808,-0.001778093883357,29.83,28.897142857142853,48.269204595590864
2021-01-19,28.48,28.86,27.64,28.69,1746648320,0.0220876380477377,29.676666666666662,28.93714285714286,52.7387945757178
2021-01-20,28.95,29.12,28.11,28.21,1719707008,-0.0167305681422098,29.366666666666667,28.93809523809524,49.19496052800524
2021-01-21,28.02,28.4,27.51,27.55,1147794944,-0.0233959588798298,28.970000000000002,28.905238095238094,44.7429594093849
2021-01-22,26.93,27.24,26.56,27.09,1378561536,-0.0166969147005444,28.551111111111116,28.857142857142858,41.8970769905889
2021-01-26,27.25,27.97,26.82,27.0,1765519744,-0.0033222591362126,28.14777777777778,28.856190476190477,41.343008208384326
2021-01-27,26.81,28.17,26.53,27.38,1874696832,0.0140740740740741,27.95111111111111,28.860952380952384,44.67010599518734
2021-01-28,27.32,28.45,27.31,27.76,1891093760,0.0138787436084735,27.763333333333335,28.851904761904763,47.85533280322513
2021-01-29,27.52,27.68,26.69,26.69,1833378304,-0.0385446685878962,27.604444444444443,28.780952380952378,40.74291184943729
2021-02-01,27.26,27.68,26.83,27.53,1212572160,0.0314724615961035,27.544444444444444,28.74571428571429,47.35751354345093
2021-02-02,28.4,29.14,28.2,28.66,2629121280,0.0410461314929166,27.54111111111111,28.760952380952382,54.685496603308856
2021-02-03,28.98,29.14,28.66,28.85,1371113984,0.0066294487090021,27.612222222222222,28.75809523809524,55.79962153141869
2021-02-04,28.83,28.99,28.21,28.82,1186185856,-0.0010398613518197,27.753333333333334,28.699999999999996,55.56731127354463
2021-02-05,28.98,30.09,28.32,29.02,3554663936,0.0069396252602358,27.96777777777778,28.65,56.85687312210019
2021-02-08,28.51,29.3,27.8,28.11,2804707328,-0.0313576843556168,28.09111111111111,28.51238095238095,49.777871894553755
2021-02-09,28.05,28.37,27.38,27.54,1765051904,-0.0202774813233724,28.10888888888889,28.341904761904765,45.921136934473
2021-02-10,27.74,28.04,27.12,27.8,1461264768,0.009440813362382,28.11333333333333,28.196190476190477,47.903904559610105
2021-02-11,28.14,28.5,27.87,28.08,1726755968,0.0100719424460431,28.267777777777777,28.074761904761907,50.02878051058299
2021-02-12,27.81,28.49,27.61,28.44,1347612800,0.0128205128205129,28.36888888888889,28.040952380952383,52.700053129000196
2021-02-17,28.52,29.6,28.13,29.59,1593062272,0.040436005625879,28.47222222222222,28.047619047619047,60.04729698556884
2021-02-18,30.38,30.92,29.04,29.27,3151222784,-0.0108144643460629,28.518888888888892,28.10238095238095,57.37653644438551
2021-02-19,28.03,28.49,27.17,27.33,5979822592,-0.0662794670310898,28.353333333333335,28.067142857142862,44.46457848614771
2021-02-22,22.8,23.2,21.4,21.45,10803725312,-0.2151481888035126,27.51222222222222,27.722380952380952,25.63473058669682
2021-02-23,23.05,24.26,22.71,24.06,6890228736,0.1216783216783217,27.06222222222222,27.524761904761903,38.15431471958095
2021-02-24,24.55,25.0,24.01,24.4,3798220544,0.0141313383208645,26.71333333333333,27.374761904761904,39.58128306330056
2021-02-25,25.0,25.25,23.1,23.19,4117029632,-0.0495901639344261,26.20111111111111,27.189047619047614,36.365507558816525
2021-02-26,23.2,23.42,21.97,22.24,3594457344,-0.0409659335920656,25.552222222222223,26.962380952380947,34.0279890553181
2021-03-01,22.8,23.04,21.92,22.0,2026976768,-0.0107913669064747,24.836666666666666,26.70619047619047,33.44313870578321
2021-03-02,21.84,22.33,20.67,21.99,3185458688,-0.0004545454545454,23.99222222222222,26.43142857142857,33.41736634924496
2021-03-03,21.8,21.89,20.48,21.19,3915574784,-0.0363801728058207,23.09444444444444,26.169523809523813,31.336823149713126
2021-03-04,21.3,22.4,21.12,22.22,2811816704,0.0486078338839073,22.526666666666667,25.916666666666668,36.79315240864902
2021-03-05,22.44,23.22,22.29,22.39,2852965376,0.0076507650765076,22.63111111111111,25.61809523809524,37.67348324116515
2021-03-08,21.94,22.28,20.96,21.1,3057368576,-0.0576150066994193,22.302222222222223,25.24904761904762,33.823762948606074
2021-03-09,21.36,21.95,20.86,21.59,2636658688,0.0232227488151657,21.99,24.904761904761905,36.47899107928749
2021-03-10,21.94,22.34,21.58,22.34,2463946240,0.0347383047707272,21.895555555555557,24.586666666666662,40.419512487528486
2021-03-11,22.62,23.49,22.61,23.29,3014642944,0.0425246195165622,22.01222222222222,24.357142857142858,45.06797110376458
2021-03-12,23.15,23.38,22.86,23.17,1572036992,-0.0051524259338771,22.142222222222223,24.149047619047618,44.59467789596784
2021-03-15,23.11,23.67,23.1,23.65,1579457408,0.0207164436771685,22.326666666666668,23.951428571428572,46.99264422070203
2021-03-16,23.63,23.68,23.23,23.28,1009512640,-0.015644820295983,22.55888888888889,23.722857142857144,45.36283433395575
2021-03-17,23.14,24.13,23.11,24.08,1849710592,0.0343642611683847,22.765555555555554,23.515238095238097,49.44546533110595
2021-03-18,23.88,23.9,23.07,23.24,1805375232,-0.0348837209302325,22.86,23.212857142857143,45.593119586807376
2021-03-19,23.27,24.04,23.18,24.0,2132933376,0.0327022375215146,23.182222222222222,22.961904761904762,49.431909405458484
2021-03-22,23.69,23.78,23.23,23.52,1026926144,-0.02,23.396666666666665,22.78047619047619,47.168292181630385
2021-03-23,23.17,23.63,22.8,22.8,1308812416,-0.0306122448979591,23.447777777777777,22.844761904761903,43.919451228764245
2021-03-24,23.19,23.54,22.82,22.82,1442781440,0.000877192982456,23.395555555555557,22.785714285714285,44.03476437403472
2021-03-25,22.7,23.3,22.16,23.2,1791127552,0.0166520595968449,23.398888888888887,22.728571428571428,46.29433013624828
2021-03-26,23.48,23.88,23.11,23.46,1426447744,0.0112068965517242,23.37777777777778,22.74142857142857,47.84589376677245
2021-03-29,23.34,23.83,23.28,23.83,1172414720,0.0157715260017048,23.43888888888889,22.817142857142855,50.057134223506544
2021-03-30,23.64,23.99,23.57,23.83,973239168,0.0,23.41111111111111,22.904285714285713,50.057134223506544
2021-03-31,23.8,24.23,23.78,24.1,1646140032,0.0113302559798573,23.506666666666668,23.004761904761903,51.78711774477364
2021-04-01,24.29,24.39,23.78,23.89,1122933888,-0.0087136929460581,23.494444444444444,23.133333333333333,50.326928494126655
2021-04-05,24.13,24.2,23.68,24.04,960726080,0.0062787777312682,23.552222222222223,23.22,51.3814276964676
2021-04-06,24.18,24.37,23.91,24.02,1097015040,-0.0008319467554076,23.68777777777778,23.297619047619047,51.22528092496694
2021-04-07,23.94,24.34,23.93,24.0,1328541440,-0.0008326394671107,23.81888888888889,23.435714285714283,51.05818076655816
2021-04-08,23.98,24.04,23.37,23.7,1485724672,-0.0125,23.874444444444446,23.536190476190477,48.502354792811815
2021-04-09,23.5,23.78,23.37,23.65,1106942080,-0.0021097046413502,23.895555555555557,23.59857142857143,48.07046030961786
2021-04-12,23.96,24.37,23.78,23.89,1202200320,0.0101479915433404,23.90222222222222,23.627142857142854,50.35559127678963
2021-04-13,23.98,24.11,23.69,23.97,1263757312,0.0033486814566763,23.917777777777776,23.665238095238095,51.127602643256076
2021-04-14,24.2,24.58,23.98,24.35,2198727424,0.0158531497705465,23.945555555555554,23.698571428571427,54.728851684781716
2021-04-15,23.7,23.83,23.02,23.09,1488038656,-0.0517453798767967,23.85666666666667,23.68952380952381,43.32815605435973
2021-04-16,23.13,23.24,22.81,22.95,1360243328,-0.0060632308358596,23.735555555555557,23.635714285714286,42.27441288120384
2021-04-19,22.95,24.89,22.77,24.28,4701099008,0.0579520697167756,23.764444444444443,23.685238095238095,53.77563115563036
2021-04-20,24.33,24.59,23.76,23.82,2256701184,-0.0189456342668863,23.744444444444444,23.67666666666667,50.06060038765742
2021-04-22,24.14,24.19,23.65,23.71,1102934912,-0.0046179680940385,23.745555555555555,23.685714285714287,49.18554820638139
2021-04-23,23.88,23.94,23.51,23.69,1418138880,-0.0008435259384226,23.75,23.72809523809524,49.01777851067946
2021-04-26,23.85,24.05,23.61,23.78,785883712,0.0037990713381172,23.73777777777778,23.773809523809526,49.84681137555832
2021-04-27,23.82,24.17,23.1,23.1,1784251136,-0.0285954583683767,23.641111111111112,23.76904761904762,44.02209497295427
2021-04-28,23.4,24.09,23.36,23.94,1565378304,0.0363636363636363,23.595555555555556,23.79190476190476,51.55318276383165
2021-04-29,24.12,24.29,23.42,23.62,1166058368,-0.0133667502088554,23.654444444444444,23.781904761904762,48.85656509864024
2021-04-30,23.4,23.93,23.28,23.62,1429981568,0.0,23.72888888888889,23.771904761904764,48.85656509864024
2021-05-03,23.8,23.81,23.3,23.43,1126989184,-0.0080440304826419,23.634444444444444,23.740000000000002,47.157962007406454
2021-05-04,23.54,23.64,22.88,22.89,1013463936,-0.0230473751600511,23.531111111111116,23.692380952380955,42.622394205822886
2021-05-05,23.17,23.95,23.12,23.83,1788355712,0.0410659676714721,23.544444444444444,23.682380952380953,51.38726413907891
2021-05-06,23.71,23.85,23.4,23.5,1265034496,-0.0138480906420477,23.523333333333333,23.657619047619047,48.58153919457612
2021-05-07,23.64,24.45,23.46,24.38,1774400384,0.0374468085106383,23.59,23.675714285714285,55.55108083924699
2021-05-10,24.8,24.98,24.58,24.7,1824735232,0.0131255127153404,23.76777777777778,23.723333333333336,57.79153808915097
2021-05-11,24.44,25.17,24.32,25.15,1825115776,0.0182186234817813,23.90222222222222,23.794761904761906,60.785007417578356
2021-05-12,24.95,25.53,24.69,24.78,2237265664,-0.0147117296222663,24.031111111111112,23.837142857142858,57.193351484025094
2021-05-13,24.76,25.1,24.43,24.99,1901721856,0.0084745762711864,24.183333333333334,23.885714285714283,58.68547001054639
2021-05-14,25.8,26.38,25.55,26.28,5076946432,0.0516206482593037,24.5,23.97761904761905,66.42715274774045
2021-05-17,26.3,26.66,26.2,26.66,2196291840,0.0144596651445965,24.91888888888889,24.147619047619045,68.31089343268347
2021-05-18,26.7,26.8,26.27,26.35,1641754496,-0.011627906976744,25.198888888888888,24.30952380952381,65.10175522196262
2021-05-19,25.85,26.35,25.8,26.15,2201170688,-0.0075901328273245,25.493333333333332,24.39857142857143,63.04399316671388
2021-05-20,26.15,26.28,25.72,25.93,1840933248,-0.0084130019120458,25.665555555555557,24.49904761904762,60.76858683446738
2021-05-21,26.08,26.31,25.94,25.95,2119742464,0.0007713073659854,25.804444444444446,24.60571428571429,60.906723610957386
2021-05-24,26.28,26.52,25.99,26.39,1653280768,0.0169556840077071,25.942222222222224,24.73428571428571,63.916865621187604
2021-05-25,26.48,26.62,25.78,25.84,1651655168,-0.0208412277377795,26.060000000000002,24.83238095238095,57.913942995000774
2021-05-26,25.91,26.18,25.65,26.09,1198655616,0.0096749226006191,26.182222222222222,24.974761904761905,59.763751452049156
2021-05-27,26.08,26.25,25.77,25.91,1259234176,-0.0068991950939056,26.14111111111111,25.06857142857143,57.79410076376466
2021-05-28,26.2,27.02,26.15,26.99,3451162368,0.0416827479737551,26.177777777777777,25.229047619047616,65.20406069556708
2021-05-31,26.96,27.2,26.78,26.87,1238831360,-0.0044460911448683,26.235555555555557,25.38380952380952,63.86243808036184
2021-06-01,27.4,27.7,27.01,27.29,2457620480,0.0156308150353552,26.362222222222222,25.567619047619047,66.46336383096633
2021-06-02,27.35,28.07,27.26,28.06,2861498112,0.0282154635397582,26.598888888888887,25.813809523809525,70.63599933457095
2021-06-04,28.06,28.62,27.92,28.5,2906118144,0.0156806842480399,26.88222222222222,26.036190476190477,72.72439139833517
2021-06-07,28.5,28.55,28.01,28.29,2092156672,-0.0073684210526315,27.09333333333333,26.264285714285712,70.15969590582822
2021-06-08,28.17,28.8,27.96,28.66,2514477056,0.0130788264404384,27.40666666666667,26.468095238095234,72.03122373989575
2021-06-09,28.72,29.08,28.52,28.66,1742254976,0.0,27.692222222222224,26.65666666666667,72.03122373989575
2021-06-10,28.83,29.03,28.57,28.71,1150668928,0.0017445917655269,28.00333333333333,26.826190476190476,72.30346635715425
2021-06-11,28.8,28.85,28.26,28.57,1567087104,-0.0048763497039359,28.178888888888892,27.006666666666668,70.24178796610285
2021-06-14,28.9,29.35,28.61,28.75,1855983360,0.0063003150157507,28.387777777777778,27.185714285714283,71.37205516639894
2021-06-15,28.96,29.06,28.63,29.03,1222986240,0.0097391304347826,28.581111111111113,27.316666666666666,73.0846125644148
2021-06-16,29.08,29.29,28.77,29.14,2230444800,0.0037891836031691,28.70111111111111,27.434761904761906,73.74899812439256
2021-06-17,29.01,29.2,27.91,28.13,2682712576,-0.0346602608098833,28.66,27.519523809523808,59.27992888112778
2021-06-18,28.0,28.42,27.64,28.32,3219860736,0.0067543547813722,28.663333333333338,27.622857142857146,60.83654794985425
2021-06-21,28.4,29.0,28.4,28.95,1453460480,0.0222457627118644,28.695555555555554,27.766666666666662,65.54041933485036
2021-06-22,29.0,29.27,28.67,29.1,1198653184,0.005181347150259,28.744444444444444,27.916666666666668,66.56996749046975
2021-06-23,29.25,29.52,29.0,29.3,1673238656,0.0068728522336769,28.810000000000002,28.0552380952381,67.94513028147524
2021-06-24,29.49,29.65,29.22,29.65,1505246848,0.0119453924914674,28.93,28.236666666666668,70.25138265906116
2021-06-25,29.69,29.79,28.95,29.1,2485028608,-0.0185497470489037,28.968888888888884,28.380000000000003,62.62623204407054
2021-06-28,29.18,29.27,28.67,29.05,1163061376,-0.0017182130584192,28.971111111111114,28.52952380952381,61.967738989248375
2021-06-29,29.09,29.18,28.74,29.18,1251069440,0.0044750430292599,28.97555555555556,28.63380952380952,63.05542519298858
2021-06-30,29.03,29.57,28.92,29.43,2083196288,0.0085675119945167,29.119999999999997,28.755714285714287,65.12125107167894
2021-07-01,29.74,29.88,28.92,29.06,1896635648,-0.0125722052327557,29.202222222222222,28.84,59.792379241313604
2021-07-02,29.3,29.38,28.73,29.18,1081631360,0.0041293874741914,29.227777777777778,28.893333333333334,60.90961966466442
2021-07-05,29.01,29.16,28.37,28.85,1605399936,-0.011309115832762,29.200000000000003,28.91,56.27838025244173
2021-07-06,28.7,28.8,27.67,27.67,2721314560,-0.0409012131715771,29.018888888888892,28.88047619047619,43.532321329846326
2021-07-07,28.15,28.15,27.41,28.05,2046637696,0.0137332851463678,28.84111111111111,28.85142857142857,47.64459604795974
2021-07-08,27.4,27.68,27.27,27.49,2202104832,-0.0199643493761141,28.66222222222222,28.795714285714283,42.70847946484712
2021-07-12,27.58,27.78,27.28,27.73,1445425536,0.008730447435431,28.515555555555554,28.74904761904762,45.3229556340487
2021-07-13,27.56,27.97,27.38,27.9,1140578816,0.0061305445366028,28.373333333333335,28.717142857142854,47.1622900147825
2021-07-14,28.1,28.2,27.54,27.67,1430049792,-0.0082437275985661,28.177777777777777,28.665714285714287,44.958689331318794
2021-07-15,27.49,27.63,26.92,27.08,1843424896,-0.0213227322009397,27.95777777777778,28.572857142857142,39.81899629889824
2021-07-16,27.23,27.38,26.58,26.68,1815712896,-0.0147710487444607,27.679999999999996,28.455714285714286,36.7514529012799
2021-07-19,25.97,26.45,25.86,26.24,2083298944,-0.0164917541229385,27.39,28.36571428571429,33.67801617547744
2021-07-20,26.19,26.94,25.9,26.59,1671168000,0.0133384146341464,27.27,28.28333333333333,38.111639496443644
2021-07-21,26.79,27.24,26.59,26.96,1353638656,0.0139150056412185,27.14888888888889,28.18857142857143,42.48860898761754
2021-07-22,27.0,27.22,26.71,26.9,1008541696,-0.0022255192878338,27.083333333333332,28.083809523809524,41.97023859369066
2021-07-23,27.1,27.17,26.68,26.74,907641344,-0.0059479553903345,26.973333333333333,27.96190476190476,40.54952396596311
2021-07-26,26.74,27.47,26.72,27.47,1262303744,0.0272999252056844,26.925555555555555,27.85809523809524,49.027445180337516
2021-07-27,27.35,27.4,26.9,27.15,1403436800,-0.0116490717145977,26.86777777777778,27.765238095238093,45.93508304217114
2021-07-28,27.43,27.9,27.2,27.71,1285148032,0.0206261510128913,26.93777777777778,27.701428571428572,51.679018646947036
2021-07-29,27.8,27.92,27.5,27.81,1210777216,0.0036088054853842,27.063333333333333,27.636190476190478,52.646500347890175
2021-07-30,27.6,27.83,26.83,26.91,2005852672,-0.0323624595469255,27.137777777777778,27.516190476190477,44.0903607988144
2021-08-02,27.2,27.41,26.37,26.41,1881878272,-0.018580453363062,27.11777777777778,27.390000000000004,40.183169133181025
2021-08-03,26.36,26.87,25.79,26.85,1889835648,0.0166603559257856,27.105555555555554,27.27904761904762,44.81752710822371
2021-08-04,26.55,26.77,25.95,26.28,2302044160,-0.0212290502793296,27.03666666666667,27.156666666666666,40.445859728423486
2021-08-05,28.75,28.98,28.06,28.35,6369891840,0.0787671232876712,27.215555555555554,27.18904761904762,56.89126754448062
2021-08-06,28.5,28.54,28.02,28.39,1438322176,0.0014109347442681,27.317777777777778,27.205238095238098,57.137578494999254
2021-08-09,27.95,28.21,27.67,28.19,2102493312,-0.0070447340612891,27.433333333333334,27.23857142857143,55.43214480721941
2021-08-10,28.3,28.78,28.24,28.28,2396741376,0.0031926214969848,27.496666666666666,27.264761904761908,56.067614711643735
2021-08-11,28.16,28.99,27.97,28.67,2789372928,0.0137906647807637,27.592222222222222,27.301428571428573,58.80848095414878
2021-08-12,28.66,29.19,28.5,29.1,2747202048,0.0149982560167423,27.83555555555556,27.36952380952381,61.64942981072145
2021-08-13,29.06,29.61,29.02,29.35,2486544896,0.0085910652920961,28.162222222222223,27.47761904761905,63.23696444301079
2021-08-16,29.2,29.24,28.24,28.64,2878927872,-0.0241908006814309,28.36111111111111,27.57095238095238,56.130503924643065
2021-08-17,26.84,27.63,26.45,27.03,2510308096,-0.0562150837988826,28.444444444444443,27.608571428571427,44.04355013072374
2021-08-18,27.03,27.31,26.65,26.79,2301899776,-0.0088790233074362,28.27111111111111,27.61809523809524,42.57187894013792
2021-08-19,26.26,26.87,26.13,26.64,2127140480,-0.0055991041433369,28.076666666666668,27.60285714285714,41.63548878636078
2021-08-20,26.4,26.63,26.17,26.6,2243098112,-0.0015015015015015,27.9,27.58857142857143,41.37414243532557
2021-08-23,26.94,27.31,26.77,27.02,1884711808,0.0157894736842103,27.76,27.601904761904763,45.25953778373
2021-08-24,27.29,27.63,27.24,27.58,1360924160,0.0207253886010361,27.63888888888889,27.607142857142858,50.01616385109178
2021-08-25,27.63,27.83,27.38,27.73,1268560512,0.0054387237128354,27.486666666666665,27.634761904761906,51.23840354191994
2021-08-26,27.58,27.88,27.47,27.49,1123543936,-0.0086548864046159,27.279999999999998,27.624285714285715,49.16681481583228
2021-08-27,27.7,28.49,27.67,28.49,2140567040,0.0363768643142961,27.263333333333335,27.65666666666667,56.972750605719085
2021-08-30,28.4,28.71,28.26,28.3,1731658624,-0.0066690066690066,27.404444444444447,27.72285714285714,55.23716005330158
2021-08-31,28.2,28.23,26.99,27.19,3027049728,-0.0392226148409893,27.44888888888889,27.76,46.353075112253634
2021-09-01,27.32,27.34,26.33,27.04,1858742272,-0.0055167340934167,27.493333333333332,27.76904761904762,45.292931372094
2021-09-02,27.0,27.35,26.46,26.6,1492138752,-0.0162721893491123,27.493333333333332,27.784285714285716,42.241054195831815
2021-09-03,26.65,26.78,26.1,26.33,1511197312,-0.0101503759398496,27.416666666666668,27.688095238095237,40.44033046107086
2021-09-06,26.21,26.71,26.15,26.46,697200128,0.0049373338397267,27.29222222222222,27.596190476190475,41.728383301376006
2021-09-08,26.29,26.35,24.79,24.97,2027243392,-0.0563114134542707,26.985555555555557,27.442857142857147,32.936427588228895
2021-09-09,25.08,25.88,24.14,25.5,3839426304,0.0212254705646777,26.764444444444443,27.31047619047619,37.94490438871303
2021-09-10,26.02,26.14,25.33,25.34,1997420032,-0.0062745098039215,26.41444444444444,27.151904761904763,37.045442906569235
2021-09-13,25.8,26.39,25.64,26.23,1645637504,0.0351223362273085,26.184444444444445,27.015238095238093,44.87334611300137
2021-09-14,25.95,26.25,25.72,25.88,1693074432,-0.0133434998093786,26.038888888888888,26.849999999999994,42.6285271480884
2021-09-15,26.0,26.46,25.87,26.33,1752561920,0.017387944358578,25.959999999999997,26.74,46.34501004276745
2021-09-16,26.08,26.24,25.51,26.1,1687753216,-0.0087352829472083,25.904444444444447,26.695714285714285,44.749412061053164
2021-09-17,25.97,26.02,24.77,24.93,3230657792,-0.0448275862068966,25.748888888888885,26.607142857142858,37.64854470515045
2021-09-20,24.08,24.65,23.79,24.65,1935732096,-0.0112314480545527,25.547777777777775,26.51238095238095,36.16936217269625
2021-09-21,25.08,25.29,24.53,25.21,1609416320,0.0227180527383368,25.574444444444442,26.446190476190477,41.14946881284612
2021-09-22,25.53,26.22,25.52,25.85,1814020736,0.025386751289171,25.613333333333333,26.390476190476193,46.30550385329736
2021-09-23,25.95,26.95,25.91,26.84,2230127104,0.0382978723404254,25.78,26.355238095238096,53.144137154382925
2021-09-24,26.55,27.06,26.47,26.9,1197001472,0.0022354694485842,25.854444444444443,26.315714285714286,53.530423184188585
2021-09-27,27.14,27.46,26.5,27.14,2417513216,0.0089219330855019,25.994444444444444,26.299047619047617,55.12410940422578
2021-09-28,27.19,27.89,26.72,26.96,3209606144,-0.006632277081798,26.064444444444447,26.226190476190474,53.638326801850795
2021-09-29,27.21,27.53,26.82,27.39,1597804672,0.0159495548961423,26.20777777777778,26.182857142857145,56.64465870713273
2021-09-30,27.53,27.58,27.17,27.23,1790849152,-0.0058415480102227,26.463333333333335,26.184761904761906,55.21005414333632
2021-10-01,27.12,28.0,27.07,28.0,1678296576,0.0282776349614395,26.83555555555556,26.230476190476192,60.40698822891183
2021-10-04,27.76,28.81,27.72,28.79,3024955392,0.0282142857142857,27.233333333333334,26.334761904761905,64.90603179710979
2021-10-05,29.0,29.47,28.9,29.42,2910966016,0.0218825981243488,27.630000000000003,26.48190476190476,68.02630505140876
2021-10-06,28.95,29.17,28.47,28.64,2419507200,-0.026512576478586,27.83,26.585714285714282,60.81654767362711
2021-10-07,28.7,28.98,28.25,28.6,1728021632,-0.0013966480446927,28.01888888888889,26.758571428571425,60.46264731850219
2021-10-08,29.0,29.61,28.71,29.12,2441211904,0.018181818181818,28.23888888888889,26.93095238095238,63.441034594482424
2021-10-11,29.5,29.85,29.15,29.32,2257225216,0.0068681318681318,28.50111111111111,27.12047619047619,64.547238001463
2021-10-13,29.17,29.7,29.08,29.63,1635004160,0.0105729877216915,28.75,27.282380952380954,66.25178239656671
2021-10-14,29.86,30.22,29.5,29.68,2268307456,0.0016874789065137,29.022222222222222,27.463333333333335,66.53128781885943
2021-10-15,29.8,29.84,29.51,29.6,2121727616,-0.0026954177897573,29.200000000000003,27.61904761904762,65.59520099997695
2021-10-18,29.4,29.64,28.99,29.45,2019968256,-0.0050675675675676,29.273333333333337,27.77857142857143,63.783102521716124
2021-10-19,29.24,29.32,27.86,28.01,3154739456,-0.0488964346349745,29.116666666666667,27.925238095238097,49.61330096421415
2021-10-20,28.27,28.8,27.95,28.41,1570350720,0.0142806140664049,29.09111111111111,28.104285714285716,52.75317984076321
2021-10-21,27.86,28.18,26.92,27.45,2771864320,-0.0337909186906019,28.963333333333335,28.210952380952385,45.435284928260124
2021-10-22,27.1,27.76,25.77,27.18,3698024448,-0.0098360655737704,28.74777777777778,28.274285714285714,43.603250600744616
2021-10-25,27.76,29.31,27.65,29.04,3868352000,0.0684326710816776,28.716666666666665,28.379047619047615,56.589160816292924
2021-10-26,28.8,29.23,28.6,28.76,1663888256,-0.0096418732782368,28.619999999999997,28.467619047619046,54.55275295328473
2021-10-27,28.83,29.06,28.47,28.69,1649968640,-0.0024339360222531,28.510000000000005,28.541428571428572,54.02929058121921
2021-10-28,28.53,29.25,28.25,28.96,2523718400,0.009410944579993,28.438888888888886,28.636666666666667,55.79137305343223
2021-10-29,29.13,29.19,26.97,27.25,4344449024,-0.0590469613259668,28.194444444444443,28.630000000000003,44.22853149169043
2021-11-01,27.71,28.32,27.37,28.0,2840880384,0.0275229357798165,28.193333333333335,28.666666666666668,49.2013179099688
2021-11-03,27.71,27.85,26.8,26.85,2236171520,-0.0410714285714285,28.019999999999996,28.611904761904764,42.88689593702694
2021-11-04,27.02,27.24,25.85,26.0,2413586944,-0.031657355679702,27.858888888888888,28.479047619047623,38.911830392488085
2021-11-05,26.29,26.54,25.78,25.85,2233569536,-0.0057692307692307,27.711111111111112,28.309047619047618,38.23827245248754
2021-11-08,25.81,26.66,25.72,26.12,1565636224,0.0104448742746614,27.38666666666667,28.18904761904762,40.24337482313163
2021-11-09,26.2,26.95,26.2,26.64,1946094848,0.0199081163859111,27.151111111111113,28.095714285714287,44.01324727629672
2021-11-10,26.6,26.93,26.16,26.43,1814873472,-0.0078828828828829,26.900000000000002,27.96761904761905,42.83789157997388
2021-11-11,26.88,26.88,26.24,26.45,1609479936,0.0007567158531971,26.621111111111112,27.83095238095238,42.994027077388324
2021-11-12,26.31,27.16,26.0,26.99,2281888512,0.0204158790170132,26.592222222222222,27.705238095238094,47.18843707356407
2021-11-16,27.26,27.56,26.63,27.27,1656328832,0.0103742126713597,26.51111111111111,27.590476190476195,49.272647984047886
2021-11-17,27.39,27.44,26.49,26.58,2214734080,-0.0253025302530253,26.48111111111111,27.446666666666665,44.60136149248589
2021-11-18,26.69,26.75,26.05,26.54,1689524352,-0.00150489089541,26.54111111111111,27.308095238095234,44.33893273743602
2021-11-19,26.1,26.28,25.78,26.1,2210644736,-0.0165787490580255,26.568888888888885,27.217142857142854,41.44982726043033
2021-11-22,26.3,27.13,26.29,26.36,1584092544,0.0099616858237547,26.595555555555556,27.11952380952381,43.78095968397023
2021-11-23,26.61,28.05,26.5,27.8,2981436928,0.054628224582701,26.724444444444444,27.136190476190478,54.56944819909801
2021-11-24,27.78,28.44,27.51,28.37,1804347904,0.0205035971223022,26.939999999999998,27.192857142857147,58.004819440064814
2021-11-25,29.05,29.79,28.56,29.62,3052154112,0.0440606274233346,27.29222222222222,27.220476190476194,64.36814243653409
2021-11-26,28.39,29.16,28.07,28.47,3107134464,-0.0388251181634031,27.456666666666663,27.206666666666667,55.966147108178625
2021-11-29,29.36,29.82,28.81,29.47,2489451520,0.0351246926589392,27.70111111111111,27.243809523809524,60.762386852382434
2021-11-30,29.3,29.64,28.86,29.43,3790121984,-0.0013573125212079,28.017777777777777,27.266190476190474,60.47862059764223
2021-12-01,29.84,30.67,29.48,29.6,4064853760,0.0057764186204554,28.357777777777777,27.378095238095234,61.30569874231288
2021-12-02,26.99,28.49,26.2,28.36,5285420544,-0.0418918918918919,28.60888888888889,27.395238095238092,52.65054530573717
2021-12-03,28.48,28.94,28.22,28.76,3008092928,0.0141043723554301,28.875555555555554,27.486190476190473,54.86423975480395
2021-12-06,28.78,29.27,28.68,28.89,1919196544,0.00452016689847,28.996666666666663,27.62380952380952,55.59091861841643
2021-12-07,29.28,29.57,28.8,29.36,2893184512,0.0162686050536517,29.10666666666667,27.790952380952383,58.2104786319301
2021-12-08,29.36,30.07,29.22,29.35,2104510720,-0.0003405994550408,29.076666666666668,27.944761904761908,58.13190841199389
2021-12-09,29.1,29.49,28.79,29.29,1973033856,-0.0020442930153322,29.167777777777776,28.07095238095238,57.62929274471789
2021-12-10,29.5,30.1,29.48,29.65,1143733120,0.0122908842608397,29.18777777777778,28.224285714285717,59.87117998263774
2021-12-13,29.67,30.05,29.29,29.47,1344577536,-0.006070826306914,29.192222222222224,28.36809523809524,58.21266194845223
2021-12-14,29.61,29.85,29.01,29.12,1668902400,-0.01187648456057,29.13888888888889,28.46952380952381,55.02104031003199
2021-12-15,29.1,29.3,28.59,29.3,1596437504,0.0061813186813186,29.243333333333332,28.566190476190474,56.34660554515204
2021-12-16,29.62,29.98,29.5,29.69,1682132736,0.0133105802047781,29.346666666666668,28.714285714285715,59.155298172976124
2021-12-17,29.32,29.64,28.78,28.99,2714493952,-0.0235769619400472,29.357777777777773,28.830952380952382,52.612101689394
2021-12-20,28.44,28.55,27.68,28.16,2981041920,-0.0286305622628492,29.224444444444444,28.92904761904762,46.10077775093234
2021-12-21,28.55,28.72,28.12,28.2,1148092544,0.0014204545454545,29.096666666666668,29.01666666666667,46.444772727229015
2021-12-22,28.4,28.4,27.97,28.16,950275968,-0.001418439716312,28.971111111111114,29.03380952380952,46.127731034710386
2021-12-23,28.33,28.42,28.15,28.33,812335552,0.0060369318181816,28.824444444444445,29.03190476190476,47.75987096589646
2021-12-27,28.32,28.78,28.15,28.75,1265090304,0.0148252735615954,28.744444444444444,28.990476190476187,51.65671756727076
2021-12-28,29.01,29.28,28.7,28.78,886001728,0.0010434782608697,28.706666666666667,29.005238095238095,51.93253198403308
2021-12-29,28.7,28.9,28.42,28.54,1015407360,-0.0083391243919389,28.622222222222224,28.960952380952378,49.49945465244394
2021-12-30,28.55,28.7,28.39,28.45,1232775680,-0.0031534688156972,28.484444444444446,28.914285714285718,48.58029175586848
2022-01-03,28.54,29.22,28.53,29.09,1528429440,0.0224956063268892,28.495555555555555,28.890000000000004,54.982058566608714
2022-01-04,29.16,29.4,28.91,29.2,1509760256,0.0037813681677552,28.61111111111111,28.93,55.996107087974956
2022-01-05,29.19,29.27,27.94,28.07,2237838336,-0.0386986301369862,28.596666666666668,28.89714285714286,44.82566652813389
2022-01-06,28.29,28.65,27.84,28.05,1725720832,-0.0007125044531528,28.584444444444443,28.857142857142858,44.65587060330532
2022-01-07,28.11,28.29,27.82,28.18,1333669248,0.0046345811051693,28.567777777777778,28.800952380952385,46.08543797852616
2022-01-10,27.99,28.24,27.72,28.01,1046038336,-0.0060326472675655,28.485555555555557,28.737142857142857,44.46784445790888
2022-01-11,28.1,29.07,27.85,28.84,2105958272,0.0296322741877899,28.492222222222225,28.71571428571429,53.11971104055604
2022-01-12,28.95,29.91,28.95,29.72,2403559936,0.030513176144244,28.623333333333335,28.719047619047615,60.19981502207805
2022-01-13,29.53,30.63,29.5,30.32,2323514880,0.0201884253028263,28.831111111111113,28.759523809523813,64.17278816490804
2022-01-14,30.28,31.6,30.24,31.45,2998196736,0.0372691292875988,29.093333333333337,28.87047619047619,70.20510650819935
2022-01-17,31.4,31.81,31.25,31.5,1126405120,0.0015898251192369,29.348888888888887,28.97523809523809,70.44225414204001
2022-01-18,31.56,31.98,30.97,31.64,2467468032,0.0044444444444444,29.745555555555555,29.068095238095243,71.13502694492257
2022-01-19,31.9,32.21,31.44,31.49,2467396096,-0.0047408343868521,30.127777777777776,29.18714285714286,69.26192261194765
2022-01-20,31.5,32.0,31.11,31.72,2705675776,0.0073039060019053,30.52111111111111,29.356666666666666,70.54275374057622
2022-01-21,31.57,31.88,31.53,31.77,1914711936,0.0015762925598992,30.938888888888886,29.526666666666664,70.82734267953937
2022-01-24,31.69,32.25,31.04,31.95,2501533184,0.0056657223796034,31.284444444444446,29.70714285714286,71.88056404410911
2022-01-25,31.7,33.23,31.58,32.99,3198173952,0.0325508607198747,31.647777777777776,29.92904761904762,77.03863090113066
2022-01-26,33.3,34.27,33.3,33.87,3350674432,0.0266747499242192,32.04222222222222,30.172857142857143,80.32702862085921
2022-01-27,34.25,34.64,33.17,33.88,3080973824,0.0002952465308534,32.312222222222225,30.415714285714287,80.36144760447183
2022-01-28,33.8,34.35,32.2,32.54,3903485440,-0.0395513577331759,32.42777777777778,30.606190476190477,64.1621414448959
2022-01-31,32.5,33.0,32.07,32.35,2024954496,-0.005838967424708,32.50666666666667,30.79190476190476,62.24614538865465
2022-02-01,32.35,33.32,31.95,33.0,1882093824,0.0200927357032456,32.67444444444445,30.978095238095236,65.98804238736022
2022-02-02,33.41,33.49,32.36,32.52,1184106880,-0.0145454545454544,32.763333333333335,31.136190476190478,61.1668011502668
2022-02-03,32.35,32.92,31.62,32.07,1636398208,-0.0138376383763838,32.79666666666667,31.326666666666668,56.9648001119861
2022-02-04,32.41,33.23,31.88,32.63,1945649536,0.0174618023074524,32.87222222222223,31.544761904761906,60.5928680531504
2022-02-07,32.55,32.78,32.13,32.15,1581854592,-0.0147103892123813,32.778888888888886,31.733809523809523,56.2180008171994
2022-02-08,31.9,31.95,31.26,31.83,1978893056,-0.0099533437013996,32.55222222222223,31.915714285714287,53.447464179225385
2022-02-09,31.74,32.69,31.65,31.95,1642275712,0.003770028275212,32.33777777777778,32.06380952380952,54.35588943535934
2022-02-10,32.3,32.9,31.94,32.44,1611740416,0.0153364632237871,32.32666666666667,32.193333333333335,57.96313489547817
2022-02-11,32.77,33.91,32.63,33.76,2948371712,0.0406905055487052,32.483333333333334,32.357142857142854,65.80348315114975
2022-02-14,33.86,33.94,32.82,33.0,1846276736,-0.0225118483412322,32.483333333333334,32.430952380952384,58.98242149090465
2022-02-15,32.66,32.68,31.89,32.48,2125152128,-0.0157575757575758,32.47888888888888,32.47761904761905,54.79704378001342
2022-02-16,32.83,33.7,32.77,32.93,2194406912,0.0138546798029557,32.57444444444444,32.539047619047615,57.60094124434587
2022-02-17,32.85,33.29,32.55,32.8,1419332480,-0.0039477679927119,32.593333333333334,32.60142857142856,56.51040714957192
2022-02-18,32.57,33.09,32.27,33.0,1952571008,0.0060975609756097,32.687777777777775,32.66238095238095,57.83308128563746
2022-02-21,33.05,34.0,33.0,33.85,1725746432,0.0257575757575758,32.912222222222226,32.761428571428574,62.98551948655648
2022-02-22,34.22,34.68,33.21,33.74,2713600512,-0.0032496307237813,33.111111111111114,32.846666666666664,61.930873813262245
2022-02-23,34.18,34.6,33.8,34.22,2966170368,0.0142264374629519,33.30888888888889,32.9052380952381,64.70787997146547
2022-02-24,34.8,35.29,32.68,33.39,4734199296,-0.0242548217416714,33.26777777777777,32.88238095238095,56.969220291038575
2022-02-25,33.45,34.0,32.9,34.0,2893396992,0.0182689427972446,33.37888888888889,32.88809523809524,60.690110268833585
2022-03-02,35.26,35.29,34.39,34.67,2021707264,0.0197058823529412,33.62222222222222,32.98952380952381,64.33770479202806
2022-03-03,34.82,34.93,34.16,34.24,2386791936,-0.0124026535910009,33.76777777777778,33.079523809523806,60.460197467092314
2022-03-04,34.08,34.68,33.82,34.23,1891421696,-0.0002920560747664,33.92666666666667,33.13809523809524,60.3690766041383
2022-03-07,34.5,34.6,31.63,31.8,3664656128,-0.0709903593339175,33.79333333333333,33.103809523809524,43.293879550723396
2022-03-08,32.0,32.97,31.51,32.46,3613062144,0.0207547169811321,33.638888888888886,33.12238095238095,47.6268177938313
2022-03-09,32.6,32.82,31.74,32.56,2829457408,0.0030807147258165,33.507777777777775,33.11904761904762,48.27176031430676
2022-03-10,32.6,34.6,32.52,33.7,4593436160,0.0350122850122849,33.45,33.19285714285714,55.0651275996263
2022-03-11,33.91,34.38,32.07,32.49,3069909760,-0.0359050445103857,33.35,33.22428571428571,47.87795333234713
2022-03-14,32.43,32.89,31.52,31.87,1668052992,-0.0190827947060634,33.11333333333334,33.22047619047619,44.66130255641673
2022-03-15,31.14,31.54,30.47,31.1,2049009408,-0.0241606526513963,32.71666666666667,33.156666666666666,40.97904713028239
2022-03-16,31.5,31.54,30.37,30.83,2209585664,-0.0086816720257235,32.33777777777778,33.01714285714286,39.74171344726737
2022-03-17,31.25,31.4,29.5,30.01,5371258368,-0.0265974699967562,31.86888888888889,32.874761904761904,36.16976308132474
2022-03-18,30.09,30.82,29.86,30.61,2823989248,0.0199933355548149,31.736666666666665,32.785714285714285,40.39148126509098
2022-03-21,30.91,32.09,30.64,31.76,2128291328,0.0375694217575957,31.65888888888889,32.730000000000004,47.55168813987468
2022-03-22,31.99,32.1,31.35,31.62,1768079872,-0.0044080604534004,31.554444444444446,32.67380952380953,46.81444289736726
2022-03-23,31.93,32.47,31.69,32.05,1695989888,0.0135989879822895,31.371111111111116,32.62857142857143,49.40889301312715
2022-03-24,32.05,32.6,31.67,32.42,1577207168,0.0115444617784712,31.36333333333333,32.56047619047619,51.596871255595914
2022-03-25,32.15,32.55,31.92,32.3,1668130176,-0.0037014188772364,31.41111111111111,32.49190476190476,50.82907632608121
2022-03-28,32.06,32.08,30.98,31.6,2134624000,-0.0216718266253869,31.466666666666665,32.36714285714286,46.483730697252625
2022-03-29,32.13,32.76,31.92,32.3,3024807680,0.0221518987341771,31.630000000000003,32.315238095238094,50.995365574501974
2022-03-30,32.5,32.99,32.38,32.99,2270730752,0.0213622291021673,31.96111111111111,32.26714285714286,55.02065383764081
2022-03-31,32.57,33.57,32.5,33.45,3117507840,0.0139436192785693,32.27666666666667,32.209047619047624,57.52550258346845
2022-04-01,33.55,33.79,32.91,33.01,2408515584,-0.013153961136024,32.41555555555556,32.1504761904762,54.404577536283725
2022-04-04,32.9,32.9,32.25,32.7,1824393600,-0.0093910936079973,32.535555555555554,32.077619047619045,52.25361446447756
2022-04-05,32.66,33.06,32.39,32.39,1480645376,-0.009480122324159,32.57333333333333,32.105714285714285,50.119635663523624
2022-04-06,32.6,32.78,32.04,32.36,1838498560,-0.0009262117937635,32.56666666666667,32.10095238095238,49.90722250876688
2022-04-07,32.64,34.06,32.5,34.04,3951911680,0.0519159456118665,32.760000000000005,32.17142857142857,60.10423612123068
2022-04-08,34.07,34.41,33.85,34.21,2070636416,0.0049941245593418,33.05,32.19571428571429,60.97004153786585
2022-04-11,33.9,34.1,33.78,33.95,1629067776,-0.0076001169248757,33.233333333333334,32.2652380952381,58.86593993798046
2022-04-12,34.4,34.68,33.8,33.85,2320640512,-0.0029455081001472,33.32888888888889,32.359523809523814,58.03635345330238
2022-04-13,34.37,34.8,34.1,34.57,3478414336,0.0212703101920235,33.45333333333333,32.5247619047619,62.170152454439275
2022-04-14,31.6,32.07,31.16,31.27,3729871872,-0.0954584900202487,33.26,32.54571428571428,41.83075869865983
2022-04-18,31.16,31.39,30.47,30.72,2341966336,-0.0175887432043492,33.04,32.579523809523806,39.51067348001685
2022-04-19,31.16,32.0,31.12,31.65,2780686592,0.0302734375,32.95777777777778,32.62904761904762,45.05955336282849
2022-04-20,31.65,31.95,31.33,31.8,1092450176,0.0047393364928911,32.89555555555555,32.63095238095238,45.921234014566494
2022-04-22,31.05,31.3,30.32,30.56,2287839488,-0.038993710691824,32.50888888888889,32.58047619047619,40.294970066078065
2022-04-25,29.97,30.44,29.54,30.11,1980537216,-0.0147251308900523,32.053333333333335,32.48809523809524,38.45368905353049
2022-04-26,30.11,30.58,29.89,30.06,1468183296,-0.0016605778811026,31.621111111111116,32.37571428571429,38.24457594356692
2022-04-27,30.37,30.56,29.95,30.06,1253239040,0.0,31.199999999999996,32.26904761904762,38.24457594356692
2022-04-28,30.45,30.62,30.25,30.26,1312393728,0.0066533599467732,30.721111111111114,32.205238095238094,39.76416973235121
2022-04-29,30.75,31.59,30.28,30.28,2357340160,0.0006609385327165,30.61111111111111,32.109047619047615,39.92336958111279
2022-05-02,30.17,30.33,29.33,29.98,2152591104,-0.0099075297225892,30.528888888888886,31.965714285714284,38.288684360352185
2022-05-03,30.12,30.39,29.82,30.25,1575749120,0.0090060040026684,30.373333333333335,31.81333333333333,40.64425900485301
2022-05-04,30.6,32.17,30.4,32.07,3408776448,0.0601652892561983,30.403333333333332,31.768571428571427,53.522745764842426
2022-05-05,31.81,32.5,31.02,32.01,3148216064,-0.0018709073900842,30.564444444444444,31.735714285714288,53.11360530170744
2022-05-06,32.69,33.12,31.9,33.06,4232963328,0.0328022492970947,30.892222222222227,31.767619047619046,59.017697539009205
2022-05-09,32.7,33.04,32.06,32.16,2967044864,-0.0272232304900182,31.125555555555554,31.75809523809524,52.87201591685551
2022-05-10,32.36,32.85,32.2,32.44,1958305152,0.0087064676616914,31.39,31.681904761904757,54.46083010923692
2022-05-11,32.78,33.91,32.69,33.57,3642755328,0.034833538840937,31.757777777777775,31.651428571428575,60.2805556929575
2022-05-12,33.26,34.08,33.26,33.83,3844460288,0.0077450104259755,32.15222222222222,31.645714285714284,61.49971628152008
2022-05-13,34.1,34.44,33.9,34.27,2290556672,0.0130062075081289,32.62888888888889,31.665714285714287,63.53932325527667
2022-05-16,34.25,34.88,34.01,34.61,3184449792,0.0099212138896993,33.11333333333333,31.66761904761905,65.07883228212594
2022-05-17,35.0,35.14,34.14,34.16,3107951616,-0.0130020225368391,33.345555555555556,31.8052380952381,61.38451153578916
2022-05-18,34.18,34.56,33.43,33.6,2730939136,-0.0163934426229507,33.52222222222222,31.94238095238095,57.0447048817789
2022-05-19,33.52,34.29,33.33,34.17,2165226240,0.0169642857142857,33.64555555555555,32.062380952380956,60.13417398369425
2022-05-20,34.59,34.83,34.25,34.83,2697429504,0.0193151887620719,33.94222222222222,32.20666666666666,63.41528266657044
2022-05-23,35.18,36.31,35.15,36.2,3338180864,0.039333907550962,34.36,32.4752380952381,69.10034017598294
2022-05-24,31.2,32.09,30.71,31.6,4808361472,-0.1270718232044199,34.14111111111111,32.546190476190475,44.24127691025445
2022-05-25,31.7,32.28,31.26,32.05,2231612672,0.0142405063291137,33.943333333333335,32.64095238095238,46.27738614954334
2022-05-26,32.02,32.56,31.95,32.13,2520546048,0.002496099843994,33.705555555555556,32.73952380952381,46.65036300262722
2022-05-27,32.15,32.15,30.57,30.6,3645719808,-0.0476190476190476,33.260000000000005,32.755714285714284,40.814261750116124
2022-05-30,30.84,30.87,29.12,29.99,2908904448,-0.0199346405228759,32.79666666666666,32.74190476190476,38.733703397844614
2022-05-31,30.41,30.62,29.81,30.06,2511752960,0.0023341113704569,32.403333333333336,32.74571428571429,39.11724733625987
2022-06-01,29.9,30.33,29.85,30.02,1383232128,-0.0013306719893545,31.942222222222224,32.73476190476191,38.967127348640496
2022-06-02,29.97,30.05,29.55,29.76,1497594240,-0.0086608927381744,31.37888888888889,32.624761904761904,37.94770582449515
2022-06-03,29.71,30.44,29.53,30.28,1804624128,0.0174731182795699,30.721111111111114,32.54238095238095,41.257655300676774
2022-06-06,30.5,30.53,29.91,30.3,1177417728,0.000660501981506,30.576666666666668,32.41095238095238,41.38715467252233
2022-06-07,30.19,31.3,30.16,30.66,2466187776,0.0118811881188118,30.422222222222224,32.33952380952381,43.789264398335355
2022-06-08,30.42,31.15,30.33,30.51,2020288512,-0.0048923679060665,30.242222222222225,32.24761904761905,42.99853633694034
2022-06-09,30.51,30.66,29.98,30.07,1628625792,-0.0144215011471648,30.183333333333337,32.080952380952375,40.678117163665604
2022-06-10,30.01,30.01,29.06,29.65,1848886400,-0.0139674093781178,30.145555555555557,31.881904761904767,38.54011996307029
2022-06-13,29.02,29.58,28.67,29.27,1876158080,-0.0128161888701517,30.057777777777776,31.643809523809523,36.66258364806393
2022-06-14,29.66,30.25,29.24,29.6,2046882688,0.0112743423300307,30.011111111111113,31.4052380952381,39.422534869788976
2022-06-15,30.0,30.02,28.84,29.08,2120418176,-0.0175675675675677,29.935555555555556,31.16333333333333,36.70811379031138
2022-06-17,28.17,28.45,26.13,27.31,4960905216,-0.0608665749656121,29.605555555555554,30.863809523809522,29.310243589552073
2022-06-20,26.02,28.25,25.91,27.62,2533647872,0.0113511534236543,29.307777777777776,30.551904761904762,31.89888544185679
2022-06-21,27.8,28.16,26.69,27.07,2309925888,-0.0199131064446054,28.90888888888889,30.18238095238095,29.812926429055594
2022-06-22,26.58,27.55,26.39,26.99,1559287936,-0.0029553010712967,28.517777777777773,29.743809523809524,29.510638470070333
2022-06-23,26.98,27.38,26.12,26.49,1837342976,-0.0185253797702853,28.119999999999997,29.50047619047619,27.62530563117315
2022-06-24,26.76,27.09,26.18,26.29,1406568320,-0.0075500188750471,27.746666666666666,29.226190476190474,26.885409499197465
2022-06-27,26.82,28.07,26.66,27.98,2488882944,0.0642829973373906,27.60333333333333,29.02857142857143,41.21335001792947
2022-06-28,28.58,28.83,28.02,28.33,1457242112,0.0125089349535381,27.462222222222223,28.920476190476194,43.675112094820335
2022-06-29,28.48,28.82,27.84,28.08,1451526912,-0.0088245675961877,27.35111111111111,28.829523809523806,42.312133799427244
2022-06-30,27.65,28.06,27.4,27.93,1380502272,-0.0053418803418803,27.42,28.728095238095236,41.4757887335007
2022-07-01,28.08,28.85,27.52,28.53,1832560896,0.0214822771213749,27.52111111111111,28.657142857142855,46.06790170649249
2022-07-04,28.54,29.28,28.54,29.14,1078212736,0.0213810024535576,27.75111111111111,28.627619047619046,50.33462049981671
2022-07-05,28.9,28.95,27.55,28.03,2188995072,-0.0380919698009608,27.866666666666664,28.520476190476188,43.57850779677742
2022-07-06,28.16,28.48,26.91,27.67,1575524096,-0.0128433820906171,27.99777777777778,28.3952380952381,41.627003799722154
2022-07-07,28.0,28.92,28.0,28.48,1487494656,0.0292735814962052,28.24111111111111,28.291428571428572,47.34096382023246
2022-07-08,28.53,28.97,28.37,28.8,1227860608,0.0112359550561798,28.332222222222224,28.209999999999997,49.44632954182501
2022-07-11,28.32,28.79,28.25,28.66,1125304576,-0.004861111111111,28.36888888888889,28.142857142857142,48.53211814987884
2022-07-12,28.3,28.43,27.97,28.23,1305678976,-0.015003489183531,28.385555555555555,28.07523809523809,45.735148422575854
2022-07-13,28.13,28.48,27.98,28.25,998592448,0.0007084661707403,28.42111111111111,28.026666666666664,45.89134498865123
2022-07-14,28.0,28.0,27.24,27.49,1290440064,-0.0269026548672567,28.305555555555557,27.926190476190474,41.05529960201142
2022-07-15,27.7,28.05,27.49,27.96,1051614976,0.0170971262277193,28.174444444444447,27.872857142857146,44.92088676560702
2022-07-18,28.39,28.69,28.3,28.6,1329637632,0.0228898426323318,28.23777777777778,27.934285714285714,49.75310698115738
2022-07-19,28.55,29.24,28.4,29.18,1396655360,0.0202797202797202,28.405555555555555,28.008571428571425,53.71609260796744
2022-07-20,29.07,29.22,28.83,29.17,1259780608,-0.0003427004797805,28.482222222222227,28.108571428571427,53.63754393402983
2022-07-21,28.98,29.13,28.2,29.02,1674986240,-0.0051422694549194,28.506666666666668,28.205238095238098,52.399774359760734
2022-07-22,29.04,29.47,28.85,29.33,1624075904,0.0106822880771881,28.581111111111113,28.34047619047619,54.72509876397718
2022-07-25,29.61,30.75,29.61,30.7,2382456064,0.046709853392431,28.855555555555554,28.550476190476193,63.26572263013298
2022-07-26,31.2,31.62,30.59,31.01,2431057664,0.0100977198697069,29.162222222222226,28.694761904761908,64.88012169208648
2022-07-27,31.3,31.47,30.62,31.35,1733758848,0.0109642050951306,29.59111111111111,28.83857142857143,66.61319207634543
2022-07-28,31.59,32.63,31.43,32.29,3645150976,0.0299840510366824,30.07222222222222,29.039047619047622,70.89016552637214
2022-07-29,33.6,34.66,32.83,34.15,6146644480,0.0576029730566738,30.688888888888886,29.335238095238093,77.13253480355563
2022-08-01,34.0,34.15,33.22,33.68,2726511104,-0.0137628111273792,31.188888888888886,29.580476190476194,72.87963171078874
2022-08-02,33.77,34.5,33.48,33.83,2329488896,0.0044536817102136,31.706666666666667,29.803809523809523,73.38402391463732
2022-08-03,34.01,34.16,33.56,33.88,2203322624,0.0014779781259237,32.24666666666667,30.08238095238095,73.56054181868484
2022-08-04,34.08,34.4,33.58,34.21,1836356736,0.0097402597402596,32.788888888888884,30.393809523809523,74.75075139895402
2022-08-05,34.15,35.06,34.12,34.87,2693257728,0.0192926045016075,33.25222222222222,30.698095238095238,76.98249274047267
2022-08-08,35.14,36.77,35.13,36.63,3946573056,0.0504731861198739,33.876666666666665,31.07095238095238,81.64229255966605
2022-08-09,37.01,37.46,36.85,37.23,2900603648,0.0163800163800162,34.53,31.479047619047623,82.91232608453858
2022-08-10,37.65,37.65,36.61,37.11,2868828672,-0.0032232070910555,35.06555555555556,31.901904761904763,81.69500008617578
2022-08-11,37.45,37.86,36.25,36.25,4693900800,-0.0231743465373214,35.29888888888889,32.28285714285715,73.37991167580404
2022-08-12,29.1,31.83,29.08,31.71,5241331200,-0.1252413793103448,35.08,32.48380952380952,46.48279555092087
2022-08-15,30.88,32.23,30.55,31.72,3035249408,0.0003153579312518,34.845555555555556,32.66285714285714,46.52928702740475
2022-08-16,31.72,32.07,31.5,32.01,2040371328,0.0091424968474147,34.63777777777778,32.82523809523809,47.94167113879475
2022-08-17,31.65,32.82,31.6,32.76,2356963072,0.0234301780693533,34.47666666666667,32.995714285714286,51.50902134797147
2022-08-18,33.1,33.66,32.87,33.42,2795599360,0.0201465201465202,34.31555555555556,33.19809523809524,54.46606709037847
2022-08-19,32.92,33.15,31.33,31.73,3993791744,-0.0505685218432077,33.77111111111111,33.32714285714285,46.62549114974802
2022-08-22,31.74,32.58,30.48,32.41,2917810432,0.0214308225653954,33.23555555555556,33.47380952380953,49.75938163908044
2022-08-23,32.63,33.5,32.62,33.44,2422973440,0.0317803147176798,32.827777777777776,33.60428571428571,54.15070651425208
2022-08-24,33.54,34.12,33.25,33.64,2049036288,0.0059808612440193,32.53777777777778,33.729523809523805,54.97367749925888
2022-08-25,34.1,34.36,32.67,33.28,3305524224,-0.0107015457788347,32.712222222222216,33.82142857142857,53.12521861571947
2022-08-26,33.28,33.67,32.57,33.64,2097022592,0.0108173076923077,32.925555555555555,33.885714285714286,54.76328226838602
2022-08-29,33.55,35.08,33.45,34.48,2515698944,0.0249702734839476,33.199999999999996,33.901428571428575,58.414941971647615
2022-08-30,34.0,34.22,32.27,32.43,3234382080,-0.0594547563805103,33.16333333333333,33.84190476190476,48.19088281564014
2022-08-31,32.07,33.44,31.82,33.23,3755156736,0.024668516805427,33.142222222222216,33.81333333333333,51.74066378980563
2022-09-01,33.36,33.95,32.76,33.85,2296931584,0.0186578393018357,33.37777777777777,33.81190476190476,54.35109421742126
2022-09-02,34.44,34.57,33.26,33.42,2761542912,-0.0127031019202363,33.489999999999995,33.77428571428571,52.24052424540548
2022-09-05,33.85,34.11,33.15,33.33,2536813568,-0.0026929982046679,33.477777777777774,33.70095238095238,51.787237577354986
2022-09-06,32.27,32.59,31.51,32.1,3555963648,-0.0369036903690368,33.306666666666665,33.485238095238095,45.92262401498277
2022-09-08,32.31,32.78,31.4,31.8,2011363072,-0.0093457943925233,33.14222222222222,33.22666666666667,44.596102238487475
2022-09-09,32.49,32.67,31.7,31.79,1588898560,-0.000314465408805,32.93666666666667,32.97333333333333,44.549906925078886
2022-09-12,32.15,32.73,31.46,31.58,2267814656,-0.0066058508965083,32.614444444444445,32.75095238095238,43.5301534552398
2022-09-13,30.94,31.44,30.52,30.65,2715165952,-0.0294490183660544,32.416666666666664,32.700476190476195,39.2457588940022
2022-09-14,30.75,31.43,30.63,31.12,1518418048,0.0153344208809136,32.18222222222222,32.67190476190476,42.33472552935303
2022-09-15,30.92,31.23,30.8,31.06,1403435136,-0.0019280205655527,31.872222222222224,32.626666666666665,42.04086158690277
2022-09-16,30.86,30.95,30.34,30.78,3256310272,-0.0090148100450739,31.578888888888887,32.532380952380954,40.62369646531281
2022-09-19,30.5,31.38,29.88,31.27,2012314624,0.0159194282001298,31.349999999999998,32.43,44.17048606388168
2022-09-20,31.42,31.6,30.84,31.09,2094675072,-0.005756315957787,31.237777777777776,32.399523809523814,43.150786821525074
2022-09-21,31.35,31.47,30.89,31.17,1813712512,0.0025731746542296,31.167777777777776,32.34047619047619,43.77207648596265
2022-09-22,31.48,32.08,31.03,31.94,2192859136,0.0247032402951556,31.18444444444445,32.26904761904762,49.49347952246676
2022-09-23,31.32,31.39,29.77,29.94,4160237056,-0.0626174076393237,31.00222222222222,32.09285714285714,38.52754227610192
2022-09-26,29.72,30.08,29.21,29.46,2346427648,-0.0160320641282565,30.870000000000005,31.91095238095238,36.44074190765701
2022-09-27,29.9,30.2,29.51,29.67,2111086208,0.0071283095723013,30.70888888888889,31.72190476190476,38.02238042140893
2022-09-28,29.67,29.82,28.58,29.27,3043494656,-0.0134816312773846,30.510000000000005,31.47380952380952,36.175784991778634
2022-09-29,28.99,29.4,28.6,29.31,2535802112,0.0013665869490946,30.346666666666668,31.3252380952381,36.507860692274214
2022-09-30,29.22,30.49,29.0,29.8,3615800832,0.0167178437393382,30.18333333333333,31.16190476190476,40.585992288129574
2022-10-03,31.91,32.64,31.66,32.18,5713672192,0.0798657718120805,30.304444444444446,31.08238095238095,55.52760188034267
2022-10-04,32.9,32.98,31.07,31.37,3671205120,-0.0251709136109384,30.326666666666668,30.984761904761903,50.841421847911384
2022-10-05,31.41,32.82,31.2,32.55,2966571520,0.0376155562639464,30.394444444444446,30.947619047619046,56.58907746530172
2022-10-06,33.0,33.79,32.44,33.66,2721943040,0.0341013824884792,30.807777777777776,31.021904761904764,61.18636245053529
2022-10-07,33.58,34.32,33.22,33.63,2454550272,-0.0008912655971478,31.27111111111111,31.10904761904762,60.99834272849333
2022-10-10,33.65,33.89,33.0,33.25,1728054528,-0.0112994350282487,31.668888888888887,31.178571428571427,58.544309252057474
2022-10-11,32.89,33.33,32.61,33.0,1914503424,-0.0075187969924812,32.083333333333336,31.246190476190474,56.92181821455905
2022-10-13,32.5,34.49,32.41,33.94,3055329536,0.0284848484848483,32.59777777777778,31.402857142857144,61.26828959665351
2022-10-14,33.97,34.14,33.3,33.42,2085601024,-0.0153211549793752,33.0,31.51238095238095,57.79432921866013
2022-10-17,33.24,34.15,32.84,33.39,3372584192,-0.0008976660682226,33.13444444444444,31.623333333333335,57.59144434483405
2022-10-18,33.9,34.23,33.16,34.21,2733948416,0.0245582509733452,33.449999999999996,31.786666666666665,61.56325324836603
2022-10-19,34.13,35.56,34.02,35.42,3959411968,0.0353697749196142,33.76888888888889,31.98428571428571,66.54270861038556
2022-10-20,36.1,36.55,35.77,36.47,4112395776,0.0296442687747033,34.08111111111111,32.24047619047619,70.15583583129808
2022-10-21,36.45,38.39,36.39,37.72,5233837568,0.0342747463668768,34.535555555555554,32.55238095238095,73.78530184246604
2022-10-24,36.5,36.82,34.23,34.25,5006196224,-0.0919936373276776,34.64666666666667,32.66238095238096,54.11187411747719
2022-10-25,34.04,34.5,33.21,33.53,3771806720,-0.0210218978102189,34.705555555555556,32.833333333333336,51.069190112077194
2022-10-26,32.6,33.53,31.9,32.71,3967256576,-0.0244557113033104,34.56888888888889,32.98809523809524,47.77441559417823
2022-10-27,32.81,33.54,32.67,32.96,3641603840,0.0076429226536227,34.51777777777777,33.1447619047619,48.857737449789106
2022-10-28,32.7,33.12,31.86,32.57,4189282560,-0.0118325242718446,34.42666666666667,33.301904761904765,47.21245647524633
2022-10-31,30.61,31.6,29.16,29.81,7888932352,-0.0847405587964384,33.937777777777775,33.325714285714284,37.57018744581119
2022-11-01,30.57,30.67,29.56,29.86,3439473152,0.0016772895001677,33.32,33.32857142857143,37.81794864698177
2022-11-03,29.8,30.39,29.44,29.95,4117296384,0.0030140656396517,32.595555555555556,33.22238095238096,38.292666142711006
2022-11-04,30.8,30.9,28.18,28.3,5661825536,-0.0550918196994991,31.54888888888889,33.076190476190476,33.276881000247656
2022-11-07,27.96,28.3,27.07,27.15,3239278080,-0.0406360424028269,30.760000000000005,32.819047619047616,30.298108003407506
2022-11-08,27.06,27.53,26.75,27.35,2576509184,0.0073664825046042,30.07333333333333,32.51857142857143,31.447413486853037
2022-11-09,27.15,27.95,26.64,26.9,2805949952,-0.0164533820840951,29.42777777777778,32.198095238095235,30.239240844378756
2022-11-10,26.08,26.89,25.61,26.12,3804125952,-0.028996282527881,28.667777777777776,31.858571428571427,28.21574481033703
2022-11-11,25.8,27.36,25.7,26.99,3863818496,0.0333078101071975,28.047777777777778,31.57238095238095,33.55639342648692
2022-11-14,27.26,28.18,27.09,27.7,1848709760,0.026306039273805,27.813333333333333,31.275238095238095,37.63427457553622
2022-11-16,27.81,28.11,26.93,27.15,2338592000,-0.01985559566787,27.51222222222222,30.976666666666667,35.80124882442165
2022-11-17,27.0,27.3,26.55,27.16,2730715904,0.0003683241252303,27.202222222222222,30.68,35.86241616605261
2022-11-18,27.4,27.6,26.22,26.7,3388356096,-0.0169366715758468,27.02444444444444,30.32238095238095,34.24602769281836
2022-11-21,27.12,27.57,26.05,26.78,4413911552,0.0029962546816479,26.983333333333334,29.91095238095238,34.79644780375618
2022-11-22,23.0,23.43,22.3,23.33,3753607424,-0.1288274831964153,26.536666666666665,29.285238095238096,25.055694641506093
2022-11-23,23.0,23.65,22.8,23.44,1804180096,0.0047149592798971,26.15222222222222,28.605238095238093,25.769204560193515
2022-11-24,23.52,24.63,23.25,24.25,2273647616,0.0345563139931739,25.944444444444443,28.129047619047615,30.98010401772835
2022-11-25,24.26,24.33,23.6,23.86,1401747456,-0.0160824742268042,25.596666666666668,27.668571428571425,29.892054607707564
2022-11-28,23.65,24.55,23.54,24.36,1357814400,0.0209555741827325,25.225555555555555,27.270952380952377,33.1343949905458
2022-11-29,24.6,25.88,24.48,25.38,2438443008,0.041871921182266,25.028888888888886,26.91,39.30153650491072
2022-11-30,25.6,26.66,25.5,26.66,3171010816,0.0504334121355398,24.973333333333333,26.628571428571426,46.028789705351855
2022-12-01,26.58,26.79,25.56,25.59,1851482496,-0.0401350337584396,24.85,26.42761904761905,41.85294280469461
2022-12-02,25.69,26.45,25.31,25.91,1721239168,0.0125048847205939,24.753333333333334,26.23952380952381,43.503709984571316
2022-12-05,26.0,26.58,25.55,25.62,1455305472,-0.0111925897336935,25.007777777777775,26.03333333333333,42.33084577342316
2022-12-06,25.82,26.39,25.42,25.64,1933716608,0.0007806401249024,25.252222222222223,25.90666666666667,42.446088351762725
2022-12-07,25.34,26.07,25.27,25.35,1464944128,-0.0113104524180966,25.374444444444446,25.82095238095238,41.16164546660647
2022-12-08,25.55,25.79,24.64,24.78,1396780032,-0.0224852071005917,25.476666666666667,25.698571428571434,38.68383444279508
2022-12-09,24.99,25.05,24.49,24.71,1524037248,-0.0028248587570621,25.515555555555558,25.594285714285714,38.37829380272845
2022-12-12,24.58,24.66,23.13,23.91,2635974912,-0.0323755564548765,25.352222222222224,25.489047619047618,34.978038333395105
2022-12-13,24.1,24.2,23.31,23.32,2425629952,-0.0246758678377247,24.98111111111111,25.314285714285717,32.67852942133976
2022-12-14,22.5,22.6,20.77,21.47,6883232768,-0.0793310463121784,24.523333333333333,25.017619047619046,26.741940625939975
2022-12-15,21.0,22.37,20.83,22.04,2889938432,0.0265486725663717,24.093333333333334,24.774285714285714,30.906775030577478
2022-12-16,21.96,22.11,21.51,22.05,1963774208,0.0004537205081669,23.69666666666667,24.530952380952378,30.98090970540038
2022-12-19,22.1,22.51,21.64,22.38,1398740096,0.0149659863945577,23.334444444444443,24.325238095238095,33.51604641315913
2022-12-20,22.39,23.24,22.21,23.07,1640599680,0.0308310991957105,23.08111111111111,24.148571428571426,38.59479994968123
2022-12-21,23.5,23.72,22.85,23.57,1731624832,0.0216731686172517,22.94666666666667,24.16,42.049445484598195
2022-12-22,23.9,24.56,23.7,23.99,1967332992,0.0178192617734407,22.866666666666664,24.186190476190475,44.85592064292092
2022-12-23,24.13,25.22,24.13,25.12,1698359936,0.0471029595664862,23.00111111111111,24.227619047619047,51.64154563049181
2022-12-26,25.12,25.3,24.82,24.94,717904256,-0.0071656050955414,23.18111111111111,24.279047619047617,50.573974564621444
2022-12-27,25.25,25.31,24.55,25.11,1264727168,0.0068163592622292,23.58555555555556,24.314761904761905,51.59180986254284
2022-12-28,25.1,25.32,24.75,24.8,1432443648,-0.0123456790123456,23.892222222222223,24.287142857142857,49.586494493209145
2022-12-29,24.99,25.05,24.43,24.5,1424781568,-0.0120967741935483,24.16444444444444,24.184285714285714,47.656020577449745
2023-01-02,23.54,23.81,22.8,22.92,1811378560,-0.0644897959183672,24.224444444444444,24.05714285714286,39.03635680827143
2023-01-03,22.94,23.1,22.13,22.34,2170654464,-0.0253054101221641,24.143333333333334,23.887142857142855,36.431380548576804
2023-01-04,21.96,23.6,21.83,23.05,2964416768,0.031781557743957,24.085555555555555,23.764761904761905,41.57151147316144
2023-01-05,23.34,24.04,23.15,23.88,1748887040,0.0360086767895877,24.073333333333338,23.68095238095238,46.96983384980828
2023-01-06,23.94,24.32,23.55,23.74,1236647296,-0.0058626465661641,23.92,23.604285714285716,46.19455211606518
2023-01-09,23.5,24.0,23.25,23.87,1102685056,0.0054759898904803,23.801111111111112,23.560952380952383,47.06824108739637
2023-01-10,23.95,24.11,23.37,24.09,1254871936,0.0092165898617511,23.68777777777778,23.53142857142857,48.58964734292269
2023-01-11,24.15,24.62,24.05,24.28,1301372160,0.007887090078871,23.630000000000003,23.54904761904762,49.9282066603454
2023-01-12,24.29,24.65,24.11,24.63,1421123968,0.0144151565074133,23.644444444444446,23.611428571428572,52.3874828623346
2023-01-13,24.44,24.66,24.25,24.57,978930240,-0.0024360535931789,23.827777777777776,23.759047619047617,51.91673385469599
2023-01-16,24.41,24.5,23.83,24.04,770044032,-0.0215710215710216,24.016666666666666,23.854285714285716,47.828307347348144
2023-01-17,24.11,25.62,24.11,25.52,2298146816,0.0615640599001663,24.29111111111111,24.01952380952381,57.81789589970939
2023-01-18,25.84,26.03,25.0,25.07,1776941568,-0.0176332288401254,24.423333333333332,24.14761904761905,54.40674523714877
2023-01-19,25.0,25.95,24.79,25.83,1931117696,0.0303151176705225,24.655555555555555,24.27904761904762,58.8250664648556
2023-01-20,25.89,26.6,25.42,26.37,2956228096,0.0209059233449477,24.933333333333334,24.41238095238095,61.66749005666673
2023-01-23,26.27,27.6,26.13,26.79,2374021632,0.0159271899886233,25.233333333333334,24.545714285714286,63.76281124375218
2023-01-24,27.47,27.53,26.37,26.6,1762789760,-0.0070921985815601,25.49111111111111,24.61619047619048,62.10884814315872
2023-01-25,26.55,27.08,26.01,26.94,1379936512,0.0127819548872181,25.747777777777777,24.711428571428574,63.91278656074458
2023-01-26,27.09,27.2,25.8,26.2,1929306240,-0.0274684484038605,25.928888888888892,24.763333333333332,57.49677853550544
2023-01-27,26.18,26.23,25.44,25.62,1226536960,-0.0221374045801525,26.104444444444443,24.802380952380954,53.00541373055672
2023-01-30,25.85,26.07,25.51,25.75,1046885248,0.0050741608118656,26.130000000000003,24.861904761904764,53.87511510518522
2023-01-31,25.63,26.21,25.52,26.07,1400646784,0.0124271844660195,26.241111111111113,25.011904761904763,56.03211067550869
2023-02-01,26.07,26.48,25.45,25.71,1459080064,-0.0138089758342923,26.227777777777778,25.17238095238095,53.02773497500505
2023-02-02,25.51,25.81,24.42,24.52,2094980992,-0.0462854920264489,26.022222222222222,25.242380952380955,44.52842388077289
2023-02-03,24.54,25.38,24.42,24.79,1773597696,0.0110114192495922,25.799999999999997,25.285714285714285,46.61901322495738
2023-02-06,24.87,25.87,24.75,25.78,2101484032,0.0399354578459056,25.70888888888889,25.38285714285714,53.53397608898521
2023-02-07,25.91,26.14,25.46,25.62,1424289536,-0.0062063615205585,25.56222222222222,25.466190476190473,52.35360299549649
2023-02-08,25.8,26.15,25.56,26.05,1259356288,0.0167837626854019,25.545555555555556,25.55952380952381,55.211765393523315
2023-02-09,26.05,26.32,25.79,25.93,995071488,-0.0046065259117082,25.58,25.638095238095243,54.2340192735332
2023-02-10,25.98,26.79,25.93,26.72,1449099776,0.0304666409564211,25.68777777777778,25.73761904761905,59.33909341173633
2023-02-13,26.69,26.89,26.37,26.8,979796096,0.0029940119760478,25.76888888888889,25.843809523809526,59.82778252515244
2023-02-14,26.85,27.06,26.6,26.7,959047936,-0.0037313432835821,25.878888888888888,25.97047619047619,58.87524297800047
2023-02-15,26.58,26.8,26.3,26.74,1928390272,0.0014981273408238,26.125555555555554,26.02857142857143,59.15537304032733
2023-02-16,26.6,26.95,26.49,26.85,1181417088,0.0041136873597606,26.354444444444443,26.113333333333333,59.96304460707602
2023-02-17,26.67,26.67,26.37,26.44,1602198784,-0.0152700186219739,26.42777777777778,26.142380952380954,55.553562077566376
2023-02-22,26.0,26.11,25.69,25.76,999503104,-0.0257186081694402,26.443333333333335,26.113333333333333,49.10399562162144
2023-02-23,25.77,26.79,25.77,26.55,1955748352,0.0306677018633541,26.49888888888889,26.101904761904763,55.55911361918961
2023-02-24,26.67,26.7,25.87,25.97,1686877184,-0.0218455743879473,26.503333333333334,26.07190476190476,50.49551907872239
2023-02-27,25.84,26.74,25.81,26.15,2007274880,0.0069310743165189,26.439999999999998,26.034285714285716,51.958861950171276
2023-02-28,26.21,26.92,25.24,25.24,3376105984,-0.0347992351816444,26.266666666666666,25.98857142857143,44.75598100267249
2023-03-01,25.31,25.43,24.19,25.3,2706572544,0.0023771790808242,26.11111111111111,25.97333333333333,45.29446452855306
2023-03-02,25.42,25.67,24.37,24.64,3106793984,-0.026086956521739,25.87777777777778,25.920476190476187,40.60576675695107
2023-03-03,24.83,25.74,24.45,25.7,2204375552,0.0430194805194805,25.75,25.902857142857144,49.62498527017487
2023-03-06,25.7,26.12,25.37,25.96,1296620672,0.0101167315175096,25.696666666666665,25.914761904761907,51.56771228112534
2023-03-07,25.72,25.78,24.93,25.1,1496308608,-0.0331278890600924,25.623333333333335,25.942380952380955,45.33925161391075
2023-03-08,25.15,25.92,25.13,25.42,1687083264,0.0127490039840636,25.497777777777777,25.972380952380952,47.8626622150352
2023-03-09,25.35,26.23,25.28,25.31,1749948416,-0.0043273013375296,25.424444444444443,25.949999999999996,47.05843781413968
2023-03-10,25.16,25.58,24.94,24.98,1212555008,-0.0130383247728169,25.294444444444444,25.919523809523806,44.6353705133993
2023-03-13,24.55,24.86,24.1,24.19,1424758528,-0.0316253002401921,25.17777777777778,25.830952380952382,39.40452490931606
2023-03-14,24.28,24.73,23.6,23.76,1412968832,-0.017775940471269,25.006666666666668,25.727619047619047,36.87166290287286
2023-03-15,23.33,23.48,22.8,23.34,2160697600,-0.0176767676767677,24.862222222222226,25.56666666666667,34.53653982494136
2023-03-16,23.4,23.52,22.97,23.26,1550204160,-0.003427592116538,24.59111111111111,25.398095238095237,34.09362963678609
2023-03-17,23.1,23.51,22.86,23.51,2138881280,0.0107480653482372,24.31888888888889,25.246190476190474,36.820399147548876
2023-03-20,23.51,23.65,22.89,22.93,1323513600,-0.024670353041259,24.077777777777776,25.064761904761905,33.37085982687226
2023-03-21,23.2,23.6,23.08,23.4,1013618368,0.020497165285652,23.853333333333335,24.90047619047619,38.40657877229738
2023-03-22,23.39,23.62,23.04,23.33,1082809600,-0.0029914529914529,23.633333333333333,24.75238095238095,37.94658198035646
2023-03-23,23.37,23.67,22.59,22.8,1714587136,-0.0227175310758678,23.391111111111112,24.611428571428572,34.570469047460406
2023-03-24,22.71,23.13,22.48,22.79,1185477888,-0.0004385964912281,23.235555555555553,24.432380952380953,34.50808493875951
2023-03-27,23.11,23.36,22.83,23.18,901697792,0.0171127687582273,23.17111111111111,24.29952380952381,39.122086648409955
2023-03-28,23.22,23.64,23.15,23.59,677127104,0.0176876617773942,23.198888888888888,24.17761904761905,43.619117467522
2023-03-29,23.71,24.04,23.47,23.9,1163485184,0.0131411615091139,23.27,24.113809523809522,46.817965257326705
2023-03-30,24.25,24.28,23.68,23.97,1338084224,0.0029288702928871,23.32111111111111,24.05047619047619,47.54172881061846
2023-03-31,24.0,24.22,23.21,23.45,1405262592,-0.0216937838965373,23.378888888888888,23.993809523809524,42.87390176895999
2023-04-03,24.09,24.5,23.8,24.49,1780459136,0.0443496801705756,23.5,23.93619047619048,52.845743289254855
2023-04-04,24.63,24.76,24.1,24.27,1396666752,-0.0089832584728459,23.604444444444443,23.85571428571429,50.82463716863623
2023-04-05,24.19,24.53,23.27,24.35,2237385728,0.0032962505150391,23.776666666666667,23.82,51.550279108375406
2023-04-06,24.34,24.42,23.95,24.0,709029568,-0.0143737166324435,23.91111111111111,23.752380952380953,48.19925271600068
2023-04-10,24.03,24.66,24.03,24.51,1011658560,0.0212499999999999,24.058888888888887,23.714285714285715,52.994212563124144
2023-04-11,24.7,25.7,24.63,25.66,2028490112,0.0469196246430028,24.288888888888888,23.746666666666666,61.62109495582009
2023-04-12,25.98,26.15,25.18,25.85,1842476032,0.0074045206547155,24.505555555555553,23.825714285714287,62.83470881923058
2023-04-13,25.85,26.09,25.8,26.03,1006116864,0.0069632495164408,24.734444444444442,23.933809523809522,63.996262079153404
2023-04-14,25.8,26.4,25.72,26.3,1000067392,0.0103726469458316,25.051111111111112,24.074761904761903,65.72661439245996
2023-04-17,26.24,26.8,26.21,26.71,1312177536,0.0155893536121674,25.297777777777778,24.23904761904762,68.22402849334173
2023-04-18,26.71,27.62,26.52,27.39,2704676096,0.0254586297266941,25.644444444444446,24.423809523809524,71.88339695772679
2023-04-19,27.16,27.31,26.45,26.51,1954409088,-0.0321285140562248,25.884444444444444,24.594285714285714,61.94192987746631
2023-04-20,26.52,26.98,26.29,26.69,1449266560,0.006789890607318,26.183333333333334,24.75095238095238,63.06707893502494
2023-04-24,26.6,27.26,26.5,27.2,1180887040,0.019108280254777,26.482222222222223,24.935238095238095,66.12305463690527
2023-04-25,27.16,27.5,26.72,27.09,1452172544,-0.0040441176470588,26.641111111111112,25.13952380952381,64.87616335027522
2023-04-26,27.12,27.22,26.75,26.75,1072842304,-0.0125507567368032,26.741111111111113,25.328095238095237,61.044451907598194
2023-04-27,26.85,27.18,25.91,26.1,3039092736,-0.0242990654205607,26.74888888888889,25.46714285714286,54.426315759635386
2023-04-28,23.6,24.05,23.15,23.7,1910841088,-0.0919540229885058,26.46,25.472380952380952,38.031263087452835
2023-05-02,23.7,23.74,22.64,22.74,1549208704,-0.040506329113924,26.01888888888889,25.417142857142856,33.663066020984786
2023-05-03,22.6,22.99,22.42,22.66,1158314880,-0.0035180299032541,25.493333333333332,25.3547619047619,33.31961494233357
2023-05-04,22.89,23.38,22.61,23.02,1328759040,0.0158870255957634,25.105555555555554,25.334285714285713,36.46119034152035
2023-05-05,23.3,24.17,23.18,24.0,1974553088,0.0425716768027801,24.806666666666665,25.31095238095238,44.17215184993321
2023-05-08,24.45,24.63,24.21,24.51,1447506432,0.0212499999999999,24.507777777777775,25.32238095238095,47.72741860700481
2023-05-09,24.41,24.8,24.24,24.59,828083712,0.0032639738882087,24.23,25.333809523809524,48.28377440584447
2023-05-10,24.59,24.82,24.33,24.53,1015713792,-0.002440016266775,23.983333333333334,25.35904761904762,47.8722379164911
2023-05-11,24.13,25.48,23.93,25.43,3368146688,0.0366897676314716,23.90888888888889,25.402857142857144,54.1808025481665
2023-05-12,25.58,26.74,25.48,26.25,3064684032,0.0322453794730632,24.19222222222222,25.430952380952384,59.044131466401524
2023-05-15,26.06,26.15,25.4,25.66,2101107712,-0.0224761904761904,24.516666666666666,25.421904761904763,54.55708883444617
2023-05-16,26.11,27.03,26.08,26.3,3107625472,0.0249415432579891,24.921111111111113,25.434761904761906,58.26239130548873
2023-05-17,26.6,26.76,25.51,25.66,2770243328,-0.0243346007604563,25.214444444444446,25.404285714285713,53.55936285441313
2023-05-18,25.59,25.85,25.35,25.81,1606999296,0.005845674201091,25.415555555555557,25.361428571428572,54.486670574168144
2023-05-19,26.08,26.18,25.64,25.92,1759228672,0.0042619139868269,25.572222222222223,25.291428571428572,55.19324082528072
2023-05-22,25.88,26.01,25.5,25.62,969642752,-0.011574074074074,25.686666666666667,25.24904761904762,52.7863752494764
2023-05-23,25.65,26.43,25.52,26.25,1521780992,0.0245901639344261,25.87777777777778,25.228095238095236,57.02465207354142
2023-05-24,26.25,26.9,26.05,26.65,1449068800,0.0152380952380952,26.013333333333335,25.201904761904764,59.509928197297576
2023-05-25,26.8,26.84,26.19,26.45,1300108800,-0.0075046904315196,26.035555555555554,25.17142857142857,57.71278787832646
2023-05-26,26.81,26.91,26.53,26.8,1064973568,0.0132325141776938,26.162222222222223,25.173809523809524,59.989902555845134
2023-05-29,26.75,26.82,26.56,26.69,478089184,-0.0041044776119403,26.205555555555556,25.201904761904764,58.91611279724334
2023-05-30,26.72,26.8,26.26,26.39,1207755904,-0.0112401648557511,26.286666666666665,25.33,55.97347619126244
2023-05-31,26.27,26.36,25.87,26.12,1278785920,-0.0102311481621826,26.321111111111108,25.490952380952383,53.3889489604815
2023-06-01,26.3,27.0,26.16,26.96,1685614976,0.0321592649310873,26.436666666666667,25.695714285714285,59.63373552551937
2023-06-02,27.43,27.6,27.11,27.18,1084281728,0.0081602373887239,26.61,25.893809523809523,61.103563787374185
2023-06-05,27.54,27.56,27.23,27.47,1069117504,0.0106696100073582,26.745555555555555,26.059047619047618,63.015309067658876
2023-06-06,27.45,28.25,27.21,28.05,2094047104,0.0211139424827084,26.901111111111113,26.227619047619047,66.55574264097665
2023-06-07,28.65,29.06,28.43,28.87,2356196864,0.0292335115864528,27.17,26.431428571428576,70.81013111196728
2023-06-09,29.1,30.39,29.02,30.28,2372999424,0.0488396259092482,27.556666666666665,26.705238095238094,76.37523241898678
2023-06-12,30.22,30.99,30.04,30.81,3623622656,0.0175033025099073,28.014444444444443,26.961428571428574,78.06786711627203
2023-06-13,29.24,29.24,28.59,28.86,2275128576,-0.0632911392405063,28.28888888888889,27.08571428571429,60.80606854652777
2023-06-14,28.94,30.1,28.88,30.1,2910194176,0.042966042966043,28.731111111111115,27.29714285714286,65.96037518665082
2023-06-15,30.2,30.85,29.28,29.39,3613785856,-0.0235880398671096,29.00111111111111,27.444285714285712,61.01278605269995
2023-06-16,29.23,29.92,29.04,29.64,2792422912,0.0085062946580469,29.27444444444445,27.633809523809525,62.09103436665787
2023-06-19,29.63,30.46,29.55,30.42,1039905088,0.0263157894736842,29.602222222222224,27.85333333333333,65.31423365168774
2023-06-20,30.3,30.75,29.9,30.57,1685415808,0.0049309664694279,29.88222222222222,28.074761904761907,65.91443512722702
2023-06-21,30.93,32.0,30.85,31.85,2808701440,0.0418711154726856,30.213333333333335,28.37142857142857,70.59102278682064
2023-06-22,31.46,31.69,31.08,31.45,1344642816,-0.0125588697017269,30.343333333333337,28.61904761904762,67.47544193211883
2023-06-23,31.2,31.28,29.89,30.16,2303505152,-0.0410174880763115,30.27111111111111,28.786190476190477,58.507093402754336
2023-06-26,30.12,31.05,30.12,30.84,1641690752,0.0225464190981432,30.491111111111113,28.995238095238093,61.41816885230668
2023-06-27,30.93,31.2,30.34,30.6,1480728960,-0.0077821011673151,30.546666666666667,29.176190476190477,59.822899312285415
2023-06-28,30.58,31.18,30.55,30.89,1133836416,0.0094771241830065,30.713333333333335,29.376190476190477,61.13646252502423
2023-06-29,31.0,31.12,30.76,31.03,984181056,0.0045322110715442,30.86777777777778,29.597142857142856,61.786007928935184
2023-06-30,31.0,31.08,29.32,29.53,3104383744,-0.0483403158233967,30.768888888888892,29.759523809523806,51.79705127094652
2023-07-03,29.72,30.18,29.72,30.08,935613184,0.0186251269895021,30.714444444444446,29.90809523809524,54.6896207785273
2023-07-04,29.96,30.39,29.96,30.15,549555840,0.0023271276595744,30.525555555555556,30.04952380952381,55.05925358746826
2023-07-05,30.16,30.55,29.66,30.11,1607685760,-0.0013266998341624,30.376666666666665,30.175238095238093,54.78422680569148
2023-07-06,29.85,30.0,29.15,29.65,1404347136,-0.0152773165061441,30.32,30.25142857142857,51.59258268545087
2023-07-07,29.76,30.2,29.36,29.5,1638439680,-0.0050590219224282,30.171111111111113,30.28142857142857,50.55822941877399
2023-07-10,29.11,29.67,29.01,29.55,748560128,0.0016949152542373,30.054444444444446,30.24666666666667,50.91151400352167
2023-07-11,29.53,29.53,29.0,29.15,1184678912,-0.0135363790186125,29.86111111111111,30.16761904761905,47.959105692595855
2023-07-12,29.2,29.77,29.14,29.17,1172906368,0.0006861063464838,29.654444444444444,30.18238095238095,48.12110226838291
2023-07-13,29.07,29.72,29.04,29.63,1054461440,0.0157696263284194,29.665555555555557,30.16,51.83480332263478
2023-07-14,29.5,29.58,28.86,29.05,995174400,-0.0195747553155585,29.55111111111111,30.14380952380953,47.24275680693784
2023-07-17,28.41,29.09,27.95,28.99,1485461248,-0.0020654044750431,29.422222222222224,30.112857142857145,46.78105373534588
2023-07-18,29.0,29.2,28.71,28.83,1025957888,-0.0055191445325974,29.279999999999998,30.037142857142857,45.50393893239831
2023-07-19,28.81,29.13,28.57,29.1,1340432256,0.0093652445369407,29.218888888888884,29.967142857142854,48.079813139962496
2023-07-20,29.07,29.35,28.88,29.13,964321536,0.0010309278350515,29.177777777777774,29.83761904761905,48.371816973107016
2023-07-21,29.15,29.86,29.13,29.68,1525242624,0.0188808788190868,29.192222222222224,29.75333333333333,53.53165029529443
2023-07-24,29.8,30.41,29.76,30.3,1361960832,0.02088948787062,29.32,29.76,58.55955384156831
2023-07-25,30.5,31.05,30.2,31.0,1726156928,0.023102310231023,29.52333333333333,29.767619047619046,63.37756635240849
2023-07-26,30.95,31.22,30.63,31.0,1409743872,0.0,29.675555555555555,29.786666666666665,63.37756635240849
2023-07-27,30.85,30.89,29.38,29.39,2580249600,-0.0519354838709676,29.713333333333335,29.715238095238096,48.375102160764314
2023-07-28,29.43,29.95,29.32,29.76,1289607680,0.0125893160939094,29.79888888888889,29.654761904761905,51.2321727997337
2023-07-31,30.3,31.15,30.3,31.11,2804824576,0.0453629032258062,30.052222222222227,29.73,59.94295918465592
2023-08-01,31.09,31.09,29.95,30.6,2305452288,-0.0163934426229507,30.218888888888884,29.754761904761907,55.88210142753744
2023-08-02,30.51,30.58,29.8,30.53,1859106816,-0.0022875816993463,30.374444444444446,29.772857142857145,55.328065874784706
2023-08-03,30.93,31.13,30.62,30.92,1761030400,0.0127743203406485,30.512222222222224,29.81142857142857,57.83622803511406
2023-08-04,30.7,31.14,29.74,30.0,3644217088,-0.0297542043984476,30.47888888888889,29.828095238095237,50.61649952837209
2023-08-07,29.86,30.5,29.86,30.19,1351615744,0.0063333333333333,30.38888888888889,29.860952380952384,51.95051270723404
2023-08-08,29.91,30.39,29.72,30.22,1044199104,0.0009937065253393,30.302222222222227,29.892857142857142,52.17021219298885
2023-08-09,30.21,30.72,30.16,30.46,1476476800,0.0079417604235605,30.421111111111113,29.955238095238094,53.982944916973395
2023-08-10,30.3,30.86,30.12,30.63,1629206400,0.005581089954038,30.51777777777778,30.024761904761903,55.27594587912838
2023-08-11,30.61,31.04,30.16,30.56,1202244992,-0.0022853411687887,30.456666666666667,30.06904761904762,54.59569018054675
2023-08-14,30.48,30.74,30.27,30.64,849996032,0.0026178010471205,30.46111111111111,30.144761904761904,55.27314601543486
2023-08-15,32.05,32.15,30.85,30.86,2748738304,0.0071801566579634,30.49777777777778,30.233809523809523,57.16588649177702
2023-08-16,31.0,31.98,30.88,31.54,2348461312,0.0220349967595592,30.56666666666667,30.362857142857145,62.45460349082734
2023-08-17,31.75,32.19,31.31,31.44,1822425088,-0.0031705770450221,30.72666666666667,30.474285714285717,61.256786346125104
2023-08-18,31.41,31.68,31.18,31.52,1419974144,0.0025445292620864,30.874444444444446,30.58809523809524,61.88655201171324
2023-08-21,31.7,32.03,30.97,31.3,1315645696,-0.006979695431472,30.994444444444444,30.665238095238095,59.044199403086346
2023-08-22,30.5,30.61,30.24,30.61,948624896,-0.0220447284345047,31.011111111111113,30.68,51.11481371998322
2023-08-23,31.2,32.24,31.09,32.24,3020407552,0.053250571708592,31.190000000000005,30.739047619047618,63.56347076783374
2023-08-24,32.27,32.72,31.84,32.19,1590226560,-0.0015508684863524,31.371111111111116,30.795714285714286,63.033219396251305
2023-08-25,32.38,32.47,31.8,31.97,1089527296,-0.006834420627524,31.518888888888885,30.918571428571425,60.63634873539037
2023-08-28,32.1,32.34,31.86,32.33,800608832,0.0112605567719736,31.682222222222222,31.040952380952383,63.108451383608646
2023-08-29,32.4,32.5,31.99,32.4,1304642432,0.0021651716671822,31.77777777777778,31.10238095238095,63.5873065221197
2023-08-30,32.41,32.7,32.3,32.62,1123977856,0.0067901234567901,31.90888888888889,31.198571428571427,65.11968819300131
2023-08-31,32.71,32.79,31.88,31.94,1571358464,-0.0208461066830164,31.95555555555556,31.26571428571429,57.1183809490972
2023-09-01,32.21,32.69,31.96,32.63,1617647616,0.0216030056355667,32.10333333333333,31.34714285714286,62.194465824209985
2023-09-04,32.68,32.72,32.21,32.29,699140160,-0.0104198590254368,32.28999999999999,31.45619047619048,58.51854833469283
2023-09-05,32.27,33.49,32.22,33.37,2472427776,0.0334468875812945,32.41555555555556,31.607619047619046,65.49487942469081
2023-09-06,33.35,33.8,33.22,33.52,1933109120,0.0044950554390172,32.56333333333333,31.7647619047619,66.34155945120756
2023-09-08,33.48,33.67,33.26,33.4,1297629056,-0.0035799522673032,32.72222222222222,31.904761904761905,64.96811622998683
2023-09-11,33.47,33.69,33.33,33.37,1010645056,-0.0008982035928144,32.83777777777778,32.03523809523809,64.60800550122772
2023-09-12,33.55,33.78,33.49,33.53,1071549248,0.0047947258016183,32.96333333333333,32.17666666666667,65.69998261793984
2023-09-13,33.65,33.7,33.03,33.03,1581490048,-0.0149120190873843,33.00888888888889,32.29047619047619,59.51975668710553
2023-09-14,33.1,34.0,33.1,33.87,1565497216,0.025431425976385,33.22333333333333,32.43380952380952,65.40710778343097
2023-09-15,33.87,33.99,33.61,33.89,1830030976,0.0005904930617066,33.36333333333333,32.54571428571429,65.53563128307891
2023-09-18,34.0,34.71,33.85,34.13,1792637952,0.0070817350250811,33.56777777777778,32.673809523809524,67.1145694769977
2023-09-19,34.21,34.62,34.07,34.21,1482030720,0.0023439789041899,33.66111111111112,32.801904761904765,67.64665015099023
2023-09-20,34.15,34.61,34.01,34.29,1339019008,0.0023384975153464,33.74666666666666,32.94428571428572,68.20073430217417
2023-09-21,34.0,34.29,33.63,33.76,2036562944,-0.0154564012831729,33.78666666666666,33.09428571428572,60.7748079900276
2023-09-22,34.02,34.19,33.81,34.03,1053104576,0.0079976303317537,33.86,33.17952380952381,62.98587377581991
2023-09-25,33.95,34.33,33.93,34.25,909612544,0.0064648839259475,33.940000000000005,33.27761904761904,64.73041231802097
2023-09-26,34.0,34.09,33.46,33.46,2042406272,-0.0230656934306568,33.98777777777778,33.34857142857143,54.75120893287636
2023-09-27,33.86,34.52,33.78,34.52,1829954176,0.0316796174536762,34.059999999999995,33.45285714285714,62.99475767991442
2023-09-28,34.45,34.54,34.21,34.45,1054204544,-0.0020278099652375,34.12222222222223,33.550476190476196,62.189012440266296
2023-09-29,34.5,34.69,34.25,34.64,1381845248,0.0055152394775035,34.17888888888889,33.64666666666667,63.551744065966105
2023-10-02,34.55,34.77,33.93,34.12,1172436608,-0.0150115473441109,34.16888888888889,33.75047619047619,57.44920251865993
2023-10-03,33.97,34.23,33.63,33.97,1277532672,-0.0043962485345837,34.13333333333333,33.81428571428572,55.785122293945854
2023-10-04,33.6,33.71,32.39,32.62,2890048000,-0.0397409478952016,34.00666666666667,33.830000000000005,43.5566562802228
2023-10-05,32.51,32.94,32.29,32.73,1148172288,0.0033721643163702,33.86222222222222,33.799523809523805,44.62186693522764
2023-10-06,32.6,33.82,32.33,33.51,1587682048,0.0238313473877176,33.78,33.79904761904762,51.597409244053694
2023-10-09,34.15,35.08,34.1,34.95,2682288384,0.042972247090421,33.94555555555556,33.87285714285714,61.29134827557376
2023-10-10,34.9,35.34,34.74,35.21,1690085248,0.0074391988555078,34.022222222222226,33.96047619047619,62.74226878777224
2023-10-11,35.14,35.25,34.49,35.12,1441898624,-0.0025560920193128,34.096666666666664,34.03619047619048,61.877652819138056
2023-10-13,35.79,36.36,35.78,36.28,2413940736,0.0330296127562643,34.278888888888886,34.19095238095238,67.99876022877645
2023-10-16,36.4,36.8,35.96,36.68,1804604544,0.0110253583241455,34.56333333333333,34.3247619047619,69.79950090117879
2023-10-17,36.7,37.67,36.63,37.67,2550810368,0.0269901853871319,34.97444444444445,34.50476190476191,73.73832573155177
2023-10-18,37.99,38.61,37.91,38.52,3283886592,0.0225643748340855,35.63,34.71380952380952,76.56447820594786
2023-10-19,38.36,38.47,37.92,38.34,2135177728,-0.0046728971962616,36.25333333333333,34.91047619047619,74.73043751813509
2023-10-20,38.69,38.86,37.39,37.85,2501883136,-0.0127803860198226,36.73555555555556,35.08,69.8268666982347
2023-10-23,36.59,36.8,35.26,35.35,3741894912,-0.0660501981505944,36.78,35.15571428571428,51.32321663167344
2023-10-24,35.65,36.19,35.17,35.88,2804340992,0.0149929278642151,36.85444444444445,35.243809523809524,54.10015725618983
2023-10-25,36.08,36.28,35.75,36.07,1179191296,0.0052954292084725,36.96000000000001,35.33047619047619,55.089295524644164
2023-10-26,35.85,35.93,35.15,35.7,1688115840,-0.0102578319933461,36.89555555555555,35.43714285714286,52.70725570131298
2023-10-27,36.21,36.46,35.17,35.44,1628909696,-0.0072829131652663,36.757777777777775,35.48095238095238,51.03722237826731
2023-10-30,35.58,35.72,34.86,35.08,1096384000,-0.010158013544018,36.47,35.51095238095238,48.7346847828261
2023-10-31,35.01,35.18,34.49,34.74,1278726528,-0.0096921322690991,36.05,35.51571428571429,46.59655243223716
2023-11-01,35.02,35.54,34.9,35.12,1616470784,0.0109383995394356,35.69222222222223,35.56333333333333,49.275144653860636
2023-11-03,35.79,35.89,35.05,35.54,1094943360,0.0119589977220957,35.43555555555556,35.63809523809524,52.13289848944456
2023-11-06,35.74,36.13,35.51,35.51,1201925120,-0.0008441193021947,35.45333333333333,35.77571428571429,51.90794409831439
2023-11-07,35.07,35.42,34.66,34.92,1708131840,-0.0166150380174597,35.346666666666664,35.88,47.561321286523935
2023-11-08,34.6,34.8,33.91,34.17,2046125824,-0.0214776632302405,35.135555555555555,35.91142857142857,42.66991396793546
2023-11-09,34.5,35.15,34.36,34.88,1956328192,0.0207784606379866,35.04444444444445,35.90809523809524,48.11044886684141
2023-11-10,34.66,35.06,34.51,34.72,1392053120,-0.0045871559633028,34.964444444444446,35.8847619047619,47.02737991196638
2023-11-13,34.68,35.75,34.67,35.69,1562720896,0.027937788018433,35.032222222222224,35.91190476190476,53.81549813275775
2023-11-14,35.69,36.24,35.49,36.18,1826351488,0.0137293359484449,35.19222222222223,35.90714285714286,56.82528959218213
2023-11-16,35.98,36.49,35.5,35.55,2591859968,-0.0174129353233831,35.24,35.85333333333334,52.12211277903965
2023-11-17,35.83,36.92,35.82,36.71,3138326272,0.0326300984528833,35.37,35.80761904761904,58.87190448564195
2023-11-20,36.77,37.22,36.27,36.74,2495993344,0.000817216017434,35.50666666666667,35.72285714285714,59.03276151076092
2023-11-21,36.54,36.54,35.91,36.5,1798958336,-0.0065323897659227,35.68222222222222,35.635238095238094,57.108445289964834
2023-11-22,34.9,35.16,34.25,35.16,2036743936,-0.0367123287671233,35.79222222222222,35.50714285714286,47.74943692087122
2023-11-23,35.13,35.25,34.81,35.17,844375744,0.0002844141069398,35.82444444444444,35.49857142857143,47.81816413465698
2023-11-24,34.98,35.82,34.71,35.27,1884620032,0.0028433323855558,35.885555555555555,35.46952380952381,48.5470056464111
2023-11-27,35.0,35.4,34.75,35.07,1296027776,-0.0056705415367168,35.81666666666667,35.42190476190476,47.129194323420464
2023-11-28,35.17,35.62,35.15,35.6,1307156608,0.015112631879099,35.75222222222222,35.41714285714286,51.19676545603458
2023-11-29,35.9,36.03,34.94,35.23,1324158464,-0.0103932584269663,35.71666666666667,35.40714285714286,48.39744754063988
2023-11-30,35.46,35.92,35.24,35.91,2101212032,0.0193017314788532,35.62777777777777,35.446666666666665,53.4364822999396
2023-12-01,35.72,36.0,35.53,35.67,1301305472,-0.0066833751044276,35.50888888888889,35.49095238095238,51.52410474890089
2023-12-04,35.44,35.55,34.85,34.91,1250337408,-0.0213064199607514,35.33222222222222,35.48095238095238,45.9197878711775
2023-12-05,34.92,35.17,34.68,34.75,1507277184,-0.0045832139788025,35.28666666666667,35.44333333333333,44.81463298937516
2023-12-06,34.55,34.8,33.5,33.5,2179012352,-0.0359712230215827,35.101111111111116,35.34761904761905,37.26827680986738
2023-12-07,33.65,34.18,33.04,33.42,2171476224,-0.0023880597014924,34.895555555555546,35.27619047619048,36.84070404512395
2023-12-08,33.71,34.54,33.48,34.49,1817485952,0.0320167564332734,34.831111111111106,35.29142857142857,45.79778023273414
2023-12-11,34.46,34.69,34.24,34.36,1054738176,-0.0037692084662221,34.693333333333335,35.266666666666666,44.963459634375226
2023-12-12,34.55,34.6,33.8,34.08,1032905600,-0.0081490104772992,34.565555555555555,35.23619047619048,43.14051602211846
2023-12-13,34.21,34.62,34.14,34.57,1341249792,0.0143779342723004,34.416666666666664,35.182857142857145,47.17662076190512
2023-12-14,35.0,35.74,34.84,35.32,2046271360,0.0216951113682384,34.37777777777778,35.14190476190476,52.7098660730008
2023-12-15,35.28,35.79,35.0,35.4,1991513728,0.0022650056625141,34.43222222222222,35.1347619047619,53.27213372846171
2023-12-18,35.75,36.3,35.58,35.84,1600814976,0.0124293785310736,34.553333333333335,35.093333333333334,56.34639017693751
2023-12-19,35.96,36.25,35.81,36.25,1161017344,0.0114397321428569,34.85888888888889,35.07,59.049940997789534
2023-12-20,36.37,36.74,36.29,36.38,1421152512,0.0035862068965517,35.18777777777778,35.06428571428572,59.89799716678587
2023-12-21,36.67,36.68,36.07,36.39,1110626560,0.0002748763056623,35.39888888888889,35.12285714285714,59.966677603960505
2023-12-22,36.5,36.8,36.37,36.74,1144343680,0.0096180269304755,35.663333333333334,35.19761904761905,62.39425934320715
2023-12-26,36.86,37.37,36.83,37.33,872362880,0.0160587915078931,36.02444444444445,35.29571428571429,66.12349228396212
2023-12-27,37.32,37.43,37.13,37.36,730576896,0.0008036431824269,36.33444444444444,35.404761904761905,66.30645642452241
2023-12-28,37.23,37.36,37.04,37.24,797820608,-0.0032119914346894,36.54777777777778,35.48285714285714,64.79887937679335
2024-01-02,37.44,37.89,37.4,37.78,905513856,0.0145005370569279,36.812222222222225,35.604285714285716,68.29255183612065
2024-01-03,37.8,39.12,37.67,38.96,2016962816,0.031233456855479,37.158888888888896,35.74952380952381,74.29598403370004
2024-01-04,39.12,39.35,38.51,38.63,1768450816,-0.0084702258726898,37.42333333333334,35.89047619047619,70.28791148518962
2024-01-05,38.87,39.14,38.41,38.72,1388296960,0.0023297954957286,37.68333333333333,36.07190476190476,70.75134704772327
2024-01-08,38.38,38.43,37.61,38.43,1336206080,-0.0074896694214875,37.91,36.24714285714286,67.11856762933328
2024-01-09,38.67,38.75,38.03,38.1,1043653504,-0.0085870413739266,38.06111111111111,36.46619047619048,63.14531589978781
2024-01-10,38.1,38.27,37.51,37.75,1034479232,-0.0091863517060367,38.107777777777784,36.672380952380955,59.14615647735173
2024-01-11,37.98,38.15,37.7,38.07,1008256448,0.0084768211920529,38.18666666666667,36.84285714285714,61.544194718150955
2024-01-12,38.5,38.73,38.17,38.17,940340480,0.0026267402153927,38.29,37.02428571428572,62.289139917696254
2024-01-15,37.99,38.62,37.86,38.58,530157216,0.0107414199633217,38.378888888888895,37.238571428571426,65.26049517599981
2024-01-16,38.61,38.79,38.08,38.1,1197258496,-0.0124416796267495,38.28333333333333,37.406666666666666,59.363266159045466
2024-01-17,37.97,38.15,37.82,37.88,1046707200,-0.005774278215223,38.199999999999996,37.52857142857143,56.828544427551215
2024-01-18,38.14,38.14,37.56,37.73,868209280,-0.0039598732840551,38.09,37.639523809523816,55.101015358743155
2024-01-19,37.81,37.9,37.23,37.53,1161928448,-0.0053008216273521,37.99,37.72,52.79646045469074
2024-01-22,37.5,37.81,37.23,37.7,856092352,0.0045297095656808,37.94555555555556,37.78904761904762,54.537020311514915
2024-01-23,37.84,38.37,37.43,38.17,1233321472,0.0124668435013262,37.992222222222225,37.87428571428571,59.03447263044406
2024-01-24,38.29,38.54,37.77,37.88,969269504,-0.0075975897301545,37.971111111111114,37.945238095238096,55.39322554907773
2024-01-25,38.26,39.28,38.13,39.28,1888134656,0.0369588173178458,38.09444444444445,38.06619047619048,66.22414893284369
2024-01-26,39.1,40.09,38.91,39.96,1643702016,0.0173116089613034,38.24777777777778,38.191428571428574,70.03050684097695
2024-01-29,40.0,40.59,39.83,40.57,1229425664,0.0152652652652651,38.522222222222226,38.34428571428572,72.97294688318563
2024-01-30,40.17,40.74,40.05,40.32,1406317824,-0.0061621888094651,38.79333333333334,38.49095238095238,69.94211503666901
2024-01-31,40.23,41.24,40.18,40.45,2358065920,0.0032242063492065,39.095555555555556,38.618095238095236,70.6253355517255
2024-02-01,40.78,41.88,40.67,41.57,2548906752,0.0276885043263286,39.544444444444444,38.74238095238095,75.74131790089258
2024-02-02,41.58,41.78,41.02,41.03,1508064256,-0.012990137118114,39.91444444444445,38.85666666666667,69.45999272074556
2024-02-05,41.01,41.68,40.93,41.21,1144199552,0.0043870338776506,40.25222222222222,38.9752380952381,70.34289098256508
2024-02-06,41.45,42.35,41.27,41.59,1485299328,0.0092210628488231,40.66444444444445,39.12571428571429,72.17191979479684
2024-02-07,41.52,42.2,41.42,42.2,1284316288,0.0146669872565521,40.988888888888894,39.320952380952384,74.85299459202555
2024-02-08,42.3,42.45,41.86,41.86,1077965824,-0.0080568720379147,41.2,39.516666666666666,70.76083646384669
2024-02-09,42.14,42.33,41.3,41.3,1266014336,-0.0133779264214047,41.28111111111111,39.670476190476194,64.50572199652979
2024-02-14,41.1,41.4,40.86,40.99,752816960,-0.0075060532687649,41.355555555555554,39.804761904761904,61.27652328865297
2024-02-15,41.01,42.3,40.85,42.3,1383401088,0.0319590143937544,41.56111111111111,39.981904761904765,68.46158736707491
2024-02-16,42.09,42.89,42.06,42.69,1585876864,0.0092198581560283,41.68555555555556,40.200476190476195,70.23242119544572
2024-02-19,42.76,42.94,42.56,42.9,549069120,0.0049191848208012,41.89333333333333,40.43952380952381,71.17107573971354
2024-02-20,42.77,42.82,42.1,42.45,1796543104,-0.0104895104895104,42.031111111111116,40.66428571428572,66.34340196936012
2024-02-21,42.45,42.72,42.13,42.51,886083840,0.0014134275618373,42.13333333333333,40.901428571428575,66.66805425965589
2024-02-22,42.67,42.68,41.8,42.19,1354685184,-0.0075276405551635,42.132222222222225,41.11523809523809,63.16835112020911
2024-02-23,42.14,42.24,41.61,41.9,1843246592,-0.0068736667456743,42.13666666666666,41.292857142857144,60.08979650162182
2024-02-26,41.9,42.73,41.83,42.69,1099152768,0.0188544152744629,42.291111111111114,41.521904761904764,65.08218283646667
2024-02-27,42.7,42.82,42.38,42.63,1179241344,-0.0014054813773716,42.47333333333333,41.681428571428576,64.42304786637325
2024-02-28,42.52,42.94,39.83,40.43,4621824512,-0.0516068496364063,42.26555555555555,41.703809523809525,46.01923672484564
2024-02-29,40.59,41.24,39.85,40.14,2496872448,-0.0071728914172644,41.98222222222222,41.68333333333334,44.22573594667142
2024-03-01,40.35,40.85,40.14,40.18,1264442368,0.0009965122072745,41.68,41.67666666666667,44.54675866766515
2024-03-04,40.27,40.75,40.02,40.08,885866880,-0.002488800398208,41.416666666666664,41.65904761904762,43.866984901469564
2024-03-05,40.1,40.37,39.61,39.96,1211310976,-0.0029940119760478,41.13333333333333,41.582380952380944,43.01864298290839
2024-03-06,40.2,40.84,40.11,40.84,1843886848,0.0220220220220221,40.98333333333333,41.57333333333333,50.56826344287314
2024-03-07,40.64,40.94,40.28,40.39,2033633664,-0.0110186092066602,40.81555555555556,41.534285714285716,47.12951928002684
2024-03-08,35.9,37.06,35.1,36.12,8331543552,-0.1057192374350087,40.08555555555555,41.273809523809526,27.806678204149307
2024-03-11,35.67,37.74,35.3,35.65,4592665088,-0.0130121816168327,39.31,40.96190476190476,26.517918156727404
2024-03-12,36.35,37.23,36.16,36.82,2787586560,0.0328190743338008,38.90888888888889,40.72190476190476,34.63900733825915
2024-03-13,36.9,37.33,36.31,36.38,1642276352,-0.0119500271591526,38.49111111111111,40.48761904761905,33.155008799215295
2024-03-14,36.74,36.92,36.15,36.22,1446722304,-0.0043980208905993,38.05111111111111,40.26047619047619,32.60793821374122
2024-03-15,36.3,36.45,35.94,36.32,2127897856,0.0027609055770292,37.63333333333333,39.97571428571429,33.348175504804274
2024-03-18,36.41,36.72,35.5,36.34,1268108288,0.0005506607929515,37.23111111111111,39.67333333333333,33.50548781172871
2024-03-19,36.39,36.85,35.56,36.07,1754989312,-0.0074298293891029,36.70111111111111,39.34809523809524,32.39392828287468
2024-03-20,36.23,36.74,35.81,36.7,1408092160,0.0174660382589411,36.291111111111114,39.074285714285715,37.59615857919698
2024-03-21,36.85,37.06,35.68,35.7,1693760512,-0.0272479564032697,36.24444444444444,38.75,33.22574324937261
2024-03-22,35.9,36.22,35.43,36.05,1232703360,0.0098039215686271,36.28888888888889,38.45761904761905,36.02870460947102
2024-03-25,36.18,36.83,36.16,36.6,978705920,0.0152565880721222,36.26444444444444,38.2052380952381,40.2716541235979
2024-03-26,36.67,36.67,36.17,36.26,899146560,-0.0092896174863389,36.25111111111111,37.89904761904762,38.56864110604777
2024-03-27,36.28,36.66,36.12,36.55,701371776,0.0079977937120794,36.28777777777778,37.60952380952381,40.86564701803916
2024-03-28,36.5,37.52,36.47,37.36,1182146048,0.0221614227086184,36.403333333333336,37.46333333333333,46.84417861060972
2024-04-01,37.5,37.71,37.21,37.65,881745088,0.0077623126338328,36.54888888888889,37.3447619047619,48.838502048497475
2024-04-02,37.82,38.65,37.77,38.62,1750847488,0.0257636122177955,36.83222222222222,37.27047619047619,54.92958774933844
2024-04-03,38.7,39.01,38.22,38.42,1208136832,-0.0051786639047124,37.02333333333333,37.191428571428574,53.51487293372893
2024-04-04,38.47,39.48,37.43,37.88,6367122432,-0.0140551795939614,37.26555555555555,37.09238095238096,49.786473967414366
2024-04-05,37.9,38.57,37.17,38.1,2479046656,0.0058078141499471,37.49333333333333,36.96190476190476,51.27585464358372
2024-04-08,38.03,39.06,37.73,38.63,1390594304,0.0139107611548556,37.71888888888889,36.87809523809524,54.75738783425756
2024-04-09,38.9,39.14,38.06,38.73,1417381760,0.0025886616619206,37.99333333333333,37.00238095238095,55.404862280555875
2024-04-10,38.73,39.73,38.66,39.59,2193265408,0.0222050090369223,38.33111111111111,37.19,60.62390381371779
2024-04-11,39.6,39.76,39.2,39.3,1301865472,-0.0073250820914373,38.54666666666667,37.30809523809524,58.15243367127794
2024-04-12,39.72,40.05,38.7,38.94,1555421312,-0.0091603053435114,38.690000000000005,37.43,55.146898936792354
2024-04-15,38.94,39.45,38.63,39.31,1118630784,0.009501797637391,38.76666666666667,37.57714285714286,57.57390480053397
2024-04-16,39.01,39.71,38.95,39.49,1462005504,0.0045789875349784,38.885555555555555,37.72809523809524,58.743475435299814
2024-04-17,39.49,39.95,39.34,39.78,1548726016,0.0073436312990631,39.096666666666664,37.89190476190476,60.626713553502185
2024-04-18,40.0,40.59,39.65,39.85,1803229952,0.0017596782302664,39.291111111111114,38.07190476190476,61.08843076767832
2024-04-19,40.05,41.07,39.84,40.53,3264710912,0.0170639899623588,39.50222222222222,38.254285714285714,65.34042955728214
2024-04-22,40.76,41.59,40.52,41.5,2125803392,0.0239328892178631,39.81,38.53047619047619,70.32229708188083
2024-04-23,41.4,41.63,40.96,41.42,1461659136,-0.0019277108433733,40.013333333333335,38.78619047619048,69.43584420255968
2024-04-24,41.55,41.99,41.21,41.23,1870159232,-0.0045871559633028,40.227777777777774,39.00666666666667,67.26707446865497
2024-04-25,41.4,42.48,41.08,42.22,2750959872,0.0240116420082465,40.59222222222222,39.29047619047619,72.14848013133
2024-04-26,41.29,41.78,41.07,41.41,1314218112,-0.0191852202747513,40.82555555555555,39.521904761904764,63.76921970063896
2024-04-29,41.48,42.15,41.32,42.15,1158983808,0.0178700796908959,41.121111111111105,39.75,67.484567087561
2024-04-30,42.0,42.21,41.62,42.02,1530041472,-0.0030842230130485,41.37,39.95809523809523,66.20023426522805
2024-05-02,42.25,42.38,41.84,42.18,1395319424,0.0038077106139933,41.62888888888889,40.12761904761905,67.03186178293282
2024-05-03,40.69,40.69,39.45,39.89,1794633216,-0.0542911332385016,41.55777777777777,40.19761904761905,48.60054130687659
2024-05-06,39.87,40.36,39.72,40.16,917895552,0.0067686136876408,41.40888888888889,40.30619047619047,50.33451619723937
2024-05-07,40.15,40.65,40.0,40.65,955122816,0.0122011952191236,41.32333333333333,40.42761904761905,53.40655090839736
2024-05-08,40.35,41.33,40.31,41.27,1031237440,0.0152521525215252,41.327777777777776,40.553333333333335,57.02842241601914
2024-05-09,41.06,41.84,40.94,41.67,1122400256,0.0096922704143445,41.266666666666666,40.69333333333333,59.2303265008472
2024-05-10,41.84,42.09,41.5,41.58,1163809664,-0.002159827213823,41.28555555555556,40.78809523809524,58.503937272361725
2024-05-13,41.74,41.97,41.51,41.62,762258880,0.0009620009620008,41.22666666666666,40.89857142857143,58.74609176581268
2024-05-14,40.76,41.3,40.16,40.87,2184905472,-0.0180201826045171,41.09888888888889,40.990476190476194,52.553489921719724
2024-05-15,37.6,38.81,37.5,38.4,4999401472,-0.0604355272816246,40.67888888888889,40.94714285714286,38.25230166294046
2024-05-16,38.3,38.65,37.24,37.31,3111753472,-0.0283854166666666,40.39222222222222,40.84333333333333,33.87180699333361
2024-05-17,37.35,37.42,36.51,36.69,2464543744,-0.0166175288126508,40.00666666666667,40.69619047619047,31.651515627466893
2024-05-20,36.73,37.24,36.63,36.75,1480026112,0.0016353229762879,39.57333333333334,40.54857142857143,32.115269921433594
2024-05-21,36.79,37.09,36.57,36.68,1024662144,-0.0019047619047619,39.06333333333333,40.36523809523809,31.843803905532624
2024-05-22,36.5,37.46,36.41,37.18,1345374976,0.0136314067611778,38.56444444444445,40.15952380952381,36.0048956555499
2024-05-23,37.44,37.71,36.57,36.81,1771150720,-0.0099515868746636,38.03444444444444,39.94,34.334390965255764
2024-05-24,37.07,37.19,36.57,36.61,866310848,-0.0054333061668025,37.477777777777774,39.72,33.43146021478444
2024-05-27,36.72,37.08,36.69,37.01,497696256,0.0109259765091505,37.04888888888889,39.47190476190476,36.99992053447562
2024-05-28,37.44,38.29,37.41,37.8,1750138496,0.0213455822750607,36.98222222222222,39.3,43.4477496081221
2024-05-29,37.71,37.92,37.44,37.75,1097863424,-0.0013227513227512,37.03111111111111,39.09047619047619,43.14676226929196
2024-05-31,37.93,38.89,37.9,38.79,2074212096,0.027549668874172,37.26444444444444,38.93666666666667,50.783984212324235
2024-06-03,38.83,38.93,38.44,38.58,1673315456,-0.005413766434648,37.467777777777776,38.76523809523809,49.342622194704695
2024-06-04,38.4,38.43,37.7,38.15,1284612992,-0.0111456713322964,37.6311111111111,38.68238095238095,46.4363378034382
2024-06-05,38.26,38.43,38.07,38.2,710173696,0.001310615989515,37.74444444444445,38.58904761904762,46.828513716585846
2024-06-06,38.28,38.72,38.27,38.38,997298688,0.0047120418848167,37.91888888888889,38.48095238095238,48.29615749584734
2024-06-07,38.22,38.47,36.86,36.94,1719108096,-0.0375195414278271,37.955555555555556,38.2747619047619,39.01765838769919
2024-06-10,37.19,38.06,37.12,37.5,1224311680,0.0151597184623715,38.010000000000005,38.076190476190476,43.558863515109245
2024-06-11,37.81,38.0,37.5,37.66,1163731584,0.0042666666666666,37.99444444444444,37.88952380952381,44.8231359697935
2024-06-12,36.95,37.05,35.61,35.82,1878667264,-0.0488582049920338,37.78,37.61333333333333,35.08898188026585
2024-06-13,35.9,36.19,34.85,35.46,1634750336,-0.0100502512562813,37.41,37.355714285714285,33.55364039188244
2024-06-14,35.49,35.5,34.15,34.68,1863216000,-0.0219966159052453,36.97666666666667,37.17857142857143,30.44528253277447
2024-06-17,34.41,35.13,34.27,34.81,1419062784,0.0037485582468281,36.60555555555556,37.05952380952381,31.582882504477382
2024-06-18,34.89,36.14,34.82,35.9,1284384640,0.031312841137604,36.349999999999994,37.02190476190476,40.38675198947002
2024-06-19,35.9,36.12,35.57,35.93,741161408,0.0008356545961003,36.077777777777776,36.98285714285714,40.613256977645996
2024-06-20,36.22,36.89,36.2,36.5,1438520064,0.0158641803506818,36.028888888888886,36.97428571428571,44.897229762732955
2024-06-21,36.55,36.96,36.38,36.72,1578758912,0.006027397260274,35.94222222222222,36.95238095238095,46.50133425446281
2024-06-24,36.84,37.06,36.48,37.06,898624000,0.0092592592592593,35.87555555555556,36.964285714285715,48.97359956037891
2024-06-25,37.05,37.12,36.76,37.03,682661056,-0.0008094981111711,36.010000000000005,36.98428571428571,48.75948890088874
2024-06-26,36.8,37.12,36.71,37.09,941333056,0.001620307858493,36.191111111111105,36.98809523809524,49.23749559928717
2024-06-27,37.51,37.96,37.32,37.71,1416646016,0.0167160959827445,36.52777777777778,36.983809523809526,54.011620317982995
2024-06-28,37.8,38.17,37.71,38.05,834983744,0.0090161760806151,36.88777777777778,36.99809523809524,56.43150773870149
2024-07-01,38.31,38.76,38.18,38.63,960322112,0.0152431011826545,37.19111111111111,36.99047619047619,60.27192437647541
2024-07-02,38.83,39.1,38.44,38.51,1287022208,-0.003106393994305,37.47777777777778,36.98714285714286,59.110978702726754
2024-07-03,38.7,38.79,37.76,37.84,1460343168,-0.0173980784211891,37.626666666666665,36.97238095238095,52.97547858965018
2024-07-04,37.9,37.96,37.12,37.32,1212868992,-0.0137420718816068,37.693333333333335,36.93047619047619,48.74647316315318
2024-07-05,37.45,37.65,37.11,37.52,1222219264,0.0053590568060022,37.74444444444445,36.889523809523816,50.38695187479641
2024-07-08,37.48,38.52,37.29,38.44,1856925056,0.0245202558635393,37.90111111111111,36.96095238095238,57.17691356875359
2024-07-09,38.45,38.7,38.27,38.43,1335322112,-0.0002601456815816,38.050000000000004,37.0052380952381,57.08546144693417
2024-07-10,38.49,38.56,37.98,38.07,1254031616,-0.009367681498829,38.09,37.0247619047619,53.752293032760385
2024-07-11,38.16,38.45,38.11,38.33,656278976,0.0068295245600209,38.121111111111105,37.144285714285715,55.76133622164534
2024-07-12,38.43,38.51,38.14,38.15,602981760,-0.0046960605270023,38.06777777777777,37.272380952380956,54.01200047152682
2024-07-15,38.3,38.73,38.2,38.5,883492992,0.0091743119266054,38.06666666666666,37.45428571428571,56.846866617497476
2024-07-16,38.35,38.5,38.11,38.4,743922816,-0.0025974025974025,38.128888888888895,37.625238095238096,55.78870750012798
2024-07-17,38.43,38.69,38.34,38.6,934149376,0.0052083333333334,38.27111111111111,37.75380952380952,57.492907367843316
2024-07-18,38.5,38.66,38.35,38.53,807182144,-0.0018134715025907,38.38333333333333,37.87761904761904,56.66954732527578
2024-07-19,38.5,38.77,38.39,38.69,1157665408,0.0041526083571241,38.41111111111111,37.981904761904765,58.145013796631524
2024-07-22,38.59,38.59,37.88,37.92,978887040,-0.0199017834065649,38.35444444444445,38.039047619047615,49.42293377986463
2024-07-23,37.92,38.0,37.43,37.43,944488640,-0.0129219409282701,38.28333333333333,38.05666666666667,44.81581965257578
2024-07-24,37.66,38.0,37.5,37.73,896331072,0.0080149612610205,38.21666666666667,38.089999999999996,48.011182950474534
2024-07-25,37.56,37.75,37.27,37.68,732538368,-0.001325205406838,38.16444444444445,38.118095238095236,47.51733736474327
2024-07-26,37.67,38.13,37.42,37.64,1201819136,-0.0010615711252653,38.06888888888889,38.114761904761906,47.099945629274885
2024-07-29,37.51,37.72,36.42,36.88,1460086272,-0.0201912858660998,37.9,38.05904761904762,39.92421091939734
2024-07-30,36.51,36.77,36.39,36.65,582497472,-0.006236442516269,37.68333333333334,37.96476190476191,38.035630364556276
2024-07-31,37.05,37.41,36.96,37.41,1056583360,0.0207366984993178,37.55888888888889,37.91238095238096,46.963440674336915
2024-08-01,37.75,37.83,36.79,36.84,1103449984,-0.0152365677626301,37.35333333333333,37.864761904761906,42.06790974765088
2024-08-02,36.72,36.8,35.73,35.73,1310368640,-0.0301302931596092,37.10999999999999,37.789047619047615,34.52118666937841
2024-08-05,34.8,35.7,34.6,35.7,1564835200,-0.0008396305625523,36.91777777777778,37.70238095238095,34.341872581065786
2024-08-06,35.6,36.66,35.34,36.32,1289318400,0.0173669467787114,36.76111111111111,37.60142857142857,41.14582251159862
2024-08-07,36.7,36.75,36.0,36.27,904915200,-0.0013766519823787,36.60444444444445,37.498571428571424,40.77881896728264
2024-08-08,36.35,36.95,36.16,36.85,1089820288,0.0159911772814997,36.51666666666667,37.44047619047619,46.716045646007714
2024-08-09,36.13,36.95,35.58,36.51,2399580928,-0.0092265943012213,36.47555555555556,37.353809523809524,43.93533309985959
2024-08-12,36.8,37.81,36.8,37.34,1475217280,0.0227334976718709,36.55222222222222,37.315238095238094,51.5215099893245
2024-08-13,37.53,37.63,36.97,37.11,1059650112,-0.0061596143545796,36.51888888888889,37.24904761904762,49.521810835700116
2024-08-14,37.19,38.0,37.16,37.76,1399498112,0.0175154944758824,36.621111111111105,37.21857142857143,54.854659033109066
2024-08-15,38.05,38.56,38.0,38.34,1269042176,0.0153601694915255,36.91111111111112,37.20619047619048,59.01544171994391
2024-08-16,38.17,38.77,38.03,38.5,1353248768,0.0041731872717787,37.22222222222222,37.20476190476191,60.10770611856968
2024-08-19,38.6,38.79,38.4,38.44,1080507648,-0.0015584415584416,37.45777777777778,37.19285714285714,59.46767013013759
2024-08-20,38.5,38.68,37.89,38.29,1041790528,-0.0039021852237252,37.68222222222222,37.21047619047619,57.81035695397144
2024-08-21,38.68,38.79,37.94,38.06,1461643520,-0.0060067902846695,37.81666666666666,37.24047619047619,55.266980438149126
2024-08-22,37.28,37.3,36.86,37.12,971608960,-0.0246978455070941,37.88444444444444,37.21142857142858,46.30130628788892
2024-08-23,37.37,37.53,36.89,36.89,1072471616,-0.0061961206896551,37.83444444444444,37.173809523809524,44.403218353958955
2024-08-26,37.86,39.61,37.71,39.57,3970587904,0.0726484142043915,38.107777777777784,37.26571428571429,63.28831019115419
2024-08-27,39.25,39.37,38.95,39.04,1368748032,-0.0133939853424311,38.25,37.36857142857143,59.01873098170403
2024-08-28,38.94,39.86,38.78,39.6,1705244160,0.014344262295082,38.39,37.50904761904762,61.94034764436344
2024-08-29,39.65,39.83,39.28,39.33,999300608,-0.0068181818181819,38.48222222222222,37.600476190476186,59.7293609995374
2024-08-30,39.22,39.65,38.88,39.37,3319752704,0.001017035341978,38.58555555555555,37.72095238095238,59.957403410098756
2024-09-02,39.33,39.4,38.89,39.0,592838144,-0.0093980187960375,38.66444444444445,37.876666666666665,56.75582627934833
2024-09-03,38.79,38.82,38.38,38.53,1378985600,-0.012051282051282,38.71666666666667,38.011428571428574,52.89221251950851
2024-09-04,38.74,38.92,38.52,38.54,1111979136,0.0002595380223202,38.87444444444444,38.11714285714286,52.965577008917634
2024-09-05,38.65,38.89,38.3,38.3,1004704448,-0.0062272963155164,39.031111111111116,38.21380952380952,50.91609456834739
2024-09-06,38.37,38.45,37.47,37.55,1241400960,-0.0195822454308094,38.806666666666665,38.24714285714286,45.04963029494229
2024-09-09,37.84,38.25,37.61,37.96,1153804160,0.0109187749667112,38.68666666666667,38.31619047619048,48.54020302064801
2024-09-10,37.92,37.92,37.0,37.33,1387271296,-0.0165964172813488,38.43444444444444,38.315714285714286,43.923187854785645
2024-09-11,37.76,37.83,36.87,37.29,1218388224,-0.0010715242432359,38.20777777777778,38.324285714285715,43.6393683137634
2024-09-12,37.29,37.32,36.75,36.87,812822272,-0.0112630732099758,37.93,38.28190476190476,40.66788044733771
2024-09-13,37.11,37.55,36.59,36.7,1282531456,-0.0046107946840248,37.67444444444445,38.203809523809525,39.495607826248865
2024-09-16,37.24,37.72,37.16,37.21,840644672,0.0138964577656675,37.52777777777777,38.142380952380954,44.65025176783047
2024-09-17,37.17,37.19,36.7,37.04,861818816,-0.0045686643375437,37.361111111111114,38.075714285714284,43.325250539944754
2024-09-18,36.91,36.93,36.15,36.15,1401579136,-0.0240280777537796,37.12222222222222,37.97380952380952,37.11550858785851
2024-09-19,36.57,36.78,36.19,36.27,906868736,0.003319502074689,36.98,37.888571428571424,38.39756250513584
2024-09-20,36.27,36.4,36.07,36.26,1745214976,-0.0002757099531294,36.791111111111114,37.84761904761905,38.327437008012375
2024-09-23,36.39,36.96,36.22,36.63,1032484096,0.0102040816326531,36.71333333333334,37.8352380952381,42.51097437411907
2024-09-24,37.23,37.31,36.72,36.78,1285045760,0.004095004095004,36.656666666666666,37.70238095238095,44.16459375521126
2024-09-25,37.1,37.43,36.96,37.05,1433591552,0.0073409461663946,36.67666666666666,37.607619047619046,47.11344633458791
2024-09-26,36.92,36.92,35.97,36.25,2097722240,-0.021592442645074,36.626666666666665,37.448095238095235,40.3188665566148
2024-09-27,36.38,36.38,35.93,36.11,1245449984,-0.0038620689655172,36.504444444444445,37.294761904761906,39.25201877547564
2024-09-30,36.16,36.28,35.92,36.01,759085888,-0.0027693159789532,36.39,37.13476190476191,38.46901853136751
2024-10-01,36.01,37.52,35.83,36.97,1832684032,0.026659261316301,36.48111111111112,37.03809523809524,48.98909395301362
2024-10-02,37.75,37.93,37.35,37.48,1202946816,0.0137949688936975,36.61555555555555,36.98809523809524,53.53418127198205
2024-10-03,37.44,38.04,37.21,37.94,1167831168,0.012273212379936,36.80222222222222,36.95952380952381,57.23533094509377
2024-10-04,38.15,38.2,37.67,37.84,850827648,-0.0026357406431205,36.93666666666667,36.93761904761905,56.187551171315405
2024-10-07,38.04,38.38,37.9,38.37,1387051776,0.0140063424947143,37.11333333333333,36.97666666666667,60.33234465455224
2024-10-08,37.8,37.87,37.31,37.6,1275899136,-0.0200677612718268,37.17444444444445,36.959523809523816,52.553633341632974
2024-10-09,37.37,37.52,37.01,37.22,1138602112,-0.0101063829787234,37.282222222222224,36.95428571428571,49.18344660677708
2024-10-10,37.4,37.74,37.32,37.65,770935744,0.0115529285330466,37.45333333333333,36.97142857142857,52.86683381137863
2024-10-11,37.6,37.65,37.32,37.62,611889280,-0.000796812749004,37.632222222222225,37.00714285714285,52.580479193287836
2024-10-14,37.47,37.9,37.35,37.71,824641792,0.0023923444976077,37.71444444444444,37.055238095238096,53.396027638731304
2024-10-15,37.21,37.41,37.06,37.4,1045810304,-0.0082206311323257,37.705555555555556,37.06428571428571,50.1938391938338
2024-10-16,37.55,37.58,37.19,37.21,855299200,-0.0050802139037432,37.62444444444444,37.07238095238095,48.282641768459776
2024-10-17,37.21,37.21,36.69,36.93,811446912,-0.0075248589088955,37.52333333333333,37.10952380952381,45.531241694036716
2024-10-18,36.98,37.07,36.41,36.83,1166799872,-0.0027078256160303,37.35222222222222,37.13619047619048,44.554717370101166
2024-10-21,37.0,37.05,36.2,36.25,1026247616,-0.0157480314960629,37.20222222222222,37.135714285714286,39.29114142379441
2024-10-22,36.2,36.3,35.99,36.11,1048804928,-0.0038620689655172,37.07888888888888,37.110952380952384,38.12048267022086
2024-10-23,35.91,35.94,35.57,35.66,1095660160,-0.0124619219052894,36.857777777777784,37.05761904761904,34.55650745007898
2024-10-24,35.85,36.03,35.56,35.9,823450688,0.0067302299495233,36.666666666666664,37.00285714285714,37.891615649501325
2024-10-25,35.96,36.49,35.85,36.15,1163904000,0.0069637883008355,36.49333333333333,36.99809523809524,41.250251517446756
2024-10-28,35.49,36.13,35.34,36.09,982666816,-0.0016597510373442,36.34777777777778,36.997142857142855,40.68165108524308
2024-10-29,36.33,36.42,35.8,36.01,935078592,-0.00221668052092,36.214444444444446,36.997142857142855,39.892080980358564
2024-10-30,36.12,36.37,35.85,35.85,936386112,-0.0044432102193834,36.09444444444445,36.94380952380952,38.291388447354784
2024-10-31,35.87,36.05,35.63,35.91,913736832,0.0016736401673638,35.992222222222225,36.86904761904761,39.275403664752474
2024-11-01,36.2,36.37,35.3,35.42,1083760768,-0.0136452241715397,35.900000000000006,36.74904761904762,34.444723777885514
2024-11-04,35.9,35.95,35.38,35.5,854956416,0.002258610954263,35.83222222222222,36.63761904761905,35.832380739028
2024-11-05,35.5,35.6,35.03,35.39,848128768,-0.0030985915492957,35.80222222222223,36.495714285714286,34.74336604317094
2024-11-06,35.05,35.46,35.04,35.4,1003461248,0.0002825656965244,35.74666666666666,36.39095238095238,34.936956724275916
2024-11-07,35.49,35.89,35.27,35.51,1211937152,0.0031073446327682,35.67555555555556,36.30952380952381,37.14583217601822
2024-11-08,35.85,36.32,35.54,36.18,1790870528,0.0188679245283018,35.68555555555555,36.23952380952382,48.59360075098181
2024-11-11,35.99,36.42,35.9,36.25,777201856,0.0019347705914869,35.712222222222216,36.174285714285716,49.6258915443008
2024-11-12,36.36,37.11,36.34,36.93,1449617792,0.018758620689655,35.832222222222214,36.137142857142855,58.371186440132135
2024-11-13,36.95,37.07,36.53,36.88,1257201280,-0.0013539128080151,35.94,36.11238095238095,57.57963028053588
2024-11-14,36.92,37.33,36.86,37.27,1116940544,0.0105748373101952,36.14555555555555,36.11523809523809,61.91760262053827
2024-11-18,37.2,38.3,37.2,38.2,1477902336,0.0249530453447812,36.44555555555556,36.175714285714285,69.83841193637672
2024-11-19,38.1,38.3,37.65,37.8,986719808,-0.0104712041884817,36.71333333333334,36.22190476190476,63.701412719720224
2024-11-21,37.97,38.13,37.55,37.91,1366688128,0.0029100529100529,36.992222222222225,36.30095238095238,64.62209792660593
2024-11-22,38.71,39.83,38.47,39.42,3341017344,0.0398311791084147,37.42666666666666,36.45857142857143,74.26995617150311
2024-11-25,39.38,39.86,39.15,39.18,1617886720,-0.0060882800608828,37.760000000000005,36.62619047619047,70.95774788637118
2024-11-26,39.36,39.51,39.06,39.13,1380161280,-0.001276161306789,38.080000000000005,36.78,70.25479873414862
2024-11-27,39.2,39.36,38.75,38.99,1194033664,-0.0035778175313059,38.308888888888895,36.915238095238095,68.21700851345749
2024-11-28,38.81,39.3,38.38,38.59,1284816896,-0.010259040779687,38.49888888888889,37.034285714285716,62.627599576822
2024-11-29,38.5,39.22,38.41,38.9,1710333184,0.0080331692148223,38.68,37.17190476190476,65.01971918943966
2024-12-02,38.9,39.4,38.77,39.15,1241220352,0.006426735218509,38.785555555555554,37.329047619047614,66.86186080773348
2024-12-03,39.4,39.5,39.08,39.5,885679296,0.0089399744572158,38.974444444444444,37.5,69.29944002758718
2024-12-04,39.5,39.86,38.98,39.25,1243788928,-0.0063291139240506,39.123333333333335,37.682380952380946,65.58824903217834
2024-12-05,39.39,39.81,39.21,39.64,997943104,0.0099363057324841,39.147777777777776,37.87952380952381,68.42868818129872
2024-12-06,39.64,39.7,38.96,39.03,1214036992,-0.0153884964682139,39.13111111111111,38.05285714285714,60.07594310321965
2024-12-09,39.38,40.17,39.36,40.04,1137814400,0.0258775301050473,39.23222222222223,38.273809523809526,67.21232194524225
2024-12-10,40.3,40.43,40.11,40.19,879017728,0.0037462537462538,39.36555555555555,38.49666666666667,68.1236329581927
2024-12-11,40.35,40.76,39.95,40.59,1896184320,0.0099527245583479,39.58777777777778,38.70666666666666,70.47991350549772
2024-12-12,38.72,38.89,38.12,38.34,1473704192,-0.0554323725055432,39.525555555555556,38.80619047619047,48.68134558715353
2024-12-13,38.6,38.73,37.92,38.1,883610048,-0.0062597809076683,39.40888888888889,38.86190476190476,47.011114529373216
2024-12-16,38.19,38.26,37.83,37.94,811849344,-0.0041994750656169,39.23555555555556,38.91238095238095,45.88095473786463
2024-12-17,37.94,38.49,37.83,38.3,1515529088,0.0094886663152344,39.13,38.96142857142858,48.85993601129481
2024-12-18,38.28,38.4,37.31,37.31,2195386368,-0.0258485639686683,38.87111111111111,38.91904761904762,42.01133987186461
2024-12-19,37.66,37.93,36.98,37.16,1615884288,-0.0040203698740285,38.66333333333333,38.88857142857143,41.0719735574347
2024-12-20,37.16,37.35,36.71,36.85,2185789952,-0.0083423035522065,38.30888888888889,38.838095238095235,39.124923704750806
2024-12-23,37.0,37.05,36.72,36.86,1615792512,0.000271370420624,37.9388888888889,38.71619047619048,39.22501109780376
2024-12-26,35.63,36.0,35.6,35.77,820716160,-0.0295713510580574,37.403333333333336,38.55380952380953,32.87938197286742
2024-12-27,36.0,36.0,35.61,35.66,864782144,-0.0030752026838134,37.105555555555554,38.38857142857143,32.311292409314945
2024-12-30,35.78,36.37,35.77,36.19,808803456,0.0148625911385305,36.89333333333334,38.2552380952381,37.880447961353276
2025-01-02,36.42,37.09,36.19,36.77,1103499776,0.0160265266648247,36.763333333333335,38.168571428571425,43.37137819610565
2025-01-03,36.88,37.04,36.32,36.38,849388992,-0.0106064726679357,36.55,38.04857142857143,40.7622407540912
2025-01-06,36.6,36.69,36.06,36.21,861553152,-0.0046728971962617,36.42777777777778,37.90857142857143,39.64273497174273
2025-01-07,36.55,37.25,36.3,36.98,1391599360,0.0212648439657552,36.40777777777778,37.78857142857143,46.773305427878476
2025-01-08,36.99,37.12,36.43,36.68,898689984,-0.0081124932395888,36.388888888888886,37.66619047619048,44.56429882632634
2025-01-09,36.7,36.97,36.7,36.84,424513664,0.004362050163577,36.38666666666667,37.53285714285714,46.02832309092465
2025-01-10,37.25,37.52,36.9,36.94,1499483392,0.0027144408251897,36.516666666666666,37.43333333333334,46.97094454913195
2025-01-13,37.3,37.53,36.97,37.07,852632256,0.0035192203573362,36.67333333333333,37.29190476190476,48.236619192030545
2025-01-14,37.11,37.13,36.58,36.82,1074748544,-0.0067439978419207,36.74333333333333,37.13142857142857,45.96459493017016
2025-01-15,36.93,37.32,36.8,37.29,1207197056,0.0127648017381858,36.80111111111111,36.97428571428571,50.668939140699656
2025-01-16,37.21,37.24,36.77,37.05,988233600,-0.0064360418342719,36.87555555555556,36.91285714285714,48.353941120239526
2025-01-17,37.01,37.4,36.85,37.2,1479903744,0.0040485829959515,36.98555555555555,36.87,49.8947774464178
2025-01-20,37.22,37.43,37.11,37.29,518630784,0.0024193548387094,37.02,36.83904761904762,50.84242256188639
2025-01-21,37.1,37.35,36.72,37.3,875290816,0.0002681684097611,37.08888888888889,36.79142857142857,50.95342017373874
2025-01-22,37.36,37.63,37.03,37.09,815028288,-0.0056300268096513,37.11666666666667,36.780952380952385,48.47787576055011
2025-01-23,37.12,37.41,36.7,36.83,987785920,-0.0070099757346995,37.104444444444454,36.76523809523809,45.52856790184097
2025-01-24,36.88,36.9,36.4,36.64,592872576,-0.0051588379038826,37.056666666666665,36.7552380952381,43.448322930911544
2025-01-27,36.57,37.3,36.47,37.18,1103954560,0.0147379912663754,37.096666666666664,36.770476190476195,50.38663762816231
2025-01-28,37.4,37.49,36.88,37.13,1025648704,-0.0013448090371166,37.07888888888889,36.8352380952381,49.777656437307414
2025-01-29,37.2,37.33,36.76,36.9,672416064,-0.0061944519256667,37.062222222222225,36.894285714285715,46.96568028458574
2025-01-30,37.04,37.51,36.8,37.39,1152753664,0.0132791327913279,37.083333333333336,36.95142857142857,53.05066584699627
2025-01-31,37.39,38.37,37.25,37.69,1401291392,0.0080235357047337,37.12777777777777,36.9952380952381,56.352616808987094
2025-02-03,37.76,37.81,37.38,37.5,934614336,-0.0050411249668346,37.15,37.048571428571435,53.77318544853302
2025-02-04,37.3,37.35,36.82,37.13,1272721920,-0.0098666666666665,37.154444444444444,37.09238095238096,49.06340780336956
2025-02-05,37.05,37.07,36.75,36.86,757726080,-0.0072717479127391,37.157777777777774,37.086666666666666,45.90382161688742
2025-02-06,36.84,37.12,36.7,36.79,645197568,-0.0018990775908844,37.17444444444445,37.091904761904765,45.09304535972214
2025-02-07,36.86,37.03,36.37,36.58,783742528,-0.005708072845882,37.10777777777778,37.079523809523806,42.65878726950181
2025-02-10,36.81,37.03,36.72,36.83,644885696,0.0068343357025697,37.07444444444444,37.074285714285715,46.370434810915434
2025-02-11,37.01,37.09,36.68,36.83,612398336,0.0,37.06666666666667,37.06285714285715,46.370434810915434
2025-02-12,36.65,36.75,36.11,36.28,1357897472,-0.0149334781428183,36.943333333333335,37.037142857142854,39.797651078452546
2025-02-13,36.2,36.33,36.02,36.32,555661376,0.0011025358324145,36.791111111111114,36.99095238095238,40.458662172035005
2025-02-14,36.44,37.58,36.4,37.44,1494749952,0.0308370044052863,36.784444444444446,37.00952380952381,55.268530366392106
2025-02-17,37.64,37.92,37.47,37.67,853126400,0.0061431623931624,36.84444444444444,37.03190476190476,57.600830572650295
2025-02-18,37.72,38.44,37.71,38.36,1683503488,0.0183169631006105,37.01111111111111,37.082857142857144,63.713396316971654
2025-02-19,38.11,38.66,37.87,38.44,1253113344,0.0020855057351407,37.19444444444444,37.137142857142855,64.3550341692976
2025-02-20,38.42,38.57,38.31,38.5,1023316224,0.0015608740894901,37.40777777777778,37.20428571428571,64.85694790166191
2025-02-21,38.53,38.53,38.17,38.39,1152809728,-0.0028571428571428,37.58111111111111,37.27857142857143,63.102645097125134
2025-02-24,38.5,38.51,37.8,38.12,1060942272,-0.0070330815316489,37.724444444444444,37.349047619047624,58.891896136371216
2025-02-25,38.12,38.44,37.83,37.95,1218042112,-0.0044596012591814,37.91,37.38571428571428,56.342609979288476
2025-02-26,38.25,38.25,37.75,37.95,1039918272,0.0,38.09111111111111,37.4247619047619,56.34260997928848
2025-02-27,36.36,36.74,35.48,36.61,4702489600,-0.0353096179183136,37.99888888888889,37.41095238095238,40.36812482556177
2025-02-28,36.49,36.55,35.81,35.93,1996931072,-0.0185741600655559,37.80555555555556,37.34142857142857,34.95240951332667
2025-03-05,35.02,35.11,34.55,34.62,1688097024,-0.0364597829112163,37.39,37.19523809523809,27.342184107612965
2025-03-06,34.81,35.12,34.03,34.26,1639541760,-0.0103986135181975,36.925555555555555,37.040952380952376,25.686987945829244
2025-03-07,34.29,34.93,34.23,34.63,971286784,0.0107997664915353,36.495555555555555,36.921904761904756,30.35357128146991
2025-03-10,34.58,34.62,34.0,34.62,1197264896,-0.0002887669650593,36.07666666666667,36.815238095238094,30.298193716069818
2025-03-11,34.75,34.9,33.91,34.1,978278016,-0.0150202195262852,35.63,36.68714285714285,27.489649342503796
2025-03-12,34.16,34.4,33.96,34.1,686644544,0.0,35.20222222222222,36.56904761904762,27.489649342503796
2025-03-13,34.18,34.54,34.04,34.44,658408448,0.0099706744868033,34.812222222222225,36.455238095238094,32.25184223237591
2025-03-14,34.6,35.76,34.37,35.5,1458411648,0.0307781649245064,34.68888888888889,36.39190476190476,44.49170379071147
2025-03-17,35.61,36.41,35.6,36.16,1125498368,0.0185915492957744,34.714444444444446,36.38619047619048,50.4895908587291
2025-03-18,36.19,36.41,35.91,36.19,540424896,0.000829646017699,34.888888888888886,36.379999999999995,50.750090915841234
2025-03-19,36.27,36.33,36.03,36.16,763159296,-0.0008289582757667,35.099999999999994,36.31904761904762,50.464148265264306
2025-03-20,36.16,36.48,35.76,36.24,1684691328,0.002212389380531,35.278888888888886,36.25095238095238,51.25290712497349
2025-03-21,36.22,37.03,36.18,36.8,2233732864,0.0154525386313464,35.52111111111111,36.17666666666667,56.47716403142535
2025-03-24,36.7,36.94,36.5,36.75,738337472,-0.0013586956521738,35.815555555555555,36.09619047619047,55.90111042456922
2025-03-25,36.85,37.52,36.63,37.04,1040410816,0.0078911564625849,36.142222222222216,36.026666666666664,58.542347605564565
2025-03-26,37.15,37.63,37.15,37.39,1005462208,0.0094492440604752,36.47,35.97904761904762,61.53655998332984
2025-03-27,37.43,37.97,37.39,37.67,1071805376,0.0074886333244184,36.71111111111111,35.95761904761905,63.78968294432674
2025-03-28,37.65,37.88,37.09,37.43,823014016,-0.0063711176002124,36.85222222222222,35.932857142857145,60.517370861026954
2025-03-31,37.35,37.64,37.08,37.16,970240832,-0.0072134651349186,36.96,35.89523809523809,56.97629152720146
2025-04-01,37.3,37.97,37.2,37.3,713421568,0.0037674919268029,37.08666666666667,35.92809523809524,58.33757661644933
2025-04-02,37.27,37.3,36.83,37.2,614027072,-0.0026809651474529,37.193333333333335,35.988571428571426,56.951450698040546
2025-04-03,36.15,36.3,35.61,36.0,2359854080,-0.0322580645161291,37.10444444444445,36.05428571428571,43.57224887730971
2025-04-04,34.74,35.01,33.81,34.55,2989594112,-0.0402777777777778,36.86,36.06809523809524,33.37077096361578
2025-04-07,33.92,34.56,33.11,33.18,2865869824,-0.0396526772793053,36.43111111111111,35.99904761904762,26.950454206112525
2025-04-08,33.7,33.94,31.88,32.0,2026454400,-0.0355635925256178,35.83222222222222,35.87428571428571,22.869250517819665
2025-04-09,31.31,33.58,31.04,33.3,3427959040,0.0406249999999999,35.346666666666664,35.836190476190474,34.61650418546124
2025-04-10,33.0,33.02,31.2,31.23,2259561472,-0.062162162162162,34.65777777777778,35.699523809523804,27.447965527591705
2025-04-11,31.5,32.3,30.78,31.85,2056636160,0.0198527057316681,34.06777777777778,35.576190476190476,31.990743177387657
2025-04-14,32.6,32.88,31.44,31.73,1775022464,-0.003767660910518,33.44888888888889,35.39666666666666,31.578608541064952
2025-04-15,31.73,31.87,30.98,31.0,1816189568,-0.0230066183422628,32.76,35.150952380952376,29.1208191248311
2025-04-16,31.29,31.47,30.85,31.0,2268826624,0.0,32.20444444444444,34.90380952380953,29.1208191248311
2025-04-17,30.67,31.18,30.46,30.85,2023472640,-0.0048387096774192,31.793333333333333,34.650952380952376,28.590531281167628
2025-04-22,30.8,31.25,30.33,30.92,1276721408,0.0022690437601295,31.54222222222222,34.397619047619045,29.23811946364839
2025-04-23,31.35,31.78,30.5,30.57,2211821056,-0.0113195342820181,31.383333333333333,34.10095238095238,27.87685778062088
2025-04-24,30.81,30.84,30.06,30.43,1869870976,-0.004579653254825,31.064444444444444,33.8,27.3287615567355
2025-04-25,30.34,30.73,30.2,30.52,1083974400,0.0029576076240551,30.985555555555557,33.48952380952381,28.304656566244944
2025-04-28,30.56,30.78,30.25,30.4,829709696,-0.0039318479685452,30.824444444444445,33.15666666666667,27.769196279865724
2025-04-29,30.3,30.81,30.15,30.56,1005513728,0.0052631578947368,30.694444444444443,32.81809523809524,29.679381489788938
2025-04-30,30.41,30.58,29.96,29.99,1582229376,-0.0186518324607329,30.582222222222224,32.46380952380952,26.945504861324977
2025-05-02,30.2,30.81,29.97,30.81,1001451712,0.0273424474824941,30.561111111111106,32.16142857142857,36.068963212236504
2025-05-05,30.57,30.62,29.66,29.66,1762813312,-0.0373255436546575,30.428888888888892,31.797619047619047,30.34531568554236
2025-05-06,30.11,30.39,29.96,30.15,1587870848,0.0165205664194201,30.34333333333333,31.461904761904766,35.07298997963504
2025-05-07,30.3,30.3,29.9,30.29,1053610304,0.0046434494195688,30.31222222222222,31.19,36.401188102665316
2025-05-08,30.59,31.03,30.45,30.71,1372439168,0.0138659623638164,30.34333333333333,31.007142857142856,40.34392734803705
2025-05-09,31.1,31.18,30.64,30.91,772395712,0.0065125366330185,30.38666666666667,30.899047619047618,42.18206084568486
2025-05-12,31.9,32.17,31.65,31.65,1699771008,0.0239404723390488,30.525555555555552,30.882380952380952,48.50441466943466
2025-05-13,31.77,32.25,31.35,32.13,1785827968,0.0151658767772513,30.699999999999996,30.826666666666668,52.15878527134348
2025-05-14,32.0,32.12,31.7,31.91,893436224,-0.0068471833177716,30.913333333333338,30.859047619047622,50.39362432430447
2025-05-15,31.7,32.09,31.59,31.87,1027204032,-0.0012535255405828,31.03111111111111,30.860000000000003,50.061893287635456
2025-05-16,31.84,32.16,31.66,32.02,1509177088,0.0047066206463759,31.293333333333333,30.873809523809523,51.355087897949645
2025-05-19,31.84,32.13,31.7,31.98,962141376,-0.0012492192379763,31.49666666666667,30.920476190476194,50.97599041494188
2025-05-20,32.05,32.41,31.95,32.11,1071942912,0.0040650406504065,31.69888888888889,30.973333333333336,52.210703652815255
2025-05-21,32.21,32.39,31.69,31.75,915371072,-0.0112114606041731,31.814444444444444,31.016190476190474,48.563101033661425
2025-05-22,31.64,31.65,31.21,31.33,1318329728,-0.013228346456693,31.86111111111111,31.035714285714285,44.64436429191111
2025-05-23,31.09,31.4,30.87,31.4,802998144,0.0022342802425789,31.833333333333332,31.07523809523809,45.43466063306781
2025-05-26,31.46,31.53,31.14,31.3,663738880,-0.003184713375796,31.741111111111113,31.116666666666667,44.4581738006699
2025-05-27,31.52,31.67,31.36,31.53,1080966656,0.0073482428115017,31.69888888888889,31.164761904761907,47.2654605744194
2025-05-28,31.67,31.72,31.43,31.43,959633024,-0.0031715826197272,31.650000000000002,31.21380952380952,46.17274000288546
2025-05-29,31.48,31.5,31.05,31.24,647024192,-0.0060451797645562,31.563333333333333,31.246190476190474,44.087211452732994
2025-05-30,31.15,31.27,30.9,30.9,1392897408,-0.0108834827144685,31.443333333333335,31.289523809523807,40.556958163204285
2025-06-02,31.64,31.65,31.01,31.08,1090907392,0.0058252427184466,31.328888888888887,31.302380952380954,43.152241925229326
2025-06-03,29.88,30.3,29.39,30.18,1785982592,-0.0289575289575289,31.154444444444444,31.327142857142857,34.938473746941355
2025-06-04,30.24,30.45,29.27,29.35,1237960960,-0.0275016567263087,30.93444444444444,31.289047619047615,29.38370590747823
2025-06-05,29.5,29.64,29.21,29.36,696677824,0.0003407155025552,30.70777777777778,31.244761904761905,29.529077160159844
2025-06-06,29.45,29.83,29.36,29.63,830208704,0.0091961852861035,30.522222222222222,31.19333333333333,33.50908880432628
2025-06-09,29.22,29.47,28.86,29.17,1275579392,-0.0155248059399256,30.260000000000005,31.11047619047619,30.36282383655127
2025-06-10,29.41,30.22,29.35,30.05,1384245120,0.0301679808021939,30.106666666666666,31.034285714285716,41.64995115633338
2025-06-11,30.3,31.16,30.3,31.05,1611366528,0.0332778702163061,30.085555555555555,30.982857142857142,51.30823195785601
2025-06-12,30.8,31.91,30.73,31.75,1626323712,0.0225442834138485,30.18,30.97523809523809,56.7099223928995
2025-06-13,33.11,33.17,32.17,32.53,2436676608,0.0245669291338583,30.34111111111111,31.006666666666668,61.79580618638803
2025-06-16,32.53,32.93,32.07,32.21,1470435456,-0.0098370734706424,30.56666666666667,31.01571428571428,58.746506074725545
2025-06-17,32.38,33.09,32.37,32.94,1891863808,0.0226637690158335,30.965555555555554,31.06142857142857,63.20682578263523
2025-06-18,32.96,33.21,32.49,32.91,1615250816,-0.0009107468123862,31.36,31.09952380952381,62.90581702032978
2025-06-20,32.73,33.16,32.63,32.82,2790011904,-0.0027347310847765,31.714444444444446,31.15047619047619,61.952624113906275
2025-06-23,33.29,33.34,31.81,32.0,1752714880,-0.0249847653869591,32.028888888888886,31.182380952380953,53.933858616965104
2025-06-24,31.29,31.84,31.14,31.37,1528693248,-0.0196874999999999,32.17555555555556,31.180952380952384,48.71666735570521
2025-06-25,31.32,31.54,31.21,31.21,721322112,-0.0051004144086707,32.193333333333335,31.176666666666662,47.4609953153586
2025-06-26,31.35,31.6,31.31,31.46,540711104,0.0080102531239987,32.16111111111111,31.173333333333332,49.64496335551571
2025-06-27,31.39,31.45,31.14,31.21,512795840,-0.0079465988556897,32.01444444444444,31.162857142857145,47.5177784187085
2025-06-30,31.21,31.49,31.1,31.38,721306240,0.0054469721243191,31.922222222222224,31.169523809523813,49.11445901171827
2025-07-01,31.45,31.57,31.26,31.49,533322816,0.0035054174633524,31.761111111111113,31.197619047619053,50.170833503989854
2025-07-02,31.58,32.24,31.48,32.05,901119680,0.0177834233089868,31.665555555555557,31.243809523809524,55.26266101743037
2025-07-03,32.0,32.39,31.94,32.16,460331392,0.0034321372854912,31.592222222222226,31.338095238095235,56.20925072595958
2025-07-04,32.0,32.31,31.97,32.12,296566112,-0.0012437810945273,31.605555555555554,31.47,55.7473297442677
2025-07-07,32.12,32.26,31.9,32.06,573905728,-0.0018679950186798,31.682222222222222,31.598571428571432,55.01697717589388
2025-07-08,32.07,32.59,32.03,32.52,933414592,0.0143480973175296,31.827777777777776,31.73619047619048,59.40776745064786
2025-07-09,32.57,32.63,32.06,32.32,708752064,-0.0061500615006151,31.923333333333332,31.886190476190478,56.81128428176065
2025-07-10,32.01,32.43,31.72,32.24,739917184,-0.0024752475247524,32.037777777777784,31.990476190476187,55.76144937664157
2025-07-11,32.2,32.7,32.15,32.63,778951936,0.0120967741935484,32.17666666666667,32.06571428571429,59.67376087102684
2025-07-14,32.63,32.77,32.12,32.2,776455616,-0.0131780570027582,32.25555555555556,32.08714285714286,54.003028120059746
2025-07-15,32.24,32.38,31.81,31.95,596344064,-0.0077639751552796,32.24444444444444,32.05952380952381,50.9703282165024
2025-07-16,31.9,31.95,31.47,31.79,872748480,-0.0050078247261345,32.20333333333333,32.039523809523814,49.070996335877474
2025-07-17,31.77,31.77,31.4,31.47,865074368,-0.0100660585089651,32.13111111111111,31.96952380952381,45.42518017705946
2025-07-18,31.4,31.6,30.6,30.99,1770652416,-0.0152526215443279,32.01222222222222,31.87809523809524,40.55755030705207
2025-07-21,30.89,31.28,30.77,31.05,508972896,0.0019361084220717,31.848888888888887,31.79380952380952,41.40281425104138
2025-07-22,31.05,31.58,30.99,31.35,766913408,0.0096618357487923,31.741111111111113,31.762857142857143,45.570408299709946
2025-07-23,31.35,32.03,31.3,31.99,868291968,0.0204146730462519,31.713333333333328,31.792380952380952,53.215066458012984
2025-07-24,31.93,32.02,31.65,31.94,567322432,-0.0015629884338854,31.63666666666667,31.827142857142857,52.59358173784598
2025-07-25,31.99,32.18,31.91,31.98,426543136,0.0012523481527864,31.612222222222222,31.851904761904763,53.06581847091928
2025-07-28,32.16,32.43,31.68,32.02,897596288,0.0012507817385867,31.619999999999997,31.890476190476186,53.563971044743795
2025-07-29,32.19,32.6,31.99,32.44,1074502912,0.0131168019987506,31.692222222222224,31.940952380952382,58.53993362018778
2025-07-30,32.3,32.83,32.27,32.77,877627264,0.0101726263871764,31.836666666666662,32.00190476190476,61.98666427036385
2025-07-31,32.45,32.75,32.42,32.64,763451200,-0.0039670430271591,32.02,32.03,59.87494315282309
2025-08-01,32.8,32.91,32.04,32.21,774758528,-0.0131740196078431,32.148888888888884,32.032380952380954,53.3952996609904
2025-08-04,32.21,32.27,31.96,32.16,486136192,-0.0015523129462901,32.238888888888894,32.034285714285716,52.681379950849276
2025-08-05,32.13,32.41,32.03,32.31,664347584,0.0046641791044776,32.27444444444445,32.046190476190475,54.640757274639896
2025-08-06,32.6,32.94,32.19,32.35,1067740032,0.0012380068090374,32.32,32.03809523809524,55.17381131226992
2025-08-07,32.64,32.85,32.43,32.53,685532032,0.0055641421947449,32.38111111111111,32.048095238095236,57.58915830320804
2025-08-08,31.5,32.05,30.53,30.53,3328240128,-0.0614817091915155,32.215555555555554,31.966666666666665,35.01397431256575
2025-08-11,30.71,31.03,30.58,30.72,859563584,0.0062233868326235,32.02444444444445,31.875714285714285,37.51974680230885
2025-08-12,30.79,31.27,30.65,30.8,1170875904,0.0026041666666667,31.805555555555557,31.809047619047618,38.593384834629006
2025-08-13,30.8,30.86,30.41,30.57,1167891712,-0.0074675324675325,31.575555555555557,31.743333333333332,36.64381702690926
2025-08-14,30.73,30.73,30.02,30.18,1301420928,-0.0127576054955839,31.350000000000005,31.666666666666668,33.5490552512959
2025-08-15,30.1,30.22,29.74,30.17,1642552832,-0.0003313452617627,31.12888888888889,31.604761904761908,33.47099764093937
2025-08-18,30.25,30.55,30.02,30.36,954976768,0.0062976466688762,30.912222222222226,31.574761904761903,36.49432901059159
2025-08-19,30.2,30.23,29.85,30.04,1175686912,-0.0105401844532279,30.65555555555555,31.52666666666667,33.7153606061476
2025-08-20,30.12,30.36,30.1,30.22,715141888,0.0059920106524633,30.39888888888889,31.47285714285714,36.63812273923999
2025-08-21,30.22,30.43,30.01,30.29,703038912,0.0023163467902052,30.37222222222222,31.39190476190476,37.786995591711936
2025-08-22,29.89,30.47,29.8,30.47,1505402624,0.0059425552987784,30.34444444444445,31.32190476190477,40.761451193171034
2025-08-25,30.47,30.78,30.42,30.65,644521408,0.0059074499507711,30.327777777777776,31.258571428571432,43.66220483176561
2025-08-26,30.48,30.58,30.23,30.43,661099776,-0.0071778140293637,30.31222222222222,31.182857142857145,41.018453655901716
2025-08-27,30.45,30.68,30.36,30.66,497226560,0.0075583305948077,30.36555555555556,31.098095238095237,44.78271528152796
2025-08-28,30.78,31.13,30.71,30.93,796871616,0.0088062622309197,30.449999999999996,31.01047619047619,48.905216746260166
2025-08-29,30.93,31.35,30.85,31.1,861145984,0.0054962819269317,30.532222222222224,30.93714285714286,51.367198880514
2025-09-01,31.2,31.37,31.05,31.17,305713728,0.0022508038585209,30.65777777777778,30.887619047619047,52.384593953426304
2025-09-02,31.0,31.44,31.0,31.33,615848960,0.0051331408405517,30.781111111111116,30.84809523809524,54.71647911227549
2025-09-03,31.12,31.35,30.92,31.06,924942592,-0.0086179380785189,30.866666666666667,30.788571428571426,50.24471847958174
2025-09-04,31.0,31.32,30.93,31.06,771433984,0.0,30.932222222222222,30.727142857142862,50.24471847958174
2025-09-05,31.08,31.09,30.19,30.59,1408263040,-0.0151320025756599,30.925555555555555,30.634761904761902,43.12879612304935
2025-09-08,30.83,30.97,30.51,30.71,554694272,0.0039228506047728,30.956666666666667,30.643333333333334,45.26041876995389
2025-09-09,30.86,31.15,30.81,30.95,969113024,0.0078150439596222,30.988888888888887,30.654285714285713,49.34941794934017
2025-09-10,30.96,31.54,30.92,31.51,1124845568,0.0180936995153473,31.053333333333335,30.68809523809524,57.354258591926815
2025-09-11,31.3,31.48,31.27,31.39,549053504,-0.0038083148206918,31.085555555555555,30.727142857142855,55.33610265025419
2025-09-12,31.45,31.7,31.16,31.18,603647872,-0.0066900286715514,31.086666666666662,30.774761904761903,51.8947052043209
2025-09-15,31.3,31.55,31.06,31.45,687065024,0.0086593970493906,31.099999999999998,30.835714285714282,55.708649447719885
2025-09-16,31.6,31.68,31.34,31.53,601347520,0.0025437201907789,31.15222222222222,30.891428571428573,56.80150062914735
2025-09-17,31.54,31.79,31.46,31.72,919999168,0.0060260069774817,31.22555555555555,30.97142857142857,59.3658743597776
2025-09-18,31.77,31.82,31.19,31.41,804466048,-0.0097730138713745,31.31666666666667,31.02809523809524,53.758581540495996
2025-09-19,31.43,31.45,30.91,31.06,1515485696,-0.0111429481056988,31.355555555555554,31.064761904761905,48.220731451061354
2025-09-22,31.0,31.47,30.84,31.37,666560384,0.0099806825499035,31.40222222222222,31.107619047619046,52.85331138901701
2025-09-23,31.49,32.09,31.46,31.9,1269070336,0.0168951227287217,31.445555555555554,31.167142857142856,59.521268060786994
2025-09-24,32.16,32.63,32.06,32.62,1175293440,0.0225705329153604,31.582222222222224,31.271428571428572,66.46087155448895
2025-09-25,32.7,32.8,32.24,32.36,957898496,-0.0079705702023298,31.713333333333328,31.35238095238096,62.30684692733086
2025-09-26,32.49,32.74,32.15,32.25,901050112,-0.003399258343634,31.802222222222227,31.415238095238095,60.581613395957866
2025-09-29,32.26,32.54,31.73,31.81,1135753728,-0.0136434108527132,31.833333333333332,31.449047619047615,54.12566518632403
2025-09-30,31.69,31.9,31.16,31.46,1523860224,-0.0110028292989625,31.804444444444446,31.462857142857143,49.597912929976935
2025-10-01,31.45,31.55,31.3,31.38,778628864,-0.0025429116338208,31.80111111111111,31.465238095238096,48.59722760907309
2025-10-02,31.38,31.41,31.02,31.08,790133056,-0.0095602294455067,31.803333333333335,31.466190476190473,44.93586155098109
2025-10-03,31.16,31.33,31.0,31.0,611617984,-0.0025740025740025,31.762222222222224,31.463333333333328,43.98420161591939
2025-10-06,31.2,31.23,30.7,30.72,653362688,-0.0090322580645161,31.63111111111111,31.46952380952381,40.73269538772316
2025-10-07,30.72,30.86,30.35,30.83,889192000,0.0035807291666667,31.432222222222222,31.475238095238097,42.53010723910113
2025-10-08,31.08,31.08,30.5,30.65,540249088,-0.0058384690236782,31.242222222222225,31.460952380952378,40.372451989090564
2025-10-09,30.66,30.84,30.19,30.21,691096064,-0.0143556280587274,31.015555555555554,31.399047619047618,35.61587964552827
2025-10-10,30.1,30.16,29.87,29.94,1500033792,-0.0089374379344587,30.807777777777776,31.33,33.04319373882302
2025-10-13,30.15,30.27,29.97,30.23,417551008,0.0096860387441548,30.671111111111106,31.284761904761904,38.20624674631873
2025-10-14,29.95,30.46,29.88,30.02,845997632,-0.0069467416473701,30.52,31.216666666666665,36.0390837586586
2025-10-15,30.05,30.17,29.67,29.75,1198146432,-0.008994003997335,30.372222222222224,31.13190476190476,33.41471918126889
2025-10-16,29.74,29.81,29.41,29.45,842521280,-0.0100840336134454,30.200000000000003,31.023809523809526,30.73649491597915
2025-10-17,29.5,29.95,29.31,29.73,1059313344,0.0095076400679117,30.09,30.943809523809527,35.90048421563979
2025-10-20,29.7,29.9,29.48,29.75,929663424,0.0006727211570802,29.970000000000002,30.88142857142857,36.26600213891198
2025-10-21,29.96,29.99,29.47,29.51,752602880,-0.0080672268907562,29.843333333333337,30.79285714285714,33.77691639698553
2025-10-22,29.76,30.03,29.62,29.85,806354240,0.0115215181294476,29.803333333333335,30.695238095238096,40.053932350033364
2025-10-23,30.52,30.72,30.11,30.19,1214147712,0.011390284757119,29.831111111111113,30.579523809523806,45.60628727312263
2025-10-24,30.3,30.45,29.81,29.84,729110016,-0.0115932427956277,29.787777777777777,30.45952380952381,41.35945474053798
2025-10-27,30.16,30.16,29.69,30.0,740870272,0.0053619302949061,29.785555555555554,30.35238095238095,43.92990005584698
2025-10-28,29.9,30.35,29.76,29.99,750767104,-0.0003333333333334,29.81222222222222,30.26571428571429,43.800672286981005
2025-10-29,30.09,30.16,29.8,30.02,745536832,0.0010003334444814,29.875555555555554,30.197142857142858,44.32975636352681
2025-10-30,29.92,30.16,29.76,29.89,674831552,-0.0043304463690871,29.893333333333334,30.126190476190477,42.46413859110319
2025-10-31,30.0,30.09,29.55,29.75,875942528,-0.0046838407494145,29.893333333333334,30.062857142857144,40.4879756282333
2025-11-03,29.88,30.47,29.8,30.1,1657721984,0.0117647058823529,29.95888888888889,30.020000000000003,47.11417382805588
2025-11-04,30.0,30.26,29.91,30.25,1053903040,0.0049833887043189,30.00333333333333,29.99761904761905,49.699072875672016
2025-11-05,30.3,30.95,30.21,30.85,1240577792,0.0198347107438017,30.076666666666668,29.99857142857143,58.44776871034631
2025-11-06,30.98,31.28,30.9,31.01,1350677504,0.0051863857374392,30.206666666666667,30.01571428571429,60.42449790709233
2025-11-07,31.22,32.18,30.85,32.18,3074416128,0.0377297645920671,30.448888888888884,30.109523809523807,71.21008468041173
2025-11-10,32.3,32.55,31.93,32.36,1326640896,0.0055935363579864,30.712222222222223,30.224761904761905,72.45388051336708
2025-11-11,32.54,33.44,32.45,33.2,2265670144,0.0259579728059333,31.06555555555556,30.36619047619048,77.36778986933679
2025-11-12,33.26,33.26,32.08,32.35,2194424832,-0.0256024096385542,31.33888888888889,30.477142857142855,64.77557043228454
2025-11-13,32.36,32.94,32.32,32.49,1257290880,0.0043276661514684,31.643333333333334,30.607619047619046,65.76394066324939
2025-11-14,32.6,33.17,32.58,32.7,898936512,0.0064635272391504,31.932222222222222,30.76238095238095,67.24845181401835
2025-11-17,32.76,33.08,32.73,32.88,2094900096,0.0055045871559633,32.224444444444444,30.91238095238095,68.508901174551
2025-11-18,32.7,33.17,32.67,32.99,873730624,0.0033454987834549,32.462222222222216,31.066666666666666,69.28680067010382
2025-11-19,32.8,32.98,32.54,32.82,1596428544,-0.005153076689906,32.66333333333333,31.224285714285717,66.55071724596877
2025-11-21,32.56,32.74,32.36,32.57,1328591616,-0.0076173065204143,32.70666666666667,31.35380952380952,62.63363903863016
2025-11-24,32.56,32.75,32.36,32.54,1257534592,-0.0009210930303961,32.72666666666667,31.465714285714284,62.16082301358605
2025-11-25,32.35,32.44,32.09,32.28,917037312,-0.0079901659496004,32.62444444444445,31.581904761904763,58.069450391777934
2025-11-26,32.38,32.41,32.1,32.23,807759552,-0.001548946716233,32.611111111111114,31.68809523809524,57.28853969712203
2025-11-27,32.28,32.4,32.2,32.4,519702688,0.0052745888923364,32.601111111111116,31.802857142857142,59.2929511420154
2025-11-28,32.27,32.31,31.29,31.79,1913290752,-0.0188271604938271,32.5,31.887142857142855,50.19101065674068
2025-12-01,31.95,32.17,31.57,31.85,939199360,0.0018873859704309,32.385555555555555,31.980476190476192,50.98797640610413
2025-12-02,31.93,32.07,31.44,32.07,814105216,0.0069073783359496,32.28333333333333,32.09095238095238,53.90059338442978
2025-12-03,32.15,32.5,32.15,32.31,1184249600,0.0074836295603368,32.22666666666667,32.19619047619047,56.909026061293005
2025-12-04,32.49,32.75,32.45,32.52,1075421824,0.0064995357474466,32.221111111111114,32.30428571428571,59.40538009822201
2025-12-05,32.5,32.91,31.37,31.37,2375238912,-0.0353628536285363,32.09111111111111,32.329047619047614,44.27780857423227
2025-12-08,31.57,31.99,31.49,31.66,958960704,0.0092445011157156,32.02222222222222,32.36,47.88206341176797
2025-12-09,31.61,31.9,31.33,31.86,756316288,0.0063171193935565,31.981111111111115,32.3447619047619,50.27104769623462
2025-12-10,31.88,31.99,31.54,31.94,703638848,0.002510985561833,31.93,32.32476190476191,51.23396328080236
2025-12-11,31.88,31.9,31.25,31.26,2040115712,-0.02128991859737,31.87111111111111,32.23238095238095,43.52009302015083
2025-12-12,31.41,31.72,31.34,31.59,1249482240,0.010556621880998,31.84222222222222,32.19619047619048,47.64014348725813
2025-12-15,31.68,31.9,31.59,31.7,1011776768,0.0034821145932257,31.801111111111116,32.15857142857143,48.976259847675315
2025-12-16,31.53,31.53,30.61,30.74,1627883904,-0.0302839116719243,31.626666666666665,32.065238095238094,39.50230160961961
2025-12-17,30.86,31.08,30.82,31.08,1217701248,0.0110605074821079,31.466666666666665,31.979523809523812,43.659127061316504
2025-12-18,31.2,31.28,30.83,30.9,1065664384,-0.0057915057915057,31.41444444444444,31.880000000000003,42.013286127972684
2025-12-19,31.07,31.24,30.97,31.01,1418854528,0.0035598705501618,31.34222222222222,31.79380952380952,43.41707901685944
2025-12-22,31.25,31.53,31.1,31.1,1122827264,0.0029022895840051,31.257777777777775,31.723809523809525,44.59883536103887
2025-12-23,30.55,30.57,30.2,30.31,1083686528,-0.0254019292604502,31.076666666666668,31.617619047619048,37.245481900108814
2025-12-26,30.31,30.43,30.12,30.41,610148864,0.0032992411745298,30.98222222222222,31.528571428571425,38.624949109709576
2025-12-29,30.56,30.81,30.52,30.73,632053760,0.0105228543242354,30.886666666666663,31.457142857142852,42.946904288427056
2025-12-30,30.8,30.96,30.65,30.82,520806976,0.0029287341360233,30.78888888888889,31.38190476190476,44.13836372322752
2026-01-02,30.96,30.96,30.36,30.71,661086848,-0.0035691109669045,30.785555555555554,31.330476190476194,42.95756847576435
2026-01-05,30.7,30.77,29.73,30.2,1450604160,-0.0166069684141974,30.68777777777778,31.25190476190476,37.89570391986135
2026-01-06,30.37,30.43,29.62,29.64,1140089728,-0.0185430463576158,30.547777777777778,31.136190476190478,33.261124850848475
2026-01-07,29.67,29.83,29.53,29.83,834693888,0.0064102564102563,30.416666666666668,31.01809523809524,36.11584618917656
2026-01-08,29.91,30.34,29.79,30.2,1027665024,0.0124036205162587,30.316666666666663,30.90761904761905,41.37482918222871
2026-01-09,30.17,30.74,30.14,30.3,849884672,0.0033112582781458,30.31555555555556,30.856666666666666,42.74663486298924
2026-01-12,30.3,30.57,30.21,30.36,575738112,0.0019801980198019,30.309999999999995,30.794761904761906,43.59939747883107
2026-01-13,30.36,31.32,30.36,31.14,1676490240,0.0256916996047431,30.355555555555554,30.76047619047619,53.330987090269424
2026-01-14,31.35,32.53,31.2,31.99,2630708736,0.0272960822093768,30.485555555555557,30.762857142857143,61.189769600458746
2026-01-15,31.5,31.93,31.44,31.79,839753664,-0.0062519537355423,30.605555555555554,30.788095238095234,58.685654094459075
2026-01-16,31.95,32.2,31.88,32.04,2271736064,0.0078641082101289,30.810000000000002,30.80952380952381,60.842811035759325
2026-01-19,31.96,32.21,31.91,32.17,412547552,0.0040574282147316,31.09111111111111,30.831904761904763,61.95521871989665
2026-01-20,32.17,32.52,31.94,32.29,848998016,0.0037301834006837,31.364444444444448,30.905714285714286,63.000120244950764
2026-01-21,32.5,33.55,32.43,33.43,3097036032,0.0353050480024774,31.723333333333333,31.017619047619046,71.11615015152974
2026-01-22,33.38,34.13,33.26,33.58,2406899456,0.0044869877355668,32.08777777777778,31.145238095238092,71.9868653513514
2026-01-23,33.95,35.48,33.88,35.04,2385543424,0.0434782608695651,32.60777777777778,31.337142857142858,78.7131910147773
2026-01-26,35.37,35.7,35.04,35.36,1408230784,0.0091324200913243,33.07666666666667,31.539999999999996,79.8549298453637
2026-01-27,35.51,36.45,35.37,36.13,1709615872,0.0217760180995476,33.53666666666666,31.817142857142862,82.31320643679902
2026-01-28,36.55,37.44,36.5,37.34,1707344640,0.0334901743703293,34.153333333333336,32.14714285714285,85.34053414746303
2026-01-29,38.0,38.58,37.56,37.7,2230995200,0.0096411355115157,34.782222222222224,32.47904761904762,86.10268850187046
2026-01-30,37.23,37.98,37.02,37.76,1720729728,0.0015915119363394,35.403333333333336,32.80952380952381,86.23117429930318
2026-02-02,36.85,37.24,36.62,37.24,1423311104,-0.0137711864406778,35.95333333333333,33.12047619047619,79.38134771284035
2026-02-03,37.51,38.32,37.14,37.58,2151739648,0.0091299677765841,36.41444444444444,33.47190476190477,80.47353986667211
2026-02-04,37.45,37.72,36.97,37.52,1418614400,-0.0015965939329429,36.852222222222224,33.84714285714286,79.67149482211595
2026-02-05,37.4,37.61,36.9,37.0,1338177792,-0.0138592750533049,37.07000000000001,34.18857142857143,72.89107212257778
2026-02-06,37.21,37.27,36.45,36.65,1018777408,-0.0094594594594594,37.21333333333334,34.495714285714286,68.65580826657585
2026-02-09,36.66,37.45,36.55,37.32,1004576704,0.0182810368349251,37.345555555555556,34.83,72.0087076829939
2026-02-10,37.32,37.58,36.91,37.35,914656256,0.0008038585209002,37.346666666666664,35.16285714285714,72.15235024200106
2026-02-11,37.73,38.46,37.69,38.08,2129343232,0.01954484605087,37.388888888888886,35.49333333333333,75.45330451079653
2026-02-12,38.05,38.05,36.8,37.11,1486758272,-0.0254726890756302,37.31666666666667,35.73714285714286,64.51079546849127
2026-02-13,37.16,37.16,36.53,36.89,1010596928,-0.0059283212072217,37.27777777777778,35.980000000000004,62.30386196819515
2026-02-18,37.07,37.39,36.85,37.19,1197746304,0.0081322851721332,37.23444444444445,36.22523809523809,64.10708259609021
2026-02-19,37.5,38.24,37.44,37.81,1832746496,0.0166711481581072,37.266666666666666,36.493809523809524,67.56073144971253
2026-02-20,37.67,37.97,37.45,37.97,1953452416,0.0042316847394867,37.37444444444444,36.76428571428572,68.40560637409456
2026-02-23,37.97,39.25,37.85,38.59,2130688384,0.0163286805372664,37.59,37.01,71.50287456134417
2026-02-24,38.86,39.66,38.86,39.57,1703501056,0.025395180098471,37.84,37.2952380952381,75.57822598853102
2026-02-25,39.94,39.97,39.03,39.57,1028531008,0.0,38.086666666666666,37.51095238095238,75.57822598853102
2026-02-26,39.3,39.8,38.97,39.61,1179177472,0.0010108668182966,38.25666666666667,37.71333333333333,75.7424415763665
2026-02-27,39.92,40.27,39.33,39.33,1537543552,-0.0070689219893966,38.50333333333333,37.86571428571428,72.08830553473639
2026-03-02,41.3,41.53,40.52,41.13,3434243328,0.045766590389016,38.974444444444444,38.046190476190475,79.07666790626833
2026-03-03,41.7,42.0,40.75,40.95,3871735552,-0.0043763676148796,39.39222222222222,38.20095238095238,77.00047686709709
2026-03-04,40.95,41.17,39.93,40.5,2053885312,-0.010989010989011,39.69111111111111,38.331428571428575,71.91684306975655
2026-03-05,40.53,40.77,39.98,40.69,2146376704,0.0046913580246912,39.99333333333333,38.495714285714286,72.7353210541271
2026-03-06,41.9,43.12,41.42,42.11,3681383680,0.0348980093389039,40.38444444444444,38.71142857142857,77.91572522295715
2026-03-09,43.25,44.27,42.67,43.16,4643876352,0.0249346948468296,40.78333333333333,38.98,80.81802468877396
2026-03-10,42.31,43.1,42.03,42.93,2409591552,-0.0053290083410564,41.156666666666666,39.26238095238095,78.38788495325984
2026-03-11,43.25,44.88,43.23,44.8,3231558144,0.0435592825529931,41.733333333333334,39.65047619047619,82.89209224269585
2026-03-12,45.39,46.09,44.2,45.0,3874514944,0.0044642857142858,42.36333333333333,40.01619047619048,83.2931336082088
2026-03-13,44.61,45.34,44.29,44.67,1899570944,-0.0073333333333333,42.75666666666667,40.364761904761906,79.96234979149969
2026-03-16,44.88,45.99,44.8,45.58,1834356736,0.0203716140586522,43.271111111111104,40.72190476190476,82.08932021100334
2026-03-17,45.85,47.26,45.8,46.38,2375139584,0.0175515577007461,43.92444444444445,41.163333333333334,83.72489954667749
2026-03-18,46.7,47.15,46.55,47.0,2575747072,0.0133678309616214,44.62555555555556,41.6447619047619,84.87747716099982
2026-03-19,47.2,48.13,46.69,46.78,4012333568,-0.0046808510638297,45.144444444444446,42.10142857142857,82.64103372648421
2026-03-20,46.79,47.25,44.92,45.67,3542865408,-0.0237280889268918,45.42333333333333,42.47571428571429,72.29114791938667
2026-03-23,44.42,46.18,44.32,46.03,2972660736,0.0078826363039194,45.76777777777777,42.85952380952381,73.45240712898696
2026-03-24,46.4,47.95,46.37,47.27,2690351616,0.0269389528568324,46.04222222222223,43.27285714285714,77.02419203371636
2026-03-25,46.5,47.55,46.3,47.5,1909454080,0.0048656653268457,46.32,43.65047619047619,77.62550992971404
2026-03-26,47.6,48.47,47.52,48.02,2874300160,0.0109473684210525,46.69222222222223,44.052857142857135,78.96586013410439
2026-03-27,48.5,49.44,48.13,49.41,2648211712,0.0289462723865054,47.117777777777775,44.51952380952381,82.05965837023894
2026-03-30,49.75,50.69,49.49,49.67,2567215872,0.0052620926937867,47.48333333333333,45.01190476190476,82.57590899690886
2026-03-31,50.07,50.55,47.65,48.67,3870779136,-0.0201328769881216,47.66888888888889,45.37095238095238,73.78182495930682
2026-04-01,47.7,48.07,46.77,47.37,3133429248,-0.0267104992808712,47.73444444444445,45.67666666666666,64.20859577368677
2026-04-02,49.3,49.46,47.94,48.15,1868762368,0.0164661177960734,48.01,46.04095238095238,66.97718831624056
2026-04-06,47.99,49.0,47.88,48.94,1346727424,0.0164070612668743,48.333333333333336,46.43380952380952,69.54659766120425
2026-04-07,49.09,49.56,48.4,48.51,1624208512,-0.0087862689006946,48.471111111111114,46.738571428571426,66.5130410516598
2026-04-08,44.7,46.64,44.53,46.61,3988670720,-0.0391671820243249,48.37222222222222,46.902857142857144,55.080474961821714
2026-04-09,47.54,48.55,47.03,47.9,2779096320,0.0276764642780518,48.35888888888889,47.13952380952381,60.09556643839939
2026-04-10,47.53,49.03,47.53,49.03,2069008256,0.0235908141962422,48.31666666666666,47.34095238095238,63.897895025785346
2026-04-13,49.75,50.24,49.25,49.78,3022888704,0.0152967570874975,48.32888888888889,47.56857142857143,66.19993833644807
2026-04-14,49.61,49.65,47.67,47.88,2811926272,-0.0381679389312976,48.24111111111111,47.72142857142857,56.39011922506539
2026-04-15,47.95,48.1,46.73,46.89,2920837376,-0.0206766917293232,48.187777777777775,47.78380952380952,52.06115966123
2026-04-16,47.29,48.68,46.76,48.58,2622513920,0.036041799957347,48.23555555555556,47.88857142857143,57.989995646956885
2026-04-17,46.5,46.55,44.87,46.22,4817976832,-0.0485796624125154,47.93333333333334,47.85142857142857,48.89581488457716
2026-04-20,47.24,47.48,46.51,47.02,1962870528,0.0173085244482908,47.76777777777777,47.862857142857145,51.66308831204732
2026-04-22,47.64,47.98,47.25,47.67,2423149568,0.013823904721395,47.885555555555555,47.95809523809524,53.84973134999344
2026-04-23,47.36,48.08,46.9,47.77,1833310720,0.00209775540172,47.871111111111105,48.04095238095238,54.19305337303246
2026-04-24,47.5,47.52,46.45,47.16,1633497472,-0.0127695206196358,47.663333333333334,48.035714285714285,51.66803860090838
2026-04-27,47.22,48.17,47.17,47.37,1499569792,0.0044529262086514,47.39555555555555,48.02952380952381,52.48875081093011
2026-04-28,47.65,48.04,47.46,47.52,1400030976,0.0031665611146296,47.355555555555554,48.005714285714284,53.10134588736568
2026-04-29,48.1,49.3,48.0,48.96,2316603648,0.0303030303030302,47.58555555555555,47.98428571428571,58.61764908009867
2026-04-30,48.81,49.38,48.29,49.08,1785899776,0.0024509803921568,47.641111111111115,47.95619047619048,59.049910072144364
2026-05-04,49.28,49.85,48.92,49.34,2033660800,0.0052974735126325,47.98777777777778,47.98809523809524,60.02423640464864
2026-05-05,48.88,49.03,48.33,48.66,1364529024,-0.0137819213619782,48.17,48.04952380952381,56.25436891282198
2026-05-06,46.71,47.49,46.59,47.27,2919108352,-0.0285655569256061,48.12555555555556,48.007619047619045,49.421460661844016
2026-05-07,46.4,46.65,45.2,46.22,3264318720,-0.022212819970383,47.95333333333334,47.87809523809524,44.97718689632325
2026-05-08,46.39,46.55,45.67,45.67,1508612480,-0.0118996105581998,47.78777777777778,47.74285714285715,42.80575857424525
2026-05-11,46.21,46.51,45.65,46.43,2335120128,0.0166411210860519,47.68333333333333,47.73428571428571,46.63938361284474
2026-05-12,46.25,46.25,45.4,45.68,3702525696,-0.0161533491277191,47.47888888888889,47.62857142857143,43.53798219874162
2026-05-14,44.46,45.37,44.38,45.0,2151874816,-0.0148861646234675,47.03888888888889,47.43666666666667,40.883466927933654
2026-05-15,45.39,45.54,44.98,45.47,2686630656,0.0104444444444444,46.63777777777778,47.23142857142857,43.44986604523377
2026-05-18,45.1,46.46,44.47,46.44,2616797952,0.0213327468660655,46.31555555555556,47.16285714285714,48.426131181178725
2026-05-19,45.99,46.3,45.59,46.09,1881267200,-0.0075366063738155,46.03,47.124761904761904,46.82499380504125
2026-05-20,45.77,46.41,44.54,44.6,2379030272,-0.0323280538077674,45.733333333333334,46.93523809523809,40.66139942688928
2026-05-21,45.1,45.65,44.5,44.95,2597851392,0.0078475336322869,45.59222222222222,46.874761904761904,42.57360395748658
2026-05-22,44.74,44.75,43.87,44.48,1754650624,-0.010456062291435,45.46,46.75380952380952,40.67790188679046
2026-05-25,43.49,43.82,42.97,43.4,1148437888,-0.0242805755395683,45.123333333333335,46.55047619047619,36.64050285202516
2026-05-26,43.36,43.8,43.16,43.44,1564437248,0.0009216589861751,44.87444444444444,46.34428571428572,36.89034164823812
2026-05-27,42.25,43.19,42.15,42.82,2297265152,-0.0142725598526702,44.632222222222225,46.13761904761905,34.6121359229314
2026-05-28,43.1,43.18,42.24,42.51,1595417344,-0.007239607659972,44.303333333333335,45.906190476190474,33.49820940590776
2026-05-29,42.2,42.35,41.82,42.0,3077190912,-0.0119971771347917,43.809999999999995,45.64333333333333,31.691201658712515
